####
#
# OBJ File Generated by Meshlab
#
####
# Object left_down_rack.obj
#
# Vertices: 4936
# Faces: 10000
#
####
vn 0.5594819745508809 0.5600460905392373 0.6110059710218584
v 70.5938868047049937 -30.5982804926672429 -8.3506547996360272
vn -0.4645110769068396 0.7503232715487852 -0.4703662908874062
v 69.8915932859326006 -30.6038240221701159 -9.2348139194495733
vn 0.6160246368901957 0.7101184679608734 0.3409478086235554
v 70.3486930496798806 -30.5982932999990389 -8.0085546269931065
vn -0.3756578642073717 0.9255565181471929 -0.0471836918267398
v 69.4243011500000051 -30.5982933000000017 -8.0500001900000004
vn 0.2553689267304406 0.7127165288170583 0.6533160497121635
v 71.0707402492791971 -30.5983017375622062 -8.6848597001946448
vn -0.0395895137849268 0.9643549242616080 -0.2616338098386015
v 70.9243011500000051 -30.5982933000000017 -9.5500001900000004
vn 0.0684612501178006 0.5571210989185743 0.8276044576801578
v 71.5398496344354697 -30.5982932763800441 -8.7990404068272099
vn 0.8816597957141802 0.4516490308854936 0.1367082935356317
v 70.1759177881546066 -30.5982922796811643 -7.5393107341296091
vn 0.2070463365931815 0.5648259840903626 0.7988137593955782
v 73.1252272870792410 -30.5983753545622967 -8.8118333749081525
vn 0.3915958527147059 0.5585007490046947 0.7312520779442868
v 73.6770040148869896 -30.5982941723528938 -9.1579677486136948
vn 0.1401435025119651 0.5574754118434350 0.8182792701111713
v 73.9439616632056271 -30.5982933077277828 -9.2412103923304159
vn -0.0908124807092290 0.9213168757021533 0.3780586037823488
v 74.2317857160982015 -30.5982934681130949 -9.2444382638280533
vn -0.1546202408927371 0.5550875946672784 0.8172945266871467
v 75.1819106415089209 -30.5982932676506678 -8.8001637741273786
vn -0.2748774485897167 0.8313017694441152 0.4830939415640513
v 74.5148536703070192 -30.5982932996916865 -9.1302074567189866
vn 0.7945813751710618 0.6038658446513766 0.0631385769141503
v 70.1740184963851874 -30.5982933554721477 3.8108799223484979
vn 0.8477767582590133 0.3190732456753253 0.4236352582706635
v 70.0495825984770875 -30.5982937509732906 4.1878214201477135
vn 0.6742368604952966 0.6016548012187803 0.4282711245459305
v 69.8558817441958979 -30.5982932998431352 4.4421598502440904
vn 0.6617417798934574 0.7092643341882703 0.2429854337031515
v 69.7823094557655139 -30.5982932993884660 4.5895620640721262
vn 0.0311276676494574 0.6008805295971614 0.7987325318639148
v 83.3849639900000028 -30.5982933000000017 -8.8000001900000004
vn 0.0959821812549638 0.5552209938730173 0.8261459125627858
v 83.8901356295809677 -30.5982962316751426 -8.8795103584615109
vn 0.7176859974481774 0.5563795454893280 -0.4187703552400810
v 69.9643414725934889 -30.5982873610425941 5.5116073865906596
vn -0.2308617511218943 0.9723725744585777 0.0345605021625902
v 69.4243011500000051 -30.5982933000000017 8.0500001900000004
vn 0.8737672987946599 0.4543533752701991 -0.1734754101815616
v 70.1728347161064931 -30.5982934171998373 5.9685668877631253
vn 0.6981405625532319 0.7128885826350528 0.0662542350830683
v 69.7146240732472791 -30.5982926464845342 4.8651122583920339
vn 0.7860508801716848 0.5585651174902068 -0.2648188499795119
v 69.7612419910131933 -30.5982933007458229 5.1521155273445434
vn 0.8285437224561769 0.5553546256172062 -0.0713900538172831
v 70.1774915381524664 -30.5982933005435243 7.4038838597153909
vn 0.6837715592915949 0.7090468829805355 -0.1723629091177325
v 70.2131460843347526 -30.5982932993687164 7.6545702978329384
vn 0.6330846057139061 0.7107441534365975 -0.3066702306448448
v 70.3346632773934886 -30.5982931859002463 7.9848161940513176
vn 0.5875497933600192 0.5605136731099185 -0.5836177366902296
v 70.6643213234209639 -30.5983017762296399 8.4242473534396805
vn -0.4183073372812970 0.8375148021398618 0.3515507470810714
v 69.7446327896834362 -30.6012326015018736 9.0992741388169911
vn -0.0683343789020480 0.9269613977245481 0.3688807121396068
v 70.9243011500000051 -30.5982933000000017 9.5500001900000004
vn 0.2818440174822013 0.7096780634682213 -0.6456941970015589
v 71.0653821093306135 -30.5982932987509599 8.6736939720804198
vn 0.0785492294039758 0.5580331897865221 -0.8260925962970018
v 71.4955503676990816 -30.5982921629347473 8.7998051591420481
vn 0.0979780078383373 0.5460794916754519 0.8319840736165030
v 96.8846653117799406 -30.5982932753690697 -8.8001882775455922
vn 0.3920501173705791 0.3092188692494706 0.8664181417593897
v 97.2749409054696343 -30.6048305410995702 -8.9281386953487054
vn 0.3651236123598466 0.6966320135290591 0.6175666647607732
v 97.5512146410971894 -30.5982932997701198 -9.1416986044412827
vn -0.0397449331658725 0.7082312446873662 0.7048608687792395
v 85.5368423500000006 -30.5982933000000017 -8.8000001900000004
vn 0.1918173583476555 0.7082458363644325 0.6794070475855933
v 97.7406045721085519 -30.5982931284926991 -9.2187903053982421
vn -0.0982188832506049 0.7072376573507716 0.7001199518639620
v 85.2700576799999936 -30.5982933000000017 -8.8455657999999993
vn -0.2315342738994722 0.5643904690545591 0.7923731939245667
v 98.9150742217600225 -30.5982438282823104 -8.8132565454894554
vn 0.0647927513275882 0.8956623585718536 -0.4399895894369613
v 101.0242996199999936 -30.5982933000000017 -9.5500001900000004
vn -0.0368155863747579 0.5560202012045122 0.8303530264004438
v 97.9534225499999991 -30.5982933000000017 -9.2497434599999995
vn -0.3465822606103913 0.5634061981408393 0.7499694610626997
v 98.2920293790248110 -30.5983123585125121 -9.2031930264013777
vn -0.0823277250283265 0.4486547875622753 0.8899050664476013
v 100.3489899543673403 -30.5982932848666245 -8.7997430582617095
vn -0.2064194825453527 0.8373309233932894 0.5062291200188411
v 100.8386621502482257 -30.5983028851851060 -8.7084855984729170
vn 0.2571853167694555 0.9103359338270601 -0.3242594646597216
v 102.0017057952394453 -30.5988856475653179 -9.2638174169510776
vn -0.6035955388949505 0.4510150059919127 0.6574632231510970
v 101.3126175176711854 -30.5982933013685319 -8.3905918306022222
vn -0.4560728663017123 0.8329825014882516 0.3132693614730226
v 101.5222903344055823 -30.5982933008104112 -8.1338077619860929
vn 0.6633130360114172 0.7100602131134535 -0.2362843837637042
v 102.4854369520865873 -30.5982933725107209 -8.4046467538709173
vn 0.2734858008955189 0.9617036056960661 -0.0182123996146044
v 102.5242769944445911 -30.5982933014933138 -8.1143541982864136
vn -0.8258285962060599 0.5581815644927647 0.0802525435655364
v 101.7736999536013656 -30.5982948198961608 -7.4853718518776828
vn -0.6517779765116208 0.7086983550051603 0.2700594581705977
v 101.6422388132426846 -30.5982891187271306 -7.9241415989805093
vn -0.8247706976794394 0.5561375447890400 0.1022952957148527
v 101.7742996199999936 -30.5982933000000017 -1.8330302199999999
vn -0.6994739213814617 0.7073306643665705 0.1020762683192655
v 101.8866856248896653 -30.5982933042100775 -1.2276262909768141
vn 0.0825052822607291 0.6068198725130406 -0.7905457107102249
v 96.9333687710766725 -30.5982930029942040 8.8001426511579872
vn 0.4780077014525835 0.2445080345235626 -0.8436376345359672
v 97.3353228140301781 -30.5981883895270528 8.9804641666169562
vn 0.3271037306264101 0.7088397172900742 -0.6249395207557388
v 97.6077855388026592 -30.5982932999584385 9.1671853845805007
vn -0.3218201711712506 0.7092128273910399 -0.6272550859828194
v 98.6674979075130096 -30.5983068454330294 8.9420995576558688
vn 0.0312992266051341 0.9372792840273492 0.3471712864669258
v 101.0242996199999936 -30.5982933000000017 9.5500001900000004
vn -0.0773806710526339 0.5555099217343510 -0.8279015391954162
v 100.3489899543673403 -30.5982932848666245 8.7997430582617095
vn -0.2396414746557404 0.5567565843307652 -0.7953578247739577
v 100.6503799259825200 -30.5982933008581028 8.7557688046228943
vn -0.2736446737133817 0.8348141401478890 -0.4777069645268296
v 101.0047051515467018 -30.5982934504588080 8.6163416879213752
vn -0.3303929750504785 0.4553507844885196 -0.8267382567070328
v 98.2503062315584828 -30.5983212974034693 9.2166746045716543
vn 0.0664190515149624 0.7098839487136592 -0.7011799262347401
v 97.8873486357078946 -30.5982933087553803 9.2476949984436221
vn 0.4307305959608104 0.9003866465215487 0.0614413579677799
v 102.5241954980152599 -30.5982932967834245 8.2067965629976154
vn -0.8828761873633825 0.4511443010841846 -0.1303781323150471
v 101.7735522288518837 -30.5982963140412458 7.5014448213107210
vn -0.7434105469324387 0.5570488206964206 -0.3701855886853776
v 101.6433627992182807 -30.5982933019018688 7.9183012332370515
vn -0.8273467134286419 0.5554937823533551 -0.0832110181742064
v 101.7766641787778212 -30.5982932961273626 1.8973757262512909
vn -0.5002955612719197 0.7116099678403853 -0.4932703164004708
v 101.4056885159099437 -30.5982948881927648 8.3011806877465091
vn 0.4961904765023000 0.6237440414598659 0.6039357430817730
v 102.0391881733469859 -30.5989070714409301 9.2693656335225239
vn -0.8921776371859229 0.4473184120738417 0.0626522300088391
v 101.9520034800000019 -30.5982933000000017 -0.6153092400000000
vn -0.7058368840847946 0.7075406666767868 -0.0343583769121352
v 101.9767723458734849 -30.5982933006390780 0.2567962505487641
vn 0.0418362415103770 0.9488797518886701 0.3128529132867092
v 97.8652902206866173 -30.5982933000424211 -9.2436413893354139
vn 0.0069626848438380 0.7072994494425251 0.7068797704263903
v 84.4608993500000054 -30.5982933000000017 -8.9043331099999996
vn -0.0493608135546440 0.7072630094553565 0.7052251736441176
v 84.8402117684261441 -30.5982897239392138 -8.8930847412985692
vn 0.2045506925762244 0.7084315115456110 -0.6754878293617049
v 97.7221814183007780 -30.5982933002429398 9.2130591856575368
vn 0.7869073793768449 0.5601482371190016 0.2588643056405055
v 102.5234291566758600 -31.1482925080908117 8.3121107560832694
vn 0.3390804259161774 0.8379603130286769 0.4276061020955919
v 101.9764911581916493 -31.1483141644352948 9.2608546740884989
vn 0.1329061938767290 0.7047040479100867 0.6969419979369442
v 101.0242996199999936 -31.1482925399999999 9.5500001900000004
vn -0.0518135699818126 0.5562004878982076 0.8294313541382045
v 70.9243011500000051 -31.1482925399999999 9.5500001900000004
vn -0.3236042156989845 -0.1525549329845675 -0.9338133132505229
v 69.9743042000000059 -31.1482925399999999 -10.0000000000000000
vn -0.9238803994653472 -0.0000000006618181 -0.3826813393461335
v 68.9743042000000059 -31.1482925399999999 -9.0000000000000000
vn -0.4030266264397399 0.8311277703278952 -0.3831398801617811
v 69.8140165919355127 -31.1482925197959801 -9.0901961135996867
vn -0.1590409867358802 0.6120950513742203 -0.7746261115023612
v 70.6142677708297697 -31.1483566462036308 -9.5492708098472292
vn -0.6485919975427145 0.7372513558808457 -0.1891794359210481
v 69.4256314436046011 -31.1483251843578870 -8.3330370094445314
vn -0.9498200626260944 0.1333794735615730 0.2829342055414999
v 68.9743042000000059 -31.1482925399999999 9.0000000000000000
vn -0.8720605473517001 0.4481143870227792 0.1967330625386897
v 69.4253753386077364 -31.1483624490747211 8.3920637811174448
vn -0.2854910843942095 0.0000000042311919 0.9583813649750388
v 69.9743042000000059 -31.1482925399999999 10.0000000000000000
vn -0.3241575766095737 0.7335899996488876 0.5973002410360752
v 70.1303369292256917 -31.1482925148098317 9.3994384021330220
vn 0.2515879365685904 0.1182773795474031 -0.9605800183537851
v 101.9743042000000059 -31.1482925399999999 -10.0000000000000000
vn 0.1022386229915974 0.7088103200461353 -0.6979507104121874
v 101.0242996199999936 -31.1482925399999999 -9.5500001900000004
vn 0.5067409857203312 0.6249123876860571 -0.5938838953092586
v 102.0856901682295756 -31.1368790235605033 -9.2223087678509099
vn 0.9336508509416381 -0.1516018675297855 -0.3245195869241737
v 102.9743042881854223 -31.1482925320066180 -8.9999967028229175
vn 0.8023833827321369 0.5881525714081813 -0.1012791185846189
v 102.5242853826199934 -31.1482925403974207 -8.1221124401660330
vn 0.2531851157660839 0.0007785665894317 0.9674175370482905
v 101.9743042000000059 -31.1482925399999999 10.0000000000000000
vn 0.8489145356836325 0.1762583177280870 0.4982741379368462
v 102.9743042000000059 -31.1482925399999999 9.0000000000000000
vn -0.6599083498788556 -0.7313065976543551 -0.1723706181092856
v 68.9743042000000059 -33.5982933000000017 -9.0000000000000000
vn -0.4945702598279724 -0.8194308366685267 0.2897125506608408
v 68.9743042000000059 -33.5982933000000017 9.0000000000000000
vn 0.1448561859686626 -0.8194308083476523 -0.5545717588530139
v 101.8500366199999974 -33.5982933000000017 -9.6999998099999996
vn 0.2596883436880725 -0.7345095552677554 -0.6269431213219502
v 101.9743042000000059 -33.5982933000000017 -10.0000000000000000
vn 0.4945705426040029 -0.8194307377423704 -0.2897123477371591
v 102.9743042000000059 -33.5982933000000017 -9.0000000000000000
vn 0.7019595197359054 -0.5815225049952502 -0.4111987461510388
v 102.6743011500000051 -33.5982933000000017 -8.8757362400000002
vn 0.5545716284763117 -0.8194308649894205 0.1448563646921382
v 102.6743011500000051 -33.5982933000000017 8.8757362400000002
vn 0.7871216985185694 -0.5815224712631475 0.2055992391455869
v 102.9743042000000059 -33.5982933000000017 9.0000000000000000
vn 0.2971085791188998 -0.6302624731310217 0.7172835612062476
v 101.9743042000000059 -33.5982933000000017 10.0000000000000000
vn 0.3447410185917693 -0.7313065618656744 0.5885102740585892
v 101.8500366199999974 -33.5982933000000017 9.6999998099999996
vn -0.2971085791188998 -0.6302624731310217 -0.7172835612062476
v 69.9743042000000059 -33.5982933000000017 -10.0000000000000000
vn -0.3447410185917693 -0.7313065618656744 -0.5885102740585892
v 70.0985641500000014 -33.5982933000000017 -9.6999998099999996
vn -0.6599082817955346 -0.7313066334430617 -0.1723707269226440
v 69.2742996199999936 -33.5982933000000017 -8.8757362400000002
vn -0.6269430049151389 -0.7345095960613903 0.2596885093370692
v 69.2742996199999936 -33.5982933000000017 8.8757362400000002
vn -0.2971083845022635 -0.6302624273124506 0.7172836820789060
v 70.0985641500000014 -33.5982933000000017 9.6999998099999996
vn -0.2006898442958048 -0.8514548989010158 0.4845081439294767
v 69.9743042000000059 -33.5982933000000017 10.0000000000000000
vn -0.8125197998740188 0.4759631938776705 0.3365569979757542
v 69.2742996199999936 -34.5982933000000017 8.8757362400000002
vn -0.5885099301480075 0.7313066334430617 -0.3447414538452879
v 69.2742996199999936 -34.5982933000000017 -8.8757362400000002
vn -0.2006897207697126 0.8514548706585785 0.4845082447277426
v 70.0985641500000014 -34.5982933000000017 9.6999998099999996
vn 0.1723705092958846 0.7313065618656744 0.6599084179621318
v 101.8500366199999974 -34.5982933000000017 9.6999998099999996
vn 0.4945701082105580 0.8194308649894205 0.2897127293842764
v 102.6743011500000051 -34.5982933000000017 8.8757362400000002
vn 0.6599082817955346 0.7313066334430617 -0.1723707269226440
v 102.6743011500000051 -34.5982933000000017 -8.8757362400000002
vn 0.3447410185917693 0.7313065618656744 -0.5885102740585892
v 101.8500366199999974 -34.5982933000000017 -9.6999998099999996
vn -0.1723705092958846 0.7313065618656744 -0.6599084179621318
v 70.0985641500000014 -34.5982933000000017 -9.6999998099999996
vn 0.4845081439294767 0.8514548989010158 -0.2006898442958048
v 102.9743042000000059 -34.5982933000000017 -9.0000000000000000
vn 0.3447412362185711 0.7313065976543551 -0.5885101021033561
v 101.9743042000000059 -34.5982933000000017 -10.0000000000000000
vn 0.8125199200687453 0.4759631494779679 0.3365567705907775
v 102.9743042000000059 -34.5982933000000017 9.0000000000000000
vn 0.1723706181092856 0.7313065976543551 0.6599083498788556
v 101.9743042000000059 -34.5982933000000017 10.0000000000000000
vn -0.1723706181092856 0.7313065976543551 -0.6599083498788556
v 69.9743042000000059 -34.5982933000000017 -10.0000000000000000
vn -0.7172835612062476 0.6302624731310217 -0.2971085791188998
v 68.9743042000000059 -34.5982933000000017 -9.0000000000000000
vn -0.3874367260669200 0.9078207182742885 0.1604815464983479
v 68.9743042000000059 -34.5982933000000017 9.0000000000000000
vn -0.3447412362185711 0.7313065976543551 0.5885101021033561
v 69.9743042000000059 -34.5982933000000017 10.0000000000000000
vn -0.6269431213219502 -0.7345095552677554 0.2596883436880725
v 68.9743042000000059 -35.5982933000000017 9.0000000000000000
vn -0.4845081439294767 -0.8514548989010158 -0.2006898442958048
v 68.9743042000000059 -35.5982933000000017 -9.0000000000000000
vn 0.1448561859686626 -0.8194308083476523 -0.5545717588530139
v 101.8500366199999974 -35.5982933000000017 -9.6999998099999996
vn 0.2055992390325886 -0.5815224645069493 -0.7871217035395379
v 101.9743042000000059 -35.5982933000000017 -10.0000000000000000
vn 0.6269431213219502 -0.7345095552677554 -0.2596883436880725
v 102.9743042000000059 -35.5982933000000017 -9.0000000000000000
vn 0.7019595197359054 -0.5815225049952502 -0.4111987461510388
v 102.6743011500000051 -35.5982933000000017 -8.8757362400000002
vn 0.5545716284763117 -0.8194308649894205 0.1448563646921382
v 102.6743011500000051 -35.5982933000000017 8.8757362400000002
vn 0.6269431213219502 -0.7345095552677554 0.2596883436880725
v 102.9743042000000059 -35.5982933000000017 9.0000000000000000
vn 0.3447412362185711 -0.7313065976543551 0.5885101021033561
v 101.9743042000000059 -35.5982933000000017 10.0000000000000000
vn 0.3447410185917693 -0.7313065618656744 0.5885102740585892
v 101.8500366199999974 -35.5982933000000017 9.6999998099999996
vn -0.3447412362185711 -0.7313065976543551 -0.5885101021033561
v 69.9743042000000059 -35.5982933000000017 -10.0000000000000000
vn -0.3447410185917693 -0.7313065618656744 -0.5885102740585892
v 70.0985641500000014 -35.5982933000000017 -9.6999998099999996
vn -0.6599082817955346 -0.7313066334430617 -0.1723707269226440
v 69.2742996199999936 -35.5982933000000017 -8.8757362400000002
vn -0.6269430049151389 -0.7345095960613903 0.2596885093370692
v 69.2742996199999936 -35.5982933000000017 8.8757362400000002
vn -0.2971083845022635 -0.6302624273124506 0.7172836820789060
v 70.0985641500000014 -35.5982933000000017 9.6999998099999996
vn -0.1723706181092856 -0.7313065976543551 0.6599083498788556
v 69.9743042000000059 -35.5982933000000017 10.0000000000000000
vn -0.8125197998740188 0.4759631938776705 0.3365569979757542
v 69.2742996199999936 -36.5982933000000017 8.8757362400000002
vn -0.5885099301480075 0.7313066334430617 -0.3447414538452879
v 69.2742996199999936 -36.5982933000000017 -8.8757362400000002
vn -0.2006897207697126 0.8514548706585785 0.4845082447277426
v 70.0985641500000014 -36.5982933000000017 9.6999998099999996
vn 0.1723705092958846 0.7313065618656744 0.6599084179621318
v 101.8500366199999974 -36.5982933000000017 9.6999998099999996
vn 0.4945701082105580 0.8194308649894205 0.2897127293842764
v 102.6743011500000051 -36.5982933000000017 8.8757362400000002
vn 0.6599082817955346 0.7313066334430617 -0.1723707269226440
v 102.6743011500000051 -36.5982933000000017 -8.8757362400000002
vn 0.3447410185917693 0.7313065618656744 -0.5885102740585892
v 101.8500366199999974 -36.5982933000000017 -9.6999998099999996
vn -0.1723705092958846 0.7313065618656744 -0.6599084179621318
v 70.0985641500000014 -36.5982933000000017 -9.6999998099999996
vn 0.4845081439294767 0.8514548989010158 -0.2006898442958048
v 102.9743042000000059 -36.5982933000000017 -9.0000000000000000
vn 0.3447412362185711 0.7313065976543551 -0.5885101021033561
v 101.9743042000000059 -36.5982933000000017 -10.0000000000000000
vn 0.8125199200687453 0.4759631494779679 0.3365567705907775
v 102.9743042000000059 -36.5982933000000017 9.0000000000000000
vn 0.1723706181092856 0.7313065976543551 0.6599083498788556
v 101.9743042000000059 -36.5982933000000017 10.0000000000000000
vn -0.1723706181092856 0.7313065976543551 -0.6599083498788556
v 69.9743042000000059 -36.5982933000000017 -10.0000000000000000
vn -0.7172835612062476 0.6302624731310217 -0.2971085791188998
v 68.9743042000000059 -36.5982933000000017 -9.0000000000000000
vn -0.3874367260669200 0.9078207182742885 0.1604815464983479
v 68.9743042000000059 -36.5982933000000017 9.0000000000000000
vn -0.3447412362185711 0.7313065976543551 0.5885101021033561
v 69.9743042000000059 -36.5982933000000017 10.0000000000000000
vn -0.6269431213219502 -0.7345095552677554 0.2596883436880725
v 68.9743042000000059 -37.5982933000000017 9.0000000000000000
vn -0.4845081439294767 -0.8514548989010158 -0.2006898442958048
v 68.9743042000000059 -37.5982933000000017 -9.0000000000000000
vn 0.1448561859686626 -0.8194308083476523 -0.5545717588530139
v 101.8500366199999974 -37.5982933000000017 -9.6999998099999996
vn 0.2055992390325886 -0.5815224645069493 -0.7871217035395379
v 101.9743042000000059 -37.5982933000000017 -10.0000000000000000
vn 0.6269431213219502 -0.7345095552677554 -0.2596883436880725
v 102.9743042000000059 -37.5982933000000017 -9.0000000000000000
vn 0.7019595197359054 -0.5815225049952502 -0.4111987461510388
v 102.6743011500000051 -37.5982933000000017 -8.8757362400000002
vn 0.5545716284763117 -0.8194308649894205 0.1448563646921382
v 102.6743011500000051 -37.5982933000000017 8.8757362400000002
vn 0.6269431213219502 -0.7345095552677554 0.2596883436880725
v 102.9743042000000059 -37.5982933000000017 9.0000000000000000
vn 0.3447412362185711 -0.7313065976543551 0.5885101021033561
v 101.9743042000000059 -37.5982933000000017 10.0000000000000000
vn 0.3447410185917693 -0.7313065618656744 0.5885102740585892
v 101.8500366199999974 -37.5982933000000017 9.6999998099999996
vn -0.3447412362185711 -0.7313065976543551 -0.5885101021033561
v 69.9743042000000059 -37.5982933000000017 -10.0000000000000000
vn -0.3447410185917693 -0.7313065618656744 -0.5885102740585892
v 70.0985641500000014 -37.5982933000000017 -9.6999998099999996
vn -0.6599082817955346 -0.7313066334430617 -0.1723707269226440
v 69.2742996199999936 -37.5982933000000017 -8.8757362400000002
vn -0.6269430049151389 -0.7345095960613903 0.2596885093370692
v 69.2742996199999936 -37.5982933000000017 8.8757362400000002
vn -0.2971083845022635 -0.6302624273124506 0.7172836820789060
v 70.0985641500000014 -37.5982933000000017 9.6999998099999996
vn -0.1723706181092856 -0.7313065976543551 0.6599083498788556
v 69.9743042000000059 -37.5982933000000017 10.0000000000000000
vn -0.8125197998740188 0.4759631938776705 0.3365569979757542
v 69.2742996199999936 -38.5982933000000017 8.8757362400000002
vn -0.5885099301480075 0.7313066334430617 -0.3447414538452879
v 69.2742996199999936 -38.5982933000000017 -8.8757362400000002
vn -0.2006897207697126 0.8514548706585785 0.4845082447277426
v 70.0985641500000014 -38.5982933000000017 9.6999998099999996
vn 0.1723705092958846 0.7313065618656744 0.6599084179621318
v 101.8500366199999974 -38.5982933000000017 9.6999998099999996
vn 0.4945701082105580 0.8194308649894205 0.2897127293842764
v 102.6743011500000051 -38.5982933000000017 8.8757362400000002
vn 0.6599082817955346 0.7313066334430617 -0.1723707269226440
v 102.6743011500000051 -38.5982933000000017 -8.8757362400000002
vn 0.3447410185917693 0.7313065618656744 -0.5885102740585892
v 101.8500366199999974 -38.5982933000000017 -9.6999998099999996
vn -0.1723705092958846 0.7313065618656744 -0.6599084179621318
v 70.0985641500000014 -38.5982933000000017 -9.6999998099999996
vn 0.6599083498788556 0.7313065976543551 -0.1723706181092856
v 102.9743042000000059 -38.5982933000000017 -9.0000000000000000
vn 0.3447412362185711 0.7313065976543551 -0.5885101021033561
v 101.9743042000000059 -38.5982933000000017 -10.0000000000000000
vn 0.7019597103186519 0.5815224645069493 0.4111984780651773
v 102.9743042000000059 -38.5982933000000017 9.0000000000000000
vn 0.1723706181092856 0.7313065976543551 0.6599083498788556
v 101.9743042000000059 -38.5982933000000017 10.0000000000000000
vn -0.1723706181092856 0.7313065976543551 -0.6599083498788556
v 69.9743042000000059 -38.5982933000000017 -10.0000000000000000
vn -0.5885101021033561 0.7313065976543551 -0.3447412362185711
v 68.9743042000000059 -38.5982933000000017 -9.0000000000000000
vn -0.5545716936646837 0.8194308366685267 0.1448562753304204
v 68.9743042000000059 -38.5982933000000017 9.0000000000000000
vn -0.3447412362185711 0.7313065976543551 0.5885101021033561
v 69.9743042000000059 -38.5982933000000017 10.0000000000000000
vn -0.6599083498788556 -0.7313065976543551 -0.1723706181092856
v 68.9743042000000059 -39.5982933000000017 -9.0000000000000000
vn -0.4945702598279724 -0.8194308366685267 0.2897125506608408
v 68.9743042000000059 -39.5982933000000017 9.0000000000000000
vn 0.1448561859686626 -0.8194308083476523 -0.5545717588530139
v 101.8500366199999974 -39.5982933000000017 -9.6999998099999996
vn 0.2055992390325886 -0.5815224645069493 -0.7871217035395379
v 101.9743042000000059 -39.5982933000000017 -10.0000000000000000
vn 0.4945702598279724 -0.8194308366685267 -0.2897125506608408
v 102.9743042000000059 -39.5982933000000017 -9.0000000000000000
vn 0.7019595197359054 -0.5815225049952502 -0.4111987461510388
v 102.6743011500000051 -39.5982933000000017 -8.8757362400000002
vn 0.5545716284763117 -0.8194308649894205 0.1448563646921382
v 102.6743011500000051 -39.5982933000000017 8.8757362400000002
vn 0.7871217035395379 -0.5815224645069493 0.2055992390325886
v 102.9743042000000059 -39.5982933000000017 9.0000000000000000
vn 0.3447412362185711 -0.7313065976543551 0.5885101021033561
v 101.9743042000000059 -39.5982933000000017 10.0000000000000000
vn 0.3447410185917693 -0.7313065618656744 0.5885102740585892
v 101.8500366199999974 -39.5982933000000017 9.6999998099999996
vn -0.3447412362185711 -0.7313065976543551 -0.5885101021033561
v 69.9743042000000059 -39.5982933000000017 -10.0000000000000000
vn -0.3447410185917693 -0.7313065618656744 -0.5885102740585892
v 70.0985641500000014 -39.5982933000000017 -9.6999998099999996
vn -0.6599082817955346 -0.7313066334430617 -0.1723707269226440
v 69.2742996199999936 -39.5982933000000017 -8.8757362400000002
vn -0.6269430049151389 -0.7345095960613903 0.2596885093370692
v 69.2742996199999936 -39.5982933000000017 8.8757362400000002
vn -0.2971083845022635 -0.6302624273124506 0.7172836820789060
v 70.0985641500000014 -39.5982933000000017 9.6999998099999996
vn -0.1723706181092856 -0.7313065976543551 0.6599083498788556
v 69.9743042000000059 -39.5982933000000017 10.0000000000000000
vn -0.8125197998740188 0.4759631938776705 0.3365569979757542
v 69.2742996199999936 -40.5982933000000017 8.8757362400000002
vn -0.5885099301480075 0.7313066334430617 -0.3447414538452879
v 69.2742996199999936 -40.5982933000000017 -8.8757362400000002
vn -0.2006897207697126 0.8514548706585785 0.4845082447277426
v 70.0985641500000014 -40.5982933000000017 9.6999998099999996
vn 0.1723705092958846 0.7313065618656744 0.6599084179621318
v 101.8500366199999974 -40.5982933000000017 9.6999998099999996
vn 0.4945701082105580 0.8194308649894205 0.2897127293842764
v 102.6743011500000051 -40.5982933000000017 8.8757362400000002
vn 0.6599082817955346 0.7313066334430617 -0.1723707269226440
v 102.6743011500000051 -40.5982933000000017 -8.8757362400000002
vn 0.3447410185917693 0.7313065618656744 -0.5885102740585892
v 101.8500366199999974 -40.5982933000000017 -9.6999998099999996
vn -0.1723705092958846 0.7313065618656744 -0.6599084179621318
v 70.0985641500000014 -40.5982933000000017 -9.6999998099999996
vn 0.6599083498788556 0.7313065976543551 -0.1723706181092856
v 102.9743042000000059 -40.5982933000000017 -9.0000000000000000
vn 0.3447412362185711 0.7313065976543551 -0.5885101021033561
v 101.9743042000000059 -40.5982933000000017 -10.0000000000000000
vn 0.7019597103186519 0.5815224645069493 0.4111984780651773
v 102.9743042000000059 -40.5982933000000017 9.0000000000000000
vn 0.1723706181092856 0.7313065976543551 0.6599083498788556
v 101.9743042000000059 -40.5982933000000017 10.0000000000000000
vn -0.1723706181092856 0.7313065976543551 -0.6599083498788556
v 69.9743042000000059 -40.5982933000000017 -10.0000000000000000
vn -0.5885101021033561 0.7313065976543551 -0.3447412362185711
v 68.9743042000000059 -40.5982933000000017 -9.0000000000000000
vn -0.5545716936646837 0.8194308366685267 0.1448562753304204
v 68.9743042000000059 -40.5982933000000017 9.0000000000000000
vn -0.3447412362185711 0.7313065976543551 0.5885101021033561
v 69.9743042000000059 -40.5982933000000017 10.0000000000000000
vn -0.6599083498788556 -0.7313065976543551 -0.1723706181092856
v 68.9743042000000059 -41.5982933000000017 -9.0000000000000000
vn -0.4945702598279724 -0.8194308366685267 0.2897125506608408
v 68.9743042000000059 -41.5982933000000017 9.0000000000000000
vn 0.1448561859686626 -0.8194308083476523 -0.5545717588530139
v 101.8500366199999974 -41.5982933000000017 -9.6999998099999996
vn 0.2055992390325886 -0.5815224645069493 -0.7871217035395379
v 101.9743042000000059 -41.5982933000000017 -10.0000000000000000
vn 0.4945702598279724 -0.8194308366685267 -0.2897125506608408
v 102.9743042000000059 -41.5982933000000017 -9.0000000000000000
vn 0.7019595197359054 -0.5815225049952502 -0.4111987461510388
v 102.6743011500000051 -41.5982933000000017 -8.8757362400000002
vn 0.5545716284763117 -0.8194308649894205 0.1448563646921382
v 102.6743011500000051 -41.5982933000000017 8.8757362400000002
vn 0.7871217035395379 -0.5815224645069493 0.2055992390325886
v 102.9743042000000059 -41.5982933000000017 9.0000000000000000
vn 0.3447412362185711 -0.7313065976543551 0.5885101021033561
v 101.9743042000000059 -41.5982933000000017 10.0000000000000000
vn 0.3447410185917693 -0.7313065618656744 0.5885102740585892
v 101.8500366199999974 -41.5982933000000017 9.6999998099999996
vn -0.3447412362185711 -0.7313065976543551 -0.5885101021033561
v 69.9743042000000059 -41.5982933000000017 -10.0000000000000000
vn -0.3447410185917693 -0.7313065618656744 -0.5885102740585892
v 70.0985641500000014 -41.5982933000000017 -9.6999998099999996
vn -0.6599082817955346 -0.7313066334430617 -0.1723707269226440
v 69.2742996199999936 -41.5982933000000017 -8.8757362400000002
vn -0.6269430049151389 -0.7345095960613903 0.2596885093370692
v 69.2742996199999936 -41.5982933000000017 8.8757362400000002
vn -0.2971083845022635 -0.6302624273124506 0.7172836820789060
v 70.0985641500000014 -41.5982933000000017 9.6999998099999996
vn -0.1723706181092856 -0.7313065976543551 0.6599083498788556
v 69.9743042000000059 -41.5982933000000017 10.0000000000000000
vn -0.8125197998740188 0.4759631938776705 0.3365569979757542
v 69.2742996199999936 -42.5982933000000017 8.8757362400000002
vn -0.5885099301480075 0.7313066334430617 -0.3447414538452879
v 69.2742996199999936 -42.5982933000000017 -8.8757362400000002
vn -0.2006897207697126 0.8514548706585785 0.4845082447277426
v 70.0985641500000014 -42.5982933000000017 9.6999998099999996
vn 0.1723705092958846 0.7313065618656744 0.6599084179621318
v 101.8500366199999974 -42.5982933000000017 9.6999998099999996
vn 0.4945701082105580 0.8194308649894205 0.2897127293842764
v 102.6743011500000051 -42.5982933000000017 8.8757362400000002
vn 0.6599082817955346 0.7313066334430617 -0.1723707269226440
v 102.6743011500000051 -42.5982933000000017 -8.8757362400000002
vn 0.3447410185917693 0.7313065618656744 -0.5885102740585892
v 101.8500366199999974 -42.5982933000000017 -9.6999998099999996
vn -0.1723705092958846 0.7313065618656744 -0.6599084179621318
v 70.0985641500000014 -42.5982933000000017 -9.6999998099999996
vn 0.6599083498788556 0.7313065976543551 -0.1723706181092856
v 102.9743042000000059 -42.5982933000000017 -9.0000000000000000
vn 0.2971085791188998 0.6302624731310217 -0.7172835612062476
v 101.9743042000000059 -42.5982933000000017 -10.0000000000000000
vn 0.7019597103186519 0.5815224645069493 0.4111984780651773
v 102.9743042000000059 -42.5982933000000017 9.0000000000000000
vn 0.1466703296078988 0.6222695079876678 0.7689398375955666
v 101.9743042000000059 -42.5982933000000017 10.0000000000000000
vn -0.1466703296078988 0.6222695079876678 -0.7689398375955666
v 69.9743042000000059 -42.5982933000000017 -10.0000000000000000
vn -0.5885101021033561 0.7313065976543551 -0.3447412362185711
v 68.9743042000000059 -42.5982933000000017 -9.0000000000000000
vn -0.5545716936646837 0.8194308366685267 0.1448562753304204
v 68.9743042000000059 -42.5982933000000017 9.0000000000000000
vn -0.2971085791188998 0.6302624731310217 0.7172835612062476
v 69.9743042000000059 -42.5982933000000017 10.0000000000000000
vn -0.9092044349958944 0.1775303641836457 -0.3766035915609653
v 68.9743042000000059 -45.0482940699999972 -9.0000000000000000
vn -0.9239382160590017 -0.0000039654515847 0.3825417269919514
v 68.9743042000000059 -45.0482940699999972 9.0000000000000000
vn -0.3274510738720225 -0.0000037780065977 0.9448681358823494
v 69.9743042000000059 -45.0482940699999972 10.0000000000000000
vn 0.4082482904638631 -0.4082482904638631 0.8164965809277261
v 81.4743042000000059 -42.8982925399999999 10.0000000000000000
vn 0.8320502959043075 0.0000000000000000 0.5547001938755334
v 81.4743042000000059 -45.0482940699999972 10.0000000000000000
vn 0.3825891740353418 0.0000074808908049 0.9239185699264797
v 101.9743042000000059 -45.0482940699999972 10.0000000000000000
vn -0.5345224838248488 -0.2672612419124244 0.8017837257372732
v 87.4743042000000059 -42.8982925399999999 10.0000000000000000
vn -0.8320502933845317 0.0000000000000000 0.5547001976551970
v 87.4743042000000059 -45.0482940699999972 10.0000000000000000
vn 0.9522789056228034 0.0000108322672324 0.3052292348195009
v 102.9743042000000059 -45.0482940699999972 9.0000000000000000
vn 0.8996176518926622 -0.0000007390625678 -0.4366784634059558
v 102.9743042000000059 -45.0482940699999972 -9.0000000000000000
vn 0.2487041810957492 0.1760334116399592 -0.9524486696362642
v 101.9743042000000059 -45.0482940699999972 -10.0000000000000000
vn -0.3713918555643860 -0.5570878521212158 -0.7427793849047054
v 87.4743042000000059 -42.8982925399999999 -10.0000000000000000
vn -0.8321003944346450 0.0000000222079869 -0.5546250387259014
v 87.4743042000000059 -45.0482940699999972 -10.0000000000000000
vn -0.3274380729502497 0.0000000025662430 -0.9448726413557686
v 69.9743042000000059 -45.0482940699999972 -10.0000000000000000
vn 0.3713912224428920 -0.7427816062851036 -0.5570853123686673
v 81.4743042000000059 -42.8982925399999999 -10.0000000000000000
vn 0.8320681476830257 0.0000000028582409 -0.5546734152736531
v 81.4743042000000059 -45.0482940699999972 -10.0000000000000000
vn -0.2141994333950258 -0.6020672774315921 0.7691772202680993
v 70.6246278837729875 -45.0482940655138080 9.5490113578552762
vn -0.6083028842378502 -0.7232485506772346 0.3269237448873853
v 69.6276346774550206 -45.0492540205902543 8.9042515399235249
vn -0.5486374575638395 -0.8336031231732309 0.0640528937185613
v 69.4243011500000051 -45.0482940699999972 8.0500001900000004
vn 0.9428066548558041 -0.2357070342831252 0.2357070333041896
v 81.4743042000000059 -45.0482940699999972 9.5500001900000004
vn -0.7474447521351352 -0.6321190295770969 -0.2043327554557895
v 69.4292046875953446 -45.0483181936394743 -8.6234109817728886
vn -0.2653995726769172 -0.7276794619465644 -0.6324916343194337
v 70.5095906100285958 -45.0482288656905396 -9.5454265797853797
vn 0.8731758469307183 -0.2166080787384593 -0.4366289964741877
v 81.4743042000000059 -45.0482940699999972 -9.5500001900000004
vn -0.4867422783832854 -0.8713841796694907 0.0614130756107926
v 69.4243011500000051 -45.5982933000000017 8.0500001900000004
vn -0.2978899353445271 -0.9539380782821125 -0.0355489693783607
v 69.4243011500000051 -45.5982933000000017 -8.0500001900000004
vn -0.0669375038236712 -0.9057732189016631 -0.4184426442206576
v 70.7672588564475973 -45.5982933083409776 -9.5498420599837921
vn -0.4029839139451026 -0.8396209463160689 -0.3641986156052701
v 69.6479205250038547 -45.5990255626090217 -8.9559921652674106
vn 0.6391059730147766 -0.5589426824969358 0.5283243633791321
v 70.5316726531461029 -45.5982904174700678 -8.2843955808066205
vn 0.3477696176800733 -0.7121630224723789 0.6098197458607434
v 70.9997371625034077 -45.5982991481110176 -8.6517664095294293
vn 0.6526502103299935 -0.7093436527482984 0.2662316383563700
v 70.2882972322095583 -45.5983026719120801 -7.8840294452957593
vn 0.8270686981769306 -0.5574121573070171 0.0724503649559784
v 70.1747800064680405 -45.5982914293774542 -7.4614323379927221
vn 0.1421779773583928 -0.5574392411447616 0.8179528807860686
v 71.5181287094748228 -45.5982933339058434 -8.7984323855078674
vn 0.4174383462267336 -0.3178518793842238 0.8513021848153608
v 73.2894131647335598 -45.5949611881375105 -8.8834853701110532
vn 0.2551314146865892 -0.7083084812954535 0.6581846675249643
v 73.6993760419341015 -45.5982832918040089 -9.1710966980836037
vn -0.3777307518148009 -0.5951332135533079 0.7093207576683050
v 74.5102957133670003 -45.5982933192961895 -9.1331169458130681
vn 0.8278669905219169 -0.5554510746370380 0.0781687257715237
v 70.1743011500000051 -45.5982933000000017 -2.0908711000000002
vn 0.7056895311749355 -0.7076980885128711 0.0341423652567949
v 70.0823834582412815 -45.5982926084670979 -1.4114732586871130
vn 0.2356995598129783 -0.9428109536691460 -0.2356973125545640
v 81.4743042000000059 -45.5982933000000017 -9.5500001900000004
vn -0.0290744906500816 -0.7154119006826472 0.6980977627489440
v 74.1456107695273374 -45.5982964595228566 -9.2592846212231752
vn 0.8320651034177158 0.0000000000000781 0.5546779819629278
v 81.4743042000000059 -45.5982933000000017 -8.8000001900000004
vn 0.8668731681628127 -0.3208506708035785 0.3815570171865030
v 70.0895500581381441 -45.5982490281988717 4.1043675098222741
vn 0.5486288007368257 -0.8338994469199921 0.0601510717161683
v 70.1739450978015071 -45.5982923554125463 3.7236486790758057
vn 0.6930236315871808 -0.5560756040531362 0.4588007940693382
v 69.8625299910892466 -45.5982933284505449 4.4329357487711700
vn 0.8918120704653926 -0.4481163739621976 -0.0621526054096007
v 70.1743011500000051 -45.5982933000000017 0.0908712100000000
vn 0.6620829621435338 -0.7099149143242666 0.2401394712645409
v 69.7847948983450266 -45.5982931764053987 4.5800900280161274
vn 0.5523172914229435 -0.8325025234043278 -0.0434184076245302
v 70.0956453621153202 -45.5982988097537643 -0.4553014439584572
vn 0.5041601377340890 -0.8624866792137833 -0.0440372989490123
v 69.7127676029544716 -45.5982935133212237 4.9318688371982509
vn 0.8468931227385440 -0.3072208431213616 -0.4340361646337286
v 70.0363386005630133 -45.5930898203079309 5.5968206935917060
vn 0.5570574780200246 -0.8234671396070654 -0.1076514568843703
v 70.1700044091972899 -45.5982514661008338 5.9632392013936952
vn 0.6328804682028779 -0.6984968219041833 -0.3340127284357014
v 69.8353564424991191 -45.5982921767705989 5.3282078145409280
vn 0.8310244452169058 -0.5552461440603351 -0.0331676191196079
v 70.1743935730505655 -45.5982933149377700 7.3436636576534688
vn 0.8672161413023678 -0.4495495937260008 -0.2141058781197274
v 70.2082113356614599 -45.5982932974767579 7.6409558596310925
vn 0.5940670990584203 -0.7108788074201577 -0.3764778917509067
v 70.3479264524319774 -45.5982933861739426 8.0109706700943573
vn 0.4010524678201087 -0.7142337993099105 -0.5736087499147230
v 70.7600344461789774 -45.5983053000793035 8.5103843833643271
vn -0.4901555195813266 -0.7250577232648926 0.4837756345227510
v 69.6890779393446849 -45.5972521497047723 9.0150657629384430
vn -0.1379621236829101 -0.8411841455083123 0.5228534075382429
v 70.6317223958381675 -45.5982932896770166 9.5482440091605874
vn 0.1347818595999122 -0.6056997802968757 -0.7841948906178274
v 71.4505676074766711 -45.5982894634122857 8.7990908191033288
vn 0.3331552007507700 -0.6669449747599747 0.6664773160844493
v 81.4743042000000059 -45.5982933000000017 9.5500001900000004
vn 0.8320892567442866 -0.0000000000000246 -0.5546417481678969
v 81.4743042000000059 -45.5982933000000017 8.8000001900000004
vn 0.9806401272310972 -0.0002419833566368 0.1958184932743399
v 70.1724433884710095 -39.4027861093179084 3.8709410483911886
vn 0.8513003786029650 -0.0001286481787306 0.5246786148110998
v 69.9984538037763997 -39.3983353148171176 4.2594512684515839
vn 0.9800756948512170 -0.1964924491074106 0.0290232631810374
v 70.1743011500000051 -32.9982948299999990 -2.0908711000000002
vn 0.8934707040888713 -0.4481070252875862 -0.0301694352424297
v 70.1743011500000051 -32.9982948299999990 0.0908712100000000
vn 0.9677655399862737 -0.2433120138837959 -0.0650317116097030
v 70.0753358134450792 -32.9981018501188572 -0.6329248972021057
vn 0.8270042185247057 -0.5557350228308149 0.0849859220199108
v 70.0985864880633187 -32.9982948418992166 -1.5821907665887887
vn -0.3554176855185343 -0.3108960782848583 0.8814884555839309
v 74.8835084739440617 -45.5931039514444905 -8.8824841776758099
vn -0.0579765441288489 -0.5946024786713785 0.8019268125513253
v 75.1943223850811080 -45.5982885849435604 -8.8002910681908855
vn 0.2026729940920230 -0.0006849735323748 -0.9792462347525441
v 96.9613194866582688 -39.3830608984582540 8.8013380292835421
vn -0.0705761831676994 -0.7083963369187863 0.7022774609864143
v 99.1014456829273342 -45.5982624570422104 -8.8014354950612788
vn -0.8088816357487647 -0.5594158660807181 0.1810093592209055
v 101.7724688179853416 -45.5982868807020694 -7.5316322966579934
vn -0.6740586938811997 -0.6032029044500812 0.4263697142928393
v 101.5586796035199910 -45.5982961308683485 -8.0863718098374235
vn -0.3742945762429588 -0.8345424858080903 0.4042801127638575
v 101.3118165094528678 -45.5982933013676472 -8.3897319003623583
vn -0.3375352846347919 -0.4552580896734583 0.8238992677587373
v 100.8490926738610085 -45.5982771406303087 -8.7105426210101609
vn -0.0618173419611098 -0.7083496647279920 0.7031496062095209
v 100.3416422903498813 -45.5982933195337878 -8.7997559855500249
vn -0.8294681319407222 -0.5561627119935996 0.0516299901481006
v 101.7742996199999936 -45.5982933000000017 -1.8330302199999999
vn -0.8298014369659730 -0.5558464975022832 -0.0496411766948627
v 101.7742996199999936 -45.5982933000000017 1.8330302199999999
vn -0.8258972612239026 -0.5553028020097741 -0.0976345839492878
v 101.9202750141651137 -45.5982933125519025 1.0248899990251779
vn -0.7068434842996050 -0.7073576139903464 0.0041826586136316
v 101.9764881860916006 -45.5982932995759995 -0.0362554936061017
vn -0.7050640732277620 -0.7072725978586161 0.0514793644269374
v 101.9520034800000019 -45.5982933000000017 -0.6153092400000000
vn -0.8848905973535978 -0.4475410959530970 0.1291340317201237
v 101.8883719967706725 -45.5982933041801175 -1.2278498027135860
vn -0.8320397790555498 -0.0000000407429922 0.5547159688247583
v 87.4743042000000059 -45.5982933000000017 -8.8000001900000004
vn -0.2183301319828929 -0.8726736160209618 -0.4367753580151148
v 87.4743042000000059 -45.5982933000000017 -9.5500001900000004
vn 0.4599486264850550 -0.3157306112761391 0.8299165271867449
v 97.1324720376081245 -45.5967268840596702 -8.8613033768112306
vn 0.1247113593980409 -0.6006849283975171 0.7896991158872868
v 96.9402868902509312 -45.5982365464169348 -8.8025922444624776
vn 0.2750071589099023 -0.7055173636855192 0.6531587189087645
v 97.6573619132522168 -45.5982950648102019 -9.1926418720152387
vn -0.4389064692447174 -0.3174822907504897 0.8405748665734407
v 98.6968596853985360 -45.5969652855207883 -8.9196186815355816
vn -0.1843973344626640 -0.7148486512644200 0.6745287457392044
v 98.2572799475692591 -45.5982857136794451 -9.2201455867735387
vn 0.0683072251308308 -0.9669630528767231 -0.2455943349636830
v 101.3432839154264400 -45.5984336375867656 -9.5478250873155019
vn 0.5150051113923153 -0.7418108845380285 -0.4295187386141572
v 102.2292235529012743 -45.5982932832780605 -9.0061235641745050
vn 0.3786544801260719 -0.9244780073559409 -0.0442854219314132
v 102.5241954964177467 -45.5982933032600073 -8.2067966510114605
vn 0.0400080918375497 -0.8005860023682042 -0.5978807618577605
v 96.7406661330750950 -45.5982932745299721 8.8000198614402798
vn -0.2357023894319120 -0.9428093282338021 0.2357009847485025
v 87.4743042000000059 -45.5982933000000017 9.5500001900000004
vn -0.8320549869490398 0.0000000000000000 -0.5546931572439247
v 87.4743042000000059 -45.5982933000000017 8.8000001900000004
vn 0.3791600673506038 -0.3210642989939712 -0.8678452392207932
v 97.2137413878870831 -45.5971791632181223 8.8943364949516717
vn 0.4470127351159531 -0.5543307040919757 -0.7020662968303274
v 97.5072417063357904 -45.5982933166266449 9.1117782773403988
vn 0.2383960742697387 -0.6028544548811174 -0.7614025334885405
v 97.6951089443683856 -45.5982933017699921 9.2059348205600138
vn -0.3844456292939368 -0.4514719855680720 -0.8052171162885272
v 98.7384121766822602 -45.5981804506709381 8.9021256199290626
vn -0.0858877031721475 -0.7100854729424846 -0.6988575846049474
v 99.1456219739490479 -45.5982927071390023 8.8010736617798067
vn -0.6965834302101708 -0.7105711138790225 -0.0992986247505844
v 101.7731377429735034 -45.5982954334010770 7.4820307417178267
vn 0.0716859520262329 -0.8980268479952608 0.4340609456767442
v 101.0242996199999936 -45.5982933000000017 9.5500001900000004
vn -0.1747541912731512 -0.5567296023005681 -0.8121041328270151
v 100.6288828979836865 -45.5982932991422629 8.7611534366667279
vn -0.0375639065799277 -0.5554406429337237 -0.8307073161468039
v 100.3416422903498244 -45.5982933195338020 8.7997559855500249
vn -0.0436996302283511 -0.7123776798577569 -0.7004344248810053
v 98.0190147687202398 -45.5982937621184092 9.2586053448011274
vn -0.2902224325009961 -0.7116814916078810 -0.6397502592230708
v 98.3306412506659200 -45.5982933110473994 9.1749230512996007
vn 0.3083985809919662 -0.9499589015238831 0.0496830016975524
v 102.5242769962037386 -45.5982932985272527 8.1143537545420799
vn -0.6570767030892989 -0.7090971644004606 -0.2557956561330227
v 101.6518187728871681 -45.5982933014311769 7.8992255550118244
vn -0.3986515856602271 -0.6046356723362643 -0.6895597269193297
v 101.0083358170244878 -45.5982936535363521 8.6192887718224860
vn 0.4592370306910301 -0.8199337896601628 0.3417746775517608
v 102.1843499850161265 -45.5994139359557877 9.1383531510956253
vn -0.6590985224063687 -0.5591439032508477 -0.5029385978617550
v 101.4457178226824112 -45.5982991542901317 8.2531835867071415
vn 0.0882421416026365 -0.6025823252292496 0.7931632024789671
v 97.8709143263924517 -45.5982933011862812 -9.2454327181887130
vn -0.1357267099804646 0.4515063987809242 -0.8818844777280980
v 99.0354873218166745 -30.5983629836882365 8.8010025104278498
vn -0.4082075680439984 -0.4082424014501919 -0.8165198852751748
v 87.4743042000000059 -42.8982925399999999 8.8000001900000004
vn 0.4364690413484921 -0.2182029119435858 -0.8728586742214733
v 81.4743042000000059 -42.8982925399999999 8.8000001900000004
vn -0.8728715609439696 -0.2182178902359924 0.4364357804719848
v 87.4743042000000059 -45.0482940699999972 9.5500001900000004
vn 0.0855253858058168 -0.8345988209644571 0.5441784784677764
v 101.0242996199999936 -45.0482940699999972 9.5500001900000004
vn 0.3897983219508375 -0.7252482292088651 0.5675141180919792
v 102.0738764218874763 -45.0527450196085297 9.2078517897678260
vn 0.7955784740770501 -0.5888593766242931 0.1424764055795960
v 102.5242853826200218 -45.0482940696025693 8.1221124401656866
vn -0.9428020351055261 -0.2357181898651470 -0.2357143558792651
v 87.4743042000000059 -45.0482940699999972 -9.5500001900000004
vn 0.2295633178050819 -0.7330227075264762 -0.6402955515766739
v 101.5812786209922223 -45.0481121126700614 -9.5450603141738064
vn 0.7790332238282370 -0.5578687337637368 -0.2861637853758383
v 102.5213008298300821 -45.0480284621262754 -8.4590394724054345
vn -0.4363391494185058 -0.2182579676498654 0.8729098500086279
v 87.4743331281897838 -42.8982841155767716 -8.7999708733015236
vn 0.5345044608689300 -0.2672629920730203 0.8017951573683837
v 81.4743042000000059 -42.8982925399999999 -8.8000001900000004
vn 0.0840033216879412 -0.5556174300712298 0.8271836031658477
v 83.3849639900000028 -42.8982925399999999 -8.8000001900000004
vn -0.0852606570583348 -0.5556137542089258 0.8270574203112167
v 85.5368423500000006 -42.8982925399999999 -8.8000001900000004
vn -0.0525141506391428 -0.6006417681873745 0.7977917837953671
v 84.8267729645122444 -42.8982918979440271 -8.8992542874887128
vn 0.0572124928058432 -0.5551244572456987 0.8297973051502457
v 83.9619105963290622 -42.8982873790634187 -8.8856460717842936
vn -0.4654334180397169 0.3171180239879319 0.8263219059385122
v 74.7914150307543508 -30.5998773142291185 -8.9188967586667740
vn 0.0509533608761720 -0.7048498754484723 0.7075241395851420
v 72.8666155445521611 -45.5982812015449213 -8.8000705978391043
vn 0.0457084199450535 -0.9497139331148096 -0.3097647261934871
v 100.8208109173665008 -30.5982935312360453 8.8366886630079655
vn 0.5159531644712180 -0.8008445539683122 -0.3040400178454001
v 100.1661773984239829 -30.5855558170268367 8.1735611686958496
vn -0.3062499090389338 0.0729919890274907 -0.9491486515564649
v 101.2620423259343312 -30.2287523017794690 8.9157550060425859
vn 0.2186450854823578 0.2186619221320139 0.9509896373798958
v 100.9254007398994446 -30.1933516052386075 7.2005850263785609
vn -0.4521506514317691 -0.0527622464095655 0.8903796570922110
v 101.4393622603490144 -30.1038546715482198 7.2356298884787584
vn -0.5620353499377493 -0.6632959323437023 0.4941201995027631
v 101.4213325086397504 -30.5982935757025913 7.2980988400880342
vn -0.6411941369230878 -0.7198328735750043 -0.2659148602395291
v 101.8222941369947563 -30.5982939591742742 8.2607356061054329
vn 0.6338163525639823 -0.0167637747018855 -0.7733018861222531
v 100.4081451842417323 -29.4519556108122060 8.7787733746044125
vn 0.9990499201747330 -0.0419866943591765 0.0116779491199675
v 100.0820737877817237 -29.9106751804748860 8.0382609904347788
vn 0.0919245554367025 0.0434336837777991 -0.9948182704500629
v 100.9921224690979216 -28.8199281384584047 8.9360885293786723
vn -0.9870671397394947 -0.1016479272255380 -0.1239603183976414
v 101.8553845360265768 -29.3551778030616539 8.0115650615805318
vn -0.3497475026803117 -0.0234076532398162 -0.9365515288219276
v 101.3417880455269113 -29.1833260052267462 8.8406794608428481
vn 0.9783713093358830 0.0164251097962704 0.2062032900721285
v 100.0873148881688621 -28.0393918198250311 7.8495433813335422
vn 0.0024345542890096 -0.0342987403779043 0.9994086598353563
v 100.8721739847228775 -28.2272064547708332 7.0867290898164743
vn -0.9740349458188541 0.0468092396501918 -0.2215057999399403
v 101.8135834717712385 -28.8001175836298628 8.2420328368062545
vn -0.8947554857210760 0.0434342306093858 0.4444390716210853
v 101.7600663224933442 -27.7837396980030924 7.5023704000545015
vn 0.6010631397260282 0.7187175861788788 0.3495255832981255
v 100.0175924215354684 -27.1516222193751027 7.8306940864557237
vn -0.1410887181511374 0.8012576422588538 0.5814466134842061
v 101.1799855720151271 -27.0992185807007253 7.2149608862293348
vn -0.7047938133343585 0.4819373322885011 -0.5205786092726595
v 101.6947383429688756 -27.1845046443680580 8.4368900372366085
vn 0.1570048081783189 -0.3959137359325352 -0.9047661597942488
v 100.6322489214649352 -30.5315770151171719 -7.2135632528217624
vn 0.4830482079258678 -0.8667420556927116 0.1241879129109591
v 100.1566620548085069 -30.5966980093843333 -8.2396599434288582
vn 0.9947167106873390 -0.0054648691119590 0.1025124416105178
v 100.0473969963769463 -29.9665933627367558 -8.1422732564754075
vn 0.0490070121752888 -0.7605450428423601 0.6474330471682488
v 100.9170722355294174 -30.5609660838423309 -8.8670956619310211
vn -0.6565695562997655 -0.7158652592867759 0.2375991335981807
v 101.7596414599615571 -30.5993169533509892 -8.4033062585956948
vn -0.2648759290182835 -0.9042788558633399 -0.3348439831700580
v 101.5101255868921584 -30.5982933853042880 -7.3456029548317447
vn 0.5611690371340813 -0.0487908965506737 -0.8262619198388544
v 100.4729954485154479 -29.7292354607091660 -7.2886548867243004
vn 0.4717987090268025 -0.0617417069589635 0.8795418919997137
v 100.6274300934918244 -29.2518784741751077 -8.7968172813411147
vn -0.8282542453458345 -0.0282165589392508 -0.5596416093074480
v 101.8608793351305337 -29.7117143781612185 -7.7157103932374911
vn -0.9695540591285752 0.0634334218775546 -0.2365187675771366
v 101.8638710705619133 -29.2452312575934954 -7.7914545816613083
vn 0.6346313887596471 0.0069952759624046 -0.7727833244287895
v 100.5346988202735190 -28.0677923761255883 -7.1920762036932215
vn 0.5530062168185671 0.0056494165787846 -0.8331579731673552
v 100.4542497859281696 -28.5761079484138918 -7.2712974027818644
vn -0.2308068720391622 0.1316165411895051 0.9640566756704758
v 101.1519874757549076 -28.1635140504789057 -8.9192951959790587
vn -0.5987557350603318 0.0156464932651207 -0.8007788439893165
v 101.4951753341463814 -28.2802822307325421 -7.2234338126293514
vn -0.4351650919798802 -0.0549485079641006 -0.8986723564206599
v 101.3042329597039810 -28.8876171061829972 -7.1787761857309116
vn -0.3481548873672473 0.6846330603571557 0.6403637615201960
v 101.4914441220446264 -27.1621106887157637 -8.8250416243422478
vn -0.6720584969916769 0.5780800040369926 -0.4627751998042669
v 101.6521652677564731 -27.0996039190481568 -7.4741829617991034
vn -0.5551635633008819 -0.7067538369980978 -0.4385116097340341
v 71.6541820279220900 -30.6007838388331912 8.5592170492904209
vn 0.3869505080204901 -0.7131366745063326 -0.5845557183166832
v 70.4341566731495732 -30.5336752625850387 8.7099679273135830
vn 0.5325626103258758 -0.8012937493073391 0.2725901564691517
v 70.1062879771170344 -30.5510871183459258 7.5545315415314613
vn 0.5329990946768749 0.2616908020063383 0.8046302810725625
v 70.5358168853858842 -30.1976050249264532 7.3142376538873188
vn -0.2980598062710315 -0.8260754505398603 0.4782883041650111
v 71.4084665596817558 -30.5969577236374128 7.2050751215308706
vn 0.3717533438634852 -0.1969200792505377 -0.9072055630970741
v 70.6830406266951456 -29.7262154216597700 8.8502426955540656
vn 0.0349160361772476 -0.2479315554675913 0.9681481365065420
v 70.9400522668782543 -29.6308224239751787 7.0307583716591742
vn -0.5372849362246012 0.0024325597403960 -0.8433972847710831
v 71.4851890198362980 -29.7918322989761677 8.8225722215072668
vn -0.2682282433263389 0.0695044702054699 -0.9608448043797309
v 71.1063678984733940 -29.0160176170610242 8.8411655844639245
vn 0.4047500604904467 0.1005997209563211 -0.9088768259101395
v 70.5063161648725867 -29.3942879466297384 8.7820661129498081
vn 0.2259065470070825 0.0788740887510835 0.9709506218871394
v 70.5847345043693792 -29.3377203778171740 7.2125963623852263
vn -0.7064380059318953 -0.1442751697419245 -0.6929141499283343
v 71.6521857932791590 -29.4149944164997947 8.5345949923389011
vn 0.5609619082134265 -0.0498662844680571 -0.8263383636301186
v 70.4260643177341876 -28.1204285246616656 8.7491574508737564
vn 0.9260565790192038 0.0639441242301513 0.3719278981626522
v 70.0948743251453976 -28.6640348742353446 7.5835588630604427
vn 0.9774547496907015 -0.1003400855030072 -0.1857796532140628
v 70.0879448824815086 -27.9957054969476324 8.2019702132759083
vn 0.3508155758603434 0.0557604445033681 0.9347829719044750
v 70.6396035945835052 -28.5239514136692662 7.2212182813084329
vn -0.7577555467766628 -0.0072212936140941 0.6524985703032153
v 71.5653226530036619 -28.5363800028620496 7.4715935560452609
vn -0.8845383583749113 0.0433684921775952 -0.4644470545171523
v 71.7677881428504207 -28.6989218290961610 8.4361996584354646
vn -0.3615277640177044 0.0874728815142904 0.9282489810627028
v 71.2244046669326565 -28.1874662414188570 7.1551662627473647
vn 0.5893063333169437 0.7864153843412847 0.1851185803313338
v 70.1172729743664576 -27.1274739146106434 7.5908668158153549
vn -0.1186071642759930 0.8649561685587122 0.4876301539636779
v 70.9265013651786091 -27.1178723789089489 6.9121729312892555
vn -0.3731784782542950 0.9156994019794734 -0.1491054277423978
v 71.9022419528414503 -27.0981594546449429 8.1919497001827573
vn 0.5700882860471098 -0.0877277026002766 -0.8168862811360870
v 70.4970021846456376 -29.9925714094240661 -7.2629381665943606
vn 0.0456453944666545 -0.6617538428558122 0.7483303745202037
v 70.9190690486905737 -30.5139980490896221 -8.8228887617610958
vn -0.3748489837761778 -0.8563131824389569 0.3552688741548189
v 71.4406507515161451 -30.5983035954392548 -8.7020169503228395
vn -0.5733080785611802 0.0674521593884284 -0.8165586649165666
v 71.5661766085250832 -30.2049157729470146 -7.2687881365874540
vn -0.4482563752361811 -0.8778409460252097 -0.1687053512538503
v 71.7910060379612247 -30.5999840071343137 -7.6552712002441723
vn 0.1805645803815797 -0.6870254878436319 -0.7038411833395682
v 70.6547784336588620 -30.5324856779392242 -7.1610596285176111
vn -0.0044237377245676 0.2497796214875481 0.9682926062064511
v 71.0235203671747115 -29.4651891537433137 -8.8504556551867797
vn 0.9980968400162916 -0.0436611594882564 0.0435476876726453
v 70.0449030846122724 -28.7521826432705865 -8.0026952103911650
vn -0.5321931079811278 -0.1752041133960509 -0.8282958496011502
v 71.5440215595925082 -28.9674662516421080 -7.3465382919016822
vn -0.9732177252845708 0.0758398036774394 -0.2170151685253665
v 71.8231117035430913 -28.3503703737267116 -7.9006404578641876
vn -0.4012188258728516 0.0444566279726893 -0.9149027609503145
v 71.3844976927512818 -28.2031050336691358 -7.1940891362620230
vn -0.6446473873359164 0.6260074551099494 0.4387988287903029
v 71.6406881459152771 -27.2260633061255035 -8.5682430862643937
vn -0.5522573846900224 0.6989280453034075 -0.4544352193038022
v 71.7464795935984370 -27.1037620611174326 -7.6603162743455346
vn 0.8337513414789639 0.4865367418739355 -0.2610377355646563
v 102.9743044432266714 -27.2982921224703148 -8.9999873414618179
vn 0.9071472072113684 0.3278895806492429 0.2637657433221344
v 102.9743042000000059 -27.2982921599999990 9.0000000000000000
vn 0.1928349100924206 -0.4559622388015974 -0.8688573727814498
v 70.4798921774788028 -31.1483512025690530 9.5588865257301254
vn 0.7222740812714451 -0.6293934892764275 -0.2866774968146849
v 69.4086016273718798 -31.1483282657917471 8.6125927403248390
vn 0.6813148112883584 -0.7131491147904624 0.1650105087341060
v 69.4045116845615979 -31.1482925428530599 -8.2174244132587528
vn 0.3671764246576908 -0.8479089599556375 0.3824027573155617
v 69.8218028039017753 -31.1482920385598483 -9.1969874108200305
vn 0.1537622088391754 -0.4710773056068677 0.8685869877422017
v 70.7757581051926365 -31.1482925428806148 -9.5599676031662764
vn -0.1652887481602079 -0.7024888857685260 -0.6922347832226623
v 101.2945223538993815 -31.1482925436175186 9.5594784223882989
vn -0.5551148241157328 -0.7175689314141026 -0.4206451719872485
v 102.3244093882452717 -31.1482921452288082 8.9287041780650451
vn -0.5653313400419687 -0.8221390943080601 -0.0669909365263295
v 102.5242903068588305 -31.1482925397514308 8.1022764221963133
vn -0.1762070770328653 -0.7039326983604816 0.6880623679452795
v 101.0242996199999936 -31.1482925399999999 -9.5600004199999997
vn -0.8829329450409210 -0.4419392741109420 0.1584900393073946
v 102.5242955715556121 -31.1482925393657624 -8.0967941684072837
vn -0.3859100890593981 -0.8395339882841794 0.3824344201007889
v 102.1170776870435617 -31.1496467430456185 -9.1076041300894968
vn 0.3376168137680079 0.6567854099284478 -0.6742757687817790
v 101.9746041579735305 -27.1447816025177495 -9.9891571180231118
vn 0.2489372618029281 0.9628612111645102 -0.1045395988172579
v 102.7742996199999936 -27.0982933000000017 -8.9171571699999994
vn -0.2172741892777664 0.9037314964501277 -0.3688648926066322
v 70.0571441700000008 -27.0982933000000017 -9.8000001900000004
vn -0.2584058181480515 0.9599582949210086 -0.1081966041961852
v 69.1743011500000051 -27.0982933000000017 -8.9171571699999994
vn 0.1211685494485624 0.9638569062075891 -0.2372720948204110
v 72.2742996199999936 -27.0982933000000017 -9.8000001900000004
vn 0.6867982034064450 0.7207687281132011 -0.0938118775622657
v 72.4573089166360376 -27.1584882209116252 -8.2156966395325419
vn 0.0397629302990613 0.9718020949178218 -0.2324211644566060
v 70.6735785033206270 -27.0990521872205576 -6.9763514804603126
vn 0.3899212275142260 0.6364723725125605 -0.6654805446908509
v 78.2888694600771942 -27.1112184437141295 -9.8558862459318846
vn -0.7458437280134049 0.4357880328050350 -0.5037915480106664
v 75.6977392607488611 -27.1360284557070592 -9.9670219868263921
vn 0.0845334327640928 0.9366219457222343 -0.3399903374165428
v 79.6895231249664135 -27.0982896502285158 -8.8001093551454392
vn -0.2873574940213003 0.9069660360893292 0.3079582439393493
v 69.1743011500000051 -27.0982933000000017 3.0999998999999998
vn -0.0845930724213533 0.9735283901058577 0.2123357853877030
v 71.4256598532163878 -27.0984164543798336 3.2203009082607150
vn -0.1162350396652533 0.9157566487141524 -0.3845506155109383
v 74.4666780048024748 -27.0982953308191483 -6.5993903907694058
vn -0.2477975736135182 0.9469934951048637 -0.2044497071172451
v 69.1743011500000051 -27.0982933000000017 6.6999998099999996
vn -0.2546713069054073 0.9614395330791435 0.1038101616974472
v 69.1743011500000051 -27.0982933000000017 8.9171571699999994
vn -0.1830596552766187 0.9333625339948276 0.3087451096693837
v 70.0571441700000008 -27.0982933000000017 9.8000001900000004
vn 0.3487368590725245 0.8871361928867106 -0.3022779819879426
v 96.1743011500000051 -27.0982933000000017 -9.8000001900000004
vn -0.0772749931939042 0.9665036784238519 -0.2447431613345830
v 92.3206860141645649 -27.0982903676987235 -8.8006069170315460
vn 0.2066211356962629 0.8303966728094895 0.5174447526746371
v 91.6801629512400638 -27.0983099321194345 -3.7330418239138545
vn 0.3746930255914032 0.8794323293220659 0.2936050318307324
v 90.2516170557332629 -27.0982944491282431 -2.5774440026264864
vn -0.2538074284943428 0.8966082918015168 -0.3628709967934267
v 93.6618688412939946 -27.0983077751318646 -9.6919815597942929
vn -0.4034943335662901 0.9148330136772457 -0.0165190758247515
v 72.3615044287091251 -27.0982974363422890 5.2291813720109337
vn 0.2608973008443475 0.8522042450700992 0.4535201462963210
v 78.3285079647508269 -27.0982922903792129 9.7999733840022980
vn 0.3606457465413097 0.9304965804329369 0.0641152033785458
v 89.4077998733254589 -27.0982950216285481 -0.8316089667368050
vn 0.0651545057693983 0.9831690580344842 0.1706853646377752
v 79.2758198059447494 -27.0983004760294506 8.8180552121804450
vn -0.5956353417618102 0.7054264668915539 0.3841770938684282
v 72.0634003489410162 -27.0992700242748690 4.1075043910837339
vn -0.2839416227070943 0.9496754824073665 -0.1322634983992092
v 75.7631372031591610 -27.0983665301548236 -7.5782669545841772
vn 0.2156502276715943 0.9710751786175053 -0.1025084229620663
v 96.3034881724586427 -27.0984076537224290 -7.5515198167791748
vn 0.3397919701066409 0.7355276347455373 -0.5861232938355915
v 97.3051133998757649 -27.1081478344490030 -6.8971548661939837
vn 0.5174656819728359 0.8352011162044184 -0.1861944238458317
v 89.5405921850047974 -27.0981598972390216 1.3971037714430761
vn -0.2675750155683236 0.9435753626124803 0.1951131623298073
v 96.9234996509192683 -27.0983085193487447 -2.3314088540958862
vn 0.2871792246417424 0.8933637161507870 -0.3455855373122891
v 90.7267570659329152 -27.0982953999672880 3.0885180284620248
vn 0.2319427022938843 0.5113112094262173 -0.8275043383376968
v 92.1506245266510007 -27.1076769927443486 3.7473454983956676
vn -0.0764975267196902 0.9355489976725915 0.3448132847782689
v 92.3102600612189974 -27.0982937775355666 8.8004663873798261
vn 0.1610632227191599 0.9862131801440922 0.0379763294355143
v 102.7739988742333992 -27.0979790678452233 8.9166849483951385
vn -0.5020796764402511 0.8620889195332967 0.0686927457856048
v 97.5900251387575111 -27.0983052301766563 -0.4083949514389639
vn -0.3407425137887914 0.9300525858732587 -0.1374653658466750
v 97.3187746726750902 -27.0982982841845228 1.5406389750760912
vn -0.0643458893946904 0.9442777813705281 -0.3227988198986474
v 94.3128463273184252 -27.0982860140540360 4.0848088145623409
vn -0.3243396816911897 0.8555856039430082 -0.4034563733614026
v 96.1899165615058109 -27.0983040272212357 3.1165504001419979
vn 0.3809796973409873 0.8851512370366046 0.2671362157898821
v 96.3214760078503360 -27.0983848543686925 7.5034972187235986
vn -0.2703513952156189 0.8810669293148283 0.3881123409178166
v 93.6747956218993778 -27.0980766329808738 9.7085538989635634
vn 0.3698284273732808 0.8747361697794132 0.3131510299939117
v 96.1743011500000051 -27.0982933000000017 9.8000001900000004
vn -0.7565067432804973 0.6086340367718407 0.2392951245929371
v 99.5835417182987186 -27.1729572428378319 8.0393197835225010
vn -0.3210996181947192 0.8956579566975161 0.3077204247358888
v 99.6120693201133633 -27.1495801397414347 9.9644107461595066
vn -0.0571903597179256 0.9288738058164496 -0.3659545267152725
v 101.2127360157120393 -27.1028453915048004 8.8619068837334325
vn 0.3736994686698893 0.5300384026426884 0.7611885435552941
v 101.9746711445521754 -27.1524381321181210 9.9896482882495636
vn -0.3706625887449946 0.5830814778004986 -0.7229282367917619
v 93.4753042888621195 -27.2983302694438947 -10.0000112245869452
vn -0.2233647912835584 0.3344798089016167 -0.9155497951788261
v 92.3283879623664916 -27.2979762048664760 -9.0006002181714670
vn 0.6560174010496806 0.3417320893326511 -0.6729489940852602
v 96.3743057300000032 -27.2982940700000007 -10.0000000000000000
vn -0.3667174532573585 0.7456170571865611 -0.5563933082890998
v 99.5743026699999945 -28.5982933000000017 -10.0000000000000000
vn -0.4108396164859062 0.8127221373855679 -0.4131507435902150
v 99.6118964867515899 -27.1482933393397836 -9.9640403843073475
vn 0.1956443304523820 0.5865369207129306 -0.7859374889916071
v 96.3743057300000032 -28.5982933000000017 -10.0000000000000000
vn -0.2223068777319713 0.4703393215258855 -0.8540260972239854
v 93.4743042000000059 -27.5982933000000017 -10.0000000000000000
vn -0.1379879387374231 0.5530124417340003 -0.8216669447229796
v 75.6743011500000051 -28.5982933000000017 -10.0000000000000000
vn 0.2128159334543220 0.5594917557922449 -0.8010482842304055
v 78.4743042000000059 -27.5982933000000017 -10.0000000000000000
vn 0.4214933216246110 0.6443302140639958 -0.6381081060996621
v 72.4743042000000059 -28.5982933000000017 -10.0000000000000000
vn -0.2309701495135209 0.4058974777330376 -0.8842511111690277
v 69.9743042000000059 -27.2982921599999990 -10.0000000000000000
vn 0.5959787790084198 0.5101367566855469 -0.6201369078276058
v 72.4743042000000059 -27.2982921599999990 -10.0000000000000000
vn 0.1480080226776998 0.6877748434197093 -0.7106753055946377
v 79.7399342462094296 -27.5982932942577079 -9.0001199191431311
vn 0.5514634192181427 0.3696274049921899 -0.7478393401947873
v 78.8618133946522448 -27.4866939137845883 -9.3822236300570481
vn 0.3206252085601241 0.2416096894390654 -0.9158734812215797
v 79.5916317138351417 -27.2979324945739563 -9.0012368671089806
vn 0.4849575603740215 0.7897783579055232 -0.3755879524427437
v 72.6793995457994129 -27.1413761392603057 -7.4885253442802506
vn 0.1437720437317291 0.9399156446816765 -0.3096581668934801
v 73.4378460986022361 -27.0982939764309734 -6.7076257851865648
vn 0.3727467770268125 0.3842143455536897 -0.8446532879749382
v 73.4761557046725926 -27.3107633148893285 -6.8863059674503155
vn -0.2512630412400957 0.2731499459681048 -0.9285774017950250
v 74.4781512652001965 -27.2938434336610243 -6.8261006317738069
vn -0.6535720908387137 0.4388188265534962 -0.6166697329518653
v 75.3541249398538895 -27.2951818646022453 -7.3871948272187993
vn -0.9453726240197248 0.2633956165511704 -0.1920764195201710
v 75.6712836457214593 -27.2989527139987693 -8.1946043631646788
vn 0.2101752018270971 0.8210643191878735 -0.5307351206520000
v 73.7601933790843134 -28.5982933151688385 -7.5798396285967273
vn 0.2212968934664648 0.5739800483353245 -0.7884000184266048
v 73.4920560981866657 -28.5982932891195496 -6.8799898522898602
vn 0.5819391559970036 0.7392574982727566 -0.3388881378345965
v 72.5530339324036220 -28.5983120557387629 -7.7020337863246198
vn 0.7939744147151966 0.5870166464493125 -0.1581647418644997
v 73.1764036205547086 -28.5961529056618744 -8.2733828921383381
vn -0.1388358156024392 0.8455918010856842 -0.5154601073241988
v 74.4746185967522649 -28.5982932745807297 -6.8278755155347612
vn 0.4781570432580518 0.7238586282329109 0.4973877042262766
v 73.5248249137635668 -28.5982933014979643 -9.0775180103827164
vn 0.0797549215977142 0.6041308697045427 0.7928840046002790
v 73.9825591470376480 -28.5982933006737525 -9.2492508192593910
vn -0.4135360482653333 0.7417875002460581 -0.5279576131317705
v 74.6694981762971963 -28.5958858987492590 -7.7169800112292597
vn -0.6123752097815502 0.6219363347345034 -0.4880489708851092
v 75.3995997646993743 -28.5982932866346289 -7.4305448828361325
vn -0.8203404549859470 0.5644526025703678 -0.0918411528944840
v 75.6736258099551122 -28.5982933635890504 -8.2567772047104793
vn -0.5605099306664975 0.8204048530875945 0.1129800630844258
v 74.9200861477073374 -28.5978792659307892 -8.6166598253420172
vn -0.3902860548974647 0.5654355969169382 0.7266081344794861
v 74.4101640783311922 -28.5982448879884998 -9.1994537095546836
vn 0.4376621329288640 -0.8156687976681486 -0.3783335432006448
v 73.4299745391698337 -30.5982932991032364 -7.8119557880131136
vn 0.5371694568039045 -0.8254591662060831 0.1733959042288952
v 73.1953593753755314 -30.5982259719317895 -8.6339108722771041
vn 0.3562956591319719 -0.5602304552415536 0.7477935813468549
v 73.7680998229812559 -30.5982932975362409 -9.1988362448870831
vn 0.0559810064621363 -0.7092442130711792 0.7027366314207123
v 74.0166574254603091 -30.5982932944807864 -9.2493368490957888
vn -0.1113549629211112 -0.8617870235069737 0.4948971593652854
v 74.2479846539799695 -30.5982927277813950 -9.2397391233409305
vn -0.5409601537547702 -0.7244058959948390 0.4273151177966095
v 74.7452912448956397 -30.5982771427309288 -8.9619298125293483
vn -0.6199234065854577 -0.7461799627689536 -0.2427147155192782
v 74.8935377905780086 -30.5989323650680447 -8.0146177344895744
vn -0.0853667854236094 -0.5765614572797338 -0.8125819330540822
v 74.1109798490557665 -30.5982933612825185 -7.5192953979521802
vn 0.5617191615942135 -0.6029999682077242 0.5664473689932521
v 69.7541427958732356 -30.6140726608178895 -9.1572411575022503
vn 0.0269835464166136 -0.9554084229042377 0.2940520934569581
v 70.9043044999999950 -30.5982933000000017 -9.5600004199999997
vn 0.4318908116372346 -0.9015332872664773 0.0266093737962775
v 69.4043044999999950 -30.5982933000000017 -8.0600004199999997
vn 0.4759632192456755 -0.7724246902879545 0.4204986465600701
v 70.5116847524726467 -30.5978656384246186 -6.1750132041832337
vn 0.8510844790405402 -0.5172708077297717 0.0899228614251220
v 70.1743467686719100 -30.5982934753294025 -5.1631111024142111
vn 0.0996823096621389 -0.7409537917911834 0.6641166430460007
v 72.0076617241332286 -30.5982934201490906 -6.7964057922626129
vn 0.1512392876386215 -0.9426684987880425 0.2974941667785448
v 74.8300694160488291 -30.5980165933107529 -6.8781501644486500
vn 0.0650714049315833 -0.8880777183093134 0.4550644773026719
v 76.8733265829947356 -30.5982933019846648 -8.7999456509968095
vn 0.2367726576312403 -0.9652193276922064 -0.1108618872635874
v 70.2016908786525704 -30.5974729900715268 2.7200529395316124
vn 0.5910632470630750 -0.5728250258016514 0.5679046819551604
v 69.8872306149128661 -30.5979877719458422 4.3477882209800622
vn 0.4359902870649022 -0.8989879124341343 0.0416317532945885
v 69.7237456529881712 -30.5982932998138928 4.8080510275196966
vn -0.0391247520071980 -0.5806737697193223 0.8131956879745040
v 70.4517662063770018 -30.5982932842181015 4.0390559586251200
vn -0.2724090450739917 -0.9362820509449336 0.2217413656497688
v 71.2380387512195341 -30.5983620739130942 4.3170458337515960
vn 0.2475689553976857 -0.9484429006770887 -0.1979031997682931
v 71.8042736224305287 -30.4991083277837696 3.7853079461612320
vn 0.5063734006308682 -0.8528386015778013 -0.1274845041263858
v 72.1733276150962837 -30.5982933288296373 4.7600412215261994
vn -0.6762560135347705 -0.7312114068881249 -0.0894856558044320
v 71.4019925874917476 -30.5983023935967751 5.1792093167671212
vn 0.3116503703840963 -0.9451049762569569 -0.0982376225984344
v 69.4084639447809764 -30.5971421743025118 8.4698944453875686
vn 0.7516257630372331 -0.5793746134935501 -0.3152519144714212
v 69.7972198416579914 -30.5982932977832611 5.2903608260055535
vn 0.2024779061782504 -0.8236487354974801 -0.5297220573310817
v 70.3709366596072385 -30.5982328792444029 5.7678334411216960
vn -0.3677623252322896 -0.7183135507635684 -0.5905730394533549
v 71.0811767916470956 -30.5982932906661098 5.5931061735251006
vn 0.4614788971664554 -0.8857089641820819 -0.0505653857647279
v 72.1773460683701984 -30.5982933900844074 6.9490824361524366
vn 0.4595947099119446 -0.5748362760006904 -0.6770051391345665
v 70.1844383558988056 -30.5972383913936881 9.4323359204963548
vn 0.0175503825490061 -0.9590019263223540 -0.2828555981104095
v 70.9043044999999950 -30.5982933000000017 9.5600004199999997
vn 0.2315106164769939 -0.9115705910971575 -0.3397674085388720
v 72.7905582336145045 -30.5947103933877536 8.4756894157897200
vn 0.1102131846272215 -0.6655118982654942 -0.7382052337943591
v 73.8257828864719841 -30.5982932946939457 8.7999810050166900
vn 0.5221320656595423 -0.7345930980984365 0.4333025343062744
v 97.3278010784065941 -30.5978928952199958 -9.0155951989739691
vn -0.2137460463431578 -0.9361214801410300 0.2792654688486136
v 96.1840672950308289 -30.5851007202515319 -8.3072868988006565
vn -0.1000340703000900 -0.6585806380173901 0.7458315681223237
v 95.2028169673911577 -30.5982933106404680 -8.7999478009488001
vn 0.5811776561300103 -0.7498949768121398 -0.3160538811138821
v 97.1390248734935255 -30.5989105158639951 -8.0714799636696402
vn -0.3155819355342104 -0.6612596956516097 -0.6805465868485581
v 98.1055283410969139 -30.5974433473055321 -7.4812128486425742
vn -0.1015966568613078 -0.8378704434606014 0.5363312775605585
v 97.5250962456563428 -30.5982928242584862 -6.8134203927846375
vn -0.0394060296968122 -0.8899422886860830 0.4543675688599600
v 101.0242996199999936 -30.5982933000000017 -9.5600004199999997
vn -0.0516056942469273 -0.8680921602192536 0.4937133314861596
v 98.0677845066562099 -30.5982792868558242 -9.2680121394867925
vn -0.5361793792701418 -0.7225598000063619 0.4363702655546682
v 98.5476924331193374 -30.5982933005318074 -9.0391711445828200
vn -0.5678086113607185 -0.6100596136585854 0.5526487570304940
v 102.1582516922374566 -30.5994052226749496 -9.1368091360701502
vn -0.4897833448706901 -0.8693511265805879 -0.0658854597034985
v 98.8506626758761229 -30.5982036301754761 -8.3759690297394318
vn -0.0701827118883366 -0.9635331036472539 0.2582215039997420
v 100.0106470646576042 -30.5982929679224220 -6.7813082192189782
vn -0.3636320225552397 -0.9295889301955099 0.0603006884732916
v 102.5242996199999936 -30.5982933000000017 -8.0600004199999997
vn -0.5070346803520304 -0.8582428393162431 0.0795931007230374
v 101.7738246548680792 -30.5982880310148957 -5.2645146151999844
vn -0.1657570769938251 -0.9409224456288839 -0.2952787542953660
v 97.1986654697236219 -30.5977960697090587 6.9019048217824936
vn 0.4967059336884461 -0.8678049552927903 0.0140632502632548
v 97.0696530708712260 -30.5985971399055359 8.3903442536015014
vn 0.4111534454915299 -0.4934716658436631 0.7664454052768035
v 97.5382274456543144 -30.5982932975436448 7.6300661931676155
vn 0.4532726896834888 -0.7227023190919726 -0.5217712398802565
v 97.4623959763642915 -30.5982932974268920 9.0998468057979203
vn -0.0784653221452438 -0.7973576018764674 -0.5983845318442415
v 95.2858429029502645 -30.5982933116811076 8.7998184202799603
vn -0.1516450354674162 -0.7043205522761852 -0.6934957410535811
v 99.9209631881118980 -30.5982928295740955 6.7935153283545295
vn -0.4017689806367468 -0.8419582542845062 0.3601221796006131
v 98.5449615737576323 -30.5985122886124294 7.6833701632789522
vn -0.5341733190501010 -0.8267856541455195 -0.1763075361808577
v 98.8404855605588466 -30.5982932946519881 8.5750958709070506
vn -0.3459247712453699 -0.9069251428023506 -0.2404637976739421
v 101.5485984710043965 -30.5982932548091178 6.0051390193511676
vn -0.8741970644291455 -0.4726382793145530 -0.1113218283628290
v 101.7742922769205478 -30.5982932988496614 5.1250488654665132
vn -0.0276409138320285 -0.8617668856942121 -0.5065509003085761
v 101.0242996199999936 -30.5982933000000017 9.5600004199999997
vn -0.3533350402077039 -0.5804796760435373 -0.7336195847043686
v 98.4226987412294818 -30.5982420607835266 9.1541727689854664
vn 0.0205033538928228 -0.9001606382030642 -0.4350752094856680
v 97.9528867068104461 -30.5982933005064979 9.2589952375835978
vn -0.3391714870490715 -0.7400784435360798 -0.5807293687993876
v 101.7212532952606807 -30.5982930972994431 9.4446045149869455
vn -0.5162123370352519 -0.8482523900237651 -0.1182907684968431
v 102.5221146100752208 -30.5981072828270264 8.4731240281224647
vn 0.6169007731831398 0.5776418889197733 -0.5345683157569671
v 69.8679277242397063 -28.5982933026652617 5.4167401358653624
vn 0.7584116534858705 0.6303619044506258 0.1656974148084637
v 69.7217162128961263 -28.5980553164369482 4.6015002797425852
vn 0.2081192026010172 0.7337909454521010 0.6467126455244465
v 70.3938333806453045 -28.5982932918019621 4.0436032815659049
vn -0.4971188875335635 0.7635994552577493 0.4120542240864189
v 71.2710037617723913 -28.5985238969038704 4.2989931412369842
vn -0.5721439174762626 0.7384715139414687 -0.3568068956619404
v 71.3334663778261557 -28.5980863857992986 5.3545679305571658
vn -0.0635544328106255 0.7352782987175247 -0.6747789693708465
v 70.5609109998463282 -28.5981766169145111 5.7950467139534831
vn -0.5585211164188635 0.7442717211737255 -0.3662154660515125
v 68.9743042000000059 -28.5982933000000017 6.5000000000000000
vn -0.3088428638681728 0.7470253779228008 -0.5887012571559551
v 71.3259030710725170 -28.5971936730931304 6.3964290359947231
vn -0.7443060266382504 0.5559889243127057 0.3699795328819968
v 68.9743042000000059 -28.5982933000000017 3.2999999500000001
vn -0.3048118048251015 0.7271905655673252 0.6150476770049116
v 71.0716102716447296 -28.5982933234388987 3.3267689247571703
vn -0.6502647782646616 0.7441275130904690 -0.1530684892791600
v 72.2105313067279582 -28.5984688382916872 5.0740870625245229
vn -0.7250083000164703 0.5956729481533344 0.3457408042819690
v 71.9420699255865088 -28.5982932729309844 4.0322798949734038
vn -0.6110356937285119 0.5052640590496578 -0.6093796941336166
v 68.9743042000000059 -27.2982921599999990 6.5000000000000000
vn -0.1499350787462800 0.4890356279580887 -0.8592808776814392
v 70.8800941655190258 -27.2996793402817595 6.4950028509206135
vn -0.4921889715223598 0.7732649353582047 -0.3997641255255820
v 71.7910002293263005 -27.1041717716454436 6.0562499254305022
vn -0.9630247578441813 0.2691757200006464 0.0113025457880036
v 72.2144866947472366 -27.2950966054541198 4.9082695263280458
vn -0.6134650108563463 0.5047564749322189 0.6073562228783229
v 68.9743042000000059 -27.2982921599999990 3.2999999500000001
vn -0.8430288054888301 0.4091040852612918 -0.3491937578746188
v 68.9743042000000059 -27.2982921599999990 -9.0000000000000000
vn -0.8403285227629957 0.4640974908061335 0.2801097871521310
v 68.9743042000000059 -27.2982921599999990 9.0000000000000000
vn -0.2144324470502572 0.3980832391609451 0.8919352332715468
v 71.0785497542631504 -27.3041566490949421 3.3205065790645043
vn -0.3166006339684335 0.3508394432190526 0.8812920762451749
v 69.9743042000000059 -27.2982940700000007 10.0000000000000000
vn 0.1921373566734278 0.4971478587297133 0.8461248387389469
v 78.4727552896275711 -27.5982933012293188 9.9999999547488816
vn 0.1685009641783279 0.5055289953808620 0.8461961119623455
v 96.3743057300000032 -28.5982933000000017 10.0000000000000000
vn -0.2597882288245991 0.4127914817256302 0.8729909900903539
v 93.4758545905434914 -27.5982933022545431 9.9999997176130080
vn 0.6573636492269659 0.3484199278083187 0.6681890350649675
v 96.3743057300000032 -27.2982940700000007 10.0000000000000000
vn -0.3684600919013631 0.7464510493280325 0.5541191132176533
v 99.5743026699999945 -28.5982933000000017 10.0000000000000000
vn -0.1730679234666770 0.6765719570934741 0.7157498730294256
v 92.2650981109855906 -27.5982932893711208 9.0002924249792873
vn -0.3618378797947570 0.5789458671521794 0.7306812106883864
v 93.4759497608003471 -27.2984152813517973 10.0000625129095209
vn -0.6231455800013432 0.4491909834555198 0.6402476446712259
v 93.1060633508720201 -27.4712432846893186 9.4182679732680796
vn -0.3105788740214964 0.3230158912260075 0.8939807028269724
v 92.4137830795939834 -27.2971317420438382 9.0021033571529507
vn -0.1542646862759191 0.9593260342480442 0.2364232784268768
v 99.0810239377199480 -27.0983033301213716 6.9345798191951360
vn -0.5318299130337222 0.2788935359558597 0.7996094916924017
v 98.9618191437201062 -27.3126631672897702 7.0804813629612351
vn 0.0807996201429057 0.7775642939053203 0.6235905629724385
v 97.8024663535383496 -27.1039354194938795 6.7405402547459650
vn 0.6000682584455790 0.1725422163411080 0.7811192410805077
v 96.9733789940101332 -27.2940503343638063 7.1264865195114373
vn 0.8688356630549365 0.4443152188937923 0.2184229311753920
v 96.3993198315452560 -27.3014612080710819 7.9407345387085426
vn 0.7400217787575952 0.6720985224171252 -0.0255214249046181
v 97.0154874861570562 -28.5976789197628030 8.4697520154469306
vn 0.7030469608319588 0.6464691278398326 0.2963150985268089
v 96.4209024823854151 -28.5974804583827584 7.7576363533350827
vn 0.1283685876976837 0.6266499832687354 -0.7686555172258868
v 97.8067766564279282 -28.5982933124589174 9.2654019797982965
vn -0.5334578380708631 0.5796379371350281 -0.6159891207112428
v 98.4531048432858142 -28.5982328585740930 9.1364917457750234
vn 0.2450781052159860 0.8604094031653132 0.4468023962429604
v 97.5699617786456344 -28.5982933024048336 7.6270426807161895
vn -0.6725575528548565 0.7390928974004844 0.0375236873193967
v 98.8434722356652173 -28.5982932974526811 8.5532349733160427
vn 0.0552653846191860 0.6674122332349015 0.7426349360158696
v 97.9354847458394318 -28.5972137390684154 6.7167957387165167
vn -0.5232804052222986 0.8423218675013001 0.1291181204924739
v 99.5655846050531039 -28.5982933173848295 8.0826779555749582
vn -0.2012790344511056 0.8405478305673135 0.5029573489064589
v 98.4427063838232499 -28.5985475847831516 7.6146875571466861
vn -0.6057275701438302 0.5848529929977018 0.5394822400684581
v 99.1526995619548472 -28.5982932902121441 7.2886452489999662
vn 0.2159544796795392 0.6084854796723757 0.7636157958909825
v 79.7393430708372932 -27.5982932788623572 9.0002364471214662
vn 0.5632755539611846 0.5003514656922139 0.6575477633521188
v 78.9217104594126937 -27.4690509973090151 9.3279994093519019
vn 0.0819672686120565 0.3858429141350232 0.9189159986027406
v 79.7919032953070371 -27.2982634149789511 9.0000296920495391
vn 0.4558047226850805 0.4391646965188679 0.7741940480974182
v 78.4722753583818644 -27.2983426546368904 10.0000275900445956
vn 0.2264700939336688 0.8311678217767475 -0.5078103470751379
v 97.7373819411567553 -28.5992949078964003 -7.5198895975685121
vn 0.6653498624401002 0.7449151655053822 0.0491014943869210
v 97.0824994120569471 -28.5981970534836059 -8.4234443538951087
vn 0.2375584945575115 0.7386798274024691 0.6308074779615626
v 97.6756875575852490 -28.5981576553908496 -9.2501163664729091
vn -0.4377213976369589 0.5725882864219503 0.6932118235453880
v 98.4907723668026591 -28.5982932968669026 -9.0935421178251605
vn -0.7372958642704827 0.6736317818022546 -0.0511373745470145
v 98.8817913700760158 -28.5982534623335596 -8.3844851289964737
vn -0.3161253914523730 0.8558319601200491 -0.4094098104786431
v 98.5042191641081217 -28.5982932911799423 -7.7243507262527888
vn 0.1156279861763610 0.6093784914736039 -0.7844029722930391
v 97.7989657250664379 -28.5979399745796314 -6.7463525725946401
vn 0.6931391947279805 0.6430898142019543 -0.3255665025790314
v 96.4176303051843036 -28.5972313757597583 -7.7436623013195209
vn -0.2790697607715421 0.8454044735577013 -0.4554243567394483
v 98.8360053271819226 -28.5982932898363629 -7.0425093251235680
vn -0.5869131880436879 0.7288349009730367 -0.3526082767378248
v 99.5194134464558857 -28.5960632877969196 -7.7713135077694355
vn 0.8322119775049964 0.4641675863734022 -0.3032683238610877
v 96.4361485565132028 -27.3140737302050454 -7.7831417600590438
vn -0.3306726380878118 0.6209475409518254 -0.7106896353584510
v 98.4770875263518946 -27.1091586862010736 -6.7833325457879514
vn -0.6525492713995589 0.7305975588324441 -0.2010140677265606
v 99.5630613797531225 -27.1455367890257122 -7.7763236987989659
vn 0.5402937391062155 -0.8094235077124483 -0.2300353465124456
v 72.3786107743515004 -30.4962969512107875 7.9086875165107235
vn 0.0745633849479879 -0.8666868544539916 -0.4932486167661738
v 73.7342598113742440 -30.4982929193180716 8.7999212834219076
vn 0.6983644333446080 -0.6902388883547309 -0.1893604901823240
v 70.1871697913619670 -30.4982754282598982 2.6233325905565699
vn 0.6721899011473016 -0.7246726917025936 0.1516912215525289
v 70.1744752083833419 -30.4982929361259067 -5.1874622499011869
vn 0.5767290210217098 -0.6147747976440487 0.5379921788400452
v 70.5225244894362646 -30.4989077336555141 -6.1541678205063137
vn 0.2157027978850156 -0.6065601802894380 0.7652169958069546
v 71.9935923176249872 -30.4982931576350005 -6.7933579627194636
vn 0.2420135357802576 -0.9069986162568694 0.3446490368581668
v 76.0500688500991373 -30.5771945398591392 -8.5474003166684280
vn 0.0744406507389974 -0.8446485511403738 0.5301201888006359
v 76.8552191792291239 -30.4982929213685523 -8.7999585943398326
vn 0.1236743644334889 -0.9242894039619968 0.3611007467529653
v 74.8819557206986417 -30.4983636338522679 -6.8558502104824708
vn -0.1043344151295355 -0.9150504573311121 -0.3896113324297694
v 95.3046346004808100 -30.4982929255720165 8.7995524155081135
vn 0.2514854405600555 -0.8888930857480046 -0.3829153369815651
v 91.0136944321066466 -30.4982924815141168 3.4293291129384644
vn -0.2865637011658558 -0.8939646686672101 -0.3445408776166496
v 96.1342920969321710 -30.5824987713216672 8.4390595545400959
vn 0.4627610635003886 -0.8487199836402328 -0.2559816155072711
v 89.7937285917852961 -30.4983156058148239 2.1294315071375740
vn 0.5149143883100162 -0.8531382546101290 -0.0837752423577794
v 72.1723230108780882 -30.4982929254983794 4.6779550536577270
vn 0.2794663620655345 -0.9600441725586527 -0.0146198225032816
v 89.2441340145806237 -30.4982919989707675 0.3273736677264786
vn 0.1143292209256249 -0.5038168432953225 -0.8562110824174586
v 92.9282471820222327 -30.4882266443616459 4.0454244268585819
vn -0.1845985343440784 -0.8556735074462096 -0.4834730910533900
v 97.1779792876590420 -30.4988663497456933 6.8665634315242530
vn -0.1916719415552285 -0.8498026879446184 -0.4910165561185802
v 95.3133542004371321 -30.4984609403843692 3.8700740614243783
vn 0.5028595246987051 -0.8275160854677939 0.2496986718263662
v 89.6752860802839820 -30.4982813586371755 -1.9314523370416634
vn -0.3712239497161541 -0.8959337928356231 -0.2439168260131166
v 97.0910850650773938 -30.4982806273061833 2.2347457969192086
vn -0.7819804507639776 -0.0991110707721373 -0.6153727084242254
v 101.5130068707987903 -30.5076242436907279 6.1094653774992578
vn -0.4393942101543711 -0.8963542860201573 -0.0590061184633479
v 101.7742961721498034 -30.4982929206280602 5.1109983399722188
vn -0.1254280055614870 -0.8236516421616078 -0.5530513428112750
v 99.9565952176573944 -30.4982929823656939 6.7930053575182940
vn -0.4910219047166484 -0.8711387196213104 0.0038497097265414
v 97.7289310403083107 -30.4982831529313465 -0.0023001421373383
vn 0.2478814890550417 -0.9052664771762012 0.3450324226574156
v 90.9965275929177579 -30.4982924135039539 -3.4169000939114089
vn 0.0730381604804196 -0.8142006211534061 0.5759711586764082
v 92.8183758329623601 -30.4982528796870049 -4.2109700913143326
vn -0.1255225156668513 -0.9061472819931424 0.4039074168632034
v 95.3606515476460572 -30.4982904062269071 -8.7990854395489677
vn -0.2194530413665391 -0.8819923788589061 0.4170489255108852
v 95.4433286257822999 -30.4984951052877946 -3.8321647763494160
vn -0.1349334102326442 -0.9457054903621513 0.2956925773533580
v 97.1863955526490884 -30.4983778701103851 -6.9003088265787014
vn -0.5811363540491005 -0.8091472001433730 0.0869560032583085
v 101.7742641180765162 -30.4982929223412427 -5.1734280579401828
vn -0.3424434329902153 -0.9166702731352017 0.2060293803128835
v 97.1791148944901835 -30.4982877605055371 -2.0506982453967728
vn -0.1723642812570160 -0.5511215333991680 0.8164285700356781
v 100.1617241783524292 -30.4984587422122893 -6.7803612316861619
vn -0.3489799897905472 -0.8909812050226106 0.2904573273688348
v 101.5108078216660488 -30.5862067070958581 -6.0233459450155156
vn -0.9053221801599709 -0.4234429540543893 0.0329820371124867
v 97.4873206435663064 -30.3000192933634871 -0.1015610605325201
vn -0.9034236870952282 -0.3539867997275598 -0.2419069804985039
v 97.3423722911118290 -30.2982261922652150 1.0731829538427458
vn -0.7612607447831472 -0.3237438985119903 -0.5618469245519334
v 96.7597168538873404 -30.2980530188401680 2.3260982087532653
vn -0.5750125794995442 -0.4130053231071367 -0.7062486364605953
v 95.9274712201644633 -30.2981724118256466 3.1670683820046781
vn -0.3332744354170739 -0.3343887181009153 -0.8815397528780294
v 94.9021146813780803 -30.2979523289509913 3.7637101252770182
vn -0.1018415403583684 -0.1482565516916226 -0.9836911586153165
v 93.8447981811484624 -30.2981195521834401 3.9859493966200379
vn 0.4394301274072387 -0.2276676477997145 -0.8689468368503351
v 91.5807018012548184 -30.2997067773702007 3.5583934719414634
vn 0.6665022854412699 -0.3853811192597598 -0.6381661981174330
v 90.4946643143604206 -30.2980921050848409 2.6832892596510356
vn 0.8425598975794365 -0.3374056266739667 -0.4198217027259039
v 89.9263770193187355 -30.2981057628989952 1.8683160176612663
vn 0.8625406848315883 -0.4591655695142818 -0.2125806829956101
v 89.5759198631864990 -30.2981190973772136 0.9386629064993375
vn 0.9301899175629094 -0.3567773938304959 0.0863516561267186
v 89.4635038550528208 -30.2979861577659939 -0.3474618715442073
vn 0.8547551196329090 -0.3214176108643018 0.4075345444101833
v 89.8909046510736260 -30.2986370264531253 -1.8722792655787397
vn 0.6601391874557384 -0.3695854414367888 0.6539287840913958
v 90.7767940501777844 -30.2981969706587435 -2.9618544355628158
vn 0.4291409180904899 -0.3713908948546292 0.8233510039099540
v 91.5832400737301526 -30.2981588291758150 -3.5410391047740615
vn 0.1572814454589404 -0.3305733200596183 0.9305825202415463
v 92.9015179535161053 -30.2980643124356277 -3.9849063927703763
vn -0.1988528502498091 -0.3434329627552326 0.9178841670062133
v 94.4913402608618185 -30.2902425357770646 -3.9176393768671400
vn -0.6733714209047715 -0.2985216762444656 0.6763547429573357
v 96.3290143010312789 -30.3045334222279195 -2.8717435181135347
vn -0.8808339180616229 -0.3713669288795122 0.2936293802173235
v 97.2249273114001653 -30.2981422660314585 -1.4630512851390827
vn 0.1547621609004430 -0.4627979724311205 -0.8728497638580589
v 92.6758624068704364 -28.8182928774627065 3.9555275490093535
vn 0.4166654204104133 -0.6881305514500153 -0.5940254805943186
v 91.2737531714680017 -28.8182927196023719 3.3574467992993977
vn 0.6963747350179544 -0.5338492426856637 -0.4796532231858940
v 90.1667923404673388 -28.8179728356698988 2.3082733119760794
vn 0.7927092080650309 -0.5846332731223858 -0.1726732388273226
v 89.5238077107467660 -28.8182924849627682 0.7756032678848560
vn 0.8251331981502841 -0.5400088180425119 0.1659689180136245
v 89.5077326942143543 -28.8182924493052894 -0.6177341906266479
vn 0.6180348662145955 -0.6760428163440617 0.4012468250499888
v 89.9906538273177290 -28.8182922641427446 -2.0319527413499339
vn 0.5313748770904660 -0.5356943368955137 0.6562562894290369
v 90.9079433435475579 -28.8182924284000279 -3.0810522531824960
vn 0.2707280313231544 -0.6867901610222826 0.6745558596431257
v 91.8351989068119536 -28.8182923963558828 -3.6645427865706308
vn 0.0230053245248901 -0.5466753686732132 0.8370285516811902
v 93.1845608923827200 -28.8182922373921215 -4.0155282942884378
vn -0.2914035732600402 -0.6865688812319254 0.6661134504085793
v 94.9158138032011465 -28.8172199285492923 -3.7920782468336576
vn -0.4214914933000936 -0.8063632371435704 0.4148773925619463
v 96.3555647051319681 -28.8182923185552120 -2.8030537298836440
vn -0.6621687655936097 -0.6786261091599775 0.3178036026205892
v 97.1852049099805129 -28.8182921817863225 -1.5613291250740624
vn -0.8115981796296992 -0.5841234809859124 0.0103997010850755
v 97.4927785503148243 -28.8182921754257393 -0.1010163643758013
vn -0.7489401243035294 -0.5575419195816519 -0.3581001230346352
v 97.1390576190995318 -28.8154811470061283 1.6960959197071466
vn -0.4805375548993722 -0.5903178803809932 -0.6485433358179116
v 95.7385734801227812 -28.8172031018330159 3.3498524262615583
vn -0.1394126016048871 -0.6844167582453873 -0.7156380562453564
v 94.1974478663487673 -28.8182932481304661 3.9485630100896532
vn 0.0483722208809445 -0.9984335915152449 -0.0281156821189547
v 90.2926876746277429 -28.7728281087659425 1.7970806197855596
vn 0.0616457249399383 -0.9978783113801990 0.0209446955965494
v 90.1881429477858774 -28.7723497315600021 -1.5543223230256316
vn 0.0374015267832793 -0.9980717464897061 0.0495370028692465
v 91.1156265803337817 -28.7821248883735699 -2.7677506578105406
vn -0.0012177831778470 -0.9986033298879040 0.0528195658910760
v 93.7560093450455412 -28.7789145100113757 -3.5579832435279020
vn 0.0154787573029966 -0.9982899067894578 -0.0563708264499508
v 92.4555583828180545 -28.7847025843963316 3.4481587401357441
vn -0.0317569777091873 -0.9984256091435270 0.0462363209301474
v 95.6095015573850020 -28.7809861500899444 -2.8066811686939892
vn -0.0465116795274194 -0.9984373700780983 0.0309755015951200
v 96.5802568345378205 -28.7748652941310752 -1.7027940485931312
vn -0.0612977198589696 -0.9981174355770742 0.0020431194620336
v 97.0310820612957485 -28.7661239851543975 0.0000931667865789
vn -0.0548009644412097 -0.9980573293047625 -0.0296381800615029
v 96.6186530821738216 -28.7810839529603371 1.7450158895807286
vn -0.0183673263877935 -0.9985188679938610 -0.0512124162837745
v 94.8318754329591229 -28.7716564326243720 3.3500794877570628
vn 0.7707137983107766 -0.5385974273586290 -0.3404600598249993
v 91.0503419410614043 -28.7484334557364889 0.9620780262044507
vn 0.2146988720189552 -0.7943728768244559 -0.5682218993662826
v 92.4571972842417864 -28.7482928942049831 2.3587836219866030
vn -0.2612856265980437 -0.5251521667689049 -0.8099043295792362
v 94.1087241750072536 -28.7482931514376503 2.4914997679800961
vn 0.5219136884924089 -0.7990774338435193 0.2984650004377483
v 91.2038898427805407 -28.7487408281439585 -1.2657058910323586
vn -0.5767289458847966 -0.6945595713900190 -0.4300822302410605
v 95.4956460864350873 -28.7482927230594143 1.5850989237448945
vn 0.1570459588161921 -0.6968703408659075 0.6997916081526963
v 93.1485158081113838 -28.7498735165366455 -2.6000193969889982
vn -0.7085891274111595 -0.7050213249340344 -0.0290926090777427
v 96.0106950393102210 -28.7482929124142963 0.2538352217286385
vn -0.5071614354006913 -0.8280239464780681 0.2390891517848435
v 95.7917910510461468 -28.7482927834460718 -1.0928096074023081
vn -0.3880111620275232 -0.6954954923945570 0.6047589256893227
v 94.9093034161360549 -28.7482929903098388 -2.1047405863683188
vn 0.4561917307583258 0.7017027335009818 -0.5472681048489612
v 91.9403930671760747 -28.2967427259689615 2.0859633926795413
vn 0.4567115833516114 0.8894239289919583 0.0184283523130046
v 90.8117346492736175 -28.2971629773514763 -0.1023979553947902
vn 0.4312926513818452 0.7222812054331397 0.5406445312236764
v 91.8071072658860317 -28.2982920890330902 -1.9541822254033214
vn -0.0596405510370451 0.7186736374187519 0.6927851092159084
v 93.4743044238220051 -28.2982921824196225 -2.5858988110393231
vn -0.2966579975691190 0.8386161021789170 0.4568556288856698
v 94.8700930527264319 -28.2982922135194066 -2.1237502391678746
vn -0.7277248194795831 0.5995906616892672 0.3330279650846683
v 95.8040732443459859 -28.2982920802951945 -1.0984776488128036
vn -0.5724612750271764 0.8033636618286862 -0.1639966934040557
v 95.9680900917042692 -28.2982923162366085 0.6349902580846810
vn -0.4440920716331589 0.7011970934639983 -0.5577677545629633
v 95.1632839316697101 -28.2982921545784869 1.9138083315743779
vn -0.0223963259507129 0.7995856395657079 -0.6001343262838807
v 93.7942867243521476 -28.2982924706792147 2.5533869679674202
vn 0.5973906431301276 0.6232710538399798 -0.5046361193432090
v 90.4402312553011285 -28.2978456709803048 2.5751162965404535
vn 0.7950289944471488 0.5851359385021860 -0.1598275053347243
v 89.6179882328570159 -28.2982922250239639 0.6995607626282785
vn 0.2764837005890809 0.7341943892261260 -0.6200930270027580
v 92.1456033875143277 -28.2982922561134274 3.6871862812086134
vn 0.8472205123369310 0.4622139123312966 0.2618696292488774
v 89.6704818361298237 -28.2982394637151806 -1.0957333936236289
vn 0.0007003277201861 0.5771315731189476 -0.8166508781911236
v 93.6804275516850851 -28.2982923558686714 3.9267440950361747
vn 0.5051271968692886 0.7232836484840452 0.4708580240567034
v 90.4603959452363284 -28.2982921679363457 -2.4971358020557659
vn -0.3473817176123992 0.6148800680594955 -0.7079890141603961
v 95.1814149840325996 -28.2982922731858118 3.5279837965871388
vn -0.5426255200755623 0.7188845993156556 -0.4344680400553015
v 96.4476932825446909 -28.2985057567458753 2.5852062309018828
vn -0.7852510541931216 0.5801535604589958 -0.2163391508149686
v 97.1901982704077909 -28.2982922697679484 1.2462303515991131
vn 0.2465049556129891 0.7361798039484994 0.6302972339433095
v 91.9168129552709843 -28.2987133757425298 -3.6220602827745521
vn -0.6764748466369305 0.7253677902896623 0.1273709177082195
v 97.3901859738180633 -28.2983384793354169 -0.6092316311031227
vn -0.2091943636066115 0.6000986087972584 0.7720876750439810
v 94.6149962208749997 -28.2987696729904847 -3.8262828796351922
vn -0.5453071550279992 0.7314005166959918 0.4095038349662990
v 96.5565322033379090 -28.2982923731157214 -2.4412802853639746
vn 0.1924349616379888 0.2622695154674249 0.9456127573144663
v 92.6325654105020249 -27.2985488746429787 -3.8223164153249720
vn 0.5255352712684505 0.3825775991609817 0.7598993744391526
v 91.3748351376873984 -27.2986515195078496 -3.3164416395492293
vn 0.7679128479955443 0.3175289783734035 0.5563139453370863
v 90.3786133878182767 -27.2985117709588998 -2.3949106632455250
vn 0.8395336816623215 0.4427658055295096 0.3148676528453066
v 89.7737566275854704 -27.2985427024664027 -1.2906307163557964
vn 0.9297322265776701 0.3675676430618144 -0.0221814029518084
v 89.5518279132404871 -27.2985925471076278 0.1453177983419842
vn 0.8698124501010700 0.3530373735189912 -0.3446605787553692
v 89.8156472489229429 -27.2984252670421519 1.3780511836003748
vn 0.7007401372189367 0.4334116325395009 -0.5666724070129321
v 90.4868675809343586 -27.2986539908866810 2.5565088694707239
vn 0.5244011243396132 0.2738977027797685 -0.8062155476070375
v 91.3866947743498343 -27.2983545591721111 3.2979911853555701
vn -0.1103410018849536 0.2573030141951877 -0.9600104281668483
v 93.8528177801048855 -27.3119091880506843 3.9300958803114345
vn -0.4055295471026445 0.4422713796161774 -0.7999636324228291
v 95.2752051726632914 -27.2983351950027178 3.4701330597851658
vn -0.6619795417500686 0.3693364035232476 -0.6522067979842606
v 96.2555223797635904 -27.3001581486721498 2.7814824162012068
vn -0.8687942046340172 0.3080385597208466 -0.3876968863938058
v 97.1013239726810582 -27.2985389071280942 1.5183842721260838
vn -0.9286995853471967 0.3695976540194644 -0.0302432524582438
v 97.4178193225389037 -27.2941493825693051 -0.0920722241508831
vn -0.8533967994995891 0.3864081486219420 0.3498608941885637
v 97.0791233695657496 -27.2983122646381702 -1.4966325694276337
vn -0.6661323000391972 0.2562048051483521 0.7004476116479975
v 96.2972084959234422 -27.3008616532369643 -2.7496439227909772
vn -0.3237382590166279 0.7408610732923062 0.5884882409437376
v 95.1942475210004346 -27.1066683941940525 -3.5979966393392795
vn -0.0017059563697414 0.8261056049663152 0.5635127497724456
v 93.6732627264096891 -27.1026381283801356 -3.9809075099076567
vn 0.9132167457053921 -0.0998158248017024 0.3950594594265637
v 70.1171930754638737 -30.0980187281597154 -8.2274281348131151
vn 0.9734912069344394 -0.1575235182153137 0.1658348914746173
v 70.1286735949776414 -29.7073555785840817 -8.1234053772072787
vn 0.3943302288722971 -0.0225929838012358 0.9186910403832612
v 70.5588178421471781 -29.1097819843737682 -8.9804750037383947
vn 0.4741304178894117 0.0493635001124963 -0.8790697308454294
v 70.6590605183072000 -29.0725259099143045 -7.1785821364418059
vn -0.7109114443116586 -0.1548475312224150 -0.6860227113011891
v 71.7216865752957631 -29.7820226255186959 -7.3478181377807505
vn 0.1605692918109674 0.0504346985034991 -0.9857351793023243
v 70.9330574197267367 -29.5456142505137898 -7.1105278132561054
vn -0.8927818725998536 0.2690315919403998 -0.3613343749148606
v 71.7645393742060662 -29.3108066829555156 -7.5007020346763005
vn 0.9481378927044727 0.3178513077312695 0.0022544603442336
v 70.0752611365548717 -29.3714127484666250 -8.1352374341555134
vn 0.1941044537392469 -0.0348031510949977 0.9803633008800602
v 70.9715395405135610 -29.9923374633971456 -8.9958788634968059
vn 0.6344719577988636 -0.7727582334254183 0.0170307791983779
v 70.0004232017848125 -30.4924563228344851 -8.2440957372126462
vn -0.8890613790354340 0.0061807477486534 0.4577462863474481
v 71.8253564811897434 -30.0308346609924826 -8.2851033311062263
vn -0.7275938513159539 0.0160790954523790 0.6858196922053572
v 71.7533668678226348 -29.1952579235346015 -8.7327779621908181
vn -0.9470552325496889 0.1760447172708320 0.2685044581031893
v 71.7312022508547926 -29.5217399683116959 -8.3963146019833541
vn 0.0982869804133793 0.0720316842640603 -0.9925477852190809
v 70.7337218506816043 -28.7029145379912904 -7.1689252336257718
vn 0.0247773958250613 -0.2245964142628016 0.9741368134694532
v 70.7743304396634585 -28.8193197428043888 -8.8576888184733882
vn -0.8282089975603166 0.0497245579957520 -0.5582090331517957
v 71.7852176629743468 -27.4852924263289715 -7.6066821330927228
vn -0.0745704109743839 0.0281734557350103 -0.9968176915560132
v 71.0666734767482637 -27.4520270771847343 -7.1419536439621352
vn 0.3468222382676758 0.1266237247163366 -0.9293442674176029
v 70.5947382308757199 -27.9249861366499097 -7.1808896719305597
vn 0.6394017284448865 -0.0722224983880436 -0.7654732786899101
v 70.4676124662240966 -28.2823795229316524 -7.2296825846068291
vn 0.3500210944166171 0.7143044659655697 0.6060151511018810
v 70.6916913503912809 -27.1122601819365912 -8.9181357358062190
vn 0.2398514637066602 0.0525693539129082 0.9693852373473365
v 70.7700509381136413 -28.5244434134060647 -8.8691607559239944
vn -0.9978990275153973 -0.0429518792912087 0.0485042982546692
v 71.8559894697226156 -28.9863118744556907 -7.9595914332123767
vn 0.9438920920693783 0.1076305742396206 0.3122232823121007
v 70.1028082537340396 -27.5515265584055022 -8.3992299678508306
vn -0.6631282565532894 0.1476455639646380 0.7337994976845915
v 71.6898968482174581 -28.6756422068983490 -8.5413243300611565
vn -0.9987071257445409 -0.0456441115659390 0.0223761494997175
v 72.0363057503478217 -27.9192032761505580 -7.9921623913421769
vn 0.8752665089934393 -0.0684163658600105 0.4787773377228154
v 70.1615611373611614 -28.1333136986601744 -8.4946707066589813
vn -0.4284944771391866 -0.0530799944732018 0.9019839229431642
v 71.3237319719374057 -28.1854415079105998 -8.7933185194568235
vn -0.0300645769479670 0.0789693707376301 0.9964235844751180
v 70.8617248902898780 -27.6757334302976581 -8.8800543705133208
vn 0.7880895178824106 0.0422325902962610 -0.6141101856513518
v 70.2175928351379355 -27.6190934160274786 -7.4276484316184170
vn 0.8513692930482718 -0.3858313065389077 -0.3553934857998463
v 70.1487503878338998 -27.2409104024878346 -7.6794889498614811
vn -0.5127109481202465 0.2364146840877996 0.8253699660305696
v 71.5702760747479516 -30.0915007498509190 7.3080335180020173
vn 0.9697565845323196 0.1797636396874647 -0.1650975487477793
v 70.1803236457362232 -30.1634151478836792 8.1014328270806484
vn -0.9673220163118067 0.2059081743367548 -0.1479524940640256
v 71.8583401137358351 -30.1579248097451291 8.1526585387586223
vn -0.9445256514948071 -0.1432851561815147 0.2955345287548465
v 71.9344288448321834 -29.7002208136809074 7.7587650906436476
vn 0.8323944120267518 -0.0410089836883302 0.5526642797245797
v 70.1757376199167595 -29.0484196710396816 7.5628960430880872
vn 0.5239139094295620 0.2513058544026449 0.8138547677867283
v 70.5276483477439911 -29.9825034535101054 7.1157742140277209
vn -0.7770390787364339 0.1150978899203838 0.6188398386111785
v 71.6933037682796339 -29.2376928758822849 7.3592448387971388
vn -0.3458626288213074 0.1526066335610251 -0.9257916922169834
v 71.3616628494118146 -30.1694399581559978 8.7988277444937228
vn 0.8106799824218652 0.0207974629744146 -0.5851200147271601
v 70.2383671726072549 -28.6883769673851710 8.5059524166525886
vn 0.9638424045095509 0.2405585247508194 -0.1146272892419456
v 69.9266351298795712 -29.9083992747953786 8.1820680331720652
vn 0.9819616379240301 -0.0318195664676045 0.1863836281312536
v 70.1059053477118539 -29.5820069085162913 7.8365070505882617
vn 0.4063490421463042 0.1837769148433706 -0.8950455304158741
v 70.5973844526237571 -29.9406624012473834 8.7743832697907500
vn 0.2884629895598579 0.8109828950267219 -0.5090145848875709
v 70.4836062206682783 -27.1034352257931950 8.8753444125445409
vn 0.7307118262712644 0.1588558970491229 0.6639465572770388
v 70.4005817334175390 -27.4260638034594137 7.3376908484780135
vn -0.6264232295678306 -0.0485719838064322 -0.7779683154518036
v 71.5259839943675217 -27.9952937132320976 8.7023375802138094
vn -0.9897942749116169 0.1081690287750511 -0.0927725959863622
v 71.9158570181403434 -28.2554811134143655 8.0878404382955775
vn -0.1406289774168815 0.1351962206288497 0.9807881894875966
v 70.9996423371921708 -27.6614351782166423 7.1144562647043106
vn -0.1311483021591114 -0.1148797682855958 0.9846840923257724
v 71.2628506741075824 -28.9674216457126441 7.1624585436871113
vn 0.7480379326266240 0.0173311083572327 0.6634296375915053
v 70.2158582998567198 -27.9154779087820621 7.4791804996651026
vn 0.9621674287673599 0.0876198703275566 -0.2579856533665963
v 70.1793041713863204 -27.5231264458178906 8.3089574348207034
vn -0.0844075833444813 -0.0113588016546356 -0.9963665678348080
v 71.1591223440930634 -27.5713520188680583 8.8853134903517628
vn -0.9969445690024146 -0.0766398281993202 0.0150951339897467
v 71.8821555524835247 -29.0366308483038331 7.9635180911795489
vn -0.9525008638652602 -0.0437676260435908 0.3013743506777599
v 71.9433111630626740 -27.8579128597859977 7.8603505760559020
vn -0.9874771269748222 -0.0876969834466449 0.1311417660240626
v 71.9005340779173565 -27.4446329470381087 7.8288965988505277
vn -0.1901994453366863 0.0183979759245539 -0.9815730668042477
v 71.0157929006846445 -28.4597079610159227 8.8716458668372198
vn -0.5487222285436739 -0.0311714515544494 0.8354233995466327
v 101.5987583291042284 -30.2236761221398567 -8.6308217180558398
vn -0.0663272922592036 -0.1257197700812190 -0.9898460636443869
v 101.1123123270902511 -30.0178634835364413 -7.1119045071858507
vn 0.9834177033732246 -0.1153480525145098 -0.1399444442385697
v 100.0581605190717482 -29.5846725548913057 -7.9164612103287286
vn 0.0367156553888889 0.0367250090474384 -0.9986507068839583
v 100.9198735768717228 -29.3645094245038578 -7.0010239134251178
vn 0.6925143075220109 0.0622262137396524 0.7187154041767413
v 100.3294952273527656 -30.3001146092832592 -8.6101123528774490
vn 0.6442764190479885 -0.0283945684154332 -0.7642654279392742
v 100.5573604706495559 -29.0744112093274261 -7.2742587207385165
vn 0.8873359315360890 0.1201276466989359 -0.4452014073467835
v 100.1530567381369679 -30.3131808081380925 -7.5950215860095218
vn 0.3964273048030032 -0.0599061843516374 0.9161095136953085
v 100.6156824884059660 -29.7499490121861818 -8.8443903590454322
vn -0.9146487424239585 0.0840397971509885 -0.3954174888356506
v 101.8097076828054526 -30.1841250662838441 -7.5674646171466708
vn 0.9996913858546219 0.0232845977303682 -0.0086579764726259
v 100.1415766661349807 -29.1190270264723061 -7.8697811862455378
vn -0.7472765574897293 0.0362191582070517 0.6635253719377067
v 101.6430699933357147 -29.8589108574712725 -8.6057761208172536
vn -0.5225200082864098 0.0260237832441804 0.8522297833601160
v 101.4868947174706051 -29.1120911079579514 -8.7364544015535692
vn 0.9513060749681734 -0.2518253754727390 -0.1777659472358589
v 100.0933189131766881 -27.3638763745307223 -7.9324517158170957
vn 0.6636010441389260 0.0402129520063944 0.7470050687302319
v 100.2910138478627289 -27.6958911405764638 -8.6483909878809300
vn -0.3877085685543622 -0.0015644973181184 0.9217806779368232
v 101.1847531614660198 -27.7694151116327994 -8.9383481875933750
vn -0.9529864291660057 0.0282115874584364 0.3016968215916442
v 101.8541582747710521 -28.0048309748632143 -8.2377328460293811
vn -0.1349859687225395 -0.0307301286329367 0.9903708635870911
v 101.1523551359043438 -28.6471430652577403 -8.9738183335620523
vn 0.8520836315401258 0.1255842808475540 0.5081162005539618
v 100.2395319754621283 -28.0523090686002838 -8.5176675939365118
vn 0.9866762618010095 -0.0804844112091859 0.1413938257163166
v 100.0738094750910960 -28.3783152456112262 -8.1833010220639579
vn -0.7904962495577922 -0.0503312534650414 -0.6103953181010666
v 101.7175023295500580 -27.4872098469238075 -7.4876404881277576
vn 0.0699583778184112 -0.0784071771911898 -0.9944637449087452
v 100.8930476857268275 -27.5220790508233684 -7.1349629839390660
vn 0.7228055152929975 0.0834806081191171 0.6859906523634901
v 100.3660499543153719 -28.9675993622892030 -8.5902665370637408
vn -0.9904175576303068 -0.1237904419584230 0.0612289802083646
v 101.9645359916934382 -28.8306004281705199 -7.9786609515997826
vn 0.9710614615299046 0.0605512273790319 -0.2310263768367125
v 100.1664368511364813 -28.7958061552589086 -7.8220329449788526
vn 0.9475719290129470 -0.0279525477205497 -0.3183175999259433
v 100.0923681415755055 -27.6861911498399600 -7.5693836415657314
vn -0.9873830747557805 -0.0607196283649165 0.1462456509337873
v 101.8179410495637285 -27.5735235558089720 -8.2241440741647587
vn -0.9986758411047818 -0.0349975451972680 0.0377059176233913
v 101.8464360793764882 -28.4899357089983312 -7.9076527355723716
vn 0.1334362769285451 0.9422218391877372 -0.3072666037126823
v 100.6263440915494698 -27.0987164779112355 -7.0049999525516560
vn 0.3743880541164926 0.8668057153651109 0.3293652026933699
v 100.4429675922117582 -27.1253760730552074 -8.8236243630134013
vn 0.8901704581560004 0.1628832254707265 0.4255180493076511
v 100.1304724083153275 -30.4355795885880731 7.4868456193851456
vn -0.9859938002477606 -0.0097223180648057 0.1664983555607260
v 101.8727214372399601 -30.1367089331215965 7.9539649133018147
vn -0.5675691988793494 -0.0914618955816842 0.8182297514390799
v 101.5066290908911100 -29.1995246946816884 7.3334373607123791
vn -0.9502644226365524 -0.0600850798718855 -0.3055933740250413
v 101.8913456370450490 -29.7559786119950154 8.2563188160139394
vn -0.7388222644233498 -0.0500785026309008 0.6720370563939169
v 101.6030057213959026 -29.6793165731639661 7.3042385604146087
vn 0.9467464987264630 0.1463162453427887 0.2868146152098462
v 100.1054659705427952 -29.5015954393078239 7.7363188990162621
vn 0.9259664488062894 -0.1021488930467403 -0.3635268068992917
v 100.0075011643949097 -29.0212576851010340 8.2908233089861909
vn 0.0815979870791773 -0.6147374593195474 0.7844996014109722
v 100.8896688169444218 -30.5833713076779574 7.1155680703753834
vn -0.3435661130510106 -0.0875805815357934 -0.9350358109189574
v 101.2917072429324321 -29.7296899835018920 8.8006241402398544
vn 0.5744580181802238 -0.0782838078123586 0.8147819529069401
v 100.5493750179471562 -29.1348098549857148 7.1362339726377275
vn 0.6691584645596451 0.1408593169197212 -0.7296475876374072
v 100.4053914741493685 -30.0169999571924322 8.6788064859892682
vn 0.3295489494458595 -0.1139279977425190 0.9372395111440356
v 100.7696247398568659 -29.6428918875302720 7.1248520855264763
vn -0.0714419165097180 0.1486765257303252 0.9863018520017989
v 100.9858776572978343 -30.0240209853865601 7.0045573394689056
vn 0.6934096179974840 -0.0654656665874098 0.7175634802349193
v 100.2044189483801517 -30.0014593930978144 7.4666883310584709
vn -0.7897292472215418 -0.0225929843902822 -0.6130393732373455
v 101.5202299688733376 -27.6051471338180896 8.6678577581735059
vn -0.9615972917623209 -0.1795342002768796 0.2076008656203326
v 101.8054485550485992 -28.2715859132701119 7.6757692118383893
vn 0.9781851267937499 0.1862456630138770 -0.0920131008499164
v 99.9692914393905596 -27.6069812823227672 8.0556002333742640
vn -0.5991673630147411 -0.1340768493240611 -0.7893173440215883
v 101.5587151586208421 -28.4031339887695822 8.7992206775523965
vn 0.9993400086861154 -0.0322426565166977 0.0167319496766246
v 100.0881382706792238 -28.7120482194357045 7.9234506106311926
vn 0.4975417800306770 -0.0323683056781512 -0.8668358956062163
v 100.4558057835765936 -28.2792751538896390 8.7643871190724330
vn -0.8689342487018923 -0.0396409736281396 0.4933374754087624
v 101.7953483201576717 -27.4245749044201759 7.4542804512525036
vn 0.2519483123773238 0.0519309857385011 -0.9663463253981184
v 100.7231577891961507 -27.6359240704389002 8.8054165628553402
vn -0.6056147824556061 -0.1350618723072574 -0.7842123602189057
v 101.4091785278249063 -28.1012573534213388 8.7818758526424485
vn -0.6166730961153661 0.1097894698039718 0.7795258589986936
v 101.6032952278891059 -28.7498519045095975 7.2669457526780539
vn 0.3899056001575105 -0.0311756016279284 0.9203269553962593
v 100.5508786351790462 -28.8140842097555314 7.2348300540660979
vn 0.3252355949511028 -0.0150624810906720 0.9455130509095026
v 100.6388681664627427 -27.6172035335679347 7.1704064829527621
vn 0.4389252608169117 0.7564184015410420 -0.4849492934595339
v 100.2494430518526656 -27.1299842630344159 8.5980015858300742
vn -0.3145207997493125 0.5507534415552499 -0.7731411987082959
v 92.3823155821721684 -27.5982932337366798 -9.0020317396289595
vn -0.6604132622514826 0.3659749098830390 -0.6556803248370779
v 93.1627019205674856 -27.4463738820383583 -9.4805622731475925
vn 0.4933511838172084 -0.8070153719057804 -0.3245470673630155
v 92.3968832304360603 -52.5719753218799539 0.6575048913840734
vn -0.9397296942894424 0.0528031128703698 0.3378164189939120
v 94.5716667746460189 -52.2440081256590574 -0.4668286069354646
vn 0.8308984077010730 -0.1811680249579996 -0.5261045360122254
v 92.5285147647341546 -51.6821165885267888 0.6108741501194649
vn 0.9739926586081590 0.0697353903470988 0.2155812522241857
v 92.2918934035263590 -51.9922297199499184 -0.1160772864249146
vn 0.3221537767856484 -0.0161577944028498 0.9465494544833766
v 93.1357881605709110 -51.9448848888404626 -1.0381842990468386
vn -0.5289400573774540 0.0270137903819232 0.8482291381641738
v 94.1467788962011127 -51.7668974429227333 -0.9943911285645640
vn -0.8838654935620204 0.0694325734669207 -0.4625590849092974
v 94.4675786964274806 -52.0893576691572235 0.3696616224272857
vn -0.2994205642926662 0.0666264263456801 -0.9517921227826299
v 93.7451858653755181 -52.1438935003165014 0.9908959267335177
vn 0.9107881575295027 -0.0423341419837998 -0.4106978847358594
v 92.5031796203751639 -51.3269279652303894 0.5226817953882905
vn 0.2455226218593908 -0.0534463746849693 0.9679163843991507
v 93.1941231828475054 -51.5619477859558515 -1.0665712141574952
vn 0.3737400012661042 0.0184040846727109 -0.9273509050628960
v 93.0069201693414271 -50.6409922189998483 1.0564918545772994
vn 0.8515796493845810 -0.0086481531031206 0.5241538993482154
v 92.5030921813147557 -51.1609044257932553 -0.4985310893937765
vn -0.0788655536284017 -0.0378158495927524 0.9961677499148746
v 93.4629202959742429 -51.1282289227304005 -1.1645931889085728
vn 0.8803431442498026 0.2339993938288975 0.4126017838789354
v 92.5380821286701831 -50.6039748815901689 -0.5989610140646986
vn -0.6495700479456947 0.1067767403083648 -0.7527665511570953
v 94.2353983642284021 -50.7519127543284370 0.7483065122874879
vn 0.0847023357825592 -0.0693433400552340 -0.9939904504083340
v 93.2628853394102748 -49.7615007668400509 1.1171595227898430
vn -0.5560636084902500 -0.3321035704577595 0.7619058221342123
v 93.8108148599289393 -50.1455646150486771 -0.9962228659968991
vn -0.8908684136414636 -0.0901325654216455 0.4452298173151196
v 94.4663038694851878 -50.2140780807721328 -0.3680223831230315
vn -0.5002627594608372 0.1034576409597048 -0.8596706857999064
v 93.8937168550021966 -50.5078585559654840 1.1321692162345085
vn -0.7733998457145113 -0.0839082207771149 -0.6283407428575591
v 94.3446707976677601 -50.2684844148826073 0.6013736666031008
vn 0.9377633652770311 -0.1312308314850972 0.3215250217510728
v 92.4384633113098602 -49.8397786372225369 -0.4851219596995391
vn -0.1087528317309817 -0.0305108126575431 0.9936004790163243
v 93.4342007181413834 -49.4432733237273467 -1.1495731243388942
vn -0.7182181600506484 -0.0442840484379800 0.6944073715243838
v 94.2711512443516995 -49.8407263033600216 -0.7954931183704030
vn -0.8790708946891028 -0.0982406709062569 -0.4664580717389172
v 94.4547860796325836 -49.8093238559894189 0.4565463722448695
vn 0.4061759058265080 0.8648746039218391 0.2949797501813603
v 70.0818892124404016 -45.5979644984137806 4.4599303345665415
vn 0.9895795732687677 -0.0602265489796777 0.1307862032754311
v 69.8198760235768390 -45.9269059706640093 4.9035841936382383
vn 0.3515564091626457 0.1745109056566526 -0.9197575957737785
v 70.2402715362173211 -46.0924911426705819 5.5590068492957281
vn -0.4769024411571728 0.1338119629560468 -0.8687107805179920
v 70.8780847128275724 -46.3206931875523722 5.5344220241285367
vn -0.9527824308500051 0.2099154873379341 0.2194108649069887
v 71.2730493143414776 -46.0688958915556981 4.8669544661210145
vn 0.9533559086897785 -0.0007095675224369 -0.3018476567413069
v 69.8641297026195360 -47.0180393609291301 5.0454575343365295
vn 0.7648749264306263 0.1726840999261933 -0.6206017632511404
v 69.9972442927818435 -47.4859188889234289 5.2937729406016558
vn 0.0987906990699366 0.0444328698735730 -0.9941157467076314
v 70.4636540866048193 -47.7064106964936059 5.5915292561756686
vn -0.9981315607055532 -0.0609957743010559 0.0035920803041249
v 71.3044405018658978 -47.5897668961233506 4.7967999125221805
vn -0.6004249540862994 0.1094969399894261 -0.7921491618649971
v 71.0502453597329122 -48.5819579187581567 5.5152032727102345
vn -0.9151919092968678 0.0508480383335559 0.3997977565659706
v 71.2920325621214488 -48.3181442190083743 4.6115712760222340
vn -0.8465699988563935 0.4830600683193358 -0.2235446430393819
v 71.2806284720651036 -49.2422759018172513 4.9207944332687799
vn 0.1685591922421470 0.8117720122044352 0.5591189488044896
v 74.0053749532877134 -45.5982931035076859 -9.0680483936240126
vn 0.4107490975840030 0.9045367434910837 -0.1144484971874788
v 73.3235642981129274 -45.6080615543725187 -8.2586405189853540
vn -0.1417624482661139 0.8141860994294391 -0.5630314411802180
v 74.2612274274698052 -45.6557058397715707 -7.7456892610450438
vn 0.8917034839160568 -0.0377035912378560 0.4510469332339322
v 73.4083379019156297 -46.2013092068198574 -8.7206226751121427
vn -0.8062865265170622 0.0306407631982498 0.5907310562241327
v 74.7223642689660608 -46.4196383653898295 -8.6988217181275775
vn 0.9958783890057991 -0.0052562942578421 0.0905461522202319
v 73.4248287192846618 -46.8055372455141878 -8.4483402521973190
vn 0.6758439186906977 -0.1109227219498647 0.7286502228943833
v 73.5406677040377303 -47.3521565174827828 -8.8645992507067088
vn -0.4358079024254167 -0.1966554555629739 0.8782927211248409
v 74.2780196739250727 -47.8855581474656162 -9.0645426998247629
vn 0.9175542306830107 0.0875350555682262 0.3878554470448701
v 73.3223704071020563 -48.4014186167658167 -8.5597000236128817
vn 0.6199719210359690 -0.1133805978273077 -0.7763888569288541
v 73.6969921790562239 -48.4029181595937672 -7.8233631821343756
vn -0.1319103433642528 0.6792211364533759 -0.7219822083046850
v 74.1747507621070241 -49.3779778381689596 -7.7102847306815123
vn -0.6430877206367612 0.6815532955255134 0.3491751550791194
v 74.7382396266785349 -49.3193287929192437 -8.6882149661060364
vn 0.0687213415713993 0.5397293866108286 0.8390289425528334
v 74.0580313011061975 -49.2656684914201790 -9.0771444513486514
vn 0.2925351221235912 -0.0411306454879574 -0.9553698091974016
v 70.5263163007817013 -49.6244234364740322 8.8062056179688994
vn 0.4700739057237263 -0.5100100526554505 -0.7203612075535619
v 70.5279296759319578 -50.1064981732132111 8.7141593480343875
vn 0.5428039823463383 -0.8195572087254046 0.1835478639896953
v 70.1772832238496278 -50.0984914260240686 7.7132206002721571
vn -0.1516335162739708 -0.8800226033184920 0.4500749875197860
v 71.3932195480874725 -50.0982289000708150 7.1925935522622551
vn -0.5944893963870159 -0.0543732773468716 0.8022629894828514
v 71.6074486756922255 -49.5775121406878512 7.3548452069038568
vn -0.2124053687635193 -0.1585741880743134 -0.9642293224109115
v 71.2196245529345049 -49.7066616160648991 8.8666593380307699
vn 0.1526776071801459 0.0201014668881990 0.9880715962392037
v 70.7126659602410967 -49.2571507365955767 7.1700729687856803
vn -0.8914691580080359 -0.2083784053681944 -0.4023197490760951
v 71.7574872114493303 -49.4991790924234323 8.3246480329020596
vn 0.8947282081116074 0.0773819716104143 0.4398561856778614
v 70.1447124623029481 -48.5884192964722885 7.7001163961026835
vn 0.1851124584527006 0.0715787402950359 0.9801070664286494
v 70.9931073934874348 -48.5903686339600256 7.0864217876826912
vn 0.8514360944605972 0.0450774616890931 -0.5225175590325679
v 70.1813169972013640 -48.6311944762283517 8.4677454330317339
vn -0.2097429671284232 -0.0128440093093014 -0.9776721941249161
v 71.2177522699830519 -48.3328087777128559 8.8966788964123289
vn -0.3419749915699935 -0.0081309172830038 -0.9396738760468123
v 71.2203545576523425 -47.8768619201082259 8.8159054622672759
vn 0.4575901840970928 -0.1804073029781539 0.8706689545689207
v 70.4978596440099352 -47.7271450121153649 7.3181758677230455
vn -0.5014194101414324 -0.1541308531363191 0.8513649365841234
v 71.3479710128183768 -47.8297318895360917 7.2477663610223964
vn 0.6037307489437778 0.1821515819916467 0.7760992101256936
v 70.4401811423747546 -47.0789781303348178 7.2995987709960870
vn -0.2178021520696652 -0.0853062863030181 -0.9722577127855607
v 71.2447940199646013 -46.5834898130604529 8.7626583432171667
vn 0.4191650638487858 0.9022059724462582 0.1016121672386971
v 69.9241234706261281 -45.6149928613555673 7.8601031858806998
vn 0.0128588760531638 0.8489030968613179 0.5283920717099315
v 70.7135261529815580 -45.6254409763834659 7.0722309572172213
vn -0.7200188055857396 0.6525413447751025 0.2361412987217305
v 71.7354575648075894 -45.6175134977445893 7.7904544958664266
vn -0.0884456589657248 0.8310958508223544 -0.5490510469491754
v 71.2135043260415443 -45.6083082450762589 8.9081451812868284
vn -0.2968996379998471 -0.8544144069100041 -0.4264113345353118
v 71.3889521708962747 -50.0982185279242032 -7.2268953316172695
vn 0.5224145057950953 -0.7324305169808553 -0.4366103777168188
v 70.2399745305465615 -50.0981595359443759 -7.5029247860494266
vn 0.9464735004811226 -0.1294789426946478 0.2956740033984837
v 70.1442960365922374 -49.7278267730000110 -8.4284281805547163
vn 0.4073895971052248 -0.4939703197470173 0.7681321757220382
v 70.4557229829432714 -50.0982935954769459 -8.7196661706310916
vn 0.4914731911623944 -0.0159579041629753 0.8707464887459369
v 70.5638883053272963 -49.6359372123678213 -8.8435604152969720
vn -0.4267345354674391 0.1640285985724701 0.8893774536661813
v 71.4999505405015157 -49.8654485581565012 -8.7691131691256192
vn -0.3315461770069660 -0.8863455940925321 0.3232160583028356
v 71.5432363768676680 -50.0983736747523736 -8.6728747800340820
vn -0.9963043761185004 0.0244796464310511 -0.0823306567308692
v 71.8700474314157134 -49.3066801929964740 -7.8764242548481693
vn -0.3546697360169533 0.0990347355505938 -0.9297319503534816
v 71.3235618201623822 -49.8667545535237835 -7.1945752601981647
vn -0.3070709257914271 0.0657052661344243 -0.9494157490455909
v 71.3156201047722504 -49.3389609517393808 -7.1315026821029495
vn 0.9937441821459483 0.0698920168318170 0.0871068678937622
v 70.1166615511321538 -49.1215528170905742 -8.2288577075977827
vn -0.6663404671690794 -0.0196286899345148 0.7453892247305081
v 71.4699044768807568 -48.9602465097428308 -8.7413163927951381
vn -0.1409566697279132 -0.0371527714883443 -0.9893183960838648
v 71.1559500931081317 -48.7807244068127233 -7.1145328546823929
vn 0.8814562369417491 -0.0528417947701759 -0.4693001673576917
v 70.2226395614681991 -48.1520205136692852 -7.4804084877383632
vn 0.9111470942113588 -0.0997390804935414 0.3998288240391131
v 70.1221170953557618 -47.8998867965001622 -8.4094683086889770
vn 0.0189368845871522 -0.0731231826104386 0.9971431163915506
v 70.8620558245095680 -48.1586298260686760 -8.9590099309162365
vn 0.0925863012409458 -0.0159148173135515 0.9955774683129371
v 70.9974917844645717 -47.7480802080375497 -8.8769411614598361
vn 0.4665581307873944 0.1898119747712056 -0.8638836292172850
v 70.5556830668688377 -47.1597774014049236 -7.2223358491557628
vn -0.9993190066104813 0.0185758463226072 0.0318819848886448
v 71.8617802781520254 -47.3872619926839675 -8.1411129390011023
vn -0.3683410192027048 -0.0547557495371706 -0.9280768833805394
v 71.4537524076904305 -47.5437262084414982 -7.1968979471121868
vn 0.8587808061545879 -0.1530877531362162 0.4889372831153103
v 70.1201115687298682 -46.5777686657576666 -8.3853277329915059
vn -0.7802172679970463 -0.0910374910904635 0.6188482769913632
v 71.7016339862173169 -46.7732252938637885 -8.5835078284143869
vn -0.5637065309472190 0.0750443654966453 -0.8225589888723228
v 71.4789768006513384 -47.0151231213688661 -7.2193280954569836
vn 0.7430923996923379 -0.0985364191662820 -0.6618944474894538
v 70.3585496089696676 -46.2553284557468558 -7.3911401901366229
vn 0.6119921307888306 0.2186949946007213 0.7600250858946285
v 70.4066256100589669 -46.0709078555640303 -8.6361378596445455
vn 0.1084707647470350 0.7319572610196212 0.6726608813033856
v 70.6590997242690122 -45.6331795126396571 -8.8421584792549606
vn -0.5602184848446571 -0.0618257587474082 -0.8260343968586683
v 71.6182868265741490 -45.9737526099991385 -7.4105976343329161
vn 0.5932767432474545 0.7313746383957187 -0.3363240167356854
v 97.3494127436684096 -45.5980459118081995 8.6715118486850127
vn -0.1735694076885649 0.8437545186179326 -0.5078897252617558
v 98.0818403340290814 -45.6021018809559848 9.0762390180549311
vn 0.9982791342560599 0.0551664433997791 0.0198855131085506
v 97.2502395377164959 -45.9160190707707159 8.2884465193665573
vn 0.3166088230819168 0.0163388982831657 -0.9484154646301249
v 97.8510344085103441 -46.0279819906280494 9.1135092283347650
vn 0.9866414495903282 0.0288627515443705 -0.1603296339532517
v 97.2760989837280192 -46.5765124071155654 8.5185786303434448
vn 0.4500255073814131 0.1411358364669796 0.8817923329054680
v 97.6077461507680084 -46.0465607733192783 7.7833033922077366
vn -0.3685596107095694 -0.0082287704658109 -0.9295676955930814
v 98.1654759142432169 -46.6246641167445901 9.1219534533559870
vn -0.9263556259059583 -0.0477347918273888 0.3736129601627545
v 98.6689819551624510 -46.8409605182724462 8.0530737395514187
vn -0.9703210593143237 0.0122928820509166 -0.2415076125135829
v 98.6756962342602151 -47.1112819037153443 8.5081637913888244
vn -0.0719332552317711 0.0275815548778642 0.9970280159665927
v 98.0414379850540172 -47.3598572433571263 7.7071412979241964
vn 0.9712858689381088 0.0679651308331596 0.2280011004183413
v 97.3138547711986490 -47.0966517793221513 8.1905476735381981
vn 0.9932223591040527 -0.1150533377286612 0.0164946916695828
v 97.2511640803620594 -47.5274225541805109 8.2789826734505070
vn 0.0045390580338287 0.0176379194527898 -0.9998341366194408
v 97.8527911158120673 -48.0042867384888581 9.0805650933926803
vn 0.8998176949221491 -0.0202369404175495 -0.4357964916650052
v 97.2787019216344788 -48.1134773044995896 8.7031589643645955
vn -0.2349011515267884 0.0281671972335469 0.9716110631376093
v 98.0574632615960979 -48.3637402485074759 7.6755607379969373
vn 0.2868424679456056 0.4369555302711328 -0.8525205353235470
v 97.7076617373180341 -49.1065636110351988 9.0359081761440905
vn -0.6310402106930840 0.1425004839204433 -0.7625495817131287
v 98.4717174885541482 -48.8964793077442224 8.9423841926401550
vn -0.0397059477439761 0.8970317233759649 0.4401789692510296
v 98.0965834084172457 -45.5969445250843606 -9.0318291488022595
vn 0.9897043546564571 -0.0178349698102815 -0.1420112820374214
v 97.3071619730863233 -46.1604641694492628 -8.2209843505944722
vn 0.5427848259339300 0.7848851063049984 -0.2988979803151315
v 97.3993287993832979 -45.6213907103904575 -7.8542197556684137
vn -0.5090295380104908 -0.1507285236164616 0.8474490200603387
v 98.2624357679067941 -46.0041337993729940 -9.0507069536494775
vn 0.4674943387657237 0.0428083464248365 0.8829589394181192
v 97.6211494167053075 -46.7689055610141082 -9.0151707148354578
vn 0.2255745982764990 0.0237216340426110 -0.9739370537620716
v 97.8880609314901164 -46.4246633438252303 -7.7024715255664038
vn -0.7269204648284279 0.0400683570762453 -0.6855517227568121
v 98.5239645900113601 -46.4269155210089863 -7.9136686353334547
vn -0.6929822916443207 0.0300682711743408 0.7203273162500310
v 98.4038394460696111 -46.7942751016286707 -8.9761400968369287
vn -0.4195143849313834 -0.0097742979740935 -0.9076960636329523
v 98.2130358054890991 -46.9872928817889317 -7.7330185198582475
vn -0.9547945066875070 -0.1499607998647765 0.2566694537791299
v 98.6643755119870463 -47.2803531845266463 -8.5332462884026761
vn -0.9878940569736137 0.1031877962833704 0.1158344115295460
v 98.7129992357026254 -47.7993259314391779 -8.5203714506202672
vn 0.9038082315743257 -0.0166785687785942 -0.4276125651591496
v 97.3524893410002079 -48.2222540596076641 -8.0709729757425137
vn -0.4252222996693469 -0.0818516565377982 -0.9013802206538207
v 98.2238444292093931 -48.1844030467864641 -7.7129179051580010
vn -0.6308737114825138 -0.0167819582595979 0.7757040196088010
v 98.3845474221922416 -48.2440431184262195 -8.9951342063595714
vn -0.1932876413009677 0.8049675427074304 -0.5609519969728868
v 98.1665228063738482 -49.4186006788903427 -7.7927775101643544
vn 0.1385391184045466 0.7611576820441662 0.6335975818584246
v 97.9139976967514940 -49.4130634014274364 -9.1729570778822289
vn -0.1093972586342320 0.0221559406862000 -0.9937511530034190
v 101.0547776003448490 -49.7889074582943749 8.9061303239846303
vn -0.0162589901343600 -0.6198753041126863 -0.7845318684355758
v 101.0392925096597878 -50.0985848405114140 8.8241542121981063
vn 0.3826514513777106 -0.6845266571698685 -0.6204845867403774
v 100.5663048605525063 -50.0982933396873236 8.7067059814952437
vn 0.7284760651059798 -0.6844918247392946 0.0281702756958307
v 100.1159273514097805 -50.0984483637434082 8.0365482381402629
vn -0.0466651606470670 -0.8803005606078017 0.4721157546358453
v 101.0832540403286686 -50.0985131350709381 7.0944199876005518
vn -0.6664595985215260 -0.6017625805748035 -0.4401288449516571
v 101.7531350925693658 -50.0425065222176713 8.5780243767813005
vn 0.9153323745048275 -0.0625560085439166 0.3978107464340396
v 100.2292610953749517 -48.9021467751941188 7.5915281130268877
vn 0.3145340949633949 0.0366792666943326 -0.9485372604702064
v 100.6472943851577355 -48.4907990288980457 8.8220168778052077
vn 0.8469761920746695 0.0123938056619987 -0.5314863343867884
v 100.2509591165820098 -48.8309086711983369 8.4955040345473272
vn 0.3324165570198123 -0.2921132357104891 0.8967547547361219
v 100.5775965858618690 -49.0986752477753683 7.1701968356604162
vn 0.2309932254015049 -0.0078638120682180 -0.9729235788479820
v 100.8688143622676279 -49.1260144997188206 8.8384763703848606
vn -0.6273426690825716 0.0460038934338846 -0.7773833142904977
v 101.4832169342625008 -49.1255397885879432 8.6994981524080348
vn 0.4471323869686774 0.2621547072229093 0.8551885979154327
v 100.4730735860914592 -48.4665596350289718 7.2460397728480741
vn -0.5058003222259551 0.0522716070345221 0.8610654522939292
v 101.4277410068280574 -48.4240018448609533 7.2504179350466824
vn 0.9979236880837847 0.0609959152856366 0.0206835944585272
v 100.1392390594339616 -47.5139175222499190 7.8086229145201509
vn -0.2515128029817177 0.0623661405974514 0.9658425205193953
v 101.1890644179092362 -47.3186870644229387 7.1830345632182935
vn -0.8080283374051305 0.0212044108494936 -0.5887619034132783
v 101.7085361607876308 -47.8653462059405612 8.4782995162404706
vn -0.0874643465460447 -0.1686227788418359 0.9817924151972914
v 100.8747446286846383 -46.9278554005086832 7.0668332990441058
vn -0.8924405162017776 -0.1346421598445290 0.4306058683226522
v 101.8449146274614492 -46.7742203571674580 7.6142090415476398
vn 0.8185761493354888 -0.0121491379808706 0.5742695239914837
v 100.2157976305693694 -46.6507588099652750 7.4905091503478678
vn -0.2050957079154944 0.3050499795109365 0.9299893873561242
v 101.0386757958477375 -46.5550351658708195 7.1172012855121043
vn 0.4735731146094238 0.8396036620744958 0.2660717868362326
v 100.1393203789426991 -45.6197199080708700 7.4385762815953500
vn -0.4268421123238529 0.6903733623713881 0.5841150842727273
v 101.3874483997831675 -45.6074038207440680 7.2253695130551980
vn -0.3275237026096922 0.7932912759237921 -0.5132418297177656
v 101.6603660394089417 -45.6137724210880435 8.6883264822907957
vn 0.0546159601986319 -0.7377466770949672 -0.6728647243888743
v 100.9503807740404113 -50.0982710788341024 -7.1746309412348612
vn 0.5306732329146063 -0.8333874636017242 -0.1544385165023436
v 100.2094352309790679 -50.0980756604582425 -7.5861873638526385
vn 0.3008745722370170 -0.8749568647216021 0.3793744544084856
v 100.3342802177655386 -50.0983905086994454 -8.5361245853543295
vn -0.6638889249459451 -0.4423110907538087 0.6030028145293297
v 101.5261632637792815 -50.1048655650652606 -8.6644402833463108
vn -0.3039088845968392 -0.9004809718636820 -0.3110842477120042
v 101.5811927219013455 -50.0981888519332372 -7.5157649892585408
vn 0.8678422279212779 0.1557273233964792 0.4718038450292674
v 100.2838755745283379 -49.6505043168540894 -8.5304445729453384
vn -0.3005093038657771 0.0248558738578527 -0.9534549511250484
v 101.1899557367068923 -49.8270216799860748 -7.2181886567556344
vn -0.9966988499296493 0.0459422135822559 -0.0669381472710223
v 101.8906808508730109 -49.1940326868158380 -8.0262898823325362
vn -0.9866241744546127 -0.1461978999273053 0.0721034842334235
v 101.9337551389878911 -48.7437210595703476 -8.0450141365849088
vn -0.4424845257420513 0.0003963195472311 -0.8967760519826835
v 101.3952387665747921 -48.9692410857709604 -7.1729102890023819
vn 0.9860001292654033 0.0498286502926716 -0.1591252673167238
v 100.2184071558738907 -48.2676089511470892 -7.8078548951954234
vn 0.5656807036957265 -0.0116970825581918 -0.8245413996434228
v 100.5343663742262805 -47.9323334707446875 -7.2636112828043053
vn -0.9264577722371689 -0.1597949431736515 0.3407954993797186
v 101.7313484497457665 -48.3314295970596248 -8.3503655879743270
vn -0.1840301789205387 0.0189900635676964 -0.9827371320613510
v 101.2339149713677386 -48.2857936214038617 -7.1038713575856809
vn -0.0410501461214743 0.0177431175761183 0.9989995331741079
v 101.0291441887317632 -47.4773477967589841 -8.7946363757895050
vn 0.8787553814983253 0.0768418625315543 -0.4710459719076411
v 100.0843812880606976 -46.9082749745884300 -7.6672493871291927
vn -0.9257541161050105 -0.2349215365717885 -0.2962957781835247
v 101.7925796867066026 -47.2438840801277280 -7.6832937113377326
vn 0.9927053291489959 -0.1113681279845891 -0.0461873310377605
v 100.0489987732253923 -46.3374257428355278 -7.8823880897743512
vn -0.9978888727768824 -0.0355210577977002 0.0543695874640916
v 101.8265855164709848 -46.7926219590504928 -8.2284997859880438
vn -0.9427963912111421 0.0764878056530555 -0.3244758547344120
v 101.7923602217373968 -46.3545780501147320 -7.7604568079791942
vn -0.5155845390300884 0.8173464918593901 0.2571328360172599
v 101.7618806115621055 -45.6011072663529688 -8.3732260506685812
vn -0.5011170160071481 0.1935497104057834 -0.8434573171595164
v 101.2431465662835706 -45.8481403320814991 -7.1010768967062452
vn -0.2975690837395729 -0.9515323212160564 -0.0777102443927110
v 69.1743011500000051 -50.0982933000000017 -8.9171571699999994
vn -0.1554546044224504 -0.9515300963468741 -0.2653758498996618
v 70.0571441700000008 -50.0982933000000017 -9.8000001900000004
vn -0.2647212501978990 -0.9582048930402952 0.1084713909162127
v 69.1743011500000051 -50.0982933000000017 8.9171571699999994
vn -0.1547714278941962 -0.9510017330488811 0.2676593148866978
v 70.0571441700000008 -50.0982933000000017 9.8000001900000004
vn 0.5865896808743180 -0.5603779824652240 0.5847128039131441
v 90.0857059610475943 -50.0982932740268723 -3.7100708465392844
vn 0.5076286838349185 -0.8184657662650037 0.2691224791805186
v 89.0265533402832432 -50.0983235133541100 -2.3563029728972542
vn 0.6765393292685634 -0.7314146005607586 0.0855991707868041
v 88.4936950858777323 -50.0982932991538092 -0.6638911507830070
vn 0.0277192754928277 -0.5551490956733698 0.8312888326804302
v 93.1959257056867330 -50.0982307056530800 -5.0178729440636873
vn 0.2060976179807837 -0.8588898994952506 0.4688623597684989
v 91.5187816758664923 -50.0983140884140070 -4.6305377370669394
vn -0.1313511854037121 -0.8220871545049016 0.5540032278706271
v 94.5914647006130878 -50.0982932758899651 -4.8941306084643514
vn 0.1364306287733591 -0.9334594634507448 -0.3317229470910231
v 101.8914565999999979 -50.0982933000000017 -9.8000001900000004
vn 0.7805712838807594 -0.5487770534605874 -0.2992527633554263
v 88.6469107520117348 -50.0983436504107473 1.5680503264568064
vn -0.4173518620698650 -0.5528766926831180 0.7212106390747389
v 96.0968847384580869 -50.0983787453957490 -4.2950353374089154
vn 0.4956920325994900 -0.6752736051684929 -0.5461638645865657
v 89.9583716429525282 -50.0982727523822433 3.5997688553255047
vn 0.2643781614401389 -0.9583184628664428 -0.1083047158845349
v 102.7742996199999936 -50.0982933000000017 -8.9171571699999994
vn -0.5584917345496253 -0.7094096504517629 0.4299127007726786
v 97.6205546560386210 -50.0983004010070303 -2.8923987037898176
vn 0.1277307546816580 -0.8993207202049025 -0.4182189576269704
v 91.9129054318031535 -50.0983188450540666 4.8085104175214752
vn -0.6981050726459525 -0.6990229540534764 0.1549716659662047
v 98.3849068437238259 -50.0982934067155341 -1.0322967196997168
vn -0.6978130071225742 -0.7052827068097903 -0.1250332378434050
v 98.4555830695861687 -50.0985040094892753 0.7524001906113073
vn -0.3950845567146153 -0.6944509977126615 -0.6013701063583932
v 96.3100601717005134 -50.0984973289241822 4.1675180886005947
vn -0.7132970604605371 -0.5084987207760744 -0.4823239103625828
v 97.7707207536593614 -50.0982933367507641 2.6256356388862807
vn -0.1291416200842056 -0.4675139383781147 -0.8745016634542274
v 94.3492522393327704 -50.0983340748328914 4.9490951111288206
vn 0.2806913586398191 -0.9561844148183402 0.0832089300702787
v 102.7742996199999936 -50.0982933000000017 8.9171571699999994
vn 0.1238350575055310 -0.9512883830453729 0.2823389643947882
v 101.8914565999999979 -50.0982933000000017 9.8000001900000004
vn 0.7802549961320417 -0.5354892308763671 -0.3231925503881926
v 102.9743042000000059 -49.8982925399999999 -9.0000000000000000
vn 0.8470323625317093 -0.3508558084688622 0.3992948515666235
v 102.9743042000000059 -49.8982925399999999 9.0000000000000000
vn 0.2785595071323653 -0.3263542858519355 0.9032704362992552
v 101.9743042000000059 -49.8982925399999999 10.0000000000000000
vn -0.1969722233503215 -0.3461485899458294 0.9172693698728553
v 69.9743042000000059 -49.8982925399999999 10.0000000000000000
vn 0.5345224838248488 0.2672612419124244 0.8017837257372732
v 81.4743042000000059 -46.1982917799999981 10.0000000000000000
vn -0.4082482904638631 0.4082482904638631 0.8164965809277261
v 87.4743042000000059 -46.1982917799999981 10.0000000000000000
vn -0.4364568834482804 0.2181918262309355 -0.8728675248035199
v 87.4743042000000059 -46.1982917799999981 8.8000001900000004
vn 0.4852398214964975 0.4848923026457672 -0.7276137508794986
v 81.4743042000000059 -46.1982917799999981 8.8000001900000004
vn 0.8162361631199231 0.4089207939125271 -0.4080959572468404
v 81.4743042000000059 -45.5982933000000017 9.5600004199999997
vn 0.5773510567374132 0.5773498754159335 -0.5773498754147248
v 81.4743042000000059 -45.0482940699999972 9.5600004199999997
vn 0.3611361707042315 0.8465386559426084 0.3910920226800418
v 69.8542332137677278 -45.0482945175980944 -9.2185722751645383
vn 0.1564884848765100 0.7237016370105885 0.6721363661410152
v 70.7748049675461885 -45.0482940676309482 -9.5598172352164887
vn 0.7987211061013094 0.5651034868083523 0.2066461803792738
v 69.4046324794035030 -45.0482940817601758 -8.2457812053538984
vn 0.4082765087175393 0.4081351847514737 0.8165390152327673
v 81.4743042000000059 -45.0482940699999972 -9.5600004199999997
vn 0.7961894593448492 0.5912085769802409 -0.1286653151908297
v 69.4043655661479306 -45.0482940677615176 8.1887436313352673
vn 0.4442988296039088 0.7165050153789191 -0.5377909565523128
v 69.8398101479394455 -45.0453639797979974 9.1996648269785695
vn 0.0826459063666296 0.6959348785766777 -0.7133332313451429
v 70.8321506623643558 -45.0482940711608535 9.5599786438200454
vn 0.7844645469166165 0.5883484032579878 0.1961161161523546
v 81.4743042000000059 -45.5982933000000017 -9.5600004199999997
vn 0.4850712500726659 0.4850712500726659 -0.7276068751089989
v 81.4743042000000059 -46.1982917799999981 -10.0000000000000000
vn 0.5346010565321018 0.2672616940789045 0.8017311876388710
v 81.4743042000000059 -46.1982917799999981 -8.8000001900000004
vn 0.5390690141196331 0.6285700909684716 0.5606284319903638
v 69.7797436805703626 -45.5808377751464704 -9.1760948127750694
vn 0.0539283669527966 0.8514064452554155 0.5217267447767476
v 70.9043044999999950 -45.5982933000000017 -9.5600004199999997
vn 0.3940859280690028 0.9181123120544787 0.0420245612942278
v 69.4043044999999950 -45.5982933000000017 -8.0600004199999997
vn 0.4253152471603542 0.7166418564905634 0.5527489394460071
v 70.7325150616374856 -45.5993358260987236 -6.2832082802062983
vn 0.6338772042861092 0.7107706590275070 0.3049668181163807
v 70.3048121831767077 -45.5982933009783551 -5.7076345343342600
vn 0.3013763341340092 0.7136033643486795 0.6324101071410796
v 71.6474816821245781 -45.5982047011151863 -6.6478411683728647
vn 0.5461219494162940 0.8343180976165689 0.0752604036344219
v 70.1755199882391025 -45.5982932986521163 -5.2466280357274933
vn 0.2291191219833442 0.7271608109528495 0.6471024516689576
v 72.4547958053539531 -45.5980213754090258 -7.1297997000194027
vn -0.7754580204306266 0.5432186024820788 0.3218359962266981
v 74.6162936753828632 -45.5984562624011431 -8.7500903109237758
vn 0.3891221375966550 0.7235166948776584 0.5701820360775316
v 75.6026008112486920 -45.5972330729355662 -8.4736117099395631
vn 0.5763614147475931 0.4779324856258993 0.6628635295244434
v 74.9347005865380282 -45.5985732226680582 -7.4405932941183126
vn 0.0769682603593678 0.8045910742374743 0.5888200830089269
v 76.3902087793225064 -45.5982932967954042 -8.7988787695257180
vn 0.9458699894138357 0.3176110409873906 0.0667322243685648
v 70.1743011500000051 -45.5982933000000017 -2.5491933800000002
vn 0.6981040871868017 0.7081656942274611 0.1056031863743704
v 70.0269823084924496 -45.5983000353527999 -1.8609484626963022
vn 0.9414953698502184 0.3163429212685305 -0.1162481170337509
v 70.1737218284256272 -45.5982931529411459 0.5680671722008320
vn 0.6137829485524993 0.7134765143409100 -0.3379670924071532
v 70.3813659223644237 -45.5977027531296457 3.1675192095074913
vn 0.7008011668881681 0.7096977459434840 -0.0721583944591350
v 70.1748055141905240 -45.5982869842147025 2.5094463456726395
vn 0.5126295934209294 0.8583834196745281 -0.0197181332015930
v 69.9747595386951105 -45.5982803894893749 -0.5720172161638961
vn 0.4804374570856567 0.5633483806391035 -0.6721744207126359
v 70.8081127201711240 -45.5982933033319142 3.6127040895493487
vn 0.4606501368760705 0.7185379046975475 -0.5210611585110868
v 71.3421102496582478 -45.5982932981928712 3.8960839941905641
vn 0.8592252705265242 0.4615598161847352 -0.2206682364368167
v 71.8105543155486998 -45.5982845442624267 4.5344664839112259
vn 0.3224634316740178 0.9457675999254799 -0.0392553456769078
v 69.4043044999999950 -45.5982933000000017 8.0600004199999997
vn 0.4289948085886010 0.9009061396304945 -0.0658147535140083
v 71.8270723317850468 -45.5982933042001832 6.3196013122907004
vn 0.7191301260157841 0.6122709576311061 -0.3285972250309045
v 71.9927317149702759 -45.5982932772732283 6.8402918335564324
vn 0.6925635215858421 0.5878004786373988 -0.4181463450542903
v 69.6167269616817634 -45.5972239200923184 8.9364114704653783
vn 0.1494244996465503 0.8641362549163655 -0.4805630570950043
v 70.5824274154729068 -45.5982932852342060 9.5577039230711893
vn 0.6168808557760027 0.7135970336063784 -0.3320200045256971
v 72.5094465229641258 -45.5956157881142872 7.8224972697457256
vn 0.4669197522025510 0.7120835802792864 -0.5243309257518016
v 72.9475123758604838 -45.5982933013191811 8.4779998894074158
vn 0.1305671898338497 0.6068924734798000 -0.7839857999813910
v 73.5820421968954292 -45.5982977941530407 8.7971056345333594
vn -0.4082966669466354 0.4082316350502673 0.8164807186360579
v 87.4743042000000059 -46.1982917799999981 -8.8000001900000004
vn -0.0353898008386346 0.8957976256560973 0.4430509856275013
v 95.5719382200957881 -49.2982940705106785 -8.7999345398861859
vn 0.1219872017246576 0.7155552129463113 0.6878225496745122
v 76.3117001715708909 -49.2982931672128828 -8.7993682900291752
vn 0.7017465686329321 0.3248380039950090 0.6340599534527031
v 75.4942701022449825 -49.2973873314440212 -8.3656256974206276
vn 0.6318862871882622 0.2552572497796828 0.7318220114880022
v 70.6212883710469441 -49.2983823278394198 -6.2324081691848052
vn 0.8759931242200302 0.4564411578169540 0.1558766043059351
v 70.1751885476172248 -49.2982940989808114 -5.2634822806164081
vn 0.1573313351991927 0.3251064944188132 0.9324980526795481
v 72.5599920566277063 -49.2977959093915246 -7.1451757632332491
vn 0.2743109499555466 0.8004359633335857 0.5329688277345309
v 71.7054626693220030 -49.2983110638902957 -6.6938389129737619
vn 0.5079419043670536 0.8585543041351922 0.0698536229476121
v 70.1743011500000051 -49.2982940699999972 -2.5491933800000002
vn 0.9443996601584264 0.3187356389541401 0.0807271599472257
v 70.0142541486034560 -49.2982209318615077 -1.7551419981185048
vn 0.8250809450802465 0.5566122914104691 -0.0970782731422141
v 69.9911573425150664 -49.2979361973492942 -0.3780563075068705
vn 0.4448067184686118 0.8951393730292030 -0.0295378749755379
v 70.1743011500000051 -49.2982940699999972 0.5491933200000000
vn 0.1611000337295292 0.8052757072149024 0.5705942643436607
v 74.2792243741732250 -49.2982940693719840 -7.1542378130674011
vn 0.2405995150384795 0.9331400802854988 0.2671356657730699
v 74.9444600593479890 -49.2982952715266904 -7.4738892555939600
vn 0.7998355123228730 0.5623826954320097 -0.2097352071203941
v 70.1822466779487257 -49.2982651616297289 2.6678223345797063
vn 0.6961673806446363 0.3268316207901032 -0.6391651349832063
v 70.5442987666553591 -49.2986293312343591 3.3967707051839326
vn 0.3994063712538867 0.7098279699028862 -0.5801885932568389
v 71.2472174173397832 -49.2982940571315424 3.8459786928297217
vn 0.4886514915847262 0.8041802637229093 -0.3383989113613906
v 71.6159501972945236 -49.2982961834665829 4.1914232201838280
vn 0.8810653281611116 0.4517131937813425 -0.1402821374096219
v 71.8260737712951851 -49.2982942485092863 6.3231518904277770
vn 0.7984940723844407 0.4513158994735495 -0.3983982621062653
v 71.9924326703829962 -49.2982940465032655 6.8399353463094084
vn 0.5262648012628038 0.8021950990564846 -0.2820077693993174
v 72.2447667627641152 -49.2982940692239993 7.1977927959540544
vn 0.6881644470998201 0.5589972258695753 -0.4625492354527441
v 72.5920968727045164 -49.2984916934419104 8.0737377813310314
vn 0.4315582715980008 0.3277412157537718 -0.8404422369869244
v 73.2221964620974433 -49.2987657886898347 8.6740713189977523
vn 0.0269158760359433 0.8336540298855173 -0.5516307588168509
v 73.8545995373283972 -49.2982940701542276 8.7999958670029983
vn -0.3975142927019327 0.3233542004719063 0.8587342127427184
v 96.0798015366718232 -49.2982940491814148 -8.6759199079564819
vn -0.6427005108409214 0.5602908066257850 0.5225038424504130
v 96.6265986330307527 -49.2982940616969074 -8.2581396087548633
vn -0.4646956309984897 0.7070148890128845 -0.5330927848367620
v 91.2012348636655616 -49.2983208134265425 -2.4964733306503133
vn -0.2397043549065878 0.7094987001593904 -0.6626865146590444
v 92.3001628428588106 -49.2982940308241382 -3.1550916187485334
vn -0.7713295860819886 0.5420037334783874 -0.3335905012587699
v 90.3146897075631188 -49.2983095109390135 -1.2163568827686040
vn -0.4463980432657362 0.8942337199681385 0.0327847684217340
v 90.1194603696201142 -49.2983000272276826 0.2600037774604051
vn 0.0008851231413121 0.7206279612720728 -0.6933213958835258
v 93.7247302141198873 -49.2982941091040487 -3.3769255532629381
vn 0.4350046040811624 0.8967792558291887 -0.0809812369789301
v 71.8215224043706968 -49.2982947218742780 4.7289563963276899
vn -0.3703493475582257 0.8105463767074302 0.4537134910597801
v 97.0726811424010378 -49.2982537240483154 -7.4828737215925232
vn 0.3746052602527034 0.7932241419915821 -0.4800691195575099
v 95.5536880698849842 -49.2981577456246569 -2.7596915275124729
vn -0.2447648446650939 0.4627027927604554 0.8520541628251972
v 99.5058640956372784 -49.2985385303293313 -7.1271109042788234
vn -0.1094181356526568 0.7139173714256229 0.6916282660266465
v 97.7672187391819989 -49.2982940755081529 -7.1528690217857926
vn -0.5888582350914550 0.7050285819026653 0.3951970112049102
v 90.7077012286594879 -49.2982824218077482 2.0071805390126203
vn -0.6379479451381108 0.3317478525984183 0.6949573955217686
v 101.3092988699516894 -49.2988878739290968 -6.2012472226146400
vn -0.5696949409826760 0.8072279830591388 0.1543718160320073
v 101.7735953169088674 -49.2982941119038642 -5.2929073731007747
vn 0.7114461826504990 0.6861718179441185 -0.1516989302905467
v 96.7906830626817225 -49.2983145245913477 -0.6695637944334246
vn -0.2734034992894877 0.8035948973833155 0.5286641348491136
v 100.3098543532492641 -49.2982940709662216 -6.6401461310219521
vn -0.0484913887798524 0.8598730809621101 -0.5081996358232947
v 95.5245566774530488 -49.2982940703082235 8.7999837462152772
vn -0.2077810529729946 0.4314679259481679 0.8778738308569290
v 92.8349637060519228 -49.2983711235846442 3.3664389493229532
vn -0.5368967199772235 0.7125891516962638 -0.4516177730808411
v 96.9634833309853832 -49.2982940696747747 7.6450537254615130
vn -0.4921524613060323 0.3322391063314328 -0.8046136532861627
v 96.3632517261478370 -49.2982044399146915 8.5531885168039334
vn 0.3597878277216178 0.7018926468571768 0.6147352530245730
v 95.1234117348938639 -49.2985119062319157 2.9683344432299035
vn -0.1977818131109519 0.8088161829207574 -0.5538038792280536
v 97.5839926814202414 -49.2982980548220908 7.1807116369373887
vn -0.1883079656950321 0.3192689259472852 -0.9287666353720215
v 99.5272968941844880 -49.2978639574005371 7.1346643181811338
vn -0.5115559726476931 0.8586296261124672 -0.0326443258536184
v 101.7742809717479986 -49.2982940704883674 5.1476913831657392
vn 0.5450502957601515 0.7997439465572208 0.2516541178619026
v 96.5801424002587083 -49.2983582046889737 1.4216382739165829
vn -0.2616243814477034 0.8018126723899214 -0.5372607573860567
v 100.3031143503216924 -49.2982940698754390 6.6483223555150621
vn -0.4021467179628216 0.7197988096016810 -0.5658336247765184
v 101.1319890342657430 -49.2983893145140897 6.3374823374036406
vn -0.8647671078765096 0.2496830403278244 -0.4357019950695099
v 101.6685555993513645 -49.2982940504850831 5.6925526457425226
vn -0.1171071355523517 0.7130573043067239 -0.6912562474058019
v 95.6285044402875144 -45.5982932992819983 8.7995344843956698
vn -0.4859467517319064 0.7244870082710342 -0.4888500069834256
v 96.4785285066867146 -45.5990137955522457 8.4561113748329362
vn -0.1101220797627378 0.5669330928470768 -0.8163700115655749
v 97.8657093733898336 -45.5982932477910481 7.1505259049055008
vn -0.5024560163530216 0.5769614414144141 -0.6439359026732814
v 97.1724348774074826 -45.5976272864096259 7.4131639797458471
vn -0.1690545461329396 0.8741133218958430 -0.4553531167303020
v 99.4983613756680683 -45.5970470511256210 7.1139994679165381
vn -0.8198835654796142 0.5569566371039462 -0.1326282151063582
v 101.7739684304956995 -45.5982932992417176 5.2419817696082287
vn -0.4844166111392373 0.8369823821872671 -0.2545604815373051
v 101.6148528599678826 -45.5982933011326281 5.7768603173644433
vn -0.4710769400179872 0.6199563365732714 -0.6274875754355126
v 101.1558767676364852 -45.5993718907073458 6.3311242816865354
vn -0.6992493122185327 0.7109598123726014 0.0747431906799824
v 101.7739897560007591 -45.5982933013917204 -5.2729751687018815
vn -0.5954701499253046 0.7126287870072644 0.3709117313815922
v 101.5796795918132602 -45.5982933014609060 -5.8580973209681089
vn -0.4262355060500189 0.5507572574293293 0.7176278539544071
v 100.9479954109834239 -45.5967184158511145 -6.4093029145717422
vn -0.1843449303364493 0.7226742665612456 0.6661522732149274
v 99.5385945747898262 -45.5976212630752045 -7.1317831752771514
vn -0.2328214780332452 0.7297632623888335 0.6428372579697150
v 97.6883569714033797 -45.5982933155424774 -7.1602590773797186
vn -0.1284005467734886 0.6050166973115529 0.7857913817054053
v 95.7008586346713770 -45.5982673774744427 -8.7986414278386356
vn -0.4275953560899253 0.7184533130126869 0.5486228654289067
v 96.3863003396950688 -45.5982933030436470 -8.5013718470574382
vn -0.6208795253571747 0.5771989945333997 0.5304242978049571
v 97.0283460440481775 -45.5974815479784112 -7.5803568291859298
vn -0.7427800674326075 0.5570652884545637 0.3714243339145196
v 87.4743042000000059 -45.5982933000000017 -9.5600004199999997
vn -0.0694696433282046 0.9243534487692513 0.3751595266073398
v 101.1816610664842955 -45.5982933034341329 -9.5597579163198354
vn -0.5006909104773704 0.5863781484459180 0.6367646968782733
v 102.1063949836131428 -45.5995998817078885 -9.1819136321523764
vn -0.1259970760487183 0.9174107204370809 -0.3774682858920597
v 101.0182345796059167 -45.5838032873228940 -6.7709861400417486
vn -0.6004243877006485 0.7926354376026734 0.1059226968629465
v 102.5242500011567159 -45.5982932961422591 -8.1795048342702739
vn -0.7844075926745401 0.5883955126997489 -0.1962025718214016
v 87.4743042000000059 -45.5982933000000017 9.5600004199999997
vn -0.3316486770081924 0.6194727473940307 0.7115213772437250
v 98.3649689952030855 -45.6381098740176938 7.7934736024211242
vn -0.4884192881311204 0.8722161720378756 -0.0261829757110311
v 98.5797797541138152 -45.6049923815956078 8.5886723004612708
vn 0.2147575666256560 0.9288903308595020 -0.3017315707922388
v 100.3928003154272375 -45.6027154322317898 8.8337885561238210
vn -0.4311800741907270 0.8961228390998536 -0.1051075680648033
v 102.5242386674479178 -45.5982933000007691 8.1602672513587091
vn -0.1300016571916276 0.7859820163713002 -0.6044268682548252
v 101.2002248776628477 -45.5982932891883266 9.5598298092905711
vn -0.4878804507023039 0.7426665186608065 -0.4587146257563137
v 102.1410263561501210 -45.5992556250072383 9.1108626678952493
vn -0.6983968186571236 0.7111494492057968 -0.0806743117968819
v 102.5242732616188164 -45.0482940711480708 8.1522113450270197
vn -0.6993865321587850 0.7064965517267082 0.1082640338855867
v 102.5242713084730894 -45.0482940698483958 -8.1322687344485303
vn -0.5633894745136667 0.7303397146529453 0.3862592409352416
v 102.2291034293214693 -45.0495587772132140 -9.0592237700490390
vn -0.1668623657507722 0.5974595282789518 0.7843462647101395
v 101.2003656165564536 -45.0482940809468744 -9.5598285859281731
vn -0.5773550873630752 0.5773478601104431 0.5773478600652019
v 87.4743042000000059 -45.0482940699999972 -9.5600004199999997
vn -0.4364357804719848 0.2182178902359924 -0.8728715609439696
v 87.4743042000000059 -46.1982917799999981 -10.0000000000000000
vn -0.1117347660307209 0.8361903011253740 -0.5369367955019627
v 101.1818898335591541 -45.0482940666496248 9.5597549266137811
vn -0.4082679176693988 0.4081997035107828 -0.8165110589916109
v 87.4743042000000059 -45.0482940699999972 9.5600004199999997
vn -0.5591146915012788 0.6416607144669131 -0.5250355123772491
v 102.1707795649265478 -45.0493410263033951 9.1286110054199998
vn 0.3682481595887766 -0.2720613165240471 -0.8890308954196592
v 101.9743042000000059 -49.8982925399999999 -10.0000000000000000
vn -0.2756816781627052 -0.3055070629318031 -0.9114082766928210
v 69.9743042000000059 -49.8982925399999999 -10.0000000000000000
vn -0.8511028232728660 -0.4090064508377275 -0.3291469389043173
v 68.9743042000000059 -49.8982925399999999 -9.0000000000000000
vn -0.7922705456868195 -0.4640955108194786 0.3961347488851695
v 68.9743042000000059 -49.8982925399999999 9.0000000000000000
vn 0.1810485605601841 0.7413998558478513 0.6461792881761769
v 100.5939248320209884 -45.6284443472226897 -8.8610906277085491
vn 0.5550810498363141 0.8287553958729621 -0.0710599882076065
v 99.9755677216169261 -45.6109053883335775 -7.8607920946949044
vn -0.1684794927017228 -0.2519906033831382 -0.9529508887374900
v 101.0904717311757253 -47.1611704972658003 -7.1397227973260868
vn -0.9875944763587735 -0.0606142425172672 -0.1448553204742505
v 101.8789384778033593 -45.8887678078889749 -8.0276715157073770
vn 0.6713082764280774 0.0603929993965809 0.7387136682254151
v 100.4903080937703805 -46.6393476491836552 -8.7258117151557144
vn -0.7980218521522412 0.0959720403691793 0.5949373840622921
v 101.6672478775414419 -47.1996949721270980 -8.5865709798440619
vn 0.5165590516393965 0.0855066010009540 -0.8519714592371455
v 100.3813767746473786 -46.5935577537609191 -7.3131896893263661
vn 0.7925685812324620 -0.0816603743675574 -0.6042901846805991
v 100.2003389505649835 -48.4749802734132018 -7.5111918539894242
vn 0.7975898164238804 -0.1473648886204604 0.5849222805970039
v 100.2803322546140805 -48.2213916134301428 -8.5126774694462863
vn -0.9746950174311730 0.0587609603350917 -0.2156774734072688
v 101.8724166887535745 -48.0591880120860182 -7.8327656709312787
vn 0.0436693363289438 -0.1708144062441101 0.9843350180116838
v 101.0596880247798026 -48.2342206667533304 -8.8918746227531340
vn 0.9912826070256243 -0.0951950871215252 -0.0910861591923104
v 100.0658680762761321 -47.7392499339958292 -7.9639119480167242
vn -0.5577247187064838 0.0504441014853279 -0.8284917203986478
v 101.3771263426976645 -47.8729356398058670 -7.2213188785186144
vn 0.9534460014931363 -0.0346432268103998 0.2995673030771440
v 100.1701285019903196 -48.6147218190731252 -8.3531845371374907
vn 0.8847371310065993 -0.0703050828860937 0.4607574246158070
v 100.2055328963416798 -47.3964818053856263 -8.4471493955620929
vn -0.2761441254581680 -0.0149201280193137 -0.9610004223489347
v 101.2301289778619804 -48.6796166430218307 -7.1205361772972289
vn 0.6160971707068309 0.0061226831982084 0.7876463603658005
v 100.3367299967311226 -47.7876777849909971 -8.6504682478761907
vn -0.9911568003608215 0.0630417550250606 0.1167644390294350
v 101.8375908579491380 -47.6146238986834760 -8.0658208916956369
vn -0.6080195762872775 0.0917294166874490 0.7886050399063018
v 101.5546082684396367 -48.6408210707511941 -8.8521489381850422
vn -0.9699321241454361 0.0181584632709665 0.2426972285840102
v 101.8542567255483391 -49.6715172193056063 -8.3559575103582144
vn -0.6228064787782024 0.2080256387651346 -0.7542131155106322
v 101.4649483470953726 -49.4188752484855627 -7.2941126974303607
vn -0.0118634409197179 0.0830605590458451 0.9964738844046722
v 101.0932697964086344 -49.6180866853918943 -8.9065341456707312
vn -0.8944062885404304 0.2242675060575078 -0.3869644386065445
v 101.8139353740425008 -49.8928397737440861 -7.6114742150477133
vn -0.4550310845023129 -0.1259943005710138 0.8815169586345291
v 101.3193133845970095 -49.0862462875372074 -8.8076544377596360
vn 0.5928402369792309 -0.0918220569977054 -0.8000682241328669
v 100.3855795068794805 -49.1255896714358968 -7.3945136339289057
vn 0.7116877808583691 0.1334769833728892 -0.6896987730064215
v 100.2646262227101630 -49.6460431692954955 -7.4728374048622070
vn 0.3197900143505902 0.0517617506151774 -0.9460735002603664
v 100.6296730446679817 -49.5392198354622977 -7.2277370479420018
vn 0.3450110201010940 0.1343629710107564 0.9289316379744880
v 100.7399202212404816 -48.8091962802007515 -8.8720476815077181
vn 0.9532236189009411 -0.1534532074742033 -0.2604166766650564
v 99.9634857922308413 -49.2869269380907227 -7.8787626465401397
vn 0.9803179940742712 0.1079468017091831 -0.1653000861916155
v 99.9886724447442958 -48.8921263644756934 -7.7883054023948413
vn 0.6507002137116065 -0.0556897272021609 0.7572898296952222
v 100.3708867372135671 -49.1962567856628539 -8.6572989301171255
vn -0.3879174573919481 0.0985313333969907 -0.9164123649261707
v 101.4997631783495819 -47.5648742332432590 -7.1158716639250992
vn -0.5031440042227192 -0.1174163709403697 0.8561889434289151
v 101.3087521113223914 -47.8642720811829818 -8.8740227870812465
vn 0.9932450706556731 0.1057597157846499 0.0477400475005733
v 100.0099137049476923 -48.0456236558399397 -7.9651201561597933
vn 0.7299271521353323 -0.0143942779383069 -0.6833733659854165
v 100.2757027313472378 -47.3587257853252694 -7.4652451493733718
vn -0.1789935714530011 0.0198590863342388 -0.9836497944230297
v 101.2698505898208765 -46.2588725669057652 -7.1328720896062938
vn 0.7174732229673606 0.1185255210200646 -0.6864283467280107
v 100.3303792146790983 -45.9615313013000630 -7.4579143301622013
vn -0.1947214404086703 -0.0256400313500740 0.9805234058591054
v 101.1189459967479820 -46.8415519800700153 -8.8749070152719138
vn -0.3496062980380564 0.2848689254564040 -0.8925385883430695
v 101.2679324737094504 -46.6596442063972034 -7.1774904535593489
vn 0.6984458083909598 0.0220083034573181 0.7153244629677006
v 100.3430087429602224 -46.0793648603544881 -8.6449167069861481
vn -0.5934009536320525 0.0318955937938235 0.8042748157968831
v 101.4244576450190038 -46.1011261643385879 -8.8126891580870108
vn -0.9917399032650226 -0.0507621481428742 -0.1177929055070992
v 101.9327364761006720 -45.8880394706141459 7.9815691534736128
vn -0.5644933031736117 -0.0984592876398955 -0.8195444340300221
v 101.5255198366394467 -46.8355077244854741 8.6931186925101667
vn 0.1750444303233141 0.0961765669598181 0.9798517823531322
v 101.0379192571502642 -46.1924250720688434 7.0986339578903044
vn 0.9737738713357762 -0.1439545485777925 0.1761860818779373
v 100.0153317651209903 -46.1303521694042473 7.9467428135438780
vn -0.5698553864511370 0.0646232213728172 -0.8192000230664213
v 101.5430556339086507 -46.3764479964658349 8.7089918971182136
vn 0.6441994258977500 0.0903786523705115 -0.7594990446792540
v 100.2006048614985900 -46.8546908259605530 8.7447940505734287
vn 0.6340546119144382 -0.0230576869287107 -0.7729444302040921
v 100.2515265598340903 -46.5111222020160469 8.6492685695625209
vn 0.2909288814566367 -0.1238618975234299 -0.9486931096388788
v 100.8156396297292190 -47.3320167731955834 8.8696424080879730
vn 0.6126887906190618 0.3244173052322299 -0.7206704225341912
v 100.3449661683725083 -47.1140400009783349 8.6201729011430714
vn -0.1168445238528792 -0.0291922196842835 -0.9927210945454410
v 100.8327376237143227 -47.6538167539227402 8.9316697870028179
vn -0.5591273897719411 0.0073526748272480 -0.8290491542602891
v 101.3701593796817519 -48.4690238700627205 8.7966565240768890
vn -0.9972061072584085 -0.0286911843186484 -0.0689695265238564
v 101.8625615922625940 -48.1889530826203369 8.0900419706617495
vn -0.2982492907708236 0.0538738055373353 -0.9529664073993511
v 101.2082968578141760 -48.0707905125807500 8.8590626762144566
vn 0.9996873850411148 -0.0035317504348082 -0.0247519479743378
v 100.1177467360816991 -48.3961252051384463 8.0973421780659915
vn -0.9362056823158765 0.0701865223929247 0.3443730135679212
v 101.7910739651558458 -47.7777100046301726 7.7164662962257733
vn -0.5310395473072436 0.0388340567934745 0.8464566824289823
v 101.3032079636076048 -48.0343889729895253 7.2228824006234218
vn -0.8210179307567329 0.0327413568875790 0.5699627715255556
v 101.8021871544812740 -47.2563529205008521 7.5681448404920095
vn 0.9838006928992713 0.1544516127656991 0.0909994283772612
v 100.1060321161313027 -47.1967956544454097 7.8698098502500793
vn -0.7996967746496172 0.2201079573464325 0.5586032185082542
v 101.8085807738468560 -49.8421020560076045 7.6188554701232549
vn 0.6653632760375252 -0.0121907060268594 0.7464201883571872
v 100.4173209357217331 -49.7994465269566078 7.2651395883734216
vn 0.9379221204266813 -0.1198062213755519 0.3254974121771634
v 100.1128526648776926 -49.6176248554810542 7.9806588698962138
vn -0.9752060628196210 -0.1468941426059588 -0.1655150926891974
v 101.8936229148907984 -49.3725992104292359 8.0888520987460026
vn -0.6857431317396447 -0.0161629098085804 0.7276641516650548
v 101.6917090739036809 -48.8764432802269653 7.5974997975299887
vn -0.9948169887184122 0.1016785048562524 0.0008003795522054
v 101.9356479593811855 -48.6728643276743469 7.9578257440873408
vn 0.0661685800337510 -0.1329132489280401 0.9889164713340101
v 100.8727151483092257 -49.7201392694990005 7.1289571219898322
vn -0.5744376630051612 -0.1181742965947989 0.8099729667991971
v 101.4840921873048103 -49.3034617528631287 7.2331273406969023
vn 0.8274692240100651 -0.0176135647824409 -0.5612347509303353
v 100.2073625569863538 -49.4208024365803666 8.4619094936646455
vn -0.8392361711212152 -0.0086721371877487 -0.5436979337080465
v 101.7608144359901985 -47.3247550871350526 8.5395875339384002
vn 0.4543809279437322 0.0154120449404171 0.8906741498391807
v 100.5525887505720561 -48.1002108704548945 7.1949211504645216
vn 0.6577133137229587 -0.0362812344850684 -0.7523940915343529
v 100.3130511108920899 -47.9424612369265688 8.6792686250895414
vn 0.6290124906770541 0.0832242900977250 0.7729275542442373
v 100.4379462474243070 -47.2854860067492808 7.3499922413655536
vn -0.9041900542633451 0.0431634618207434 0.4249438331531573
v 101.7340076052449973 -46.3559613750297217 7.5781320525871845
vn -0.3658600768271557 0.0684022924165317 -0.9281527517473570
v 101.4638096401399849 -45.9694641755945099 8.7542537507519622
vn 0.9066956045458692 0.1461102580312602 0.3956701570692935
v 100.2425029813821311 -45.9684088740407759 7.4974987405122615
vn 0.6243277202753668 -0.0950759574908435 -0.7753550541545227
v 100.5024789510065233 -45.9761265267348023 8.7205550647368142
vn -0.5217382993185214 0.8349890449494078 -0.1748783629803661
v 98.6859389567291174 -45.6204472316741985 -8.1966475084940864
vn -0.1606216106531456 0.0062809882362681 0.9869960726254007
v 98.1361297415551235 -46.4177711857766297 -9.1176542604890987
vn 0.5761554261579428 -0.2741471429374005 0.7699923823831115
v 97.5732625601753654 -45.9502940909331627 -9.0138828991490048
vn 0.5181658392032825 0.0041104744160373 -0.8552702889045269
v 97.5118386078443251 -47.7221322431750252 -7.8771062071705771
vn -0.0802313633573990 0.0656021829319669 0.9946151426196838
v 98.0239419228937692 -47.1422097567527558 -9.1104254193700402
vn 0.9672294635669845 0.0166653572233745 -0.2533563314317221
v 97.3092389157699529 -46.7696348699683853 -8.3433816352042349
vn 0.9381602632333959 0.0205259500435617 0.3455922537683022
v 97.2903027748096321 -47.5048876725218321 -8.6275608112408122
vn 0.7539751227309122 0.4620282859340528 -0.4669597169989582
v 97.2666376151629208 -49.1514320375211895 -8.1035167186568149
vn -0.1353442427200065 0.1593595021964218 -0.9778990157589158
v 98.0688418233718124 -49.0367059706515249 -7.6819346232065406
vn -0.9708141509966409 -0.2201318632691050 0.0951937340287866
v 98.7044331228719329 -48.4529330909085232 -8.4318099320927455
vn -0.9667443656522959 0.2434818620971199 -0.0782426629739767
v 98.7391006592689280 -49.0030474405451812 -8.3349406350314617
vn -0.1865589739563123 0.0419505256293545 0.9815477077736919
v 97.9429701940203188 -48.8354872626618857 -9.1362766567830160
vn -0.5822515631935619 -0.0474838244264603 -0.8116208496437796
v 98.3974529763930121 -48.4927630960991891 -7.8162109334772394
vn -0.1831615095283491 -0.0429425960426356 0.9821444877778501
v 98.0586073824580211 -47.6935284553299823 -9.1191937286649392
vn -0.6322905295638142 -0.0496500714209060 -0.7731387693239878
v 98.3979280626652013 -47.4346152824384077 -7.8465968184600987
vn 0.7558058387458784 -0.1532063847501310 -0.6366202461353504
v 97.4460718088536737 -47.1758934629269291 -7.9835602294341301
vn 0.6238960326639124 -0.0349544342014186 0.7807252576648772
v 97.5240322799229062 -48.2862654436303913 -8.9086073036018831
vn 0.9484897206909501 0.0131714568339967 0.3165339831178851
v 97.2819770480454480 -48.8449470207321923 -8.6636429320910917
vn 0.4856461720536852 -0.0494207483300538 -0.8727573461186677
v 97.6307276514772155 -48.6852473865058641 -7.7732180622100424
vn -0.9521394852803390 0.1469750093207715 0.2680088565798716
v 98.6932705353229665 -46.3791862638424988 -8.5315893241780465
vn 0.7681482637308310 0.0101462621234615 0.6401916106075052
v 97.4627380270333390 -46.3917599764112865 -8.9140380259328555
vn 0.3012241593325886 0.8962464268066812 0.3255861610551521
v 97.5096356868635041 -45.6090258780580129 7.7117378324918198
vn 0.1198137098853971 0.0165330377939707 0.9926587195933964
v 97.8581410577682220 -46.6439276518854413 7.7036333172801630
vn 0.5390687237166866 -0.0626438653662149 -0.8399289596403032
v 97.7502704315081559 -47.3793866234921168 9.1131636246318006
vn 0.3361845786787024 -0.0708720481062112 -0.9391257007748506
v 97.5956063918166592 -47.0899375227617298 8.9885530572687404
vn -0.9928465701399060 -0.0216930373551502 -0.1174099667478567
v 98.6555191819157926 -48.1533791089339189 8.5853214180606319
vn -0.9413606490523432 0.0010391454954806 0.3374004276707281
v 98.6308814146786972 -47.6005558867942824 8.2483926332542605
vn -0.9810552341956810 -0.0083232208682804 -0.1935493514627090
v 98.6708769631479612 -48.7194207897152225 8.4544713771171978
vn 0.1185714327161820 -0.0923435936917005 -0.9886422386524532
v 97.9131044494629776 -48.5302786527329246 9.0981486572566475
vn -0.0643646640683754 0.3140374507207299 0.9472263032476401
v 97.8733587051274725 -49.1497474414469124 7.6154721232182458
vn 0.7503946572607717 0.1079309048202865 0.6521186840899158
v 97.4649525736582234 -48.2638855965240978 7.8792687141780151
vn 0.9955815850669559 0.0825727240582115 0.0447107673516589
v 97.2597957751278841 -48.6343841414797851 8.4154485619851727
vn -0.5588327224176945 0.8258009318421152 -0.0758868191711981
v 98.6027932775255493 -49.3912378480921177 8.2493294032620419
vn 0.6707407475738500 0.7414456116748011 -0.0191116318574084
v 97.2252752971559886 -49.3359464401632977 8.4182499231900287
vn -0.7829184309533744 -0.0142917961928373 0.6219601876608249
v 98.4618122243757199 -48.6114916963849026 7.8674267857469236
vn -0.6619247170089324 -0.1472389713774262 -0.7349669069559271
v 98.5099962575401804 -47.5020695696830941 8.8878648636673194
vn -0.6698801873898631 0.0497943006856206 0.7407975851484344
v 98.4107101029445062 -46.1150083490598632 7.7860112175557994
vn -0.9604643836608955 0.0328457498166544 -0.2764585401789534
v 98.6815199572854738 -46.1112278090941885 8.5082430416744224
vn -0.3584790159950426 0.3328089624149312 -0.8721989392492535
v 92.1092615567055901 -48.5948046620666858 -3.0962458560773092
vn -0.7359608725523086 0.3204707126999323 -0.5963724644663282
v 90.9109718802611724 -48.5983128326571148 -2.1900865695100356
vn -0.8925141728188086 0.3998133015789624 -0.2087289515090979
v 90.1606998357382281 -48.5897088519358462 -0.7614656016416134
vn -0.8982648649692517 0.3700999252829587 0.2369520577402111
v 90.2020623546044220 -48.6017139983127464 0.7716355836557496
vn 0.2016650086219040 0.3284752173072006 0.9227324942324913
v 94.2395527265357060 -48.6013960699871106 3.2895743350700446
vn 0.7591101115765793 0.3347769065782487 0.5582797339363950
v 96.0338610628916456 -48.6014651779892617 2.2136070417259175
vn 0.9167984392114862 0.3892197045780919 0.0893792113834406
v 96.8869305644656436 -48.6021606775569737 0.3795380296099358
vn 0.8693459191265764 0.2934852825309319 -0.3976230147208624
v 96.5502485600139266 -48.5982768358727384 -1.3566870051730844
vn 0.5420484505375970 0.5328887274636694 -0.6497792559107601
v 95.5488775043288427 -48.5514008728942770 -2.6951435579310457
vn 0.1376826915414398 0.3903033323623712 -0.9103333374081898
v 93.7933004498256935 -48.5998243868356425 -3.3730689748940983
vn 0.4115704374316423 0.8968651580344736 0.1619958744416824
v 96.4723569171333537 -48.2982604290970770 0.7103632813362849
vn 0.4506348760354885 0.6137259616496697 0.6482813066082255
v 95.4512729906799962 -48.4177379357329301 2.6536064770008219
vn 0.0820340999924482 0.9566186637165834 0.2795552515470373
v 94.4066705367750103 -48.2982887120869151 2.9366340885819802
vn -0.6829184111628142 0.2950850668985563 0.6682419075367333
v 90.9651597131061891 -48.6222489721087641 2.3249102683542722
vn -0.1939237068094820 0.6631115501122304 0.7229638082539299
v 92.6193927140023732 -48.3624461872156672 3.2016908745839263
vn -0.3158208663169517 0.9314852919989355 0.1805334627942088
v 90.7750963090371386 -48.2982677747180915 1.5387212950056808
vn -0.4108271631230356 0.9113893543351403 -0.0242999350792277
v 90.4108901685146265 -48.2982794315132011 -0.3955021556980166
vn -0.3420879705938338 0.8933493273674892 -0.2913808498632794
v 91.1109113922929339 -48.2982823729879911 -1.9833653903968105
vn -0.0588543945774384 0.9118137276819632 -0.4063642285556716
v 93.0448829354750160 -48.2958691613874649 -3.0826616755710883
vn 0.2344812663072179 0.8808734329334256 -0.4111940307239946
v 95.2957934121971419 -48.2981165975824567 -2.5118261030261269
vn 0.2623311750830825 0.9600679673940457 -0.0972206385671004
v 96.4272827718843502 -48.2982896593248583 -0.9104053910956076
vn -0.4433085105683346 0.0169485490035506 0.8962088546451430
v 71.5180984783329166 -45.9580499470331674 -8.7660128946681954
vn 0.6059734068179515 0.7545511733674530 0.2518903670235237
v 70.0761688865145231 -45.6339580605974646 -8.4042997291568913
vn 0.1252533362864485 0.9116517614481068 -0.3914111234976312
v 70.4896980259464812 -45.5966851757953506 -6.9132583726939405
vn 0.8423640861267321 0.0329181742602988 -0.5379025378330575
v 70.1843090707361057 -46.6843699772431222 -7.3855545399701512
vn -0.6266300407888750 0.7766408599553580 0.0645272549294866
v 71.7961770395931183 -45.6441284402444367 -8.2134239362018437
vn 0.9221657574800828 0.3385162435693253 -0.1871284814529800
v 70.0491566414255544 -45.9857139373166319 -8.0104405761119466
vn -0.1499158865582260 -0.0926176586112027 0.9843511549598749
v 71.0988581338614551 -46.3696316964031183 -8.8180040166828562
vn 0.2377247178538926 0.4444964234586426 -0.8636607482419021
v 70.7887524468599878 -45.9062887987831516 -7.1044054229511797
vn 0.9774995448891339 -0.0085484818913960 -0.2107642360527241
v 69.9941446156434353 -47.3812357865811506 -7.9100716294927755
vn 0.9684655524071593 -0.0243233890543234 0.2479573482387804
v 70.0680639848576021 -48.5695276591820218 -8.2493662308517326
vn 0.6521138742943297 -0.0283963035977029 -0.7575890343021250
v 70.5322302774402630 -47.6820483570370968 -7.2155945105996508
vn -0.7628355652296520 0.0470727859504696 0.6448767736890657
v 71.7710180021915392 -48.0252644609950892 -8.4166116247120044
vn 0.5976661794772898 0.0621390578102052 0.7993333944002839
v 70.5424215777407682 -47.3724843764709078 -8.9244472711011777
vn -0.9503831209139157 0.1052701144422835 -0.2927287592417833
v 71.8306951770548352 -48.0967737562601130 -7.6241361789224635
vn -0.1389495962083298 0.0451368111075862 -0.9892702755044146
v 71.1284839683726773 -48.1771955126604041 -7.1353672998687356
vn -0.3438239111519897 -0.0508583992625896 0.9376558757585833
v 71.2388582810446565 -47.3785631391609030 -8.8553805143057431
vn 0.6723581096399929 0.0298807413137228 -0.7396226833324392
v 70.4554510453197480 -48.5313112090512320 -7.3022586563819356
vn 0.3169303132262857 -0.0226003230476655 0.9481795198992802
v 70.6636456376942164 -48.9371084074161331 -8.7840583607123701
vn 0.5909105331169094 -0.0001980155314566 -0.8067370715675207
v 70.4503185745848413 -49.0084507731842791 -7.2985835207285268
vn -0.9529873908830780 -0.0148966307613164 -0.3026435580180493
v 71.8698854255062116 -48.6706759149029082 -7.7952115513239928
vn -0.5903319548892566 0.1000939718811900 0.8009303214572890
v 71.5045769436641052 -48.4797264070718299 -8.7551925614927981
vn 0.7794250892519223 -0.0464123529586171 -0.6247738980923241
v 70.2987142275919723 -49.4760254558277737 -7.4126683777260869
vn -0.9909006741581281 0.1208374146606292 0.0592804619676871
v 71.8838487180687338 -49.8822554674719854 -8.0605565789423981
vn -0.5279475318627699 -0.0717995956038493 0.8462365045725299
v 71.3826463065133794 -49.4681366982312269 -8.8511480887071130
vn 0.9000322440256362 -0.0594998234765447 0.4317426672457072
v 70.1904476515603761 -47.0383786791315615 -8.3734793653419146
vn 0.5639796911660084 0.0825169074253488 0.8216555652712699
v 70.5561647370427636 -48.4454049221249150 -8.7957949273661242
vn 0.9195937061570879 0.3481012472200543 0.1821343934574520
v 70.0697648835574540 -47.5706946652965925 -7.9585262065155140
vn 0.1650024957612554 -0.0146408426728871 0.9861844767174064
v 70.9234476067074695 -46.8112655941745928 -8.9188497563487541
vn -0.2096094966250799 -0.1416621519402292 -0.9674687042133426
v 71.0720985283414706 -46.5924236675159733 -7.0494511306803966
vn -0.9229460993678390 -0.0777679638602947 -0.3769915668270508
v 71.8107257010527746 -46.7724801310480274 -7.6263194421850695
vn -0.9999904769003132 -0.0014240132425385 -0.0041253236199492
v 71.8655243803854660 -46.3316975697897178 -7.9067353900334032
vn 0.4610601260441425 0.1374537563029670 0.8766584426390727
v 70.7297363378631729 -46.0064143045465599 7.1574164413214509
vn 0.2212912246928566 0.9519573211882203 -0.2116777090533700
v 70.1351866421698844 -45.6030879116400456 8.5074346017817195
vn -0.6664323559067615 -0.0836910430333705 0.7408533757205606
v 71.4697013100041119 -46.0425159636349903 7.2630955220668412
vn -0.3389433106428920 0.0726594076972687 -0.9379968244314681
v 71.2792126185249515 -46.1721271352758862 8.8515028530032502
vn 0.0967974606247217 -0.0765903813653710 -0.9923528430447068
v 70.9091032208471717 -45.9605293446478669 8.8941400624959321
vn -0.8221507567090830 -0.0062184234316164 -0.5692358601254031
v 71.6672282478692892 -47.4046307367700024 8.5926479724396039
vn 0.5888307241855157 -0.0804041323604567 -0.8042471969205258
v 70.5011307758871340 -46.7253839835272586 8.7664963564367788
vn -0.0643375495447294 0.0431898021994060 0.9969931397479903
v 71.0459123853624419 -46.9119950217918316 7.0931587628836947
vn -0.9521425698385216 -0.0067220143438426 0.3055803351402984
v 71.7602899174752622 -46.9369191819106675 7.5839926872443471
vn 0.8971550718825877 -0.1221262000182754 0.4244973124348906
v 70.2396077169499051 -46.4249284141656773 7.4496488391900311
vn -0.9194212927935136 -0.1765674125717810 -0.3514092132765031
v 71.8320878329985959 -45.9183985005572168 8.2256213222943959
vn 0.6626118812001516 0.0941598952308824 -0.7430204633941824
v 70.2129013190528184 -46.3116022459804455 8.4826532077294896
vn 0.4932989234039071 -0.0461166758508120 -0.8686365317997036
v 70.5775245264713931 -48.1619421493945197 8.7513566305743389
vn -0.7466206383965580 0.0284846060466972 -0.6646399397709112
v 71.6427942647176508 -48.4509329341488169 8.5325477172469153
vn -0.9170749952410164 0.0229043421383600 0.3980563329667030
v 71.8331826786362910 -48.5121422939976270 7.6253975383237096
vn 0.3595474889821215 0.0353938353000645 -0.9324552962954327
v 70.6322178027655241 -47.2834078218891705 8.8100207216666409
vn -0.9817988263819596 -0.0217025418183890 -0.1886797927538293
v 71.8188631145955583 -47.8969064250942012 8.0400705477675611
vn 0.9961447275023424 0.0654976372614829 -0.0583587301305232
v 70.1240744333367161 -47.3435249266642586 8.0597010292748035
vn -0.6045075044895869 0.0812965668260768 0.7924402471089320
v 71.6649373072673228 -47.3696178143373601 7.3316323866475921
vn -0.5254341991207504 -0.7027175009330960 -0.4796947115371189
v 71.5700751101325352 -50.0973424836402046 8.6625181957968884
vn 0.5884384294803875 0.1036444324673948 0.8018715896757826
v 70.3547885102198336 -49.7039388651800706 7.3427525828652129
vn -0.9628151719937919 0.1930091735763057 0.1890354556530503
v 71.8976483846162040 -49.8961324708889009 7.7314057542450687
vn -0.8513949388117054 0.0089201278805288 0.5244493202249455
v 71.7701566550892807 -49.0288616122612027 7.4862711203064807
vn 0.4679550521404290 -0.0013127374002513 -0.8837512918784143
v 70.5037034404628855 -49.0877911245097707 8.7718047067205340
vn 0.9713126379899870 0.0457796608172237 -0.2333580552207112
v 70.1262450325081232 -49.5465506925505395 8.2064046045748764
vn 0.9537570743325727 -0.0186804534440310 0.2999974730221855
v 70.1011675166674877 -49.0406167876436001 7.7620689567590588
vn -0.6979805260414127 0.0218738163728718 -0.7157825936862664
v 71.5068187508015143 -49.0232563724409829 8.7359740309051315
vn 0.9794242004393630 0.0062921232629710 0.2017142651835960
v 70.0092979092169543 -48.1190738825774460 7.7766469548425130
vn 0.0458691389155378 -0.0138461059611667 0.9988514941896314
v 70.9288197641903508 -48.1919479899800578 6.9840196734621394
vn 0.8999176645609973 0.1074671059194764 -0.4226097705405927
v 70.2496102805112344 -45.8719907746517990 8.3712306698518137
vn -0.5297241084949701 0.0145830266243841 -0.8480446357437100
v 71.4406434838119964 -46.9936441964238227 8.7447956873842259
vn 0.9979090319234003 -0.0644991150062891 0.0041747058707864
v 70.0322386339342842 -46.8628534679422373 8.0481389340071701
vn -0.9504486614168755 0.0252627524847921 -0.3098534094499555
v 71.9071464853188189 -46.4950179372321770 8.1391446522712609
vn 0.1106032684930723 0.7365386146740734 0.6672913802025665
v 74.1980159292937742 -45.5898259873585658 -7.1547296868732735
vn -0.9950719430622902 -0.0047994165874063 -0.0990393544539699
v 74.7854801216494565 -47.2452214584067534 -8.3643119163455868
vn -0.7481238191762427 -0.1339548128805703 -0.6498975759973906
v 74.5998596495785620 -46.1636940369957216 -7.8939770770170101
vn 0.3666091828055522 0.1338942081518802 0.9206899847972858
v 73.7139190309378165 -46.5699126721641932 -9.0584287303991502
vn 0.8797242635407788 -0.1056907534777185 -0.4635889178646815
v 73.3998215182227653 -47.3070618287649864 -8.1547393030447815
vn 0.9951734705464395 -0.0185946507862925 -0.0963535286468053
v 73.3542215963089461 -48.0934183149170948 -8.5213569764258921
vn -0.3786189289848248 -0.1273670041514773 -0.9167471586363721
v 74.5219457334561497 -47.3326978413789092 -7.8011522997380318
vn -0.4456949256573707 0.2087783291474781 0.8704985023086818
v 74.4499073637637565 -48.4970391934025145 -9.0130275689531150
vn 0.3735274582102135 0.1232582775323303 0.9193936235273661
v 73.9450063120927155 -48.2242795462523759 -9.1233350266219233
vn -0.0322589770109286 -0.0581534080549335 -0.9977863195763933
v 74.0858451965352600 -48.0412467066087032 -7.6764333063601908
vn -0.3325224242415392 0.1512107045201032 -0.9308942798272335
v 74.4115982910173699 -48.5376207575016210 -7.7427328597477540
vn 0.7189060860331634 0.0936601962423148 -0.6887683261477178
v 73.4665563313114234 -48.8260922192208398 -7.9275352219825921
vn 0.7428523232236033 -0.1445793076644943 0.6536568286773655
v 73.3936168530244686 -48.9156219583223830 -8.9235746806838456
vn -0.9915661978832245 -0.1030010402363206 -0.0786591439417025
v 74.8261015680115094 -48.1942482483317320 -8.4543027518662530
vn -0.2216093277135489 0.0380062676979321 0.9743945963961530
v 74.1080130258104646 -47.3082119112136255 -9.0934181542910402
vn 0.0923997048922549 -0.0424509898582385 -0.9948166705458247
v 74.0336985611761520 -46.8508869006750928 -7.6244490285263735
vn -0.9551121876667485 -0.0025148420034898 -0.2962336654401981
v 74.7398093263523009 -47.7521464438732863 -8.0833949514155830
vn 0.3399403447446351 -0.0283451167714160 -0.9400197425427369
v 73.6719897482623765 -47.5416183896558380 -7.7885391604551470
vn -0.9414996116183083 0.2184220765917668 -0.2566520558653587
v 74.7460259257623107 -48.8497515771735138 -8.1543397678477838
vn 0.5469544655355761 0.8314929044310488 0.0972643948807108
v 73.4175196405684858 -49.3267575278924468 -8.6380651849119214
vn -0.1427580172138206 -0.1370984580115411 0.9802163849538713
v 74.1167721518576599 -48.7711594883648658 -9.1269215906790944
vn 0.5770932403824968 0.0088969833672091 -0.8166298032718334
v 73.7583333691713818 -46.3938335692233679 -7.7581171090074266
vn -0.1313493406190966 -0.0414088351111809 0.9904709279396663
v 74.2137045907520019 -46.0375492295189872 -9.1251504131051604
vn 0.2426989856591843 0.9261839999882459 -0.2885834377191041
v 70.1845388979827192 -45.6072645608528333 5.6340286205759380
vn -0.3279276220717397 0.6901076037245901 0.6451472467304487
v 70.7793277997061097 -45.6095625001630722 4.2856492686862433
vn 0.2417647749971716 0.0000585536805012 0.9703348855637590
v 70.4446635112725517 -46.3788669445560018 4.1214802163711974
vn -0.7264035010001181 -0.0553312935546200 0.6850375184530726
v 70.9602245382455550 -46.1718464322018818 4.3303972376700379
vn -0.5110175814115423 0.7794129708832945 -0.3624588974037944
v 71.2769081768147998 -45.6047881156434443 5.0879849846336818
vn -0.8680459761399295 0.0305062221394629 0.4955457130457842
v 71.1570210567767418 -46.8886744934862065 4.5784023369307247
vn 0.3900527852558053 -0.1290744198399360 0.9117009481497607
v 70.2032338695966587 -45.8472863690913783 4.2903333975246705
vn 0.2579521036186150 -0.0005896211792964 0.9661575257615066
v 70.4455417105735933 -47.0168495547470044 4.1677163325659050
vn -0.6403252385281968 0.0306456432687950 0.7674923018848134
v 71.1252607837384687 -47.3315887550658232 4.4877208015345653
vn 0.9338165421607204 0.1448110567598373 0.3271336476535161
v 69.9604289628110223 -47.5283735498614348 4.5457869537001372
vn 0.2353909174048871 -0.1207893773906366 -0.9643656165131915
v 70.5051146853815709 -46.8356668233257949 5.5939692200828706
vn 0.5469479815338836 0.0479497449622948 -0.8357922753017410
v 70.1555545365697952 -48.4433442280512878 5.4955203242451258
vn 0.6074478951499050 -0.1344487497996999 -0.7828988366035854
v 70.1473187529589097 -48.1436477168050772 5.5302604307409888
vn -0.2012336940508547 0.0673119286173334 0.9772277649782890
v 70.5614386567978187 -47.6591251766245350 4.1612255124956956
vn -0.6527893270952468 -0.1360784048025222 -0.7452172583729768
v 71.0660189115068874 -47.8815957410280362 5.3744991798001349
vn 0.7449533095122322 0.1141093405452381 0.6572850409427430
v 70.0317450683470497 -48.8202177804659101 4.3934569687588745
vn 0.4022992202855025 0.7845410208295396 0.4718587966684746
v 70.1668065977781055 -49.3290074264136749 4.2390455892244239
vn 0.9861432800410728 -0.1631722461943617 -0.0299374230975356
v 69.8397919821192659 -48.4532016926631499 4.8314996707848827
vn 0.0959909308343685 0.8238956315049782 -0.5585532468660123
v 70.6000217371638001 -49.4181451442980944 5.6359999657453672
vn -0.5789831622681848 0.0975045241283123 0.8094883356691709
v 71.0417822887986432 -48.8643220358829353 4.3040270874003470
vn 0.3981353268903173 -0.1345347037855958 0.9074076674567293
v 70.3872875423989939 -48.2836667516046845 4.2233523820170449
vn 0.6399141612396403 0.3112065711610567 -0.7026096614131816
v 70.1381190055478072 -48.9529343199024609 5.4938945740487242
vn 0.9885272592147276 0.0738463223229873 -0.1317595479226768
v 69.8125563423763964 -46.5837275429453399 4.7942866480798942
vn -0.8868188480235971 -0.0678213609379839 -0.4571133270761418
v 71.2460111419736108 -46.7035054789136410 5.2250847164538170
vn -0.2790279770567745 0.0529994479687410 -0.9588192981655160
v 70.7915375362921111 -47.2500258150708561 5.5992148886913942
vn 0.0445719087159504 -0.7550136401008092 -0.6541924397416579
v 93.0983856839166322 -49.7982941527098646 5.0156805285078168
vn 0.3133718978011878 -0.7544728969579474 -0.5766876983466566
v 91.2142024369168212 -49.7982941002080821 4.4963447223053628
vn 0.5067515042478923 -0.7711382445707241 -0.3854201872020722
v 89.6364433521360837 -49.7979400233709342 3.2698341280166665
vn 0.6991858836211974 -0.7089397623808426 -0.0924311281995403
v 88.4773637898135092 -49.7984906610790148 0.8718039443998978
vn 0.6510042262233181 -0.6863249131894386 0.3242708913468624
v 88.8869597781001772 -49.7979789798821173 -2.1730731276898410
vn 0.3871049837275246 -0.7547445785614255 0.5296322806489886
v 90.3981895200350039 -49.7982941291722270 -3.9938955025984582
vn 0.1632027458769638 -0.6273988282016829 0.7614036866927912
v 92.4454443261066245 -49.7977685343167664 -4.9541442632367048
vn -0.1779738080892007 -0.6533305337127259 0.7358563292877713
v 94.7190665132859095 -49.7982940917114547 -4.8883296252618669
vn -0.4789694237051533 -0.6415609021943303 0.5991559896480634
v 96.4023284672033753 -49.7982940225110084 -4.0726738726186893
vn -0.5718115319667071 -0.7715623010777629 0.2787887864772806
v 97.9523112615784584 -49.7977498733015054 -2.3743269539075724
vn -0.6292429526771925 -0.7771407871824455 0.0102714849723606
v 98.5094970251441993 -49.7982939396944104 -0.0000343357333142
vn -0.5971219398931810 -0.7573177463869198 -0.2644148632464551
v 98.0072399090050794 -49.7982939619878238 2.2282605881586930
vn -0.5358324567952272 -0.6226162332953745 -0.5702916835110526
v 96.7933063384260350 -49.7982941488020927 3.7608794295026344
vn -0.2226617204331395 -0.7517410529368334 -0.6207311395307757
v 95.0970319583340427 -49.7979771259766366 4.7824816418344280
vn -0.5013102470112182 -0.6645264628610617 0.5541593781566071
v 91.6407586844461690 -49.7982940861679140 2.3837511829626741
vn -0.5694147600098970 -0.8070103892894305 0.1565281529367585
v 90.5129686515829661 -49.7984933616099639 0.8090112124924496
vn -0.1853587696274173 -0.7031756294602646 0.6864300114763128
v 92.4899394655832481 -49.7982940873583857 2.8544844350608285
vn -0.7245614446829469 -0.5604832327371100 -0.4010851015676342
v 90.8247508614633858 -49.7983243920421970 -1.5976237946204705
vn 0.1783272638659710 -0.7096458985960913 0.6816172573870344
v 94.0536966187653292 -49.7981852715367381 2.9958794889411640
vn 0.4090898947630955 -0.8000291468910026 0.4388608231860914
v 95.4197748384013522 -49.7982940458197305 2.3184901261120254
vn -0.1435902928538891 -0.8044257586374701 -0.5764382244774067
v 92.7882149149295117 -49.7977470563037699 -2.9898675547385518
vn 0.6887199191773283 -0.6882366988226788 0.2280243831743347
v 96.2650687954766795 -49.7982941190327750 1.1764205914324846
vn 0.6826475813813363 -0.7094799097338623 -0.1750158201941824
v 96.4787853508008197 -49.7982940541297054 -0.5817883557308511
vn 0.2904898298977867 -0.8255031332772731 -0.4839010597997899
v 95.2830998287174538 -49.7981123883489545 -2.5169189374389149
vn -0.2646842993114428 -0.8284336911748086 0.4935988665145945
v 92.0191454183580930 -50.0983229200993350 2.6757079251272051
vn -0.5472291962482337 -0.7556021134745552 0.3600078511453569
v 90.9011731605768603 -50.0982932085856945 1.6011119928879503
vn -0.6710198118273900 -0.7412039960934834 -0.0186828346399961
v 90.4388561939072702 -50.0982932079515706 0.1004215594696054
vn -0.5513309427216280 -0.7823150913070319 -0.2898573606292436
v 90.8011390175088451 -50.0982932086114232 -1.4278450431079128
vn -0.2909319586925957 -0.8468166607327446 -0.4452641221979752
v 91.8696337447988043 -50.0982932080485455 -2.5785759145287162
vn 0.0555226408935541 -0.8110696576302490 -0.5823085494991090
v 93.5397311367447202 -50.1009194158853788 -3.0654134087526046
vn 0.3776561113531932 -0.8752317728386581 -0.3022336933091417
v 95.7661868411645827 -50.0983089532373285 -2.0920038079479921
vn 0.6459076148212844 -0.7634144733364653 -0.0013019279115239
v 96.4991274254937963 -50.0982930463348524 -0.1509313998701945
vn 0.5908368291655905 -0.7328468464987115 0.3374127159406489
v 96.1881071385719650 -50.0982935862292891 1.3635500256941837
vn 0.3594567423602432 -0.7441993255866013 0.5629904210270452
v 95.2563870585180013 -50.0982929726194328 2.4374613002137830
vn 0.0219907930690426 -0.7561869208378702 0.6539860440207689
v 93.8064414401756466 -50.0987479231034172 3.0329398538012899
vn -0.5229999708038807 -0.8069264428465647 -0.2744826886601955
v 91.2593726031398518 -50.0979328470128138 -1.2378032927437317
vn -0.4762079240528115 -0.5600949566973332 -0.6778787889818682
v 92.1718474468261775 -50.0982931890837051 -2.1483845205606280
vn -0.7902115112092593 -0.6083953581697829 0.0736264606635451
v 90.9450035245134956 -50.0979519809837726 0.3387938304785459
vn -0.1220910605752198 -0.7146098944940225 -0.6887862307123017
v 93.1140691824235063 -50.0982122385742272 -2.5019884223016828
vn 0.1968339949503680 -0.7118219289021925 -0.6742150398543780
v 94.0380092944648567 -50.0982932204594320 -2.4448736247265463
vn -0.5591268270097562 -0.7111705652140052 0.4261614934402148
v 91.4935833828074010 -50.0982933357470657 1.5588374444618540
vn -0.3926526439355973 -0.5589676976535523 0.7303280182152895
v 92.2574456528592890 -50.0982933702780784 2.1979397938314373
vn 0.5881779258466324 -0.5610634699669811 -0.5824555864745089
v 95.2874294761044780 -50.0966851658900509 -1.7944158919243072
vn 0.6862762095494445 -0.7116451645398439 -0.1502868057864865
v 95.9498524904620069 -50.0982929682840918 -0.4997668297447803
vn -0.0465871169727266 -0.7141110802207120 0.6984804976791960
v 93.3910724445175617 -50.0980166976664663 2.5369744953011688
vn 0.2838789783386979 -0.7112594637685825 0.6430573075994128
v 94.5219906356920774 -50.0982934494720311 2.2875818310270462
vn 0.6690069607922606 -0.7134409711602909 0.2084026561283794
v 95.9154708454541236 -50.0973055298787813 0.6853424175230326
vn 0.5133949387296101 -0.7119232139031566 0.4791565238965447
v 95.3250066006166037 -50.0982931604806225 1.7046139654636696
vn -0.1833198767221008 -0.6462924210612540 0.7407428226296739
v 92.7122368038655509 -52.5703512066890113 2.3708610455296566
vn -0.5589490076117920 -0.5929779120883070 0.5796147019056582
v 91.8392961066197273 -52.5581967935977232 1.9023871114048800
vn -0.8794384150603181 -0.2463707406472308 0.4072953869971163
v 91.2271432403083509 -52.3985584445633208 1.1158218460327987
vn -0.8618511962741203 -0.5039409670851942 0.0570615209585827
v 90.9521309177370796 -52.4060075502319478 0.1877088786615859
vn -0.9412962178559476 -0.2358559875775182 -0.2415230493636621
v 91.0872405446627909 -52.3990285404820995 -0.7633128044663448
vn -0.6025723627549572 -0.6972748401150899 -0.3882194546727202
v 91.4632331086939985 -52.5544435620365107 -1.4993765388718081
vn -0.2891903749251090 -0.7153259162654607 -0.6361428774808801
v 92.3582266637070290 -52.5759954934092590 -2.2403351070016644
vn 0.0402647811854405 -0.5645849096908400 -0.8243922774659370
v 93.5688531392418810 -52.5475641161514062 -2.5193740609701534
vn 0.3638858189656176 -0.7572340040750137 -0.5423871069893199
v 94.8232334024811365 -52.5728341963521402 -2.1191882477612154
vn 0.8716804821567976 -0.2901211973960649 -0.3949719329881130
v 95.6875978832361938 -52.3783111959157281 -1.2535789009679723
vn 0.9702113502221839 -0.2403712401361863 0.0301927609774060
v 95.9947755683596284 -52.4059230573433368 0.2388044423470040
vn 0.1564505659835800 -0.2517476179244861 0.9550635357256418
v 93.8126775987927886 -52.3937164757970351 2.5137716961324474
vn 0.3729935404599551 -0.9271344118150182 -0.0360222320736508
v 95.8614526594612357 -52.5994858756780914 -0.0106419400009598
vn -0.3033694881117885 -0.9493437529905819 0.0819352936197108
v 91.2236377479870555 -52.5992326945680517 0.7362787351516699
vn 0.3421844901898917 -0.7545900230115502 0.5599139861129674
v 94.8973424391479199 -52.5755797690898561 2.0465498789754903
vn 0.7034228386693795 -0.6014982448266768 0.3786768695190392
v 95.5774932237114143 -52.5594977895192841 1.3659356224027872
vn 0.3593552934811683 -0.9113838778380677 0.2006070792965921
v 92.3237871390089282 -52.5712271685139427 -0.6722083120769274
vn -0.6299245217479600 -0.6931471451257845 0.3503457322482731
v 94.5066212677872102 -52.5979954386516297 -0.3735710283492357
vn -0.5432117307975046 -0.7694123117686715 -0.3360442084350927
v 94.3720555697875909 -52.5517052438363237 0.7201828228032001
vn 0.0444211103188377 -0.9108558080010811 -0.4103272620588829
v 93.4094905425822333 -52.5718560745378483 1.1812667690877250
vn -0.0518034157558652 -0.8165509255203580 0.5749443383040413
v 93.8581385865155653 -52.5906576155037939 -1.0695158531148319
vn 0.3731611762526244 0.1202756189477588 0.9199372326547564
v 93.1619149746383926 -50.6324441779575523 -1.0493345657324340
vn -0.6224930174856134 0.1923709004925830 0.7586144474140528
v 94.0809197411665963 -50.7226005697014344 -0.9231927402350700
vn -0.9871245348292234 0.1566725385164822 0.0322314817064122
v 94.5621800054068160 -50.7665546823658858 -0.1141135582468606
vn -0.7275069485657676 -0.0127979128683352 -0.6859809423116214
v 94.3099799348345584 -51.1264285027662382 0.7916001667131314
vn 0.0724914964010592 0.0032601688157401 -0.9973637020910817
v 93.2556701065884113 -50.9937979663595087 1.2120495881543025
vn -0.6553926126447727 -0.1231776376825475 0.7451763501786715
v 94.3322646043302342 -51.4224795415213265 -0.7536635953292542
vn -0.9737917991248527 -0.0552169035303521 0.2206368634695986
v 94.5689580222212101 -51.1725030146344011 -0.2631477337386048
vn 0.2247874780126040 -0.0050025099689942 -0.9743949736235009
v 93.3729661972734704 -51.4043830082778186 1.0816707972963224
vn 0.9276669146275069 -0.0493440495055565 0.3701341112135909
v 92.3957122326285969 -51.6554900923643459 -0.4357751343004430
vn -0.9988892324262461 -0.0245510433754437 0.0402187470227791
v 94.6173051067371205 -51.7984837117670125 -0.0153941985876474
vn 0.2184238886602876 0.1150888267562011 -0.9690436351467355
v 93.1272123885566998 -51.9349112643267645 1.1412302517233091
vn 0.8306489935039567 -0.0195603710331560 -0.5564527306752199
v 92.4915670645668939 -52.1297753780033801 0.6096094794787212
vn -0.6565636283402759 0.0351921272296804 -0.7534492127022909
v 94.1705984461077179 -51.7388128511487011 0.8981112081933126
vn 0.5873412463416607 0.0734438333559565 0.8060001635780275
v 92.7444264398333758 -52.2390564615157373 -0.8579093345348272
vn 0.8919024132568398 0.1102355242392830 -0.4385866099441658
v 92.4521297893832639 -51.0061497677943549 0.4900589621504434
vn -0.2978603434417495 -0.0290052946552162 0.9541687003285777
v 93.7638806441280366 -52.2091918554645673 -1.1605837643786643
vn -0.9650940186518142 -0.2407503029196250 -0.1031155992398855
v 94.6064838723808066 -49.1039164941859241 0.0201393033208456
vn -0.3531553783937869 -0.8084785356856562 -0.4707905437103831
v 94.2921392327169059 -49.0340346195685299 0.9365607753234195
vn -0.2983274445495261 0.1246454726402279 -0.9462897241219752
v 93.9072519925299218 -49.3075163212835221 1.0073368159754192
vn 0.8464015889387093 -0.0567681125571065 -0.5295108418519225
v 92.5416632458665305 -49.4372653376536633 0.6627070680528393
vn 0.8151623827200034 -0.0413431588829927 0.5777551670143872
v 92.4774259980810598 -49.4006424999138360 -0.6247609982656062
vn -0.8365638693993881 0.2021166771019356 -0.5092246471379752
v 94.5002651904469531 -49.5603269591109949 0.6760822968570344
vn 0.8800481892796859 -0.2438509292663074 -0.4074946733903459
v 92.5289330634512055 -49.8583564543938351 0.6170562712575091
vn 0.1669786101204175 -0.1187293806611486 0.9787857160431356
v 93.3358938368568403 -49.9358838736286188 -1.1197633619967131
vn -0.9267308172148047 -0.0676197133563120 -0.3695910805065383
v 94.7453324539447692 -50.0334510952182185 0.4178276314619555
vn -0.1136947817709639 -0.0811772826406907 -0.9901937918312386
v 93.4510293513938848 -50.1617330844696028 1.1786469712232652
vn 0.7596296977216975 0.0125062388205241 -0.6502355852533805
v 92.5010344286494757 -50.1862204274248427 0.8568356567917857
vn -0.3467408077528488 -0.1738956234227838 0.9217001271527000
v 93.8108351074287867 -50.3610394944655795 -1.3103039255390927
vn 0.8956341966467094 0.2139427162544515 -0.3899588439292931
v 92.3998632682670689 -50.5169168430977038 0.3585832153633119
vn 0.8871957497620063 -0.0186988067277553 0.4610141605538700
v 92.2490705032845710 -50.2634793049083797 -0.4772138597229257
vn -0.9999114912443037 0.0130998043324362 -0.0023248234437881
v 94.7936125276706179 -50.4673487149839843 0.0621048416092297
vn -0.8841945005719979 0.0704877069287582 0.4617700383634267
v 94.4316461637055227 -49.4724640963852806 -0.6484597708383241
vn 0.7665904371942327 -0.6418158580332436 0.0202856101561311
v 92.4360382506420706 -49.0222628728350571 -0.1528759047481862
vn -0.4948375290107115 -0.6556281828473439 0.5703398160209956
v 94.2269698791284895 -48.9982947557208774 -0.7578176977147570
vn 0.2372045147860168 -0.6480122432590182 -0.7237500609682500
v 93.0870122291266142 -49.0514893883669245 1.1298843981489370
vn 0.1890012707310506 -0.8395663066715321 0.5093200726105059
v 93.2196977918238048 -48.9982942625726707 -1.1042908421461934
vn -0.4223408911450278 0.8184471078654570 -0.3895799061726524
v 97.3434023051783299 -45.0982928125201354 7.8660442997869779
vn -0.6407013849871219 0.5600174371008864 -0.5252449004212593
v 97.4676360953623089 -45.0982932979231990 7.9133683537506103
vn -0.3526248400004021 0.7224242856299515 -0.5947763224496626
v 97.6484642578756876 -45.0982932978781790 7.7765634309168217
vn -0.1162144187716582 0.5732371687529912 -0.8111062552031147
v 97.9133371035972715 -45.0983380477255338 7.6942413587961394
vn -0.6954254839986515 0.7144944976153714 -0.0766877374982427
v 97.1758245526778524 -45.0982932347483683 8.3160772756489418
vn -0.0138639861852554 0.8347624903155291 -0.5504356226201854
v 97.9981769243750875 -45.0933608445263872 7.5622229792482942
vn -0.5186462770608954 0.8413815709421032 -0.1519312060436287
v 97.2948152807139337 -45.0983142007602211 8.1914250146072138
vn 0.1860812868825499 0.7199157648954686 -0.6686516627715109
v 98.2094612205451654 -45.0982932979136777 7.7380169880412986
vn -0.7752051419937185 0.6091853401180417 0.1671831606704588
v 97.2895349688134132 -45.0982755013668637 8.5739868483642052
vn 0.4592434071067068 0.5582830585786273 -0.6909526174298182
v 98.3796358890988074 -45.0982932979751041 7.8271927249419617
vn 0.4190668291409556 0.8133707566333928 -0.4034984572056840
v 98.5419229366204803 -45.0982930989653283 7.8196563858342536
vn -0.3890584765009989 0.9005757594991732 0.1938989511709875
v 97.2262573337393121 -45.0982932888895007 8.7320157073739306
vn -0.5773015513321238 0.7119841605587429 0.3997517654032132
v 97.3933514883405280 -45.0982932942348000 8.7960839960215331
vn 0.5667584579140932 0.7141252323590466 -0.4108649448309952
v 98.5707512797453802 -45.0982961995277947 8.0163042467089216
vn -0.2989226619789898 0.7143550539707917 0.6327259272558552
v 97.6677049338006924 -45.1031678676849950 9.1781263360618368
vn -0.4119661116614151 0.7059601532404159 0.5761112608510119
v 97.5924293490946297 -45.0983725324948921 8.9999239076083253
vn 0.8128710149308862 0.5574572652701342 -0.1687664376668964
v 98.6638320296908091 -45.0982932980857214 8.2733652593151188
vn -0.1083817904745588 0.7024329606492044 0.7034495883054606
v 97.9041827576055539 -45.0982932941168499 9.1006650644737963
vn 0.6990142453361833 0.7101575720164220 0.0839958792133667
v 98.6747885056958722 -45.0982932978710735 8.4645147931866518
vn 0.5809716346971406 0.8128912304282468 -0.0409854507134292
v 98.7845842090018635 -45.0982287778154856 8.2732999260124149
vn 0.2881724739626781 0.8095802212706064 0.5114063849598143
v 98.3477863279988611 -45.0983814936140703 9.1323169327685942
vn 0.7576295311797100 0.5577337630008792 0.3390140750666438
v 98.6229454150714844 -45.0982932979742088 8.6677069772764987
vn 0.3849243032645627 0.9019782699683395 0.1956233147178840
v 98.6993026710707966 -45.0982929615546979 8.7695278667642516
vn 0.2327623106649505 0.5635135199338877 0.7926375083136258
v 98.2011978996168722 -45.0983057521658566 9.0712807160001105
vn 0.4893305632021326 0.7127500384438058 0.5025365485361608
v 98.4948082959697473 -45.0984192943284015 8.8744890942198502
vn -0.8451705635984448 -0.3791921280660076 0.3766962283318743
v 97.1849096666331462 -48.3275966804336576 8.6880353972248070
vn -0.9076597412095017 -0.2375916797528363 -0.3459826410381396
v 97.2436603541846978 -48.2982445108453931 8.0616845301364499
vn -0.3781765209748286 -0.6959194446730715 -0.6104741153474885
v 97.6137913511497288 -48.5132153415912484 7.6833306668211288
vn 0.4405867957597402 -0.4207482447039153 -0.7930032723644582
v 98.2676188710984491 -48.2917041769189268 7.6209748022261028
vn 0.8831784695865090 -0.2382976539373484 -0.4039925976881102
v 98.7721714077548398 -48.2998882146921602 8.2132751081548534
vn 0.7392303935907429 -0.6275051919326533 0.2444906118631944
v 98.7247999753821261 -48.5467129418544658 8.6696122110916338
vn -0.0545149119029331 -0.3295359885387709 0.9425678525379436
v 98.0209542686459230 -48.3295792401387558 9.2606338334221370
vn -0.2327064531204559 -0.9192884102550102 0.3174216839582846
v 97.6830902478151160 -48.6193932323637483 8.8575253707908335
vn -0.7609485519454301 -0.6066159197612525 -0.2301617413567310
v 97.2911508932186138 -28.5982937255009873 8.1849686751401620
vn -0.4926915154785529 -0.7018394772468145 -0.5144671211587432
v 97.4752107914014800 -28.5982933003040998 7.9056013991805898
vn -0.3223610154525219 -0.5600705023957925 -0.7631542491937940
v 97.6583304086068580 -28.5982933003100541 7.7715049875401148
vn 0.0173718695802986 -0.5628781374533457 -0.8263573201251003
v 97.9480668461135622 -28.5982951653966211 7.6921594388788259
vn 0.3132559267666971 -0.5590225351030570 -0.7677008073413035
v 98.2196594735284378 -28.5982933003030197 7.7417289023585498
vn 0.4661474183316646 -0.6993197737640745 -0.5419026097051830
v 98.3881752112444445 -28.5982933002939248 7.8333314427471201
vn 0.7592228235629975 -0.5489523261139240 -0.3496170016391387
v 98.6069797959169421 -28.5982755919287364 8.0726138700187509
vn 0.7251923126195657 -0.6880054750851443 -0.0272869194001650
v 98.6777311425619104 -28.5982933003089244 8.4055315000973696
vn 0.8041754052980389 -0.5433292905261072 0.2410294578887233
v 98.6432729045514805 -28.5982933002947064 8.6118586295804231
vn 0.5843396708656029 -0.6959372730409601 0.4173948502856629
v 98.5430409661113771 -28.5982933003138022 8.8158251228304305
vn 0.3917296821764779 -0.5580967272276035 0.7314888236738505
v 98.2793135032725189 -28.5982829933280236 9.0432545705088074
vn 0.0023376366141982 -0.7007729331486409 0.7133805657720923
v 97.9392729463737055 -28.5982932991828420 9.1019285316070011
vn -0.2933672495728296 -0.7070108352570651 0.6434837493730360
v 97.6361063474747084 -28.5980327115408208 9.0270718211303951
vn -0.7297763377704798 -0.4530492311658270 0.5120282130609208
v 97.3927935660956905 -28.5982932991604422 8.7964459514058024
vn -0.6833865332010514 -0.7149239945951612 0.1478733518641757
v 97.2921995424769648 -28.5982888952392109 8.5732841295881670
vn -0.0519341662968898 -0.9298351006204174 -0.3642931896498552
v 97.9113690414541651 -28.5987632837084966 7.0547943929390895
vn -0.3048384798761192 -0.9397518504975781 0.1547254364130039
v 96.7767616686175529 -28.5983478966572164 9.0423758509339542
vn -0.3152675378538614 -0.7446919545030365 0.5882518784279499
v 97.4647010378547805 -28.5697713118605776 9.7152697093639375
vn 0.5526070862085324 -0.7557722886198217 -0.3513312625236653
v 99.0327731432067964 -28.5601213928166722 7.4057873163103496
vn 0.5469955784275322 -0.8138543624540668 0.1960533445142261
v 99.3355621521545515 -28.5582110856123634 8.8922574226917686
vn 0.1890402288220697 -0.8137094537952799 0.5496732817693494
v 98.4042836615853957 -28.5804153264183078 9.7501551661110000
vn -0.6600024853240768 -0.7190679721103261 -0.2175729092768334
v 96.6191108072982985 -28.5666386954478178 7.9467123936717217
vn -0.1822383145737908 0.4842102906198592 0.8557625787326387
v 97.5779676429153682 -27.7856648824351353 9.8236876383435785
vn -0.6915511336699796 0.6804775288910223 -0.2422960218289477
v 96.5778875660875400 -27.7877213343897864 7.9517963563011298
vn -0.5139086658548589 0.3640687164729782 -0.7767572676486503
v 97.1424579294501456 -27.9646268049549889 7.1603928234591869
vn 0.6686752478552028 0.7343158132699471 -0.1168490448719162
v 99.2919083454313522 -27.7902919107763466 8.0196130457368184
vn 0.8322688840889699 0.5240098832486333 -0.1809479119389186
v 99.3573866955607912 -27.7700520024984456 8.5398946236657221
vn -0.8751957939684655 0.2024722606078692 0.4393601095960424
v 96.6882592184821874 -27.9113454332066624 9.0857054402808775
vn 0.2304688796515800 0.4804131346826189 -0.8462194251708982
v 98.2424151112650463 -27.8037949382086893 6.9525010126850821
vn 0.3807617418987085 0.9089395067907108 0.1698513140994815
v 97.8266800046527294 -27.5352206353294946 7.3275539304952648
vn -0.0844572229019594 0.9499099117330011 0.3008955584436079
v 97.5812486794809502 -27.3040689575331506 8.2032952008600990
vn -0.0779549816539991 0.9778208373846482 -0.1943950380326363
v 96.9240299038630866 -27.4997639578250528 8.5983531891440332
vn 0.6647230972975752 0.3319689601719892 -0.6692830592517988
v 97.6968767601743338 -27.3152418245822552 8.6498778012000983
vn -0.4213113728245380 0.8370029528345568 0.3491744321609701
v 98.2002313712393544 -27.2375660674631455 8.0461874387376575
vn -0.1256790133940007 0.9442348599168799 -0.3043440732297262
v 98.2957259226361089 -27.2814385407403037 8.6345549470092884
vn -0.2445555253724760 0.9413139953823105 0.2326382537485692
v 97.9479181512614474 -27.6154530705930981 9.5797374504524360
vn 0.5214346654451685 0.5217760247300326 0.6751708448155989
v 98.9333027647530088 -27.7509872847966896 9.4420509688024392
vn 0.5764084044249145 0.5142507305713928 0.6350586881659939
v 97.7984811455249030 -27.9482941858603482 7.3090722480354042
vn -0.6025824098322132 0.5023856017749092 0.6200831770739028
v 98.1501851548630952 -27.9482934532975413 7.3099630347329922
vn -0.4738707925783469 0.8735240528186287 -0.1113651699971195
v 98.3007686687115267 -27.9458755308825424 8.4280470431959316
vn 0.3600710042560314 0.9170363495063411 0.1714444679134823
v 96.7918732604309753 -27.7745639204182773 8.2022788498112860
vn 0.3948469579703521 0.7921895538309047 -0.4653295505152787
v 97.2004562318797980 -27.9515588812481148 8.5417554399470834
vn 0.4501947472322637 0.5370723147053248 -0.7133568660506064
v 97.9429804992657438 -27.9570578672312031 9.4014789082748784
vn 0.4505406651168709 0.8294343803699993 0.3302297953490617
v 97.7152863532025151 -27.9435379962461212 8.1601541933498360
vn -0.2029268639635608 0.9041755393476303 -0.3758820053252567
v 97.5894879754844737 -45.0982932075344038 -9.1126258675537670
vn -0.3427382123398676 0.7117955195440528 -0.6130886201513479
v 97.6335787103328414 -45.0982932979204421 -9.0143520226587910
vn -0.5231064532643827 0.7133648254730017 -0.4663370715813104
v 97.4296441563845974 -45.0984106734774670 -8.8517854989461959
vn -0.4999795031968962 0.8165266823171059 -0.2886254899471025
v 97.2090241295543080 -45.0982927218607159 -8.7045830016955552
vn -0.7930206530900096 0.5592644597585685 -0.2415398679797010
v 97.2946021071943790 -45.0982932978512849 -8.5854070677989434
vn 0.0819229305384670 0.8122055776528745 -0.5775904544584771
v 98.1394241974283261 -45.0982927433900400 -9.2069518934890926
vn -0.1441949479810529 0.7133752530729577 -0.6857868220371655
v 97.8677585989331362 -45.0982658710937869 -9.0987547321654763
vn -0.7031594532705588 0.7097090320771080 0.0433575029772599
v 97.2737386414756600 -45.0982933014827481 -8.3597565269652918
vn -0.6814140245135357 0.7165436821134580 0.1491310793213619
v 97.1928985822032701 -45.0982932344274445 -8.2057662462470358
vn 0.1548052520470108 0.5594708189918510 -0.8142651513083738
v 98.1423908538545362 -45.0982932979175075 -9.0821055265554076
vn -0.6339291462772546 0.7120445632630951 0.3018714584515393
v 97.3205533379296241 -45.0982932978371451 -8.1373537075344000
vn -0.5227663608497511 0.5629463224043686 0.6401615187242237
v 97.4908337936332998 -45.0982976670973201 -7.8838992434962796
vn 0.4778804934931983 0.7125139140913713 -0.5137646894881849
v 98.5205587661730249 -45.0982933019154970 -8.9871773527614991
vn 0.3735177093486440 0.7135186909887493 -0.5927694310713431
v 98.3846990460916260 -45.0983216853311788 -8.9762689431584040
vn 0.5802932814870591 0.7119798582324521 -0.3954040831001601
v 98.5716478600121633 -45.0982932978777171 -8.7715138057200317
vn -0.2523320433131510 0.9084203086065809 0.3333182905700411
v 97.4593784912124903 -45.0983393127346019 -7.7488653898786453
vn 0.6912342284244657 0.7125702962557393 -0.1201616176174463
v 98.6826730210955958 -45.0984133454136327 -8.4811988458243448
vn 0.6638552795676610 0.7147029239178935 -0.2202178429041493
v 98.7026935880733873 -45.0982930653494236 -8.7501069743371129
vn -0.1485731796578129 0.7150445854945943 0.6831085206914281
v 97.7688329849911355 -45.0982900682742596 -7.7255693858586811
vn -0.0090459555416207 0.7241070757141163 0.6896282430332230
v 98.0749295119439068 -45.0982930387677143 -7.5895088487211027
vn 0.4293573623850375 0.8997250287949309 0.0784036218916204
v 98.7833864942907525 -45.1003111591133745 -8.2563024304040660
vn 0.7863061065990499 0.5543001260222719 0.2728993899163883
v 98.6372144365940926 -45.0982932978666398 -8.1646393018158889
vn 0.1241388298146845 0.8422474881429854 0.5246033927159378
v 98.1289768517911654 -45.0982234309924692 -7.7062253484923859
vn 0.4620598713274598 0.7135948525476468 0.5265767386871103
v 98.4905350622040601 -45.0983253765864092 -7.9124483553336109
vn 0.4830397451550006 0.7166176435489625 0.5031220106047083
v 98.5275605825490004 -45.0982932630186966 -7.8086385734864878
vn -0.6203666684515992 -0.4594649743868879 0.6356391539119660
v 97.3399019323791634 -48.3276347425783612 -7.8085257096423595
vn -0.8884209219581412 -0.3835617914781063 -0.2521678360639048
v 97.2031985581692197 -48.2979670921185047 -8.6892575792443196
vn -0.3841146642883567 -0.2562873267101637 -0.8870021030676313
v 97.6784915661933439 -48.2912321763200083 -9.1765972439615613
vn 0.3995395325768409 -0.3449538511355027 -0.8493379789548239
v 98.3504513312456794 -48.2994041734926043 -9.1267939516186409
vn 0.7469491395710691 -0.5243475094092706 -0.4088112917598221
v 98.6940893041219169 -48.2983347446546034 -8.7674028070346424
vn 0.3046248926741184 -0.3225619670317680 0.8961905222595685
v 98.2013641159137904 -48.3066357117445051 -7.6116673399869867
vn -0.1098538002036846 -0.9394693248176177 -0.3245451129004079
v 97.8460776999300350 -48.6504504104408397 -8.8649743637214407
vn 0.1934347769531294 -0.9469646374895457 0.2565949383939328
v 98.0914678843469119 -48.6882658031741045 -7.9900329877942529
vn 0.9108773210807779 -0.3153369033009537 0.2662050776323971
v 98.7836746187990258 -48.3022360298527857 -8.1953494632202641
vn -0.7189023549548148 -0.6895155394120938 -0.0880211619422911
v 97.2769492810342911 -28.5982932991814991 -8.4873564239612431
vn -0.6251463748333954 -0.6880424271308235 -0.3684964429958437
v 97.3762171918416186 -28.5990687919324849 -8.7822668338487784
vn -0.4502802494786387 -0.4459821989740758 -0.7735292981702134
v 97.6117314403797423 -28.5982933003129460 -9.0040822705015469
vn -0.0505556656055525 -0.5516457538810093 -0.8325449458739344
v 97.8972102076227344 -28.5982874573341057 -9.1031281414268310
vn 0.2204811547474148 -0.6979573042628104 -0.6813542851024253
v 98.1529139241985717 -28.5982933003040891 -9.0794262104336418
vn 0.5481943141484767 -0.5552991535088566 -0.6254005468878554
v 98.4149486227862695 -28.5982836839009593 -8.9539418816718968
vn 0.7498226975535425 -0.5533278562148018 -0.3627591567007794
v 98.5854089195311758 -28.5982933003055884 -8.7465122935149022
vn 0.7113852208233562 -0.7014188255119699 0.0440760571230419
v 98.6887912893621717 -28.5982593866261112 -8.4110814532516791
vn 0.5855843611684880 -0.7057507586373154 0.3987565957294594
v 98.5351748084292041 -28.5982716134515300 -7.9641110670290827
vn 0.1937523383107632 -0.6082741318083003 0.7697159293999117
v 98.1455943362160355 -28.5983148246652661 -7.7036518762869370
vn -0.3131843326476980 -0.5521443459004836 0.7726915264671558
v 97.7447909460722002 -28.5982925094023344 -7.7334823188033308
vn -0.5315683863895657 -0.7057029909632565 0.4684211130347427
v 97.4684617464659198 -28.5982923636714901 -7.9069204425929538
vn -0.8002205994837920 -0.5576839056993211 0.2205349257731100
v 97.2970755475621303 -28.5982982376753085 -8.1977733230525498
vn 0.7156012166265233 -0.6965885881387553 0.0517613527401996
v 99.3685378707489946 -28.5574202608184109 -8.3580685779682451
vn -0.4520922266402557 -0.8153063456030206 0.3617847169670160
v 96.9397932849005457 -28.5899877595807226 -7.4436602139320893
vn 0.3799743786450154 -0.8728590207693999 -0.3061643373007686
v 99.0373869665285866 -28.5809603055968431 -9.3430821465531722
vn 0.4203144971074052 -0.8480364230355040 0.3227536966891266
v 99.1268462221484725 -28.5780721267129216 -7.5899022844947179
vn 0.0374453368727561 -0.7299829980588527 0.6824387659647529
v 98.0983755427872524 -28.5719598632926690 -6.9525936466965863
vn -0.7752079711437718 -0.6156429472848626 -0.1415498602385918
v 96.4919636681827910 -28.5347365801154176 -8.5492795274171627
vn -0.1131654320173835 -0.8252170626527868 -0.5533627964572839
v 97.5703900220766656 -28.5701531474634614 -9.7963187865896550
vn -0.6659808349250460 0.4449453435231133 -0.5987429905974994
v 96.8922119062132623 -27.7930730095849796 -9.3122371027327446
vn -0.4988128907471786 0.4298388161844335 0.7526116476148957
v 97.1448233053243513 -27.7675916939706937 -7.2503766244457166
vn -0.5474781258868588 0.8310422437199004 0.0981656295676166
v 96.5837942971354551 -27.8378325337156411 -8.5120807278660511
vn 0.1820446983766409 0.9606413747510618 0.2098282080878253
v 97.6943970859511097 -27.2496756431553280 -8.6636152607219099
vn -0.2933825610421683 0.9336403430985389 0.2055295176250374
v 98.2197874205558605 -27.2965926580139211 -8.6692482766487551
vn 0.1809534046700252 0.9723749570265507 -0.1474544278275151
v 97.7090319954157991 -27.2965360352681365 -7.9615877122965548
vn 0.4918854247545710 0.4093066256701760 -0.7684509191200890
v 98.7431924814314073 -27.7654482830322173 -9.6414010032847397
vn -0.1840574735629134 0.9553357817913768 -0.2312063806530784
v 98.4304405355802174 -27.3161986462469102 -8.1716480144009225
vn 0.7175756524866111 0.3906140661228073 0.5766331886957439
v 99.0789780594378158 -27.7312405594595610 -7.4288309728507471
vn 0.0482440366481478 0.7501780557214169 0.6594735761514080
v 97.9855094367700588 -27.7474685330451365 -7.0282578506534081
vn -0.0983517006210631 0.6970451071332913 -0.7102499993709844
v 98.0175099373671657 -27.7784038152932737 -9.8035502981057530
vn -0.0194240666929031 0.7614900407799186 0.6478855017872429
v 98.0182795657501913 -27.9433808244942234 -8.7743125068085774
vn 0.7225972999170243 0.6757097108997153 -0.1458407650434168
v 99.3427077777553649 -27.8215727090745588 -8.5245871801445929
vn -0.7984654246060845 0.6020261430809121 -0.0041819559713572
v 96.5901258560281519 -27.7768183106999977 -8.1664836968458125
vn 0.0044100302797910 0.8874769807150803 -0.4608309455036373
v 97.9568486569599912 -27.9658895009882258 -8.1072651690519422
vn -0.3901103889793873 0.8097168028383975 -0.4383749349717826
v 69.9940263501063384 -45.0982931943940102 4.3293858449905889
vn -0.6212763384431000 0.5596756258057548 -0.5484331364621137
v 70.0318738795904352 -45.0982932978707041 4.4520959541237239
vn -0.2833907935926523 0.7142706280764561 -0.6399274396165489
v 70.2472703487173362 -45.0982932978252435 4.2745731061603420
vn -0.0482674562240938 0.8356341514267293 -0.5471616010275077
v 70.4553911172213247 -45.0982930471789203 4.0949000876783934
vn 0.1424175737766880 0.6930136019139670 -0.7067173283865279
v 70.6480852755923081 -45.0987601803586671 4.1869148578313027
vn -0.6656694147052081 0.7149623690299590 -0.2138060831620434
v 69.8880293068905019 -45.0984199275623183 4.7165395631987037
vn -0.5282881181750267 0.8419592931824129 -0.1096184875778750
v 69.7829826002121365 -45.0982932925956135 4.7359138912281091
vn -0.6971161893212661 0.7115088289540442 0.0882281412398640
v 69.8821675762180519 -45.0982933056250275 5.0219947999685912
vn -0.6667631501073008 0.7232881656196264 0.1796695052967671
v 69.8149513357399343 -45.0982932084058561 5.1927334969180805
vn 0.4699520208134797 0.6949617858871339 -0.5442179841661724
v 71.1372149935083513 -45.1165825630630763 4.2547496777902838
vn 0.5717659481405852 0.5302427944787698 -0.6260401580172336
v 71.0519054886705561 -45.0982541378847515 4.3796284003446990
vn -0.6032606499373330 0.7147266068654308 0.3538961227193861
v 69.9685108987486473 -45.0983559528208033 5.2638277963294966
vn -0.3250820430896664 0.7214528023881520 0.6114143596505814
v 70.2839440089524459 -45.0981472209154219 5.5562698647378124
vn 0.6785182955558622 0.6766244837922316 -0.2859934099395711
v 71.2263902470934482 -45.0982931925723420 4.6297311954025533
vn -0.3835413706008784 0.7293808429206409 0.5664800111371761
v 70.1944460084931023 -45.0982935686704494 5.6277799980312384
vn 0.1171899593790002 0.8144147958684997 0.5683265379086377
v 70.8143034041219437 -45.0982937185466781 5.6831654249631658
vn 0.7009300825727753 0.7132177417551656 -0.0041799749023564
v 71.2801379834754414 -45.0983151875224948 4.9318299263878265
vn 0.5625188631417585 0.8254933673778883 -0.0461868923485707
v 71.3824394194043776 -45.0982932422362239 4.8996771468573002
vn 0.1630149481597785 0.4554072076178117 0.8752316275856420
v 70.7213555501868285 -45.0981897124825224 5.5917512835745589
vn 0.3940950953172818 0.7102697026282762 0.5832718108868306
v 70.9452416589460455 -45.0982932979141040 5.4965949707466937
vn 0.4307883397167585 0.8653531462433740 0.2560963464221476
v 71.2591240829947026 -45.0982929740204881 5.3395341792846889
vn 0.7699382890485066 0.5592610254747411 0.3072818517940805
v 71.2104732666245894 -45.0982932978774969 5.2002201255907714
vn 0.6373314708888735 0.5577344671642178 0.5317338247202927
v 71.0922459312942294 -45.0982932979855491 5.3734316434638245
vn -0.2772783477338096 -0.3301779424781859 0.9022744838345369
v 70.2071916217411314 -48.2988420387716815 5.6342015741788680
vn -0.7903879990119759 -0.4015089371269467 0.4626849731999458
v 69.8303213803220615 -48.2985022305687295 5.2246282604743248
vn -0.0894008991747207 -0.2810452024941612 -0.9555213620750544
v 70.4565553181831916 -48.2993801544738588 4.0876048563934617
vn 0.6037502828847959 -0.3269271160738118 -0.7270517565429501
v 71.1075526982927926 -48.2839446503625425 4.2686442327432559
vn 0.9227067286768635 -0.3843759904594601 -0.0294514993294081
v 71.3879002102626288 -48.2985447218271702 4.8385847578401870
vn 0.5154401427046587 -0.3508095364605626 0.7818274287954639
v 71.0436013616632209 -48.3499682293022843 5.5890328613983336
vn -0.7975374024593073 -0.5234590416652385 -0.2998745127171882
v 69.8214139195390970 -48.4582124558773302 4.5499044087898897
vn 0.0104212928890113 -0.9492075822868701 0.3144779203436011
v 70.6467644244749806 -48.6548489333668925 5.3758118794760152
vn 0.2723877023986251 -0.8848364188447104 -0.3779807554202548
v 70.9559611536968191 -48.6074225292397841 4.4590902041099572
vn -0.8231354308944185 -0.5582657780143502 -0.1038623295728152
v 69.8751339527965030 -28.5982669234000220 4.7762546396952921
vn -0.6003230868184369 -0.7023857565316857 -0.3824479578376582
v 69.9962204370591081 -28.5982933003092512 4.4991686516023695
vn -0.4742706989630818 -0.5551561228244731 -0.6832781157007506
v 70.1820830292332545 -28.5982933003137987 4.3147315296180953
vn -0.0726395566152716 -0.5619553950858909 -0.8239718616242894
v 70.5451957741075972 -28.5982926004754034 4.1827233007963898
vn 0.3508935520259877 -0.7036586755901545 -0.6178496446655086
v 70.9629231951179946 -28.5982818219123516 4.3108618961132228
vn 0.6984397274386801 -0.5543379556410005 -0.4526492881593190
v 71.1842752306806261 -28.5982779432247227 4.5477080771812259
vn 0.7005999343701024 -0.6984334521924677 -0.1461179140937912
v 71.2542480346704679 -28.5982933002424211 4.7313256419924157
vn 0.8259781335899425 -0.5500847077853557 0.1231541192651503
v 71.2767074714492850 -28.5982863001475067 4.9701066082515997
vn 0.6277280371470070 -0.6998694196406250 0.3407936425924941
v 71.2056611461542417 -28.5982933003102744 5.2102135562371368
vn 0.5858778878218804 -0.5521519496008157 0.5931907999230857
v 71.0851071282033047 -28.5982933002941131 5.3811263213696012
vn 0.3942319672049029 -0.5530722578255163 0.7339565611516379
v 70.9359847033497601 -28.5982933003027391 5.5022528039468339
vn 0.1114672028063403 -0.8249431525063976 0.5541153831390504
v 70.7475792990334043 -28.5982933001615969 5.5805225029442704
vn -0.1606049956939599 -0.7086308887608165 0.6870577114422037
v 70.3706377710593927 -28.5982621386302256 5.5884223662508568
vn -0.6193534106055232 -0.5554900292195858 0.5548262612826917
v 70.0080700303219743 -28.5982690803626269 5.3240028750606543
vn -0.6823804939166751 -0.7037031034552720 0.1978858350399371
v 69.8912448881939099 -28.5982933003121715 5.0681596480121387
vn -0.3928833644710787 -0.8103256510626963 0.4347585550069176
v 69.5703071979587548 -28.5771409456113048 5.8629958701961060
vn 0.3477895991967146 -0.3223458499541025 -0.8804178256418687
v 71.2110086595045004 -28.4747044118590331 3.6092394466987874
vn 0.4715454352171852 -0.8462217861085908 -0.2480999621947207
v 71.8213204423041702 -28.5848478956403618 4.2696150512808426
vn 0.5660062206412351 -0.8103242353339026 0.1516957211853767
v 71.9105752584992644 -28.5722683626403331 5.3897469496281838
vn 0.2759966627040206 -0.8664263629416775 0.4160903745292597
v 71.2723299530820213 -28.5851817889027338 6.0825204099353867
vn -0.0425258373579178 -0.7336213815186994 0.6782265268592808
v 70.4343572297107556 -28.5707117279765299 6.3136708587186918
vn -0.6469329894232270 -0.7617996902572208 0.0337481720976008
v 69.1745583003070976 -28.5879615881750517 5.1329128133819601
vn -0.7237270331537887 0.5151134235431785 -0.4592138307673677
v 69.3176504688644997 -27.7879838105244446 4.1762701708593770
vn -0.1840162167979597 -0.9099831149050842 -0.3715760521656454
v 70.0110619922634072 -28.5815880029152858 3.5610229839572360
vn -0.1031722342519639 0.5521369485735035 -0.8273453209509305
v 70.2791330018498854 -27.7898627758476415 3.4604680582582690
vn 0.7148699579207486 0.4976866053348040 0.4911913946036779
v 71.7716503239035148 -27.7624022008424660 5.6880910351831977
vn 0.2826268781581682 0.3358684857941546 0.8985067656912272
v 71.0545594909650191 -27.8345379560578223 6.2407902072622878
vn 0.7893578849953958 0.6137686842638891 0.0142172997636689
v 71.9178374769179811 -27.7989827891762005 4.7179321867111863
vn -0.0031247548280127 0.9973284973779485 0.0729801632302114
v 70.7431944874675764 -27.5835530988967790 6.0116241310561858
vn -0.2518579097049877 0.4529698284525637 0.8552110428605849
v 70.1232801858229209 -27.8056850885792137 6.2678516732324656
vn -0.6853037350049365 0.5529872940175887 0.4738816766276035
v 69.4130984759210605 -27.7300962453033328 5.7075444192946589
vn -0.6082800727403311 0.7935802486799366 0.0150247133785556
v 69.1986225912810227 -27.8264758273836676 5.0357990037464164
vn 0.2984161177977183 0.9219292960292271 0.2469700260387724
v 70.2233836590414597 -27.3028484894486567 4.5646472992627247
vn -0.3693440229342439 0.9257823797503727 -0.0806968281067192
v 70.7503627343955372 -27.5827986103376581 3.8110686838201246
vn 0.2077671416408966 0.9042911922312902 -0.3729480587257203
v 70.2969210027895457 -27.3139058033747908 5.1498539615563841
vn 0.5147180415925665 0.8556413771862116 0.0542510028109720
v 70.3981776583428882 -27.5755677334539691 5.9765926073025701
vn -0.4853005136248550 0.8220205445447546 0.2979356236199309
v 70.8516151748860210 -27.3139030481995633 4.6500829141655933
vn 0.5353681780279984 0.5575305325500408 -0.6344608886522867
v 71.5002793999368009 -27.7341080220243406 3.8084552620490921
vn -0.7060318987679315 0.5634581811267488 -0.4289916503190769
v 70.8453570237987833 -27.2677472033509538 5.1251313920032278
vn -0.6406888780515064 0.6402782910876629 -0.4237469427653302
v 70.7497947822371600 -27.9482940465544374 5.9941632548467787
vn 0.4346039614525952 0.3961958236748964 -0.8087943286103592
v 70.3983070173439529 -27.9482933522773251 5.9878323312563593
vn 0.1588084582833967 0.9854937084046990 0.0598500148070563
v 70.3786828459244731 -27.6754697457059002 3.7195873945152518
vn -0.5885777147907127 0.6016650276661313 0.5399772848326639
v 70.7489079421148119 -27.9482908323287091 3.8101806628446266
vn 0.3208682165973376 0.9323138456159594 -0.1668366891616626
v 71.6508956867973694 -27.5979782249034216 5.2243394185470144
vn -0.3765011300256785 0.9216910574807753 -0.0934478124375167
v 70.9496205004484892 -27.9474416167078132 4.8977097444513182
vn 0.4617470267950499 0.8512108223830192 -0.2494590529605123
v 70.3243567838095913 -27.9428735087352216 5.1413321044886979
vn 0.4296333724815002 0.8622096923836877 0.2683460668796901
v 70.3825264888859152 -27.9482939212188910 4.4997801677107025
vn -0.4107798007599887 0.8082345951335973 -0.4219203651363776
v 73.5382093612094252 -45.1032283316873830 -9.0570845255563857
vn -0.5354543706112643 0.4531600828818392 -0.7126952758899272
v 73.6472428387502163 -45.0982224209421858 -8.9777087920877374
vn -0.6538459970623517 0.7017978350400936 -0.2827812066926950
v 73.4381325482146110 -45.0982932978778663 -8.7002209131054702
vn -0.6976772113935453 0.7115231463164881 -0.0835542994585672
v 73.3775144492322795 -45.0982932943957451 -8.4873214136813093
vn -0.0647872604768582 0.7049985716329378 -0.7062433184642678
v 74.0158936382337913 -45.0982932978259328 -9.1033463670973376
vn -0.5899945160854456 0.8073861499538273 -0.0058374525125975
v 73.2625425239499322 -45.0982933152830512 -8.4043572014744825
vn 0.0869997006964517 0.7172506455269874 -0.6913628306250256
v 74.1975581313853070 -45.0982930482614535 -9.2044476576239909
vn 0.2342995214192965 0.7127876219890195 -0.6610881485868034
v 74.2930950181975049 -45.0982932978800051 -9.0685622002896444
vn -0.7743500267787888 0.6066847424451548 0.1797655676483824
v 73.3870412542008950 -45.0982933059023026 -8.2431684766294140
vn 0.5345003889635892 0.7188310471686057 -0.4445123843317051
v 74.6057585367254177 -45.0988256371514282 -8.8763401834682583
vn 0.3463904154864135 0.8429996032458237 -0.4115402155154871
v 74.5936865389450077 -45.0982932431564691 -9.0171192707660897
vn -0.4574958736903615 0.8421732146632499 0.2853801010232849
v 73.3821023120504776 -45.0982933403492936 -7.9829206924847238
vn -0.5320309864325972 0.7110317115852938 0.4597574736702441
v 73.5060078952344469 -45.0982889538890603 -7.9814615186706366
vn 0.8109261932145569 0.5607911063922694 -0.1670689802144061
v 74.7651784788501743 -45.0982932979178699 -8.5273259535296422
vn -0.2987258223162083 0.5599589302795580 0.7727929085348015
v 73.7809483900321368 -45.0983598312294447 -7.7542942298229125
vn 0.5573790251290642 0.8087649230101566 -0.1876910271018553
v 74.8459076705872093 -45.0982930125673320 -8.6587598390089369
vn -0.2570529358897503 0.8094342486632923 0.5279583177120630
v 73.7757024550874974 -45.1006475266660303 -7.6252347792067949
vn 0.5178708391876946 0.8435091858728140 0.1424852528060905
v 74.8541555573315236 -45.0982929853271060 -8.1817291165498300
vn 0.1711287062546598 0.7136758343308300 0.6792508883967689
v 74.2776232449231770 -45.0982934551395829 -7.6222230744693116
vn 0.0952784950911486 0.7123865501135105 0.6952894444693783
v 74.1772708093046731 -45.0982512349044242 -7.6980234405245964
vn 0.6833817776207304 0.7136777679871376 0.1537965848022259
v 74.7616610410301519 -45.0982983002298283 -8.2253736447141694
vn 0.5598074594207523 0.7105083255861316 0.4263725221560066
v 74.6269256797561980 -45.0982932979094784 -7.9662585272462900
vn 0.3728105803210628 0.7109030130074745 0.5963465245120212
v 74.4606178097840967 -45.0982932978671727 -7.8121175614616369
vn 0.5093730676663240 0.7172425437165464 0.4755020624763018
v 74.6139658817036349 -45.0982933583110466 -7.7936901910630105
vn -0.7751138318857224 -0.3089378564188458 0.5511405886802030
v 73.3660641267921250 -48.2979715186412832 -7.9796994688327114
vn -0.7579092428764874 -0.6121840215490557 -0.2253980996424216
v 73.3008746249919767 -48.5231719442536402 -8.5843392137029912
vn -0.2088898610457374 -0.3647130679962371 -0.9073860280966776
v 73.7473599926487822 -48.3023456395392046 -9.1757633537089447
vn 0.6223067004161972 -0.2489480939196382 -0.7421315362864486
v 74.6148106387446859 -48.2880645669621273 -9.0295882930157578
vn 0.9041572076503140 -0.3946062379643634 0.1636632543169024
v 74.8948868967297869 -48.2961556440394801 -8.2467550041643385
vn 0.5176036412201880 -0.3097014981215048 0.7976035686084276
v 74.5515014602456034 -48.2987719746867867 -7.7498608289642474
vn -0.1060464371544098 -0.3060828855030098 0.9460800285224329
v 73.9474788492483839 -48.3128468291006286 -7.5762060216299707
vn 0.0545001244301932 -0.9116691223497878 0.4072949150076161
v 74.1304609298424140 -48.6260981050835568 -7.8633510612941286
vn 0.2406993374145148 -0.9168344710176791 -0.3185567166486150
v 74.4065794750362528 -48.6305180342907448 -8.7957286675388424
vn -0.8864534987345122 -0.4502060324472515 -0.1073066770030946
v 73.3769532297596498 -28.5982932991830232 -8.4873889218297158
vn -0.7148604385896480 -0.5578655145474390 -0.4216166754507431
v 73.4429451480979765 -28.5982933003103703 -8.7102152146215719
vn -0.3402509716519033 -0.8317846525202277 -0.4385927132565471
v 73.6380142248473959 -28.5983027903013607 -8.9595356185660844
vn -0.2192467427499856 -0.5531010067046541 -0.8037475612254258
v 73.9231865696216204 -28.5982933003098871 -9.0870290534778224
vn 0.1166014343815313 -0.5522528937166031 -0.8254821905297580
v 74.1496423116064278 -28.5982933003030055 -9.0984590147864779
vn 0.4007587838392193 -0.7092337554139666 -0.5799826526346387
v 74.5035159260450541 -28.5983414806715714 -8.9712960214025692
vn 0.7585288481088287 -0.5574074533767238 -0.3375365424761720
v 74.7268230119775296 -28.5982933003144986 -8.6689284024489606
vn 0.8326616188671980 -0.5537810307163897 -0.0010947530086065
v 74.7767041294359842 -28.5982933003015418 -8.4121226724255287
vn 0.6462637712718461 -0.7019727109008382 0.2992949232646939
v 74.7249332001793505 -28.5982409922598357 -8.1180284258377853
vn 0.5621445361739533 -0.5490268844125469 0.6185167747458613
v 74.5355920012373474 -28.5982933003098729 -7.8689096252263138
vn 0.2578583838758301 -0.6913949585995061 0.6748941139824324
v 74.3328044390180054 -28.5982749815603903 -7.7456876550890810
vn -0.0647808452085191 -0.6885344635037872 0.7223044611946002
v 74.0456747034175748 -28.5982976220944813 -7.6945342752829804
vn -0.4513419992360936 -0.5436646861441969 0.7076150851736400
v 73.7265271637090791 -28.5982891694833938 -7.7847153496700825
vn -0.7131619279726713 -0.5472538341853008 0.4380791086776336
v 73.4882449559130890 -28.5982927315137836 -8.0073669450517340
vn -0.5527970450318817 -0.8222919844545415 0.1350974437427738
v 73.3877808477799078 -28.5982933008593925 -8.2433552348444987
vn -0.1401448018505255 -0.8974987131419575 -0.4181572603970991
v 73.7924898114316505 -28.5816638457096097 -9.7719758254058746
vn 0.3523263430687563 -0.2712147217021356 -0.8957168764245933
v 74.5046910326943106 -28.4793871467465287 -9.7499153793151603
vn 0.3947393389091873 -0.8962456128768782 -0.2022984323134678
v 75.2912436731519250 -28.5889428252961508 -9.1323784933111334
vn 0.4664415541823432 -0.8393252249118515 0.2792229277094382
v 75.2325211807111316 -28.5717573588675080 -7.5536419912311406
vn -0.0134881041706547 -0.6352556402661251 0.7721841377262012
v 73.9270930834610454 -28.5563233135972609 -6.9586962822296599
vn -0.4487841198328637 -0.8519879022033806 0.2696468584740504
v 72.8953051440381898 -28.5586284410050553 -7.5823460623841505
vn -0.4530330992653780 -0.8852091904726000 -0.1056678762578775
v 72.6964929886368196 -28.5916221075322916 -8.7486379787894073
vn -0.4878944918405599 0.6610145099610695 0.5701041856122170
v 73.0852575930838100 -27.7896270750202561 -7.3641870636527216
vn -0.0668453600600621 0.3885279057216666 -0.9190091209090236
v 73.8667757960965190 -27.7657573914593385 -9.8615155259722567
vn 0.5896734557488881 0.5387326016451298 -0.6017079021500664
v 75.2265049828393444 -27.7788782110535131 -9.2705693708501542
vn 0.7929696167967563 0.6079879936738684 0.0393673263713681
v 75.4807069385474421 -27.8477845309358827 -8.4563256741652975
vn 0.5749625337175304 0.4365223365272619 0.6920016867998934
v 75.0065887073611890 -27.7424784374535136 -7.2971308115739291
vn -0.1081476494136176 0.7713390113658835 0.6271684107729046
v 74.2299860608993924 -27.7391084136223682 -7.0282846735998374
vn -0.7390981145102130 0.3184612734658539 -0.5935624604285169
v 72.7963467363209986 -27.9642826908626674 -9.1511165031260955
vn -0.7587193037276406 0.6512928937155263 -0.0127508723897810
v 72.7441585906017423 -27.6645403647781336 -8.4383329733355641
vn 0.4847211823037957 0.5268349510851985 0.6982050628154074
v 73.8094481680507215 -27.3046042984618964 -8.6787360674417577
vn 0.0777874661097733 0.9593221243809016 -0.2713856514068765
v 73.9815755863915996 -27.4743234158521119 -9.4492150301464566
vn 0.4607972202893801 0.7509391081580126 -0.4730289395083871
v 73.8044438012303488 -27.2731862117223685 -8.1261635559875227
vn -0.5806510941224707 0.7396004741526457 0.3403460673014440
v 74.2955881139370433 -27.2696522836020279 -8.6853409388718656
vn -0.1836447837733923 0.9790184937849170 0.0883027871583704
v 74.0723017361638369 -27.8038133297627894 -7.2209886130213983
vn -0.4211236182890475 0.9056414761502801 -0.0496831439774298
v 74.3028088848159172 -27.2785364448793679 -8.0825878169806291
vn -0.8029488302630196 0.3889814883651269 0.4516265909891702
v 74.1683551450855703 -27.9510463379357610 -9.5007573898162878
vn 0.3166002131687287 0.7622228746999622 0.5646065836541772
v 74.0313999875392028 -27.9513239263343181 -8.9213475816752990
vn 0.0224169829784894 0.7717230296031239 -0.6355635644483707
v 74.0172069217826163 -27.9482042724511643 -7.8957757448579082
vn 0.7682416578324907 0.6399679773266057 -0.0156761974751386
v 73.0540136981918664 -27.9507906902308214 -8.3914305665223985
vn 0.8871469872063135 -0.4483528214077036 -0.1093159211940925
v 92.5357554847282557 -24.9950504694822264 0.2614748634840062
vn 0.9739289721839033 0.0199598990241726 0.2259733603143314
v 92.4319196050676908 -25.4621432515809047 -0.0784276637191808
vn 0.0659001449682795 0.0020531236082729 -0.9978241105408352
v 93.4484382109723697 -25.3534290575333330 0.9999007963542920
vn -0.2158475300228337 0.8294291165613437 0.5152253724180428
v 93.7205248681586198 -25.0081417759091309 -1.0695934178644788
vn 0.2723568885488382 -0.3666527069306573 -0.8895996390289382
v 93.2916623112519261 -25.8192734604819982 0.9303254355296664
vn -0.8282882869751749 0.1309314613755184 0.5447893777248244
v 94.3155842003767191 -25.6509260931139949 -0.5256686855440647
vn 0.8740248871749619 -0.0047176415617348 -0.4858582514035241
v 92.5347513033191404 -26.3333103431868700 0.4952308856541661
vn 0.9077886628306419 0.2733314718796844 -0.3181346414904241
v 92.5550616412028688 -25.8916816365606692 0.3435292659952208
vn -0.7471152062385591 -0.0097465301292142 0.6646231065480313
v 94.2078680161381641 -26.9844004294471453 -0.6110080061430168
vn -0.9368821430414279 0.3259843780994442 0.1264358939748516
v 94.4838035271580452 -27.4652856402345726 -0.3191510743988176
vn -0.5328217241437785 -0.2641583304762124 0.8039411587426480
v 94.3315876595250415 -27.2669416490362160 -1.0005769862532550
vn -0.1286712639227098 -0.0563147975016811 -0.9900870413367086
v 93.4668923190958623 -28.0565254013568541 0.9851924440915886
vn -0.1443427652213277 -0.4352427951887576 -0.8886669091197994
v 93.5965305678988813 -28.3835574781561206 1.1659428978182678
vn -0.4712753989998545 -0.2331588862679062 0.8506094474268655
v 93.9525557394001396 -28.1732296271469167 -1.1144617309886258
vn -0.3074003362072524 -0.2912883868009767 -0.9059007169743011
v 93.7230678847445091 -28.9283073658961634 0.9342927409920881
vn -0.0216864637345541 -0.0253813945784477 -0.9994425856946176
v 93.4133790617802333 -29.4011267094476985 0.9690422922655024
vn -0.6938237507020959 0.0035595510933483 0.7201360514220141
v 94.2357024240219090 -29.5593990355997569 -0.8969687898645781
vn 0.5621403276577600 0.3603423668350756 -0.7444136153272064
v 92.7825421837589914 -30.3558730369661660 0.6474862549966154
vn -0.9479574091752104 0.0325253751559639 0.3167315114742872
v 94.3968012344145535 -30.1716388852293598 -0.3339928990356274
vn 0.2511148246995945 0.2808210938574013 0.9263265396504757
v 93.1704891196190488 -30.0675581595905150 -0.9942486014629686
vn -0.3092371469792227 -0.0258367624101926 -0.9506339193592399
v 93.8047867039179692 -30.7396227226324683 0.9858604621679667
vn -0.9065157072134963 -0.0870975888806085 0.4130899207029861
v 94.3160162058745613 -30.5959816237304025 -0.4920223033615114
vn 0.2677008668155644 0.2180556714687417 0.9385030474359215
v 93.2161700416815648 -31.0880877523262065 -1.1530512768601811
vn 0.2615935594820966 0.2610858110540537 0.9291948175187665
v 93.1872487031131982 -31.6961243793741012 -1.3039033690919657
vn 0.3373309430076821 -0.3708856981440465 -0.8652465739901841
v 98.8284453898615425 -36.5982932453712806 -6.1318780766801204
vn 0.4553434439723718 -0.3730372143853041 -0.8083969227520799
v 99.7431350752410708 -36.5982932712829339 -5.1955558521932677
vn 0.9000644102064792 -0.3041797026821770 -0.3120236624934801
v 98.1039448332711004 -36.5982739436121705 -6.6856494820804340
vn 0.7623173361776908 -0.6268051446447644 0.1612066673863254
v 99.9676834402329177 -36.5982945639451600 -4.9078651250810852
vn -0.2672003024869553 -0.6306598763139651 -0.7286097163492496
v 97.7256412232991636 -36.5981479392679390 -6.9170994453190273
vn 0.2473417542957800 -0.7804736897472483 -0.5741801774654033
v 100.4854423582945486 -36.5982923196232974 -4.1285762798118260
vn 0.9214725499871249 -0.3681053654905720 -0.1240434581800999
v 100.6726317815761007 -36.5982935823565754 -3.8047172667048188
vn 0.4829004989066175 -0.8756521980012310 0.0063510858404733
v 99.4407589547154487 -36.5982592028925851 -4.1542781970396758
vn 0.6166546203631862 -0.7802807869855656 -0.1043981448394617
v 99.1040270117842113 -36.5982613168415725 -5.8676397508161102
vn 0.7399468667433593 -0.5344573725083966 -0.4084531201595920
v 96.9641465091048360 -36.5982932287123148 -7.3520153023991979
vn 0.5159815996755160 -0.7079278650887094 0.4822873900769516
v 100.4154995545714542 -36.5982933481174584 -3.5005147086397130
vn 0.1285749676922124 -0.7643526808769242 -0.6318492359093310
v 98.8641394595491789 -36.5980442672576416 -4.8634628665459880
vn 0.4040590756594517 -0.9133345049821475 -0.0505603143408468
v 97.8145247707463596 -36.5982932800718430 -5.8822478854574429
vn 0.8152723121900453 -0.5307690619913462 0.2315496918787062
v 101.1903002111533141 -36.5982941566750739 -2.5971907431823045
vn -0.4442850636998166 -0.3771626724610231 -0.8126248215968480
v 96.5797641634686244 -36.5982936379206549 -7.5125415985603095
vn 0.0354613675795803 -0.7621104736118081 -0.6464751483394947
v 97.0870247642570803 -36.5982933198822948 -6.3091200308584439
vn 0.4204557070735300 -0.8817221335359842 -0.2139698053979819
v 96.8109655480535025 -36.5982323059480308 -6.4465176960242410
vn 0.4586404381445499 -0.5302599158806577 -0.7130731870634411
v 101.0483006725356319 -36.5985754425852292 -2.9639124444807203
vn 0.3364868911083463 -0.6271944981034718 -0.7024269596626926
v 101.4070435476970147 -36.5980928445541167 -1.7258948238510143
vn 0.9097364065601253 -0.3776225117157018 0.1725714612112766
v 101.5062245245588741 -36.5982938951092791 -1.3313972509558281
vn 0.5218041019035319 -0.8337468685258108 0.1805176956978251
v 100.4471992494010948 -36.5982890598938866 -2.0340739916015345
vn -0.1576074960275490 -0.9395928136413190 -0.3038506569838472
v 96.0520936267343188 -36.5982932368519656 -6.8368227096807201
vn 0.6427512111659781 -0.7638172727974696 0.0587712031602568
v 98.6900593762902645 -36.5982933000844000 -5.0545412284558884
vn -0.3436428471492179 -0.8959303602267442 0.2814576046710335
v 98.3787976852334936 -36.5985257312525292 -4.3117206353160409
vn 0.1146267600183556 -0.8559115828928346 -0.5042579381205382
v 97.9560025276311421 -36.5983144601022161 -5.6729166668991757
vn 0.7560695136078385 -0.3036473534613490 -0.5797906305975675
v 95.7475890306060080 -36.5983366606464529 -7.8101004327560135
vn 0.1943597066570859 -0.8342515133128614 -0.5159929427457045
v 99.5967865475696073 -36.5982940199354374 -3.9174946265862842
vn -0.4840687913188911 -0.6302480744058924 -0.6070129899588086
v 95.3180563625253257 -36.5981786568504361 -7.9083988711995516
vn -0.4740778349262583 -0.8587094124463464 0.1945979224135808
v 99.4086561700837734 -36.5979370593110147 -2.7034770090012934
vn 0.6334470917130337 -0.2966600900715286 -0.7146590606429417
v 94.4322291879924478 -36.5982937928513152 -8.0849527060102169
vn -0.2420903567099501 -0.8951793007991358 0.3742275759598959
v 96.7777140599264953 -36.5982833882534351 -5.6229190321574967
vn 0.7143676090974059 -0.6737168667289218 0.1891679215866686
v 100.0227847743425826 -36.5985333225292919 -3.1510520690504831
vn 0.3910721069465401 -0.9075963589389930 -0.1527463793648685
v 95.7299992338051595 -36.5982932229219884 -6.9543398186943648
vn -0.5512972328597978 -0.6265819963179606 -0.5508778112533931
v 94.0603924918978151 -36.5982929987412220 -8.1171727809532186
vn 0.2315392056518737 -0.8773554628726314 -0.4202820338934917
v 100.1609669323298846 -36.5982932348667802 -2.8732529522900432
vn 0.3106290222400516 -0.5771225446875684 -0.7552742408923631
v 95.8522956764993950 -36.5982933005016875 -6.8269644676622825
vn -0.2173179095249383 -0.7710491567458366 -0.5985450058944984
v 93.7110247652993564 -36.5983409049284916 -7.2421738114434939
vn 0.7168094800426091 -0.6312930914752825 0.2960628345075162
v 101.6110286799125220 -36.5985377796987947 -0.0002393614161388
vn -0.1523646693117872 -0.8580529351114680 0.4904387506020551
v 95.5843892013700440 -36.5982932866084525 -6.1534387340858974
vn -0.3110824511939506 -0.9491611993364929 0.0481739165241294
v 99.9245994570366065 -36.5984993906156291 -0.9168494671596428
vn 0.2911140023738429 -0.8767062927124705 -0.3829343467753163
v 100.5351226275107166 -36.5982932187246419 -1.7635410663570010
vn 0.6577208867740718 -0.5330544457026672 -0.5322181817805089
v 101.5990115494502248 -36.5983708698273347 -0.4076004691686625
vn 0.2646184636251776 -0.6257500730884622 -0.7337669348903879
v 93.1328971198764890 -36.5982932096310947 -8.1304119894630311
vn 0.2731582584581014 -0.9224693144079097 -0.2728276558780988
v 94.6237389125292907 -36.5983638241181524 -7.1785651813302307
vn -0.1212973609133888 -0.8474366185398703 -0.5168540681789758
v 94.8983908661970190 -36.5982932684582494 -7.1206457398291212
vn 0.3985052136145192 -0.8373829547798787 0.3741435309692873
v 100.7059692888801123 -36.5983832529846396 -0.9013758179289568
vn 0.5017615147520578 -0.7912103856080775 0.3496019279403902
v 100.7202215960548273 -36.5982931339000004 0.2504961131170383
vn -0.7456617035845949 -0.3738273822582904 -0.5515811019979144
v 92.7593735001563289 -36.5982932185270045 -8.1100638574792949
vn 0.4814876681897756 -0.7819203257557019 -0.3959422048118509
v 100.7065388237442534 -36.5982940081546886 -0.6260426588806531
vn 0.6930882129758258 -0.3744998117818972 -0.6159371883636351
v 101.5634772052527524 -36.5982930897301699 0.9217247813471677
vn -0.0002528344788378 -0.8959288904368349 0.4441974328554232
v 93.7258805650090494 -36.5976461002593538 -6.5380474293769355
vn 0.5262643808243498 -0.7441730078692113 -0.4114028874892042
v 93.4378501339726597 -36.5982053827986320 -7.3063007854848836
vn 0.6611911260413385 -0.6274431617120758 0.4112680071011366
v 101.5046240959699446 -36.5981798428591887 1.3041739303314710
vn -0.5957811503545368 -0.8017730167371255 -0.0469558357871904
v 99.9623932196784324 -36.5982932836515715 0.5321017133120330
vn -0.1620299772548514 -0.9014568795955482 -0.4013997766574484
v 92.5312166759076291 -36.5982201305278849 -7.1740817561679950
vn 0.3270163621949821 -0.9181192264361746 -0.2238691245013487
v 100.7406805425974454 -36.5983261448988344 0.5317682435406108
vn -0.4863307739766614 -0.7830555110998539 -0.3876937513288138
v 91.4445467639805543 -36.5983406741478206 -7.8724381091664872
vn 0.1613227853383177 -0.3786265202811006 -0.9113818722525221
v 91.8431852319498461 -36.5984022939752123 -7.9730087641629837
vn 0.2620897494165095 -0.8416036135472175 0.4722418034387226
v 100.6036500781937235 -36.5982932999048671 1.4232232983060933
vn 0.3924476317138990 -0.8303820722391339 -0.3955382035480185
v 92.2440263637421225 -36.5982930887811833 -7.2057135508694126
vn -0.3589605133791784 -0.9205023031448206 -0.1543465572652581
v 99.5740415532378194 -36.5983929946613102 2.3797742747248303
vn 0.6260558029084634 -0.7448450648629655 0.2307811972278593
v 101.2636689450371819 -36.5990253248489097 2.4515864599501329
vn 0.2128240850493653 -0.5357713736306005 -0.8171015506171064
v 90.5747888181561365 -36.5982941711264900 -7.6038447244499725
vn 0.0861645663229365 -0.9291676858576859 0.3594761175213906
v 91.9123388130667109 -36.5982932836706212 -6.3197080731418191
vn 0.4385007681537859 -0.6500665057822657 0.6205889254478968
v 100.2637811709688265 -36.5983246053554936 2.5691901318392354
vn 0.7294070399762187 -0.6499434189186332 -0.2133985057058482
v 100.5367721844461641 -36.5983124798360748 1.6676016207932112
vn -0.5921378375748858 -0.6778865948902849 -0.4357092445429556
v 91.4239738753594509 -36.5982932211136216 -6.9656454072506966
vn 0.9240328278092146 -0.3793630264120423 0.0474028197726933
v 100.8610644263310689 -36.5983865755174804 3.4135032262470859
vn -0.7360953677306598 -0.5248059014307407 -0.4274837721234953
v 90.2082817430773787 -36.5980511110925164 -7.4488047532264758
vn 0.2352683094490285 -0.8922033930400868 -0.3855151462870851
v 91.1356451267340475 -36.5982929690173933 -6.8819345127357137
vn 0.1459696292237105 -0.6300148176785251 0.7627412384615029
v 100.6609507811264592 -36.5983449034396244 3.7906731280789874
vn 0.2177238435930846 -0.8588071003348547 0.4637312716924458
v 90.5450669273696178 -36.5982932846802314 -5.8203797247148703
vn -0.4540382632927608 -0.7701310461080358 -0.4480484653323076
v 90.2871778455923391 -36.5982933056975455 -6.4958192157846870
vn 0.4723218757493751 -0.8448286413104455 -0.2513495822756396
v 100.1734014525493848 -36.5982935772479081 2.8224579518996573
vn 0.1647293720324232 -0.8725323624838293 0.4599472909021113
v 99.8116750768042635 -36.5982933156138728 3.5936755307877633
vn 0.2745426401096971 -0.6290598557655458 -0.7272620137377094
v 89.4191976503386314 -36.5982676782660761 -7.0404414666829451
vn -0.3603119889751238 -0.8951871655060628 -0.2623265318529775
v 98.7329977547540096 -36.5982932425505325 3.8372601653987495
vn -0.8894086829449170 -0.3029225440652593 -0.3423304353971749
v 89.0466639679208782 -36.5983390517984546 -6.8260445236337919
vn 0.9029519045644611 -0.3738682144451955 0.2118971832539870
v 100.2083984554240033 -36.5982930798850461 4.5756190953021081
vn 0.1347097402241696 -0.8643449999440240 -0.4845214205383511
v 90.0305594527693529 -36.5982932200383289 -6.4330938752083506
vn 0.0526674175902024 -0.6261756200024359 0.7779011736968549
v 99.9821603537967860 -36.5982929076882542 4.8810395483604303
vn -0.3128700384073125 -0.9466965218492719 -0.0766683414813299
v 89.3185306980947331 -36.5982933852801153 -5.9855620037156640
vn 0.5375280479106412 -0.8432306085250285 -0.0050733180351080
v 99.6401892432153318 -36.5981342661853404 3.8172577164512926
vn 0.2024925930175845 -0.6939654568303104 0.6909476785541095
v 99.1057912832130796 -36.5983461025405887 4.5658955701621489
vn -0.2928100709083356 -0.3706917382325340 -0.8813908880745239
v 88.3060761148918232 -36.5982935978678583 -6.2907721691964502
vn -0.0711113808669198 -0.7836444213640119 -0.6171260749443853
v 89.1312607778012307 -36.5983042772175011 -5.8011164604048746
vn -0.6130011069299235 -0.7767095183397380 -0.1447479430704998
v 88.0312039069611387 -36.5982930341416832 -6.0523334827748823
vn -0.6177386106907007 -0.7860073936216451 -0.0243184299252907
v 88.3950916323293256 -36.5982835010962262 -5.1732718899311312
vn 0.8397953296789508 -0.5321406022184090 0.1075647884767666
v 99.3951389637827134 -36.5982921227894380 5.5850264877555871
vn -0.0607526606329857 -0.3720959862063857 0.9262039145215867
v 99.1228464215277967 -36.5982948138347908 5.8602103238148882
vn 0.3904001412623901 -0.9205633591764781 0.0122813453670313
v 98.9441154677087980 -36.5982936290570606 4.8081180155494447
vn 0.0754949997029359 -0.7800966405077783 0.6210875433369534
v 98.2970773404783955 -36.5982548639506646 5.4104638992337382
vn 0.4766227084262314 -0.8741669643442517 0.0930747670510092
v 98.0947510997725658 -36.5982934055685476 5.6147326771122499
vn -0.1550450497201851 -0.5304003879363867 -0.8334485353242851
v 87.4006266133149126 -36.5980863945885417 -5.4013634740579795
vn -0.8448192793947281 -0.5293500749779912 -0.0779030377056469
v 87.1311479459081255 -36.5982924408481267 -5.1012748356133102
vn -0.1129966818069141 -0.7415122634470132 -0.6613556630575673
v 88.1405607309324068 -36.5982932751173422 -5.0244485263249024
vn 0.2608403970803073 -0.9202672356917350 0.2916684798933205
v 88.9671445467029969 -36.5985016318613958 -4.7358738536582665
vn -0.5346891913080218 -0.8381153276157141 0.1080285439778667
v 87.6213076599845806 -36.5982698078067301 -4.2985301498679354
vn 0.2208447504576935 -0.3791313049119177 0.8986028320849349
v 98.1092981249705787 -36.5982941223984639 6.6889901562664420
vn 0.5142150476261181 -0.8017193008679955 0.3046785969027058
v 87.8596151237718459 -36.5982932838144350 -3.2944975956740175
vn 0.7776815981975324 -0.6286148758566621 0.0073938945519552
v 98.4348891807581481 -36.5979413229796577 6.4295685226317429
vn -0.0748150911165300 -0.7623853124566645 0.6427840519891416
v 97.3975849365449449 -36.5982929983936245 6.1266569463035871
vn -0.2979550999780572 -0.8952820779207006 -0.3311989724486757
v 97.7400181491460813 -36.5984445452702118 4.9354272720623680
vn -0.2700454118416087 -0.8002138888509021 -0.5354747497626868
v 96.2540147025458879 -36.5984756371507203 5.8914155920559423
vn -0.8403664626390943 -0.5303050382388496 0.1120748628816830
v 86.3944081240699404 -36.5982868305282736 -3.9896298758786783
vn -0.2271175375508744 -0.7759425703585854 -0.5884987269673052
v 87.4998724627422035 -36.5982932950612962 -4.1059017101685660
vn -0.4661306810535030 -0.6308098042090426 -0.6203234471582925
v 86.5914290477802098 -36.5982717194119260 -4.3432114001755222
vn -0.4983029497470092 -0.8439193580559826 0.1987316969479405
v 87.0228500606123418 -36.5982932970373369 -3.3461339057304258
vn -0.0113747059778492 -0.7636493935163624 0.6455309596340126
v 96.3459153873236573 -36.5983218037628859 6.6620002182486973
vn 0.2760875377939392 -0.9524286427623745 0.1290556156108726
v 97.1406307859082858 -36.5983323997130796 6.2635400982147615
vn -0.1429946195099344 -0.5372137242978646 0.8312364003201659
v 96.9638371627908668 -36.5982928646460834 7.3534861296665603
vn 0.9102483423355406 -0.3732334348744553 0.1792895935831645
v 97.3268288526058001 -36.5982915162395344 7.1492102686006529
vn -0.4496153732623511 -0.5284698817517718 -0.7201149909614611
v 85.9751810794683990 -36.5982939800528939 -3.1697206374834916
vn -0.3241249983136701 -0.8376662139326492 -0.4396115324964809
v 86.9017049256851806 -36.5982269937264633 -3.0885380776377436
vn 0.4212732706652859 -0.8937413965187969 0.1541270500970014
v 87.3753395978301199 -36.5982932866471344 -2.2627254196008217
vn -0.8210217252892872 -0.3712744840906076 0.4336802786226915
v 85.8421019299090062 -36.5982925748824712 -2.8298404386587732
vn -0.5379279799202503 -0.8406344558147060 0.0629857135867497
v 86.5753032645716019 -36.5983211778354445 -2.2198561645659338
vn -0.2486227446064972 -0.8153513183922372 -0.5228660999341737
v 86.4751175461560280 -36.5982932907682539 -1.9750085950281770
vn 0.4425127762420252 -0.8948012624636459 0.0592717770616068
v 87.0217074485222071 -36.5984158902527810 -0.9475671892586310
vn -0.2170288803608637 -0.7685725278049110 0.6018261664242250
v 95.1931429974851397 -36.5983163294772638 7.0471196490657926
vn -0.1201856292640158 -0.8944405290596629 -0.4307337396743876
v 95.2356938684505536 -36.5982933000222062 6.2609870015687621
vn 0.3192501042509774 -0.9233838139598280 0.2131705961260642
v 96.1118514705090803 -36.5982908288543101 6.7589660242388190
vn 0.6879666518305514 -0.5256829336917822 0.5003592101623214
v 96.1128155298388975 -36.5982923772536779 7.6999008587181024
vn -0.2578153309692776 -0.5237573005893970 0.8119172034120905
v 95.7657822479638696 -36.5982931078683578 7.8123791287875228
vn 0.2886768446734772 -0.9243580100635335 0.2494553037735413
v 94.9732476536229058 -36.5982933028742821 7.1048560264339091
vn -0.4197229872419384 -0.8776800865804485 0.2313228903520796
v 86.3031357772042895 -36.5982934392596277 -1.1303244356566602
vn -0.7496266173028221 -0.3793695482823017 -0.5423455360443290
v 85.5756821295940711 -36.5982682018911873 -1.9459048440302007
vn -0.5889826685049435 -0.6286645247499226 0.5078191917619399
v 85.5003999435212165 -36.5981699841058088 -1.5232805334018995
vn -0.2244140106634696 -0.9219029918045609 0.3158056768326623
v 94.1150537385671271 -36.5982932081237280 7.2580931721556849
vn -0.0797514241435008 -0.8013039213254883 -0.5929179842233486
v 94.1680355517936505 -36.5982933082177553 6.4728025221297658
vn 0.3557840576846295 -0.7826760765514965 0.5107209252531332
v 93.8324327486823933 -36.5982800681307907 7.2455587934104733
vn 0.0466780352238587 -0.8001011157421176 -0.5980462905293026
v 92.9879894459011211 -36.5982932999816697 6.4882613641066218
vn 0.6785744488808869 -0.6291583045424163 0.3790732714810064
v 94.8735620872094501 -36.5980321563510742 7.9995491865216612
vn -0.4714208037239022 -0.3028940699087791 0.8282617993306257
v 94.4394627520779295 -36.5979019046501222 8.0724353248175511
vn -0.5363711994850284 -0.7538540783417245 0.3794864489419101
v 86.1655972798391474 -36.5982933426963228 0.0110425053394300
vn 0.5963106549589366 -0.7997911933289535 -0.0689031919136723
v 87.0157909914755692 -36.5985560169296491 0.8272851968466463
vn -0.1944050331269842 -0.7085213014861426 0.6783835555460339
v 85.8122350881949671 -36.5982933754547517 -0.0621630042066157
vn -0.4668615618806762 -0.7751640433972000 -0.4256301068562227
v 86.2719779662168946 -36.5982830541230300 -0.8424490643031756
vn -0.6967898088805611 -0.6306012688009285 -0.3417981890338950
v 85.3584748489906531 -36.5982931596518242 -0.6431495060853371
vn -0.3660769449164725 -0.8612331131777625 -0.3525126879514567
v 86.2366128958654059 -36.5982903184135324 0.3132716383175788
vn -0.6625744503165084 -0.3675072693895500 0.6526358132477972
v 85.3388952961452105 -36.5982931224090962 -0.2669830543252510
vn 0.2908959168076092 -0.6264952422030012 0.7231066844398988
v 93.5419784203225788 -36.5982927530205586 8.1414445791960972
vn -0.4363157070205934 -0.8466860686039547 0.3045509892269257
v 92.9175051186648489 -36.5983788499065739 7.2526793634562381
vn -0.7073072237772536 -0.3727581037203446 0.6006395652163841
v 93.1719849284810238 -36.5982964977971932 8.1343281901632842
vn -0.4651275227875206 -0.8605235256181331 0.2077393785570828
v 86.3429123670214693 -36.5982822662362324 1.2194503991971011
vn -0.5035806898856919 -0.3787919863640142 0.7764812424267923
v 85.4051525027832810 -36.5982919214009286 1.0635129664735377
vn -0.7378569230383246 -0.6245681788432221 -0.2558940231831854
v 85.3724825724196563 -36.5982924114367236 0.6495632848669423
vn 0.1709379647080651 -0.8431995597735459 0.5097006127317906
v 92.6414887793265223 -36.5982932998983728 7.2211212856104297
vn -0.3239665106540487 -0.8476318656275618 0.4201974777974984
v 91.7738821968442267 -36.5982933004329638 7.0521437790730293
vn 0.1525289316148921 -0.8950168173778935 -0.4191417679391616
v 91.4536346088500665 -36.5984863516483756 6.2055503596081989
vn -0.3684841792432750 -0.8399914576347902 0.3982885395639579
v 86.5878105739734281 -36.5982932825837750 2.3288774631585212
vn 0.5622820393170049 -0.8003743979597381 -0.2079416537206939
v 87.3017593866819084 -36.5982932854372152 2.0739477299279638
vn -0.4004323138383770 -0.8354924562329437 -0.3763061487829906
v 86.3334597167995952 -36.5982930942909377 1.5201860702565184
vn 0.3928677955352881 -0.5345512135234783 0.7482712712324453
v 92.2616711543932553 -36.5977756996660730 8.0443171026650049
vn -0.8249156647725516 -0.3760609072799059 0.4220098814348704
v 91.8323276556032226 -36.5980956768493328 7.9579676530013748
vn -0.3634388145792525 -0.3748038330085210 0.8528975992575829
v 85.6946873917174230 -36.5982907363655414 2.3422969718016620
vn 0.0906419947841769 -0.9232587363997039 0.3733327395811510
v 90.3902366944630273 -36.5982932951502562 6.5809730026405466
vn -0.6211991827075430 -0.6797041678163174 0.3900177171060412
v 90.6556206225941565 -36.5982603638945960 6.6781916262854546
vn 0.1503315227549384 -0.9207457871917420 0.3600383710590317
v 91.4822623993714501 -36.5982937327367921 7.0037982527588616
vn -0.4681507097822151 -0.8482940780017425 -0.2474511470120555
v 86.7012487327512531 -36.5982930428185185 2.6161998361926622
vn -0.7935974312047082 -0.5315918031228828 -0.2959953919199598
v 85.5739536813592423 -36.5983886952261983 1.9481833500301040
vn 0.2989815840292392 -0.8583063164811080 -0.4170375037091976
v 89.6668470510844173 -36.5984038826738072 5.2990796161113618
vn 0.2737447841086535 -0.3012413554954707 0.9134097869590396
v 90.9595912715894599 -36.5982930702529998 7.7437002708338509
vn -0.4277172705550796 -0.8504692552959463 0.3062025183849266
v 89.6339660054955090 -36.5982930465050558 6.1523132509950011
vn 0.4298718954021442 -0.8587197149636634 -0.2789455227747757
v 87.9160956709881560 -36.5982932796727809 3.3965249984982870
vn -0.0186449331282916 -0.8464997301119536 0.5320625652956910
v 87.6876402887406101 -36.5982933148174254 4.3863043242479023
vn 0.2737930614937341 -0.9285828331595306 -0.2505419754039385
v 88.6782260189937261 -36.5982933045356660 4.3948753159017429
vn -0.5202004673702976 -0.8213112359477214 0.2341779824273629
v 88.6811483145098123 -36.5983398185464637 5.4027351144726641
vn -0.5243289818724471 -0.7796036817840053 0.3424868145161595
v 90.6013098689087002 -36.5982944342590031 7.6107436561126507
vn -0.6360636919465057 -0.7693780934651225 0.0589943139917217
v 87.8489064132458282 -36.5982907240079882 4.5815742750129571
vn 0.1956613786647251 -0.7240207337829747 0.6614458420395292
v 88.3531970907661872 -36.5982950888951635 5.3456500729895549
vn -0.3279987369058175 -0.7884433580306555 0.5203593948085610
v 87.1074487200568797 -36.5983036186222179 3.4453704533629010
vn -0.3905740753364328 -0.9169893381315869 -0.0811322711877630
v 87.1863571618054749 -36.5982930362966101 3.6906702016131283
vn 0.1550551072368194 -0.8363827017528782 0.5257583950146059
v 89.3805818507651253 -36.5983219670395741 6.0262996724251536
vn 0.1330912478847081 -0.5349158616219348 0.8343570822625972
v 89.7795931349425587 -36.5977844587653820 7.2466094585365877
vn -0.7772550461287434 -0.6291856338683102 -0.0001772036616111
v 85.9900754823088533 -36.5984646709103245 3.1877577799901591
vn -0.4275104957056339 -0.5269579463727035 0.7345407400656454
v 86.1466087937126304 -36.5982931159857117 3.5444015908461717
vn -0.9167529197979891 -0.3763625624616369 0.1338480691649004
v 89.3986228225583943 -36.5980687645477545 7.0256097621748994
vn -0.8807943011332861 -0.3774290787911530 -0.2859172775017066
v 86.6028490280268954 -36.5982938291717801 4.3550937062124317
vn -0.4068928702516653 -0.6297565343748524 0.6616984959560787
v 86.8288422337802928 -36.5983940094706739 4.6920188962544609
vn -0.6020530587188355 -0.7792093202330334 0.1742554152652609
v 88.3434457512930322 -36.5982939669930971 6.3212584851138036
vn -0.2327378673290139 -0.3706241893603131 0.8991500405228001
v 88.6328637980960821 -36.5982921791819038 6.5436102502879150
vn -0.8683856551603250 -0.3707163966554302 0.3293565046611147
v 87.3976214356102190 -36.5982938404166092 5.4171032473812391
vn 0.0276084751238406 -0.6247548039376947 0.7803327540595159
v 87.6455799958074806 -36.5982922836125866 5.6826293810513722
vn 0.4731718530904666 0.8429963211652319 -0.2558624629460509
v 96.8267173813111128 -33.0982775403658422 -6.4250435400348982
vn -0.0961570144292890 0.3717431320354289 -0.9233422292739216
v 98.8266870223951344 -33.0982915201070895 -6.1327577733865342
vn 0.8937531274404732 0.3718182229502071 -0.2509114510589810
v 99.9668508734350780 -33.0982935763134236 -4.9097036948896742
vn 0.0222007181677076 0.6271856412752029 -0.7785533376018949
v 99.7414703671900611 -33.0982925634236480 -5.1967828585172589
vn 0.1253403279295432 0.6321478296187484 -0.7646430040893726
v 97.7496565573815133 -33.0982172211209189 -6.9212181588630184
vn 0.3370351300394048 0.5312320978454619 -0.7773028877715759
v 100.4879275722748275 -33.0982934120698076 -4.1339271631725927
vn -0.3306510993256420 0.9365911499799758 0.1160468366390518
v 88.6900702668672949 -33.0982935477164659 5.4249199887034996
vn 0.8804976493636932 0.3676087625823127 0.2993120230423625
v 100.6711814011449349 -33.0982934889832663 -3.8011678485977378
vn 0.7418932734236315 0.5304637096445869 -0.4101251316353000
v 96.9530392497751023 -33.0982952460834454 -7.3548208856602644
vn 0.7997214363728495 0.5345040264146175 -0.2734064190034834
v 98.0920215572314049 -33.0981176642598314 -6.6930075335709951
vn 0.8369137234199432 0.5278550289841625 -0.1447221058701676
v 99.1121675941847826 -33.0984637738284633 -5.8649465438513460
vn 0.4747331389992709 0.5268716499621032 -0.7050068873437406
v 101.0642929100000060 -33.0982933000000017 -2.9413597600000001
vn -0.2546416396972865 0.8471083700184959 0.4664386827621445
v 87.6902686361632959 -33.0982933749373558 4.3870395776261057
vn 0.1380188162037103 0.7720996362626169 0.6203329412959313
v 90.3934126999556042 -33.0982933584366208 6.5734561130170999
vn 0.4079010115592260 0.8959130041713314 -0.1759450304091027
v 98.6888240280558335 -33.0982932998297912 -5.0262928219080401
vn -0.0327526834082222 0.5994160385095012 0.7997672627128077
v 88.4335209328364868 -33.0982933003205773 5.2820601612298281
vn 0.4881706781707585 0.7082451700960363 0.5099785956390114
v 100.3901489718729323 -33.0982933815489559 -3.4743358760432068
vn 0.3229113657787066 0.7076770256153124 0.6284277820618647
v 88.1454792732181573 -33.0982929403094559 5.4705511789802532
vn -0.7416240263015230 0.6549874056518240 -0.1448630458392024
v 87.1891019582995312 -33.0982925009350097 3.6845436714593807
vn -0.4814050168037772 0.2993641157785103 0.8237902257130184
v 86.1490663424283554 -33.0982843083538114 3.5515248715147703
vn -0.6916916945519382 0.6240945756407328 -0.3634123833108630
v 85.9972956471902279 -33.0987208910492683 3.1782365763269897
vn 0.1387882326606614 0.5334452507321168 0.8343704159102713
v 89.7662864293060068 -33.0982926605681342 7.2353732229071133
vn 0.1070382688952528 0.7591643448290578 -0.6420376208075156
v 98.8816785392790791 -33.0980872278222193 -4.8622964631402334
vn -0.6117599663951291 0.6327347493163630 0.4747593922438922
v 89.4061276612193865 -33.0982074438112051 7.0465509876185504
vn 0.2221039398337238 0.3747566129655825 0.9001262805567352
v 88.6650524246618374 -33.0983310515639673 6.5465008276187957
vn 0.7542781125614499 0.6468231670476408 -0.1126246841558125
v 97.8143616074132041 -33.0982925673793389 -5.8663892761418666
vn -0.9044609387361366 0.3810545415820429 0.1916972786459053
v 86.6003854912104174 -33.0982927663503261 4.3625097719001706
vn -0.8132158046834073 0.5330087443673898 0.2336273388133694
v 88.3310708985434303 -33.0982983494328877 6.3041405577483625
vn -0.0358964730738493 0.6269150663373858 0.7782602025158742
v 86.8534793759840511 -33.0984746815802282 4.6970542584343189
vn -0.7761288116749111 0.6246392458904124 -0.0863126884157089
v 87.3974450705961630 -33.0982941776124306 5.4164613546900631
vn -0.3952933688838713 0.3683528720539239 0.8414626041399969
v 87.6448676170270033 -33.0982915943401608 5.6823234378632073
vn 0.5490277019772418 0.8358012126728132 -0.0022170602706699
v 99.4423803653078124 -33.0982627473041120 -4.1290189146600493
vn 0.8139518124773278 0.5302474545390337 0.2373185283953792
v 101.1912429536923383 -33.0982934805668734 -2.5956896402331529
vn -0.2070637956453255 0.8407691377478790 -0.5002317878180463
v 97.0942918217649265 -33.0982933423106900 -6.3139127033449860
vn 0.0057460738612389 0.6307112345857016 -0.7759963409724052
v 96.5899235082203660 -33.0982940845917781 -7.5195034862738543
vn 0.1063441310649182 0.9488398552741910 -0.2973110405472687
v 99.6028646541419533 -33.0982934431516753 -3.9132593691290349
vn 0.0585779487622628 0.9562920658381311 -0.2864857915043003
v 97.9719314966801420 -33.0982917866243653 -5.6671558913652991
vn 0.6174927666614618 0.7592266863225455 0.2056149846107050
v 100.0485493496046416 -33.0982925001577826 -3.1848679908187729
vn -0.2692563333288003 0.6634401627998221 -0.6981032712618350
v 96.0104827828311898 -33.0982839271359950 -6.7967895591252940
vn -0.1216648066088031 0.6325200544258025 -0.7649287911838738
v 95.3384357400209410 -33.0982264776122221 -7.9191899704458875
vn 0.6750225321584847 0.5344211470817420 -0.5086635613351741
v 95.7371744252581038 -33.0982993244046142 -7.8080928909895180
vn 0.4573399367961700 0.8723838254645492 0.1725880739770690
v 100.4552951693095935 -33.0982835309626608 -2.0512354052034767
vn 0.7043415965228409 0.3760601107303495 0.6020645385049123
v 101.5008860822493659 -33.0982955184855641 -1.3072958332796563
vn -0.2727397922987822 0.3726633710286528 -0.8869808439816375
v 94.0704893387865724 -33.0982928127248073 -8.1196620974093499
vn 0.4178857315967574 0.7770297757028878 -0.4707401013287086
v 94.4311434975039816 -33.0982934097538219 -8.0834666595509805
vn -0.4203030575193291 0.7610778173358665 -0.4940707396711294
v 94.9109454593879889 -33.0982933637465351 -7.1409501911161177
vn 0.5874431366692504 0.7526015135647084 -0.2974920552893848
v 95.7305994405330409 -33.0982932857331420 -6.9190922342442365
vn 0.6347618654632472 0.6305843811937495 -0.4465878551283211
v 101.4287028625137168 -33.0981189732251480 -1.7107581206676250
vn 0.7444183649327217 0.3027845762279909 -0.5951157856663938
v 101.5996423523758097 -33.0983454806296677 -0.4165976905813850
vn 0.4603143199669010 0.6805731937149906 -0.5700270649977837
v 100.5166608712064118 -33.0982932946783492 -1.7663101970724999
vn 0.4303474298915642 0.8906185137723320 0.1469685425922424
v 100.6849747321620185 -33.0982932414640771 -0.9235096194806285
vn 0.4864767818010664 0.6281933229192522 0.6072178273141737
v 101.5975027148664935 -33.0988361416006640 0.0143781111530940
vn -0.4163914452885978 0.8321748835893905 -0.3662009385753364
v 93.7169745070154647 -33.0982619315884037 -7.2931525994674837
vn 0.4372346290663133 0.7711208595475016 -0.4628158371490389
v 94.6343798009650783 -33.0983028900402161 -7.1697306036448980
vn -0.3975176301984502 0.3747076397968522 -0.8376000945315614
v 92.7605710173001086 -33.0982926617811231 -8.1106512995249105
vn 0.2433176423239685 0.9552569644859854 0.1681685366973441
v 100.7169777554663028 -33.0982932997757828 0.2662417560089720
vn 0.9017242551993424 0.3741256581140626 -0.2166180036975475
v 101.5638210025336576 -33.0982925657057976 0.9229062388741063
vn 0.5765250525370718 0.6266639172419377 -0.5243197484590070
v 93.1385102198884312 -33.0982943606555864 -8.1249976342040693
vn 0.2836447392490946 0.9275724590570339 -0.2432179991184875
v 100.7078244335313855 -33.0982934672206284 -0.6232710162865882
vn -0.3555987234241128 0.8962055638255637 -0.2652642743892303
v 92.5348019127066550 -33.0983083330569841 -7.2033534767681715
vn 0.3965930416483507 0.6254593834406446 0.6719483008254121
v 101.4999972165650917 -33.0984585530012581 1.3023863054475531
vn 0.6244347000452093 0.6542584191120236 -0.4266464887942771
v 100.7376916362318582 -33.0983234408246503 0.5186326666624599
vn 0.5909505602446073 0.3777493324299642 -0.7127993246316252
v 91.8601731382835709 -33.0983812831235795 -7.9656911431530633
vn -0.6582786329326433 0.5352644520891283 -0.5293025673034804
v 91.4334586188380456 -33.0983440526112247 -7.8716613303038612
vn 0.8217282673284901 0.4912949168280123 0.2887766600199430
v 101.3147384504323725 -33.0974292661289766 2.4297795384505712
vn 0.2422813732811979 0.7521331500963621 -0.6128584344586442
v 92.2478652853219501 -33.0982926664937764 -7.1923200332364283
vn -0.2555777224610152 0.9498815578356909 -0.1800140379672688
v 91.4258410624916991 -33.0982932972888477 -6.9782375312071885
vn 0.3578113969247897 0.7401854202529384 0.5692947811773014
v 100.3197901120658457 -33.0982929381193287 2.5522072169517691
vn 0.3842293395251258 0.9139122912129821 -0.1308897956982243
v 100.5457787919005455 -33.0982880552060976 1.6899196785665636
vn 0.2293140837047296 0.9302981128453538 -0.2862873945025063
v 95.3353898201618932 -33.0982933043360248 -2.3717820377906196
vn 0.2930890609458598 0.8436464062931063 -0.4498439101539567
v 100.1116164068843517 -33.0982987368983501 -2.9093592353539997
vn 0.1615618973606371 0.8956511360580279 -0.4143751872388052
v 94.4821742600966985 -33.0982932989606269 -2.8370556989510751
vn 0.2445995634225766 0.3026133078510321 -0.9211928351246232
v 90.5997615093992863 -33.0986937740107763 -7.6107931179140547
vn 0.2935406583318203 0.9390574927737110 -0.1788991536359895
v 96.1672553440752722 -33.0982271254517713 -1.4220882631095251
vn 0.6936218509707303 0.6296432048356698 -0.3499116495062786
v 100.8570994283746813 -33.0983675359931837 3.3935610124797582
vn -0.5439032238785226 0.7823133060013381 -0.3035707072624208
v 90.2094889765392622 -33.0981621887549124 -7.4389481504986925
vn -0.6338455833432405 0.7571003583447750 -0.1582366072389085
v 90.3316357333899163 -33.0982932984904252 -6.5693845760913065
vn 0.0410446414911515 0.8953552551834124 -0.4434572182525721
v 93.7524017445763178 -33.0982932989463592 -2.9916584941960522
vn 0.5958546266433024 0.8017467531299456 -0.0464694281583127
v 96.4767115455935880 -33.0982932987621083 -0.1723316410256120
vn 0.2172052449652165 0.8470297045775360 -0.4851417948629994
v 93.4438400389043267 -33.0982915118615395 -7.2529766740777024
vn 0.6027743052308682 0.3785858132334269 0.7023787574890267
v 100.6819858408075135 -33.0980783015673694 3.7773770551007799
vn -0.0670640407793845 0.8033208437301003 -0.5917584274542280
v 93.0025940151375892 -33.0982932989468850 -2.9735807671490870
vn 0.2267770384547007 0.7653722956857971 0.6023100728249263
v 99.8013315130898064 -33.0982930545819585 3.6038669822257243
vn -0.1342986158953783 0.3736590050465706 -0.9177923674318678
v 89.3880937527124217 -33.0982927822593709 -7.0414823168358254
vn 0.5187271937564264 0.8546236500291048 0.0232489842469104
v 100.1560306948192363 -33.0982933429614832 2.8075514374107775
vn -0.5817040066032475 0.7820711233466530 -0.2235737165434107
v 89.0648256956983033 -33.0982936698929890 -6.8393728169785248
vn 0.4449255170701303 0.8451588960527530 0.2962224243415225
v 100.5830113573915270 -33.0982932999841637 1.4412422113813916
vn -0.7271166865175156 0.6604609244372136 -0.1873304339378160
v 89.3115807524751375 -33.0982934843096501 -5.9753531447238526
vn 0.7516507309061337 0.6273560821464377 -0.2035817401491286
v 100.2114699803674966 -33.0982924591346119 4.5646674888994507
vn 0.0395156764226825 0.8485401224651432 -0.5276534581367751
v 91.1366646830079077 -33.0982932609608156 -6.8720543201333406
vn 0.1014304655571826 0.8321640255125249 -0.5451741880350196
v 90.0833367085185444 -33.0982538806792306 -6.4151237988318703
vn 0.4919333664361156 0.3713516538852620 0.7874639751401400
v 99.9931435913366897 -33.0982937046960615 4.8768234437678855
vn -0.2038258184842804 0.8589479070496584 -0.4697483674204996
v 92.2169919845261319 -33.0982932987592875 -2.7319078884114587
vn -0.2497621815868636 0.7077240265417166 0.6608672748022482
v 99.4194194295828595 -33.0982933218033395 4.6986964690044681
vn 0.3742818411688866 0.9202892974871606 0.1139329289618093
v 96.3715974695392248 -33.0983305350151085 0.8305694771407376
vn 0.3032662185081706 0.9528769237624403 -0.0074275751617230
v 99.6319590770962265 -33.0983046396309959 3.8387399637989845
vn 0.1136061373903857 0.8891551067754458 0.4432796427114403
v 99.1239313415228196 -33.0982951149334710 4.5603808235081589
vn -0.9293569452103742 0.2957528839325630 -0.2209658345419343
v 88.0291863585243277 -33.0982924547740751 -6.0533147028688390
vn 0.1202594541502371 0.6240784916238927 -0.7720516174323669
v 88.3107796527159934 -33.0982953573575216 -6.2912659814329253
vn -0.3322310346496991 0.9088921031946142 -0.2520668251993136
v 88.4108868133349404 -33.0982775836967633 -5.1486653877387205
vn 0.6181704962639601 0.7820249524562393 0.0793864678933752
v 99.3933549595396784 -33.0982917702441242 5.5868546966561059
vn -0.0503570845258864 0.8843675380770993 -0.4640670443303457
v 89.1235698223269281 -33.0982910195065898 -5.7951251889315776
vn 0.3413129860258938 0.8964998721839310 0.2824772995203036
v 95.8199766300367060 -33.0982986974284827 1.9026244633996039
vn 0.3766676534749667 0.3671121084534836 0.8504999580555547
v 99.1313661184311599 -33.0982940817768707 5.8539245602682701
vn -0.3267619430377113 0.7071589122297868 0.6270190630564627
v 98.8110304738684988 -33.0982932800877876 5.7155850298504012
vn 0.6445162682231029 0.7640806912198089 0.0279191207029198
v 98.9452274793124360 -33.0982933061138098 4.8048356966528880
vn 0.0455695605679110 0.8803751016580834 0.4720837802023776
v 98.3041280001685038 -33.0982892452643043 5.4152870172269356
vn 0.2376491554104805 0.8957964241900079 0.3755950550008355
v 95.0640155299371941 -33.0982932989485334 2.5568547459149804
vn -0.1143831584182070 0.7809451937801983 -0.6140367231541478
v 87.3960153570637175 -33.0981977020607161 -5.3900843899510624
vn -0.9499906342977250 0.2993505715291585 -0.0889214826224362
v 87.1297373806355182 -33.0982931238759548 -5.1020468197827968
vn 0.1441534450654388 0.5890059072523615 -0.7951677970702713
v 88.1356429566511963 -33.0982932596451818 -5.0268673925257410
vn -0.4475561959758959 0.8885296879046848 -0.1010368504833205
v 87.6313147685915084 -33.0982870276064745 -4.2951417388402104
vn -0.2391217783333550 0.9379610211686360 -0.2510973872723157
v 91.3096052588152389 -33.0983189901985639 -2.1254281010842968
vn -0.2493340069475934 0.3756616381186448 0.8925866269586801
v 98.1024617094600870 -33.0982930012433556 6.6877750309551640
vn 0.6726340166287083 0.6313348230819117 0.3859790419673870
v 98.4301385380253180 -33.0980535662407931 6.4537765124076145
vn -0.0707194714673609 0.8670743349940694 0.4931337079839192
v 97.4113598814993651 -33.0982920705284087 6.1338504410642116
vn 0.5381298666009120 0.8349152158812875 0.1154678698252794
v 98.0894679607498858 -33.0982933439254481 5.6063462274233284
vn -0.9495303695765963 0.2939779857960632 0.1094030215260175
v 86.3881869693473448 -33.0985461823027833 -3.9918946487176581
vn -0.1122881086724235 0.6281165531152995 -0.7699746595527189
v 86.5996150546442038 -33.0983981341232152 -4.3450675923571280
vn -0.3216346561058469 0.9450300606787314 -0.0589010390844416
v 87.0290318143955943 -33.0982932997074499 -3.2803688491492569
vn -0.1689715847981606 0.8776141306150325 -0.4486000905880633
v 87.5064440341521248 -33.0982932990770067 -4.1123009814452729
vn 0.7194553181704731 0.3714658060957718 0.5868536444956627
v 97.3217958695040011 -33.0982935120945925 7.1688539045448305
vn -0.1089178856427168 0.7834361644089475 0.6118534714155970
v 96.9694413934565631 -33.0982923379869476 7.3511723068559185
vn -0.2452644358854759 0.8412312975956031 0.4818456811422067
v 96.3491612768793431 -33.0982950590849470 6.6731693879807068
vn 0.4760824878786177 0.8460193250261476 0.2399932632754664
v 97.1494824952127658 -33.0983043586103278 6.2419618603362519
vn 0.1474420488031072 0.8591055985437224 0.4901004109318564
v 94.3104602364129079 -33.0982932987558627 2.8887703191822860
vn -0.3348876280097210 0.7774473750601669 -0.5323775498817348
v 85.9762489234327063 -33.0982934656357486 -3.1681195900178913
vn -0.1701338310466369 0.5876063011566977 -0.7910583508024794
v 86.8695348439500066 -33.0979389828944619 -3.1087354219879009
vn -0.4725997719645222 0.8285753055831466 0.3001873057224053
v 86.5487438744396513 -33.0984036787795048 -2.2369750763413436
vn -0.6457796083606588 0.7095930821653882 -0.2818622982390137
v 90.7270503706655091 -33.0982932989184917 -1.2165347940541327
vn -0.3638923710370006 0.9295196210480089 -0.0597964579873750
v 90.5053460674358803 -33.0982932989707805 -0.4999854280457965
vn -0.9285195964696472 0.3711367146227652 0.0104354219303083
v 85.8411405041450166 -33.0982930020725377 -2.8318177217178988
vn -0.4333106998798688 0.8721360641193823 -0.2272015031463727
v 86.5314511769940680 -33.0982933001035420 -2.0459605907053078
vn 0.5087164604773712 0.7771379724718424 0.3704917469819390
v 96.1113173421452700 -33.0982920597349590 7.7004213135941306
vn -0.1343041990850798 0.9228963727983236 0.3608665503809036
v 95.2080864777128824 -33.0982909472455020 7.0497503109792605
vn 0.6070732818056521 0.6738754129790286 0.4211341333827725
v 96.1139457768034333 -33.0982964407263083 6.7521066236697971
vn -0.2914138873590451 0.2951612892504208 0.9099218425679862
v 95.7659882537623162 -33.0982930957781534 7.8128115098265027
vn -0.2051765459159058 0.7208680083430483 -0.6620059664032834
v 86.4179719699796749 -33.0982933166169460 -1.9699195441376909
vn -0.4812332804292772 0.8374307090515329 0.2590836493195265
v 86.3036366765595062 -33.0982933732568654 -1.1323555239367677
vn -0.3169222383074914 0.6291910937637576 -0.7097033622539322
v 85.5995844596819779 -33.0981478093087560 -1.9610003149485848
vn -0.9085209766808893 0.3801555951069958 0.1734109524789279
v 85.4873421065469756 -33.0982248346677252 -1.5436767826282616
vn 0.4766624044448982 0.7739666558263439 0.4168555719404433
v 94.9577784437941261 -33.0982933048112784 7.1075403395426431
vn -0.3704035003029538 0.7655333190630078 0.5260798269917738
v 94.1137633810801049 -33.0982932402270720 7.2551282803631958
vn 0.4083117758583775 0.6322143748449979 0.6584728376590234
v 94.8615297378689064 -33.0982158337297108 8.0160852534054978
vn -0.4213904463013832 0.5346457730794691 0.7325189342905601
v 94.4540334615953867 -33.0978777646347098 8.0696667738113632
vn -0.4162046654594047 0.6038159966075706 0.6798381562479641
v 86.1635309338260527 -33.0982934496187156 0.0105946467191355
vn -0.7023845463648908 0.7085403096593743 0.0680189577660842
v 90.4842233156606142 -33.0982932987567438 0.3218073452734500
vn -0.4147906291813828 0.9069658540871046 -0.0732234488627885
v 86.2554707211079403 -33.0983248812548609 0.3034290595249567
vn -0.2431172846668761 0.7086407913157340 0.6623610909312347
v 85.7474366584101375 -33.0982930880155948 -0.0845865178637879
vn -0.2287584312975667 0.9501854084833079 -0.2117008965868724
v 86.2637021538607769 -33.0982930795580970 -0.8421400857661233
vn -0.4489801883067053 0.6302456787718896 -0.6334091686243857
v 85.3596108801526441 -33.0982952736310949 -0.6453590758773445
vn -0.8822416993524750 0.3667772576307806 0.2951677950056563
v 85.3387466105696575 -33.0982899350671858 -0.2679922770514110
vn -0.2809516974034323 0.7794897549760573 0.5598766521417876
v 92.9304775780479133 -33.0982914849093675 7.2291560872759630
vn 0.2114373739499974 0.9294676892188369 0.3022979516889330
v 93.8295289516054396 -33.0982855677230674 7.2429369600005842
vn 0.5947689981867780 0.6262685644091347 0.5040213527508709
v 93.5457477134802531 -33.0982935580825384 8.1372755802655394
vn -0.6811729206364758 0.7076176228434724 0.1878317120002011
v 93.0102377296658460 -33.0982932094260605 7.6988949611813888
vn -0.3515955451646209 0.3668588997613267 0.8612752871679888
v 93.1737153253603765 -33.0982932212237060 8.1359610554749562
vn -0.1801200733478273 0.9463660742467994 0.2682312671779239
v 86.3304958471318287 -33.0983070182886365 1.2197555859845590
vn -0.5362940553581886 0.6232571503775340 -0.5691565783602471
v 85.3885596078850568 -33.0982949533109547 0.6395958116819325
vn 0.4632476732946367 0.7572135117024618 0.4604663840958766
v 92.6181970597940278 -33.0982934018722332 7.2339014089909410
vn -0.0358398571642926 0.9498887931748419 0.3105266256527542
v 93.1938948523610406 -33.0983361157818763 3.0171812171168284
vn -0.4957418319990138 0.8389171662667966 0.2246286360844267
v 91.7782940303262933 -33.0982932582747651 7.0814129005441213
vn -0.8238913015677818 0.3823751869737982 0.4183208572228970
v 85.4033660920996738 -33.0982934073168167 1.0607212736862128
vn -0.7413567837186009 0.6092000996183290 -0.2815410411635035
v 86.3339791847686229 -33.0982930285214465 1.5207351674883873
vn -0.5410861493598798 0.8018048394144549 0.2536430138254509
v 90.7055491573314612 -33.0982932988598648 1.1928908564726488
vn 0.2959588288875490 0.7839479116488672 0.5457417369277251
v 92.2594610004172466 -33.0981592633721320 8.0390553980231978
vn -0.5106216337398342 0.3783756827530887 0.7720734355344682
v 91.8464292583786346 -33.0980933015947869 7.9731191789519880
vn -0.3563315464223231 0.7078296404604916 -0.6099221500403533
v 85.9374143849957051 -33.0982934077090150 1.7096466924130183
vn -0.3241589681274395 0.9257742493621448 0.1945841787004047
v 90.6612916724769775 -33.0982931070121822 6.6914365676174290
vn 0.2100171142485623 0.7728547697710975 0.5988224416008223
v 91.5291482684027784 -33.0982733299288583 6.9830233698160900
vn -0.1799741487768494 0.8302970372533622 0.5274619755966656
v 86.5679093846910064 -33.0981596965506952 2.3567359479704209
vn -0.5199606756028201 0.8536204641701579 0.0311929315163398
v 86.7019647416795749 -33.0982932993114431 2.5684703659537389
vn -0.1313565013511827 0.9676287871249197 0.2154994196742385
v 87.0964921630748989 -33.0982932996059631 3.4329391343976758
vn -0.8056647984380586 0.5217133766808684 -0.2805697509533213
v 85.5754037562852972 -33.0982940900041882 1.9727477367624835
vn -0.1599729036870430 0.9296869618001566 0.3317993718269070
v 92.1223368269815666 -33.0982932987625063 2.6863242238456930
vn -0.6432323885245622 0.7620767418771495 0.0741021851425108
v 89.6315750555927053 -33.0982932885958334 6.1720700251229212
vn -0.6105438132577113 0.6242220298545511 0.4874249783679503
v 85.6736233433071845 -33.0982920569320811 2.3247736993408266
vn -0.7131784565382432 0.5288787713194021 0.4600692712814111
v 90.5929681795149406 -33.0982959136325192 7.6046207505286585
vn 0.2360876596878768 0.5303637819378150 0.8142339195536618
v 90.9580377945928689 -33.0982923951176105 7.7427638996416581
vn -0.2938567568367921 0.8974800949602714 0.3289037634498346
v 91.3510712836874603 -33.0982907313543819 2.1597275158805687
vn -0.3138895898260395 0.9490607486231813 0.0275140113696166
v 87.8533393167256946 -33.0982876538638777 4.5892844273534150
vn -0.0761950491145905 0.8933867603744555 0.4427803189822924
v 89.3824589662451103 -33.0982880884500474 5.9862658866839986
vn -0.6746197959096385 0.7153089047973653 0.1822671163003121
v 90.5612702147643205 -30.7982921746490312 0.7945473579007570
vn -0.5443109865862364 0.7168633851738591 0.4356976438754209
v 91.1818612831583977 -30.7978121595409426 1.9953160371442480
vn -0.3199420339527236 0.6123671543800540 0.7229409126247244
v 92.3466307355191134 -30.7982921747556375 2.8066481341783986
vn 0.0700756114908279 0.7182634730871471 0.6922333363129630
v 93.7410452464700228 -30.7976488347255142 3.0299582272107775
vn 0.3790370816013913 0.7184955080604385 0.5831767276461508
v 95.1529994644514261 -30.7982075449480170 2.5199183131791862
vn 0.7206354010976769 0.5659918704070461 0.4004220539854467
v 96.1224808123368604 -30.7982390640451520 1.4593003562566642
vn 0.6941792417071262 0.7160501266803524 0.0733988859858938
v 96.4587217725130870 -30.7982921741498572 0.3974066786440433
vn 0.6534390425245897 0.7215842631175422 -0.2287653140789948
v 96.3131215851654900 -30.7983545964523167 -1.1294677273765190
vn 0.4853910777892396 0.6149883055408247 -0.6214377568595469
v 95.2596618656821477 -30.7982922428589738 -2.4416006028569415
vn 0.1132308531074956 0.6092885570146348 -0.7848224182549660
v 94.0235059388233338 -30.7982921747680152 -2.9744414664179968
vn -0.1527441050886292 0.7119666552372158 -0.6853996791588141
v 92.9005303219791898 -30.7982921734950921 -2.9555840582904258
vn -0.4257155194376112 0.5642899072266280 -0.7073494165630791
v 92.0548471351263942 -30.7982921748879939 -2.6551533248831829
vn -0.5723454940850359 0.7189054016029210 -0.3944561559244565
v 91.0114232082375594 -30.7980032723406580 -1.7863420624711071
vn -0.8767282563213009 0.4608182008450334 -0.1378192669323037
v 90.4813832048411513 -30.7982921746537812 -0.3993743254624010
vn -0.6219637998888057 0.6072704729486557 0.4943517010313546
v 91.6358976436889918 -30.7974834145398475 1.7547096615458029
vn -0.6848902590330364 0.7106281398977117 0.1610372002587555
v 91.0643292183349331 -30.7982919253064402 0.7390318749145393
vn -0.2731412834923682 0.5198121214822429 0.8094375810476506
v 92.8526980444378438 -30.7986712409208110 2.4691322666902260
vn 0.1890616637185027 0.6035915179463480 0.7745533982723303
v 94.0989456115744218 -30.7982923956822070 2.4468523480570270
vn -0.7312889343040814 0.6362077216709314 -0.2458784851317488
v 91.0389725843707964 -30.7992355685545611 -0.8479561370998432
vn 0.5006757714031073 0.5565652164475018 0.6629924070233754
v 94.9331134063189381 -30.7983963486429744 2.0515424841516849
vn -0.3970016349701138 0.6300282902155387 -0.6674234453172451
v 92.1904013418413086 -30.7986330850611232 -2.1866431841393443
vn 0.7062334731671975 0.6335240123824382 0.3160405149866924
v 95.8402094018271811 -30.7986640986118871 0.9716086914792728
vn -0.0569193152913671 0.8374700268708188 -0.5435109434406561
v 93.1603606221468681 -30.7982923637280024 -2.4999575870217954
vn 0.6999219788932661 0.7099083757329860 -0.0783538226654448
v 95.9583395103554295 -30.7982926841070359 -0.3736611421682554
vn 0.2502965690643512 0.5158087466841753 -0.8193247002005462
v 94.3244383559640198 -30.7982920481418319 -2.3783751982613861
vn 0.7033927261143907 0.5233072949524825 -0.4810282194413141
v 95.5221334338624644 -30.7984802096328742 -1.5375375572538603
vn -0.9065833802431584 0.4195477103536446 0.0456759608974273
v 90.9726490278865754 -28.3982858737746291 0.1574315521670693
vn -0.9767109589626650 0.2054198211957922 0.0619548198457554
v 90.9651052557210988 -25.3122744560786792 0.1579234730491770
vn -0.8466461834809993 0.4261580298888311 0.3187155056760314
v 91.0778540111819979 -28.3982916293981980 0.7793307113792266
vn -0.9237924934528027 0.2150687429622916 0.3167852030017709
v 91.0826594051095100 -25.3123121751085094 0.7767572763055459
vn -0.7175819517718902 0.5241209014787166 0.4586648265611634
v 91.3546490843815917 -28.3982938627970540 1.3464123081743107
vn -0.8323509083504428 0.2130233820518992 0.5116766596859420
v 91.3514264871531907 -25.3123744935783712 1.3472188960336611
vn -0.5811798181583764 0.4243360360763470 0.6943838617453675
v 91.7558427988434460 -28.3982919547796300 1.8374212209882781
vn -0.6572641857029390 0.2156762980426832 0.7221409312972477
v 91.7522942498782470 -25.3129284759390849 1.8328819313056275
vn -0.4132543429147283 0.5181677762565494 0.7488143987073556
v 92.2659848466988990 -28.3982860000011392 2.1978953622353212
vn -0.2083231239406374 0.5346961501174190 0.8189636762892627
v 92.8477443194545060 -28.3982906905841084 2.4408137471695275
vn 0.0037014775216588 0.4244094547537129 0.9054628174474162
v 93.4740979413386697 -28.3982993796464953 2.5037713448330785
vn 0.2090214768238538 0.5314659297278879 0.8208860991421690
v 94.1008643831878828 -28.3982906449663908 2.4408139775331512
vn 0.2557261859415142 0.2193019538566517 0.9415470093725863
v 94.1004808428551058 -25.3096357164593293 2.4356872860881817
vn 0.4287277775935945 0.4274322989220449 0.7959234401359676
v 94.6853278944879833 -28.3981907631522752 2.1960696628271044
vn 0.6394900919462858 0.4225737113464389 0.6422490800160229
v 95.1945023778243211 -28.3980135874100483 1.8279736177589878
vn 0.6603442623783099 0.2126834410691124 0.7202160849627334
v 95.1964861969221801 -25.3118333802887463 1.8340379993488050
vn 0.7181734988050767 0.5279658671908417 0.4532977704506134
v 95.5942398288796937 -28.3981748921562165 1.3426641388013856
vn 0.9333477690565215 0.2145586251012452 0.2877960013479645
v 95.8662947225339792 -25.3122907140197491 0.7775652230002150
vn 0.8051903164999512 0.5328774422576645 0.2602118093931126
v 95.8613097382442305 -28.3979604467393720 0.7737643608205338
vn 0.9032361677739541 0.4247440040010686 0.0612940151251439
v 95.9788993978471154 -28.3982931548528335 0.1569092667349953
vn 0.9565309661672272 0.2120066220831840 -0.2002540959782564
v 95.9442089275741381 -25.3124367644088260 -0.4710258780281364
vn 0.8823872167866077 0.4230511501615911 -0.2059624334643073
v 95.9383056276407871 -28.3982920702621122 -0.4708664567002858
vn 0.8818393627094635 0.2206048114681666 -0.4167647484292090
v 95.7503545740802053 -25.3132361944163833 -1.0709679242912182
vn 0.7687734148259824 0.5262336918184666 -0.3634082253498194
v 95.7438650982898025 -28.3981131273548968 -1.0700174257644990
vn 0.6533184687630157 0.5336030592469155 -0.5370686674304145
v 95.4068560435954254 -28.3982849788805254 -1.5987922807575974
vn 0.5348704577117463 0.4257918972959367 -0.7298046681574143
v 94.9612208706638796 -28.3987176386400719 -2.0285210638476636
vn 0.7552033679599890 0.3226437181015859 -0.5705864563687729
v 95.4124507365415724 -25.3116682903140600 -1.6026045096404000
vn 0.5787461589450357 0.2224283736630033 -0.7845881098359819
v 94.9528202343023224 -25.3127979259330189 -2.0350324217067834
vn 0.3140273931420606 0.5289333987921339 -0.7884264429853955
v 94.4010464963550788 -28.3982887295536059 -2.3346085528703089
vn 0.1123016506230480 0.5209708371499323 -0.8461546703213529
v 93.7911204076673926 -28.3982891173189635 -2.4934841241390662
vn -0.1123333514054089 0.3526356514783295 -0.9289937112104060
v 93.1583648639503537 -28.3982942518524695 -2.5015884306778142
vn 0.1214175300432833 0.2205187147789103 -0.9677960941388666
v 93.7894579259357783 -25.3123486806646092 -2.4944202944701521
vn -0.1037713018299433 0.2142780953184301 -0.9712447759361306
v 93.1588145375853856 -25.3128432433811668 -2.4945873031316408
vn -0.3150816799669255 0.5243208351584373 -0.7910822945610518
v 92.5527160203774315 -28.3983280630986101 -2.3281794482798657
vn -0.4917815716974253 0.5305586612420911 -0.6904045138321521
v 91.9981512250342774 -28.3982903056241689 -2.0378976586318394
vn -0.5624124297857358 0.2187886396453421 -0.7973855968003468
v 91.9954707932392779 -25.3101377987970508 -2.0342744890346078
vn -0.6963764860441909 0.4210339761744235 -0.5811971959597706
v 91.5376037504589561 -28.3982921871770237 -1.6071134771815099
vn -0.7508149474461332 0.2092474520529255 -0.6264921535828036
v 91.5370150161511873 -25.3123764877956425 -1.6026619262080777
vn -0.7641883138583465 0.5346567012569088 -0.3607747673596618
v 91.2049668320969289 -28.3980533638470440 -1.0691709791294459
vn -0.8903703404686721 0.2127165678752837 -0.4024826934975720
v 91.1993167656857935 -25.3123762598923427 -1.0705294973021175
vn -0.8299022211196028 0.5346066041482920 -0.1595558904640669
v 91.0031138534743889 -28.3982934548364092 -0.4745428645475106
vn -0.9559970503875059 0.2154118810177864 -0.1991666668063899
v 91.0038085685236240 -25.3125839098308631 -0.4706500549367877
vn -0.2392927240732369 0.3356604381775407 -0.9110823576648112
v 92.9316787700000049 -28.3982925399999999 -2.1133852000000002
vn 0.9740109065424304 0.2124907762826129 0.0784246385468606
v 95.9839868719902682 -25.3125571434595926 0.1581740721143297
vn 0.4978670042096368 0.7624961264770855 0.4131925740218015
v 95.1473088406247172 -24.9118258272526987 1.3835995824304577
vn 0.2915612598084130 0.8429249794911799 0.4521830500236878
v 94.7394462214717663 -24.9068456189733105 1.7367008124240320
vn 0.3069236129523736 0.5492911126005336 0.7772240149598630
v 94.2775565259134396 -24.9769227441265720 2.0287186962478363
vn -0.4925050617684126 0.5376786428854754 0.6843540320019494
v 92.1917324589914813 -24.9717401671681252 1.7651944044723240
vn -0.7641719882003669 0.5343698528971983 0.3612340415361279
v 91.5000010118044429 -24.9717146811131592 0.9289802180334467
vn -0.8054913878699647 0.5316191955328907 -0.2618485344780077
v 91.3991508910296915 -24.9741102224738007 -0.6742480266960098
vn -0.4146345835446678 0.5256645275376329 -0.7428021046129158
v 92.4231233461898540 -24.9762220088409386 -1.9120449037836871
vn -0.1277403210671225 0.8465586494699898 -0.5167406151844610
v 92.9341853365293957 -24.9044474096236925 -2.1012858788984055
vn 0.0339735054247679 0.6003949182529650 -0.7989816913203760
v 93.4743171511196351 -24.9739445788852485 -2.1819425065320828
vn 0.1536543443136134 0.8983998036730920 -0.4114220888986193
v 94.2815977423383913 -24.8981290188987323 -2.0019162764031848
vn 0.2281829163845514 0.4548412493121669 -0.8608437689815662
v 94.0170627814233768 -24.9687209253924820 -2.1132525632728192
vn 0.7760068831892198 0.4756949634320803 -0.4141589296493614
v 95.3165995691419283 -24.9748810507047168 -1.1691219936549075
vn 0.6142606106751419 0.7882888741629577 -0.0358406618786328
v 95.6376785054359715 -24.9058424386283832 -0.1359635803225412
vn 0.8322062660965289 0.5299967186942367 0.1628993825740768
v 95.6175993011740815 -24.9748150430450480 0.4088299948168912
vn 0.5882575605771511 0.7737717271524132 0.2350113969223425
v 95.4332260391924336 -24.9124610812682690 0.9227338013454088
vn 0.8291504270466824 0.2069142615977936 0.5193226912775372
v 95.5984521154022389 -25.3158936302832771 1.3477571627384448
vn 0.4663205044781559 0.2180384633377478 0.8573239852054482
v 94.6866368731500074 -25.3142323718580791 2.2044238436168739
vn 0.0812608850712557 0.7951292388498895 0.6009710160094508
v 93.7066490289644207 -24.8994746542271947 2.1319651726173872
vn 0.0000921374941519 0.2211535089131773 0.9752390050680251
v 93.4752330680501302 -25.3142768780196512 2.5162413109322781
vn -0.1121189197927680 0.5412774426277714 0.8333355134199205
v 93.2008529953730260 -24.9769749526177733 2.1647450381213504
vn -0.1962220548393972 0.8387154424704392 0.5079894799660917
v 92.6572695817597349 -24.9071002651561280 1.9885485064573307
vn -0.2305323709689457 0.2194594839619314 0.9479938611798070
v 92.8494648407802288 -25.3108551346220345 2.4360749086895881
vn -0.4694379477554658 0.2204855448520476 0.8549936477649598
v 92.2628950784810655 -25.3129539339567593 2.2044863715335787
vn -0.4795388244738900 0.7838884236192497 0.3944127978881105
v 91.8112380446021490 -24.9080715416297451 1.3854885652688895
vn -0.6171482632098929 0.7714094654123543 0.1550982201356239
v 91.3435142776779685 -24.9103604538704069 0.4058474308361242
vn -0.5534314546940178 0.8300579654899298 -0.0686833231722354
v 91.3092515860125644 -24.9132554656220577 -0.1412322111855878
vn -0.5579279025703945 0.7696235416279347 -0.3104771484432874
v 91.6428157183226659 -24.9120304539823358 -1.1622488836325247
vn -0.4126988179675564 0.7669825773006355 -0.4913424587448721
v 91.9994757124730000 -24.9140532042812062 -1.5847908943249875
vn -0.3778309471352349 0.2099145297141327 -0.9017647506981995
v 92.5483080396486457 -25.3147848411658529 -2.3387651797447888
vn 0.4285716689639735 0.4379598101194289 -0.7902642148557582
v 94.5254800215795257 -24.9745614484339100 -1.9120406384252848
vn 0.3622743870870030 0.2211572589825790 -0.9054538835634032
v 94.3999011542562272 -25.3109374700883549 -2.3388481144454363
vn 0.5295205692519309 0.6007793258433671 -0.5988924514287188
v 94.9679317122387943 -24.9743246492279773 -1.5905739119546380
vn 0.4192883711335390 0.8728048150807234 -0.2498179669361026
v 95.2681634234586738 -24.8982697403518785 -1.1262669616071568
vn 0.7720112051889482 0.5664484672635249 -0.2883311169428495
v 95.5494432516617422 -24.9738603021644074 -0.6742734999664781
vn 0.0032741055709831 0.3327644751541778 -0.9430042864738604
v 93.4743042000000059 -28.3982925399999999 -2.1819348299999999
vn 0.2362114261177934 0.3316078388680859 -0.9133676167746674
v 94.0169296300000070 -28.3982925399999999 -2.1133852000000002
vn 0.4584742712671532 0.3301757472213923 -0.8250971570262789
v 94.5254592900000006 -28.3982925399999999 -1.9120439300000001
vn 0.6504138368566525 0.3334499057306591 -0.6824756414654094
v 94.9679412800000051 -28.3982925399999999 -1.5905619900000001
vn 0.7961833354620741 0.3307973369549643 -0.5066213755814003
v 95.3165740999999969 -28.3982925399999999 -1.1691391499999999
vn 0.8975705939527071 0.3302341547253680 -0.2920829196036746
v 95.5494461100000052 -28.3982925399999999 -0.6742548900000001
vn 0.9402900455751002 0.3350261178136279 -0.0601010031123035
v 95.6519317599999965 -28.3982925399999999 -0.1370048200000000
vn -0.9408394871063251 0.3346148793663851 -0.0534222987911090
v 91.2966766400000012 -28.3982925399999999 -0.1370048200000000
vn 0.2554338484197286 0.9667889340565010 -0.0085267852899937
v 92.4575863911623230 -24.8984087494015718 0.4857572322491875
vn -0.2047087529399483 0.9787674712174275 0.0104193932843184
v 94.8616266951721911 -24.9217290291192590 -0.0224589234122080
vn 0.1429484533353213 0.9871867595775856 0.0709086835567104
v 92.6281995930260109 -24.8987306008184852 -0.9560274882447048
vn 0.8182237681908462 -0.1254964843980484 0.5610352017220513
v 92.7255498882837657 -25.0677065438858016 -0.5882822892544666
vn -0.9272548928526064 0.0196801784686697 -0.3739131640586393
v 94.4751367708867065 -26.6088581195538652 0.4180874727353263
vn -0.9562912761472471 0.0775324025862742 -0.2819498567367423
v 94.8428736260614755 -26.3897607955416120 0.3870154713430980
vn 0.8046620296714670 -0.3230082600224521 -0.4981813745637858
v 92.3397502781292729 -26.1007619540309825 0.7548438812261682
vn -0.5606750752883102 0.0552338416910452 -0.8261916742999146
v 94.1067249555718206 -26.2047965133744185 0.8020692819469701
vn -0.8767187318770672 -0.1677773432477080 -0.4507937757651586
v 94.6853931079694746 -25.9457963422143223 0.7183617681700196
vn -0.7691147867097152 -0.2942103374027954 0.5673647171174842
v 94.4146464301102384 -26.0092855071742726 -0.6812028636051138
vn 0.8798014594862920 -0.2770835893779281 -0.3862306000088994
v 92.2542478680236542 -25.6469643753844529 0.6233011150709439
vn -0.9613429411738722 0.2219451932707202 0.1629726377009079
v 94.8513775068498575 -25.4548291934691910 -0.1969872616813585
vn 0.8312332604562959 -0.0174866912109660 -0.5556487040763149
v 92.3698018348996186 -25.1947382256291839 0.7536558536636124
vn 0.1108784040297336 -0.0170186568146856 -0.9936882533471164
v 93.3825181596070593 -25.1308722210899198 1.3371251868408347
vn -0.6132868301480570 0.2470887456819411 -0.7502175789224573
v 94.2580509864036884 -25.0801802137254590 1.0594823567458602
vn 0.8710846215365622 -0.1836459913075447 -0.4555060175224620
v 92.2624089697312257 -26.5546290271639762 0.6611907179535289
vn -0.6450804045861150 0.2430416086333886 -0.7244322246365832
v 94.2226393542289458 -25.7429660588896816 0.6781995077166497
vn -0.9556771673479879 -0.0336650199101524 0.2924855863870474
v 94.7759206252581947 -28.1462619726757381 -0.3018968218349326
vn 0.9277314631702540 0.3091129053430748 -0.2091973804672105
v 92.1278441041136915 -27.9333565822823964 0.2214325175549665
vn 0.6529468997197065 0.1926438582331912 0.7324948395937363
v 92.4221787736951512 -27.5447045977921796 -0.9122836047136128
vn -0.8075297602546765 -0.0299196361774848 -0.5890674848215878
v 94.4942714497429677 -28.0569491299642593 0.5567872197273469
vn 0.7538511587981236 0.3066154246252945 0.5811156612590789
v 92.5302791477950848 -27.8320339907602268 -0.6256213478313752
vn 0.2845482493462500 0.1324462352017721 -0.9494684242116014
v 93.2771519937913496 -27.2633214193214215 1.1864575413005556
vn -0.0750724841149414 -0.1414530828563701 -0.9870942951305315
v 93.2289763271154470 -26.9363444908778256 1.3302808830376260
vn 0.1853142222892328 -0.2563007401192581 0.9486667326472755
v 93.2952533772777173 -26.4459982814242736 -1.0274784606313321
vn 0.8951975486608907 -0.2404171086224650 -0.3752611927086865
v 92.3985242024000684 -27.5599570867165191 0.5057902756849486
vn -0.3789569940460707 0.2144117071352030 -0.9002328679330333
v 93.9172422738374735 -27.6560116086223395 1.0023475952810033
vn -0.8195516335564037 0.0473931722565736 -0.5710420362446962
v 94.3021907962332762 -27.0980915814434837 0.5840825300956832
vn -0.8823124944984547 0.0164093709593506 0.4703779274122380
v 94.5766443010563904 -26.7738874278319408 -0.7331687074843325
vn -0.9974834719635479 -0.0490441614652748 -0.0511995447803396
v 94.5109363091955572 -28.4110479170039305 0.0646634541071442
vn 0.3145241576184419 -0.5089004065121423 0.8013082618606812
v 93.1181005952013692 -28.1653264510067025 -1.0418032770040455
vn 0.9435902583350738 0.2727148623319997 -0.1877871886961061
v 92.4811765552209408 -28.1582959686659713 0.2177562400736255
vn -0.9686428197614977 0.1251534404749859 -0.2146338837690096
v 94.8465526562268053 -27.7333150677500377 0.2034930144711790
vn -0.6822873935349171 0.0879842794608477 -0.7257704039095868
v 94.3900717987592088 -27.3238212769800768 0.9732747477284397
vn -0.9485061690468408 -0.3136019478176229 0.0446079096694602
v 94.8001527233473098 -27.2616323405255763 0.0554512459212301
vn 0.7793605432528397 0.4873852784207095 -0.3937673602514644
v 92.4468972312691051 -26.8536126562387594 0.5249706238850623
vn -0.8680281235965287 0.0400150968133570 -0.4948999582466211
v 94.6932901338577580 -26.8435606477897508 0.7030064055265524
vn -0.3673762451487921 0.0850768909418959 0.9261731032199301
v 94.0168003173662328 -27.8679068211679741 -0.8654664287368644
vn 0.3618121977158733 0.3674244346783578 0.8567912338401339
v 93.1555769813233923 -26.9859067653707321 -1.1240825016478126
vn 0.0078885320603790 0.0875105689613073 0.9961323563573269
v 93.3850154983261405 -26.6918730102228317 -1.3855065559690152
vn 0.8441165255303616 -0.2037226746107612 0.4959479440183095
v 92.3705070306224769 -26.6290925962291318 -0.7102397648808725
vn 0.3533810643478205 0.3698808200979110 -0.8592496740087239
v 93.0698891914293540 -27.8443675269979742 1.3004846829384542
vn -0.6000017553977687 0.2939369569553205 0.7440423098557247
v 94.1434312231865817 -27.6316959094246499 -1.1725542213538631
vn 0.9645008008550366 -0.2138012363415538 0.1550072143121599
v 92.3452594677986980 -27.2095885143098499 -0.3075191222837165
vn 0.5422912448265474 -0.0880702091033525 0.8355619929442492
v 92.8988007696267033 -29.5704080816907116 -0.8486679120760328
vn 0.9199393442924019 0.3215100297904788 0.2243722433078366
v 92.4058575111519787 -29.1778989593759910 -0.4630155163445445
vn 0.6937100018498129 -0.1178828475677308 -0.7105420941667396
v 92.4260098489359621 -29.2299121286871930 0.9218260044756474
vn 0.7068819905952985 0.3894278226265317 -0.5904776222147515
v 92.7800281861612177 -29.0196288598102505 0.6847609321942356
vn -0.7012027215955715 -0.2747539986112983 0.6578943558612325
v 94.5567514855241171 -29.0128429447610863 -0.8764427818018301
vn 0.9814409894718797 0.1912400867731771 0.0141708643153931
v 92.3034651365361754 -28.7210901208042095 0.0246521206301481
vn 0.6812059729917550 0.1771381668756584 -0.7103382941924841
v 92.4999879433938332 -28.7862633904501770 0.9038335166848384
vn -0.2379682196890550 0.3455035312835993 -0.9077435961154363
v 93.8004760536862250 -29.1540378153334565 1.3184450662926694
vn 0.7320054074886665 -0.3873887098797167 -0.5604445296950270
v 92.5174048831031826 -28.4176349701407247 0.7686538954633194
vn -0.9550747091146227 0.0241798587253854 -0.2953771054798245
v 94.8666703230006618 -28.6322501891044467 0.3152749478212790
vn 0.3348955368842037 -0.0837433087796070 0.9385265247235608
v 92.7634671124159382 -29.8265997252387294 -1.1980702711723565
vn 0.9443731893245592 -0.3216860481942506 -0.0683912690489545
v 92.5076657284487140 -29.9386566801109630 0.2266597196983623
vn 0.9567547344602790 0.2192019212457910 -0.1912351845503200
v 92.1288533452385252 -29.7280431260756828 0.2090928674565078
vn 0.2240639943247673 -0.0735846573830771 -0.9717924802369310
v 93.2646898175888737 -29.6343861006169504 1.3758014833865821
vn 0.5682068655616663 -0.0421553169839285 -0.8218052611042175
v 92.9217600757577031 -29.8899859871481084 0.7950157268388626
vn 0.9464608369568163 -0.0683297837357893 -0.3155042388964416
v 92.6180734193796553 -29.4808230777599647 0.4172053608293217
vn -0.9088910732060866 -0.3016203447948191 -0.2879968483371693
v 94.6729583616111796 -29.1004193382733192 0.5690483666429315
vn -0.9760420149429616 0.0098493368874733 0.2173590937342183
v 94.5053950497884614 -28.8300278721423275 -0.1729606793568892
vn -0.5179931171621032 0.0796941750978503 0.8516642349119520
v 94.1384424530782837 -28.5379460347990559 -1.1934703219751326
vn 0.3583259275188111 0.2351758548518549 0.9034903690479954
v 92.9402015543142852 -28.6848922011578047 -0.9238767653408263
vn 0.9523592532798820 -0.1301180644819995 0.2758281022442121
v 92.1633219116347675 -28.4083614314830868 -0.3907937292534746
vn -0.6499707917319480 -0.0141994801402680 0.7598265227399545
v 94.5943173356559583 -29.9030785552756448 -0.7991704615952188
vn -0.8679598031139119 -0.2335836800446749 -0.4382743941815974
v 94.8063714377415607 -29.5344832145623037 0.5583872820282898
vn 0.1678732778094768 0.3665021255818821 0.9151473949815212
v 93.1381786206055011 -29.2820066683201858 -1.2040512272819071
vn 0.4856356363104623 -0.3536899227746944 0.7994132018380501
v 92.6728571677974173 -28.9125698145528851 -1.1341130052789223
vn -0.9550524647819923 0.2939736311214743 0.0381352031474435
v 94.5304715843198267 -29.3112269746940086 0.0824771407729275
vn -0.1262525636990148 0.4454735461989823 -0.8863484697320402
v 93.5901869314967314 -28.7173861946791433 1.3598612058995023
vn 0.3962456091523485 0.1326810451713736 0.9085071037034967
v 92.9720614912196623 -28.4754534211583987 -1.2223462361875859
vn 0.8994801751665933 0.2469448552311354 0.3604908500324917
v 92.3636673483919992 -31.4544702747684894 -0.3089204657577629
vn -0.6532076470158575 0.0686226306642956 -0.7540627987380883
v 94.4875031232455882 -31.3789778089119196 0.9536714279876130
vn 0.0991830360759718 -0.0795800827825517 0.9918819162476322
v 93.3326608005082221 -30.5074216091270287 -0.9818825482916836
vn 0.2789557740180993 -0.1166700097425097 0.9531903193846682
v 93.0670644094082746 -30.7307868823400590 -1.3141314645587967
vn 0.9805975660474646 -0.0635021904282489 0.1854612770165315
v 92.1957453357089634 -30.6573850894697273 -0.3531504540840708
vn 0.6872258922164369 -0.2653233571366315 -0.6762574134344626
v 92.4978146360353151 -30.5896812382158956 0.9838461279596012
vn -0.9970865486732243 0.0489218379088324 -0.0585240824835361
v 94.8205854904466747 -30.4336934135044288 0.1798147221166196
vn 0.7404507968818130 0.0312565578446407 0.6713833815256322
v 92.3687977890489975 -30.2306747513963607 -0.8608885426880157
vn -0.7638644043174713 -0.2336641248704378 -0.6015914299300209
v 94.2836990362894625 -29.7900892299425735 0.6434132206147912
vn 0.1618484222448420 0.0884167306498591 -0.9828466665548831
v 92.9670229731899980 -31.4532455417557699 1.2613521535859538
vn -0.9475054661009771 -0.0991843965199383 0.3039668521331660
v 94.7309758499360584 -31.2898326213282409 -0.4347563900411397
vn 0.9839628589119156 0.1173052911290016 0.1343747035532724
v 92.4476190657879613 -30.8783480002513713 -0.1601649813679643
vn -0.7067043326995898 -0.0929856950756784 0.7013719745291512
v 94.4824690089747605 -30.8114368260736349 -0.9566339925156409
vn -0.8691908149727450 0.2267140511024081 -0.4394406287540445
v 94.6286632048378635 -29.9983640860953287 0.6350725479468105
vn 0.7302116239210467 0.4895763009261359 -0.4765564288330078
v 92.5460863619931899 -31.3580363272900442 0.6314849202801243
vn -0.1779195860533967 0.7209627326807866 -0.6697442489368912
v 94.0557277815979518 -31.5857116720692872 0.8457051987416347
vn -0.6144471153751575 0.7535811190837841 -0.2336027383563375
v 94.3953478488968898 -31.8401492390292944 0.4694987313989669
vn -0.2795353520719860 0.1714978307900731 0.9446949142322564
v 93.7887928064699707 -31.4631207575591247 -1.0060143199675633
vn 0.9537726864915265 0.0992246200991896 0.2836761133209983
v 92.1199199124178989 -31.1023616204778079 -0.3936980794988886
vn -0.3105602948428060 0.2703487487618750 -0.9112978971280675
v 93.9542815416692747 -30.9528249530480970 1.2756365293799512
vn -0.8760014563593055 -0.3646413077597704 -0.3156868149473784
v 94.7703541099292721 -30.8777914574876959 0.3189972950071400
vn -0.8324037770812338 -0.0526128247626468 -0.5516664232771382
v 94.2174382948764446 -31.1314248282349944 0.6872185019571376
vn -0.4766135058366395 0.1973799798735784 0.8566683778447840
v 94.0732773657394574 -31.0895575380781288 -0.9508371063579598
vn 0.8787642785868128 0.0235997298020496 -0.4766722096294986
v 92.2902779078559234 -30.1546138135449766 0.6544774584442093
vn -0.0601531939302859 0.0146120998524340 -0.9980822009222927
v 93.6122526161425412 -30.0645318455061421 1.3794285408530855
vn -0.4737137417731786 -0.2469263002636859 -0.8453535905722186
v 94.0104788189487266 -30.2429232673561081 0.8867591150939012
vn 0.6382472758158622 -0.4659920066852632 -0.6127739098713917
v 92.5997705958824184 -31.0297113613830149 1.0038609637711962
vn -0.3794740883662348 0.0100769932612503 -0.9251474857910102
v 93.9898155136832401 -30.4977357706029402 1.2534008535643644
vn -0.3928241382849759 0.0407156030571404 0.9187118351520021
v 94.0395294553240575 -30.3272797106830048 -1.2625578086673956
vn 0.9545505109637630 -0.2650082272466417 0.1363963397984391
v 92.5000471529012316 -30.4304973240723271 -0.0943605700370024
vn 0.2119413611383079 0.8818175335271388 -0.4212822058940477
v 93.0282889077895589 -31.8565996431559668 0.8268762698811892
vn -0.3964385889365358 0.8174372700737794 0.4178908406466161
v 94.1461079499132296 -31.8829719089432935 -0.8244571203625810
vn 0.6016492225858502 0.7985348191496016 0.0189830336762899
v 92.5292486392794160 -31.8695015818397493 -0.1498351113590433
vn 0.0913070677697397 0.5062153168292748 -0.8575599526463029
v 93.2499085558358729 -25.5886530135092052 1.3279652297719000
vn 0.9063013707287236 -0.2741206449267156 0.3216763862023416
v 92.2124795802479866 -25.2647385561397897 -0.4698858602727416
vn -0.0962802274380167 0.0092708408007751 -0.9953110917272703
v 93.5962900542082252 -26.4721044118151667 1.3464464670773060
vn -0.5076806242859406 0.4217275412253734 0.7512697682568084
v 94.1944545616871949 -26.2886626791316509 -1.1511530407916395
vn 0.0598130240716466 -0.1070700468409263 0.9924507077033531
v 93.3570592191540811 -25.6673929268620959 -1.1643274760395146
vn -0.6502501824712978 -0.2931437953419840 -0.7008861644008539
v 94.3712685271434708 -25.5225086441614550 0.9740387311664594
vn -0.0860821956011905 -0.0845615413389524 0.9926929038362563
v 93.5821640491112845 -25.3513272342174467 -1.4471404935707195
vn 0.2316181497475329 0.5890832776414520 -0.7741666001002198
v 93.3788282860837455 -24.8997905768505348 0.9526330222515417
vn 0.2310735855283736 -0.0284835409498792 0.9725192470928365
v 93.2387732989523101 -26.0876635904967351 -1.1285340952947256
vn 0.9067828116238896 0.1094173884213031 0.4071520203247619
v 92.2565657116802953 -26.1725677250513229 -0.5840682343500305
vn -0.0401833646704890 -0.0159976890420824 -0.9990642477584069
v 93.4024839844952197 -26.0289246690478677 1.3335147631604074
vn 0.8816386082812731 0.0654175940459835 0.4673691290373113
v 92.2797504159019155 -25.7238253518924118 -0.6034083926235333
vn -0.9870566387346584 -0.1437093799287682 0.0711815007591647
v 94.5164872407073204 -25.2429783670195391 0.0250118215330520
vn 0.9271542669339160 0.3308588472377175 0.1758334112470139
v 95.6175918600000045 -28.3982925399999999 0.4088538000000000
vn 0.8531160482659045 0.3361877374681110 0.3989621703460610
v 95.4485778800000020 -28.3982925399999999 0.9290226100000000
vn 0.7276363219327168 0.3344366965544703 0.5989135822486921
v 95.1555099499999955 -28.3982925399999999 1.3908175199999999
vn 0.5525038584237318 0.3414184010692009 0.7603768551437105
v 94.7568130500000052 -28.3982925399999999 1.7652223100000000
vn 0.3523524932285460 0.3313972398236437 0.8752277360509652
v 94.2775268599999947 -28.3982925399999999 2.0287115600000001
vn 0.1361712346215685 0.3442070395058142 0.9289665811084276
v 93.7477722200000017 -28.3982925399999999 2.1647295999999998
vn -0.1127546459135702 0.3314532585271808 0.9367097347826696
v 93.2008361799999960 -28.3982925399999999 2.1647295999999998
vn -0.3324247200323500 0.3428840792697042 0.8785922340282669
v 92.6710815400000030 -28.3982925399999999 2.0287115600000001
vn -0.5507253002597455 0.3324305793673357 0.7656314737230377
v 92.1917953500000067 -28.3982925399999999 1.7652223100000000
vn -0.7282111737576389 0.3367439211534938 0.5969187700019923
v 91.7930908200000033 -28.3982925399999999 1.3908175199999999
vn -0.8518291407939111 0.3324234556293750 0.4048231231559434
v 91.5000305199999957 -28.3982925399999999 0.9290226100000000
vn -0.9259687732268700 0.3358583759310423 0.1725716730106303
v 91.3310165399999931 -28.3982925399999999 0.4088538000000000
vn -0.8958301980396515 0.3319451114905151 -0.2954669173321917
v 91.3991622900000067 -28.3982925399999999 -0.6742548900000001
vn -0.7957031645002112 0.3352378692416663 -0.5044522227433014
v 91.6320343000000008 -28.3982925399999999 -1.1691391499999999
vn -0.6467783587110438 0.3385840477547724 -0.6834022222008370
v 91.9806671099999988 -28.3982925399999999 -1.5905619900000001
vn -0.4498253765856050 0.3314958824146443 -0.8293175571044876
v 92.4231491099999971 -28.3982925399999999 -1.9120439300000001
vn 0.7486233647421529 -0.6094671957087153 0.2609842813601846
v 87.2236053449193491 -34.1982477249440109 -1.9590447974575764
vn 0.6358021875552620 -0.5679940381127665 0.5226263971215926
v 88.5269577145432294 -34.1980459732861206 -4.2862258755561644
vn 0.3638372908982136 -0.7137001266937830 0.5985436950709002
v 90.3103512700029825 -34.1982917850577195 -5.7046546160388880
vn 0.2023940539207882 -0.4552477127933386 0.8670560344833215
v 91.9768685424237589 -34.1982917849018406 -6.3415256991680131
vn -0.0943348973478323 -0.7157232998238614 0.6919834428883519
v 94.0800823175343055 -34.1983220736856879 -6.5148370528643467
vn -0.2964733867821753 -0.7156766922009660 0.6323846955534189
v 96.3328134629579154 -34.1982474258520526 -5.8644512465895602
vn -0.5669807437123843 -0.5631746996987602 0.6011381653817722
v 98.1428434915654719 -34.1983196622398893 -4.5792956586931819
vn -0.7265593576635520 -0.5623929858837559 0.3947475512530514
v 99.3236445708540998 -34.1982917894810967 -2.8709594608572631
vn -0.7841886784871611 -0.6102112467337851 0.1126514575678427
v 99.9356577378400743 -34.1982124381124493 -1.0108625143823271
vn -0.6744441968568048 -0.7179972936099955 -0.1720607790721104
v 99.7782021486188881 -34.1982386163934748 1.8439423385126494
vn -0.6400872581121427 -0.6089625371590293 -0.4684580347686619
v 98.6701616595274942 -34.1982917669264523 3.9356745305957523
vn -0.4044189515980690 -0.7129092548593787 -0.5728924034442804
v 97.3852674356303396 -34.1983005113973419 5.2330405620594682
vn -0.2668345808953001 -0.4536958252215245 -0.8502701950644803
v 95.5626173347159948 -34.1982388455105877 6.1844662540906903
vn -0.0385885046246751 -0.5614344705542184 -0.8266209908926436
v 93.9610766995515263 -34.1982917734424916 6.4956221949430519
vn 0.1489427977684071 -0.7130373027791677 -0.6851232355119253
v 91.9705145465695466 -34.1982517242722963 6.3665530840484506
vn 0.4012590172779463 -0.5616631683035743 -0.7235507490316955
v 90.1742344846817758 -34.1982917848973926 5.6184322893451215
vn 0.5774546621340723 -0.6051578002084800 -0.5480238589938013
v 88.8163089303519229 -34.1982801314337266 4.5747539842415845
vn 0.7302361781685357 -0.5599327147631058 -0.3914466490236302
v 87.8350426087918379 -34.1982917840986218 3.2558071669154995
vn 0.6805988430169481 -0.7117772066538358 -0.1736618063134620
v 87.1694004976915977 -34.1983019445467633 1.6911788882371011
vn 0.8272183924813020 -0.5618675403198227 0.0038207689805808
v 86.9604677185191264 -34.1982917930619550 -0.0000239609994202
vn 0.1507785592533792 -0.9814969217362148 -0.1180238056148396
v 96.1393199198522836 -34.2033943560889071 -2.0123289467093111
vn 0.2116597598070659 -0.9772590497412693 -0.0128411750710967
v 96.7787112182501374 -34.2022938870364399 0.0351820013537408
vn 0.1797652291750843 -0.9808798135395257 0.0745604035014215
v 96.4339230305873514 -34.2035367595355524 1.3620298518481340
vn -0.0823018406258380 -0.9727612347209068 -0.2167071462916166
v 92.6571873474689056 -34.2023374654194683 -3.2072598984432603
vn 0.1387050850396138 -0.9735853777296875 0.1813626523160030
v 95.7182466568859809 -34.2046853645959459 2.4089492329681237
vn -0.1280766011715279 -0.9845698005184107 -0.1192421575596748
v 90.7905121952149159 -34.1998779339628598 -1.9791376789792181
vn -0.1444414406147946 -0.9891991406189899 -0.0249345228904509
v 90.1910887057188830 -34.2065583947566054 -0.5487950667897474
vn -0.1423540447604993 -0.9886702720698611 0.0476069224549612
v 90.4678916437671319 -34.2042600081837307 1.3996517837084299
vn 0.0608089794779424 -0.9755089055575774 -0.2113874243958444
v 94.2726290646048284 -34.2060117817530127 -3.2016539230607823
vn 0.0070959067569482 -0.9879874126641061 0.1543713721017672
v 93.9897750302351938 -34.2018092976358901 3.3169490792953158
vn -0.0896688577510116 -0.9831841890605812 0.1590859715088545
v 91.7243666967011819 -34.2045452040960356 2.8538339492239615
vn -0.5441144352463360 -0.5311462955875952 -0.6494790943826720
v 91.5869020335325530 -34.2982940268424059 -2.3377681455573662
vn -0.6246540588314532 -0.7062377686033470 -0.3332199288511370
v 90.8247297549124966 -34.2975038721963443 -1.4702186117991281
vn -0.8106996959414560 -0.5832431734777431 -0.0509254709555234
v 90.4568801810198551 -34.2982939836552774 -0.2096200629833780
vn -0.3247579529928564 -0.5605470708832229 -0.7617868818062757
v 92.2835189045150628 -34.2982943837701981 -2.7696258099326192
vn -0.0379462894135233 -0.5775253711420264 -0.8154903585003380
v 93.4987425079217331 -34.2983737447612000 -3.0483205105566187
vn 0.3561628011014689 -0.5555224786172388 -0.7513606556524736
v 94.7274845361227733 -34.2982941964936927 -2.7374935620885235
vn -0.7392276853934228 -0.5885413937024488 0.3273552459433970
v 90.6985090742510494 -34.2974791220951616 1.2458583858261050
vn 0.6816026497609980 -0.4669960551808641 -0.5633227425590925
v 95.8467108128671157 -34.2979034795279318 -1.9158851856286321
vn -0.5402694028798323 -0.4746617323625762 0.6948418612478867
v 91.8113963160738678 -34.2982235451050741 2.5345820369774934
vn -0.1621050171387465 -0.5557186466687967 0.8154132382804733
v 92.9599784370043949 -34.2982938279781919 2.9665610672017597
vn 0.8105173763931214 -0.5548024478553714 -0.1877653493552502
v 96.4141882357379814 -34.2982934011806435 -0.6676641249168241
vn 0.1900755307298145 -0.6557283507501508 0.7306788779212566
v 94.0960409656848356 -34.3097387922946311 2.9704460247837705
vn 0.8047554361048106 -0.5761322631529784 0.1429695891229443
v 96.4601310789624762 -34.2982935403601843 0.4494964307615519
vn 0.6947402540716019 -0.5783687511429129 0.4275810649150796
v 96.1196520086771642 -34.2982938558114299 1.4377845271713303
vn 0.4806593957034067 -0.4444852129271923 0.7559096776805445
v 95.2541313787738204 -34.2971966866227618 2.4611469251959845
vn 0.4807008580125873 -0.5718279757655590 -0.6647852670132107
v 95.2268170756453998 -36.7863424086258135 -2.4586898837922249
vn 0.7462262578509542 -0.5699579740616745 -0.3439393549701355
v 96.2427770212143940 -36.7803688360253958 -1.2480484011899697
vn 0.6468031365862508 -0.7142458953501049 0.2673920407897643
v 96.2459165177650675 -36.7880874186480682 1.1994466510181137
vn 0.1306391066485408 -0.4732601356644309 0.8711821094380643
v 93.7464617569707173 -36.7893311027061145 3.0398340009164113
vn -0.3048476837590585 -0.7201982134840637 0.6232033560573147
v 91.9869890740731506 -36.7871743978446517 2.6360289087921007
vn -0.6820210117406278 -0.5666139238167358 0.4623807964019406
v 90.8434471717036160 -36.7842054392381499 1.5075750675051056
vn -0.6960044390426505 -0.7155899007551734 0.0592360934745559
v 90.4655470974033733 -36.7956466732294203 0.1602010862944379
vn -0.7795236276267288 -0.4651841734701367 -0.4194598892916591
v 90.7274306884850148 -36.7693118523969957 -1.3521417107526994
vn -0.3398592938886670 -0.6165005215176088 -0.7102272645611496
v 92.0791896844790756 -36.7852289317649905 -2.6904994893223333
vn 0.0922435303143937 -0.7220206730920317 -0.6856947416619635
v 93.7007417258764548 -36.7934622304390473 -3.0385308752755820
vn 0.4694651564866505 -0.7193950741652878 0.5119308489549002
v 95.4377097371758936 -36.7924053519011025 2.3051865725690512
vn 0.6986077804345052 -0.7155044655443448 0.0007272568154558
v 96.4740032783730186 -36.7937993502606417 0.1369312922727256
vn 0.4403334311032548 -0.8174240485616793 -0.3713817366078581
v 92.0032782182534277 -36.7981700770926352 0.7945835305371879
vn -0.6639164574661340 -0.6308497983785015 -0.4015513284642734
v 94.8107424534378964 -36.7922497694121731 0.8458377851025113
vn -0.0708864587033474 -0.6841836236758367 -0.7258566518716346
v 93.6288837683924413 -36.7970973715895795 1.5109952032844880
vn 0.3744717890840173 0.3045710683940268 -0.8757895543322816
v 93.0356064421902431 -36.6979631607839494 1.4574053674063818
vn 0.6881759385356653 -0.1692840357271883 -0.7055188111372171
v 92.4027010881590485 -36.6981826775723832 1.0634156334250993
vn 0.9991823280810742 -0.0093626130056380 -0.0393321335321545
v 91.9278812467297257 -36.6685750930643053 0.1732180549578452
vn 0.5599021026425541 -0.6945318447483634 0.4518131827280853
v 92.3571057354595411 -36.7942697282205842 -1.0826002421657204
vn -0.1268692809168251 -0.6220142965527569 0.7726593042496975
v 93.6933443395035397 -36.7932237771778929 -1.5420784243293919
vn -0.4064729977854317 -0.8682737584077912 0.2843947653029730
v 94.6774984638452253 -36.7966858556140721 -0.9415950601782710
vn -0.5343121449582743 -0.8435831037736592 0.0536477285417345
v 95.0020917893317147 -36.7930167639066070 -0.1322498717160160
vn -0.1422385739708094 -0.7272638979056421 0.6714576761627218
v 93.8186141132129023 -34.1982918263957529 -1.4654360726654316
vn -0.5412399230118867 -0.5706592146403772 0.6175819026526885
v 94.5820818283853697 -34.1985938070916191 -1.0632743410159851
vn -0.8779630108240396 -0.4663558239351209 0.1081350873055624
v 94.9728073630087692 -34.1982917413088927 -0.2244578869679201
vn -0.4738909271596684 -0.8482437426011149 -0.2364528331270395
v 94.8519158186917082 -34.1981626033025137 0.6685898948785955
vn -0.3690012495956126 -0.5734045443751756 -0.7314679120007751
v 94.1390401386731099 -34.1982916114072211 1.3735466204721909
vn 0.3129601149738884 -0.2733800549675421 -0.9095709493939845
v 93.0392851728857408 -34.1988790280684398 1.4921025688194693
vn 0.6233763998795647 -0.7398175316265161 -0.2531242461149106
v 91.9792585989237352 -34.1986545964330446 0.4325315087212612
vn 0.4575417530131851 -0.8673477447207139 0.1958658570999878
v 92.1243448811974304 -34.1982917803875708 -0.6817505053465527
vn 0.3674966529499700 -0.3353894511756028 0.8674445954126969
v 92.8076561164529323 -34.1977628365951674 -1.3958951116053615
vn -0.0186151638595217 0.5027333628408512 -0.8642410783810339
v 85.7069684933525195 -44.8582234467751135 -5.7244952722671583
vn 0.7373974336080633 0.4452739873897989 -0.5079134779292936
v 86.0055422485070977 -45.0321986687071387 -8.2294059837416125
vn 0.5720563648566700 -0.1637761424962148 -0.8036970141639398
v 86.0218134879870746 -45.1484841161179489 -5.7246214709693630
vn 0.0366775586459856 -0.4733773227633350 -0.8800958282966621
v 85.7630747164186431 -45.3738866526342903 -5.7245860114243934
vn 0.0267209906104693 -0.9414260589352018 -0.3361591352596700
v 85.7555748019793498 -45.3757726005691069 -8.1458832997400705
vn -0.5696154114655868 -0.2125800250319969 -0.7939445925115214
v 85.4655174255725143 -45.1870213474902087 -5.7268503458095479
vn -0.7679467839221557 0.3861852344742279 -0.5109977512061119
v 85.5169742203267589 -45.0103677111834202 -8.2270601298499493
vn 0.2182199377519511 0.4363923581614620 -0.8728927588803866
v 81.9205856300000050 -45.7232933000000017 -5.7245860100000003
vn -0.0929802613669594 -0.3394060433756041 -0.9360332305619546
v 83.1726152354926427 -45.3719276677314340 -5.7245860055986766
vn 0.4364806922902908 -0.2181656691287659 -0.8728621575434385
v 81.9205856300000050 -43.5732917799999981 -5.7245860100000003
vn -0.6158155423546782 0.0517591420330005 -0.7861884055431123
v 82.9727049768082310 -45.0693840556562790 -5.7246748044438434
vn -0.5012422284660656 -0.4268440146303869 -0.7527020762403851
v 84.3187329900522400 -45.3069854094233406 -5.7245860020726553
vn -0.1256871481261993 0.2977242176689006 -0.9463419207714219
v 84.2992116883116012 -44.9089464623795109 -5.7244417116594022
vn 0.4993770465740497 -0.3052345606382884 -0.8108356358393051
v 83.5340522765595921 -45.1964529277092169 -5.7245798706997757
vn 0.1519145875425877 0.6138631474936995 -0.7746573398870585
v 83.3128393427324880 -44.8627021882140440 -5.7245860098459698
vn 0.3570535745074057 0.1278204980595570 -0.9252970686256882
v 84.7645987772925338 -45.0663208947103016 -5.7244321460172545
vn 0.2102162643263434 -0.3251570573708178 -0.9219989209617480
v 84.5653157634581447 -45.3728410020448010 -5.7245860092241916
vn -0.4364379935506432 0.2181929027196028 -0.8728767009081424
v 87.0705871600000023 -45.7232933000000017 -5.7245860100000003
vn -0.2182683100293242 -0.4364237874190341 -0.8728649509584908
v 87.0705871600000023 -43.5732917799999981 -5.7245860100000003
vn 0.6666666666666666 0.3333333333333333 -0.6666666666666666
v 81.9205856300000050 -45.7232933000000017 -8.4245862999999996
vn 0.2182178902359924 -0.4364357804719848 -0.8728715609439696
v 81.9205856300000050 -43.5732917799999981 -8.4245862999999996
vn -0.5345224838248488 -0.2672612419124244 -0.8017837257372732
v 87.0705871600000023 -43.5732917799999981 -8.4245862999999996
vn -0.2672612419124244 0.5345224838248488 -0.8017837257372732
v 87.0705871600000023 -45.7232933000000017 -8.4245862999999996
vn 0.4850712500726659 -0.4850712500726659 -0.7276068751089989
v 87.3705902100000031 -46.2982940699999972 -8.4245862999999996
vn 0.2294157338705617 0.6882472016116852 -0.6882472016116852
v 87.3705902100000031 -42.9982948299999990 -8.4245862999999996
vn -0.5773502691896258 0.5773502691896258 -0.5773502691896258
v 81.6205902100000031 -42.9982948299999990 -8.4245862999999996
vn -0.1961161351381840 -0.5883484054145521 -0.7844645405527362
v 81.6205902100000031 -46.2982940699999972 -8.4245862999999996
vn 0.4364357804719848 0.8728715609439696 0.2182178902359924
v 82.4955902100000031 -42.9982948299999990 -4.5245857200000001
vn -0.4082482904638631 0.8164965809277261 0.4082482904638631
v 81.6205902100000031 -42.9982948299999990 -3.7245860099999999
vn 0.4082482904638631 0.4082482904638631 0.8164965809277261
v 82.4955902100000031 -42.9982948299999990 -3.7245860099999999
vn 0.5773502691896258 0.5773502691896258 0.5773502691896258
v 87.3705902100000031 -42.9982948299999990 -3.7245860099999999
vn -0.2672612419124244 0.8017837257372732 0.5345224838248488
v 86.4955902100000031 -42.9982948299999990 -4.5245857200000001
vn -0.8164965809277261 0.4082482904638631 0.4082482904638631
v 86.4955902100000031 -42.9982948299999990 -3.7245860099999999
vn 0.2672612419124244 -0.8017837257372732 0.5345224838248488
v 82.4955902100000031 -46.2982940699999972 -4.5245857200000001
vn -0.4364357804719848 -0.8728715609439696 0.2182178902359924
v 86.4955902100000031 -46.2982940699999972 -4.5245857200000001
vn -0.4082482904638631 -0.4082482904638631 0.8164965809277261
v 86.4955902100000031 -46.2982940699999972 -3.7245860099999999
vn 0.4082482904638631 -0.8164965809277261 0.4082482904638631
v 87.3705902100000031 -46.2982940699999972 -3.7245860099999999
vn -0.5773502691896258 -0.5773502691896258 0.5773502691896258
v 81.6205902100000031 -46.2982940699999972 -3.7245860099999999
vn 0.8164965809277261 -0.4082482904638631 0.4082482904638631
v 82.4955902100000031 -46.2982940699999972 -3.7245860099999999
vn -0.8633194714830345 0.1141964351999144 -0.4915675582723966
v 84.2160498793492280 -45.0774008387623013 -8.2036597736197372
vn 0.8096639931288668 0.3422332944889355 -0.4767814912240909
v 84.7678647999792645 -45.0109537591452877 -8.2094024151981699
vn -0.0810727500606318 -0.9048202483758659 -0.4180042192689477
v 84.4918459608001058 -45.3751711276966816 -8.2010681730375516
vn -0.3752897036950184 -0.8300634873176244 -0.4124951458170257
v 83.1164578943072456 -45.3541447912752389 -8.2412414566101067
vn -0.5407975720557044 0.7451583125462504 -0.3902269535819889
v 83.0647525444724693 -44.9167011401797609 -8.1254788373504923
vn 0.7390316684622316 0.4566149042985383 -0.4953130547263688
v 83.5188714196296189 -45.0507140664714001 -8.2383646021025339
vn 0.4711220704788907 0.4499474879968660 -0.7586773047567676
v 84.5695409263732500 -45.2982940492425357 -4.4800280342202408
vn 0.6304242954993213 0.4757072922865221 0.6134067000853590
v 84.6790949088865688 -45.3052410467882396 -4.0918621588114492
vn 0.8106920381704287 -0.5853259391520387 -0.0131135122244287
v 84.7672269429452427 -48.5458530542161952 -4.2037875382677212
vn 0.0085394956295364 -0.3341687957647843 0.9424745582515780
v 84.5498289986635427 -48.5342610023284848 -3.9678977648101017
vn -0.8944574310216200 0.4228993555373369 0.1452654094280843
v 84.2078627277260949 -45.3063700071898552 -4.2183864024935698
vn -0.4775276637717769 -0.8585785380235688 0.1865749832586894
v 84.2426832414134594 -48.6184632716556919 -4.1928753512305779
vn -0.2186630402178091 -0.4256780587720496 -0.8780573245083514
v 84.4833385019689871 -48.6053992006747464 -4.4979240945380825
vn 0.3605947529416064 0.6224137770685896 0.6946743944224473
v 83.3615755351380585 -45.2982940644313956 -3.9947873775296525
vn -0.3330467687831649 0.6461273868271651 -0.6867308423210596
v 83.1628601289870772 -45.2982940821954188 -4.4773200631280936
vn -0.8566549765987036 0.4091744017799414 0.3141950986197938
v 82.9970387825470794 -45.2983175130815781 -4.0849014886270965
vn 0.7821618357203349 0.3953370625977419 -0.4815926387302703
v 83.5039079802412090 -45.2966573620717767 -4.3294393135234248
vn -0.6957508375155572 -0.5842903275096523 -0.4177745627429511
v 83.0237648369859187 -48.5981938739087340 -4.3577492596622003
vn 0.2300119057620191 -0.2921719807870375 -0.9282941650418272
v 83.2498384720247486 -48.5002204799012446 -4.4957606557730072
vn -0.2913599300337947 -0.4171964585858690 0.8608463893832113
v 83.1002581921376873 -48.5640880654427889 -3.9853257728524971
vn 0.7569646034094648 -0.6489718427155410 0.0764207860961063
v 83.5258934889913576 -48.5817082919038299 -4.2235999226982752
vn 0.8079117271214180 0.3956120849323584 0.4367719306859815
v 85.9869804648993750 -45.3005090804077568 -4.0795234615251150
vn -0.2591509400248194 0.4913091830019189 -0.8315383797409709
v 85.7105556909621953 -45.2964908863829692 -4.5107722650538520
vn -0.7792698278393735 0.4526152649671592 0.4334489097205131
v 85.5365005529758378 -45.2960801559054644 -4.0495196994940894
vn -0.7445757427560510 -0.6189736733732247 -0.2499571062605176
v 85.5001295300687474 -48.5870545016727107 -4.3051601678092624
vn 0.5599505969099247 -0.4057229413508522 -0.7223878624962022
v 85.8547411868007089 -48.5606330313604957 -4.4942302951474629
vn -0.2505239773844726 -0.3567343381628410 0.8999879714368322
v 85.6192897261454817 -48.5445457173276722 -3.9848701140479030
vn 0.4830952718137473 -0.8148646227643407 0.3203351446818318
v 85.9698009895986957 -48.5887094189899997 -4.0799116487927192
vn 0.6617243281028099 0.5400647245490078 0.5200490427783606
v 83.4660421111050113 -44.9361059445648934 8.2436169890478048
vn 0.2033956911617758 0.1769769937037637 0.9629690215767077
v 83.4538645820829572 -44.9462883641659943 5.7247293218439115
vn -0.8801881536186205 -0.1322769230266317 0.4558197339563639
v 82.9658555484426188 -45.1466531689557513 8.2030360870714762
vn -0.3942230950472323 0.4321139070748135 0.8110892199036553
v 82.9916514847363374 -45.0034720743858330 5.7243363405323446
vn -0.5135272499479012 -0.6196117057783971 0.5936085390417921
v 83.0956484704112768 -45.3302091264899332 5.7244138661008783
vn 0.4543820178524021 -0.4313171604879552 0.7794244600479170
v 83.3425834139430748 -45.3613350202132253 5.7244138573158754
vn 0.0517011830791249 -0.9139457599646376 0.4025296703485096
v 83.2622738561049403 -45.3915663904880091 8.1731327461316248
vn -0.1825626192133628 0.3651007510852798 0.9128922891682901
v 87.0705871600000023 -45.7232933000000017 5.7244138700000002
vn 0.3786436516904948 -0.7087675932987599 0.5952121333810081
v 85.8652942726621262 -45.3486779060089162 5.7244138579525972
vn -0.1958397336948667 -0.3523467007457501 0.9151494966287794
v 85.6164383024995885 -45.3458541403467379 5.7244138655422550
vn -0.4364746832744053 -0.2181617659292136 0.8728661379313294
v 87.0705871600000023 -43.5732917799999981 5.7244138700000002
vn -0.7913843579664858 -0.1310333412741894 0.5971105939777780
v 85.4896414938654203 -45.1461234157372715 5.7244138706690864
vn 0.4593671651461188 0.0491919099213933 0.8868832863369926
v 84.7550959639158634 -45.2108135008747141 5.7249184624457445
vn -0.1237962090341672 0.4969593342479622 0.8588980840196299
v 85.6351138878716256 -44.8499365155777170 5.7244732022824705
vn -0.1973953205174825 0.2529927164424782 0.9471165571696317
v 84.3181557233936303 -44.9028093758722662 5.7241891342018247
vn 0.3651311011055626 0.1826198744648694 0.9128686983656932
v 81.9205856300000050 -45.7232933000000017 5.7244138700000002
vn 0.2181948487877703 -0.4364247369080804 0.8728828426410928
v 81.9205856300000050 -43.5732917799999981 5.7244138700000002
vn -0.6666666666666666 0.3333333333333333 0.6666666666666666
v 87.0705871600000023 -45.7232933000000017 8.4244136800000007
vn -0.2182178902359924 -0.4364357804719848 0.8728715609439696
v 87.0705871600000023 -43.5732917799999981 8.4244136800000007
vn 0.5345224838248488 -0.2672612419124244 0.8017837257372732
v 81.9205856300000050 -43.5732917799999981 8.4244136800000007
vn 0.2672612419124244 0.5345224838248488 0.8017837257372732
v 81.9205856300000050 -45.7232933000000017 8.4244136800000007
vn -0.4850712500726659 -0.4850712500726659 0.7276068751089989
v 81.6205902100000031 -46.2982940699999972 8.4244136800000007
vn -0.2294157338705617 0.6882472016116852 0.6882472016116852
v 81.6205902100000031 -42.9982948299999990 8.4244136800000007
vn 0.5773502691896258 0.5773502691896258 0.5773502691896258
v 87.3705902100000031 -42.9982948299999990 8.4244136800000007
vn 0.1961161351381840 -0.5883484054145521 0.7844645405527362
v 87.3705902100000031 -46.2982940699999972 8.4244136800000007
vn -0.4364357804719848 0.8728715609439696 -0.2182178902359924
v 86.4955902100000031 -42.9982948299999990 4.5244140599999998
vn 0.4082482904638631 0.8164965809277261 -0.4082482904638631
v 87.3705902100000031 -42.9982948299999990 3.7244141100000001
vn -0.4082482904638631 0.4082482904638631 -0.8164965809277261
v 86.4955902100000031 -42.9982948299999990 3.7244141100000001
vn -0.5773502691896258 0.5773502691896258 -0.5773502691896258
v 81.6205902100000031 -42.9982948299999990 3.7244141100000001
vn 0.2672612419124244 0.8017837257372732 -0.5345224838248488
v 82.4955902100000031 -42.9982948299999990 4.5244140599999998
vn 0.8164965809277261 0.4082482904638631 -0.4082482904638631
v 82.4955902100000031 -42.9982948299999990 3.7244141100000001
vn -0.2672612419124244 -0.8017837257372732 -0.5345224838248488
v 86.4955902100000031 -46.2982940699999972 4.5244140599999998
vn 0.4364357804719848 -0.8728715609439696 -0.2182178902359924
v 82.4955902100000031 -46.2982940699999972 4.5244140599999998
vn 0.4082482904638631 -0.4082482904638631 -0.8164965809277261
v 82.4955902100000031 -46.2982940699999972 3.7244141100000001
vn -0.4082482904638631 -0.8164965809277261 -0.4082482904638631
v 81.6205902100000031 -46.2982940699999972 3.7244141100000001
vn 0.5773502691896258 -0.5773502691896258 -0.5773502691896258
v 87.3705902100000031 -46.2982940699999972 3.7244141100000001
vn -0.8164965809277261 -0.4082482904638631 -0.4082482904638631
v 86.4955902100000031 -46.2982940699999972 3.7244141100000001
vn 0.3738321482131161 0.8244382632083904 0.4249130206528150
v 84.6013637421506246 -44.8670429484345732 8.1890749681873665
vn -0.1033920530852791 -0.3330661685158004 0.9372176965620184
v 84.4539522390230530 -45.3825423866436850 5.7245219127014026
vn -0.8505937778661398 -0.1848953992379443 0.4922437570920014
v 84.2192988253852519 -45.1880017056813017 8.2128285900323696
vn 0.5650445878687707 -0.6720395248622860 0.4786308501790121
v 84.7191103970630763 -45.2863765579938189 8.2293973931094815
vn 0.6133658899419654 0.1487375869345368 0.7756670776103571
v 86.0091385573039133 -45.0501203488219275 5.7245202797883774
vn 0.4674261840866967 0.6183767218693059 0.6317618160986945
v 85.9059726209005845 -44.9188952122083052 8.2192887129196084
vn -0.8010466264755104 0.4441128931183606 0.4013577461296141
v 85.5133654166151587 -44.9770321037982086 8.1826525167896449
vn 0.8342742057437810 -0.4450682998359386 0.3254239667137788
v 85.9525317731707474 -45.2699163983664121 8.1634237473119100
vn -0.3393119285510201 -0.7712064651117850 0.5386167499370701
v 85.6660703625281883 -45.3837261031743822 8.2304468541355060
vn 0.9228115199188587 0.3681810257120162 -0.1134091310728270
v 84.7592078524755692 -45.2982942368946553 4.1662357067520412
vn 0.3077468021567780 0.7758446164084727 0.5507785734324336
v 84.6203558502681119 -45.2982940522070550 4.4578642354287883
vn -0.5672954674748313 0.5145821894731459 0.6429471384643811
v 84.3239503758398143 -45.2982940832438885 4.4259252643124647
vn -0.8252688993240213 0.5126685214060258 -0.2368590951766002
v 84.2428327529671748 -45.2982939032817953 4.1581839647769501
vn -0.0779705116130369 0.7627956302653007 -0.6419216663791337
v 84.4770391087573955 -45.2982940404888339 3.9537558240592450
vn 0.4772753541892600 -0.6365859260713747 -0.6057776778747849
v 84.6710772054942566 -48.6011220455131365 4.0172050714243008
vn 0.5613366557073542 -0.2622860546044070 0.7849249547054402
v 84.6480804940005385 -48.4664877301725312 4.4558491543672361
vn -0.8694498261497964 -0.2525647155899486 -0.4245798679248195
v 84.2470209463839836 -48.4886707182672367 4.1228537057708712
vn -0.4608812230489931 -0.7428000952261594 0.4856300204609190
v 84.3080689597317843 -48.6127219152610124 4.4019652960334099
vn 0.5964461431325065 0.3875251083374872 0.7029056044380186
v 85.9224557028436635 -45.2973657181379252 4.4513681531779303
vn 0.2126132145539986 0.4689252489206353 -0.8572658467020225
v 85.8797307567197947 -45.2995664097057187 3.9779720138889525
vn 0.4004558804061035 -0.8013772730158291 0.4443304560143113
v 85.9354857671681884 -48.5823186255154411 4.4066469913987261
vn -0.5689806101190585 -0.3920401461249812 0.7228869822695989
v 85.5205440500297556 -48.5495693810975553 4.4080429957984988
vn -0.8781273460947128 0.4771200083976456 -0.0353392363710250
v 85.4692426205010349 -45.2973594910685833 4.2628213097930674
vn -0.4751640264394013 -0.6267692909952784 -0.6175592310403692
v 85.5906448360303216 -48.5891072842374143 4.0185070748171139
vn 0.8246643707122600 -0.3837759722185946 -0.4155053294789670
v 85.9627974635177168 -48.5609551231299150 4.0354340997279685
vn -0.9122201690417783 0.4096560652705429 -0.0060225725770952
v 82.9808659292555006 -45.2983466549668989 4.2988101015025109
vn 0.8366653039688952 0.3910515550274742 -0.3834968714934068
v 83.5245396730035736 -45.2988090151521732 4.1807174748488389
vn 0.1468001603092004 0.6241328097922634 0.7674033806766865
v 83.3341846519315226 -45.2982940480411145 4.4738468351208720
vn -0.1378061006060267 0.8190401300380307 -0.5569405210819620
v 83.1767650768165225 -45.2981730449950675 3.9684885710173008
vn 0.7670477322405667 -0.5064683937574485 0.3938623396433757
v 83.4985643798045061 -48.5975846167733181 4.3159266953610826
vn -0.2041163681073346 -0.3776529598912274 -0.9031692810077556
v 83.1826299917935188 -48.5578659847784380 3.9537410299907347
vn -0.6051322603457224 -0.4690627340182946 0.6432690720407437
v 83.0088135028372847 -48.5715227998441250 4.3513583997593850
vn 0.1233554946047764 -0.8726724221337674 -0.4724682694086395
v 96.6143035900000058 -42.3982925399999999 -8.1000003800000009
vn -0.3183189531510601 0.6942587671370417 0.6455058545963531
v 93.9325114299540616 -42.3982925383813409 -7.4027658711120319
vn -0.0240333104146793 0.0399459370220702 -0.9989127700184538
v 93.3993982186490541 -42.3983115759091120 -7.5117553018414522
vn -0.0705707997746121 0.9476181604358618 -0.3115117722194857
v 94.4380202263456709 -42.3978385896859109 -6.8939369047495571
vn 0.5885326187946920 -0.7313173976554573 -0.3446798811957429
v 98.6143035900000058 -42.3982925399999999 -6.0999999000000003
vn 0.7974806458703241 0.0154745120778770 0.6031460510839830
v 94.3392575510649181 -42.3983924314811418 -5.9465748801811644
vn -0.1875896914417427 -0.9285779227222689 -0.3202392060594513
v 88.6743011500000051 -42.3982925399999999 -8.1000003800000009
vn -0.9933317147346282 0.0019084038805924 0.1152755936744287
v 92.4742442775759343 -42.3982925405383426 -6.6721395818304110
vn -0.1421616520308886 0.9807382728596781 0.1339496354607363
v 92.7532142391056880 -42.3981569561930058 -7.2329376486083774
vn 0.4724861273153547 -0.8726585909718880 0.1233849386979517
v 98.6143035900000058 -42.3982925399999999 6.0999999000000003
vn -0.2498158733335433 -0.7853520352927206 0.5664046345963109
v 87.5238475921723023 -42.3983789952678052 -4.4520170217157089
vn 0.2657560671962063 -0.8555919758036310 0.4442252623262712
v 92.6004158133543314 -42.3983100858072390 -5.9430128005564837
vn -0.3591862137073903 -0.9285285470863995 -0.0939148610613301
v 85.6743011500000051 -42.3982925399999999 -5.0999999000000003
vn 0.7288053395449747 -0.5927909005030064 0.3426977171379594
v 87.0971283170547252 -42.3982925458060649 -4.1701798901108678
vn -0.3717281427868875 -0.9283409062840893 0.0011617141848354
v 87.9129706685973389 -42.3982651569060636 -2.0252644675757057
vn -0.3261018621284739 -0.9155927923915647 -0.2352603112234593
v 87.8860724936189115 -42.3983439847060382 -3.8274266596405679
vn 0.0667157924967900 -0.9975888539759338 0.0191175692625428
v 93.2991903547093955 -42.3983058219517730 -5.4941341688694498
vn 0.0087850070899542 -0.8433414501890860 0.5373062646604808
v 87.4003831796844679 -42.3987508650589291 -2.4131133745694262
vn 0.4033464314031466 -0.7710426441096870 -0.4927523690848063
v 87.2296424311320777 -42.3990816172508715 -3.6510961317924253
vn 0.6611074527154102 -0.7286419246412588 0.1789354118647953
v 87.0710639844783714 -42.3982925440354848 -2.0403686069623479
vn 0.0221336532414756 0.9980642314241992 0.0581196296083210
v 94.3869033255689800 -42.3982925381097004 6.0630241231259197
vn 0.8501513855451552 0.0451287116516295 0.5246008206630228
v 93.9844450511333491 -42.3983166756284859 5.6103901634069642
vn 0.0019513745236926 -0.9999831196744071 0.0054728880592042
v 93.8010168806956415 -42.3982925397912780 -5.5459872220582973
vn 0.2896996568444776 -0.8194072914505949 0.4946168209248365
v 96.6143035900000058 -42.3982925399999999 8.1000003800000009
vn -0.1851554823545099 -0.8706235006969424 -0.4557764445298482
v 87.6238095290220116 -42.3982925420827854 -1.6095790442733151
vn -0.2512439383431113 -0.8693958633699480 0.4254730499115842
v 87.6984927697297820 -42.3984336964258048 -0.3646168709993184
vn -0.4643014326191590 -0.8849818403056109 -0.0350901980201116
v 87.8835156723017832 -42.3982925398762873 0.0033603950015426
vn 0.4854480718063175 -0.6532226982875852 -0.5810682197654720
v 87.1776809726048754 -42.3982925435828832 -1.6958571604728176
vn 0.9210124789336157 0.1124860393976259 0.3729382047862511
v 94.4742903093570874 -42.3984696898767197 6.7442107414275334
vn 0.2673937239995230 -0.7409268199264062 0.6160584743994758
v 87.2537179813772639 -42.3982925379698017 -0.3478098095456166
vn -0.1360759132495035 0.9860861427861747 0.0954854168886402
v 94.0541014149640660 -42.3982925370227832 7.3390303469999330
vn -0.4209177843757164 -0.8953810238249519 0.1453307984235233
v 87.8409383539282231 -42.3983040412922563 1.7876138102594803
vn -0.0294466615865130 -0.8924882962647672 -0.4501083593445275
v 93.3949328936404299 -42.3982925401742250 5.4948643776890727
vn 0.0683197719651506 -0.8692970216848795 -0.4895458066906791
v 87.5268692971537945 -42.3989559353673826 0.4684093424673266
vn -0.0639639192819965 -0.8774040302888952 -0.4754690154604080
v 87.6578613709913981 -42.3983844216991344 2.4036491577126737
vn -0.3486458808273151 -0.8998870766118595 0.2620101126466433
v 92.9275385954679933 -42.3982670588356285 5.6408014327405942
vn 0.1168234486790236 -0.7869094742649512 0.6059090370268442
v 87.4344495583406172 -42.3982925380496027 1.5654219862860037
vn 0.3192784382257836 -0.9461474265586477 0.0535380808448779
v 87.0237462938207216 -42.3984932416366647 2.0601876323907904
vn -0.0875738650741940 -0.7719007354018662 0.6296825174975282
v 87.5103231109265494 -42.3982925380435915 3.5674075752334220
vn -0.4535717507245151 -0.8911937691820785 -0.0068068139197855
v 87.9118604032019846 -42.3983642554858733 3.9774964208522801
vn 0.5981443686274458 -0.8013619886094534 0.0065021143620067
v 86.9996000704003052 -42.3992098019477410 4.0535094112293262
vn -0.4214499965278477 -0.8725664889158365 0.2469972122267101
v 85.6743011500000051 -42.3982925399999999 5.0999999000000003
vn -0.1006647759037011 -0.7612446926478130 -0.6406037158866582
v 87.5664470657369662 -42.3982925391333225 4.4196614344673097
vn 0.3920950556791407 -0.9199062699033475 -0.0058242514095082
v 87.0491686864732515 -42.3982925414536993 0.0176885208442185
vn -0.1068406976751648 -0.9063634327232614 0.4087669178668820
v 88.6743011500000051 -42.3982925399999999 8.1000003800000009
vn -0.3971277213134262 0.8546743155894991 -0.3343970502800929
v 92.8743814867904405 -42.3979662145535485 7.3365275389476006
vn 0.6768208789869319 0.7360783957244802 -0.0101041137677907
v 92.4192664836829323 -42.3981372265859093 6.4061097330368550
vn -0.1512561980154291 0.0203306103168039 0.9882854996639704
v 93.4802356446040079 -42.3982925372520967 7.5103685698751157
vn -0.3647100129296806 0.9062931683914942 -0.2135867491108450
v 85.6743011500000051 -41.3982925399999999 -5.0999999000000003
vn -0.1067789730567328 0.9062997644648555 -0.4089241834911420
v 88.6743011500000051 -41.3982925399999999 -8.1000003800000009
vn 0.2897143487791546 0.8194308812363472 -0.4945691326677132
v 96.6143035900000058 -41.3982925399999999 -8.1000003800000009
vn 0.5545709857106150 0.8194313017807749 -0.1448563546062835
v 98.6143035900000058 -41.3982925399999999 -6.0999999000000003
vn 0.4946177845982327 0.8194319405772843 0.2896282823221558
v 98.6143035900000058 -41.3982925399999999 6.0999999000000003
vn 0.1723574410038036 0.7311986306138023 0.6600314197969067
v 96.6143035900000058 -41.3982925399999999 8.1000003800000009
vn -0.2135784361553305 0.9062876760743412 0.3647285289159778
v 88.6743011500000051 -41.3982925399999999 8.1000003800000009
vn -0.4725505250081521 0.8726242289467724 0.1233813453062122
v 85.6743011500000051 -41.3982925399999999 5.0999999000000003
vn -0.6680136766778163 0.5764785995745040 0.4705636535092829
v 94.3512694893624939 -41.3983273741577520 -7.0680600282274773
vn -0.4407590413781202 0.7567551901212263 -0.4827556832063473
v 94.2309056761267385 -41.3983036540309399 -5.7087688138731743
vn 0.2672603357532730 0.8017832117829481 -0.5345237078334955
v 95.4743042000000059 -41.3982925399999999 -2.5000000000000000
vn 0.8642893459763229 0.4507637554291534 0.2231948996353327
v 92.5054057454562866 -41.3983542534841789 -6.9292926624275291
vn 0.0672316235649495 0.6125915664158762 0.7875350668693835
v 93.4085029777693165 -41.3982425828248211 -7.5334198950882802
vn -0.2721590284485418 0.9525823450714995 -0.1360747555280853
v 91.4743042000000059 -41.3982925399999999 -2.5000000000000000
vn 0.3245386125160402 0.8334144877616210 -0.4473197744066298
v 92.7950289861237536 -41.3982262031371064 -5.6754737420475418
vn 0.3651483715964577 0.9128709291880829 0.1825741859183313
v 95.4743042000000059 -41.3982925399999999 2.5000000000000000
vn -0.3900445312338269 0.9162607069969250 0.0912774915742068
v 87.9318253628373583 -41.3982722669943399 -3.9792249266892012
vn 0.2114048252762837 0.7853529251047896 0.5818322635255411
v 87.3583633682020206 -41.3981000962877275 -4.4365313945225413
vn -0.3075211782290355 0.9067307768014335 0.2885654576377683
v 87.8217330241124046 -41.3983417715793891 -2.2869726964775419
vn -0.0225339492243003 0.7828401268518612 -0.6218147287761190
v 87.3885256520491964 -41.3982925540678082 -3.5567616950668803
vn 0.6599169574803463 0.7464115402688404 -0.0859035609470299
v 87.0652086620883239 -41.3982925481394304 -3.9659629998905617
vn 0.3320195668962332 0.8435235093417708 0.4221742488425620
v 87.2152338150344946 -41.3982925409266613 -2.3541260239544362
vn 0.5746896434752141 0.8152656613539447 -0.0712300154390435
v 87.0716178505041682 -41.3982925437329712 -1.9698298402226473
vn -0.5238823757331057 0.7154225892142658 0.4622961985980340
v 94.1986897270088122 -41.3982925405813589 5.7817642022460181
vn -0.3480499895092579 0.7946294050558743 0.4974186500556174
v 87.7139044672655928 -41.3982461301203841 -0.3839658989894122
vn -0.1203879990828920 0.9630865100181035 0.2407718918353368
v 91.4743042000000059 -41.3982925399999999 2.5000000000000000
vn -0.3147612692849519 0.8782614426734957 -0.3599752514704252
v 87.6781770975142081 -41.3982555554228782 0.4112238985093888
vn -0.3372139286881838 0.6827775918165901 -0.6481523944349958
v 87.6741749569124806 -41.3981669909461090 -1.6078786236668718
vn 0.0235271295360271 0.6068494376032350 0.7944685231375958
v 93.5170230352390064 -41.3982925407600391 5.4746234381065619
vn 0.4246431392478929 0.8336834572704219 0.3530582067638864
v 87.1686809739773167 -41.3982925423716992 -0.2932153866873012
vn 0.4070896141630428 0.7492180278125431 -0.5224465454391181
v 87.1951053862154453 -41.3982925531865575 -1.6888264365394905
vn -0.7374393347229458 0.6406569397968482 -0.2138735913887380
v 94.5196067048680675 -41.3976714075387804 6.8427657845551915
vn -0.0430831251761674 0.6098210788879725 -0.7913672321172793
v 93.5597084738084277 -41.3982925377425914 7.5261033484888715
vn 0.0340063200223846 0.8468866418923982 0.5306850157887936
v 87.5465845843581150 -41.3985448165469947 1.5203533752986420
vn -0.4025856403558665 0.8827250942332746 -0.2423245967501305
v 87.7434480741845988 -41.3983102156892286 2.3244125594695322
vn 0.3242750477619745 0.9194051991560825 -0.2225753202035966
v 87.0806948354791075 -41.3982925402377688 0.1358655143423847
vn -0.5208989501590198 0.7563472358864818 0.3957311492542753
v 87.8642456892226988 -41.3982348154315929 3.7991513571836677
vn 0.4764400150273201 0.8232699806299166 0.3085959349608864
v 92.6076918294119480 -41.3982545027093494 5.8916159614233479
vn -0.4085917832360634 0.8352847410486470 -0.3679023729785778
v 87.8076157067731202 -41.3982925394975112 4.2613060486036058
vn 0.3392356038688183 0.8942517524096739 -0.2919469273343797
v 87.0646616847421768 -41.3983498085378017 2.1885911586418070
vn 0.3859229562675811 0.7923571226486148 -0.4724760967643747
v 87.1753948743575791 -41.3980119344860569 4.3469161287334925
vn 0.7005818882875424 0.5738977202351390 -0.4240594586993331
v 92.6253810615380218 -41.3979719017628724 7.1325258229850226
vn 0.3053939983155731 0.8607853389037189 0.4071647162036975
v 87.2778019229237003 -41.3981096850302492 3.6120840663705720
vn -0.8164965809277261 0.4082482904638631 0.4082482904638631
v 91.4743042000000059 -39.6982917799999981 2.5000000000000000
vn -0.3333333333333333 0.6666666666666666 -0.6666666666666666
v 91.4743042000000059 -39.6982917799999981 -2.5000000000000000
vn 0.3333333333333333 0.6666666666666666 0.6666666666666666
v 95.4743042000000059 -39.6982917799999981 2.5000000000000000
vn 0.8164965809277261 0.4082482904638631 -0.4082482904638631
v 95.4743042000000059 -39.6982917799999981 -2.5000000000000000
vn -0.4051103269220167 -0.8471042127335093 0.3439477806154275
v 94.3093006104052591 -26.5934517457921480 5.6825034742611580
vn -0.6175400410384539 -0.6405774878512528 -0.4564041846569799
v 94.1131887715482236 -26.5677842142820033 6.5900677708905597
vn 0.4840309450014921 0.0628462042726545 -0.8727911542227512
v 93.1017529540236382 -26.0957826856377615 6.7893382032857845
vn -0.0391428635906984 0.1234512141521485 0.9915783549242492
v 93.4295655316404066 -26.2569799057361060 5.1415118617047151
vn 0.9985067325058804 -0.0395413944585713 -0.0376932787735682
v 92.5900824778085791 -25.7708223823377516 5.9930502649002930
vn -0.8522762129865672 0.0206473571047118 0.5226843630929340
v 94.2171649985624384 -26.1554198804647555 5.5526858448857332
vn -0.9856365763498931 -0.0201449026437112 -0.1676744532084025
v 94.4438232035825536 -25.2323324094567347 6.1366746247214401
vn 0.2453721457898043 0.0394742491225564 0.9686249499815279
v 93.2756417506340512 -25.8182505686049595 5.1164239023560745
vn 0.1195938380386102 -0.0142824241942102 -0.9927201651333225
v 93.3664862015032924 -24.8029544859091970 6.9532920501122062
vn 0.1878962258255230 -0.1125579887686613 -0.9757180471247203
v 93.3133560856717281 -24.4960735214484693 6.8685841696956764
vn -0.5234034387206751 -0.5347370237487913 -0.6634042174780450
v 98.2140598466594952 -26.5982954068155060 5.0099848308307076
vn 0.4945642350691187 0.1032030933156157 -0.8629920850857126
v 97.2592052984653748 -25.9157090494220341 4.9834647019314433
vn 0.6519683986647973 -0.0759436814347143 -0.7544334062013708
v 97.1136556335942345 -25.1353743250728883 4.9657787297754705
vn 0.8387566160047087 0.0748120180069099 0.5393426564532638
v 97.1213972725938532 -25.7687694189823908 3.5185794577475784
vn -0.9891189676959884 0.0135838481259940 0.1464894085390213
v 98.6177195686851178 -25.6232875246278340 4.1375277053712312
vn -0.1868949192883218 -0.0439808974630956 0.9813949102183853
v 97.9346950847880464 -25.7916378725748672 3.3605253644921129
vn -0.4406157119444282 0.0714650721134710 -0.8948466560565118
v 98.1298482030930188 -25.5404797246932063 5.0225269743065182
vn 0.9912296887435749 0.0103487846738104 -0.1317444754404937
v 96.8652602446997406 -24.6118176996571663 4.3734992828375212
vn -0.5135989795427314 -0.1077657955927087 0.8512359376300648
v 98.1005200657252487 -25.0084913102715980 3.4390332737328508
vn -0.5095431792171989 0.8057340793081927 0.3019243977465361
v 98.3987596246693244 -24.0994118862090190 3.8028210547912971
vn -0.9798536545120774 -0.0172650325219177 -0.1989691795011066
v 98.6057529134245385 -24.7072528377234164 4.5724325410567195
vn -0.4023974308863691 0.7601179020593533 -0.5101931816331311
v 98.4460051556667679 -24.1363196408777583 4.8516083840140567
vn -0.4040368292984973 -0.7432399479688261 0.5332434906435459
v 100.0467925355013250 -26.6015092286101229 -0.6957512774649836
vn 0.1679528446930630 0.2546782382294205 -0.9523291641716463
v 99.2244561678150916 -26.4046475010847352 0.8320644386437651
vn 0.3498658404484140 -0.9147254408853889 -0.2021664202689356
v 98.6476151295170069 -26.5959080001409731 0.2161265190763547
vn 0.0409565491991980 0.1388618378489063 0.9894644769100697
v 99.4818465412000990 -26.1466659381264392 -0.8948293627317720
vn 0.9954407785889779 -0.0329712607048038 -0.0895016887533707
v 98.6131519284247275 -25.5356643751114092 0.1846887191099180
vn -0.2780598103826534 -0.0510398572541458 0.9592067946076276
v 99.7729625654047538 -25.4170447664774493 -0.8097776787107693
vn -0.9853910128415238 -0.0575325499387467 0.1602952198560568
v 100.3383702294923410 -25.6675868949724872 -0.0260600880210883
vn -0.5896996113580049 -0.0651899001474155 -0.8049873572193466
v 99.9893879497712703 -25.5403677403908063 0.7572958701734337
vn 0.5084825694418077 -0.0414618906247801 -0.8600734783724445
v 98.9776047706546933 -25.4093202433735925 0.7342285972147609
vn 0.5155546841623406 -0.1561020200879573 0.8425173748729033
v 99.0107434198604039 -25.4920743888289572 -0.8010812054842802
vn 0.0835132717013380 0.0971666932333523 0.9917581192890904
v 99.5052933818269025 -24.5896730899867215 -0.9264718263712014
vn 0.0054198942150575 -0.0169784631286428 -0.9998411656540687
v 99.3686523326893223 -24.9265656130636302 0.8480894856905282
vn -0.1902360675954079 -0.0339289931553577 -0.9811519056748038
v 99.6381408469746077 -24.4688647804268271 0.9141260670886188
vn -0.0914502409397732 0.7584195571760127 0.6453190131438852
v 99.4170577254428878 -24.0999721452978584 -0.8601402185504856
vn 0.5465521246636741 -0.7181688665959776 -0.4307136567115936
v 97.0408395765661282 -26.5804798311433927 -3.7613635630408893
vn 0.3599733016331655 -0.8900196550483199 0.2797932017383334
v 97.2292600288332238 -26.5896887352730644 -5.0034252366166720
vn 0.3474403150046030 0.0394619731939360 -0.9368713786753992
v 97.1697790656726141 -26.1493698169965576 -3.4705728490002605
vn -0.7922490055512470 -0.0546194706279086 0.6077484896167058
v 98.3953114393558650 -26.0065578264492423 -4.8910162556998475
vn 0.5644516870135268 0.1069942694371411 -0.8185026080197887
v 97.4006074408038245 -25.5231860520422629 -3.4372586495820316
vn 0.9934854859020799 0.0431327792052482 -0.1054805795392671
v 96.8079928853925651 -25.7633658313096170 -4.1775779727124460
vn -0.6036650708877825 0.0867931530082833 -0.7924994831423736
v 98.2525815331749470 -25.5302637111539532 -3.5257595796262557
vn 0.9730460703257855 -0.0921063203059991 -0.2114184731361839
v 96.8396564889808360 -25.3337240666718913 -4.0574412906126174
vn -0.7394472370604551 -0.0466179028319446 0.6715985071001949
v 98.2241085032099761 -25.5197025581334387 -4.9705124896200710
vn 0.5852480119092446 0.8050033161838136 0.0972338700728291
v 96.8297356358280723 -24.1093952213705052 -4.2142572393819879
vn -0.4340766334860886 0.5280835823664656 0.7298665674603709
v 97.9240225867606426 -24.1054725178156239 -5.0749627034887563
vn -0.5247498924885818 0.8329700168522108 -0.1754950180445294
v 98.5688144652508811 -24.0982931025147877 -4.0757782408491607
vn 0.0182370820191419 0.8773067716090067 -0.4795833997631790
v 97.7044147595635764 -24.0964142523252463 -3.4237608090809211
vn 0.5720092524090062 -0.6475672698576719 0.5034501426830374
v 92.8696132043259581 -26.5257534191784785 -6.6682929404002280
vn -0.3871190527017535 -0.7180968564703299 0.5783387794041891
v 93.9290046256083855 -26.5897082690289857 -6.8021746542709991
vn 0.0881106743460712 0.1014007854731170 -0.9909361179065559
v 93.4834636323704160 -26.1465203568375735 -5.1366357783023009
vn 0.0543310047148320 -0.5232426723012168 -0.8504500266386957
v 93.4462712951287386 -26.5944123669070898 -5.1261747976233742
vn 0.7630599910600704 0.1560023753232106 0.6272182307115455
v 92.7362224016954286 -25.8361278390967364 -6.4950790044193250
vn 0.9538291375683989 -0.0027879013453701 -0.3003368174760008
v 92.5911181620316199 -26.1709374412514677 -5.7416319292030487
vn 0.0055898841761656 0.2210734435997775 0.9752411423488208
v 93.4613634771840651 -25.4058871062400229 -6.9372440203408381
vn -0.6273351223016239 0.1018092673707685 -0.7720657468145017
v 93.9441617915177147 -25.6163595810654456 -5.1648031597133004
vn -0.6949769158843719 0.0472147801503066 0.7174802094296433
v 94.0789381387401562 -25.0027808388361876 -6.6337188940884007
vn -0.9892251632483491 0.0722392514419751 -0.1273383954170159
v 94.3865381772862833 -24.8864029954641772 -5.9159368689278731
vn -0.0497832695314739 -0.0769312756975987 -0.9957927519791940
v 93.6084479563444347 -25.3505475261626323 -5.0695694859995903
vn -0.3144236138887607 -0.0288075399295855 -0.9488455705078340
v 93.6733116800570542 -24.9084338472549831 -5.1100568968188016
vn 0.9464512538134153 -0.0496867072546573 0.3190004001207588
v 92.7217469731875354 -24.6831514175543951 -6.3800325983474062
vn 0.3477902120805019 0.2082085784518244 -0.9141614497669817
v 88.9055286815778203 -26.4286953472443749 -3.5034003383552230
vn 0.1852486247112312 -0.8894810934453113 -0.4177395497746543
v 88.9128591088852858 -26.5982504536039244 -3.3523847436225100
vn 0.9988021130183711 0.0096055453849511 -0.0479799179646493
v 88.4204021883703746 -26.5917109090288406 -4.3258626689468072
vn 0.4744835667533986 0.6697506048945265 -0.5712262880193707
v 88.4422001690175250 -26.4331744123581345 -4.0282392361661561
vn 0.1850651407564464 -0.7049373448010172 0.6847001048500639
v 89.0816419657912633 -26.5934059778633909 -5.0985220125874795
vn 0.2973679939959641 0.0597844808519949 0.9528893387986214
v 88.9099579394555946 -25.8998004382103062 -5.0323534688069964
vn -0.8779969100140697 0.1311835001473291 0.4603393479758615
v 90.0111243755055597 -25.5908307324754070 -4.7353039222934612
vn -0.0000078685000582 -0.1583655051157765 -0.9873805582081873
v 89.1908611773157816 -25.9914973228099413 -3.3703625066461944
vn 0.8726426162381720 -0.0734655752298881 0.4828018988996836
v 88.5072837879526588 -25.0669531534851231 -4.7280598628837245
vn 0.2089290525735839 -0.0919718429896287 0.9735963388837263
v 89.1342250117514823 -24.9148696822560431 -5.0936986147003713
vn -0.7561647800653474 -0.0176693759451988 0.6541426591672737
v 89.9335023446106163 -25.0892818151707893 -4.8499483125748846
vn 0.4219200109827573 -0.8575707744491496 0.2942037918569301
v 86.7017229343973668 -26.5876055969169158 -0.4907246383349029
vn 0.7010910198899519 0.1030951510407088 -0.7055797415328479
v 86.8177539725663223 -26.3140392437597264 0.5996093628582800
vn 0.9614877488277267 0.1598479099293138 0.2235843343023395
v 86.6770391961803597 -26.2735550437564918 -0.3635452771386355
vn -0.6384650085167827 -0.0158014304513605 0.7694886273983232
v 87.8329746568091281 -25.8201970023218763 -0.7860894736587664
vn -0.4126615525530940 -0.0991817056238119 -0.9054686258032475
v 87.6676709534507239 -24.9187795630543896 0.8629431834572585
vn 0.6048648668946009 -0.0108199246611384 -0.7962546213535616
v 86.9647033822783015 -25.0056802203955719 0.6875157005499354
vn 0.4286913677046191 -0.0701112241704509 0.9007264443219505
v 87.1886267296081314 -25.6034870281604441 -0.8285731460319486
vn -0.9618987838112720 0.0255794884063820 -0.2722065750037340
v 88.3431615354745645 -25.8783676338986162 0.2033191269402653
vn 0.7235522767229006 -0.6134096362059231 -0.3165449747805584
v 88.3635463443193458 -26.5415389699954041 4.5818931422389806
vn 0.1848620619142198 0.0054965217320295 -0.9827491064934489
v 89.0389894126205519 -26.1847037642135874 5.1032190639797355
vn 0.9981393339361455 0.0324120212236832 0.0516462092481472
v 88.3644929754686927 -26.3651349505739532 4.1764023330105307
vn -0.2281199374120451 -0.6983952622819815 -0.6783843687594866
v 89.4430903406851456 -26.5850856429678721 5.0414824888353023
vn -0.5393735583711234 0.0515387344075395 0.8404879079354690
v 89.7792062655695702 -25.7524582344573858 3.4593271612034395
vn -0.9881096277118369 0.0033567606011499 -0.1537143317372907
v 90.1287996120546211 -25.5295329754670242 4.4390095959374580
vn -0.1615706493929124 0.0031769872452438 -0.9868560340833896
v 89.4020391745126517 -25.6080276113126715 5.1042718830483658
vn 0.8415963051395920 -0.0773390278493810 -0.5345412369001099
v 88.4988151585716167 -24.6247476897496149 4.8163462239054189
vn 0.9888116297006131 0.1437409394723606 -0.0398760992126985
v 88.3375982452948136 -25.0024860780821925 4.2443950038280196
vn 0.6901910645329999 0.0604706133528757 0.7210961096549692
v 88.5468280842584079 -25.3150462051244070 3.7178862812097027
vn -0.5774279897913694 0.0102854900097214 0.8163768280033173
v 89.7333870471783257 -25.3528604070662595 3.3979252246223841
vn -0.9886055506191240 -0.0002044130459915 0.1505291450197112
v 90.0985426759008590 -24.9765376233497030 4.1831782439821019
vn 0.0175771387523046 0.7624685893319055 -0.6467864365271555
v 89.1213686529664812 -24.1155077492107246 5.1187206609840477
vn -0.0523400162961581 -0.3733506539175968 0.9262126170126496
v 92.9949882649825810 -26.4020673486178978 8.0042306295902073
vn 0.0703974767911238 0.2424847770480156 0.9675977098781381
v 93.9177908815572664 -24.2924904198767990 8.0106433744658290
vn 0.1641771004822524 -0.2566688625561178 0.9524531351575199
v 94.8062330894799885 -26.3987794658988193 7.9005793682430490
vn 0.2798299449350973 0.3477649445346468 0.8948490069673399
v 96.0666976017615042 -24.2983038346768936 7.5874445346746571
vn 0.3454202695923191 -0.3702265962130784 0.8623323633096741
v 96.3655992993205217 -26.3960229014014267 7.4797435131980592
vn 0.4671395987497179 0.2932362664245758 0.8341421265787551
v 97.5163965955994172 -24.2975762433603357 6.9178370483416156
vn 0.5256969049539085 -0.2827303584009433 0.8023130988338377
v 97.7572369971528730 -26.3987136859579437 6.7712993315725400
vn 0.5758710163875456 0.4020270194970926 0.7118615371538624
v 98.4833480739650042 -24.2979124229842185 6.2407499188257844
vn 0.6629342963833454 -0.3498626843628838 0.6619019721749707
v 99.1627896464126906 -26.3884302288191428 5.6613536137175107
vn 0.7453683441643942 0.2820226403560168 0.6040606441775940
v 99.5232477328126350 -24.2951361021580183 5.2682392964132472
vn 0.8224673152137377 -0.3293844096764499 0.4637385320061325
v 100.4748210048578869 -26.3916028848732260 3.9310856684454074
vn 0.8690416263496511 0.3159094086501747 0.3807464999154296
v 100.8337302408985749 -24.2834830207146517 3.2086001515200615
vn 0.9694746013817325 0.1795819899711256 0.1669410259754665
v 101.3637436629583135 -24.2979155715824859 1.3641346486467976
vn 0.9241724628476856 -0.2858889267943882 0.2533234699951751
v 101.2942524115504312 -26.4011004012590220 1.7703732200187956
vn 0.9554871977106774 0.2950194168169101 -0.0027854464646542
v 101.4865406753928596 -24.2978688363747111 -0.0273994851609023
vn 0.6825509173803519 -0.7303977846841758 0.0253637795229429
v 101.4639042267710209 -26.5738577506402294 0.1674691945062637
vn 0.5707186206603099 0.8137022421821964 -0.1103128147554007
v 101.3228359406117249 -24.1229273344149142 -1.4690067126547250
vn 0.9424630221715460 -0.2517291524672677 -0.2199906489771484
v 101.3055610503897412 -26.3982334166939303 -1.7888518815668726
vn 0.8736082383612277 0.3014775902320417 -0.3819946445374248
v 100.8538302785372025 -24.2936182332575079 -3.1407543012196055
vn 0.8276598217177438 -0.3493972821097827 -0.4392046889190157
v 100.5740246811652128 -26.3984808789400454 -3.7135172399174290
vn 0.7541581127438761 0.3638592175335931 -0.5466735870685875
v 99.9653682690442622 -24.2980774677510034 -4.6873242074835426
vn 0.7170729175847591 -0.3012939954944553 -0.6285128154186422
v 99.3081460057277354 -26.3793378280566557 -5.5320669465947052
vn 0.6154429668473568 0.2655418259963009 -0.7421034248705995
v 98.6548180575191367 -24.3147128712633425 -6.1476549449608600
vn 0.3726825380161845 -0.7283034994552295 -0.5750493357435357
v 97.8564834494565616 -26.5758334044781428 -6.6802099985794499
vn 0.3982632543772887 0.4040449881186310 -0.8234889360453039
v 96.7594749010285966 -24.2981014508911031 -7.3078998830604842
vn 0.3079121509608838 -0.2871152809702304 -0.9070583899198703
v 96.1104183366344245 -26.3942948247480764 -7.5828265238034813
vn 0.2278507200693672 0.2064728282523371 -0.9515529520511993
v 95.4079601839311238 -24.3000349210284519 -7.7777128239355928
vn 0.0498089614523163 0.2498551122487530 -0.9670012876114512
v 94.0616586870042397 -24.2957855175725967 -7.9908000483871611
vn 0.0997991846714987 -0.3901969842602302 -0.9153067443284387
v 94.2448564085987641 -26.3983485985652315 -7.9751663193769211
vn -0.1241800522822172 0.4903492200638723 -0.8626337328194036
v 92.2743657580771668 -24.2993624336422727 -7.9295056413229652
vn -0.1402924033290057 -0.2168957739112707 -0.9660612117395060
v 92.2823812895554454 -26.3908082146356087 -7.9497465437224459
vn -0.3076029652042842 0.2666418230781920 -0.9133906907687807
v 90.7359043246080006 -24.2982613422532161 -7.5237462256605792
vn -0.3523002260979325 -0.3820799479217572 -0.8543415383132515
v 90.5406170378589366 -26.3982880735982697 -7.4497398770703791
vn -0.4402538457698990 0.3291768434488881 -0.8353557068829064
v 89.6469002959931629 -24.2982744362645704 -7.0325377927738604
vn -0.4551511122636343 0.7156444378959356 -0.5298023249418474
v 88.3418255074871013 -24.1313900077080916 -6.1415314896757796
vn -0.5422298543132411 -0.4128802069204252 -0.7317900790696661
v 88.7236463138209928 -26.4194939352798848 -6.4729555441695936
vn -0.7555919775516974 0.2938968740098959 -0.5854104465302328
v 87.2191418540672743 -24.2983041318255069 -4.9978515451784604
vn -0.7624302155786739 -0.2233298851088672 -0.6073087590261785
v 87.2167919197715094 -26.3982406110670027 -5.0040633258282927
vn -0.8455238101711786 0.2634880643772261 -0.4643958724669669
v 86.3562260444603425 -24.2991590727225137 -3.7055283004012107
vn -0.8824123824336937 -0.2084153233934946 -0.4217954958300029
v 86.2579953511938839 -26.3842790868349439 -3.5097136271294729
vn -0.6857711922060675 -0.7059816113677891 -0.1769402055803284
v 85.7414594877170089 -26.5694352196995602 -1.9577914895579758
vn -0.9101320231861264 0.3397740070211021 -0.2370934932130200
v 85.7133127768668572 -24.2983015819272588 -1.9911982285461491
vn -0.9735270107626741 -0.2128263568956900 -0.0833672665139052
v 85.4687874475577729 -26.4072669711146553 -0.5751861602116004
vn -0.9626281950006108 0.2707579454849286 -0.0060904143246869
v 85.4492545545158606 -24.2877112921783294 -0.1522066383026377
vn -0.6764847324997394 -0.7304912821191231 0.0935462101996430
v 85.5793470099229836 -26.5786743181304246 1.1959163516782723
vn -0.8940966682248607 0.3947775858880469 0.2115225887455268
v 85.6568416182840195 -24.2979419754363057 1.7891906932760124
vn -0.8663314815658805 0.2285505135329505 0.4441108271723301
v 86.3662558483865297 -24.3026645881998817 3.7457610362031906
vn -0.8865782045567370 -0.3026713525976449 0.3498130065072838
v 85.9757232380342487 -26.3943195398851280 2.8544412705789393
vn -0.7754739471828850 -0.3671839748337382 0.5136303007668966
v 86.7314816042347871 -26.3983296444294844 4.3275616892458606
vn -0.6753697483967060 -0.2937616987654990 0.6764464260301613
v 87.7065050679408245 -26.3984008658041205 5.5610775879170520
vn -0.5260571333310075 0.3214016460267549 0.7873784823087657
v 88.9559123473421067 -24.3095186251164108 6.6343336347266639
vn -0.4832806149025946 -0.3742681530311581 0.7914311068475990
v 89.2057004550461698 -26.4141437222917119 6.7971886356695732
vn -0.3475365070211640 0.2580766561700265 0.9014515049782913
v 90.8520997367582197 -24.2976306793605765 7.5741798336713710
vn -0.2724362642494131 -0.3398058578455989 0.9001724617514361
v 91.0458757531453813 -26.3965742681340885 7.6383217398214729
vn -0.1406986210035421 0.4168913413307225 0.8980008394044922
v 92.2394322879199109 -24.2982444739065393 7.9105458287599806
vn -0.1221036845479699 0.9372380424383996 0.3266122196520614
v 90.8261259304860005 -24.0982358260179694 7.4026975795886889
vn -0.5164174699501444 0.7191683472304587 0.4648762040286660
v 87.5854974490315215 -24.1330992483040880 5.4051651919423067
vn -0.2687087019230546 0.9561852342253974 0.1162128708885077
v 86.3900799689474468 -24.0980965937215359 3.4974367148485066
vn -0.3709163037970918 0.9284679899696486 -0.0191908097594629
v 85.6225508547792344 -24.0984150700622664 -0.5816548304512070
vn -0.3256155519869005 0.9269772578829324 -0.1862462769348840
v 86.8196703113734571 -24.0983169163487787 -4.2215799829205594
vn -0.1034724617038383 0.9385452063594167 -0.3292815592903854
v 91.1840116829393281 -24.0981653296606062 -7.5077393302773165
vn 0.2942291246501694 0.9220290670467529 0.2515782616373871
v 99.5339115724261347 -24.0982459159271940 4.9913855374183402
vn 0.1717990652570671 0.9411737482659969 0.2909932245804562
v 97.4466016260777650 -24.0982860805289079 6.7453176585950683
vn -0.0210213111785697 0.8440239674323696 -0.5358933166928435
v 99.7444571525988692 -24.0981075778265392 0.8206735399758209
vn 0.0425091328417870 0.9391031541124788 0.3409959524115107
v 94.4910854602391197 -24.0977721570623693 7.8212531982929443
vn 0.3943454553822719 0.9153838485128100 0.0810189588999121
v 101.1718302027230436 -24.0974008449221273 1.8386225248011312
vn 0.4876391041988696 0.7369217577920882 -0.4681393242921842
v 97.0957216970014656 -24.0982932394332465 4.8664720920251074
vn -0.7764542224773516 0.6262514749835107 -0.0701992199249287
v 100.3147427353176795 -24.0982935559833749 -0.1978117157758033
vn 0.4751075148027853 0.7960506474265440 -0.3749349491707876
v 92.7044526801672930 -24.0982933804201451 6.3919722523811888
vn -0.3682157877262410 0.7281323642171263 -0.5781352729670814
v 95.1443238807283507 -24.0982933372577044 2.2829348505965350
vn 0.3157228110008690 0.8872194395677386 0.3363937762010721
v 97.0666367929950695 -24.0987650696190840 3.5432662934584624
vn -0.6255850599131209 0.7260341417971486 -0.2855131481357291
v 96.1558893450688572 -24.0982731194510897 0.9757441559021687
vn 0.5787471878115349 0.8146436017063136 0.0375165936514086
v 98.5154462388654082 -24.1006427223595949 0.0342360294417119
vn 0.0791946254374306 0.9660816762493473 -0.2457934216310037
v 92.8263180279890179 -24.0966829754133975 2.8720940629403109
vn 0.3138224549752087 0.9330840932182310 -0.1756973014489539
v 100.3948500278435603 -24.0982901552342703 -3.6395435287416236
vn 0.6418021935848182 0.7096970378362145 0.2905513014877376
v 92.7758951803243832 -24.0982933389025966 5.5823507524976899
vn -0.6492593870038036 0.7504298190404755 0.1237632218485140
v 96.2092172434332298 -24.0982757948308475 -0.7451679494167859
vn -0.2957230658910045 0.8913041167954133 0.3436929438955253
v 95.2735462878903405 -24.0982964445978070 -2.2183321774205345
vn 0.4325685190954007 0.8749548782371984 -0.2175739812949639
v 88.5701199425760279 -24.0982928480642471 4.8469586992450830
vn 0.2543278355766469 0.9201281134869185 -0.2977945715118099
v 98.6793412490554829 -24.0973754280482915 -5.9013562590855067
vn 0.4187827109713831 0.7799791034902570 0.4650307937223019
v 88.7012219552984504 -24.0976251853667911 3.4889626024023825
vn 0.2799553694733736 0.9576930879158837 -0.0667003782685407
v 90.7413097674433828 -24.0983969282240942 0.9674041611352093
vn 0.0060665247037671 0.9317556863816496 0.3630351748432643
v 93.1923400176533789 -24.0980957234362307 -2.8937939835922113
vn 0.6768902911410882 0.7025637485683127 0.2195989821392018
v 90.7748200647226753 -24.0982933117665539 -0.8091117930985776
vn 0.8284134415863020 0.5336047539639804 0.1702854554745604
v 86.5908580759828084 -24.0982928262255527 0.0407274952967848
vn -0.6997616818006938 0.7026348476678616 0.1289878270466858
v 94.3251667783278123 -24.0987492138423889 -6.2947315845376401
vn 0.6089809407055979 0.4455030595664904 0.6562539430542272
v 91.3856112423631401 -24.0983005538199784 -1.9073935513294646
vn 0.0530463667526640 0.9394520824447382 -0.3385496533222077
v 94.9522312255784016 -24.0968058333625095 -7.7681161565519581
vn -0.3324122906292445 0.9238506521563414 0.1897420394876189
v 89.9481279406710286 -24.0977864119099685 -4.8081496372537593
vn 0.0361549543060502 0.5149122595613805 0.8564801131564708
v 93.3443342415391868 -24.1923277800228576 -6.9344200205472726
vn -0.1529345618394698 0.9616100107413134 0.2278534771230417
v 87.6822912349902879 -24.0979284503201647 -0.8534355816006333
vn 0.5617103691720564 0.6271963961874633 -0.5395425300882689
v 88.6295505291943755 -24.1040979656637795 -3.5849687903463341
vn 0.4486179494681818 0.7474930904234501 0.4898938815541215
v 88.5081163108835511 -24.0982925212301922 -4.7523282988228601
vn 0.1828124197341120 0.8688693430779482 0.4600496536790932
v 92.7549013552091282 -24.1978667332922264 -2.8080282945374155
vn 0.5812464711671408 0.6980766310337621 0.4181405947289729
v 91.2234563177952538 -24.1982936482186375 -1.7339238834217090
vn 0.4809695821764950 0.8746825595287931 0.0599890079691832
v 90.6910429016394346 -24.1982936493421192 -0.4420597868915803
vn 0.2369821727896175 0.9563067786552335 -0.1712214790204846
v 90.9965676177570373 -24.1981322384706061 1.5036287936464723
vn -0.0614223185378705 0.9204757343035352 -0.3859426399658374
v 93.4169430731500228 -24.1974839082882944 2.9178229649752754
vn -0.3784865021265843 0.8404921813556205 -0.3877123428368691
v 95.3472711179007746 -24.1982937018540376 2.1221986259064800
vn -0.6168890608498412 0.7795217164946464 -0.1085991718064235
v 96.2479174281362759 -24.1982940465254757 0.6821219298670604
vn -0.4813413255237724 0.8436854423966886 0.2377086507279900
v 96.0540615816341727 -24.2012845286114917 -1.2336458941171486
vn -0.1492622615296960 0.9209930784422490 0.3598507006308448
v 94.7033218623116255 -24.1982934564990444 -2.5520293037428630
vn 0.3629142150260747 0.8135281740054331 0.4543843996347078
v 92.6148940679500328 -24.1979877552026856 -1.0575366346968385
vn -0.1863985650743693 0.7124443555740946 0.6765194861560376
v 93.7715025302659058 -24.1982936388292131 -1.3020943373772194
vn 0.6989878090344950 0.7107228719870470 0.0793034807284036
v 92.1551838831980916 -24.1982936950319498 0.0107392230493311
vn -0.5719759900069388 0.8202037453259404 0.0104538513899069
v 94.8791856758623311 -24.1975234513169788 -0.2275552393733387
vn 0.6025715575759554 0.6037094989047275 -0.5219601123962344
v 92.4593740156093418 -24.1982936947128984 0.8659441574203551
vn -0.1312372813852671 0.7370520266521717 -0.6629714066100668
v 93.8280138741283025 -24.1983296185725862 1.3542366997143716
vn 0.0746259649362533 -0.9281075299591787 0.3647566012979142
v 93.1551989146615682 -24.8987646428544913 -1.3199814263318961
vn 0.4317333902965810 -0.8660458751963268 0.2521325479949954
v 92.3692529602684544 -24.8982925308183134 -0.7265673260045724
vn 0.5765841590507652 -0.8127100921435920 -0.0839822222835042
v 92.1562882626275410 -24.8982925296573647 0.0550178540798060
vn 0.2848458782910351 -0.9335693751105221 -0.2175110284016844
v 92.4336156066308661 -24.8982925307026512 0.8160941758771398
vn 0.1565884244302030 -0.8673375645461457 -0.4724464143811731
v 93.0161089242674706 -24.8982925307284368 1.2280149864000600
vn -0.2477536628389136 -0.9207630025023154 -0.3013529753840556
v 94.1421874181588834 -24.8948386648181526 1.2208259243244222
vn -0.2820514186916461 -0.9592672325438385 -0.0159177191115757
v 94.8175364781677388 -24.8990143616859783 0.0731736927782920
vn -0.2799876084728922 -0.9057044006306929 0.3182867854307304
v 94.3201020688592990 -24.8999683862120413 -1.0189231110548957
vn 0.3377679784018861 -0.4756408909489160 -0.8122059687195263
v 91.4692663710234370 -24.8982924201939788 1.5194304228992399
vn 0.5535304297477651 -0.4495802920135205 -0.7010575043292042
v 91.8483021039309477 -24.8988292322368316 1.9663852127660237
vn 0.8657704300608182 -0.3740344500828282 -0.3324752510842610
v 92.3526524242046492 -24.8982922395872812 2.2250596653160635
vn -0.1994532437958355 -0.5844259448782511 -0.7865524257749655
v 92.4909267743228014 -24.8982923964965437 2.2705777507935618
vn 0.8368500630656136 -0.4318564971555610 -0.3364252336130679
v 91.1106155414451848 -24.8991695000980329 0.9368686170845050
vn 0.2002742462617139 -0.9592893361555621 -0.1991336129901815
v 91.9316679532365271 -24.8982912697196817 1.4467188687286474
vn 0.1400918255360024 -0.8285367109710439 -0.5421265525606318
v 92.2768048463514674 -24.8982925366917911 1.7864409327347752
vn 0.3510323659602312 -0.9178274747181601 -0.1853887933529086
v 92.3677978500000023 -24.8982925399999999 1.8434063199999999
vn 0.4526728871833492 -0.8887906986604510 -0.0716822933768028
v 91.6110512487427542 -24.8987201896751351 1.0172793246823784
vn 0.1530305547802651 -0.4212781833477728 -0.8939274811408612
v 92.9928082143544117 -24.8979543141866984 2.4967511354019876
vn 0.0781958018107141 -0.9603607573857226 -0.2675679955687916
v 92.8218598086663746 -24.8982929082729463 2.0121043297240750
vn 0.2313721225463785 -0.9709268552551567 -0.0613838957114639
v 91.4251358989225622 -24.8982926831023370 0.5253152304288181
vn 0.8923377353191106 -0.4360981715492693 -0.1164119877716431
v 90.9472281467379275 -24.8994692116213230 0.3221184482963264
vn 0.6384161648556335 -0.3446338660896840 -0.6882240178859660
v 93.5506874487334130 -24.8982922556952282 2.4694571918295569
vn 0.2966692922371321 -0.9549802741246370 -0.0000841210584560
v 91.3581871250506055 -24.8982912777187089 -0.0008930826560256
vn -0.4283396679777517 -0.5284727210575327 -0.7329677427655029
v 93.6959203631549826 -24.8982924246866197 2.4859070886773718
vn 0.8948801978581794 -0.4317160804427920 0.1131841745493531
v 90.9533193355233891 -24.8992962666385580 -0.3187947248041234
vn 0.8348394052665751 -0.3354320419299850 -0.4364957189490314
v 91.1577484115339161 -24.8982922800841635 -0.8269537906222614
vn -0.2772757734075960 -0.4298228462404975 -0.8592848575012463
v 94.2565905064562628 -24.8987559888330487 2.4186258757457217
vn 0.6035236051874779 -0.5447463860961157 0.5822461960517484
v 91.1641726309027405 -24.8982924109745305 -0.9758951624647341
vn 0.0205124733328967 -0.9808898121607785 -0.1934797530413958
v 93.3417162390664430 -24.8982918227135812 2.1125799147219437
vn 0.1888710473979438 -0.9811173207279765 0.0416716980978761
v 91.4239972172250930 -24.8982926680629753 -0.5251785941559335
vn -0.0622634715136147 -0.9589758956886749 -0.2765655285880308
v 93.8704954823758442 -24.8982914378731124 2.0772736788923978
vn -0.0028695953571909 -0.5059045294243325 -0.8625847045539531
v 94.7439179284232438 -24.8982924087131039 2.1349489150731693
vn -0.9073081985754357 -0.3563218271337129 -0.2232187006186768
v 94.8653164384989935 -24.8982922776834030 2.0555824881578064
vn 0.7297411388755103 -0.4333710333081566 0.5288359081247166
v 91.4130679368475256 -24.9003230305537180 -1.4939475844241128
vn -0.1112756019684931 -0.9582536218337682 -0.2633775553250796
v 94.3757708593205109 -24.8982916711843991 1.9144272132964533
vn 0.2431957538902796 -0.9592977287289373 0.1435398653518969
v 91.6210882055005413 -24.8982965854895966 -1.0183984370287871
vn 0.2163952914011784 -0.9551359463338570 0.2022088076230280
v 91.9323114385273925 -24.8982927592920937 -1.4485689337739660
vn -0.1180366652753097 -0.9827888383538667 -0.1421036412543387
v 94.8225505068563166 -24.8982917825105723 1.6311619909223607
vn 0.0160348395333817 -0.3397812485548921 -0.9403677934997653
v 95.2145764794627354 -24.8982923434113204 1.7459397521924631
vn -0.8021364157769568 -0.5362342917897912 -0.2627355225187458
v 95.3393624959252008 -24.8982923284168898 1.6674667448516673
vn 0.5787594989376347 -0.4297483652814872 0.6930755982772353
v 91.8536882217755561 -24.8981623884042200 -1.9552892828597301
vn -0.1905678454462893 -0.9731894710109278 -0.1287872268333699
v 95.1848677155786476 -24.8982916358223854 1.2431598627055460
vn 0.1571918312747917 -0.9520963595850972 0.2623037366208927
v 92.3402550169455907 -24.8982918565799629 -1.7867284198632507
vn -0.7772037410414541 -0.3876923256730997 -0.4956299078196872
v 95.7012396394743661 -24.8990979887524553 1.2269259465746556
vn 0.5469101539243476 -0.7034966297032115 0.4538521516206229
v 92.4163148281346594 -24.8983463039604054 -2.2707551651919706
vn -0.5666213681906580 -0.7936548788764746 -0.2214772185695745
v 95.5536994981190730 -24.8978037306264781 0.7481005226407560
vn 0.2324815837681521 -0.8010748033550276 0.5515718200183505
v 92.8610000599999950 -24.8982925399999999 -2.0606689500000002
vn -0.1946508501701384 -0.4660863634829905 0.8630611498052984
v 92.9946854560702008 -24.9015389335512403 -2.5027598438799354
vn -0.6039892831625041 -0.7918060923268037 -0.0907747651002283
v 95.6362669369956393 -24.8979037377609096 0.2894272747737252
vn 0.1991053740415992 -0.8771593212346042 0.4369766300375838
v 93.3734104968646221 -24.8981965108880132 -2.1807540157118384
vn -0.2941164857187895 -0.9550738396531794 0.0364616735567931
v 95.5738758142069429 -24.8982925235253987 -0.2667120813435614
vn -0.0637220430066993 -0.9591692187643752 0.2755610839904473
v 93.8693583279554673 -24.8982929127113479 -2.0789203826803764
vn -0.9128567595956159 -0.4065889958465336 0.0371204110577907
v 96.0236537981896134 -24.8994814415696268 0.0032097667718643
vn -0.4027810901727543 -0.3468684637116978 0.8470240033679886
v 93.6980872738699588 -24.8982924023662200 -2.4817150829265047
vn -0.2932228163162975 -0.9228913109658973 0.2495836696083831
v 95.4424398431047507 -24.8982927015018589 -0.7784564638555763
vn -0.1031238952325666 -0.9711685403824326 0.2149351725602817
v 94.3741514879652783 -24.8982916110107553 -1.9140006021227371
vn -0.3967038292320510 -0.7435668361837084 0.5382698505400221
v 95.2445907599999941 -24.8982925399999999 -1.2200698900000000
vn -0.1729516241870391 -0.9591271492887478 0.2239706391210804
v 94.8223444570525515 -24.8982916296224133 -1.6316677796650834
vn -0.8528836519172005 -0.4810717127231243 -0.2028780015428467
v 95.9432349995961147 -24.9020291875186679 -0.6346317864237412
vn -0.2830247207929816 -0.4331884066426450 0.8557130428890641
v 94.2641894889860197 -24.8991880382002648 -2.4218286975777352
vn -0.7812564832708015 -0.4484094297203162 0.4342433542211560
v 95.7158246552447167 -24.9051271111108221 -1.2361817986747945
vn -0.5559402152566346 -0.8308395110576325 -0.0252226867308111
v 95.1821954819369154 -24.8982927652537320 -1.3069667904212663
vn -0.4840536461351816 -0.4311470642376590 0.7614488010775803
v 94.8359331999694604 -24.8991835301397408 -2.1454684481753388
vn 0.0791692046483461 -0.5699096928140105 0.8178845756413238
v 95.2033500550547700 -24.8982924086604349 -1.7420000390092500
vn -0.7268706034472305 -0.3940806071226790 0.5624585326351443
v 95.3187715009946146 -24.8982923534884080 -1.7056961230495207
vn -0.9566346966508302 -0.2493145621610104 -0.1506396569905736
v 95.4254973119963665 -27.7487585004348674 0.7730381501394822
vn -0.4038972475499326 -0.8865450710454388 -0.2256210327665101
v 95.6791927748973166 -28.1019169079290947 1.2130329558473094
vn 0.6103930216481495 -0.7571392689961658 -0.2327240564857735
v 91.4206016711044640 -28.1050830946408219 1.4819123370841489
vn 0.2743966726527157 -0.9004458680047414 -0.3374962293571684
v 91.8676088516654801 -28.1040567021919898 1.9498328594794605
vn 0.3133247782114525 -0.7861973983430587 -0.5326548922119743
v 92.3597741414346132 -28.0992686138161645 2.2306023074173695
vn -0.2924518046674591 -0.9520037631077736 0.0903370188537592
v 90.3399273318031533 -28.0998672082184271 1.2774038866381876
vn 0.5147780558239984 -0.8323603482668031 -0.2053772233604073
v 91.1356033920617534 -28.1022862187682243 0.9277364162349155
vn -0.0711665717877542 -0.9700908519964394 0.2320755435904454
v 92.8114472962256229 -28.0984183558068636 3.2821290597480064
vn 0.4527760152722367 -0.8897372308389770 -0.0579787896836762
v 90.9670288191244651 -28.1031850428556425 0.3169178087939801
vn 0.2596444815467289 -0.6324702816121121 -0.7297712559972653
v 93.5557061599246964 -28.0986242808239055 2.4727288317109983
vn -0.2128044166399078 -0.8648913094710853 -0.4546177548885875
v 93.6869116120749368 -28.0988158757784099 2.4873835461332985
vn 0.5541499434167191 -0.8282652294487808 0.0830334263860369
v 90.9763514737365426 -28.1029204735961251 -0.3153504005317286
vn -0.2580126425961517 -0.9634426955150525 -0.0721640403472564
v 90.2480635142271268 -28.0984114144701138 -0.8963526959546984
vn 0.7758878397200439 -0.6271656318104977 -0.0682739368302637
v 91.1543691587586693 -28.0988287020953251 -0.8308293812325366
vn -0.1768007223116708 -0.8344558942386291 -0.5219433543599166
v 94.2532810686789446 -28.1060650122518147 2.3892425098472341
vn 0.4828794050704048 -0.7771113521959514 0.4036402190652361
v 91.1662419375246742 -28.1029651541869967 -0.9542174301633600
vn -0.0613382222782310 -0.8543434646179697 -0.5160764158071071
v 94.7385505338062046 -28.0999247872167999 2.1317488704916241
vn -0.5867663676535594 -0.6394238123377858 -0.4968323842163068
v 94.8618081419512151 -28.0992375954709104 2.0587249854087037
vn 0.3726936746542516 -0.8878724701480818 0.2697812106612583
v 91.4363471692736738 -28.1026623260860262 -1.4844916148455694
vn 0.1781214151840186 -0.9702259970891380 0.1641166537107997
v 95.7318807446010425 -28.0983522901147111 2.4524265066890867
vn -0.2896262579405691 -0.6267862391112322 -0.7233641138265986
v 95.2242788205429349 -28.0985016266104637 1.7464061401587512
vn -0.1346660714385572 -0.9707564593771949 -0.1987383852725939
v 91.3953956082158498 -28.0992049051309500 -2.6432304640275195
vn 0.3086832156485158 -0.9503959520672557 0.0382388110571773
v 96.7014093486949662 -28.0984351538976114 0.9021170884409216
vn -0.6408562141831711 -0.7100216443276344 -0.2918434123448665
v 95.9065067568279659 -28.0999735276348126 0.6489274747583651
vn -0.4587895945031922 -0.8860044373532856 0.0671434655486602
v 95.9968897996584332 -28.1008923737831573 0.0004919903895147
vn 0.3605344834654479 -0.6405827547047007 0.6779886581700613
v 93.5573418044869101 -28.0989301706020704 -2.4756368437331742
vn -0.0029693472623204 -0.9712397896722853 -0.2380849720880567
v 93.8131739925721035 -28.0990741997762719 -3.3535616176698673
vn -0.1323145532045612 -0.8904156500516748 0.4354914800008499
v 94.2541835358382656 -28.1017379239452474 -2.3958559566415194
vn -0.3941829716169266 -0.8944271096502571 0.2112343021621639
v 95.6875970515099965 -28.0998973289922951 -1.2041820754826029
vn 0.2849765616593654 -0.9531137645001467 -0.1017964204928878
v 96.6760775168341979 -28.0983534302669682 -0.9277521909330130
vn -0.3046357790901456 -0.8338241453482388 0.4603632660545571
v 94.8232348395320201 -28.1037079967764889 -2.1245893863080885
vn 0.2897477266332135 -0.8753614842515531 -0.3870252276012540
v 95.6057814296212314 -28.0710175502656263 -2.7530059554894182
vn 0.9429870559106125 -0.2780609067209806 0.1829140359254628
v 96.9529599045114026 -27.8967253957117691 0.5182118517750989
vn 0.8951254668677335 -0.4073916686949655 -0.1810591804984042
v 96.8953482265547876 -27.8985089991449762 -0.8651442817860807
vn 0.8006021621940865 -0.3282204399082442 -0.5013058155623092
v 96.2845088370811339 -27.8983860091038416 -2.1151433600739358
vn 0.1554752656489846 -0.3338820227604761 -0.9297043813216923
v 94.0006137178713317 -27.9326648477600905 -3.5161208981630390
vn -0.2641630550371867 -0.3878391963938883 -0.8830620805435839
v 92.3791951054519984 -27.8984472339466549 -3.3424098500612058
vn -0.6452650714291959 -0.3764004247404173 -0.6647974938646417
v 90.9607600792023447 -27.9085281774883036 -2.5268061037661451
vn -0.9051627137106839 -0.2967531658675574 -0.3043320887706265
v 90.0645274862627332 -27.8986442138796491 -0.9083604186800615
vn -0.9226795353006246 -0.3813831962584813 0.0566509730639123
v 89.9790515001092075 -27.8984472432815700 0.3054987582194241
vn -0.8957645331594680 -0.2303171009441739 0.3802103814288502
v 90.2152418830576579 -27.8985314193908316 1.3225492285389024
vn -0.4481155380973974 -0.7954067255533657 0.4080693635402597
v 90.8522250448160094 -28.0609007276891944 2.3057402116317252
vn -0.3802177082895247 -0.2720296336671220 0.8839877672852681
v 91.8773149681285020 -27.8912139257558813 3.1462467448418234
vn -0.0134496226451680 -0.2626486622043993 0.9647977963764955
v 93.5655545210513111 -27.8826461735421098 3.5325167999595326
vn 0.1877650732213730 -0.8558524107096045 0.4819345685471533
v 94.7760834899682578 -28.0621903139581477 3.2208565361895385
vn 0.6273360734759137 -0.2882272145741238 0.7234462825218366
v 95.7650106990471528 -27.8985348254268004 2.6756719013521417
vn 0.7892196213425472 -0.4360412764982622 0.4324354223207119
v 96.5730574889456221 -27.8984181190015192 1.6634520072641410
vn -0.1603897931304977 -0.5474092512550025 0.8213514630777703
v 92.9214641419414562 -26.5980647415998241 3.4987123139449605
vn -0.5041627371357308 -0.7143980745946641 0.4852373908709475
v 90.9636043836077306 -26.5982451543350038 2.5584574952139221
vn -0.5831426659262500 -0.8005552315966868 0.1380432987855652
v 90.0295648470377756 -26.5982931260685191 0.7656372222700575
vn -0.5885993344737052 -0.8019735236789202 -0.1019278704532156
v 90.0378706423433357 -26.5982930858088054 -0.8021663239992747
vn -0.5601645903202019 -0.7156045997099272 -0.4172837028034950
v 90.7562915384770434 -26.5984596046548631 -2.3047595368970684
vn -0.2960645672121576 -0.7081738222274925 -0.6409645930573558
v 92.1980373547311132 -26.5982932467283320 -3.2833923643642220
vn -0.0005115622363651 -0.8033960651629918 -0.5954447923902769
v 93.6236360869647939 -26.5976025977357438 -3.5421732698175679
vn 0.2750137159691177 -0.8043775124649404 -0.5266348578185573
v 95.1676439691050433 -26.5982932192731099 -3.0960357922020636
vn 0.6232389194983635 -0.5536896193979176 -0.5522690056426320
v 96.2267541858382600 -26.5982933300701951 -2.1898792370567643
vn 0.5586693778211397 -0.8012579124905036 -0.2141828283413526
v 96.8090834427128755 -26.5982932535360277 -1.1183962205954763
vn 0.7038754695674575 -0.7095443168948026 0.0332593701605933
v 96.9933288008796666 -26.5982931706831707 0.2615663009589614
vn 0.5956674859309075 -0.7089270559123909 0.3776276944295028
v 96.4054609684860679 -26.5981704310451477 2.0178288246730722
vn 0.2291443777675199 -0.7819690529935580 0.5796699529024203
v 94.6529375287825019 -26.5981316357099402 3.3353974938529904
vn -0.1183430085437396 -0.9629425506192499 0.2423563007963885
v 89.8162983691481287 -26.5978364588041707 6.9572347291382215
vn -0.2356295066891395 -0.9406283404509562 0.2443298195429955
v 87.6519904890681545 -26.5983104497864282 5.2319499778469565
vn -0.3281315158065227 -0.9298984985112936 0.1661881187117645
v 86.4670311163223317 -26.5982957537058589 3.4689579014348912
vn -0.0581696275755487 -0.9403923462156200 0.3350798854106339
v 92.3355020493815175 -26.5983082901223646 7.7444811973818375
vn 0.0590767813073344 -0.9310208815093634 0.3601528177092238
v 95.0451232929471246 -26.5985495507087926 7.7056580665864374
vn -0.4398692394811222 -0.8724191191128741 0.2130725997509208
v 90.0626209617822013 -26.5979715630996481 3.7910179197644593
vn 0.2178642363912386 -0.7875782184161879 -0.5764162769891619
v 87.1676083926852954 -26.5958340909224518 0.9048388822205236
vn -0.2302214145657890 -0.8993652149893746 0.3716723158138672
v 88.0931975730956367 -26.5958411743814764 -0.8168787883303614
vn 0.2109994823073328 -0.9464293935847705 0.2444394023573145
v 92.6889470044970523 -26.5944577232581345 5.3284605345056635
vn -0.6358393679061504 -0.7698773898529562 -0.0547458017925249
v 88.3565362468537217 -26.5931417831892887 0.1051043834871783
vn -0.2547115462427438 -0.9513869349212736 -0.1731615669591112
v 86.6266507792168312 -26.5990730175661305 -3.9320606736801840
vn 0.2163256447794087 -0.9170404532192243 0.3350224209963463
v 97.7289842942442846 -26.5983159085465282 6.5831979427545875
vn 0.2967869047900590 -0.9293438626212922 0.2196304126328439
v 99.8421940471644120 -26.5983339682885003 4.5911459654181543
vn -0.2300095652443329 -0.9301899379162920 0.2860808964181242
v 98.2628688449648422 -26.5979136259605582 3.4820060756832643
vn -0.1802730688773505 -0.9392186945232917 -0.2921812185878923
v 89.1542077338303613 -26.5991080144530088 -6.5690067424318608
vn 0.3060425847868835 -0.9466117584063339 0.1013119694006179
v 100.9411422367054172 -26.5982962097355831 2.3208145866463337
vn -0.0186277776386837 -0.9558522318760523 -0.2932567419818571
v 92.4671267124140002 -26.5968181551746099 -7.8115840566607337
vn 0.3315889738237197 -0.9345457297028962 -0.1291240935403384
v 92.6777463332845457 -26.5974302178167186 -5.6151042062208987
vn -0.3316669873611177 -0.9375834645003921 0.1045669957024788
v 90.3464415373550054 -26.5986899660148879 -4.1765836474327083
vn 0.4416433959775665 -0.8450331554779092 0.3014466402739466
v 98.8052355422380657 -26.5925107366229874 -0.4774018879096693
vn -0.3770286393103519 -0.9171229329211743 -0.1293635615227411
v 94.4582993309750094 -26.5931914963442644 -5.6398502348761106
vn 0.2960569940470560 -0.9498011382500822 -0.1011338422817493
v 100.9560130604403412 -26.5982963457285280 -2.2723224492891525
vn 0.0786418428338243 -0.9531163615107915 -0.2922065399270354
v 96.0897611008656298 -26.5984008613590390 -7.4011113790455099
vn 0.2951444977137863 -0.9331843484951977 -0.2050772956542735
v 100.0720711158848530 -26.5983063455342865 -4.2126355814252223
vn -0.9327063785475583 0.1030778355777973 -0.3455919142996483
v 90.0820875348581467 -25.9495192883219268 4.6834672616014696
vn 0.2421780562407123 -0.8697265284636778 0.4300297138128829
v 88.8234868542692197 -26.5957126364352376 3.2947867217197357
vn 0.5585429888498912 -0.1286700911238156 0.8194350110025928
v 88.7141520158555323 -25.9869910128322488 3.4867179773223560
vn -0.6289240323865243 -0.0982046463789711 0.7712395275893577
v 89.6804313524845185 -26.2439213755669556 3.4472149857176615
vn -0.9173073307813415 -0.0048711306213186 -0.3981501387432642
v 90.1039018521996127 -26.2915346729885542 4.5558312713519395
vn 0.7710170830059636 -0.0826557436636703 0.6314274984132229
v 88.6186638873039243 -24.6199694882869338 3.5629113238813557
vn -0.4112963094577821 -0.1687656186593375 -0.8957418778782980
v 89.6431882202239336 -24.4856074446145087 5.0836292746951859
vn -0.9985046851187742 -0.0073288280141767 -0.0541727060040047
v 90.1544364892997123 -24.5991722792412197 4.2010672177440345
vn -0.6780499594926099 0.0084346084850878 -0.7349674209186237
v 89.8112764381436648 -24.9821434134657885 4.9342022248010480
vn 0.5459746929671934 0.1327864142727466 -0.8272118246398351
v 88.7538957795488130 -25.1848304233975853 5.0171270485839257
vn -0.3978605244791216 -0.0129149767620553 0.9173550056747029
v 89.6524489341863813 -24.7887908630741478 3.4435500506889585
vn -0.4702118471380269 0.8784954183236370 0.0845376767803735
v 90.1044262373057023 -24.1005470902090870 3.9642826707296188
vn 0.9447412772005973 -0.0093621707443793 -0.3276831837496963
v 88.3161170419047323 -25.8402460844414925 4.4532809770826285
vn -0.7950449239751355 -0.2709347470642369 0.5426766364001764
v 88.1228979602005325 -26.2824814143456393 -0.5195000961143091
vn 0.8290330219854642 0.0387220789327025 -0.5578573734036133
v 86.7180063835571246 -25.9646478891801245 0.4624829688119663
vn -0.9651398980548681 0.1073046572898905 -0.2387272244770967
v 88.3442541123585841 -26.2630813133799315 0.3344620465141308
vn 0.1391897214732332 -0.0048667826382656 0.9902537734656484
v 87.2838523982099446 -26.3148493448102485 -0.8807295292808670
vn 0.0451930228160557 -0.0208801880779228 -0.9987600354612602
v 87.5217468249596919 -25.7933317292524933 0.9101168417238920
vn -0.2782638251497949 -0.0257240436963272 -0.9601601518439067
v 87.6651771925694447 -26.2792160680030236 0.9001190008980078
vn -0.9871407248434403 0.0481957861255394 -0.1524150765354556
v 88.2627221023684854 -24.4041205059261870 0.2356358987287253
vn 0.8763174381513759 -0.0201353391875515 0.4813131160768546
v 86.7158132506222756 -24.6932711203087756 -0.5183487915241092
vn -0.5553361984406212 0.7669237970400641 -0.3216047204802342
v 88.3605415773808858 -24.1137886515302462 0.3304657895333146
vn -0.0699417657619868 -0.0095432568996555 -0.9975054263761389
v 87.3887918603912368 -24.4236258260125467 0.8653518384425867
vn -0.7544504280181052 -0.0120547182555693 0.6562463222228957
v 88.2113872129341416 -25.3879132464725288 -0.5021038537867329
vn -0.8721443728976418 -0.0069645260120537 -0.4891990271866928
v 88.2324195912943310 -25.2318140692409365 0.4456981143270026
vn 0.8330453394796182 -0.1383450715355506 -0.5356268323684977
v 86.7518275176972082 -24.4383836013221085 0.4824724947515099
vn -0.0442005589229829 -0.2501343445963822 0.9672016957409837
v 87.4119502793010810 -24.4448976230762050 -0.9626632386926106
vn -0.9638335625440104 -0.1280505383080353 0.2337261717325288
v 88.4501463184265901 -24.8471702954594882 -0.1786118007981388
vn 0.9788398711352366 0.0622527941836964 0.1949284389007300
v 86.5911726199697256 -25.0938805264314340 -0.1387702135444288
vn 0.9640760086170159 -0.0059064984699401 -0.2655608459184225
v 86.5732082361761144 -25.5962950452967171 0.2875208406131389
vn 0.1338751085014701 0.8053532024438357 -0.5774804539005435
v 87.5053833046745382 -24.0988251090420604 0.8310462825402749
vn 0.1614183041754698 0.0852771084131055 0.9831947649666444
v 87.2022864252550960 -25.0116642316869680 -0.8421962348968418
vn 0.8276886576521167 0.0078129900467645 0.5611331777577996
v 88.4533815586340211 -26.2555669244012648 -4.6878488755117811
vn -0.7565310898502212 0.0655484478189769 0.6506643613096997
v 89.8944921322669472 -25.8851340452499699 -4.7729866983864655
vn -0.8036454272005262 0.0324780930797142 0.5942215082017724
v 90.0188595165614913 -26.2404009610408195 -4.5866110322720095
vn -0.0954379836984443 0.1812059025915692 -0.9788033572345113
v 89.4750477944836433 -26.2310775581860760 -3.2680422761218582
vn 0.7013635521634229 0.2963612616523728 -0.6482739932224024
v 88.3127267695573437 -26.3147702343665273 -3.7010131264932782
vn -0.5045713024216137 0.3800661237600955 -0.7752145137589546
v 89.5941901046547002 -26.4442433609335268 -3.5403454082411323
vn -0.8997539562794116 0.0824910721561790 -0.4285300936621265
v 90.1745659804967516 -26.1673517565157709 -3.8907280523200281
vn -0.1371669289692918 0.0639737661499263 0.9884799395241807
v 89.2139493663206338 -26.3221904212889974 -5.1313680759911886
vn -0.9041547315790063 0.0359170770855409 -0.4256925944116558
v 89.9857879317154925 -25.8900410932230542 -3.6440424225154802
vn 0.9692594286039379 -0.1899714245380996 -0.1563554217842579
v 88.3840433136433887 -25.9039976186179786 -4.0999943800258878
vn -0.3967804811875925 -0.1322201501778255 0.9083408400129852
v 89.5495157210179968 -24.4811874411710697 -5.1220135565128251
vn 0.9003389880098843 -0.0678531348580558 0.4298670245078954
v 88.3425989882442479 -24.5716708625597562 -4.5164676530012402
vn -0.9651946507183624 0.0321489644135856 -0.2595490903698033
v 90.0613258193377106 -24.5654522324937332 -3.8328026624298026
vn -0.9434790252311342 -0.0550316953577129 -0.3268315184540267
v 90.1004121084928897 -24.9214502140606591 -4.0121622326003470
vn 0.8264836067505668 -0.0873224313757690 -0.5561471394794715
v 88.4483089005751140 -25.1349325002732797 -3.6667411548637925
vn 0.0397125853474430 0.0498292920557984 0.9979679114171156
v 89.1685410465561716 -25.4104886900872806 -5.1372530728523467
vn 0.9443958264120281 0.1146718322916109 0.3081669903387235
v 88.3725851611348077 -25.5604749475799835 -4.6064251658015438
vn 0.1907481827210047 0.0220900796982979 -0.9813904213754876
v 89.0355656152595145 -25.4258299274326660 -3.2947817764949550
vn -0.2322400759225324 0.8956115868077373 -0.3794000958239511
v 89.6002926451608346 -24.1025734715818629 -3.3653520917488597
vn -0.1220353717355064 0.0634865654241259 -0.9904932226199354
v 89.4672442314802794 -24.7773088831019166 -3.4003044737019446
vn -0.8552277558970703 -0.0842638862580251 -0.5113561215199791
v 90.0444560501547642 -25.4710762865556539 -3.7786599079362069
vn 0.8273501996522126 -0.0032681795028669 -0.5616769232736742
v 88.5690192577068274 -24.7827571438925567 -3.6654810408681122
vn -0.0005899886477992 -0.1005607429349435 0.9949307457776987
v 93.5855095991870201 -26.1409832987777122 -6.9321051875598023
vn -0.6937759922615717 -0.0724416314569556 -0.7165382631746375
v 94.1079149323483790 -26.1533894777693696 -5.4308842910655022
vn -0.9652643227231581 -0.1426264681492922 0.2189120322436885
v 94.3105722799194268 -26.0713071442889266 -6.2786454510259242
vn -0.8289511185047880 0.1455816434638400 0.5400426170368673
v 94.2667960850186830 -25.5049258425740000 -6.4338583889026788
vn 0.4590046005789464 0.0908851570682330 -0.8837729713405159
v 93.1872147557614596 -24.4982852869507681 -5.1291271304210913
vn 0.4522355860053321 0.8880940838708447 -0.0822913904610872
v 92.4423344339198110 -24.1095151458933366 -5.9779378858570400
vn 0.7207382294444359 0.0485668832049889 -0.6915039135630778
v 92.8766193016098782 -25.6545104650140914 -5.3096204222168559
vn -0.8659093746677102 -0.0779163705282000 0.4940951265356572
v 94.2292438579561065 -24.4853759847004717 -6.5480061838937775
vn -0.8223279142221520 -0.0686862710839246 -0.5648530761672726
v 94.2648858324696164 -24.5034158857263158 -5.5201547494713648
vn -0.0439509917076701 0.8842409541021916 -0.4649583265372910
v 93.4219552055685227 -24.1015226894575392 -4.9741253401451555
vn -0.9211953265182504 0.0019564455882249 -0.3890955444638173
v 94.3190083229975755 -25.2948136950982523 -5.6056067389590289
vn 0.7866918215736587 -0.0857204689654647 -0.6113656672315346
v 92.7376057186268667 -25.0630205746960826 -5.5327007251853120
vn 0.9101217404106502 0.0400138910551580 0.4124042993889796
v 92.6643864993213953 -25.3141886674055527 -6.4312919596965727
vn 0.2737867105819957 -0.0285107694011020 0.9613677616483962
v 93.2982403769234310 -24.8928264648407058 -6.8980930810800540
vn -0.1203556568326016 -0.9400135514074490 -0.3192006250600835
v 97.9414576906832508 -26.5958957222366372 -3.2516551504623790
vn -0.1524171810991837 -0.2856804344690243 -0.9461266787631391
v 97.8662887971863995 -26.3100426070062170 -3.3824597397997125
vn 0.9777417221806820 0.1473389017214805 -0.1493732665059644
v 96.8443051366167680 -26.1573816075139547 -4.2647416395699143
vn 0.3167111793721130 -0.0139272697666072 -0.9484197699423886
v 97.3474164313750805 -25.0055700723136773 -3.3180827666310724
vn 0.9635611835616721 0.1007907436805729 0.2477722170089832
v 96.8535987463278616 -24.8420311216265155 -4.6221195147189960
vn -0.9476451809955271 0.1419673046432958 -0.2860312838629239
v 98.6549687002497535 -25.0446818746378241 -4.1295298345166334
vn -0.8835455732645905 -0.3072917975755374 -0.3534387798577584
v 98.5913564426772098 -25.8321376894672952 -4.0795466213387757
vn 0.2946121541767293 -0.0309178575108976 0.9551166236111079
v 97.5169043714666941 -25.1279492618506772 -5.0745819024825396
vn -0.6504660380567130 0.0069375114237173 0.7595036565218424
v 98.3531401616325809 -25.0178152460018559 -4.9537842717107443
vn 0.8637743025147528 -0.0566008257618718 0.5006898249797239
v 96.8088141678118319 -25.4795999570760081 -4.7059423475857010
vn -0.9754626621301317 -0.1988100689075657 0.0945893825488114
v 98.5899002905500765 -24.5320909512094651 -4.1728695707411987
vn -0.4931689416226112 -0.0490412981106197 -0.8685501402328243
v 98.1414508949382736 -24.5932533866720178 -3.4957983135189732
vn 0.6523378329884234 -0.0569734896195315 -0.7557839460669570
v 97.0636747127614825 -24.6284774337996595 -3.5799205580394431
vn -0.6582638723916922 -0.2158921857666930 0.7211651949649078
v 98.2507940522745855 -24.5048839471379480 -4.9391433384924017
vn 0.1757378192756154 -0.1436387516869966 0.9739014980428219
v 97.5967019328095091 -24.5132190294771029 -5.1781349544695514
vn 0.1333873061486642 0.0201993400564890 0.9908581196214141
v 97.6276482063275637 -25.7686904742329013 -5.1462163234427267
vn 0.6920847714928441 -0.0948457815977550 0.7155577871708257
v 96.9371048975016691 -25.9208593551533966 -4.8335612876030529
vn -0.4049090693988217 -0.5067181174586685 0.7611080047915165
v 98.3226867280292822 -26.5540611412297203 -4.9682071716765490
vn -0.9585235771310516 0.0871225242608075 -0.2713709967006750
v 98.6139374303612755 -26.2802674042974473 -4.0162247490896190
vn -0.9050523958713260 -0.0264316634288974 0.4244779474789641
v 100.2351530551965624 -25.1797136182565460 -0.5444213260277457
vn 0.2441535929529061 0.0500378244738035 0.9684447527712232
v 99.2642204957790852 -24.9604390415718349 -0.8888667283335577
vn 0.9078290728025367 0.2174507520161720 0.3585548005843568
v 98.5948875108169034 -24.5168019694624562 -0.1782019876794127
vn 0.9341683944121186 -0.1848652530660272 0.3052118102077935
v 98.6163734757794259 -25.1403133163369326 -0.2275952129000047
vn 0.8840999794810555 0.0245582814773411 -0.4666520299885953
v 98.6783457123487580 -24.8639808004145166 0.4058748378873056
vn 0.6053307348910667 -0.1069648475158337 0.7887542220439492
v 99.0349640351111447 -24.3026671529078762 -0.8281780158890776
vn 0.7438735617935973 -0.0837881921375334 -0.6630472554221387
v 98.7091720781305213 -24.5301807767037126 0.5535659806539656
vn -0.7531133677797065 0.0291025690023464 -0.6572467540802103
v 100.1077789782303711 -25.0700103263098697 0.6686245098166901
vn -0.8572259243972356 -0.0229298721978521 -0.5144297187199579
v 100.2405772733577720 -24.5846953485378457 0.3687890782989163
vn -0.8152914769868982 0.0303009311664883 0.5782574349915146
v 100.1881340548608392 -24.6556047867831261 -0.5520432134418410
vn -0.6411286016425074 -0.0399584658648261 -0.7663924824537702
v 100.1053906452430482 -25.9946110137703705 0.6368894582188723
vn -0.4668664906301400 -0.0725524680299791 0.8813465943143233
v 99.7704103523230259 -25.7437354113271510 -0.8700918894672164
vn 0.6965051385689778 0.0359801311145818 -0.7166491625000245
v 98.8764183858304904 -26.0205818957578110 0.7107192635155896
vn -0.9382912934193728 0.0801850372511188 0.3364220689765127
v 100.3137882054326155 -26.1896528453973936 -0.3142983349496449
vn -0.6230345240408189 -0.5727977776120970 -0.5326637661939029
v 100.1056048507081044 -26.5683001575049786 0.7058019892637394
vn 0.9096572733459127 0.1242700203269747 0.3963339590507138
v 98.6912636997949591 -25.9855367468173810 -0.4005689002728428
vn 0.3911631814069173 -0.5684537879163873 0.7237759712197761
v 97.0286541555192059 -26.5802733413529992 3.6646521436467752
vn -0.8843152116078236 0.0098969998043345 0.4667854495524504
v 98.4117719889255227 -26.0283618337720029 3.6871388139414321
vn -0.7429917690679589 -0.0216894526592386 -0.6689490255173464
v 98.2705864489190759 -25.9896702219056586 4.9361660334175106
vn 0.2322635678488266 0.1860498269289842 -0.9546931951940522
v 97.3348628592532066 -26.4471557203099366 5.0944741851637412
vn -0.9997524014941667 0.0218908595197222 -0.0039907362897609
v 98.6198407254998273 -26.3510167896071081 4.2428185709536148
vn -0.9813973140805597 -0.0111304570193337 -0.1916648763910699
v 98.6180162772017468 -25.1585348667812596 4.3193084686632934
vn 0.1608414082770215 -0.1124357144162630 -0.9805550731637510
v 97.4828159468826385 -24.5436212291578286 5.0820562854122064
vn 0.5707914642611245 0.0008261325795120 0.8210946485220828
v 97.0865219408634204 -24.6673591884817611 3.6670306360804319
vn 0.7276440421094861 -0.1283247382943237 0.6738448705186245
v 97.1145263305935913 -25.1872284501124000 3.5252669615847330
vn 0.4742134802322382 0.1312574182058990 -0.8705705401240902
v 97.3198818301590478 -25.6526825138245087 5.1087032615337522
vn 0.9896750646725876 0.0672655208892657 -0.1265646714719603
v 96.8123424794480627 -25.4713787940458296 4.2295391657563126
vn -0.3846186535341113 0.0036125031449302 -0.9230684921362201
v 97.9944057610801735 -25.0075373703980937 5.1044969237252626
vn -0.4188561550439386 -0.0268972766620476 0.9076541510343977
v 98.1771579305747792 -24.5252918803733131 3.4338932662391635
vn 0.5128280729816970 -0.8456981225011280 -0.1476551833155424
v 96.8299760470696924 -26.5904487335837878 4.4293587526322646
vn -0.4599092012905179 -0.1041092748219714 -0.8818417009102942
v 98.2165876191875213 -26.3825335760584174 4.9754436720980308
vn -0.3583490888863021 0.1176147119424571 0.9261493994108347
v 97.9174020803185385 -26.3519889530379174 3.3618532493429090
vn 0.8450554273956498 -0.1119065331261620 0.5228367359633781
v 92.6966057866890054 -26.2070186901840181 5.5647409783091604
vn -0.1870705879574194 0.1564670255665536 -0.9698054779344263
v 93.8198153189483577 -26.1912249655241247 6.7852391933228251
vn 0.6665133139841410 -0.5039823157674020 -0.5493285243600632
v 92.7064248052770097 -26.5469369695495985 6.5217963118793163
vn -0.0459827318542956 0.5780471493596583 0.8147067456995730
v 93.5915660901990378 -24.1105140637177087 5.0890017071078262
vn -0.6970316737799376 0.0751640867713921 0.7130899002281278
v 94.1884284589903018 -25.6571339172916737 5.4578092105574925
vn 0.9746857459481396 -0.0115024799055225 -0.2232832049249155
v 92.6635981644951414 -24.4839182436969764 6.3936883813785270
vn 0.6595793801874571 -0.0258320928542362 -0.7511908840037266
v 92.9285242526745350 -25.4550967711404645 6.7074864038727391
vn -0.3217428868335422 0.9442269681698646 0.0701209480309853
v 94.3720609496184295 -24.1037032555345441 5.6998375250067124
vn 0.9982418825886029 -0.0567338571091615 0.0171584761409352
v 92.5955184797081614 -24.9455903348676991 5.9416110075826527
vn 0.5617065620498838 -0.1048364060527899 0.8206674516002415
v 92.9379528398953738 -24.8296934718905860 5.3116175491271616
vn 0.4039388086354978 -0.0100892232776940 0.9147303681696523
v 93.0397305898409002 -25.2636304971153081 5.2574074672982363
vn -0.9221837327678051 0.0586661550676497 -0.3822766606373139
v 94.3008832157594838 -25.6211908312908783 6.3044588528308072
vn 0.9354768374690501 0.0274993893135333 0.3523164346809378
v 92.6384352865184582 -25.5250765636183914 5.5886224853701085
vn 0.5966760292991865 0.0895312457933014 0.7974721763713488
v 92.9461645144929207 -24.5188360795075724 5.2511703106476642
vn -0.2218582225804538 0.5378087421889388 -0.8133515143519394
v 93.6336167603123215 -24.1200636592484194 6.8836814860179585
vn -0.8326030149872455 -0.0455749728528824 -0.5519919757420459
v 94.2898959561201053 -24.5929367438475523 6.4032270932714548
vn -0.5765995000377353 0.0671853665440385 0.8142598744126943
v 94.0482574091784755 -24.7119878166165918 5.3199084925575919
vn -0.3518966281940930 0.0079077628744371 -0.9360054649156435
v 93.6396473229422242 -25.3760450486428404 6.8875399842894467
vn -0.3558244853032059 0.0063047914321070 0.9345315325143962
v 93.8284682614774681 -25.1754577615237061 5.1798944239194924
vn -0.6664651073990052 -0.6240101343676285 -0.4079652103134857
v 95.6049833704436622 -27.9888107518842801 0.2710428627379913
vn -0.5844037150946826 -0.7438278965337011 0.3243337141306509
v 95.8852840750889186 -28.0961085706118823 -0.6370021738014866
vn -0.9653234432084821 -0.2212974325839988 0.1384850039674013
v 95.5571619067437865 -27.7502947400096005 -0.2635748380415125
vn -0.9637749588802526 -0.2657735931135404 0.0224103957770855
v 95.4530318501960124 -27.7973346110498980 -0.8409885622583735
vn -0.9113648992176628 -0.2160232115294353 0.3503540959579155
v 95.1820249521576187 -27.7981479646133280 -1.3073260817191441
vn -0.7010619666222783 -0.6922710847061891 0.1710931449106590
v 95.3281526134476991 -28.1026670992515086 -1.6651352503087131
vn -0.4524855954928640 -0.3539135503708785 0.8185364895564204
v 95.2447798102194128 -27.7973926135500768 -1.2202158298611305
vn -0.2445683635430066 -0.6327647339814745 0.7347074975684198
v 95.2205380702193054 -28.0990484861652234 -1.7460739112440595
vn -0.6076106151858303 -0.2303943654363500 0.7600840589623483
v 94.8121970213223193 -27.7481779544056906 -1.6180100830644399
vn -0.4196129991775134 -0.2288530622599761 0.8783798761444184
v 94.3676657314398000 -27.7498136350135738 -1.8988946046297712
vn -0.2033681617944800 -0.2345198176480781 0.9506007815579821
v 93.8668643553681221 -27.7501542723568804 -2.0619263833311825
vn -0.2974048389170506 -0.7663789886691430 0.5693975829902904
v 93.7016811148742335 -28.1023714596856280 -2.4729283294347670
vn -0.1619511907501821 -0.2436990115024112 0.9562335507643234
v 93.3424586783169872 -27.7469264457036999 -2.0952359450621785
vn 0.3074826822677028 -0.6896505877886117 0.6556191477285280
v 92.4571827883194999 -28.0958330471739899 -2.2354394746412587
vn 0.1386176781088443 -0.8154083061722686 0.5620448679073450
v 92.9886854003865437 -28.0976713787702046 -2.4442623397159604
vn 0.3508467353025823 -0.8246108617804104 0.4437606279981230
v 91.8704007568515522 -28.1045963796361953 -1.9348691608864876
vn 0.4843335991934024 -0.2044756159589444 0.8506530944930342
v 92.3491529059846812 -27.7488103812177549 -1.7726410348427910
vn 0.7071606613223812 -0.2274752760494869 0.6694615731050605
v 91.9444939886110291 -27.7467503145282457 -1.4370892237245521
vn 0.8459390480753654 -0.2325833676068610 0.4798875952282957
v 91.6352702921470268 -27.7521537801666476 -1.0124320204472186
vn 0.9458576801312739 -0.2310292960845415 0.2279884060371622
v 91.4407409078293654 -27.7509496895194800 -0.5216229893970558
vn 0.9731595636134058 -0.2300949300575284 0.0040971831282459
v 91.3749107188295397 -27.7499198350771721 -0.0004672865307479
vn 0.9404960400471999 -0.2295242223001116 -0.2505710079659349
v 91.4414031388427730 -27.7485462977004111 0.5216668340824974
vn 0.6667951652245564 -0.2731833668206286 -0.6933650234369360
v 91.6236712471793169 -27.7565336559858196 1.0047430179444106
vn 0.6994070541998920 -0.2324906584023579 -0.6758534355102941
v 91.9442568667756603 -27.7493892240950757 1.4362716694802722
vn 0.8271446323656119 -0.1786800152120369 -0.5328275605790145
v 92.3677985204559917 -27.7976753349275043 1.8434426925592482
vn 0.1115437970908972 -0.3592173876089552 -0.9265640019825626
v 92.2769467366534712 -27.7974945536084270 1.7863612342359914
vn 0.2094172096098228 -0.5722347357954677 -0.7929009014172749
v 92.7942777314657974 -28.0020669766567707 2.0586524331191951
vn -0.0474273737894576 -0.8187089860906993 -0.5722466603745051
v 92.9969947242051092 -28.1063949864095584 2.4696040476754915
vn 0.0867051021171207 -0.2295469418548945 -0.9694278863081696
v 93.3425751370472483 -27.7495949471192667 2.0956781896255197
vn -0.2099148593540817 -0.2340291693877257 -0.9492976876080796
v 93.8671503039487760 -27.7506645985954634 2.0612967822148338
vn -0.3908217530650023 -0.2315208921152395 -0.8908739719204742
v 94.3683959721959837 -27.7473803220096684 1.8993253986324945
vn -0.6225868096419105 -0.2392257092232124 -0.7450884004643734
v 94.8121373756063690 -27.7487109231593934 1.6178156156702093
vn -0.5806421148226782 -0.7762303178006075 -0.2456038033529118
v 95.3317918470482653 -28.0987254209242927 1.6709348032768960
vn -0.7997804314309930 -0.2363398795839295 -0.5518104047753253
v 95.1718510394109387 -27.7507682455577154 1.2333492729813944
vn 0.6003490383817223 0.7169888107877908 -0.3542711917715736
v 94.9216769334870492 -42.3982925441363889 5.7727933940337097
vn 0.7000280418840098 0.7140956737107941 -0.0053018264368039
v 95.0745899498620162 -42.3982925438037697 6.3921202313628651
vn 0.2770345763599901 0.7243656238494567 -0.6313052245041443
v 94.1806517646392507 -42.3977482343896526 5.0150281617257439
vn -0.1014684243952655 0.7179060678683176 -0.6887053336286809
v 93.1274061084288434 -42.3982925585867463 4.9213407055784915
vn -0.4122445686894624 0.7161154066518283 -0.5632345336908291
v 92.4803269081880615 -42.3982925440519764 5.2329910581827388
vn 0.5858888794287958 0.7232471892224313 0.3655786156813917
v 94.9021598433279223 -42.3983039255526606 7.2892602748591848
vn 0.2584374525005239 0.7249914020289984 0.6384336693260051
v 94.0418206871859610 -42.3981742935165755 8.0290527265152658
vn -0.1958766433601213 0.7232318091709613 0.6622447363243215
v 92.9715109044381904 -42.3973728525899034 8.0390607683904314
vn -0.7652954597382979 0.5811741902319332 -0.2766937294414245
v 91.8768758679333928 -42.3981986776676933 6.0562119024267584
vn -0.6749521185539594 0.6252402868926430 0.3918089091712022
v 92.1074476824645387 -42.3982728039580792 7.3948741047658446
vn 0.4544637143345930 -0.7214452023131179 -0.5224744514448433
v 94.4611094719463154 -46.3982524565377759 5.1980382915016694
vn 0.6690739045191398 -0.7206580684262893 -0.1816371622317487
v 95.0338000924230784 -46.3988569183192539 6.0683829932803128
vn 0.7905499547100645 -0.5692283128768281 0.2258537069151508
v 95.0059852979012049 -46.3986926380596287 7.0479695971643412
vn 0.4479084640410050 -0.7165035991248278 0.5347902395160145
v 94.5211486162456964 -46.3982925367806516 7.7273857121585801
vn 0.0550832523219376 -0.5717681125809635 0.8185640236103957
v 93.6455805434837316 -46.3986953596771485 8.1290819013000846
vn -0.3666851472329464 -0.7172481633815625 0.5925344504115585
v 92.6409511385083988 -46.3982925367476540 7.8889749698198228
vn -0.4713242829424801 -0.8429834988251472 0.2592918066913609
v 92.1017463513335173 -46.3984273586508849 7.3518349588026881
vn -0.6828528788542203 -0.7296929756159741 -0.0354979883543947
v 91.8469983341650646 -46.3982312890857642 6.2049974843427460
vn -0.5100586616233446 -0.7171564898705729 -0.4748965474074552
v 92.4311022875846930 -46.3982925368501284 5.2764603650446551
vn -0.2818917659051006 -0.5624260513647945 -0.7773120152558491
v 92.9985213332633975 -46.3982925488762348 4.9575267215300034
vn 0.0853282448896470 -0.7138293423065574 -0.6951019786234538
v 93.6744446504767438 -46.3982925312765246 4.9029721305720324
vn -0.6088848459098970 -0.7211367258496217 0.3304861071999377
v 94.1473420346627989 -46.3982925446417767 6.0411406585944434
vn -0.2838207318499523 -0.7158691778526239 0.6379475780757897
v 93.8058589994503507 -46.3982925377822610 5.7652326471384123
vn 0.1503630470575183 -0.8157191439782834 0.5585635435891919
v 93.2664601903279475 -46.3984246423890525 5.7058350397690223
vn -0.4991121105114202 -0.8301063299643520 -0.2486173406943895
v 94.2795127655378735 -46.3985121668648901 6.8016124282803387
vn 0.6001683400703328 -0.7321328565152229 0.3221481708594380
v 92.6914192447305396 -46.3983157397532580 6.2046135116057783
vn 0.6623517465144653 -0.7150493298098930 -0.2235947669952510
v 92.7184881675960639 -46.3982925407074021 6.7751304497427531
vn -0.0728773260366446 -0.8214326654474003 -0.5656299775345432
v 93.5141004546593138 -46.3983972590828486 7.3307964747781336
vn 0.4123249780339838 -0.7185308353927455 -0.5600906632671873
v 92.9270002068433314 -46.3982925392952836 7.0995594991389481
vn 0.6709169959551876 -0.7397403516576266 0.0515227781463468
v 92.6354976321577652 -41.3982347738010859 6.3734753174027077
vn 0.4690780640385172 -0.5748214596828782 0.6704819604776269
v 93.0802407866215447 -41.3982925412381135 5.7902642399083870
vn -0.1046563790424136 -0.5697287269411403 0.8151418404325459
v 93.5892997901725039 -41.3982925418622756 5.6920637123636251
vn -0.6493695919668117 -0.3307804425428832 0.6847652385014813
v 94.0350537335618242 -41.3982925352449911 5.9156302173228745
vn -0.5626138200125238 -0.8266559031016290 0.0102814103189057
v 94.3210531338514784 -41.3981253918281311 6.5329171841052673
vn -0.3775655351747267 -0.7298579992905174 -0.5698697811955511
v 93.8864450575874088 -41.3981631114734370 7.2060224428177033
vn 0.2380279560749875 -0.3307633589297926 -0.9132022188520158
v 93.2923992184861817 -41.3982183927293690 7.2967420350338994
vn 0.6507895166880220 -0.5730290903098069 -0.4981070834947904
v 92.8911985633425559 -41.3982925357568519 7.0595699050533209
vn -0.3746972963089401 0.5876760307123181 0.7171044687247352
v 92.9790231998729553 -39.3982775569217125 7.4017971776352880
vn 0.1611060399721708 0.5703760520417142 0.8054290801441137
v 93.6167565498682279 -39.3982925417481624 7.5001068554810555
vn 0.6230334475733229 0.5759246494474181 0.5292826478959686
v 94.2232953413419949 -39.3982925423842119 7.2065373424108321
vn 0.9435653885267341 0.3311450715255414 0.0052248615998166
v 94.4849691695535654 -39.3982925503696819 6.5587067769779468
vn 0.3542033595385468 0.9014136483257081 -0.2489847680155228
v 94.3466263554619928 -39.3982925386058369 5.9765625592000227
vn 0.2544714913815821 0.3369953700256105 -0.9064647707745377
v 93.8129134241675757 -39.3981646334342983 5.5285719717452961
vn -0.3320310774091004 0.5851301096423103 -0.7398500648270092
v 93.0424683573585725 -39.3981409713844997 5.5785359177539879
vn -0.8570438518435980 0.5123489717216934 -0.0545377593306888
v 92.3899284851462994 -39.3986089576722591 6.4162480127679764
vn 0.1407445431429435 0.9131227452301642 0.3826196880961726
v 93.8958507842653063 -43.3465196469135492 7.3324707058077596
vn -0.8899337650848573 0.4235718656147041 0.1691294427992042
v 92.5508310718727643 -43.5326262837323341 6.7697476712410447
vn -0.2502492053440927 0.0323920406395768 0.9676394426271875
v 93.0460228547647432 -43.7213760802567322 7.4662239423601822
vn -0.9733557979081701 0.0790537034659330 -0.2152417307281976
v 92.5652871359004479 -43.8748349975957055 6.0949240829395821
vn -0.4901814139902055 0.2652572505090012 0.8302775273551416
v 92.8633401991119598 -44.2426419785620411 7.3463829806451537
vn 0.8475509052116632 0.1918205575301369 -0.4948356664426261
v 94.3897219034052171 -44.1164598597582298 6.0159792615364873
vn -0.9923379836526589 -0.1005647954219047 0.0717777689951832
v 92.5029616727672703 -44.3050455885754673 6.7703810275689849
vn -0.8787366049363770 -0.0880138453380925 -0.4691220972984456
v 92.7394509066342181 -44.5258638564800719 5.9279116529719875
vn 0.0974662599023791 0.2830428040397421 -0.9541420749877672
v 93.4627489731944223 -44.5608433164092261 5.5172224626587951
vn -0.7504455416572219 -0.1155707645753136 0.6507494812769935
v 92.7299149581649971 -44.5120851191344045 7.1305013255119789
vn -0.9420461140107164 0.1101319435919057 0.3168912653860589
v 92.5743897790125914 -44.8279603557159803 6.9108544756937018
vn 0.1003036896864695 0.0491689762463025 0.9937412045448105
v 93.4852432453625397 -45.0247927754793835 7.4994075912055109
vn -0.7692605586056879 -0.0528924530635060 0.6367421624037390
v 92.6833769022919114 -45.2181191321880007 7.0902602404051587
vn -0.6242721138163873 0.2409422839734403 -0.7431225630438640
v 92.6781042454214230 -45.0095568167693401 5.8478122453287051
vn -0.9424539796668371 -0.0372611521899269 0.3322530703358812
v 92.4636692442487060 -45.5437483872052766 6.7033322419123396
vn -0.0808875140905057 0.0251591619782044 -0.9964056536535774
v 93.5870777338357414 -45.3500911238317386 5.5242581642982040
vn 0.1146955294638608 -0.1266417182785637 0.9852952911246747
v 93.6228564485465569 -45.4230188294072121 7.4953963328342770
vn -0.6846297021462477 -0.0037113542665985 -0.7288816068393056
v 92.6444074842070933 -45.5381614745254026 5.8896401569042096
vn 0.9334377231426619 0.0469949883167760 0.3556479833871535
v 94.4410748350801015 -45.6548308117700330 6.7895468346083074
vn 0.8994009562846147 -0.0490447296279756 -0.4343645178073815
v 94.3025920950610299 -45.9144226067429599 5.9907877975955266
vn 0.3270153822457699 -0.1631919258895585 0.9308218600243067
v 93.6522535612235316 -45.9935946246976499 7.5911274673409839
vn -0.3372778043674748 -0.0139707151636458 -0.9413014935709343
v 93.2271429409874060 -46.2985963902575648 5.5787232265398643
vn 0.5566528073929937 -0.0491397739713730 -0.8292906213358142
v 94.0334937937208082 -46.3553791277187983 5.6650000122661028
vn 0.9510798849339895 0.2483168917929160 0.1838090686670670
v 94.4420557267412022 -46.1936581805332054 6.5521058832329482
vn -0.5211104427564898 0.0927556663964283 0.8484340238353774
v 93.1020247237272542 -46.4518771129857129 7.4615478060875935
vn 0.8786653299904060 -0.1610058774259972 -0.4494711840676059
v 94.4299034842149325 -46.8590870229114742 6.0360578353233976
vn -0.4918394382645204 0.2348544073594986 -0.8384136057528288
v 92.9386000595410451 -46.9847877122275435 5.6587948349812809
vn 0.4732047697908301 0.2447653490036711 -0.8462666067938156
v 93.9874719935349532 -47.0672312267403328 5.6398705818109276
vn 0.8363357948077477 -0.3576121917839817 0.4155189028320488
v 94.1698663432747907 -47.1232587620581214 7.1561148320979875
vn -0.5198586263669670 0.8535734611780957 0.0340493019648893
v 92.3367403579028405 -47.2797057975878587 6.7115048569418487
vn -0.1202548646138812 0.8499353318942292 -0.5129802131998306
v 93.1027276287142485 -47.2982942175112768 5.5134493490828769
vn -0.3604500740027807 0.8776002608311936 -0.3160593715434034
v 92.5026556692425288 -43.3125054239722971 5.9225127698257456
vn 0.3848301722556439 0.7726613907600149 -0.5048763351064207
v 94.2011564324696025 -43.3714231151593381 5.7711890084633550
vn 0.3120899039610061 0.1288052610480981 0.9412805620918459
v 93.9024082930467756 -44.3885473859987130 7.3693922874622784
vn -0.6326975812938334 -0.0258746099236791 -0.7739665853163369
v 92.7631522273413509 -44.1883365148641118 5.9031544058948437
vn 0.8691036815130350 -0.1648213187466535 0.4663611515414886
v 94.3404580458467592 -44.2243949179640410 6.9127463908718960
vn -0.0453953071329330 -0.0717896387618762 -0.9963862272516345
v 93.5694269881092850 -44.0926592092566523 5.5190142392652071
vn -0.0226806191504209 -0.2094166879469984 0.9775634201034035
v 93.4615774757784550 -44.0335139741460182 7.5169061107693169
vn 0.0224904655385397 -0.0492860784195560 -0.9985314524009152
v 93.3350660733784565 -43.7029379067824948 5.4842388268221312
vn 0.5997236853786733 -0.2533769529747192 -0.7590333463669887
v 94.0609081659200967 -44.3842365345528123 5.6910849546444151
vn 0.8218890750789279 0.3120417773040393 0.4765797703248015
v 94.3399174898855790 -43.8685924569841674 7.0747832270087887
vn 0.9497516612768107 -0.3105859868652204 -0.0388346065371503
v 94.4968663841327441 -43.5955585229405287 6.1979252726209610
vn 0.9185767577508196 -0.1516219785281260 0.3650034462127837
v 94.3464884797869416 -45.1408054007246875 7.0815551443635103
vn 0.7796962520285990 0.0229767830095180 -0.6257362239914585
v 94.2749679795272897 -45.2330810390836504 5.9465201928656581
vn 0.6365116924079298 -0.2010107983731672 -0.7446123315963650
v 94.1552170160290700 -44.9064477865213547 5.7642773651855039
vn -0.3766095475008341 -0.2270540860918209 -0.8981156332679132
v 93.0804849452358951 -44.8315534041772423 5.5943400758761435
vn 0.9098136948493819 -0.1952439251508427 0.3662224055901108
v 94.4573460246904233 -44.5968444825474535 6.7587632881323030
vn 0.9363981517540567 0.3374933145176652 -0.0962120784905243
v 94.5243173135286838 -44.7977791157313447 6.2708404052115361
vn -0.9364158755911445 0.0567839393489638 -0.3462670821387497
v 92.5822401088645108 -45.1900152034076044 6.0630599281790003
vn -0.0332187850140198 -0.0609185470846257 0.9975898169805516
v 93.4483374407442824 -44.6891356826861710 7.5269113484249877
vn -0.0843381167298898 0.0408609586303219 -0.9955990478733227
v 93.2742797663629517 -45.8724053868721882 5.5063253425729988
vn -0.9541281772396373 0.0627668142206063 -0.2927451936923359
v 92.5220362748343632 -45.9391552574109667 6.1720082373678347
vn 0.6397277481113387 -0.0285065261431165 -0.7680727740674367
v 94.2360224302114347 -45.5495742743929526 5.8125623756324725
vn 0.4000148737478355 0.1311450415345717 0.9070772176950531
v 93.8875965988803074 -46.2999499268794139 7.3496773676542366
vn 0.9533165198016479 -0.0674473505474908 -0.2943441318888456
v 94.4940480884610992 -46.6212527840613404 6.3487604515696026
vn 0.0232025943495090 0.8359806799653885 0.5482681299693234
v 93.3434287932262521 -47.2605876846198640 7.5509056872306122
vn -0.9768853077066852 0.0256457314937450 -0.2122201499456771
v 92.4437480118921400 -46.7701014370458310 6.3099860835184112
vn 0.6621107367799638 -0.0815747325513539 0.7449529751936484
v 94.2098004169761083 -46.7954680411272435 7.1739209440881124
vn -0.7876608305603587 -0.2673898238012577 0.5550613462748943
v 92.5369586370941306 -46.3035004274180153 6.8603055662594450
vn -0.0589575534865003 -0.1116587759996340 -0.9919961313579554
v 93.4371926275015028 -46.6162460144138180 5.5295809867647021
vn 0.2686411199850783 0.9549644872971922 -0.1259951453603420
v 94.5845836565321463 -47.2816217971509261 6.1748270543052595
vn -0.6229591944995145 0.0312180399273860 0.7816311636389687
v 92.8696420760096544 -46.8690935303833882 7.2774785347880018
vn -0.8580586409010034 -0.2157524223631183 -0.4660324677740485
v 92.6081238454274143 -46.4924529076351831 6.0052813619294421
vn -0.2244642552230190 0.2091242686678616 0.9517787759670350
v 93.3713538712875248 -45.6944512068433966 7.5217866355423482
vn -0.6880667798438406 0.2069502920660987 0.6955110948713072
v 92.8159610225991969 -45.9253945196656019 7.2840108737191036
vn 0.5736639499499442 0.6984072434564212 -0.4279450838780968
v 94.7804089725219967 -47.2982940242668732 5.2971764579010090
vn 0.7761680634969657 0.6270243138446316 0.0663599808245850
v 95.3080676524370745 -47.2944294060694546 6.7931006484944749
vn -0.2627028072251393 0.5433367930887539 -0.7973533497465598
v 92.9417527898670244 -47.2982941923847733 4.8179143740627470
vn 0.3702211566482559 0.5538338601606494 0.7457910903930011
v 94.2161605363523194 -47.2982929908869423 8.1354851695534069
vn -0.5975010294455252 0.7333732950279257 -0.3242778591754620
v 91.7829602693302888 -47.3004968729128592 5.7396896636822463
vn -0.6812115576458042 0.5988717609969880 0.4210741355273958
v 91.9532239075087574 -47.2987080343376221 7.4476559666410571
vn -0.1698691317108972 0.5707883399861099 0.8033337718705015
v 92.9550215507248510 -47.2982932604125708 8.2028411906978871
vn 0.6247164477660656 -0.5354197476078461 0.5683793220747031
v 94.7385895317355562 -48.3523476574102560 7.6453209503244741
vn -0.5221872900067862 -0.4965513923155880 -0.6933665328993169
v 92.6093238889552737 -48.3509598321961747 5.0520120030455633
vn 0.0611457150059454 -0.9644753695369969 -0.2569989554315056
v 94.4859117220580487 -48.7957589382396577 6.7453402444341108
vn 0.6696168811901244 -0.4687988817954613 -0.5760562827124934
v 94.7672353043051459 -48.3118911124774897 5.3800089415484926
vn 0.2452269537431215 0.6688664554651893 -0.7017701945161984
v 94.0979674191451210 -47.3385547843758516 4.7640716753851926
vn 0.0629845370359496 -0.5683030988863684 -0.8204051047443071
v 93.4449949635219781 -48.3621752000086218 4.8198735731877118
vn -0.9129328049129338 -0.4029714600279377 -0.0645576960304127
v 91.6983908707549915 -48.1059030781994110 6.1058060348461938
vn -0.2238767712530876 -0.9462783883457279 -0.2333161011227138
v 92.2876705278212626 -48.7295454309006359 6.8073450423037078
vn -0.5766591767941370 -0.5930784652508849 0.5618915623808236
v 92.3552401519912110 -48.4532345047775408 7.6830423217807775
vn 0.2704430566117676 -0.9581431799272737 0.0939265664726246
v 93.2243282647960854 -48.7686267650470455 7.4960522707484234
vn -0.4160293068723365 -0.1754507628118073 0.8922648965705634
v 92.8579487501883705 -48.0179674696361900 8.1789609989150307
vn -0.2908371179447883 -0.9524219248452467 -0.0911386191449300
v 93.7379447026017658 -48.8525405255741632 7.2056573556065047
vn 0.8398237124747250 -0.5428565201450035 0.0017118706808003
v 95.2420624820209696 -48.2216765355378385 6.5246666299635585
vn 0.0861294177973496 -0.9682146066193914 0.2348237614014959
v 94.5254999883315463 -48.7818667272382385 6.2419830293683685
vn 0.2506328412182368 -0.9617833377358717 -0.1102542069787838
v 93.2236442246172174 -48.7751471548489732 5.5006532729602373
vn -0.1903342689343499 -0.9624182563370660 0.1937110372135465
v 92.2776622569901264 -48.7396217567920829 6.2065913956560115
vn 0.0646684615243408 -0.5290462023712187 0.8461253487756211
v 93.6292771722992541 -48.3005429495656600 8.1995288206720556
vn 0.4605682096448227 -0.7615712922417568 0.4559452720423618
v 93.2243042000000059 -48.7982940699999972 6.2500000000000000
vn -0.4311770730936156 -0.9021615950333868 0.0138126060263152
v 93.7234856830558698 -48.2980876989122265 6.4984691628413271
vn -0.7071438346551504 -0.7034880609638585 -0.0710784439230342
v 94.4675410799296031 -48.2979504704504095 6.5031831940888214
vn -0.3111563248519967 -0.7225933965273628 0.6172848003957719
v 93.4778812149856009 -48.2979532311955424 5.4985007932211154
vn 0.5844287613205896 -0.8114396107776704 0.0029632755970612
v 93.2245421079153687 -48.2981597136154974 6.4976848320854392
vn -0.2471760565594663 -0.7367461229975648 -0.6293720261592255
v 93.4806627605901497 -48.2974977843537800 7.5005995369945184
vn 0.5162278048268580 -0.8564456006910784 0.0031283510898108
v 92.4687251780412396 -48.2981007181186968 6.5013979537227584
vn 0.4486349547276983 -0.7704887584860741 -0.4528506933229365
v 93.2243042000000059 -48.7982940699999972 6.7500000000000000
vn -0.2878100141876762 -0.9520135962529690 0.1040937475681354
v 93.7475953629335237 -48.8710449232666448 5.9042769969925475
vn 0.3820945714795173 0.7147375332004986 -0.5857934764747301
v 94.3265220198662036 -42.3982925440868428 -7.8697020795005015
vn 0.7173082921900890 0.5682386593605564 -0.4032042162024790
v 94.9212444480909596 -42.3977672149879368 -7.2498459506707569
vn 0.1162661646305911 0.7148987455510312 -0.6894939902360676
v 93.6746434935155889 -42.3982925289043564 -8.0987587012214135
vn 0.6937935188461831 0.7183409771226699 0.0513497204810191
v 95.0885270450465896 -42.3982925441369574 -6.3658040737528658
vn -0.2187563721375343 0.7184291779546157 -0.6603068725317643
v 92.8743248775503076 -42.3980988044283436 -8.0142629789055739
vn 0.5051800852612494 0.7256984304106924 0.4670705188244004
v 94.7143425233965246 -42.3975388278015330 -5.4215631791978263
vn -0.6221395584109858 0.5675016881538449 -0.5393368185120682
v 92.2251389260776762 -42.3982925440009026 -7.5123722982142187
vn -0.6795345879595133 0.7333455159086233 0.0209068903333253
v 91.8136415046607937 -42.4003738952908975 -6.5175834003981210
vn 0.0902901720668514 0.7285447041719206 0.6790215746581156
v 93.6413596253542693 -42.3979454627850174 -4.8754592666260184
vn -0.4018780542703828 0.7331038659121165 0.5486827419197368
v 92.4203686955922734 -42.3971918061626738 -5.2378400622431425
vn -0.0099607713523551 -0.7146887361574814 -0.6993717133568443
v 93.5418769407504413 -46.3982925281851095 -8.1183820841850327
vn 0.2724277963094526 -0.7111767877635737 -0.6480823036808367
v 94.1593849379380003 -46.3982925370072579 -7.9502484282297177
vn 0.5008748821972668 -0.7127339837819664 -0.4910546005752941
v 94.5894971477411275 -46.3982925368112475 -7.6617398264845464
vn 0.6720189589707990 -0.7212990307702255 -0.1676849038933944
v 95.0196162920058214 -46.3986041251465764 -7.0075243167103904
vn 0.7555914317328500 -0.5766036178837554 0.3108212607516837
v 94.9810709947708887 -46.3988716564304298 -5.8402876527591951
vn 0.3299221176630346 -0.7201772545246895 0.6103246008002785
v 94.2605270597121176 -46.3982925367442789 -5.0838159378367074
vn -0.1319152957987053 -0.7239035669782691 0.6771720464183965
v 93.2706767697708159 -46.3984167327663286 -4.8748747989778645
vn -0.5568676424541102 -0.7253479438458724 0.4046835666865735
v 92.2512850741316157 -46.3982163072422722 -5.4193802203055883
vn -0.5304659497985906 -0.8474787163381671 0.0196392835432364
v 91.8417327313152327 -46.3984731752976458 -6.4631923615879483
vn -0.6086539809333883 -0.7173974849970910 -0.3389412633684296
v 92.1314924114904699 -46.3982925367551431 -7.3996437575013454
vn -0.4185784562831138 -0.5664592662048411 -0.7098703935693603
v 92.7478388027635958 -46.3983753571240740 -7.9565285548661659
vn -0.6263111067095051 -0.6107094447471433 0.4845290205023337
v 94.0925766195627773 -46.3982925411013483 -7.0187814512671700
vn -0.2589208265618901 -0.8361261824321446 0.4835835115302792
v 93.8581374934175585 -46.3982925379215061 -7.2048180018269639
vn -0.1002623110151221 -0.7166184687961508 0.6902212972447077
v 93.5413850394252222 -46.3982925391873735 -7.3071122667864090
vn -0.5474822591730544 -0.8285400535194556 -0.1174076471306116
v 94.3165624507130502 -46.3982877261148730 -6.3532289408302898
vn 0.2391808268366058 -0.8136284384987681 0.5299068749693798
v 93.0764199296562822 -46.3983044093866113 -7.2197713314883929
vn 0.6146822089648371 -0.7226540369004995 0.3161280198487949
v 92.7210742583147578 -46.3982925391827976 -6.8027437298064326
vn 0.7287914031856586 -0.6297342052914274 -0.2688827278362315
v 92.6929132099603947 -46.3982190739805276 -6.2031117558868214
vn -0.1746070044442621 -0.6390631549760829 -0.7490732126775170
v 93.6249556684495161 -46.3982958608713432 -5.6770850921790474
vn 0.2664675031197593 -0.8428159447034360 -0.4676070499198830
v 93.0725237764626883 -46.3982925392924841 -5.8040792238642602
vn 0.7966329907437573 -0.5723968058758713 0.1942621287893162
v 92.7162308424489083 -41.3982925408381988 -6.7904020146731083
vn 0.5099606416317908 -0.5734458810851530 0.6411707771358304
v 93.0281340555218037 -41.3983209511333996 -7.1899852316550010
vn 0.0280691745651939 -0.7177998120682815 0.6956835136999934
v 93.5282470396884236 -41.3982925414555254 -7.3080971564809287
vn -0.4545097143942101 -0.2463346742183724 0.8560024227763738
v 93.8584554340243642 -41.3982924375053400 -7.2053820823989136
vn -0.5335367772660943 -0.7142918041058546 0.4529080766465901
v 94.0776827304077585 -41.3982925394059080 -7.0325125962124400
vn -0.4862137354624298 -0.8669247475648435 0.1097163866854109
v 94.2746880471120932 -41.3982723289463621 -6.6757802484582056
vn -0.5427376230444918 -0.7292219541094996 -0.4167387841043093
v 94.1706730177198637 -41.3983490321571139 -6.0681809320117397
vn -0.1624962134257896 -0.4797089031523201 -0.8622495861748374
v 93.6030606452808769 -41.3979693309099801 -5.6930087313821662
vn 0.4438595139078877 -0.4655260841802737 -0.7656854425031433
v 93.0599491454211289 -41.3982925367283130 -5.8096125759043487
vn 0.4953869629232999 -0.8495881470246830 -0.1810848900399880
v 92.7063215045898232 -41.3982196654563808 -6.2144915557772151
vn -0.7520769273721839 0.5805720889420496 0.3119556777106000
v 92.5554345559998097 -39.3984815765549143 -6.0255372651390742
vn -0.3040910134456286 0.5790523743399295 0.7564568747211574
v 93.2185491808395312 -39.3982722899293378 -5.5054974596924948
vn 0.3742945819509091 0.4777651174255577 0.7947603780344974
v 93.9093553793079820 -39.3982925421552395 -5.5773237430262910
vn 0.9288940389148554 0.3648448609643635 0.0635931749194935
v 94.5514351141657556 -39.3969319440565044 -6.4272418317170175
vn 0.2771996224874617 0.8117055203794534 -0.5140958251905274
v 93.9344303470768551 -39.3982677523492058 -7.4252732803687191
vn -0.4239645407122783 0.3489827074764127 -0.8357422677482930
v 92.9528813024848262 -39.3992889528366277 -7.4011269815158958
vn -0.7765790470883330 0.5776243976037412 -0.2515453019165569
v 92.4764492781582987 -39.3982925418196857 -6.6843534895907126
vn 0.3732422513896298 0.6270435134566592 0.6837445824352314
v 93.8244212019605612 -43.3602362557880525 -5.5654638037197230
vn -0.6823973970396994 0.6183037976197232 -0.3899156400588097
v 92.5103015518241136 -43.4495313818135287 -6.9502652210493814
vn 0.9971498953204433 0.0359306026325096 -0.0663406214690034
v 94.5243821857834376 -43.5982182758401535 -6.5602751530113421
vn -0.5631636778538939 0.6132629095057146 0.5538549230355014
v 92.9322624851247667 -43.3850537818632773 -5.6757436011596187
vn 0.7922078178851841 -0.2221199145357392 0.5683920450254656
v 94.2991450658552566 -43.7822571266838594 -5.7871251053518815
vn -0.9737406473875435 -0.0742496553310242 -0.2152118498329301
v 92.5059808652852382 -43.8012008493134530 -6.6449995515464613
vn 0.9776576659770623 0.1481209918718610 -0.1491497902217064
v 94.4886146488411498 -44.1057412425476230 -6.7979238043868362
vn -0.8551868377340788 0.0222447574964382 0.5178422958105209
v 92.5987949074936552 -43.9778060532252368 -5.9805535776234864
vn -0.6519444004354175 0.0919627810569443 -0.7526694796796111
v 92.9769990473969017 -44.0601852982156075 -7.3577117795161637
vn -0.8770164277892489 -0.0981460924580257 0.4703291718817851
v 92.5956669031545943 -44.4707156544497693 -5.9908188078989832
vn -0.8288276793359877 0.0405267216159560 -0.5580342846112449
v 92.7501862576000775 -44.5529891795111865 -7.2116676847755148
vn -0.9570610621886070 0.1813142081692747 0.2261841753049146
v 92.5362829968127727 -44.7062047100119671 -6.1478069089284366
vn 0.2340293116605468 -0.0161477819946241 0.9720954327741412
v 93.8003668844703782 -44.6832258584851019 -5.5540549796559304
vn -0.7752357563510898 -0.0093494836765258 0.6316028097069677
v 92.6308205999450394 -44.8713211141067276 -5.8130582697935047
vn -0.9606363153820351 0.0280538751302847 -0.2763889463408432
v 92.4967164586283559 -44.9031840235588717 -6.8908393037279003
vn 0.6964095717115880 -0.3751889668206550 0.6117572619957462
v 94.3425884313098635 -45.3019978930262113 -5.7991398700532120
vn 0.3280776716433334 -0.3075850740553641 -0.8931721354741455
v 93.6594948933490059 -45.3971816685885869 -7.5192778284568131
vn 0.9671327925353932 0.0192886254616882 0.2535391696178146
v 94.5644079529598400 -45.5340046116443915 -6.3372294870467263
vn 0.3574373336915745 -0.0430750614661555 0.9329432413406215
v 93.7880130975063224 -45.5647088582095279 -5.4927177177827131
vn -0.5686318701236501 0.0749605918982551 0.8191695221026863
v 92.9981350196941605 -45.6901584371349685 -5.6836545562454450
vn -0.9714716138659800 -0.0818894986762164 -0.2225691206326390
v 92.4506958299330108 -45.5153689294839836 -6.7523658104870581
vn 0.7083564498310919 0.0446676744311947 -0.7044401598742084
v 94.1848448872524244 -45.6484327669442180 -7.1760057939033590
vn -0.4561677542480977 0.3593062073432690 0.8141314570441576
v 92.8447740951813643 -45.8381580008831762 -5.5956799096341925
vn -0.9169655385385234 0.2096190056101005 -0.3394614464409597
v 92.5499159983928052 -45.7745812941694510 -6.9442349889590922
vn -0.0039438636981672 -0.0547037446385247 -0.9984948403780830
v 93.1955090187317836 -45.9939287701305588 -7.4926194113822833
vn -0.6044564264871530 -0.0881415950719575 -0.7917471109492928
v 92.9039546116027282 -46.1652998683842029 -7.3030418655306386
vn -0.8584815028117502 -0.2538468482869173 0.4456133828161779
v 92.5605895198041679 -46.5393456487377009 -6.0974424540780499
vn 0.4224864379558309 -0.0178598414770613 -0.9061932662549465
v 93.7142796952912391 -46.7722818675264946 -7.4374586661932103
vn -0.2800776365363646 -0.0305201798358460 0.9594920719500457
v 93.3639909121703937 -46.7507516997443702 -5.5063258849974410
vn -0.9908364655057944 -0.0469311993953469 -0.1266513369345096
v 92.5346082312542819 -46.8992232277541490 -6.6430374799264014
vn -0.6558353961830458 0.7546824441813305 0.0182850091036446
v 92.4135177912869779 -47.2985467535927313 -6.2066311090254978
vn -0.0114559998842765 0.9692236702448341 -0.2459151014146635
v 93.6443264274431328 -47.2891657983447189 -7.5314753933173302
vn 0.2362683605418320 0.9270581331042147 -0.2911021807754160
v 94.1901827625047190 -43.3011161700837732 -7.2272872407453068
vn -0.1978404311885124 0.1290931799889487 0.9716965136643665
v 93.2253068910223277 -44.2775346964439720 -5.5286204714199991
vn 0.8130453425950460 0.0824696129552599 0.5763297960573562
v 94.2352639318790608 -44.3622776428157763 -5.9721418106553879
vn 0.8666584102457544 -0.1915485724065904 -0.4606651108552708
v 94.4042526951583199 -44.4193684967763929 -6.8705899367506298
vn 0.0815242040284485 -0.0066061398422468 -0.9966494685063112
v 93.5330308111811348 -44.4819769366734832 -7.4347272136007927
vn 0.6235567184417865 -0.1610781427423734 0.7650038240536959
v 94.1009942548963494 -44.0013620109745105 -5.7873098771957938
vn 0.2931499218575102 0.1514208014920644 -0.9439993984057599
v 93.6654848838513914 -43.9758591746254766 -7.4618493555429826
vn 0.1897388003428983 -0.1365409158187263 -0.9722940738026851
v 93.5411635858249610 -43.6442472005282127 -7.5383724362920530
vn -0.9474849672420307 0.1405578832499808 -0.2872554930835146
v 92.5345358877749931 -44.2379388862331453 -6.7983022091732970
vn -0.0762750046039000 -0.0352575340959121 0.9964632607187035
v 93.3807219383715363 -43.7432741482931320 -5.5143707272858187
vn 0.9391022033343492 -0.0748006299883697 -0.3353981476483042
v 94.3732746292384945 -43.8328562372806942 -6.7365603875234124
vn -0.7149825942962561 -0.2137906906565452 0.6656526349696158
v 92.7482999991085677 -45.2299843643222843 -5.8807756920244101
vn 0.9742568190587572 0.0300882028315191 0.2234241494733309
v 94.3543173204316616 -45.0331669497935252 -6.2359485870269475
vn 0.1231097686274638 0.1079850023290799 0.9865004937355484
v 93.7179517590799520 -45.0797672159381122 -5.5689232319057274
vn 0.9938238165313819 -0.0489029851245978 0.0996128492760936
v 94.5001191347354137 -44.6977290052767060 -6.3511926068233189
vn 0.7103554732237578 -0.0638912687083931 -0.7009372350245656
v 94.2347747361303334 -44.8787079939430882 -7.1735573054650059
vn -0.2779758344276795 0.0837997228851670 -0.9569258288491354
v 93.1366349362415633 -44.8390312429454667 -7.4357459080167292
vn 0.9549688974876933 -0.0775330383976704 -0.2863966354340861
v 94.4017110617083404 -45.3134992418648750 -6.8004046592750473
vn 0.5123577496712128 0.0794316609060726 -0.8550907247757712
v 93.9731731275703481 -45.1391053274061989 -7.3308518783077226
vn -0.5454829592349818 -0.0747122350930315 -0.8347852556865453
v 92.9468446883594339 -45.1805789439033632 -7.3257541684855862
vn -0.9935839097771018 -0.1127294309502751 0.0091153513193590
v 92.5502930178146954 -45.1543011453851761 -6.4617586241473894
vn 0.5756889477062770 0.1050814582117854 0.8108884773067898
v 94.1079278647546857 -46.2140140701470088 -5.7237638424040895
vn -0.0241153418933342 0.2906837490323967 -0.9565152420812949
v 93.4624520462347164 -45.7724084571903731 -7.4800733680587834
vn -0.2347359212686535 -0.0514689730049477 0.9706956227798560
v 93.2884384228711241 -45.4204652505374966 -5.5523232543826726
vn 0.4312648707957861 -0.1750833633576348 0.8850742494801623
v 93.8533943084661217 -45.9722890814378431 -5.5616429813489523
vn -0.3519192012863219 -0.2230202464315502 -0.9090736193772251
v 93.1679170864921105 -47.0459058866629718 -7.5210557201402022
vn -0.5810044195747945 0.2145820159041749 0.7851040841092706
v 92.7232112981980237 -46.9197094204379752 -5.8223095888306187
vn 0.9253155854357301 -0.0611570637382787 -0.3742337249696291
v 94.4765428119538484 -46.5814056900773892 -6.6656721539246266
vn 0.9889700156278921 -0.1275122076500401 -0.0753587757940632
v 94.4701117281639853 -46.8845327938325838 -6.7191344390554271
vn -0.0980517353560669 0.0251808620939412 0.9948626947362484
v 93.1970259995996742 -46.5285273151053786 -5.5084786220133077
vn 0.5112372476263531 0.1386300705326972 -0.8481852275202217
v 94.0310083294865819 -46.3070852726994389 -7.3186646224843859
vn 0.7165502916548208 0.1318259794716014 0.6849653937723746
v 94.1831729526329013 -46.6682081048637656 -5.7889038818097047
vn 0.0788602912606670 -0.0297890054115290 -0.9964404997885596
v 93.6337004208237857 -46.5405531680397360 -7.4810144918621981
vn -0.5403335963795122 0.0430414679589973 -0.8403493539353245
v 92.8767431499382354 -46.7848423044445170 -7.3064174810972577
vn 0.7525191176825017 0.6132023534647205 -0.2402037702195310
v 94.4696110801973248 -47.1958109934711842 -6.6994962924681642
vn 0.4804368766703144 -0.1921666711673397 0.8557174639025059
v 93.8494085747155822 -46.9811546670900171 -5.5378464664855631
vn -0.8967963763174074 0.1720822944605479 -0.4076075850093572
v 92.5384624292257740 -46.4220429439773596 -6.8747530699851724
vn 0.9823498978515781 0.1840753890648401 0.0332404773073717
v 94.4788765963458701 -46.2758538066463956 -6.4749571060223952
vn 0.3953381012940171 -0.0208622764676524 0.9182987264969001
v 93.8181330549216170 -45.7186540235485168 -5.6490045049448163
vn -0.8106762159956934 -0.0162429537000723 0.5852693732581618
v 92.6696703584504888 -46.1722939591577699 -5.8714803748534035
vn 0.9224757348364532 -0.1952624996845267 0.3330331437783571
v 94.4187738912795140 -45.7025369349307695 -6.2204946968175312
vn 0.6984005961030617 0.1452843115107578 0.7008060189465650
v 94.0567379543835500 -45.4201301714689620 -5.8769646591927138
vn 0.9257432773464669 -0.1468142974578588 -0.3484895213772975
v 94.4031795799784703 -45.9290211003335429 -6.9288586434344559
vn 0.5546800299471845 0.7170626065676050 -0.4220797112397874
v 94.7804094968575583 -47.2982940244506338 -7.7028228899055025
vn 0.1782280654954195 0.5467296209736370 -0.8181206990534976
v 93.8672178942842947 -47.2982942055968465 -8.2330176902609775
vn 0.7370718247025716 0.6302242801197556 0.2440132823785570
v 95.2996251086905062 -47.2963877693721955 -6.1473127621160453
vn -0.4102310620357985 0.7407008301991472 -0.5320458212252727
v 92.4347586919073052 -47.3011732815912964 -8.0349701865517353
vn 0.0173767758431246 0.8237712038836198 0.5666560255688008
v 93.5944524892896226 -47.2824729009969857 -5.4918446250684614
vn 0.2796258672651352 0.7501331934809256 0.5992575125889781
v 94.2161591257827240 -47.2982929996330199 -4.8645140834736802
vn -0.7616125842975477 0.6476595016422293 0.0219873002469543
v 91.6802170278253072 -47.2963139607791518 -6.4197063048566854
vn -0.3619642658564312 0.5589319529224120 0.7460408448907829
v 92.6606096301406552 -47.2976777112736926 -4.8480090976677461
vn 0.5366600390682065 -0.4762980058793772 -0.6965172015554533
v 94.6119225557643659 -48.2788541999706311 -7.8168575099491786
vn -0.2092217307837963 -0.5253796481969095 -0.8247438951749351
v 93.0812747869750581 -48.3035668256140625 -8.2112233042661593
vn -0.8386218497717343 -0.4462806216496201 -0.3123251508051561
v 91.8415344948859911 -48.2336546456611615 -7.1820093236731752
vn -0.1186013231470006 -0.9664549352206737 0.2278126079377171
v 92.4529044468586960 -48.8135951995576818 -6.8092757954574497
vn -0.3162521297512223 -0.9373469837417859 -0.1461684729960333
v 92.2843154401753907 -48.7230987789952366 -6.2483412900031539
vn -0.5598577657206425 -0.5722936299457434 0.5991988678943032
v 92.3416775248528836 -48.3527648578443419 -5.2544197808534543
vn -0.0410841995749794 -0.5759514656302727 0.8164508544815323
v 93.2388255297077109 -48.3603556812191187 -4.8293453654669696
vn -0.3362604265144641 -0.7077280114851948 -0.6213292100968073
v 93.7402720362811550 -48.8580677552191176 -6.0452095300534499
vn 0.1650216693961921 -0.9745173994145194 0.1519331657935677
v 93.2242961396403444 -48.7868592105049359 -5.5042829508005662
vn 0.1868722249244309 -0.9438837762835226 0.2723273552556736
v 94.4747338416971303 -48.7595802196044019 -5.8356710910505640
vn 0.7987997784048352 -0.5003728630358972 0.3339848977987561
v 95.0135667120570844 -48.3003266052023648 -5.7893215058357361
vn 0.9317516919342813 -0.3035894196701106 -0.1991789367427431
v 95.2794562104890446 -47.9972861751351161 -6.7466069753200095
vn 0.2421369153839211 -0.9479132983427616 0.2069543259593922
v 94.5689884864708290 -48.7867646320367498 -6.7367070699607750
vn 0.0432799680969744 -0.9954087851208335 -0.0853709251782531
v 93.4996701591803969 -48.8056760684621125 -7.5680690807232791
vn -0.9095451451204428 -0.2508347801939363 0.3313752284539268
v 91.7836823875896641 -47.9903096031197407 -5.9009827849456693
vn 0.4537469503236204 -0.2276572755178403 0.8615601371789482
v 94.3215868750880588 -47.9248668253653989 -4.8755184949371477
vn 0.6308348199818360 -0.7736658106267265 0.0590647387683613
v 93.2244495705822231 -48.2982298899782805 -6.4919737531869774
vn 0.4034717055401585 -0.7313671414103657 0.5498296893527539
v 93.2243042000000059 -48.7982940699999972 -6.7500000000000000
vn -0.5655113732986069 -0.7810147855676693 0.2649769638942432
v 93.7249010053598965 -48.2982113539582514 -6.5782456190484773
vn -0.3092630920386159 -0.9140620078720016 -0.2623870912749320
v 94.4657574412312044 -48.2892711735543330 -6.4179313867361971
vn 0.0089679098318263 -0.9048897810936949 0.4255514782790129
v 93.4728699231738460 -48.2981277551100447 -7.4872324665858265
vn -0.3876076945305252 -0.7088146600912492 -0.5893573218179767
v 93.4709431712257270 -48.2983214865782031 -5.4992603021004047
vn 0.5569988741457599 -0.8052108381486920 0.2034398199179221
v 92.5041661280848331 -48.3038999286392894 -6.5077642172293029
vn 0.4649113169936150 -0.7533463908438515 -0.4651093234217149
v 93.2243042000000059 -48.7982940699999972 -6.2500000000000000
vn -0.4565928348679237 -0.6747440489999630 0.5798650286803031
v 93.7243042000000059 -48.7982940699999972 -6.7500000000000000
vn 0.0175880477975240 -0.1879916345841091 -0.9820131393729244
v 93.3048444928335243 -52.4979344778430814 2.5102085387317894
vn -0.1334795890008330 -0.7980216419466716 -0.5876603256175349
v 94.2320380128529678 -52.6071113313368954 2.4250809561622062
vn -0.3990177973963872 0.5303623176093714 -0.7479977335667215
v 94.5860935011400272 -50.1032745351213649 2.3300529343030587
vn -0.2463155419068698 -0.9229470397131342 -0.2957996208582549
v 95.2341950042942216 -52.6156593068761751 1.8457447126850111
vn -0.7735756831958275 -0.4907527953864249 -0.4009268713724716
v 95.8304828142717184 -52.5521162429275108 0.9986333550662266
vn -0.4578283814630034 0.8392692064829386 -0.2932922981881134
v 95.6070710134674471 -50.1011304483420119 1.3577393909127544
vn -0.5929104083687800 0.8038945489212523 -0.0470191648443777
v 96.0018936537160101 -50.1023626044831758 0.2045715181915360
vn -0.6966742259821681 0.6074895680074873 0.3815775774521130
v 95.7049196622790248 -50.1032802151165129 -1.2142725536677967
vn -0.4088707788149547 -0.6685661757000297 0.6211633882812874
v 94.8482366719183574 -52.6169861676578918 -2.1406505439070087
vn -0.2976001538712783 0.8373009600327099 0.4586515570060716
v 94.8604158520464154 -50.1035428830601361 -2.1121853108195929
vn 0.0450750428438748 -0.7573051697780275 0.6515037377790674
v 93.4242698171094759 -52.5597475464469852 -2.5402565740383078
vn -0.0811404921749478 0.8070469638676058 0.5848858167554474
v 93.6419987496351496 -50.1017466024101452 -2.5374655943301385
vn 0.5899616495312814 -0.7499426472712711 0.2992177766879628
v 91.2676160706335935 -52.5560817145300803 -1.2461182533464874
vn 0.6912288925803965 0.7118322448883573 0.1244888476903871
v 90.9683055491233432 -50.1035761875561576 -0.3518136245892535
vn 0.6645653424230803 0.7126665183175127 -0.2246315634974042
v 91.0997486223860022 -50.1032874263202146 0.8831431970548616
vn 0.6229461545137535 -0.6572590314482515 -0.4242035527388154
v 91.2258485454874375 -52.5099348242886279 1.1605427135535422
vn 0.4215576761444195 -0.5025361300592680 -0.7548155825556141
v 92.2435639988085683 -52.4981754655580346 2.2181350626293823
vn 0.2622001723299443 0.7110308090298636 0.6524463642633661
v 92.4321108508478204 -50.1011976854968566 -2.2942544641870359
vn 0.4558162583449996 0.8049312711165052 0.3798910204349822
v 91.4710852770805900 -50.1021142209692556 -1.5648838418381226
vn 0.4470518391965896 0.7159564195124566 -0.5362378748557862
v 91.9801636432616903 -50.1037413162353857 2.0648856904609914
vn 0.1152781895030948 0.7111169216322413 -0.6935586945552435
v 93.1894692478241637 -50.1027743747786687 2.5024012826575777
vn -0.6881159870488841 0.5576159686248565 -0.4642852785759020
v 89.7423224973900062 -50.0982933205319370 -2.7279203758031736
vn -0.3445734431787760 0.7214042263015921 -0.6007038243012308
v 90.9934874441525494 -50.0982933207927843 -3.9090655695041727
vn -0.5182980892054615 0.8490428002014554 -0.1024373669714282
v 88.9127165305228573 -50.0981714365089346 -0.8870335757255632
vn -0.0755328369149262 0.7211388487614847 -0.6886606939230259
v 92.7067121060847938 -50.0982933207950651 -4.5657454612151929
vn -0.6870356470069148 0.7177748105697989 0.1130545932427314
v 88.9711160117510644 -50.0982933194673308 0.9925246075103411
vn 0.1703879576192343 0.7430528500355770 -0.6471788052403695
v 94.6548552786810404 -50.0982933407045863 -4.4851324858218877
vn 0.4106710439614762 0.7180243758106125 -0.5619522127310931
v 96.3897318727673280 -50.0982933376610617 -3.5965937222961126
vn -0.6105780534515779 0.6346991912748995 0.4736574471474829
v 89.8370018071816503 -50.0998866005208470 2.9771706700256058
vn 0.6005017778271096 0.7180111618872456 -0.3519340651767152
v 97.3664407514478540 -50.0982933194594082 -2.4728604454904928
vn -0.1927164884809437 0.7509281888604752 0.6316385123172121
v 92.0716589939505354 -50.0982933209805736 4.4207139847735908
vn 0.6900040306361553 0.7154513571901572 -0.1096530583277174
v 98.0040684647445488 -50.0982933209628740 -0.9956642744687402
vn 0.8074580932356891 0.5679436238839233 0.1595351615092484
v 98.0453740433621732 -50.0982932855894845 0.6075298534687937
vn 0.1218647423051769 0.7382388554602357 0.6634398065172560
v 94.3717205436681894 -50.0971347242854534 4.5741804284349534
vn 0.4245627285339530 0.7202819969456103 0.5485802898535896
v 96.1703094524708462 -50.0982932457300976 3.7498393405321822
vn 0.4572207758154238 0.8476657913364121 0.2690945342454140
v 97.4797101128745567 -50.0982467717223727 2.3439302594387121
vn -0.1809139506656463 -0.7361438958595001 -0.6521980581413485
v 92.5227155184617658 -50.6982917188559483 -4.5236829506819527
vn -0.4394589690667701 -0.7577878882126126 -0.4823207760246706
v 90.4598364200819418 -50.6991116511379332 -3.5449942915710526
vn -0.6554849157415626 -0.7411557362544771 -0.1450093095368736
v 88.8894530775033473 -50.6978854353776001 -0.9512787001342301
vn -0.8026614754607518 -0.5475286300939201 0.2365310868335153
v 88.9864230950413173 -50.6982917220588547 1.0595923722017409
vn -0.3423927480799727 -0.9074109890576438 0.2436647348297925
v 89.6561273243487022 -50.6982917151626964 2.6486786085573888
vn -0.3319646157885625 -0.7401280142704205 0.5848162244299282
v 91.3142710480787940 -50.7036510950370172 4.1129146471557982
vn -0.0305690837973817 -0.7460076286383011 0.6652354088059712
v 93.2802311684763907 -50.6982917188189504 4.6186104677788835
vn 0.2813030714197555 -0.7564586893340209 0.5904564618503779
v 95.4027661284786319 -50.6985722164733303 4.2295815985764014
vn 0.6596371018957328 -0.6338008369051452 0.4039497406125374
v 97.4935981181960472 -50.6979711311067902 2.3858206915122335
vn 0.6978651060065699 -0.7142823886167619 0.0527727498845019
v 98.0539409212565261 -50.6982916675050816 0.5391720543908227
vn 0.6514310847870626 -0.7301763619071182 -0.2061068225101632
v 97.9874663739023362 -50.6982917174239844 -1.0683994983063967
vn 0.4984467714134542 -0.7435041014334723 -0.4458166295901361
v 96.9712859227846877 -50.6990867295013317 -3.0682769661584164
vn 0.1798456788974571 -0.7309463562681252 -0.6583106835228059
v 94.6556030621637774 -50.6948842560719228 -4.5351731901834160
vn -0.6163999683971972 -0.7095345814193502 -0.3414846361551305
v 89.9033165829089000 -50.6977999607893821 -1.8750439840369792
vn -0.4669709210185186 -0.5222824227816545 -0.7135539431440635
v 91.3520195620909874 -50.6991752946894607 -3.4754156196615318
vn -0.0474176202267653 -0.7067747839904462 -0.7058476988751105
v 93.1851169979556886 -50.6982916039832929 -4.0039944346782663
vn -0.8261785696793240 -0.5541351487378308 -0.1017998425142614
v 89.4704844883284238 -50.6982916262318284 -0.4213115477896403
vn -0.6861782150479365 -0.7084926816976023 0.1649168795926231
v 89.5786600173276071 -50.6982916736664393 0.9690825932167113
vn 0.2164878764913758 -0.5564451340945583 -0.8021856468890127
v 94.4747966781041555 -50.6982915554755706 -3.8932931248957923
vn 0.4206266803405678 -0.7096413530466218 -0.5652276937941327
v 95.9144522742671484 -50.6982913640631168 -3.2110189741205941
vn -0.7021193402594994 -0.5598131536386771 0.4400427991078641
v 90.0842868396157996 -50.6982917943988696 2.1600686762269654
vn -0.4180710689400979 -0.7157886931994076 0.5593416916368458
v 91.2205763826264899 -50.6975406261053649 3.3749124632050300
vn 0.7084675613909610 -0.6051824742106637 -0.3630811030128176
v 97.1186188552451313 -50.6977618313862735 -1.7766036627846014
vn -0.0936283249624902 -0.6030571514774017 0.7921842013172696
v 92.9736079897303256 -50.6982915894576180 3.9967579586205999
vn 0.7069772429779723 -0.7062267028082629 -0.0377759467364411
v 97.4829242810564836 -50.6982916198333342 -0.1003909512469475
vn 0.3198642885378986 -0.6034008677875703 0.7304753450126507
v 94.8714514456898144 -50.6983556155966824 3.8046532336387755
vn 0.6756432517277453 -0.7103355995714454 0.1973056825746126
v 97.3451775113126700 -50.6982912923341047 1.0835258367490423
vn 0.6330068114023373 -0.6064289134014914 0.4811926326419931
v 96.6106300339508550 -50.6978653233455532 2.5536743410342444
vn 0.1550260147871925 -0.2528328546731682 0.9550091530121676
v 94.2310671802840147 -52.4985399115655724 3.9375611597036304
vn 0.5205261931610310 -0.7884701063407193 0.3276696104925508
v 96.7741077660804194 -52.5894943844658371 2.2463593516912064
vn 0.9513648448998824 -0.2874981536076859 0.1106785596255860
v 97.4743804966364138 -52.4964386791324813 0.3948842084942032
vn 0.6683625577454442 -0.6385461165527355 -0.3815106137965079
v 97.0059545771912326 -52.5046323878040013 -1.9203279407357834
vn 0.6190676861109817 -0.5130466504852618 -0.5945908967004528
v 96.2832435800472695 -52.4983498673883489 -2.8616194649294111
vn -0.1990411040964870 -0.2974709027516721 -0.9337524837429654
v 92.8021184780256050 -52.4984728219620251 -3.9631092637688021
vn -0.3948487484443878 -0.7932449154969569 -0.4635266657810814
v 90.8622275378637454 -52.6047289528999968 -3.0061182573756664
vn -0.5601330141041686 -0.6928187420810829 -0.4541510730272090
v 90.2283958427069308 -52.5721122919545394 -2.3304375298184632
vn -0.9125012591777405 -0.3043546984108023 -0.2733306963264601
v 89.6573341636952108 -52.5064494328268552 -1.2750009353400147
vn -0.9538079076919698 -0.2999482759332558 -0.0167781700114804
v 89.4647693021404677 -52.4984803158600286 -0.0470222017904939
vn -0.8186764129944112 -0.5537782223847328 0.1519822727130034
v 89.5803969955405108 -52.5471624717602595 0.9430257567009557
vn -0.3739672168231741 -0.5406917175016153 0.7535257045162311
v 91.4593332821972922 -52.5087125346344621 3.5234216537040219
vn 0.7338093086920434 -0.6630885505673679 -0.1477750742966232
v 97.4021815224143950 -52.5843285020881197 -0.7442025356320492
vn -0.0982595158707201 -0.9950751784708912 -0.0130559079337878
v 89.6410193645836415 -52.6156010843069453 -0.7616402417419289
vn 0.5015860686487847 -0.6163212109810843 0.6070910810020738
v 96.1169638356111307 -52.5816875472686078 3.0008878468366604
vn 0.1561918034717732 -0.9367912404583181 0.3130915079154987
v 95.2548480160117208 -52.5887028461515484 3.5775165802605029
vn -0.0499412931070715 -0.8991043902446108 0.4348760313993636
v 93.0937363368089450 -52.5829792835579468 3.9819179717382474
vn 0.0200057156235560 -0.9991572259028735 -0.0358414462384508
v 91.4871300962652185 -52.5315458144319862 3.2789052894831898
vn -0.4600224722233163 -0.7738302593877711 0.4353918404212497
v 90.3007020384526555 -52.5723915673718167 2.4233394803505561
vn -0.5668180494104083 -0.7730873886008489 0.2846984166603320
v 89.8129542469432067 -52.5933963098042057 1.5822127376804667
vn 0.4009712182886247 -0.9017152702460002 0.1616528796814921
v 97.1706882572963906 -52.5287653055796042 1.4760207186147849
vn -0.0896474119003880 -0.9880818224957210 -0.1251305462031431
v 95.3737550392099536 -52.4982411676531271 3.2283642930779988
vn -0.0071403153441481 -0.9867719238012371 -0.1619573594943795
v 93.3181347812488298 -52.4982212350974393 3.7512051007198242
vn 0.2085582906492617 -0.9760732241652488 -0.0615182937760302
v 89.9403094562881620 -52.4989036076051434 1.5132321422174109
vn 0.1811389291396934 -0.9794721254037326 0.0884479728836096
v 90.0769695114395290 -52.4963448615061878 -1.6662055031391205
vn -0.1326007846457256 -0.9400340414209618 -0.3142499528736817
v 91.5845825470565416 -52.5418123566795714 -3.5238395223554524
vn 0.0601199776787227 -0.7913686585821086 -0.6083758990113463
v 93.8802817529724933 -52.5319787132161480 -3.9733208890780536
vn 0.2614127701795499 -0.8017039622106854 -0.5375259254796383
v 95.1881644784195657 -52.5357556196387492 -3.6214813371542314
vn 0.0279813385518439 -0.9987474553685102 -0.0414796948852416
v 96.9599221327635803 -52.5333446023835648 -1.7636547878451732
vn -0.1322336677767972 -0.9774533966350564 0.1646180868340015
v 91.1870417463134117 -52.5180994405165009 1.8376387374710110
vn -0.0606999260943195 -0.9637302265440452 0.2598837613578567
v 93.0818613106520729 -52.4984009903563305 2.9407314866691174
vn -0.0644273105264520 -0.9978880636609488 -0.0082785301431053
v 90.5105565036524524 -52.5174297262468457 -0.1322827123005703
vn 0.0810704816831400 -0.9859005441352959 0.1463820141731598
v 94.9221142701992875 -52.4983240548213246 2.5540002793715342
vn 0.1081805462215677 -0.9927309969327934 0.0527459680736381
v 96.1609494124939914 -52.5096307216154301 1.2257887771974434
vn 0.1358839879635474 -0.9899937723528398 -0.0380509200639911
v 96.3632804507418257 -52.4983140602289566 -0.4858848590238375
vn 0.1015332244794545 -0.9901224518543980 -0.0966878206427268
v 95.4233124449815762 -52.5007738530231052 -2.2688256251699359
vn -0.0789798273654242 -0.9892650349485236 -0.1229507116596896
v 92.5084910292684697 -52.6120622603898269 2.5601307498431338
vn -0.3007123908231838 -0.9357281263527291 0.1843500245668975
v 95.6913900476739627 -52.6113352950505160 -1.2338697401363328
vn 0.0159340333775476 -0.9961394989126350 -0.0863261564440794
v 93.7747631506382220 -52.5171544466155851 -2.8914343559400075
vn -0.0203076743551266 -0.9985207972797325 -0.0504362544419533
v 92.3174899620780138 -52.5159846950258000 -2.7026776367185801
vn -0.0558489528500048 -0.9977448726237008 -0.0372298753512956
v 91.1839014856730472 -52.5144375879939176 -1.7726842145314221
vn -0.6179457566909059 -0.7791200856796813 0.1054273867559552
v 95.9738805121430403 -52.6086248893622184 -0.3029745630811866
vn 0.0379864801117342 -0.9910308218620086 -0.1281207924118186
v 91.5334281654624249 -52.6198769152211909 1.8618333706368606
vn 0.7053637940816843 -0.7085509513674787 -0.0204320169080794
v 90.9520289026898325 -52.5559428905290886 0.0143387336063353
vn 0.3609744194073041 -0.7522250038849239 0.5512304527726004
v 92.1255134827924138 -52.5662236911529845 -2.1368421474251469
vn 0.8941674875065019 -0.3181360146962749 -0.3150459973392478
v 31.6428928399999982 -53.9512329100000017 -10.1499996199999991
vn -0.6214785867837621 -0.7716966258642279 -0.1350876892948568
v 31.6428928399999982 -53.9512329100000017 -10.0000000000000000
vn -0.8479526663790764 -0.4053084025051049 0.3416158287307169
v 28.3185842152666751 -50.6921098399195316 -6.8850446235449612
vn -0.7909410471196427 -0.5442405773204199 0.2796684715501899
v 28.2465957136209020 -50.6215312499992933 -6.9663429018711192
vn -0.0219167370924024 -0.6969842502863669 -0.7167514293588633
v 30.3368669506858453 -52.6708147954507950 -11.4559139628786220
vn -0.0828284678105365 -0.6683081829348503 -0.7392588298711605
v 30.1820459758051562 -52.5190312943934785 -11.5874241049921132
vn 0.0827283766244561 -0.4927344123748285 -0.8662383128000717
v 30.0621261599999983 -52.4014625499999980 -11.6718683199999997
vn 0.0016845815462231 -0.4747781844966079 -0.8801038789319811
v 29.9269942680679684 -52.2689800681416870 -11.7538592201360750
vn -0.9061926684526457 -0.3153293519354146 0.2817485535910784
v 28.3841589502688763 -50.7563954543555838 -6.7722360897521385
vn -0.2706000385895333 -0.5876623525241749 -0.7625146415257189
v 29.6966867698682435 -52.0431878782473660 -11.8629570723133817
vn -0.2100941912554734 -0.4308553919015468 -0.8776241006661527
v 29.4064716197903770 -51.7586645580623781 -11.9522847761650191
vn -0.6021232362082716 -0.6552710173824122 -0.4561441682151560
v 29.0733716614285029 -51.4320951792181305 -11.9999567461411250
vn -0.7520173672284314 -0.4921304007102044 0.4384946386030644
v 28.1479850984049165 -50.5248538728423569 -7.0461059062866482
vn -0.9375259711568787 -0.3113312385394232 0.1552994311511156
v 28.4295377621372225 -50.8008867745929678 -6.6400569151325666
vn -0.9504564406564173 -0.3091978079811828 0.0320822373653345
v 28.4433102253206975 -50.8143869737301230 -6.5158139360179916
vn -0.6178351150150931 -0.3577889409130093 0.7001905772106862
v 28.0321139814043576 -50.4112552021695564 -7.1052462691671723
vn -0.5270824311315471 -0.3724805536256727 0.7638339793195705
v 27.9411706278788117 -50.3220930288676840 -7.1333797754059276
vn -0.9482292283246575 -0.3095903492925468 -0.0708176967695487
v 28.4397320435046232 -50.8108819534144303 -6.4308847738964259
vn -0.1176774431456975 -0.9605072649572285 -0.2521464125048689
v 31.7928924600000009 -54.0982933000000017 -10.0000000000000000
vn -0.5358210615477805 -0.4925864235571170 0.6857509790944656
v 27.8341354251628559 -50.2171577830509577 -7.1499910371585988
vn -0.4917688013885532 -0.8528325808384322 0.1756133111165681
v 31.7928924600000009 -54.0982933000000017 -0.1500000100000000
vn -0.8378837680304025 -0.4074574558353610 -0.3632206119637890
v 28.2827998322056793 -50.6570247398835676 -6.0707505580445309
vn -0.8844584103758077 -0.3180936420518788 -0.3413938417746732
v 28.3425343245150216 -50.7155860541028431 -6.1522649227233437
vn -0.8823574315750629 -0.4474535123075556 -0.1457076431347740
v 28.4067022606250816 -50.7784972553412928 -6.2774414709782800
vn -0.8969372407375166 -0.4419270891583493 -0.0142840486627087
v 26.1499998663602113 -48.5660441325052332 -3.7984043855457559
vn -0.9723217427186843 -0.1513544108422284 -0.1779951430660470
v 26.1563541406327147 -48.5722645169113463 -3.8670431797468856
vn -0.8894366699817923 -0.3953966594435839 -0.2292681656762553
v 26.1808288042067225 -48.5962693637998058 -3.9371132496258379
vn -0.8511301676112613 -0.3478211682673170 -0.3931893598346544
v 26.2233272461876048 -48.6379333571975181 -4.0111194482219643
vn -0.5115057997834198 -0.5001079032209034 0.6987516740043745
v 26.4793146926243459 -48.8889037845701253 -0.1500065500226895
vn -0.5436829936844920 -0.3706789833951265 0.7529979373460620
v 26.4111271655306510 -48.8220510375368377 -0.1604467058929766
vn -0.8368027657126731 -0.5461921514939947 0.0378848906819367
v 26.1500541057987945 -48.5660976272019695 -0.4682093763292072
vn -0.6764041779176572 -0.2839073142861239 0.6796131436268569
v 26.3229277902083751 -48.7355765636741367 -0.1962576853495006
vn -0.9356703120371258 -0.1932656062258138 0.2952447673075959
v 26.1788647228626523 -48.5943252873762006 -0.3553383257791027
vn -0.8356537869432654 -0.3260331456674735 0.4420239091876721
v 26.2432627002886214 -48.6574804672011325 -0.2609138263239776
vn -0.4861076408993558 -0.5079844143616385 0.7110915526322373
v 10.2071065900000004 -32.9357566799999972 -7.1500000999999997
vn -0.4841056073954561 -0.7703891502260604 -0.4149003712968271
v 6.2928934099999996 -29.0982933000000017 -12.0000000000000000
vn -0.3054736359303546 -0.4123160053565946 0.8583014444111520
v 10.1305489874683126 -32.8607008627022239 -7.1461484464929432
vn -0.3170301904816302 -0.5716117524788363 0.7568037148106864
v 9.9890299710972901 -32.7219567572233174 -7.1155392461226361
vn 0.9536346440156970 -0.2995850887754798 -0.0288052133552723
v 11.1444984863212291 -33.8548090323008708 -4.4940958149309811
vn 0.6719388578894306 -0.6494536462999346 0.3559608581936603
v 11.1281156212238628 -33.8387037440796732 -4.3975658993775495
vn 0.2824910017796925 -0.8691671770627866 -0.4058906900018924
v 11.1280306107875191 -33.8386199379319166 -4.6052370922991299
vn 0.1588384090789558 -0.7979542923011035 0.5814114783864448
v 11.0895691488501669 -33.8009158397841105 -4.3107434117663965
vn -0.4518259816068047 -0.8484999225830541 -0.2755016582919216
v 11.0721349927592527 -33.7838244671990680 -4.7154665801843221
vn 0.2549012454812806 -0.3950720864378224 0.8825777028510055
v 11.0025075516776401 -33.7155598501865370 -4.2171830073404362
vn -0.1869807991557821 -0.4380382889615180 0.8792955351591016
v 10.8920476510014428 -33.6072675067697730 -4.1630229476388347
vn -0.5525696460299548 -0.6111327365730312 0.5667305925879496
v 10.8134149081781992 -33.5301784697457492 -4.1500100321171356
vn -0.7931326780268929 -0.6009937406955983 0.0987272945572859
v 6.5000000000000000 -29.3013382000000000 -9.2617998099999994
vn 0.2147632212958539 -0.3857477900867419 0.8972599407205378
v 9.8481829861804453 -32.5838728066292234 -7.0428166015326514
vn 0.3234242180280910 -0.5545679795600358 0.7667145043884442
v 9.7287954730515249 -32.4668250429985221 -6.9443367990497045
vn 0.4917918186621281 -0.5965570226750847 0.6342401168280315
v 9.6420370682903869 -32.3817675324029537 -6.8220241455075969
vn 0.6279339166060075 -0.6364682810138950 0.4478918660112699
v 9.5871657400545143 -32.3279710276798227 -6.7033801933790773
vn 0.6498901167808289 -0.7466481998895734 0.1419834557695378
v 9.5595434886275346 -32.3008902392474724 -6.5643396097386750
vn -0.2916890326010655 -0.7076325275733710 0.6435632946186234
v 6.2928934099999996 -29.0982933000000017 -9.2617998099999994
vn -0.6227071697806427 -0.5751794349244183 0.5304756340717346
v 6.9538807890678367 -29.7463195145475012 -4.1500429340682121
vn -0.0548747464839515 -0.9952505059392074 -0.0804064215474966
v 9.5579035611655954 -32.2992848281019462 -6.4529256034205211
vn 0.7849136015142312 -0.4709239226406376 -0.4026677256035224
v 9.5877651459762987 -32.3285592638751780 -6.2967302400131437
vn 0.4544293774495564 -0.5877300134382039 -0.6693783475843371
v 9.6550570459092491 -32.3945298466509826 -6.1542519147222352
vn 0.0358583783373359 -0.7262265781576007 -0.6865195801144485
v 9.7275396806159957 -32.4655930619330846 -6.0603453100238038
vn -0.6618486225305940 -0.4556915395910953 0.5952324097354349
v 6.8393289282775340 -29.6340163594505555 -4.1755237279395629
vn -0.9938489938946864 -0.1106833854001513 0.0036558898891047
v 6.5000130679894070 -29.3013510699487725 -4.6220542106438129
vn -0.9601039577391747 -0.1912952851576962 0.2039767246771282
v 6.5181327372301405 -29.3191295038052822 -4.5138360442266112
vn -0.7485916862322561 -0.2780099366758397 0.6019310279537374
v 6.6958404023315312 -29.4933432032795935 -4.2492554857480940
vn -0.8890393466278509 -0.3192669525062862 0.3281427329453947
v 6.5688050883315467 -29.3687880599246895 -4.3921092543463303
vn 0.8711594300433988 0.4835028504217629 -0.0854765528112273
v 31.6428928399999982 52.5831146200000035 -10.1499996199999991
vn 0.5546806696525330 0.5605365165651442 -0.6149212700100977
v 31.6428910732739368 -26.4123204563619822 -5.4909646499956386
vn 0.3161001127078971 0.5282164257901856 -0.7880787563889133
v 31.6429842059671493 -26.2142525118677625 -5.3384466864802880
vn 0.7089901673551112 0.6466619476822689 -0.2813561231136545
v 31.6428926625290288 -26.9132755955416698 -6.1481275249813150
vn 0.7087608351421285 0.5667223467512345 -0.4200998217821640
v 31.6428933920739865 -26.6609768655440575 -5.7455190140266552
vn 0.7068725028509183 0.3192744468354164 -0.6311854658586629
v 31.6428928408957368 -26.0054929173542924 -5.2169724989407413
vn 0.3170497000824784 0.9261665866142871 -0.2041933924417013
v 31.6429212720434734 -27.0454874516459789 -6.5370254240494701
vn 0.8011013021317385 0.1734507077142323 -0.5728451411300136
v 31.6428913664021962 -25.7183677850956407 -5.0934320252252716
vn 0.7083620853751895 0.0815052054207138 -0.7011277041254611
v 31.6428927489386815 -25.2492543379867556 -5.0008343575628365
vn 0.8006612609499467 0.5983036241929912 -0.0312140752157309
v 31.6428928028514065 -27.0975163431151849 -6.8730996420369772
vn 0.6000175956110665 0.0049083457392502 -0.7999717451880528
v 31.6428928399999982 -29.0982933000000017 -10.0000000000000000
vn 0.7082076986390760 -0.0585515540070604 -0.7035720084765327
v 31.6428928402201990 -22.5731344790400037 -5.0000229835172671
vn 0.2436777097082335 -0.3246403571488827 -0.9139090831705283
v 31.6429125214645879 -22.4646618501986239 -5.0188161874860935
vn 0.4485990589629327 -0.4469696632553342 -0.7739360467293048
v 31.6428891785488453 -22.3569092567577279 -5.0650632537195079
vn 0.7082291353319627 -0.4705838350521490 -0.5262721216771343
v 31.6428928390844035 -22.2752021976904686 -5.1231236106550835
vn 0.8577779578354615 0.5127247029329295 -0.0364740188896718
v 31.6428928400194884 -27.0988667012865001 -8.0929163617536286
vn 0.5553461455013585 0.7947355447620009 -0.2449205433781120
v 31.6428928400379874 -27.1960164968602101 -8.6193101687414817
vn 0.7085183460207123 0.6342823094429504 -0.3093342937338044
v 31.6428927700107572 -27.3135201868276027 -8.9125494837579833
vn 0.7079386064803479 0.6941398983512395 -0.1303561696721493
v 31.6428922064440563 -27.1314298989186788 -8.3714102528627592
vn 0.8582218963733379 -0.3195802137378974 -0.4016511715065593
v 31.6428928399996536 -20.2279709472248079 -7.1702659759689986
vn 0.7085685749058770 -0.3267012114878917 -0.6254573471214472
v 31.6428928400032881 -20.1420737410234665 -7.2302799986041890
vn 0.7085977413113281 -0.1955277953313717 -0.6779809158533430
v 31.6428928400039133 -20.0520594093973763 -7.2694352601219174
vn 0.7080739931591747 0.5643601439403659 -0.4244158905404347
v 31.6428930667560842 -27.5348972682057180 -9.2504480092643977
vn 0.7094658629877980 -0.0304590085237011 -0.7040812723363207
v 31.6428928163235952 -19.9421896377419223 -7.2923897730930749
vn 0.7079300487663684 0.4839725283183879 -0.5143983260924889
v 31.6428929887700860 -27.7373878108187917 -9.4681049344455470
vn 0.7083976753066095 0.3752573626112839 -0.5977914731963102
v 31.6428917797096823 -28.0379839692964907 -9.7012753233135793
vn 0.7080838736586800 0.2593916287968092 -0.6567596293733780
v 31.6428928367268973 -28.4019243330397515 -9.8770347364275430
vn 0.8025113841473311 0.1416078582776399 -0.5795883822058154
v 31.6428928399147722 -19.7983669105685181 -7.2847463334204523
vn 0.2721653780557864 0.9525793854820561 0.1360827738634808
v 31.6428928399999982 52.5831146200000035 -0.1500000100000000
vn 0.3015113222072311 0.3015119888961781 0.9045338264170767
v 31.6428928399999982 -19.3982925399999999 -0.1500000100000000
vn 0.7100080403224482 0.3211779789928479 -0.6266843611320987
v 31.6428928157546565 -19.6645439849543422 -7.2365914330286696
vn 0.5560178362868282 0.5307187164537444 -0.6396732054233663
v 31.6428928400008544 -19.5738710191643008 -7.1743206415026100
vn 0.5564641724805603 0.6683531403804350 -0.4936108836818083
v 31.6428928617109619 -19.5002747463629902 -7.0982539633520849
vn 0.7079653346738461 0.6276367395281953 -0.3238166272669845
v 31.6428928400003926 -19.4525355125471933 -7.0196918083811992
vn 0.5560901671267339 0.7822931265621550 -0.2806798713099486
v 31.6428928400006022 -19.4239314472585960 -6.9532601538501444
vn 0.6022441815148943 0.7936743536280564 -0.0859241888209719
v 31.6428928400654179 -19.3983445646650594 -6.8410492266835652
vn 0.5548290185727168 0.0490644773675077 -0.8305163678160047
v 31.6428928399999982 -29.0001583099999998 -9.9975910199999998
vn 0.7072977442302387 0.0754073824352099 -0.7028823711554345
v 31.6428928399999982 -28.9022598299999984 -9.9903697999999999
vn 0.5552611291435698 0.1759558619329067 -0.8128496866663947
v 31.6428927300226519 -28.7104724776221616 -9.9633194529964282
vn -0.0441602457550680 0.8328785548236179 0.5516912049414723
v 26.4765119773371467 52.5831146200767492 -0.1500061677724433
vn -0.2961683781572266 0.3178160999166679 0.9007092862924623
v 26.4049466262474049 52.5831160132978042 -0.1621204640833740
vn -0.3535596611417641 0.7099796777334171 0.6090356502035610
v 26.3252857745118369 52.5831219647917649 -0.1957340954458657
vn -0.5690759627825229 0.5577815818687544 0.6041789929409451
v 26.2521912778038988 52.5831140872288572 -0.2516145975353931
vn -0.7244836421788159 0.5595652675816104 0.4025048615006261
v 26.1850697911862547 52.5831148246519291 -0.3420908921821117
vn -0.8848946217673205 0.4504318736462221 0.1186281398776216
v 26.1500370424345618 52.5831146318119949 -0.4624882576792825
vn -0.5982240181323291 0.8003582201472186 -0.0394302367782281
v 26.1500015650742341 52.5831146199796891 -3.8019375482554052
vn -0.6894042351150210 0.7091087445122995 -0.1479411675689467
v 26.1567213121766038 52.5831215506440870 -3.8655528263732215
vn -0.3510594385340612 0.8958303919640650 -0.2724796863064457
v 26.2266813772183767 52.5831146238531630 -4.0144312430422548
vn -0.8826290629492491 0.2436816988740850 -0.4019765750279113
v 26.1794059213264028 52.5831147816432747 -3.9345933047727919
vn -0.6124709513986907 0.5553914338169470 -0.5625119455936366
v 28.2757305173245683 52.5831146204973123 -6.0636270953463161
vn -0.6866835535029181 0.5555349854699652 -0.4688779982761939
v 28.3340522104788093 52.5831146190721981 -6.1390980441395415
vn -0.7598030086571061 0.5568692385368798 -0.3355533328801326
v 28.3950274929423614 52.5831147107974672 -6.2489103011130265
vn -0.6939887866831300 0.7082634321062594 -0.1293927150157191
v 28.4357263903851312 52.5831146218426611 -6.3979106748221355
vn -0.8314245341547664 0.5555471456908171 -0.0100305992002380
v 28.4434405609298366 52.5831146203353654 -6.5016880847987588
vn -0.8208015352397653 0.5562024625734862 0.1300909696144745
v 28.4344184651060630 52.5831147222841793 -6.6139440720369844
vn -0.7782685362227838 0.5558579509220930 0.2920959156207725
v 28.3995795013497663 52.5831146719961637 -6.7345647811100138
vn -0.7030153747639470 0.5565006561923961 0.4428051518477847
v 28.3369658375747200 52.5831145683974981 -6.8592551494167280
vn -0.6017617478025412 0.5557569373254374 0.5736000570922920
v 28.2537039540893034 52.5831146202756301 -6.9592040431813702
vn -0.4152870304778610 0.7085611860355333 0.5705065538280860
v 28.1663320579759677 52.5831146210167901 -7.0336443966908853
vn -0.3478041184415677 0.5558941402148657 0.7549927152429082
v 28.0465043584902887 52.5831146671757992 -7.0993652035266059
vn 0.2144167739198828 0.9487586920729916 -0.2321258091590338
v 30.3421939049113547 52.5831146212765574 -11.4505230004708558
vn 0.4839972362577664 0.6006236846887566 -0.6363944254043595
v 30.1654522975701198 52.5831154077140184 -11.6012695069627405
vn 0.4818671442338364 0.3164948920335482 -0.8170893700352487
v 29.9557799157483622 52.5831156760827341 -11.7377254215136659
vn 0.3545690729682157 0.5548851665348382 -0.7525843636789600
v 29.8195762600000016 52.5831146200000035 -11.8079786299999991
vn 0.1908383872685709 0.8004376947607217 -0.5682254893533665
v 29.6427937671537975 52.5831145578106387 -11.8832028543542059
vn 0.1683856314270320 0.3168320695130247 -0.9334150839026620
v 29.3557367302583074 52.5831090518703661 -11.9630363892380061
vn 0.0160097128892776 0.9193700865356945 -0.3930678479302936
v 29.0547586370332453 52.5831146195304910 -11.9999848098054755
vn -0.1848103970460221 0.7078665035234564 0.6817405153965608
v 27.9528842620719686 52.5831146200609254 -7.1305295239831228
vn -0.0729169836945108 0.4484173393969175 0.8908451061868634
v 27.8413257821244429 52.5831146206752464 -7.1499927815644648
vn 0.4083476223358542 0.7109767010157567 0.5725070741444211
v 10.9957213187788163 52.5831529307035055 -4.2138309077845300
vn 0.7348143019582882 0.3188741273475717 0.5986378141630200
v 11.0727759830713790 52.5831330813641031 -4.2876122325646477
vn 0.6557436521121804 0.7097585076895013 0.2573773950387873
v 11.1233331260343267 52.5831191486112317 -4.3815551601223008
vn 0.2566529789648032 0.7102868993366707 0.6554553905638361
v 10.9045331231660274 52.5831149641060307 -4.1668848391325168
vn 0.7006806483788673 0.7102308311375721 0.0679617207625269
v 11.1434409294817822 52.5831140458982134 -4.4755675498356817
vn 0.0547833359903637 0.7820617500199658 0.6207883739677117
v 10.8158739374688491 52.5831146200167439 -4.1500070482474021
vn 0.8101878754748639 0.5585241181935168 -0.1778943951609517
v 11.1336899338894266 52.5831130297007974 -4.5842973152776052
vn 0.7292463436925150 0.4526268056196247 -0.5131556733055503
v 11.0794395558504313 52.5831146512776044 -4.7081837770517918
vn -0.0268814176129778 0.9704427853835044 0.2398295012800182
v 6.9578969302268669 52.5831146097806084 -4.1500712157652870
vn 0.7309981528511428 0.5564357470495629 -0.3949948859588085
v 9.6423373211919490 52.5831146539788747 -6.1756658384563181
vn 0.5444720065329928 0.7079205265971621 -0.4498874994088340
v 9.7227354876746812 52.5831146206626485 -6.0652037936010945
vn -0.3418411706015966 0.2447017716344868 0.9073398795603957
v 6.8193335193011206 52.5830721739942959 -4.1814536583122868
vn -0.4413984794990377 0.7109775371481812 0.5474288300470154
v 6.6860586387611152 52.5831163636766519 -4.2586458681701425
vn -0.6687884708856843 0.5585409173815332 0.4906669184089992
v 6.5779415931498812 52.5831148829935131 -4.3775205452420476
vn -0.7812538276128739 0.5564512741737080 0.2828505547293322
v 6.5242596401298893 52.5831146230570994 -4.4936394053145285
vn 0.5508002375238417 0.8328286893507177 0.0549133184031478
v 9.5597832150119579 52.5831146199316706 -6.5639094470831960
vn 0.8898479844543383 0.4492804050841241 -0.0794838484850674
v 9.5573101677911474 52.5831145688371890 -6.4480637435322556
vn 0.5262240716020395 0.8334932651031101 -0.1684553456982845
v 9.5882818094117468 52.5831146496234965 -6.2979869953290413
vn -0.9481777953157305 0.3168347979524650 0.0239703833223697
v 6.5000931200593461 52.5831146378685759 -4.6046540424483080
vn 0.5671189076697110 0.5567264441393777 0.6069858408228631
v 9.7494189912145899 52.5831147571233330 -6.9646340523762644
vn 0.6803847886089941 0.5552199511585664 0.4783381076863662
v 9.6666517299999999 52.5831146200000035 -6.8611206999999999
vn 0.7449879488764889 0.5554492895613146 0.3694171662966313
v 9.6326424016414176 52.5831146205538005 -6.8052574325689887
vn 0.8032236895209184 0.5566729369239294 0.2120069477373091
v 9.5813757709175906 52.5831146416053556 -6.6843511518121597
vn 0.0308042016532983 0.7073014916002749 0.7062405405671138
v 10.1913106881520292 52.5831146200231103 -7.1499987598307682
vn 0.1482778683297807 0.5556644740585743 0.8180774205616387
v 10.1119191994274189 52.5831146020252618 -7.1435949587860001
vn 0.3290152342568797 0.5572726277217925 0.7623622459296755
v 9.9678664725548778 52.5831145311235275 -7.1076864090496485
vn 0.3896228822214812 0.7083517620461490 0.5885845655940541
v 9.8461658288339127 52.5831146351143985 -7.0410746501144503
vn -0.9901477640435117 0.0990163395446130 -0.0990109582966464
v 2.0000000000000000 52.5831146200000035 -12.0000000000000000
vn -0.5360229884257943 -0.1090957736507778 0.8371245236227517
v 103.1221377070401672 -23.2375566622677603 4.9999424959320908
vn -0.7756879036851557 -0.1667794453488564 -0.6086812734803466
v 103.1226102994545926 -23.2151365194816428 -4.9999755973451814
vn -0.5466135142691595 -0.4390461641806233 -0.7130582947674059
v 102.9046446565026827 -22.7584637997113468 -4.9992450741333210
vn -0.7034769414261739 -0.5451074569148081 0.4560461087407131
v 102.9257110456711501 -22.7756890811649235 4.9995892655066045
vn -0.3499816645032652 -0.6594723250818968 0.6652887245118477
v 102.6276261208562346 -22.5318577220255740 5.0042583952183088
vn -0.4405973404729919 -0.7918093555403832 -0.4229798199049801
v 102.6149318436493729 -22.5235320976308770 -5.0051563670559265
vn -0.1757557518675661 -0.7908370773595912 -0.5862479277223984
v 102.4067561857794288 -22.4379003711268972 -5.0285413312080900
vn -0.2282217891329840 -0.8965868958316267 0.3795349169548798
v 102.4092822209005220 -22.4355087538214164 5.0286737321230071
vn -0.0328102284404528 -0.8365186738701602 0.5469552058223728
v 102.1845193261808475 -22.3983011866257122 5.0447600349672168
vn -0.0699219621705079 -0.8338131981482102 -0.5476006481004928
v 102.1977042168941949 -22.3983247556120126 -5.0446531106091106
vn -0.4506573791453117 0.4910406083766170 -0.7455112658753058
v 103.1243057354199948 -28.0117091214965228 -9.6873629108110766
vn -0.5605911065797132 0.6594253624810885 -0.5008950015127102
v 103.1242150382799139 -27.4579485607444944 -9.1812081933630925
vn -0.3178508572796019 0.2868497310205751 -0.9037079530136082
v 103.1243057493556137 -28.4567965335784230 -9.8974365039736636
vn -0.5574864216066572 0.7958971025004555 -0.2361285496410458
v 103.1243057309407192 -27.1600235385731210 -8.5205500794203637
vn -0.9197494317637432 0.0360457504055328 -0.3908473956008580
v 103.1243057120187387 -28.9179059105061889 -9.9997733916942728
vn -0.7082088820297410 0.7041972946721463 -0.0504613673082196
v 103.1243057307111002 -27.0988667562055667 -8.0929184113715191
vn -0.5558791629246715 0.8298203813075630 -0.0489539681000156
v 103.1243057234778746 -27.0976184674542608 -6.8714555423600148
vn -0.7086873301975031 0.0680968843179237 -0.7022286539039307
v 103.1243057299830781 -25.2395534742448078 -5.0009337005626051
vn -0.8954802540126918 0.0479099344301412 0.4425152572016748
v 103.1243057302216073 -25.2678537998196759 5.0014625912093198
vn -0.7108275291087718 0.2282088302725148 0.6653156796940596
v 103.1243051747464392 -25.8261421642208511 5.1244574522340898
vn -0.7107491932327860 0.2159657826691286 -0.6694731996391300
v 103.1243050297781281 -25.7808671410276240 -5.1071195410644332
vn -0.5570944121779878 0.4899858417700485 0.6704921258187594
v 103.1243057301124963 -26.3586411588015395 5.4409818182996030
vn -0.7100647290266408 0.4334317950479818 -0.5549278868770314
v 103.1243057301152817 -26.3450290670399276 -5.4272600842034491
vn -0.8012022994948595 0.4656248867409018 0.3758568080155948
v 103.1243057301255988 -26.6686962975706905 5.7567718223997471
vn -0.7084974811687035 0.5448669030515101 -0.4484990269071483
v 103.1243057301220887 -26.6532605624242329 -5.7397433278797765
vn -0.8009409998629197 0.5221358364893706 -0.2930318805047187
v 103.1243057300035844 -26.8478360904951678 -6.0248687668777814
vn -0.3174331408308241 0.8979044564460822 0.3049652245692021
v 103.1243057339527667 -27.1865388627985709 8.5927641039461751
vn -0.8012748385305465 0.5925691943495029 0.0825856104041590
v 103.1243055269184481 -27.1017504635168045 8.2044909457010124
vn -0.5581294033790718 0.7075889189772090 0.4333699237653509
v 103.1242856114428434 -27.3695538094665771 9.0195495093491687
vn -0.7116612251895249 0.4476744449812343 0.5414110193489675
v 103.1241654483266501 -27.8583898628038042 9.5886142063032462
vn -0.3183485592477006 0.3276814384173433 0.8895386836679190
v 103.1243057612891647 -28.4368330096496287 9.8924809186638178
vn -0.8583784268819251 0.0515369307425557 0.5104218069727711
v 103.1243054729085742 -28.9178140250361224 9.9997912264121585
vn -0.5567997385235266 0.8281116928901686 0.0648465517873653
v 103.1243057195098345 -27.0967933372196619 6.8192977705904569
vn -0.4557373863729960 0.6837692475408809 -0.5698798564428191
v 103.1243057300000032 -50.2482948299999990 -10.0000000000000000
vn -0.7088120020308826 0.6814122830383084 -0.1823810469908880
v 103.1243057300165162 -27.0209493889437233 -6.4321931298825437
vn -0.2479647206351497 0.7442491472434120 0.6201666744898394
v 103.1243057300000032 -50.2482948299999990 10.0000000000000000
vn -0.8597459177683233 0.4788041423611954 0.1777176134727891
v 103.1243057227856781 -26.9597880481940955 6.2275128571489811
vn 0.0149298606368168 -0.7241596021331314 0.6894707897364110
v 84.9489350280146596 -22.3982942804256950 5.0449083498935385
vn 0.4526173847754242 -0.1563467696969316 -0.8778913318881729
v 113.4743041540072284 -22.5210723653548932 -5.0004851896167155
vn 0.3763272552708872 -0.6168332593289103 -0.6912991589217751
v 84.4060035247998854 -22.5740903777172583 -5.0000431491481017
vn 0.1924213537105078 -0.6411379235985589 -0.7429106174769237
v 84.5903370570189992 -22.4715083074930284 -5.0166688040695027
vn 0.6012257646712826 -0.3702330267012219 -0.7081349347653200
v 113.4743042053510891 -22.3536564554879824 -5.0674670865825568
vn 0.1437122098823756 -0.8855314602787897 -0.4417927495865437
v 84.8043001178896674 -22.4120749852552628 -5.0384557989218752
vn 0.0263797163309933 -0.8451547775744321 -0.5338703143174459
v 84.9406717767550958 -22.3982944278405789 -5.0448708697236135
vn 0.7082773351845639 -0.4386010392163623 -0.5531476700323160
v 113.4743041997062534 -22.2787533849193231 -5.1196224410919573
vn 0.8584383088008721 0.5117348589128192 0.0348009217776734
v 113.4743033808042298 -27.0998213944277317 8.1698430561498192
vn 0.3171358088979407 0.9170260827987625 0.2418430114380113
v 113.4743041878811312 -27.1794055798598144 8.5692488345297022
vn 0.7080929676831390 0.6407314818355364 0.2967617180542715
v 113.4743041991639103 -27.2837095459030969 8.8446650191672198
vn 0.3189078323921337 0.7274788210246832 0.6075132586203265
v 113.4742862058094488 -27.5201403383513714 9.2443765455021296
vn 0.7115877203488488 0.3503996671170772 0.6089852129017340
v 113.4743248579325297 -28.0644069419842346 9.7289839262974560
vn 0.5575427586905506 0.1805578102271862 0.8102746135710374
v 113.4743192012739570 -28.7066352593903531 9.9675878307096308
vn 0.9266104384285387 -0.1976307412672285 0.3198987113156868
v 113.4743042000000059 -29.0982933000000017 10.0000000000000000
vn -0.4733739962243781 -0.4886818721929213 0.7328759018337169
v 98.2243042000000059 -54.0982933000000017 10.0000000000000000
vn 0.1739291735407485 -0.6956676146694893 0.6969901093211404
v 98.9743042000000059 -52.2982940699999972 10.0000000000000000
vn -0.1562884718093523 0.9370448762141498 0.3122832264792748
v 98.2243042000000059 -50.2482948299999990 10.0000000000000000
vn 0.7938630717286962 -0.1876085047737939 0.5784327724826976
v 98.9725427471144457 -53.7295772332556396 10.0000001006982071
vn -0.2278864836138133 -0.6915142249864762 0.6854748917556968
v 102.9743042000000059 -52.2982940699999972 10.0000000000000000
vn -0.7806811584719848 -0.5479183487618390 0.3005368727742729
v 103.0313167920701858 -54.0289957706511856 9.9982901794730488
vn 0.8276076627915274 -0.4776925156069671 0.2947463604895449
v 104.9743042000000059 -54.0982933000000017 10.0000000000000000
vn 0.7094636839411383 0.6942777259783360 0.1209947121944561
v 113.4743041994885573 -27.0945835643220612 6.7826388899442769
vn 0.5601049603373862 0.7206147854554531 0.4086523759730836
v 113.4743257168689468 -26.8758398304767994 6.0382178436245857
vn 0.5574162685068299 0.5601802275651554 0.6127684850324571
v 113.4743041993135790 -26.3814728805214642 5.4597194717093096
vn 0.8030747142638938 0.2573165732579686 0.5374562162974227
v 113.4743043093822621 -25.8935407333758647 5.1518083092295228
vn 0.4494035201527343 0.1018264865625690 0.8875065310794361
v 113.4743042016764889 -25.2743134925458719 5.0007748020854779
vn 0.8577677679101317 0.5137294244682971 0.0177914240560698
v 68.8243026707388736 -27.0984212779048406 8.0583349080478897
vn -0.8012092662069396 0.5947559572841663 0.0657956155008266
v 31.9428936069145273 -27.1022965635514019 8.2141878094009417
vn 0.3173432689647431 0.9276533508332476 0.1968565729931784
v 68.8243146068754612 -27.1293175348419133 8.3664193622288519
vn -0.3169039053448341 0.9045552032673783 0.2852223676696909
v 31.9428940189230559 -27.1960162240709451 8.6193093168051202
vn 0.5570507103339997 0.7595086063637827 0.3359184171428102
v 68.8243053893151142 -27.2758166308409074 8.8400962675164756
vn -0.5566853898776453 0.7186031871574401 0.4167863194779112
v 31.9428939927661943 -27.3326849350200014 8.9526639501602077
vn 0.5566644033325919 0.6556438453712964 0.5101528105275016
v 68.8243057502154443 -27.5344844575049770 9.2523044861066222
vn -0.8013033624397314 0.4347044354425488 0.4110291658135163
v 31.9428931052683538 -27.6301025317819544 9.3631507423370159
vn 0.6030133729106779 0.4695418669787501 0.6449072082439439
v 68.8243026679755303 -27.8968825532739331 9.6067207796703364
vn -0.4492813751985945 0.5166520300851107 0.7288462977257919
v 31.9428908139348557 -27.9258729115965991 9.6237812623245631
vn 0.4506701158208793 0.3308304741390987 0.8291246251842326
v 68.8244447576719551 -28.3512069974918361 9.8604332083449506
vn -0.4505645946460138 0.3261469893612200 0.8310353105506922
v 31.9428932060347499 -28.3637527707561468 9.8692722881425166
vn -0.8954432378348951 0.0333955029185904 0.4439213310943437
v 31.9428939601839232 -28.9328361916981436 9.9999263201280346
vn 0.8956733099374428 0.0702266716143657 0.4391327093939524
v 68.8243026510174474 -28.8967330055225027 9.9997281245782457
vn 0.1961168562349215 0.7844661454597398 0.5883460251655225
v 68.8243026699999945 -50.2482948299999990 10.0000000000000000
vn -0.0975894899413963 -0.9759000123772238 0.1951805761214792
v 31.9428939800000009 -54.0982933000000017 10.0000000000000000
vn 0.0636821234147301 -0.9310626891420449 0.3592587591764113
v 68.5141375024150392 -54.0982906557179248 10.0000000034620271
vn 0.8495969771352890 -0.4391051727537859 0.2921842290464138
v 68.9611336567415520 -53.8111837777743744 10.0017493479389401
vn -0.1733933029938124 -0.6984505051306965 0.6943354048005693
v 72.9743042000000059 -52.2982940699999972 10.0000000000000000
vn 0.2650426633186399 0.9271684944899266 0.2647847606004641
v 74.9743042000000059 -50.2482948299999990 10.0000000000000000
vn -0.7876135530791081 -0.5406026012803341 0.2956581108223467
v 73.0183969662919736 -53.9994023497693618 10.0001030237049111
vn 0.2055265865837918 -0.8716198089367345 0.4450143041255028
v 74.9743042000000059 -54.0982933000000017 10.0000000000000000
vn -0.5553225322804017 0.8309082439637702 0.0347616923455418
v 31.9428939785290460 -27.0979840005164370 6.9104059265468765
vn 0.5554037862572960 0.8284521500134105 0.0720671169758946
v 68.8243026699712175 -27.0976075178628690 6.8965643782230224
vn -0.7089769801406185 0.6908392364570259 0.1417490423324352
v 31.9428939613610190 -27.0561320735851076 6.5676121277812172
vn 0.7090536487770642 0.6764143594465019 0.1992649931385594
v 68.8243020310569307 -27.0456886154391292 6.5228693889761979
vn -0.5568603001449027 0.7531306774117255 0.3502867237905034
v 31.9428939138980681 -26.8756501224605131 6.0700408812690636
vn -0.5554060590358610 0.6583746649449342 0.5080028643077709
v 31.9428939800093197 -26.6807429752073624 5.7760512330970428
vn 0.5573630212226265 0.7132283443277122 0.4250315181502852
v 68.8243041728861868 -26.8484856895525965 6.0189872511838214
vn -0.5565168302586074 0.5372166118593411 0.6337880793934849
v 31.9428938910191746 -26.4368839453245883 5.5050966811243338
vn 0.5567524572702167 0.5998875965068429 0.5745968785860387
v 68.8243051557178518 -26.5041537931683138 5.5691341055518597
vn -0.7079240564065112 0.3505023112889845 0.6131815882281777
v 31.9428939761112787 -26.0666159015221801 5.2482075363354639
vn 0.5554300846172984 0.4662055545632708 0.6885853628972765
v 68.8243045564495191 -26.1867731673716619 5.3202265648866005
vn 0.5550792878680202 0.3635433874267107 0.7481465027908933
v 68.8243026696191720 -25.9900075532922230 5.2091778292628286
vn -0.5551742770155362 0.3136760677642861 0.7703173674870712
v 31.9428939221008861 -25.8347617506576945 5.1397575656103518
vn 0.5553093942608862 0.2699591576170383 0.7866088798534547
v 68.8243034029176357 -25.7585002463888557 5.1097486852423302
vn -0.5553449954275782 0.2086612604923410 0.8050170274120235
v 31.9428937508088211 -25.5979800012841707 5.0621073331064075
vn 0.5551836641906995 0.1641822155705679 0.8153620662663479
v 68.8243026693393176 -25.5281462082359241 5.0461766388235878
vn -0.5558460282158275 0.0905046496698017 0.8263438154332832
v 31.9428941443686725 -25.2507657648502892 5.0008394285753068
vn 0.1416216442620647 0.0214603336024836 0.9896882155296077
v 68.8243024247226600 -25.2283649476333238 5.0001889279155529
vn -0.0708932377765912 -0.5554236504618336 -0.8285401120918664
v 64.1463566334310968 -54.0982932469623705 7.9999164056802190
vn -0.1864044868702130 -0.5554608305304372 -0.8103805482741361
v 64.5780850808341995 -54.0982932996986534 7.9409736630769929
vn -0.3504497205546822 -0.0459078442966754 -0.9354557515966094
v 65.0033122253236400 -32.1591618657034601 7.8237898955325313
vn -0.3177099558746760 -0.5558759957395014 -0.7681551023710832
v 65.0648386883762129 -54.0982911805833524 7.8004235678625058
vn -0.4522168156345686 -0.0394984302063562 -0.8910330104258563
v 65.4421452326661495 -32.1333508790166249 7.6173247602865297
vn -0.4237260691591301 -0.5552912471834170 -0.7156171106928881
v 65.4647131251691405 -54.0982932998341184 7.6045375445031036
vn -0.4337633831767075 -0.7078334711076752 -0.5575133223473292
v 65.7775339883743868 -54.0982932999076453 7.4004655206593259
vn -0.6864205832990105 -0.0236251313550642 -0.7268209105356712
v 66.0340822443431534 -32.1061103412106732 7.1822553940708245
vn -0.5884339809391897 -0.5554928711035918 -0.5875143574663904
v 66.0528650094449574 -54.0982932997407460 7.1643719996030040
vn -0.7642036653144406 -0.0690655986780360 -0.6412664820487806
v 66.2833480074828145 -32.0878917087045679 6.9189064796804081
vn -0.6681973407190540 -0.5558997579529814 -0.4944570486541788
v 66.3781971780330622 -54.0982986410568998 6.8037812941719551
vn -0.8614834920504690 -0.0424753356659365 -0.5060059671432693
v 66.5669173131529845 -32.1291334708206406 6.5212567934790444
vn -0.7422239104624526 -0.5556692127414739 -0.3746136579852581
v 66.6307709875554792 -54.0982932997485406 6.3989459217341444
vn -0.7899128375576639 -0.5557735094618592 -0.2591399530023271
v 66.8072614013916848 -54.0982932991704004 5.9940947860103968
vn -0.9313219065197841 -0.0409727039387032 -0.3618849872104477
v 66.7949335936030337 -32.1118873033978574 6.0285566898487053
vn -0.5427824304301588 -0.8327415737163284 -0.1092186093153664
v 66.9184292476236351 -54.0982932993509920 5.5856186774568366
vn -0.9760731495284984 -0.0534461347973110 -0.2107717187972465
v 66.9194414104081261 -32.0221251329046268 5.5860784677502284
vn -0.7977598009973512 -0.6007940017550936 -0.0512432177733527
v 66.9741858506044849 -54.0982918417788099 5.1676797229314326
vn -0.0327267745269962 -0.0670684863595485 -0.9972115003180109
v 64.1140315333188937 -31.9197806229705954 7.9998850219496891
vn 0.0492884864870730 -0.0605709781539524 -0.9969462381218394
v 36.6146051200798155 -31.8889976058290792 7.9996373088083637
vn -0.0244246768520092 -0.2309498378379123 -0.9726590397273430
v 63.9122577041341984 -31.3310466278178197 7.9046155953299309
vn 0.1991127494935529 -0.1951088218733946 -0.9603575691461456
v 36.2413098236734967 -31.5259832663902166 7.9478005971379773
vn 0.0215141856835399 -0.4048759056825452 -0.9141185047968959
v 36.8712876659330888 -30.9043237755729940 7.7602699646710018
vn -0.0303299485424758 -0.5594658265232992 -0.8282983056689253
v 63.9832717078094220 -30.4335085979927449 7.4985410336962923
vn -0.0494964899407172 -0.6473163887827905 -0.7606126414258151
v 63.9541145939439133 -30.0526530837711547 7.1982270937506447
vn 0.0609650845990209 -0.7188209417076553 -0.6925169400255520
v 36.8317381973196518 -30.0032425378162984 7.1512066775704994
vn -0.0993147051825549 -0.7580797945596727 -0.6445553617920393
v 64.4146380884500900 -29.7836588046785273 6.9070375674728570
vn 0.0507109266875764 -0.7952176924306171 -0.6041996553787593
v 36.7674265806724208 -29.6851326700375715 6.7866372633794931
vn -0.0310022457632812 -0.8459847159582586 -0.5323051015373210
v 63.9654600153201187 -29.5929969653207543 6.6529972708624001
vn 0.0414869166713770 -0.8590021410536077 -0.5102883081263180
v 36.7928924599999974 -29.5251083399999992 6.5423083300000000
vn -0.0188575984515714 -0.8790578050420343 -0.4763420686600334
v 63.9815443380815765 -29.4237558929438698 6.3608069994845016
vn 0.0457503261069723 -0.8969646058160211 -0.4397287841094958
v 36.8031169388784321 -29.4120923073172094 6.3376368480101881
vn 0.0663023913149284 -0.9225535633086968 -0.3801301299980687
v 36.7619042523232693 -29.2988140053416863 6.0798934286736293
vn -0.0248375600369599 -0.9759805501487260 -0.2164371995355709
v 63.9303718543555206 -29.1819521022018904 5.7161741599452665
vn -0.1376210292124286 -0.9825657967807845 -0.1249996292596663
v 64.2697582529623190 -29.0993434112869807 5.2116903062247042
vn -0.0835767394926866 -0.9217440644975003 -0.3786856323910371
v 64.3207639668763420 -29.3177071129811786 6.1284924387726534
vn -0.2904280874253715 -0.9509881748507789 -0.1061744664616926
v 64.9229851537122187 -29.2484365338460890 5.1819261379758066
vn -0.4709730817748395 -0.8756231197121690 -0.1070911222699569
v 65.4190277906358375 -29.4659231696623145 5.2942057721401286
vn -0.1680468682952568 -0.4862569387564035 -0.8575047752446676
v 64.4516643339839703 -30.7666651982794512 7.6919989587707454
vn -0.7073135306285794 -0.6885723143482529 -0.1599241610977673
v 66.1242464341876683 -29.9837074506283869 5.3532191634925752
vn -0.3887645212906543 -0.7962796878157931 -0.4634660783246510
v 65.1230391011065137 -29.6922439823015161 6.5220123271355979
vn -0.6379435886417125 -0.5763301699366270 -0.5107558251569453
v 65.9451181641640432 -30.3913694591853378 6.5541954269074294
vn -0.1881429299977622 -0.1209116169712059 -0.9746705180589313
v 64.5352583275465861 -31.7349529362109273 7.9489319109020604
vn -0.4757300570102070 -0.3086963510048333 -0.8236428083419207
v 65.4495457593547627 -31.1656083598855425 7.5080043251222497
vn -0.8891200380234003 -0.4536049685972177 -0.0608940920712699
v 66.6366281038454673 -30.7001553114705921 4.9764849128280551
vn -0.6273168417548920 -0.0988068731152393 -0.7724705702328450
v 65.7524288915667796 -31.6775642055627422 7.4183242398385207
vn -0.9641601996821690 -0.2571527992789935 -0.0653264660900727
v 66.8752543965336343 -31.3166497943869224 5.0897231325589152
vn -0.8716476568947102 -0.2878564321204272 -0.3966976641182293
v 66.5981568321421520 -31.0493850889535139 6.2363374610165989
vn -0.9888644376453803 -0.1110373721981558 -0.0990849430317942
v 66.9739455512624602 -31.8971066349389680 5.1483414811171162
vn 0.7973103684124826 -0.6009950714820153 -0.0556875253201161
v 33.7931048687144582 -54.0982937921320115 5.1995973616084328
vn 0.9746410972959897 -0.0341347926494104 -0.2211550302219033
v 33.8576058344598252 -32.1767263339873821 5.6505556278214071
vn 0.6852137801960245 -0.7082498823170130 -0.1698946132972185
v 33.8761252803891253 -54.0982932997122603 5.7115782451409896
vn 0.8054312303730898 -0.4500848272413940 -0.3856218113991675
v 34.0697358551319951 -54.0982894841143604 6.2855420053147455
vn 0.9106813963415806 -0.1448317977193755 -0.3868890599729110
v 34.0604530080791079 -31.7944447410606870 6.2523420201705626
vn 0.5600307945493507 -0.7084849535032953 -0.4294351869791955
v 34.4202281159897439 -54.0982935021861664 6.8380906827188310
vn 0.7393052147929914 -0.1375071425747260 -0.6591809957218296
v 34.5271706322985708 -31.5753459741918441 6.9796147714881389
vn 0.5495223829823737 -0.5563057303758722 -0.6233370556547563
v 34.8236421837601924 -54.0982921237032173 7.2771927635721836
vn 0.5814464392162854 -0.0395802999120666 -0.8126213375130963
v 35.0068352165316199 -32.1266440840125185 7.4183679558468949
vn 0.4232680588934660 -0.5552125591035080 -0.7159491354379103
v 35.3024665594762936 -54.0982932998415791 7.6045302620975370
vn 0.4644980616703583 -0.0995786061733087 -0.8799577557457295
v 35.4530824407099985 -31.9068658335117163 7.6849847392232089
vn 0.3201974939291994 -0.5553125758632339 -0.7675294834529814
v 35.6269404509721923 -54.0982932997585735 7.7666654062172649
vn 0.3271237080381144 -0.0201540939055798 -0.9447665807691545
v 35.8065008088264065 -32.1236483312386483 7.8360145728803072
vn 0.1814361435607396 -0.4484962178277483 -0.8751754500693056
v 36.1489591591177089 -54.0982969647306291 7.9388430239195111
vn 0.0256246213170695 -0.7075235006964887 -0.7062250878753477
v 36.7085358578476288 -54.0982933006403499 7.9999888421245142
vn 0.9958234111471421 -0.0605000531409986 -0.0683774625238929
v 33.7930564109579379 -31.9511077856577259 5.1062002445859420
vn 0.9610614236053778 -0.2454186684065025 -0.1270063669867911
v 33.8967997893340041 -31.2806481223524599 5.3875878039306073
vn 0.8621807821044838 -0.5053631676381013 -0.0353888084637644
v 34.1912914444944036 -30.5841656044188888 4.9278018171764968
vn 0.6597823279777907 -0.7455241316679936 -0.0942393165769522
v 34.7374253296076816 -29.9024864280653873 5.3392905167656295
vn 0.4898770280990300 -0.8712858208054891 -0.0296903318298605
v 35.4408712625615436 -29.4131003301430312 4.9320176507063955
vn 0.7455702315782186 -0.5611187512385892 -0.3595424547850334
v 34.4358636165022531 -30.4104622654523347 6.0311260927939081
vn 0.0589657079094242 -0.9950234987679806 -0.0803198741923013
v 36.5627443899565847 -29.0987162130202250 5.2088317304584679
vn 0.3507354476101651 -0.9218399030384210 -0.1649116095240468
v 35.8266213493440659 -29.2535434627665438 5.4970898187510722
vn 0.0822506885627405 -0.9563149667142987 -0.2805289800879492
v 36.5287918806152732 -29.1849480426695500 5.7289105562979667
vn 0.2420284452198543 -0.8231878216891021 -0.5135991062367720
v 35.9069211687870862 -29.6189597647594631 6.5197077900941318
vn 0.4891811030686487 -0.4469900425730742 -0.7489337422236104
v 35.2511286189828041 -30.6752042901114450 7.2394241661848033
vn 0.1282352344371894 -0.5673044397273024 -0.8134625973666710
v 36.3081097298038742 -30.4284713576127785 7.4950824766554813
vn 0.5195379191347314 -0.2408139176673856 -0.8198103485799865
v 112.4951053299816834 -31.9782774117409261 7.9999148494498664
vn 0.5056778656891624 -0.4009658212558543 -0.7638823903826241
v 112.7272426861697738 -31.2955306040602004 7.9038951221338314
vn 0.3982024386221668 -0.6382925741061531 -0.6587999754981023
v 113.0649119538355905 -30.3028486902724055 7.4329639732625150
vn 0.4717499901579458 -0.7885193848790008 -0.3945746145610740
v 113.3066535821148477 -29.5913731725713269 6.6684707442423452
vn 0.9044776202569895 -0.4203082657285098 -0.0725341038032823
v 113.4742454794922679 -29.1043981665945992 5.5483975949994706
vn 0.0511089144149331 -0.9971357961018071 -0.0557501838538874
v 107.8438883002035453 -29.0984532248314345 5.0862495528045404
vn 0.0663791678720494 -0.0430013327861969 -0.9968674392572089
v 107.7780873303420037 -32.0293412816337622 7.9990807616505855
vn 0.7129250710567128 -0.2167767924149848 -0.6668925440646729
v 107.7337287149346281 -45.9823400339324380 7.9987006081888303
vn 0.6696206909560817 -0.1611861106877120 -0.7250014951466434
v 107.2320251499999983 -47.4579353299999980 7.9067201599999999
vn 0.3339129360761475 -0.0115732429931631 -0.9425328700727778
v 106.9743142297810152 -32.1248910569984361 7.8309059346527752
vn 0.7071093171248058 -0.1250401653014425 -0.6959607537043152
v 106.7260139273798245 -48.9462211036749153 7.7345482562566108
vn 0.4139951720519353 -0.1984982234552653 -0.8883729243976271
v 106.6403533877871723 -31.5466089681621362 7.6839476010346948
vn 0.6189578867117117 -0.0427971808827293 -0.7842573147799534
v 106.1494154926402302 -32.1052249489252546 7.3944026784012591
vn 0.8739155642107013 -0.1820966513119835 -0.4506799265679066
v 106.1472472331320205 -50.6484610140438392 7.3859661231510820
vn 0.7388297915498937 -0.0616008553683298 -0.6710706920557854
v 105.7502677830648707 -32.0978051127521198 7.0161914829680390
vn 0.8675725093111470 -0.1155302516419907 -0.4837051809140545
v 105.7569551355670825 -51.7963657277712457 7.0253864451042274
vn 0.8455978327487543 -0.0738091884082276 -0.5286932087299100
v 105.4521722700662139 -32.1303504264293451 6.6368494218959295
vn 0.9416463543147996 -0.1703282430124178 -0.2903281471679067
v 105.4653810497112545 -52.6539462340390472 6.6526448583488689
vn 0.9548675381485523 -0.1335563211255791 -0.2653124453875545
v 105.2519426200292685 -53.2816973923819077 6.2631639246959194
vn 0.9321234435278409 -0.0745387226369105 -0.3543866036597005
v 105.1401811198339118 -32.1773799779747876 6.0054980165401171
vn 0.9799396605471890 -0.1315146640990883 -0.1497402912163721
v 105.0733523104859017 -53.8069685719533339 5.7916809727351790
vn 0.9812476349598360 -0.1252687276821137 -0.1464951355869291
v 104.9761616452225184 -31.7788141606880430 5.2786448887764497
vn 0.5932437331301877 -0.8048223670267082 -0.0179674882853848
v 104.9744080564247355 -54.0982699916861378 5.1672065992556959
vn 0.1509909164875360 -0.9464803769978114 -0.2852659094535037
v 107.4700025072286991 -29.2508563769222647 6.0154354535175374
vn 0.1262289786602351 -0.3773256910659165 -0.9174375007639608
v 107.6979715828474014 -30.8712399391836243 7.7482298728512600
vn 0.2329191491037330 -0.5369748394865905 -0.8108061986314259
v 107.4765878076276095 -30.3143227396607813 7.4104019393533775
vn 0.2600988151951049 -0.9636089460159231 -0.0616960735556518
v 107.2247468966348549 -29.1812252344962459 5.1972025836061428
vn 0.0583940685087526 -0.1777681523889617 -0.9823383412853282
v 107.6947419099809338 -31.5526021618992374 7.9535190217582894
vn 0.3081840347541476 -0.7598269082705785 -0.5724383549262123
v 107.1223696224209760 -29.6789291694549959 6.7509294465977518
vn 0.5189605852271261 -0.8354647523008519 -0.1807721179927782
v 106.3679257975274624 -29.5557019021997682 5.4070955410682746
vn 0.7565695367227903 -0.6473945568424767 -0.0921022468444474
v 105.6908909840411752 -30.1371567738927801 5.2956516813910914
vn 0.2156128861942618 -0.1047143608246086 -0.9708480756246438
v 107.2864215021218115 -31.7023113220641619 7.9210248976869408
vn 0.6498008234950801 -0.3296463322390451 -0.6849030481947507
v 105.9418783405975830 -30.9879716222505230 7.0230440949830033
vn 0.8246261797478138 -0.4406409545981348 -0.3547213171002988
v 105.4520597059361222 -30.7317261734886671 6.0507477520325699
vn 0.9172302096698182 -0.3954064446771888 -0.0483992352915502
v 105.1891887823978493 -30.9547795530945535 5.0108446693962820
vn -0.8977879755126579 -0.4149642105322568 0.1475854159536916
v 72.9760609104784947 -53.7908558357974798 7.6731006524710228
vn -0.4477926777517169 -0.8855468639950820 0.1236465503781745
v 73.3589011485810971 -54.0961835717124302 7.8558601774410404
vn -0.8000429362038187 -0.4149931592324204 0.4332574038844202
v 72.7727091761425982 -53.8240021708421637 7.0565839937175863
vn -0.1822667072375067 -0.9490885184226288 0.2569237856469045
v 72.5076486020519724 -54.0982121946751420 5.9705643436313336
vn -0.4772957165923149 -0.5192425006986904 0.7089259653805883
v 72.1520562627767390 -53.8471755805634231 6.3228223626499682
vn -0.0808601001333837 -0.4437922243768031 0.8924741485270643
v 71.1487084837859527 -53.8415159387341120 5.9740580062792743
vn 0.2937527606153290 -0.1526819585073030 0.9436087829059496
v 70.4168089314564440 -53.6878030603921914 6.0612563571986176
vn 0.5804746447162954 -0.1569655323083061 0.7990062631222992
v 69.7431605474646830 -53.7347895130642499 6.4119574200258400
vn 0.3275264515987498 -0.6499364808039526 0.6857907803574682
v 70.1015413485933436 -53.9884037220607738 6.0245481878847587
vn 0.0997050664982063 -0.9647929090055636 0.2433794207552697
v 70.0451855494197559 -54.0984386451578132 5.6221918722689681
vn 0.7048125538932002 -0.3999443747401147 0.5859042250985083
v 69.3804929253061573 -53.8493270842862586 6.7419413754222495
vn 0.8689715454597524 -0.4327446536656889 0.2400427418295591
v 69.0309574692121828 -53.7848380697343629 7.4240792941348701
vn 0.2299944124750676 -0.9692282847905168 0.0877445279905315
v 68.6425236850858767 -54.0963283851614705 7.3798702553177922
vn -0.7644074612408474 -0.6237490222865231 0.1631514339377038
v 72.9701328412515409 -52.2982940305799602 7.6721829106388704
vn -0.4493124480745633 -0.6382195586472906 0.6251352805315824
v 72.2235267954665119 -52.2964967268779972 6.3282634829310167
vn 0.0545337291162142 -0.7281630274405704 0.6832310574448900
v 70.7898402255227239 -52.2982940820221032 5.9955047668323083
vn 0.5201124847457640 -0.4687250797904543 0.7139886573237839
v 69.7558094326297464 -52.2982940829822169 6.3636366230077224
vn 0.7519819591443248 -0.6221517450959241 0.2178309876843967
v 69.0380520587934683 -52.2982939284460855 7.4027567679737460
vn 0.1676846986995482 -0.8438072143054780 0.5097756633148260
v 68.9734903052483190 -52.2982942755580638 9.9999799997154071
vn 0.5785845670665394 -0.7265045880655496 0.3707168491883414
v 98.7014550156929573 -54.0735393698195210 9.9982808671771775
vn -0.8565261025803174 -0.3642426355859011 0.3656368936800662
v 102.9483749600770750 -53.8010390071442757 7.3812870281672245
vn -0.2407027202480000 -0.9659461463250691 0.0949222990922634
v 103.3608496388202411 -54.0977618832568510 7.3558538731031780
vn -0.4092571699749054 -0.6761701871766244 0.6126193326998916
v 102.1440286624016522 -54.0602320551509337 6.1928976749002933
vn -0.1290891722738533 -0.2934662779128613 0.9472135605710166
v 101.2088307996060905 -53.7866708171580896 5.9459468350681464
vn 0.3698688118907702 -0.4879710377122749 0.7906208499303037
v 100.0976917579552037 -53.8479454211949786 6.1779633949239976
vn 0.0153830650397747 -0.9456554151024109 0.3248063995635997
v 100.6765845715655701 -54.0979849690292767 5.6061317260166312
vn 0.7274625204577122 -0.4535070606892899 0.5149073967562260
v 99.3193211434994936 -53.8820226888751108 6.7964775435747402
vn 0.2116291987605692 -0.9691028802636297 0.1266992095346169
v 98.8917740789389654 -54.0981506409404815 6.4138943486401310
vn 0.8798828849739129 -0.4577812918684699 0.1274456650703295
v 98.9512399330495498 -53.8668763263134878 7.7709064261842595
vn -0.6715122805791434 -0.7272807877577597 0.1418940195704186
v 102.9556971566589709 -52.2981760827424083 7.4759974375663525
vn -0.4546943490218862 -0.6496310604896794 0.6092885475820282
v 102.2298149283299011 -52.2982940824977405 6.3989241892405415
vn 0.0674627936948753 -0.7337036777114037 0.6761121835758053
v 100.8746244589567596 -52.2984908752878894 5.9383522982017096
vn 0.4344138117550805 -0.7272296340687082 0.5314336266070432
v 99.6522642879180438 -52.2982940714040367 6.4773721071246584
vn 0.7635100398886305 -0.6182974403138760 0.1864422009379064
v 98.9969464263427739 -52.2985068477878059 7.4342855953233942
vn 0.5053464412671184 -0.7199761217365420 -0.4756672770202582
v 70.0735445710979121 -52.2982940667585012 8.8930518283926823
vn 0.3254293020517981 -0.5603353682903369 -0.7616561195244295
v 70.5543403323209333 -52.2982940598110062 9.1821018902831568
vn -0.0191016262485057 -0.7164503979452608 -0.6973764802162028
v 71.0687972722281813 -52.2982940656867328 9.2610004261052641
vn 0.7785717652998972 -0.6206991862484632 -0.0925123044156684
v 69.7003366729715310 -52.2983457783605914 8.1777187738666726
vn -0.5726619278283303 -0.4665946860101592 -0.6740531992380282
v 71.8182208624502039 -52.2985732057346908 8.9789969599787156
vn 0.3817861967422083 -0.8175475202933253 0.4311094432268385
v 70.1444071309042414 -52.2978563192297585 6.9963198077600355
vn -0.6904676423342396 -0.7212048317017762 -0.0558392838368228
v 72.2559877516474955 -52.2982940746172318 8.1175653052971182
vn -0.0165098087400776 -0.7164158610392135 0.6974781288806183
v 71.0583755878088681 -52.2982940661824856 6.7425082181110110
vn -0.5350030320363748 -0.6256297362365669 0.5677668437382104
v 71.9453436747556907 -52.2986372575859164 7.1097654519130495
vn 0.4048650358555257 -0.5616209650757317 -0.7215720298966054
v 100.2882279781183001 -52.2982940606758646 9.0622410740828467
vn -0.2002324561799977 -0.7263509796177157 -0.6575113823353249
v 101.1948614525360171 -52.2979853780216359 9.2803572787635762
vn 0.6386116876865888 -0.7188048656109737 -0.2747629478733931
v 99.7762072150588324 -52.2982940673984373 8.4472533996848185
vn 0.7589958350664671 -0.6155878304691872 0.2120776870158568
v 99.7511850734929908 -52.2985171028454445 7.5902489028488223
vn 0.3731235559962983 -0.7150064754678850 0.5912229291897176
v 100.2545603224642576 -52.2982940665075589 6.9624477206218618
vn -0.7362783503238322 -0.6241487550613867 -0.2614049012542371
v 102.2260121869977212 -52.2988981520999445 8.4051778368374581
vn -0.1356167682138469 -0.7261340217737846 0.6740456027613122
v 101.1962141770781329 -52.2985627732185563 6.7149374317689459
vn -0.6667915901739732 -0.6130300647141507 0.4237724802648565
v 102.0733212043705009 -52.2982940662925273 7.3533936674049150
vn -0.8197912564358951 0.5606421175224084 0.1167163738780746
v 102.2147338764961688 -50.2482948379641670 7.8225316196900536
vn -0.3626144203981663 0.8999776890757506 0.2419730176800160
v 102.0327331640556565 -50.2483192328771295 7.3004148620621470
vn -0.2974166730959192 0.8069730289247529 0.5102331360785628
v 101.5847815467652708 -50.2482948302677173 6.8999365350367272
vn 0.1329346407046042 0.7209971130211309 0.6800673086657912
v 100.7912740662814457 -50.2482609819335622 6.7215933026822690
vn 0.3808018496451243 0.8624087414736054 0.3335282805651782
v 100.0122176983169027 -50.2482860684021020 7.1866124970163963
vn 0.6841547119382615 0.7125693313454445 0.1554904439461810
v 99.7388946357977915 -50.2482100724278595 7.7505614813678818
vn 0.8136792890855292 0.5635851033330705 -0.1424705085774595
v 99.7409807607789247 -50.2482948326682788 8.2710392760097573
vn 0.5894715261265078 0.5644709223240998 -0.5778372588685036
v 100.0789714178775256 -50.2482948324407133 8.9030335465510220
vn 0.0613765044077147 0.7267722699901886 -0.6841308297979256
v 100.9632776729292090 -50.2482982112502086 9.3036615270571996
vn -0.5278022097524208 0.5689123455329972 -0.6306850009954297
v 101.8256587513902929 -50.2482948207232099 8.9325951260219938
vn -0.6649579801677133 0.7129178237052758 -0.2226635606798028
v 102.1828653511918787 -50.2481747882647056 8.4002164424334254
vn -0.7964193698750853 0.5608208400288514 0.2262657125529750
v 72.2148001796973631 -50.2479260411837245 7.6960566267347854
vn -0.2746760230333063 0.9003168664214731 0.3376131253485653
v 71.7207192911300808 -50.2482926187078007 6.9777907115889821
vn -0.1722086959121752 0.7168220109802064 0.6756555110605706
v 71.2323467601280100 -50.2482948302240899 6.7723419480134552
vn 0.2301933189027308 0.7164844377884063 0.6585294878284321
v 70.5428885657719746 -50.2482702673337016 6.8035954576218582
vn 0.6188083082114955 0.7241314965944375 0.3044829278109477
v 69.8484173554008976 -50.2483252699593308 7.3845263682653943
vn 0.6804577001456673 0.7230774454994779 -0.1188962830471094
v 69.7236463089889895 -50.2483111967381930 8.2384318399193326
vn 0.6404202188050748 0.4618377940173886 -0.6136512000825977
v 70.0789728935342140 -50.2482948330557306 8.9030350842279748
vn 0.2149068271464507 0.5601230206105703 -0.8000482844353435
v 70.5952779679998912 -50.2482948324381908 9.1958562842739600
vn -0.1438388357751750 0.7161713292474016 -0.6829414444056328
v 71.1001260151640651 -50.2482948272108487 9.2573412160093724
vn -0.4359307119662923 0.7197411267012532 -0.5403120625151471
v 71.7743680711427032 -50.2482883071404132 8.9883728118311801
vn -0.7700349705113916 0.5594786556568614 -0.3066427531410310
v 72.1636535189345381 -50.2482948287297972 8.4101953460904166
vn 0.7816735593908793 -0.2640834934326579 0.5650188979543930
v 83.9781088555332218 -23.1676786979059095 4.9999998430695056
vn 0.5456654002694413 -0.4414946456845586 0.7122722434439352
v 84.2158554023525312 -22.7395104257247525 4.9999999999234550
vn 0.6665981074946919 -0.3337818059168014 0.6665108169590452
v 83.9743042000000059 -26.9482936899999999 5.0000000000000000
vn 0.9799561745961624 -0.1781848410980972 0.0890845568754856
v 68.8243026699999945 -26.9482936899999999 5.0000000000000000
vn -0.4501679762825092 -0.1047085016168610 0.8867834700866171
v 31.9428939840776991 -22.5366311362369771 5.0001955210111024
vn 0.4526922061574351 -0.1542036973425361 0.8782317383300410
v 113.4743041491164206 -22.5242650131061097 5.0004398730890740
vn 0.4162181642625177 -0.5901911370818660 0.6916913050255539
v 84.4034585101747723 -22.5758594615562558 5.0000315854117172
vn 0.2655548651285412 -0.8135895671290397 0.5172548983483328
v 84.6050004588326630 -22.4632293691129874 5.0186865247148695
vn -0.4478702916830890 -0.3456960378502750 0.8245644009065186
v 31.9428939880984935 -22.4035112995115320 5.0424100184161036
vn 0.0975726119426152 -0.8944492333356466 0.4363944939890624
v 84.8427843988943096 -22.4065622140167910 5.0409921187723672
vn -0.4479059190681728 -0.4480334524754830 0.7737223747098145
v 31.9428939819778819 -22.3595376344951084 5.0643854624626981
vn 0.6010511758282410 -0.3607462265599817 0.7131617236351255
v 113.4743042048374662 -22.3641404286779633 5.0618369062695310
vn -0.7085327000216400 -0.4663213281477674 0.5296468936136103
v 31.9428939790827648 -22.2804820969590551 5.1178612649127082
vn 0.8584892298783492 -0.3115647664661156 0.4073372539797874
v 113.4743041999125239 -22.2845308020640474 5.1138916828599754
vn -0.9488416065731541 -0.2104943337189008 0.2353545009297931
v 31.9428939800007896 -20.2418644725247781 7.1564201833384384
vn 0.7097305110982108 -0.4446626940554962 0.5464043284341555
v 113.4743042118617495 -20.2098988140491436 7.1882422553504801
vn -0.3177657820441959 -0.4818025864409394 0.8166340523518855
v 31.9428915558447493 -20.1695435846936277 7.2141955148886892
vn 0.5586606746522005 -0.2967494937008094 0.7744920842626227
v 113.4743010874304048 -20.0586905499468990 7.2682651983218829
vn -0.5580259279650880 -0.2077314863541231 0.8034019500199195
v 31.9429072253214343 -20.0432846703431444 7.2734248932475349
vn -0.7094371139657927 -0.0243350917403816 0.7043484823848731
v 31.9428897634309443 -19.9089454112264121 7.2938075561573434
vn 0.2448737636482837 -0.0230717565579612 0.9692804206864259
v 113.4743475274032818 -19.9000423034437119 7.2956275166042399
vn -0.5560866699772264 0.1405822445991458 0.8191484895775034
v 31.9428939802446799 -19.8092478239141947 7.2856482078512048
vn 0.7088765991426614 0.1861270907588725 0.6803312967029906
v 113.4743041998590058 -19.7681111989557792 7.2764107591553655
vn -0.7096653870942030 0.2804353021227651 0.6463211892579017
v 31.9428936642821490 -19.7012757698852425 7.2541707226976930
vn 0.8018080656620110 0.3013162292020328 0.5160546055010188
v 113.4743047791369861 -19.6604844623117216 7.2343940203718420
vn 0.4510635980590889 0.6332042896649176 0.6289626046562194
v 113.4742926286782136 -19.5410356057410546 7.1454116103627925
vn -0.4525739604474844 0.6247132256853880 0.6363255424534175
v 31.9429110918466286 -19.5492940946960587 7.1562137366020862
vn -0.3192825329429894 0.8680536681293480 0.3801861299478093
v 31.9428809478137268 -19.4468855067480106 7.0115529612821410
vn 0.5584055788880973 0.7173278250250213 0.4166821341400676
v 113.4743122098136325 -19.4564996795728042 7.0303182297556930
vn 0.7114415994130393 0.6942301987933783 0.1090654927459767
v 113.4743041870954272 -19.3983316104267658 6.8593991635707550
vn -0.9298995544621080 0.3638105678918475 0.0541173659871257
v 31.9428939785449515 -19.3983775135391738 6.8521383934273548
vn 0.7101205447791747 0.6997399456341747 -0.0780565203324500
v 113.4743149700595097 -27.1011167006838640 -8.2159400337052784
vn 0.3212964845133722 0.8434093742342833 -0.4306149050986080
v 113.4746056710480673 -27.3412681903012356 -8.9934215925522967
vn 0.5564203600577883 0.5759535292887922 -0.5988939096475648
v 113.4743041991069958 -27.7251331337599964 -9.4548642779646457
vn 0.8335429296925050 0.3000811008997647 -0.4638507488863426
v 113.4743041993171460 -27.9968257418897153 -9.6750468017454612
vn 0.5546764594863728 0.3160263267149301 -0.7697151330945302
v 113.4743041893667623 -28.3904442883764077 -9.8736952484282554
vn 0.3162249004991125 0.1696193454906920 -0.9333976054927694
v 113.4738293852811637 -28.7943424482881554 -9.9824188294850327
vn 0.9490785488774084 -0.1663041022143941 -0.2675684092852090
v 113.4743042000000059 -29.0982933000000017 -10.0000000000000000
vn -0.2047857571433290 -0.8080136837153112 -0.5524279868001316
v 98.2243042000000059 -54.0982933000000017 -10.0000000000000000
vn -0.2650761328265979 0.9271476493425619 -0.2648242438377910
v 98.2243042000000059 -50.2482948299999990 -10.0000000000000000
vn 0.3315431954732843 -0.6683111059084995 -0.6659124381288596
v 98.9743042000000059 -52.2982940699999972 -10.0000000000000000
vn -0.1736883904543787 -0.6967540293135965 -0.6959641985451802
v 102.9743042000000059 -52.2982940699999972 -10.0000000000000000
vn -0.8831554711402868 -0.3068407663134647 -0.3548029846592949
v 102.9873951564432559 -53.8383669923323609 -10.0002046026279512
vn -0.2922756222334552 -0.7672298260442613 -0.5709057318648493
v 103.4112379145156950 -54.0979240489308637 -10.0000000005371756
vn 0.7864763607500859 -0.5046746153143512 -0.3560315528694227
v 104.9743042000000059 -54.0982933000000017 -10.0000000000000000
vn 0.7084005173299681 0.6999656663016460 -0.0906464177203173
v 113.4743042000109341 -27.0968439596326149 -6.8545097941174467
vn 0.5578392570937044 0.7701492229919654 -0.3093307898836065
v 113.4742919782619310 -26.9723256438392980 -6.2709235539069370
vn 0.4490397253827261 0.6993564988403582 -0.5561149274726962
v 113.4743041994346697 -26.6686986813961902 -5.7567748229151787
vn 0.7096896308856978 0.4385713266146620 -0.5513581588085713
v 113.4743041993135506 -26.3586420923696707 -5.4409825865962578
vn 0.8029792067788263 0.2491528823540566 -0.5414307293601948
v 113.4743041508804140 -25.8684565993507540 -5.1408897905269129
vn 0.7090115348937096 0.0741803280811980 -0.7012844803027029
v 113.4743042007278433 -25.2622535027327970 -5.0006545879295423
vn 0.8577134697409265 0.5138523804589826 -0.0168325554096113
v 68.8243026707228012 -27.0984212794775097 -8.0583353213619837
vn 0.6011208403053353 0.7859726599401179 -0.1445707895021097
v 68.8242977839205281 -27.1270392922953505 -8.3570627235397215
vn 0.3167786592580228 0.8918090542361667 -0.3229982845482051
v 68.8243026673961538 -27.2014546297198621 -8.6357713531975850
vn 0.5563200389657571 0.7175528220844631 -0.4190775128347515
v 68.8243227830921143 -27.3400389158892949 -8.9631944010049907
vn 0.7082495479573524 0.5335208822538137 -0.4623181220948602
v 68.8243022315669322 -27.5609439929084594 -9.2824986533378055
vn 0.7083537375819896 0.4392472395139550 -0.5525367363651000
v 68.8243029217981217 -27.8400123351251665 -9.5605022308666499
vn 0.3169060675462064 0.4344904886389307 -0.8430827715205088
v 68.8242746475447831 -28.1698274477835575 -9.7728307278281630
vn 0.8006087371929900 0.1780279928150866 -0.5721290795829885
v 68.8243020856525618 -28.4720595238408336 -9.9026677044455269
vn 0.2429230419949783 0.1255726003354645 -0.9618835260637826
v 68.8242717707132527 -28.8131969666522068 -9.9813581264017817
vn 0.8944373594528348 0.0154375527725137 -0.4469267188023515
v 68.8243026699977065 -29.0489915805215873 -9.9999888721495829
vn -0.8890009898606174 -0.3810001770466874 0.2540002069236073
v 31.9428939800000009 -54.0982933000000017 -0.1500000100000000
vn -0.8955335725998295 0.3980147640327790 0.1990072057954612
v 31.9428939800000009 -19.3982925399999999 -0.1500000100000000
vn 0.3585331555043295 0.5976173758207790 -0.7171523189122335
v 68.8243026699999945 -50.2482948299999990 -10.0000000000000000
vn 0.4224033920256567 -0.6430813361063140 -0.6387658174612485
v 68.9743042000000059 -52.2982940699999972 -10.0000000000000000
vn 0.8397610217216538 -0.2626953454647414 -0.4751763692232222
v 68.9734234257022223 -53.6814295722662891 -10.0000000043735149
vn 0.2063607182372244 -0.8991799035426066 -0.3858636482408334
v 68.6849977944527836 -54.0977322634533451 -9.9999993263620546
vn -0.1732653346556176 -0.6989553688283329 -0.6938591472285468
v 72.9743042000000059 -52.2982940699999972 -10.0000000000000000
vn 0.1561872913953553 0.9370361883172146 -0.3123599074633748
v 74.9743042000000059 -50.2482948299999990 -10.0000000000000000
vn -0.7627727895613878 -0.5666993642250608 -0.3114955892009560
v 73.0254244051084669 -54.0122241763811175 -9.9983958735530400
vn 0.4737369411077658 -0.7290470085337681 -0.4940281064654327
v 74.9743042000000059 -54.0982933000000017 -10.0000000000000000
vn 0.5558016758727606 0.8264351298082551 -0.0899414994084669
v 68.8243024006064985 -27.0964447214407009 -6.8467721015832881
vn 0.7081886617034656 0.6784024134694030 -0.1955479093049666
v 68.8243028264091521 -27.0382596198431671 -6.5074773695174519
vn 0.5568763899829715 0.7309036134259885 -0.3945485954358047
v 68.8243026248951679 -26.8972533186950855 -6.1141333007806287
vn 0.5565661199515393 0.6245369433625013 -0.5478939317947521
v 68.8243022316933661 -26.6335287677828241 -5.7120733398971577
vn 0.5556937009144077 0.5161418781926697 -0.6517684192562508
v 68.8243004295154037 -26.3285817443431860 -5.4193395431282143
vn 0.5551045513987500 0.4195604325864660 -0.7182116543361363
v 68.8243026699999945 -26.1264991799999997 -5.2845425600000002
vn 0.5558716165901852 0.3130094119939603 -0.7700856146381450
v 68.8243066876098339 -25.8284764439676024 -5.1328292186234687
vn 0.5552753666541161 0.1727280222888786 -0.8135319892317139
v 68.8243026693446467 -25.5281461847773983 -5.0461766337482974
vn 0.1416274244802915 0.0214009478248590 -0.9896886743149469
v 68.8242940257485714 -25.2278045839806389 -5.0002193795938199
vn -0.0495306202167679 -0.0207520053595980 0.9985569948352961
v 64.1169236584773046 -32.0248855647765254 -7.9999599306376021
vn -0.0801495875322842 -0.5556260868391286 0.8275600855782266
v 64.1463566331091073 -54.0982932469714370 -7.9999164056816925
vn -0.1941443612467086 -0.0392279864366066 0.9801883145989024
v 64.5418401251191085 -32.0978034006475568 -7.9481827069283701
vn -0.2319094644711795 -0.5564962203412408 0.7978282754043028
v 64.8395108273152516 -54.0982961566388667 -7.8821711148338292
vn -0.3613092839909011 -0.0406137055304043 0.9315611242559836
v 65.0665328511075387 -32.0917672650898211 -7.8032530903445698
vn -0.5568104865778023 -0.1249150634189650 0.8211932226754108
v 65.6564517888580781 -31.5668885879826533 -7.4854357627924211
vn -0.4019322596350314 -0.5558715870762422 0.7276381225210904
v 65.4378723138472793 -54.0982941506157289 -7.6214047111465950
vn -0.4577600441218825 -0.7093723305320824 0.5359539520154827
v 65.9836463636204371 -54.0982453118028204 -7.2403190465358209
vn -0.7318986342015347 -0.0622040243195948 0.6785683816774661
v 66.0308140726462227 -32.0079434935394644 -7.1977065966687199
vn -0.8414411921995243 -0.0609187919937103 0.5369037351815225
v 66.5040610669377514 -32.1056035082594278 -6.6222992425033063
vn -0.6693194957354518 -0.5569500010277285 0.4917500472634991
v 66.4595338568754954 -54.0982900002818781 -6.6899985044725323
vn -0.8184138843071954 -0.4485715007790083 0.3591410901889071
v 66.7179791705665650 -54.0982933005549498 -6.2162289141201432
vn -0.9067235946109282 -0.0769943816342065 0.4146374177189068
v 66.7174315608081656 -32.0645027072449338 -6.2159364532244981
vn -0.6870242828091541 -0.7098077110666101 0.1554691227895343
v 66.9082531771994411 -54.0982872945137743 -5.6633197277798555
vn -0.7046821103457580 -0.7077842686371609 0.0496442587658254
v 66.9742444670652617 -54.0982933000000017 -5.0851303022895697
vn 0.0540377435308131 -0.0555756916799583 0.9969911056616263
v 36.6474048621858515 -31.9704245650945502 -7.9998641180077321
vn -0.0761003434119467 -0.1307869832318828 0.9884854590481780
v 64.2159044967056758 -31.7352261983696948 -7.9786297270310111
vn -0.0435043414447229 -0.2849139345743426 0.9575653618217549
v 63.9373839627509639 -31.2424394256244824 -7.8829761962592295
vn 0.0260223290278517 -0.3571279418419158 0.9336929214403006
v 36.8380470312794870 -31.0577732043672583 -7.8168051582486546
vn 0.0395327995228736 -0.4602214177707003 0.8869235617498337
v 36.8112261535813445 -30.7375017535111112 -7.6745460854554199
vn -0.0457290464170833 -0.5602576202019114 0.8270551694533292
v 63.9756708450289651 -30.4614431462311650 -7.5176014389815711
vn 0.0606821951668242 -0.5525881604556561 0.8312424412371937
v 36.7877342810207253 -30.4218427577340975 -7.4911344446761046
vn -0.0435110237666175 -0.6530691318606475 0.7560472867629122
v 63.9888624836924294 -30.0999792483823221 -7.2411322722913747
vn -0.0455540818641405 -0.7414269189697752 0.6694855856943461
v 63.9814340385198506 -29.8344537307354614 -6.9697662913942864
vn 0.0574538805305026 -0.8105826829760187 0.5827990783034803
v 36.5521339868773651 -29.6419623039108977 -6.7348125119018025
vn 0.0198262831929292 -0.9108241332306549 0.4123182227592905
v 36.7934586575369451 -29.3643839162930824 -6.2406451369537566
vn -0.0516917258334658 -0.9453325600406163 0.3219849630144435
v 64.0541615528271961 -29.2343652767497062 -5.9176637191161028
vn 0.0397216250323570 -0.9667574789138230 0.2525909132747608
v 36.7900201509423184 -29.1899618412512147 -5.7503864423385060
vn -0.0941923120074477 -0.9900029619216905 0.1049854453958813
v 64.4162785180419775 -29.1250953929506977 -5.3914671236720650
vn -0.0178830829687845 -0.9995980359328590 0.0219991341352859
v 64.0473325097373021 -29.0983327491953574 -5.0845482804239603
vn 0.1205340900676872 -0.9884806403647995 0.0915289940704597
v 36.5171710032877499 -29.0991238053193406 -5.1884092748786745
vn -0.0787668736687697 -0.4510936623231325 0.8889939749089145
v 64.2671740472662805 -30.7331670705557833 -7.6725510177856577
vn -0.2990937714687142 -0.2942616255416772 0.9077185751113559
v 64.9198340971667278 -31.2017994246224113 -7.7590528639426983
vn -0.2611059997592903 -0.6363537513156504 0.7258633205199178
v 64.8271282629576859 -30.1561418754920325 -7.1685352286472401
vn -0.7191454645068404 -0.3654978770243370 0.5909662450343027
v 66.2323878711722500 -30.9133473970283319 -6.7011450807633564
vn -0.1240064888503199 -0.8501550465905573 0.5117213963472923
v 64.3591269568976685 -29.5493053406018902 -6.5935685976303899
vn -0.3071219229086731 -0.9327027449099367 0.1890547912811222
v 64.9203765094519127 -29.2524210346735849 -5.6235703541169126
vn -0.4867995277809560 -0.7589262438372552 0.4325010707123318
v 65.3565735496078304 -29.6465256698955386 -6.1506538677110534
vn -0.9744208941957605 -0.0205307312883659 0.2237909963057034
v 66.9130745334181398 -32.1610337024404629 -5.6624658811673845
vn -0.7895006540475689 -0.5534457207216008 0.2653046389971515
v 66.3582913148056548 -30.4250079394545772 -5.8928255451919851
vn -0.6005075046489298 -0.7921388596543236 0.1091181189622672
v 65.6726174144688741 -29.6134134917708636 -5.3402677642960139
vn -0.8163291559798060 -0.5747513791893568 0.0571625858165075
v 66.4442077485092852 -30.3602678864869873 -5.1371665747423387
vn -0.9423280037303001 -0.3280814968491686 0.0661850799718232
v 66.8626021756381164 -31.2712361606814078 -5.2151783760809769
vn -0.9953412112725716 -0.0846351631466353 0.0461818395215282
v 66.9741542860323449 -31.8653015927823695 -5.0552702368520235
vn -0.9430318909481306 -0.2069652129294034 0.2604923286622470
v 66.8464715466696191 -31.4584529487172304 -5.7545218333858319
vn 0.4463829465754582 -0.8945927944180584 0.0211186453614138
v 33.7929449573571503 -54.0982932999756727 -5.0747373350175664
vn 0.9590697923683320 -0.0468056421540629 0.2792747128350690
v 33.9042377952265923 -32.1274134326819691 -5.8127870828060084
vn 0.8152827121239544 -0.5558708569541665 0.1622396058330079
v 33.8392743785966061 -54.0982912080748051 -5.5631705431974616
vn 0.9159267927376976 -0.0407671897668959 0.3992695162214924
v 34.0262324089857913 -32.1151642768057997 -6.1659657201056071
vn 0.7768534461702152 -0.5556331656417042 0.2962608789773619
v 34.0121164301546060 -54.0982932997626236 -6.1318838938389320
vn 0.8218418039383120 -0.0686703803734900 0.5655620462502602
v 34.2962357367272048 -31.8849584897154301 -6.6798871604740544
vn 0.7098278253056765 -0.5566505587690930 0.4316070132005163
v 34.2548276442791817 -54.0982961247437615 -6.6150955444130322
vn 0.5910315474237250 -0.5567666646257143 0.5836887793263416
v 34.7204716132748246 -54.0982881413605057 -7.1790413844138516
vn 0.6387864673892336 -0.1487240513255035 0.7548728407074351
v 34.7911336221491112 -31.7516158522436385 -7.2438316619928127
vn 0.4603821795681060 -0.0525429388139619 0.8861644815252484
v 35.3485377233930365 -32.1180144868008526 -7.6358816729296484
vn 0.4434863104358893 -0.5563018648407307 0.7027432871473676
v 35.2747554474249512 -54.0982948373477868 -7.5946400797530238
vn 0.3201277534359165 -0.0340227165876766 0.9467632630367888
v 35.7987021956881009 -32.1026034925558506 -7.8329274341098216
vn 0.3035953912768536 -0.5555721505408181 0.7740603490290048
v 35.7641242668785253 -54.0982932997530241 -7.8205527922461249
vn 0.1855691849704764 -0.5554622599659028 0.8105712524775135
v 36.1890979034763802 -54.0982932997086223 -7.9409714593712160
vn 0.1852195077232633 -0.0419741872835002 0.9818003369120637
v 36.2251845091298250 -32.1111011298162978 -7.9481518745372792
vn 0.0513335605775693 -0.6008324254166224 0.7977250542175595
v 36.6230392063030266 -54.0982933310624787 -7.9999539777514919
vn 0.9919569722852765 -0.0917319329218673 0.0872159252490356
v 33.7935498182855696 -31.8665986801927623 -5.2649543657263438
vn 0.9441452694130396 -0.3251903419765967 0.0533005790786826
v 33.9216789231691749 -31.2044569780893042 -4.9431706616565787
vn 0.2589802748591582 -0.3079723355342845 0.9154683270214393
v 35.9538570801196755 -31.1865134414973824 -7.8048078722418923
vn 0.8820029109417297 -0.2885214493799920 0.3725939322345226
v 34.1407110513327368 -31.0688269971310405 -6.1637602676901553
vn 0.8758495917814916 -0.4761064066178256 0.0788047089561059
v 34.1536614751625436 -30.6670815824780867 -4.9884572894899666
vn 0.7770309477189961 -0.6278254186846023 0.0453668374522925
v 34.4819843747917218 -30.1741028063500423 -4.9985824766274174
vn 0.7103627302625984 -0.6300848551445837 0.3136524617650809
v 34.5800445365618501 -30.2354585779463889 -6.0104631864323963
vn 0.5000895102887928 -0.5228568958528954 0.6903123555016162
v 35.3731919577461369 -30.5551636476553234 -7.2216958494155179
vn 0.0658112272107417 -0.1822701983533345 0.9810435551825679
v 36.5093149778998338 -31.4846348363749584 -7.9395965461248279
vn 0.5734033770185569 -0.8116770784854326 0.1113053794075898
v 34.9944995203503950 -29.6838776305076841 -5.3992226592279522
vn 0.2795670345040735 -0.8682403838656829 0.4098791395562472
v 35.9999252867673647 -29.4320181990868370 -6.2961440807240816
vn 0.1329675022350789 -0.6616106218063426 0.7379641105517185
v 36.5573151117593298 -30.0810947614430440 -7.2238658520887968
vn 0.3512171105070456 -0.9335926334094996 0.0710727523780905
v 35.7292053530363347 -29.2840655153541043 -5.0088639795356871
vn 0.5168096066060873 -0.2893622072336498 0.8057154234247546
v 112.5682705272290036 -31.7630860199602232 -7.9988758711102079
vn 0.1105992022891960 -0.2601859687346109 0.9592033559817364
v 107.6445205890190238 -31.2986400446498294 -7.9034770775634744
vn 0.4957304079497418 -0.5212154694525446 0.6946839547861647
v 112.9179856981223082 -30.7345258752772956 -7.6891488754535740
vn 0.2204776852225419 -0.6064285381067311 0.7639594351067619
v 107.3436544267668893 -30.2590176909349537 -7.3820680045565927
vn 0.1281208900823266 -0.8424121398201566 0.5233801908824381
v 107.6819632065391232 -29.6270594321070995 -6.7484210281763790
vn 0.4785618169963442 -0.7228989390718211 0.4983931291681227
v 113.2459229970595658 -29.7703570737563936 -6.9436737122709422
vn 0.4659717729377016 -0.8430608657728195 0.2685492197487813
v 113.4250258305226140 -29.2432336303078699 -5.9418742489140746
vn 0.1757559245029308 -0.9800869721216908 0.0924087770693682
v 107.5671395960804517 -29.1031359561007648 -5.2191891040363814
vn 0.8501503171154925 -0.5244614611796722 0.0467398550031018
v 113.4743031926527976 -29.0985494657830017 -5.2293228246975687
vn 0.7231454908466349 -0.2143157359844580 0.6566044200107243
v 107.7342528512514690 -45.9807984377768051 -7.9987713061718653
vn 0.0937700831218460 -0.0573582806199959 0.9939402392275101
v 107.7760666801430034 -32.0213807888082158 -7.9990719996032063
vn 0.7473832834583776 -0.1537316811019931 0.6463627447745804
v 106.8000607945300118 -48.7284431044993553 -7.7796674392179499
vn 0.3055946373859876 -0.0632017352956041 0.9500618181237215
v 106.9639691380413069 -31.8931598133996239 -7.8411036230933746
vn 0.5525227854469682 -0.0485786763941564 0.8320809358239830
v 106.2264282986053416 -32.1175551473269536 -7.4440583920159948
vn 0.8449097205416787 -0.1434096074434564 0.5153263515745108
v 106.0348638729366684 -50.9790219158294491 -7.2960620677360879
vn 0.8993642501923113 -0.1383159236321231 0.4147440786145289
v 105.7065580432474263 -51.9445917329579032 -6.9658929641818803
vn 0.9441083483374121 -0.1346161525000370 0.3008951945207674
v 105.3979314268012502 -52.8523095168461765 -6.5514942075562450
vn 0.8287436588494205 -0.0850727193447266 0.5531243805331388
v 105.4537128879966872 -32.1252227245300759 -6.6376513493959326
vn 0.9794538240632584 -0.1316508339568705 0.1527686631685962
v 105.0708814394593276 -53.8142073834074992 -5.7901739092166391
vn 0.9155213794022005 -0.1277004059038291 0.3814619380613081
v 105.1255179096198589 -31.7409078498185480 -5.9743020241489067
vn 0.9860782683862488 -0.1360015644305567 0.0956724782203232
v 104.9750912186676288 -31.7498467051628062 -5.2245659157616364
vn 0.6618451838291468 -0.7488444362973132 0.0345392945602855
v 104.9745253033800054 -54.0982919197016301 -5.1679623355397082
vn 0.3984894918140695 -0.9159722020678130 0.0469153487976611
v 106.8083324934486740 -29.3316305443319010 -4.9830168400850257
vn 0.5964525530833829 -0.8014813951077092 0.0432657510799764
v 106.2053278465644155 -29.6620335905822898 -4.9342014248458979
vn 0.7790483986838701 -0.6202431140031334 0.0915536566161832
v 105.6075490880963628 -30.2444809593436297 -5.3284484356169433
vn 0.1125411150126848 -0.9501762848367840 0.2906880203336017
v 107.6572737189423918 -29.2283402150359315 -5.8923674944683064
vn 0.9167118024555658 -0.3900106225095622 0.0867824035641530
v 105.2175008324178975 -30.9038916547456246 -5.2561388455377820
vn 0.8446332539391754 -0.4476347696037944 0.2936286419644351
v 105.4450900506857778 -30.6862577373758860 -5.9731707417242390
vn 0.4783073240475760 -0.8167119562892439 0.3228059544318277
v 106.4831410294099356 -29.5996517047482399 -5.9274728729738797
vn 0.6906053083669660 -0.4062183030310478 0.5983736277092629
v 105.9487278194424533 -30.7145336957563480 -6.8362727194285045
vn 0.7045591537564676 -0.1001809185933656 0.7025383850066557
v 105.8170863692623556 -31.8967411157815235 -7.0904989153653988
vn 0.4514022344227334 -0.2659077462116356 0.8517799558940161
v 106.7191425940427507 -31.1842373254826910 -7.6324649751054938
vn 0.9201408931544204 -0.3722471931917262 -0.1215432594011994
v 68.9660062047579316 -53.8302131827496382 -7.6784548413561797
vn 0.6924735829977844 -0.3961536583306342 -0.6029449525798071
v 69.3944669028788184 -53.7951033172554105 -6.7274913064745787
vn 0.2047593589781491 -0.9662258792666164 -0.1564645491678914
v 68.8236599107642490 -54.0943443497580176 -6.5763184102350802
vn 0.2739824620232659 -0.4589105109305259 -0.8451832661980201
v 70.2798731123228322 -53.8808591824897363 -6.0785051557045549
vn -0.1472236323776611 -0.5903771359198531 -0.7935868191021060
v 71.4505469701622218 -53.8983366811175486 -5.9976047956762280
vn -0.0157500713841745 -0.9740414258260141 -0.2258212479511585
v 71.3853055523897098 -54.0982843901356745 -5.3960202419563661
vn -0.5389708520359640 -0.5011630096109756 -0.6770125984450336
v 72.2343574386350582 -53.8277010569209011 -6.4043076055197261
vn -0.8303785123892777 -0.4717510352146604 -0.2965172624588093
v 72.9073672378095523 -53.8126156256957131 -7.2690820305490131
vn -0.2212910064701454 -0.9587410291840738 -0.1784542782185208
v 72.8564492826338324 -54.0982289179179645 -6.4865543541423181
vn -0.3106232275747418 -0.9474438597676621 -0.0765724694626237
v 73.3902898050246080 -54.0973417422083642 -7.6289234320484942
vn -0.6922097415901945 -0.7177218243599753 -0.0756376657824981
v 72.9729748949769004 -52.2982940860530263 -7.8290363572807768
vn -0.5568700041816630 -0.7318993269933686 -0.3927074911296811
v 72.7190688919809389 -52.2982940827319851 -6.9533218011912696
vn -0.1851442588559780 -0.6358874016408547 -0.7492454977156106
v 71.5235947992434262 -52.2987106700459918 -5.9988208790175639
vn 0.3395546331041270 -0.7329559190285466 -0.5894728763043643
v 70.0882454402268564 -52.2982940123790243 -6.1601008739460372
vn 0.6291835760217560 -0.7298835711209177 -0.2672040423950420
v 69.0367355896818395 -52.2973950454984617 -7.2776665118681017
vn 0.3307612337404588 -0.9331622972460524 -0.1407307118327753
v 98.5475314966839875 -54.0976694749954845 -7.5928954849222032
vn 0.6241203381483664 -0.6839937801635346 -0.3776589893106837
v 98.9271943566495651 -53.9248482924432508 -9.9973033484716343
vn 0.8981216048314600 -0.3458845015927621 -0.2715538519205529
v 98.9755921547762654 -53.8659548642464188 -7.4836821696054532
vn 0.5663494407327503 -0.5313997646553915 -0.6299703176387722
v 99.6944753715245042 -53.8273152291680788 -6.3821734041458411
vn 0.1484115871627711 -0.9431146232607528 -0.2975042994438158
v 99.8957008771004809 -54.0972253727941279 -5.7538415312535935
vn 0.0122588746860078 -0.4814055412214705 -0.8764122459623072
v 101.0178524021686286 -53.8082947086290702 -5.9711850406004139
vn -0.0805179353636989 -0.9613357962451540 -0.2633445441668824
v 101.6946306528461577 -54.0982420536597743 -5.6766046546345121
vn -0.4262306118966213 -0.5813229593238414 -0.6931025050057195
v 102.0275577458422873 -53.8696006007912942 -6.2402283456709515
vn -0.7315839005323055 -0.4618708423122306 -0.5014581951705729
v 102.6869358905050262 -53.8734146136778733 -6.9003106694790670
vn -0.2231184992514673 -0.9640161489931739 -0.1445371916571775
v 103.3649142766779931 -54.0982747859367947 -6.8797301018938724
vn -0.7658778301332114 -0.6294337612688654 -0.1313175140085014
v 102.9894552822858742 -53.8685327964189682 -7.5930628140784151
vn -0.7531121479946287 -0.6290666049219567 -0.1926065915665382
v 102.9659991965014569 -52.2982939464479841 -7.5752401467172810
vn -0.3639632713128817 -0.6555214296099999 -0.6616814886766047
v 102.0283320224120303 -52.2963686768552876 -6.1810100592719452
vn 0.3607260866435062 -0.7541961269475499 -0.5486938057898748
v 99.8646178520966856 -52.2976969150184416 -6.2261965313629526
vn 0.6552140108285446 -0.7295225011183686 -0.1961925594307077
v 98.9873791743099218 -52.2982940443055568 -7.5737526443547463
vn 0.6479629952193910 -0.7264177142162728 0.2290442343721421
v 69.7238997517647761 -52.2983340834448427 -8.2699126092654787
vn 0.7281444652633013 -0.5329163912790420 -0.4310519198571606
v 69.9186404431328867 -52.2983448689967858 -7.2539124238603483
vn 0.1870595406085794 -0.7351704182834227 0.6515621108906540
v 70.5121831820930254 -52.2992460893081841 -9.2431115278625455
vn -0.4234214847904789 -0.5626279371023013 0.7100451046305687
v 71.6065643773402059 -52.2982940699740979 -9.0951231367286507
vn 0.1214358664918223 -0.7171147327749459 -0.6862942447423688
v 70.7027420056250406 -52.2982940704780148 -6.7640185554817398
vn -0.6671484648159258 -0.7243051140096731 0.1740546687486088
v 72.2179366619688778 -52.2989773266824756 -8.3742783952773507
vn -0.2926220654159737 -0.7183903099567764 -0.6311003798064904
v 71.4974928139127570 -52.2984835288795722 -6.8303492186165951
vn -0.7016191742364564 -0.6086659232269686 -0.3704812117314654
v 72.0960269059089711 -52.2982940641355043 -7.4009825211380473
vn 0.5144774659260078 -0.7259531397540778 0.4564043995576180
v 100.0396967952728033 -52.2982940667901204 -8.8531728263644585
vn 0.6797049311666171 -0.7334721958054043 0.0044434815384992
v 99.6623326363871342 -52.2984933286226408 -7.9396576345841030
vn 0.2131581569889660 -0.6167126079280547 0.7577790966578880
v 100.7828937043885560 -52.2982940989495191 -9.2698710399778115
vn -0.4227458603611162 -0.5716650220833386 0.7031963026595032
v 101.7289288695533145 -52.2985908094309053 -9.0525363167210724
vn 0.5035124647995927 -0.4609343986743677 -0.7307630791919760
v 100.2508790450022644 -52.2982941080760639 -6.9389307260889250
vn -0.6769817649431495 -0.7200273686393058 0.1525000929337921
v 102.2123833579390038 -52.2982940574485298 -8.3152391968094541
vn -0.1066138412567138 -0.7168764797796140 -0.6890004365682774
v 101.0474547209976208 -52.2982940587653076 -6.7393685953010323
vn -0.6306836433795938 -0.6266712179548160 -0.4577349959971039
v 102.0231688652428943 -52.2989613688110424 -7.1944709363358026
vn -0.8242733495432392 0.5622137293054095 -0.0670012523261523
v 102.2215700996186598 -50.2482947855972597 -7.8752016853069708
vn -0.3580464591762272 0.8998799570456166 -0.2490357323336262
v 102.0169558926171760 -50.2482935381384195 -7.2627466008128039
vn -0.3663695165150505 0.5622315100833687 -0.7413967267515437
v 101.5385670772714377 -50.2482948309454613 -6.8776996774412389
vn 0.0623245814235085 0.7191172939218898 -0.6920881187629525
v 100.9842452971592195 -50.2483225886787963 -6.7282848371470623
vn 0.2898124946633472 0.8414123478744580 -0.4561074202218154
v 100.2856050504992709 -50.2483629032489674 -6.9305712030281432
vn 0.6154977241947188 0.7144923867772187 -0.3326607592556047
v 99.8663927937461580 -50.2482948299804804 -7.4079814411686984
vn 0.6922586893304683 0.7196123326477525 0.0541848479533026
v 99.7049093651717300 -50.2478531307979068 -8.0877228292845924
vn 0.6719980199142009 0.4741569232131732 0.5688531211133591
v 100.0068985911163821 -50.2482948323989973 -8.8253589922021245
vn 0.2714871740505143 0.7160447073005873 0.6430977308876794
v 100.4959383841141261 -50.2482948328440528 -9.1596987377155301
vn -0.1042072554822178 0.7135312266845628 0.6928304528893681
v 101.0161488249409132 -50.2482948398169427 -9.2647698816372550
vn -0.6484774702856422 0.5725813680600739 0.5016249071591127
v 101.9756089733979820 -50.2473479339490297 -8.8394843370565681
vn -0.8249256521354248 0.5602769510150131 -0.0747489572520232
v 72.2259408893065284 -50.2482948282605761 -7.8328306094120572
vn -0.6177094897601286 0.7088149655884174 -0.3406117009413683
v 72.0743872857667327 -50.2482948346553542 -7.4008577859109499
vn -0.3857799121191304 0.8043633122230904 -0.4518556421633521
v 71.7774606661414367 -50.2482945140429322 -7.0263970668689595
vn -0.1118059246126538 0.7129610885254756 -0.6922325631390644
v 71.2497479680671120 -50.2483024032763197 -6.7671151894677166
vn 0.2871148063749388 0.7191142522763490 -0.6328031132455885
v 70.5336848397528087 -50.2483225069389761 -6.8079766932274266
vn 0.3422927336486862 0.8980468331108861 -0.2763106404589192
v 69.9667070772788691 -50.2482806969697009 -7.2447719002252082
vn 0.5240157686048070 0.8380765524061343 -0.1517734053138475
v 69.7688618730799988 -50.2482948300927674 -7.6608530125682064
vn 0.8112035723792188 0.5824982748176385 0.0514249355242004
v 69.7101168774126450 -50.2482533535822640 -8.1486964061904192
vn 0.5183259565225677 0.5864897813099542 0.6223888970844252
v 70.2490731204365630 -50.2481909919173830 -9.1126210423931262
vn -0.1446424632279550 0.7184934408755483 0.6803276660919829
v 71.2973226682262862 -50.2482948350634260 -9.2266071903339668
vn -0.6689810866955466 0.5678035297154801 0.4796493065629176
v 72.0573418537048980 -50.2480963292298384 -8.6988102254887902
vn 0.9901480126043520 -0.0990270060954156 -0.0989978040131718
v 68.8243026699999945 -26.9482936899999999 -5.0000000000000000
vn 0.8161508684285519 -0.1269221669378555 -0.5637273485499172
v 83.9755695691135173 -23.2065662744821637 -5.0000000560218911
vn 0.6977543602344525 -0.5546916523767154 -0.4532725709298976
v 84.2073708926753000 -22.7448620818223368 -4.9999897598122045
vn 0.3333031109815095 -0.6667518285099580 -0.6665966061934874
v 83.9743042000000059 -26.9482936899999999 -5.0000000000000000
vn 0.8008618338576268 -0.3996754783485646 -0.4459594545214228
v 113.4743042007828819 -20.2300764198503593 -7.1681931643025898
vn 0.3173929098604490 -0.4971541915827821 -0.8075267491309421
v 113.4743041976709748 -20.1481338869909230 -7.2268470707494679
vn 0.5562649768002899 -0.2878355154123631 -0.7795639753430583
v 113.4743041992143588 -20.0586675446085998 -7.2672522223364355
vn 0.8017992146937304 -0.0814238488636212 -0.5920204186958007
v 113.4743041848784628 -19.9552178927232049 -7.2910749568722881
vn 0.3187464329938048 0.1242921995592141 -0.9396553413791986
v 113.4742957935886665 -19.8180112030111424 -7.2879676775182194
vn 0.7115634068958865 0.3275360639483422 -0.6216089162648383
v 113.4743037964881722 -19.6599044039753359 -7.2356455785105931
vn 0.3187079545324972 0.6915014814171029 -0.6482676460503515
v 113.4743613859682370 -19.5234040734781793 -7.1265835641354212
vn 0.6016193378270344 0.7059164739146193 -0.3738129267541604
v 113.4743041998053599 -19.4555473165856618 -7.0260490437104126
vn 0.3173442455971074 0.9119376854596414 -0.2601197563141155
v 113.4743041937384902 -19.4217479431797813 -6.9466509977878221
vn 0.9198237659000212 0.3913996407146826 -0.0270288907267824
v 113.4743042012066496 -19.3983059983911339 -6.8351188765280710
vn -0.3215901880365445 -0.4759129305210710 0.8185881953225725
v 6.4997011986223701 -28.4634565140343874 -9.1059018309690636
vn -0.3602006597087010 0.5105582798162679 0.7807597118553633
v 6.4973580460003406 -26.5186591712562425 -9.1444533699145900
vn -0.7225020909180137 -0.1359916739783255 0.6778620753720267
v 6.5001213104884519 -25.7405004961051240 -9.2572540280149536
vn -0.7535206031795270 0.2237311341429295 0.6181836945431999
v 6.5000000000000000 -27.2006111100000005 -6.9627242100000002
vn -0.6167750264940194 -0.5759615194623200 0.5365229676276284
v 6.4999939850696986 -27.8883803116486071 -6.9659148172767749
vn -0.7106429314371953 -0.6920154388560379 0.1268907261514222
v 6.5000147962526409 -28.3667512562817024 -8.2300909763766423
vn -0.3428502310953115 -0.7675434876993181 0.5416001417358181
v 6.4996651002187242 -25.2425811687327553 -8.9486938969504042
vn -0.7089245991026721 0.6936348049657299 0.1276584118938873
v 6.5001989539440306 -26.6659595908810907 -8.5993267578067254
vn -0.8023144690560513 -0.5898200379606710 0.0916723271406332
v 6.5000324490038004 -25.2153549413435059 -8.1921155308151938
vn -0.8019968085795925 0.5587089250690358 0.2112947137917816
v 6.4999992004533889 -26.8567968788090816 -7.6274992330183524
vn -0.5894001030624801 0.7586873074079518 0.2774906991018076
v 6.4999488294323724 -23.5096772834620289 -8.9450706510000852
vn -0.4694839166880356 0.1938891508479414 0.8613894874879340
v 6.5001486617817301 -23.0505191883021929 -9.2735591294513462
vn -0.5546813407622161 -0.7625497198255944 0.3329362326394317
v 6.4999999613823292 -24.9245855508056344 -7.3561294684691108
vn -0.9185102259437813 -0.2037798952138160 0.3388402560844123
v 6.5000000000000000 -24.7127895399999993 -6.9627242100000002
vn -0.5795906723823879 -0.4747390299319179 0.6623424385819114
v 6.5000000369316142 -22.3203923408406588 -9.1729188243095141
vn -0.7645883554066629 0.3464291823154664 0.5434992809717155
v 6.5000000731595655 -24.0541478781541365 -6.9587819397731119
vn -0.3305012406092030 -0.9293779504361751 0.1643945108537152
v 6.5000000394480182 -22.0769264123887226 -8.8186982239892373
vn -0.9296700837750751 -0.3673495118678770 0.0277104937537623
v 6.5000001026599881 -22.0999300210164691 -8.4495545476050236
vn -0.7096044314571917 0.6845844490329559 0.1667503613146310
v 6.5000004260586710 -23.6275928830110118 -7.8914906577887587
vn -0.7095615223974125 -0.6727891817880398 0.2094687633086283
v 6.5000003293280075 -21.9324604317182370 -7.6755343285307873
vn -0.8033183321246981 0.5762859469606280 0.1502470119772286
v 6.5003448004088833 -20.3699816651740022 -8.7310894241202757
vn -0.2716211296038140 0.5030912188789282 0.8204396305881758
v 6.5000000381483520 -20.1682296682868660 -9.1729190337297997
vn -0.7544295421454195 -0.4458524618094108 0.4817173945756377
v 6.5000000057499481 -21.5684484407519790 -6.9585959832126134
vn -0.7524522553010302 0.2258904638982098 0.6186995246581695
v 6.5000000000000000 -20.9174270600000014 -6.9627242100000002
vn -0.5807371898413402 -0.3179677787721794 0.7494269864355497
v 6.5001749032934990 -19.3537937299266822 -9.2566381219381899
vn -0.5782456975589805 -0.7730515601188248 0.2608125738003810
v 6.4999861031455222 -18.9644000464053590 -8.8915407955970345
vn -0.7092914079723472 0.6551647409305039 0.2601247024372558
v 6.4999992399700828 -20.6173542464483255 -7.5324772041718191
vn -0.7090516730053531 -0.6718637063196795 0.2141141871495059
v 6.5000195966044831 -18.8357161233836905 -7.8288877978954261
vn -0.3572123512913096 0.6535770433852646 0.6672603573154261
v 6.5001859014129169 -17.1997780240156608 -9.0575214392313708
vn -0.8072310986685990 0.0026797718826712 0.5902294233304058
v 6.4999999856423427 -16.5319223567362066 -9.2686702456239516
vn -0.7128353932778031 0.6863098933793373 0.1443760102652883
v 6.4998235258355423 -17.2857797221076410 -8.0299424571578708
vn -0.8391220260650607 -0.1920442769959915 0.5089137658243824
v 6.5000000000000000 -18.4296035799999984 -6.9627242100000002
vn -0.3285780788206792 -0.5163443908359634 0.7908381099635686
v 6.5000000420104680 -16.0785234227297877 -9.1824645386478938
vn -0.8716526946259547 0.2628947492341918 0.4136519440017219
v 6.4999999925843888 -17.7796864417143041 -6.9585884400604217
vn -0.5767071486874183 -0.7893915277772052 0.2104040886636896
v 6.4996976687633969 -15.7986063468202289 -8.8848542472639416
vn -0.7109232101033983 -0.6775517557787906 0.1884457682659858
v 6.4999002522399225 -15.7632378465823777 -8.0342371897747054
vn -0.3329080437236467 0.4857391774116868 0.8082262591326221
v 6.4999999856322299 -13.8792588017964889 -9.1676079272815496
vn -0.6354162699274699 -0.3074069990580594 0.7083410907476561
v 6.5004018123029654 -13.0392745541263118 -9.2659012716535241
vn -0.8395825499987716 -0.1988461954012733 0.5055307431917461
v 6.5000000000000000 -15.2880105999999998 -6.9627242100000002
vn -0.3318006152312542 -0.9141964211675515 0.2327085199484578
v 6.5000000349087470 -12.6521485091233057 -8.8187028125953741
vn -0.7200164733313255 0.6709371942668163 0.1772556331429078
v 6.5000296922910934 -14.1168080141485834 -8.8535034901706648
vn -0.8043220535687721 -0.5708825816005729 0.1648002189561008
v 6.4999825491684406 -12.6299854657033759 -8.0270856400988801
vn -0.7111225323695993 0.6656705904254769 0.2262463458242916
v 6.4997020647788961 -14.2246677278514575 -7.7887388993798510
vn -0.3281989317618869 0.9132497700469039 0.2413717437887736
v 6.4999999767150305 -10.9837221397397045 -8.8338714680026875
vn -0.7359928131956679 0.2974529322579882 0.6081417038942910
v 6.5000927951522742 -10.6671964166384843 -9.2272890683221842
vn -0.9214054570644459 -0.2113903421310796 0.3260768420872058
v 6.5000000000000000 -12.1464185699999998 -6.9627242100000002
vn -0.8703568646321093 0.2581694405926406 0.4193178604970784
v 6.4999971117504538 -14.6365504401302946 -6.9586716828885979
vn -0.5982716975049045 -0.3521888696382910 0.7197457718302366
v 6.5002023275276537 -9.7039650057449940 -9.1479899005665555
vn -0.3139681289746259 -0.9270133812457233 0.2051102264138571
v 6.5000000229166988 -9.5097746562306504 -8.7614079192817602
vn -0.8042952880571799 -0.5719058904303322 0.1613466519643562
v 6.4999160997350645 -9.4863575950504675 -8.0310607134923497
vn -0.8046318129909589 0.5663962208918933 0.1782216779246124
v 6.4999781342252136 -11.0251970771373333 -7.9509623661985716
vn -0.2669279090486487 0.8247946554796870 0.4984608988306511
v 6.4999999689167067 -7.7857976876290245 -8.9931178505601679
vn -0.6209687761565498 0.0574118217243482 0.7817299161250825
v 6.5000215625101863 -7.3132683141680577 -9.2682131654662498
vn -0.3595506373894050 -0.6892455952690673 0.6290181623411694
v 6.4991783881920302 -6.4179661917310789 -9.0523803187976526
vn -0.7106089427405609 -0.6946631387367482 0.1117052110581758
v 6.5000002204364993 -6.3788840556561679 -8.2231596846272428
vn -0.8599746230048190 0.4826804400482547 0.1657203686411018
v 6.4999874290555644 -7.9213483767983304 -7.8557419046207899
vn -0.7378662959870191 0.5805743603595573 0.3442190310536120
v 6.5001089455682379 -4.6569751746036721 -8.9454655898689861
vn -0.3963557036442735 0.1987304615004444 0.8963304970045776
v 6.5004667267232152 -4.1904366697777817 -9.2798170840107019
vn -0.5547212879801302 -0.7622383984848761 0.3335819487575379
v 6.4999999611478660 -6.0750360766939906 -7.3561436859866864
vn -0.7558580094325572 0.2291418266462686 0.6133291880041775
v 6.4999999971158333 -8.3519936378828934 -6.9615095711535293
vn -0.3379685414483183 -0.5770499752775071 0.7434988843458508
v 6.5000000728264453 -3.4495477272532238 -9.1473549699842458
vn -0.8062047034883365 -0.5728270748621737 0.1479970215177631
v 6.5000075746925594 -3.2553025341300059 -8.8271641621489412
vn -0.5560078603593577 -0.7920862761084342 0.2519019460410784
v 6.5000193123484911 -3.1138406491934139 -7.7872036300268279
vn -0.3341567138149306 0.9111593986330695 0.2410971606946667
v 6.4999999702111948 -1.5382079799166641 -8.9033764367782240
vn -0.5753226316930312 0.4583717554265793 0.6774209941306520
v 6.5000000264389621 -1.2887275319462961 -9.1785622122028503
vn -0.7116192073279590 0.6737382182563568 0.1991856345790951
v 6.4999691172489058 -4.7967098023897403 -7.8101882246643681
vn -0.6215876106943310 -0.0907277860024350 0.7780728186220164
v 6.5001887027210321 -0.6143738149498085 -9.2697907516097633
vn -0.8368024443543700 -0.3742379260726786 0.3996343876737485
v 6.5000000000000000 -2.7216401100000001 -6.9627242100000002
vn -0.7555052355014985 0.2282458417094864 0.6140974473747250
v 6.4999999971039442 -5.2104006488704036 -6.9615095680502055
vn -0.3408897922238476 -0.8091037347814246 0.4786912323411951
v 6.4991215651289416 -0.0945285816701921 -8.9053165663590352
vn -0.8967268268459633 0.4368712484010089 0.0708837804812488
v 6.4999995527383350 -1.5391292057515196 -8.2980132739862711
vn -0.8027208788634007 -0.5903048445858701 0.0847312285714146
v 6.5000002201221001 -0.0956985917656971 -8.2231591136124536
vn -0.5547190095579158 -0.7622398429063919 0.3335824370693456
v 6.4999999611789834 0.2081490945893492 -7.3561436722078168
vn -0.7080011319245787 0.6462899648544689 0.2846817144144046
v 6.4999998879940435 -1.8471529965812459 -7.3695536655208151
vn -0.3281345373714764 0.5145284958587436 0.7922046151931621
v 6.5000000219289005 1.8868960565848236 -9.1896489259552272
vn -0.8452016399125660 0.4846064236433791 0.2253681478219203
v 6.5000832915407729 1.6097317575052121 -8.8964237572335048
vn -0.7120920360761036 0.0059882643097611 0.7020605905814293
v 6.5000000012287495 2.3174841795294108 -9.2686487120979937
vn -0.3257511809810282 -0.4188803853575709 0.8475997822393292
v 6.5000000171794730 2.7528115028355247 -9.1871775646067224
vn -0.5731818403373710 -0.7316693187754015 0.3689479446618509
v 6.5001071126719712 3.0399591370240748 -8.9113270342335102
vn -0.8042153086637600 -0.5834022112841630 0.1134883129648247
v 6.4999837070787674 3.0819334933605362 -8.0170258140547492
vn -0.3352088022183167 0.5405609994023480 0.7716403727388141
v 6.5000000318817257 4.9830679082398941 -9.1744470266549509
vn -0.7203084283343236 0.6694787265487131 0.1815323738875513
v 6.5000891917561487 4.7388122394619030 -8.8525337954761731
vn -0.6048724050696795 0.7643080626169384 0.2235230614589100
v 6.4999662675121863 1.4863495043104373 -7.8099004610309217
vn -0.6197583977783677 -0.0758877548931218 0.7811149576345802
v 6.5002329793147728 5.6844155134784735 -9.2703195443133399
vn -0.8387065055593786 -0.3812920071830940 0.3888287576693154
v 6.5000000000000000 3.5615451299999998 -6.9627242100000002
vn -0.7555032732854877 0.2282436998214942 0.6141006575038895
v 6.4999999970798754 1.0727844744377288 -6.9615095667546312
vn -0.2637856640957524 -0.8545979395390133 0.4473024537751118
v 6.5000000183137754 6.1502587191892317 -8.9614801225316363
vn -0.8031272552359741 -0.5667601819259526 0.1837648173084060
v 6.4997353814089660 6.2576920232778104 -7.9153996277452405
vn -0.7109515211114781 0.6654573988030439 0.2274079704134442
v 6.4997699197177177 4.6239420275473888 -7.7963398531010473
vn -0.6599624397079219 0.1992138147383876 0.7244055729990948
v 6.5000031895205836 8.2793974960573067 -9.2648074859485536
vn -0.3350332280684186 0.8968235763503345 0.2888948061012013
v 6.4999999958374657 7.8905303225347518 -8.9107990932248455
vn -0.9210572878249476 -0.2095873790827993 0.3282173107466370
v 6.5000000000000000 6.7031378699999999 -6.9627242100000002
vn -0.4755596365614608 -0.4142806125659561 0.7760248746821894
v 6.5000000233183339 9.0705409537610002 -9.1751450603445210
vn -0.4654459310486193 -0.8330358696760447 0.2990172655606356
v 6.5000000470566839 9.3355756225013256 -8.8623467345070033
vn -0.8040856148404230 0.5666925307786669 0.1797384198394119
v 6.4996012623928765 7.8278895059760183 -7.9768024027783477
vn -0.4975167114981435 0.5121047338005091 0.7001613124124917
v 6.5000033705356648 11.2110272832993534 -9.1584336742977257
vn -0.5862631218101638 -0.2533250415259053 0.7694946233348868
v 6.5007927516392447 12.1182230044235286 -9.2345636001013300
vn -0.8360402032851184 -0.5348247285167054 0.1224715814301849
v 6.5000536894355170 9.3661827330547158 -8.0576687696078402
vn -0.8409658304584626 -0.3828627320170613 0.3823514096139052
v 6.4999972848912115 9.8469006461822044 -6.9588651645323774
vn -0.7570689091014136 0.2301101809836772 0.6114703357315503
v 6.5000029286289474 7.3553905452189356 -6.9604011880460153
vn -0.2552152076797501 -0.9198483186640272 0.2978997623697349
v 6.5000000303288177 12.4790520661215449 -8.8423490400310740
vn -0.5604482496847250 0.8139246699099001 0.1530502895697633
v 6.5000128641179016 11.0362261681486942 -8.6901976171209068
vn -0.8610311971943181 -0.4878270052437140 0.1437013932189551
v 6.4999720363622995 12.5044851539801165 -8.0066643690742314
vn -0.7089521970115134 0.6635624883229230 0.2388966438509323
v 6.4999926493397213 10.8563897824311049 -7.6798565232677127
vn -0.6333018307019626 0.1017318509274338 0.7671892998057395
v 6.5004474385413982 14.5803077285342919 -9.2661127705097890
vn -0.3355066991666217 0.8482880734566297 0.4096859763838127
v 6.4999999702390241 14.1532936849305742 -8.8705843507465172
vn -0.8391928639073182 -0.1947420066793323 0.5077705072190980
v 6.5000000000000000 12.9863233600000001 -6.9627242100000002
vn -0.7539799315058878 0.2295619246444357 0.6154799636380692
v 6.5000000000000000 10.4984998699999998 -6.9627242100000002
vn -0.2816714916979897 -0.8503107097101547 0.4445591835929636
v 6.4982689235477977 15.5589337777315198 -9.0425091706595051
vn -0.7146108141504294 0.6828744574384403 0.1517031960026425
v 6.4999702062957931 14.1384462019933288 -8.0462638250237166
vn -0.7159655431124821 0.6844117061577508 0.1377459892333903
v 6.4999999867536031 17.2880884838805713 -8.8037776083324157
vn -0.3356905265034070 0.6308057140562000 0.6995684537841261
v 6.4998934376856292 17.4839091792492027 -9.1431307654627041
vn -0.7109396418103208 -0.6701614003364613 0.2131865924529172
v 6.4999426090430825 15.6471562084849225 -7.9980685221040932
vn -0.6057747329527418 0.0496866569325444 0.7940832506978736
v 6.5000000057378582 17.9881080204257842 -9.2637318611745005
vn -0.8389710533602975 -0.1948995117797386 0.5080765217283046
v 6.5000000000000000 16.1279163399999987 -6.9627242100000002
vn -0.2685306743425546 -0.5830199788724563 0.7667978750444563
v 6.4998383339887802 18.5376409048807425 -9.1662427774393720
vn -0.8962088904163311 -0.4238682710785680 0.1309401142186546
v 6.4999370785323611 18.7390171243368684 -8.7399221103756659
vn -0.8041049338030148 0.5662110551012420 0.1811637284745138
v 6.5000255998027239 17.2303952116868757 -7.9095692758832676
vn -0.4502475682031769 -0.8536256524103194 0.2619167288933297
v 6.5000003324997486 18.9082413164750953 -7.6755399708349090
vn -0.5753997538768801 0.7374994554637340 0.3535670748657481
v 6.5004474341907521 20.4700174218440907 -8.9290398643439897
vn -0.5780989998002430 0.1899560992630243 0.7935478730251470
v 6.5000421053320334 20.9092696116197345 -9.2554135144699785
vn -0.8372414689521813 -0.1887035253812527 0.5132423425395456
v 6.5000000000000000 19.2695083599999997 -6.9627242100000002
vn -0.2834811504954632 -0.6305249537335692 0.7225487665431649
v 6.4998763751156661 21.7236715094978585 -9.1440375026557135
vn -0.8011528845035395 -0.5846110770037904 0.1279997824065590
v 6.5001021230084239 21.8760276461651593 -8.5268805939573955
vn -0.7089137196299778 -0.6604854121979816 0.2473870618970431
v 6.5000005508731746 22.1162511429197046 -7.5280882047177373
vn -0.8025996058723046 0.5695924733388941 0.1771956178050191
v 6.4999984936539592 20.2965238878845113 -7.7070725463009229
vn -0.2624282548620760 0.5593730854991421 0.7862780438682073
v 6.4997835689669872 23.7712751627332572 -9.1544081018245773
vn -0.7152118833614874 0.6860505685060020 0.1334412955239327
v 6.5000005009897999 23.5750256398196427 -8.7971638221574722
vn -0.9168776689047020 -0.2700745446513811 0.2939304009374137
v 6.4999983618885748 22.4131899042803333 -6.9588668140038301
vn -0.8696975835735191 0.2575632390065394 0.4210549738915836
v 6.4999966759224144 19.9202572965509432 -6.9579148760618512
vn -0.3541092067041232 -0.6862602202440562 0.6353373748158976
v 6.4995941471016598 24.9684784796094945 -9.0642050780224022
vn -0.6083682444002505 -0.0529061295498811 0.7918895255409104
v 6.5000000052911133 24.3185559515636491 -9.2673191501121366
vn -0.7119984557292337 0.6682349380828229 0.2156855733808647
v 6.4997409756865681 23.5140836605561603 -7.8984333642022824
vn -0.7134375372335681 -0.6789323853788715 0.1733715563460649
v 6.4995092326085215 25.0632154901063586 -8.0256859395742346
vn -0.4983687902509009 0.7354725314943001 0.4590301780070883
v 6.4997196163333841 26.7548596672162979 -9.0416009909028219
vn -0.4584886817450425 0.0125396593406321 0.8886117744298203
v 6.5000123024830572 27.4587542674281089 -9.2699601654285395
vn -0.8397294360661232 -0.1925526067377480 0.5077183942330324
v 6.5000000000000000 25.5526943200000005 -6.9627242100000002
vn -0.6095784341404684 0.2795197983740370 0.7418104980032247
v 6.5000000000000000 23.0648708300000003 -6.9627242100000002
vn -0.3464745552893260 -0.5903041819299871 0.7290379656321285
v 6.4999999923052822 27.9736755762152178 -9.1525309748836943
vn -0.8022460385954219 -0.5819558063942585 0.1331492882518011
v 6.5003794421108809 28.1527090277697916 -8.6353292999827822
vn -0.8025267153449163 0.5703819741333215 0.1749722113407579
v 6.5001562854647448 26.6370427111728034 -7.8734441987006045
vn -0.5543510620458569 -0.7737530614817254 0.3065959879977033
v 6.5000002975180244 28.4420115661762836 -7.4384358299032982
vn -0.3576823622969054 0.6574133677021869 0.6632277072530778
v 6.5003477681904185 29.9466111259616810 -9.0763837563492711
vn -0.6184758500223337 -0.0478007984299134 0.7843485874333008
v 6.5000456986650601 30.6988529324090500 -9.2715280070787127
vn -0.9460961230446719 -0.1661608953509716 0.2780156161369435
v 6.4999983601417544 28.6965072848236709 -6.9588648238905755
vn -0.9212656093445802 0.2070670026495785 0.3292308209337006
v 6.4999982932618670 26.2040782350467722 -6.9586703428803762
vn -0.2707356640108535 -0.8342885887468099 0.4802757030284363
v 6.4915810750106209 31.3074703892163271 -8.9594629081287191
vn -0.7099083010298897 0.6935782910976390 0.1223901885239754
v 6.5000947159027875 29.8732581839309184 -8.3084285631011170
vn -0.4688793153033498 0.0634634470979216 0.8809793292484853
v 6.5005295142690844 33.5973989749970343 -9.2844497427075563
vn -0.3445463530480478 0.7400042882811926 0.5776516804500230
v 6.4999998920698081 33.0717144508157048 -9.0123034362185841
vn -0.8021385245762447 -0.5706087873558440 0.1760096565048025
v 6.4999473802544498 31.3599615830945027 -7.9851968254071721
vn -0.7079003958276937 0.6473371953080046 0.2825448374289665
v 6.4999994159220540 29.6019776056542696 -7.4363639621219511
vn -0.7563201650661625 -0.2339291546059609 0.6109475906652165
v 6.5000000000000000 31.8358783699999996 -6.9627242100000002
vn -0.7521104105146881 0.2241003573168021 0.6197652460778268
v 6.5000000000000000 29.3480567900000011 -6.9627242100000002
vn -0.4952824510044724 -0.7271357811817462 0.4753618089962786
v 6.5003711517758598 34.4140970973867582 -9.0171238462566432
vn -0.7858745872702970 0.5961459828426550 0.1643505406845544
v 6.4999446190640349 32.9370296021060796 -7.8967533572307378
vn -0.5076567892088211 0.7215830132198252 0.4707467890520213
v 6.5007498017626038 36.1652244906622045 -8.9315826448728526
vn -0.5558938819880026 -0.7938045296554174 0.2466908199890101
v 6.4999828981728074 34.5860350188245462 -7.7808175180052865
vn -0.7534617871226076 -0.4492504087773069 0.4800722920138475
v 6.5000000000000000 34.9774704000000014 -6.9627242100000002
vn -0.6359568054521083 0.0438836279857653 0.7704759365443907
v 6.5002349771726369 36.9452624254510624 -9.2998851478568589
vn -0.9626050416803315 0.1436633855480495 0.2296788309454745
v 6.4999982578826883 32.4871202294967816 -6.9586682786543852
vn -0.3433892309564957 -0.7965863089468724 0.4975279775665932
v 6.4983636737331256 37.5991145623313159 -8.9298643158469542
vn -0.8017840783377047 -0.5905983900423246 0.0913007853392914
v 6.5000366904235696 37.6039761341911785 -8.2585409093125861
vn -0.7091834951844631 0.6970623205027834 0.1056545857652356
v 6.5000611179507768 36.1475478867228190 -8.2705377530110269
vn -0.8007155070956743 0.5504418673464885 0.2363650299190387
v 6.4999994185980441 35.8851490033809171 -7.4363334374124985
vn -0.3345057725038525 0.6128888065797159 0.7158723342404654
v 6.4997679477375359 39.4878402546859135 -9.1525025079055045
vn -0.7206265835985824 0.6635549956403335 0.2009778464701824
v 6.5000000027773925 39.2810598547016738 -8.8257376491392225
vn -0.5552244590870287 -0.7622563564223496 0.3327026406947205
v 6.5000002980893949 37.8667899987888461 -7.4384354433440789
vn -0.7154371958709046 -0.0026787098524955 0.6986719139037313
v 6.4999999930747938 40.0112185377784044 -9.2679334978286274
vn -0.8357371162097813 -0.1880114114406278 0.5159410642287172
v 6.5000000000000000 38.1190643300000005 -6.9627242100000002
vn -0.3565896373179976 -0.6853543042918674 0.6349277975849138
v 6.5000508158382821 40.5727875399413307 -9.1279637004807341
vn -0.6077005873855587 -0.7640261285545114 0.2167119539325242
v 6.4999763934817114 40.7671489475243760 -8.0758702146219576
vn -0.7146039139844506 0.6808035379231542 0.1607724754720795
v 6.4999892944080422 39.2622660379713579 -8.0114167798194078
vn -0.4938143276208926 0.7496122131823005 0.4407141246706973
v 6.5007969386262765 42.4541810010282745 -8.9488685041026041
vn -0.6226676504606198 0.2188239357266495 0.7512663191059150
v 6.5000607400153081 42.9470672127265658 -9.2577306140262436
vn -0.8401568387151208 -0.1964791036143495 0.5055021742812945
v 6.5000000000000000 41.2606582599999996 -6.9627242100000002
vn -0.8718650425311858 0.2614353822509765 0.4141290722943506
v 6.5000000023778854 38.7689842350736100 -6.9585884660514470
vn -0.2954624004194222 -0.7298557628818140 0.6164515677055241
v 6.4997221943882604 43.8247070101837437 -9.0857883119374776
vn -0.8331359510249980 -0.5444144841297477 0.0974543820431531
v 6.5000086336194371 43.8813592783999908 -8.3111535393587825
vn -0.7869436663905423 0.5986172209692275 0.1495897345638720
v 6.4999677433795657 42.4053424145947915 -8.0054093139837423
vn -0.5565293033137667 -0.7744349817462066 0.3008747141267376
v 6.5000005510718459 44.1073950295781003 -7.5281000841475842
vn -0.5900539662836819 0.6299581601622638 0.5049643881679889
v 6.4998674995883583 45.5998519573707455 -8.9725838028408624
vn -0.3335209362936979 0.1495166147970601 0.9308107041463385
v 6.5000818723932978 46.1120996290425182 -9.2600374201466238
vn -0.8356990567998208 -0.1907082810902889 0.5150120755744250
v 6.5000000000000000 44.4022483800000032 -6.9627242100000002
vn -0.8717008935828550 0.2608914151238897 0.4148170942011750
v 6.5000000023820448 41.9105740281490640 -6.9585884168069008
vn -0.6755494436797687 -0.5616073771811192 0.4777343435840667
v 6.4999771660118046 46.9766325096321182 -9.0759385622280071
vn -0.5571881219507968 -0.7992618012710331 0.2252153853224236
v 6.4999997594971424 47.0737099949908853 -8.0540545981999756
vn -0.8028510240807081 0.5851309149450976 0.1142455491827633
v 6.5000004501110027 45.5192953161262750 -8.0072777015876149
vn -0.8415420228395081 -0.2033290968177500 0.5004640868059036
v 6.5000286724114771 47.5175624480206409 -6.9663366207512771
vn -0.3375647801780655 0.4413062788314100 0.8314437969263515
v 6.5001901470482846 48.9213254194379914 -9.1590999063797671
vn -0.5604940444373195 0.8038494850370689 0.1991793954101056
v 6.5000000020317596 48.7042976937469518 -8.8016539001334362
vn -0.8065465705752826 -0.0514741784104854 0.5889253250202577
v 6.5000000014458550 49.4413710537830937 -9.2686488429638398
vn -0.7602287545282203 0.4666027283712936 0.4520333335772218
v 6.5000059300455018 45.0831791320493878 -6.9633046941508168
vn -0.4864245455828290 -0.5548235918899934 0.6749532897444268
v 6.5001732968965653 50.0001722981454151 -9.1301816083633742
vn -0.6072997279700901 -0.7711851084816361 0.1909465078591954
v 6.5000002149268790 50.1723370122245740 -8.7623152166845628
vn -0.8052139285457299 0.5717519175239851 0.1572586216510818
v 6.4998718066977919 48.6960172681072194 -8.0726719066212986
vn -0.7111433863018394 -0.6690120819505075 0.2160970113708198
v 6.5000712901469146 50.2484973531676360 -7.8802081934043615
vn -0.2626697577147852 0.5400831636757788 0.7995716194913485
v 6.4993340132750497 52.0526993027430649 -9.1606223039684185
vn -0.5651585626121148 0.8101342514613101 0.1558149341861394
v 6.5005344094556854 51.8596096876073247 -8.8008342242123234
vn -0.2380755547042385 0.9681040640039478 0.0780676085922287
v 6.4999981395444530 52.5831113821800287 -9.2681095090271679
vn -0.9227237812052823 0.2084287078075999 0.3242503621584416
v 6.5000000727913045 48.2024845708654652 -6.9587818139194733
vn -0.8349829430420441 0.5377003582462062 0.1169692676336306
v 6.5000001600243715 51.8227055106963164 -8.1131957217942716
vn -0.7565517066475510 -0.2291176786116658 0.6124823299624892
v 6.4999999744533419 50.6812148238898956 -6.9630668890476128
vn -0.8850839325758230 0.1576705944567093 0.4379114247650820
v 6.5000001462935586 35.6297671107529936 -6.9604092755942766
vn -0.6152278375020163 0.5702534982204305 0.5443396510727050
v 6.5000480334907005 51.3713125421647234 -6.9674192271877002
vn -0.8717198079602245 0.2603802179968487 0.4150984443306227
v 6.4999968448369909 16.7788924255421534 -6.9579173225789663
vn -0.8722273020320140 0.2624787113259662 0.4127038401694538
v 6.4999968188361006 13.6374951443030685 -6.9586674279859784
vn -0.7555023123251373 0.2262254091317163 0.6148482091822001
v 6.5000012913466056 4.2127621280333827 -6.9584914365795631
vn -0.9189201035245455 -0.2016998322954338 0.3389734812495400
v 6.4999990873801874 0.4218274667213838 -6.9594271354559796
vn -0.7519518756955393 0.2210808860361886 0.6210407542725468
v 6.5000000432846772 -2.0697241518580469 -6.9598162030159560
vn -0.9189199966007734 -0.2016978005686700 0.3389749800398186
v 6.4999990407408914 -5.8613576498472124 -6.9594271307184110
vn -0.9220193201260110 -0.2095305921793476 0.3255415553433087
v 6.4999990345312773 -9.0029506346705297 -6.9594271307191136
vn -0.7567814153833951 0.2272639178618845 0.6128890608979508
v 6.4999999925579752 -11.4965013561007154 -6.9585884175195565
vn -0.9969276180595584 -0.0553843411378799 -0.0553886189286050
v 2.0000000000000000 -29.0982933000000017 -12.0000000000000000
vn -0.9340407459202467 0.0523054506939966 0.3533157579113155
v 1.9999975072020348 36.7749630019558253 -9.2674698202917600
vn -0.7086429590057861 -0.0931862730889910 0.6993864991257035
v 2.0000000000295088 18.0663344307994755 -9.2612299822895441
vn -0.8971505278688775 0.0072108939850878 0.4416660880716680
v 1.9999999999965594 14.8550028227149244 -9.2627206877198915
vn -0.8963789115019615 0.0083046689279220 0.4432108747408576
v 1.9999999999965594 2.2886319149824330 -9.2627206857164790
vn -0.8970479052042399 -0.0142992806705233 0.4417019202369294
v 2.0000000001015676 8.6524952322653288 -9.2613412034586027
vn -0.9213655906467055 0.0105975812974595 0.3885526214592961
v 1.9999999999926115 11.7472748806263567 -9.2669065033780598
vn -0.7095714268809473 -0.1733415420801303 0.6829795750558129
v 1.9999999960620864 2.6569226811369053 -9.2133751348851245
vn -0.9306166156677301 0.0004081518522071 0.3659952841980423
v 1.9999999996241054 -0.8290692929622048 -9.2678956465169744
vn -0.9301980095093056 -0.0025245263980558 0.3670494379118310
v 1.9999996319610993 -3.9567970170781783 -9.2669281715060219
vn -0.9303637595578269 0.0022365260423935 0.3666309763954593
v 1.9999999991835580 -7.1168926692602543 -9.2673076754386425
vn -0.8950586298860342 -0.0370351272803141 0.4444079751915644
v 1.9999999999988349 24.3518877633057684 -9.2611381179136014
vn -0.9302907981602975 -0.0017059522607284 0.3668189207022463
v 2.0000010101361125 30.5982066480695103 -9.2684258426357591
vn -0.8619124581478375 -0.0543881334194722 0.5041317738773247
v 2.0000000001030336 43.1534709464221962 -9.2669063585417000
vn -0.2955195295288625 -0.7655039508847734 0.5715521925833563
v 2.0000000174934032 -29.0982121821191946 -9.2713082162984026
vn -0.7583102993835609 -0.5863473487761270 0.2848899374004300
v 1.9999943982714596 -28.4150602354915769 -9.0339440851902015
vn -0.8365066480194489 0.4774825393945306 0.2688253194783114
v 2.0000548088436778 -26.6432331179690038 -9.0339155875761836
vn -0.5615656677826074 0.0798500063108852 0.8235702624913225
v 1.9999999992374295 -25.9623869929666640 -9.2693478726819389
vn -0.7107411011166939 -0.6768570430336248 0.1916027935057505
v 2.0000028577815825 -28.3478387414898485 -8.1110236792862729
vn -0.7106685695870355 0.6850367936291731 0.1602335032862306
v 1.9998299218483733 -26.7260143718564969 -8.0359066952895954
vn -0.6167231017609316 -0.2841362397199608 0.7341111721205288
v 1.9999307860738842 -27.8710661810723543 -6.9589443809614471
vn -0.3622554190339877 0.6499625542074712 0.6680716200442961
v 2.0000004201228809 -27.1962544424007326 -6.9633190583197226
vn -0.7266774591893974 -0.6572591589871540 0.1998756319153002
v 1.9999586730828425 -25.2476750749405880 -8.9025289127154430
vn -0.7452817629777267 0.5156440866868889 0.4226893299311634
v 2.0002891616075238 -23.5220703576648873 -8.9634263784554147
vn -0.8087842107821435 -0.2894956308914749 0.5119183334129110
v 1.9999999998572315 -25.5228421227090010 -9.1854944693607496
vn -0.8437336218608377 0.1072601986187470 0.5259361416881899
v 1.9999785802581003 -22.9925691985590106 -9.2636561643390785
vn -0.7076042434312828 0.7029395223978196 0.0719184435952756
v 1.9999999386843916 -23.5306747011721775 -8.4816369978911954
vn -0.7097631783769490 0.6619357090899589 0.2409924223950297
v 2.0000001130702358 -23.6482474250233956 -7.8247174637730765
vn -0.7111010623817706 -0.6760730188397736 0.1930299258570868
v 1.9999997256113469 -25.1600626781025234 -7.9582235808300927
vn -0.5086762907450613 -0.4576761064959499 0.7292331676333390
v 1.9999326211870261 -24.7305519219779448 -6.9603115130018791
vn -0.5094746276743731 0.4622014216311347 0.7258136466051165
v 2.0000004123772630 -24.0547988331948481 -6.9630664532516251
vn -0.6025886800207432 -0.7946519591460384 0.0735876792419850
v 2.0000003781853142 -22.1010267105183047 -8.4470367772993367
vn -0.8119418679928428 -0.1890457402423812 0.5522790156220885
v 2.0000000032244341 -22.3959179362951701 -9.1957665737080756
vn -0.8465380714474937 0.2475683535067696 0.4712570465594175
v 2.0000000130495201 -20.1085342843438077 -9.1904124541124723
vn -0.7200580170426518 0.6292019946813509 0.2926111788391095
v 1.9997845151418594 -20.3756688549086711 -8.9007858544212457
vn -0.7283198352610227 -0.6088645836418530 0.3143789693220422
v 1.9999628482329390 -22.0986532609570645 -8.9197261326079644
vn -0.8134322894908984 -0.0551689378222676 0.5790373897367579
v 1.9999853731751607 -19.5171265565855236 -9.2745723799891238
vn -0.7096512309997609 -0.6513011161316942 0.2687042732561830
v 2.0000012727338832 -21.9150134880461529 -7.6275044263770617
vn -0.3576547907671434 -0.3115680182487138 0.8803456256754388
v 1.9999998732652302 -21.5658692139754038 -6.9573131693077395
vn -0.7105328208288673 0.6799211632921751 0.1812465785398110
v 2.0000000375523963 -20.5269191289824597 -7.7725762760137584
vn -0.6086902038332982 0.5456172767428595 0.5760191169371758
v 2.0000004220802849 -20.9130708815116151 -6.9633189539424221
vn -0.5924018049414351 0.7575064302496343 0.2743065978655743
v 2.0000104423944078 -17.2526949830624758 -8.9336994532477298
vn -0.8245340946979522 -0.4533467711106657 0.3385560984595641
v 2.0002704103228610 -18.9571216455102380 -8.9389225370865724
vn -0.8655133301752975 0.1287024700003331 0.4840685380239869
v 1.9999921013096982 -16.7488758005489871 -9.2579981586895777
vn -0.8360087285899480 0.5419649502611519 0.0858102465317856
v 1.9999996191606364 -17.2497055157403132 -8.3525853135796364
vn -0.7102518930145855 -0.6926203377207907 0.1257748633262455
v 1.9999997655710764 -18.9131079633348271 -8.1132101970963717
vn -0.3637487475128692 -0.6694048504341473 0.6477530354217227
v 1.9999359788577080 -18.4765436422799496 -6.9748927069823070
vn -0.5198099166757362 0.4785805109888432 0.7076428089277964
v 2.0000743874526190 -17.7062487438546121 -6.9724650830058845
vn -0.5588220918700237 -0.8221217950639007 0.1087824605298141
v 2.0000004725133649 -15.8128985332669778 -8.2816324636249607
vn -0.7335942880020591 0.5754093642275652 0.3615846846452175
v 1.9998969625149188 -14.1178676178682476 -8.9093631443546037
vn -0.7195191742621783 -0.2284378463959471 0.6558264314611412
v 2.0000000238437901 -16.1072797998558173 -9.1930725402938975
vn -0.7323104986308580 -0.5837585583121851 0.3506383880756688
v 2.0000113888326210 -15.8138107212862735 -8.9337292432249900
vn -0.8660431314672868 0.0950670056159164 0.4908477960443127
v 1.9999811235340943 -13.5766160919854197 -9.2640048004937086
vn -0.8038186490460748 0.5847801107391930 0.1091228735398781
v 1.9999704940967069 -14.1472825027666662 -8.0457027780027666
vn -0.6152290876797403 -0.5765389589079665 0.5376764812915593
v 1.9996617830896839 -15.3311693736466932 -6.9754224628919168
vn -0.2875917340142014 0.5065245976143561 0.8128492028281259
v 1.9999999908889414 -14.6332780782766925 -6.9573961958506363
vn -0.7332424042772021 0.5640723676439517 0.3797077042019747
v 1.9996724953035481 -10.9474873082699826 -8.9413045166577252
vn -0.8446500470198613 -0.2309245185701718 0.4829494433090077
v 1.9999999735607730 -12.9554741123509469 -9.1905143923319219
vn -0.7293219833219087 -0.5954209481671097 0.3369916009742345
v 1.9999824641180828 -12.6736113010649056 -8.9151440382533540
vn -0.9035036305691982 0.0338207686768199 0.4272438942271579
v 1.9999777646120285 -10.3994422989685695 -9.2710285299258484
vn -0.8038469423572860 0.5856576525940720 0.1040923014484889
v 2.0000044492434426 -11.0012673118699187 -8.0477105862120055
vn -0.5596115730068184 -0.8201408095404369 0.1191802831142427
v 1.9999976270312692 -12.6592913415284087 -8.1697296543748728
vn -0.5138752379092655 -0.4718938048238483 0.7164136213337708
v 1.9999279358603674 -12.1656780161059928 -6.9605236556779788
vn -0.3617593993267759 0.6557139660810172 0.6626985224708388
v 2.0000004150314532 -11.4884283531547915 -6.9630663917389297
vn -0.8532945979312838 0.4558064562030357 0.2532366553738196
v 1.9999999984200523 -7.7863839583443726 -8.9884807430745131
vn -0.7504895383697976 -0.5267153385679809 0.3991696442801048
v 2.0000712708678510 -9.6613195096190108 -9.1131038921198169
vn -0.7141243294258879 0.3065792164296842 0.6293136151199864
v 2.0000000017638118 -7.5156475575733594 -9.1951930299662870
vn -0.7084635252068329 -0.6936181975426037 0.1302813474341457
v 2.0001770901288913 -9.5312900603677395 -8.2937193598968726
vn -0.7110213866461833 0.6874135316838954 0.1480244040339720
v 2.0000311107416806 -7.8813456366735668 -7.9954018081602340
vn -0.5173130365446925 -0.4727490960680768 0.7133691291244147
v 1.9999515246601707 -9.0169163016566269 -6.9596161809398236
vn -0.3614727999455725 0.6543911614030830 0.6641608410445712
v 2.0000004167995296 -8.3468358464822856 -6.9630664456655689
vn -0.5778792673225727 -0.7761679970797940 0.2522276604733659
v 1.9997504753081587 -6.4013314261124252 -8.9219352320930749
vn -0.7364882805627847 0.5845869445985915 0.3403573369248216
v 2.0001360606640013 -4.6448761237092855 -8.9739336903258984
vn -0.8398282360469536 0.2185187169251663 0.4969286712312357
v 2.0000000320420028 -4.3552410841188420 -9.2013040462834130
vn -0.7198600842000508 -0.2595122758766215 0.6437816693917529
v 1.9999937966271346 -6.6943356149193676 -9.1961941872423267
vn -0.7114032501820748 -0.6755237324916926 0.1938378251809296
v 1.9999997282985915 -6.3105038718905284 -7.9582133829234118
vn -0.8352878245864854 0.5273441800006173 0.1555710960206085
v 2.0000001145151729 -4.7986944758585555 -7.8247106747849209
vn -0.5092351826288714 -0.4557724708998176 0.7300349193996235
v 1.9999318200223921 -5.8809710607637617 -6.9602717745458955
vn -0.3597129749027030 0.6493823283996525 0.6700068411955904
v 2.0000004163074441 -5.2052427493304911 -6.9630664606762274
vn -0.5756385255968641 0.7083908536729706 0.4084393299881249
v 1.9999999986799011 -1.5249260725531109 -8.9292534461152808
vn -0.5710068413742324 -0.2976669454755963 0.7650788042254539
v 1.9999999939107982 -3.5339554852347947 -9.1913008321434368
vn -0.8130258354548653 -0.5168135978204491 0.2681281335309691
v 1.9999962203431771 -3.2635404839930926 -8.9306233824461430
vn -0.8137623775974102 0.2106973475188632 0.5416617215158601
v 2.0000000093480970 -1.2796515009208036 -9.1834763881062056
vn -0.5563615322051545 -0.8164643707907250 0.1544272537851998
v 1.9999998215606414 -3.1927114964649816 -8.0681791718040348
vn -0.7113083149270590 0.6914792231365946 0.1260831673382284
v 2.0001579572392765 -1.5647818627391368 -8.1595079886206552
vn -0.8328426173612489 0.5052321482771105 0.2260832834469641
v 2.0000000801979665 -1.8560542010374483 -7.3561711936721697
vn -0.7077554239626617 -0.6425421367275292 0.2936355945403318
v 2.0000002375671158 -2.9423703545395963 -7.3695806038075800
vn -0.6055781082444234 -0.2651098500062442 0.7503278764945178
v 2.0000003448594881 -2.7184808968697043 -6.9577699624585954
vn -0.3554090198688928 0.6273754072130361 0.6928813224644680
v 2.0000000000000000 -2.0678706199999999 -6.9627242100000002
vn -0.5692886881443630 -0.7988395735751732 0.1943340557933829
v 1.9997057385982320 -0.1101464754939111 -8.8524001522074034
vn -0.7239381285697050 -0.3771284317367638 0.5776571058844188
v 1.9999999899951253 -0.3500483041154803 -9.1792529398076468
vn -0.7187217013180349 0.2431245220832458 0.6514058510761954
v 2.0000000259558552 1.9165162866060055 -9.1985907358643519
vn -0.7276195854862454 0.6143368454627776 0.3052211970418635
v 1.9999749679486325 1.6317778909288387 -8.9459113822267931
vn -0.8353301018100232 0.5274609634799323 0.1549469361261383
v 2.0000001148674103 1.4844908976991220 -7.8247102480209012
vn -0.7114349614675943 -0.6755833271029124 0.1935134717330088
v 1.9999997283733966 -0.0273195464734949 -7.9582164687109209
vn -0.5092352198545250 -0.4557725903638597 0.7300348188495743
v 1.9999318198297051 0.4022138814902822 -6.9602718052677561
vn -0.3597129978185909 0.6493788713669429 0.6700101794917431
v 2.0000004162954834 1.0779423734142337 -6.9630664611514943
vn -0.7170347491518616 -0.4704133809481223 0.5143660365281554
v 1.9999999976291467 2.8677865616680389 -9.1171463754965387
vn -0.7270040651253136 0.6013346144676630 0.3314540250687809
v 2.0001654126274016 4.7296351284705604 -8.9060360612130864
vn -0.7223073360744551 0.2423095290244171 0.6477331274506418
v 2.0000000179528299 5.0276310320912616 -9.1913011950135513
vn -0.7156485015830457 -0.6800753377384625 0.1592003680330474
v 1.9999409095826921 3.0372110523426614 -8.8362052258655197
vn -0.9499461294027053 0.0076009316512687 0.3123212722035615
v 1.9999999998814466 5.4072902986716240 -9.2615589484367078
vn -0.7118323660673178 0.6895932488864726 0.1332510176666705
v 2.0000387693305326 4.6902025478407774 -8.0121388317197653
vn -0.7120544748134686 -0.6645758991060526 0.2265332188123786
v 2.0000525984921786 3.1428295610341648 -7.8268080040957786
vn -0.3593693471357688 -0.3228559259759363 0.8755670867508851
v 2.0000001284117861 3.5654005902648049 -6.9585883901053460
vn -0.6119705028551925 0.5542043738636973 0.5642247917501588
v 2.0000004162769374 4.2195352382308391 -6.9630664603815360
vn -0.7293125905007214 -0.6238740252265501 0.2808635718364861
v 2.0000000013436545 6.1601933884778566 -8.9292532120555919
vn -0.8182834721317938 0.4872250188903198 0.3049982626233524
v 2.0000000003738072 7.8936247070748529 -8.9184012137532633
vn -0.7202987377342108 -0.3358368772971349 0.6069458956660071
v 1.9999518853733762 5.8975296134774924 -9.1952940905590701
vn -0.7114241065914778 -0.6901740012444717 0.1324220093742492
v 1.9999795171058081 6.2167463690241620 -8.0847588687727718
vn -0.8457230192446060 0.2394243645737361 0.4768946931642775
v 1.9999211191146822 8.1651374747063361 -9.1955810424146112
vn -0.7120540917599510 0.6909015969539342 0.1250358098082901
v 2.0001912011226541 7.8471744071339122 -8.0571851118469926
vn -0.5130970826653847 -0.4665765931262782 0.7204426878711081
v 1.9999292289534913 6.6938264297943348 -6.9578528208675996
vn -0.3617014704825767 0.6595263002262370 0.6589363440884357
v 2.0000004172021431 7.3612636820239858 -6.9633189976152945
vn -0.6306711249681236 -0.3950585311505144 0.6679690779494508
v 2.0001398319758117 9.1065403123604582 -9.1698355665075901
vn -0.8517483638549048 0.3024465977697235 0.4278443410494190
v 2.0000006587092360 11.2175908927171832 -9.1502027526454928
vn -0.5681736741010357 0.7828010315126317 0.2537739567435749
v 1.9999999933129149 11.0037377610945573 -8.8070262175646086
vn -0.9019490959792149 -0.4100638501044044 0.1354085193029952
v 2.0000000011871242 9.3345918427359269 -8.8460530121535879
vn -0.6064899194802293 -0.7748815993405589 0.1781249128344553
v 2.0001377360589241 9.3543114868875819 -8.0413989515134716
vn -0.7117320333796883 0.6885709878880641 0.1389514566316953
v 2.0000060702876814 10.9862607542523794 -8.0885041621466094
vn -0.3622165184944565 -0.3227690094922589 0.8744251598857051
v 1.9999999144255378 9.8500581173472757 -6.9573131414746738
vn -0.6124386929640182 0.5583075307720081 0.5596530607830071
v 2.0000016311000062 10.5151265065227175 -6.9651798686974686
vn -0.5613240450334740 -0.8196334286768450 0.1145266740226823
v 1.9999245341359404 12.4752852244727919 -8.1509646341468152
vn -0.7298030792035759 -0.4467898110719503 0.5174614288111433
v 2.0001790984952135 12.2894230833155991 -9.1457033654529525
vn -0.8395927193524113 -0.5274125107790397 0.1300773196378699
v 1.9999999996898796 12.4801130626772476 -8.7897404356703799
vn -0.7158726769121654 0.6871461304088479 0.1239213698873475
v 1.9999999941367064 14.1448642553545110 -8.7839851005252729
vn -0.7289380836160626 0.4275133208731645 0.5346789978390217
v 2.0000724935220311 14.3515204049034466 -9.1587107483836157
vn -0.8980306904830589 0.4300256095741583 0.0928377835845614
v 1.9999899274215169 14.1319361263433940 -8.0798444837227539
vn -0.6134756463620287 -0.5644346288030839 0.5523234388731082
v 1.9999995399443222 12.9700148651564806 -6.9668747549621495
vn -0.2871987818152061 0.5175246584416188 0.8060304508073796
v 2.0000016282876052 13.6482333419402089 -6.9576995452251600
vn -0.7142157945622177 -0.6909058212088999 0.1120042187487411
v 1.9999814823745869 15.6171496661554805 -8.1267027458020475
vn -0.8210948637871062 -0.2521165498989487 0.5120942002498022
v 2.0002057901679926 15.3974625797481295 -9.1690378223603783
vn -0.8112333369915884 0.5379936212972838 0.2290487642335724
v 1.9999999926171161 17.2900158995637696 -8.8543032742287764
vn -0.5751727341228574 0.3483371811185264 0.7401604786612399
v 1.9999212408794493 17.5418362872643421 -9.1746885440475854
vn -0.7217878897649451 -0.6641712488075830 0.1946761270573333
v 1.9999999979185614 15.6196886069500742 -8.8257468820745917
vn -0.8951812946545395 0.0421925114936987 0.4437006216746562
v 1.9999999999976126 17.9871226997453988 -9.2614353687974500
vn -0.7125026064267462 0.6921822136241956 0.1149948650044934
v 2.0000600508483544 17.2809267113959066 -8.0845848479127458
vn -0.6126474152983382 -0.5631315799962872 0.5545682718468041
v 1.9999995395107644 16.1116070728398952 -6.9668749359931654
vn -0.2872388045014638 0.5122822451432673 0.8093582460811426
v 1.9999995449290990 16.7780044756407385 -6.9573183679813866
vn -0.6041543334206396 -0.7589971480294954 0.2427362162763418
v 1.9999649682292979 18.7138710253855045 -8.8284617467920281
vn -0.7408656245956879 0.4364962983055948 0.5104792922910335
v 2.0000766739782962 20.6352525653432579 -9.1565481269719076
vn -0.8547778536434489 -0.3130086663003140 0.4139811538483334
v 1.9999897710739518 18.5370250798921461 -9.1564912354233829
vn -0.7067483605083027 0.6871618881951888 0.1682714899525439
v 1.9997493532753849 20.4704463878272449 -8.5857198915795720
vn -0.8976044151822989 -0.0250110180944505 0.4400917663614283
v 2.0000011052076725 21.1727355555813794 -9.2684182205929329
vn -0.8343617295452765 -0.5294439077389134 0.1533937835388509
v 1.9999999692603467 18.8557320521180145 -7.8601669599868176
vn -0.3610811831227566 -0.6502468673891600 0.6684305428728211
v 1.9999995436369211 19.2532008181592147 -6.9668744107435625
vn -0.5206244369444336 0.4753905206028408 0.7091925327985704
v 1.9996272998297420 19.9713413493902010 -6.9653486424299063
vn -0.7108173276706180 -0.6778455361016507 0.1877875285269686
v 1.9997661673275764 21.8784518575164313 -8.7398636671511039
vn -0.8492914638555072 0.2986911529593003 0.4353017396772194
v 1.9999556350385845 23.7936826482256549 -9.1547672142260659
vn -0.8588453345663118 -0.3315549602193803 0.3904561430527188
v 1.9999604828395943 21.7095386438133851 -9.1383499591016193
vn -0.7188812458829233 0.6478240165082912 0.2520591159884540
v 1.9999999977790293 23.5710366297842313 -8.8265812160121762
vn -0.7088152184217160 0.1022869531195766 0.6979386544355374
v 1.9999999998090725 24.2505120876343625 -9.2606331022282760
vn -0.7126632878607781 0.6919970515610376 0.1151135038398898
v 2.0000577444298049 23.5638097527170878 -8.0738745437738206
vn -0.6043761795459389 -0.7507162492109452 0.2667480960908719
v 2.0000012791786208 22.0672828600328117 -7.6275074933817057
vn -0.3576506034433179 -0.3117025114677635 0.8802997161202083
v 1.9999999144255727 22.4164281165840862 -6.9573131501252146
vn -0.6120570203651123 0.5568480140152708 0.5615215873936006
v 2.0000004133151323 23.0692270361803082 -6.9633189877601636
vn -0.8190289015058975 -0.5418561548521169 0.1886360674603920
v 2.0000734679233823 25.0231721994131640 -8.9237065294782756
vn -0.8363777594114129 -0.5325824326344830 0.1297235368430925
v 1.9999995224367537 25.0894191357701857 -8.0072716628506484
vn -0.5640296617954865 -0.3169403508375165 0.7625085931488649
v 1.9999999834681752 24.7016809316300723 -9.2006387647107353
vn -0.8070482970567193 0.2184158468878482 0.5486051075647339
v 1.9999964421675567 27.0640463945717329 -9.2034581685616406
vn -0.7393041961305384 0.6073679147098865 0.2907464905458748
v 2.0001380694616175 26.7335433748803659 -8.9325614804759361
vn -0.8964406909599255 -0.0070395722802623 0.4431078108241855
v 1.9999999917092333 27.4887827596292524 -9.2629380441348150
vn -0.7115032011067841 0.6945227783978367 0.1067768940424317
v 1.9999993070209603 26.7280622298176702 -8.2858783758520698
vn -0.7123927691698616 -0.2266209057604134 0.6641833387753915
v 2.0000031638488331 27.7851046184195596 -9.2117959707497992
vn -0.3624702622086458 -0.6620135604386291 0.6560132276179842
v 1.9999995362478167 25.5363848634035584 -6.9668751323065692
vn -0.5170108386079999 0.4726036224492524 0.7136845303141278
v 1.9999875634082926 26.2463720162611658 -6.9651370334457763
vn -0.7149693766124159 0.2422228484761947 0.6558558394819183
v 2.0000000280622428 30.2297127997250819 -9.2066641599833492
vn -0.7331185475565656 -0.6074174508872116 0.3059105025758899
v 1.9996877544345533 28.1421282402219468 -8.9711101120569214
vn -0.7336252944595713 0.6319861118813968 0.2497748620621024
v 1.9999389985558678 29.9051461115799242 -8.9631604930798616
vn -0.7094243550960670 -0.6830306919429021 0.1737416422753324
v 1.9999997299142742 28.2470153395972901 -7.9582123826739766
vn -0.7110704076911677 0.6737365699877534 0.2011415162691519
v 2.0000001158820937 29.7588229548778038 -7.8247063054732600
vn -0.5100024625705841 -0.4556957016756243 0.7295470619818166
v 1.9998797202743197 28.6775092998472729 -6.9589705970626214
vn -0.3590526428701566 0.6405741439600990 0.6787827087792838
v 2.0000004201108914 29.3524134603673374 -6.9633190588260687
vn -0.9095249821749167 -0.3700848456730250 0.1892128795903978
v 2.0000000003884386 31.2910209199163560 -8.9609301437721953
vn -0.7156925162642593 0.3445347860513647 0.6075195497791600
v 2.0000000005070722 33.2385663643157159 -9.1520473053695781
vn -0.7156724308587820 -0.2990880265793040 0.6311571310423258
v 1.9999999810198115 30.9963470497700833 -9.1978836992343282
vn -0.5740434894028986 0.7782754176364217 0.2544827038857408
v 1.9999999959739214 33.0246465706026981 -8.9282542185141516
vn -0.9307756970401917 0.0230552549604708 0.3648630661194044
v 1.9999935043605672 33.6616919467675189 -9.2661852556415969
vn -0.8973185497773553 0.4271406082049556 0.1112219449918263
v 1.9999835481507096 32.9508364961777502 -7.9623919842770814
vn -0.5594914262733121 -0.8170386000457567 0.1393458645311192
v 1.9999583597153288 31.3354659373771511 -8.1028441575107024
vn -0.6126270282287508 -0.5629746276538741 0.5547501175318408
v 1.9999995497121044 31.8195712213000057 -6.9668743863510931
vn -0.2857868017905560 0.5091486101914233 0.8118457961106084
v 1.9999995441952760 32.4859663821039604 -6.9573183504432663
vn -0.7585060987392266 0.5374422006703276 0.3685435918775879
v 1.9998637676034561 36.1951760082955758 -8.9910698684353800
vn -0.7173026964396271 -0.2597537419812092 0.6465329343561698
v 1.9999999829474162 34.1072587313784794 -9.2046437879368348
vn -0.7351080395361270 -0.6041116415757418 0.3076772574013464
v 1.9999030374566673 34.4420097635391258 -8.9256606401097756
vn -0.7091569328773819 -0.6943231764281247 0.1225225335467073
v 1.9999999087929603 34.4950740224673424 -8.1269212546231540
vn -0.7108218712870321 0.6755928689518117 0.1957205730664564
v 2.0000006209017513 36.0629689383872361 -7.9057398374074275
vn -0.7080827046465397 -0.6445740433448633 0.2883456017117230
v 2.0000011270632472 34.7235318360359386 -7.4364022914762211
vn -0.3561984769184220 -0.3098767940090314 0.8815321988309224
v 1.9999999144256864 34.9827981265717654 -6.9573131501255485
vn -0.6095977634338350 0.5493226793588085 0.5715200440566593
v 2.0000024936831702 35.6436376753503410 -6.9657127779503609
vn -0.7260464907455406 -0.3555195789318062 0.5886105013268423
v 1.9999486021637374 37.3426312507952574 -9.1810582749084801
vn -0.7253607934737512 0.2841336621794102 0.6269926485275938
v 1.9999794247310216 39.5400146581859602 -9.1786787799791245
vn -0.8087991605840595 -0.5698718823266846 0.1452238120005187
v 1.9998000330910128 37.5744130379830636 -8.8458162420183086
vn -0.4640102077227489 0.8383969695485353 0.2859808535215669
v 1.9999999980012191 39.2819876928671619 -8.8623438408410262
vn -0.9502247300595237 0.0016911466428367 0.3115607523523104
v 1.9999999998048814 40.0118796929591625 -9.2669063997915799
vn -0.8978903171394126 0.4282971310205536 0.1017572894039934
v 1.9999766129682779 39.2438600784194094 -8.0045488261385760
vn -0.6088119418910535 -0.5467571833382711 0.5748083175101459
v 1.9999988533443804 38.1114125728682396 -6.9638340112403085
vn -0.5595162364627185 -0.7927188469136378 0.2419471241459749
v 1.9999997209658860 37.7242442793425141 -7.7929836914994954
vn -0.2859299650451544 0.5141465803948092 0.8086391957836331
v 2.0000000724060136 38.7737964132076982 -6.9573961180978019
vn -0.7223901802959475 -0.2788415662963591 0.6327715293195338
v 1.9999999743335970 40.4619543567069400 -9.1877904535787778
vn -0.7244322271351802 -0.6517044822277277 0.2246758022846523
v 1.9999794075528050 40.7355611260425903 -8.8848959754242447
vn -0.8381305079424531 0.2023059405587678 0.5065664399373075
v 2.0000000260519384 42.7960790834222422 -9.2066633236090070
vn -0.6459540072983846 0.6605559053170148 0.3826347036090396
v 2.0000323800698334 42.4502392426213362 -8.9736051651361173
vn -0.7129151081791634 -0.6789908307693219 0.1752812033878067
v 2.0000052489853015 40.8189487614751556 -7.9225192766217329
vn -0.6110692713891243 -0.5643435765090981 0.5550771777121489
v 1.9999995457343753 41.2443503022094831 -6.9668749695803349
vn -0.8977028760956618 0.4276152376787900 0.1061826480856868
v 2.0000304515960967 42.3930527164943953 -8.0170690255295103
vn -0.2862901416585110 0.5114382470553702 0.8102276681514152
v 1.9999997055439915 41.9107435535046307 -6.9573182830374396
vn -0.6035815901952583 -0.7820409679576494 0.1552455745366866
v 2.0000090104376551 43.8763463162416656 -8.3033615649594843
vn -0.7155368700970416 0.3137661975681593 0.6241456246705156
v 2.0000000003053708 45.9105657569738028 -9.2003050084062288
vn -0.7296347085073953 0.6441560025881226 0.2295566084237590
v 1.9999575830593215 45.6047252653285184 -8.9377059501068779
vn -0.8754450289980176 -0.3762822049983947 0.3033277161820302
v 2.0000553364145364 43.8152394976516604 -9.0667516270085606
vn -0.6131108554557689 -0.5657532067320400 0.5513786248982716
v 2.0001055210656085 44.3605187476631855 -6.9772235271180705
vn -0.7109899517181265 0.6713394401765150 0.2092764788965535
v 2.0000007960563835 45.5062570396303485 -7.9597985732275882
vn -0.3652897937243798 0.3246320855858375 0.8724547986050565
v 1.9999999546683658 45.0719471701221721 -6.9587485277400170
vn -0.9234885781297401 -0.2976706587203441 0.2419938532295966
v 2.0000184355164201 46.9518122736605719 -9.0697401739738233
vn -0.7447623575371407 0.5221201319979047 0.4155954746604090
v 1.9999930943654725 48.8677129838442141 -9.1219731587605359
vn -0.8020697154419598 0.5868241383403331 0.1110027127235152
v 1.9998282459151506 48.7131238663600001 -8.2474773421814582
vn -0.5564305396372015 -0.8182225688720092 0.1445575399193788
v 1.9999529039619313 47.0205474219013979 -8.3032969453078227
vn -0.7434622458979908 -0.4211453903991889 0.5195194405119314
v 2.0000145617667200 50.0046791356254730 -9.1410047680664110
vn -0.5625699310255157 0.0658199594062607 0.8241254793110723
v 1.9999999983854346 49.4406814407205388 -9.2687689484137561
vn -0.7147552658240747 -0.0772869153424874 0.6950911038803472
v 2.0000010075929868 46.2967995004325346 -9.2686015220788605
vn -0.6173450531674171 -0.5840467804383656 0.5270431135963153
v 1.9999606468475108 47.4908315684439941 -6.9784428860098116
vn -0.2926942471870381 0.5218936983419591 0.8012222196710257
v 2.0000016347445011 48.2057526735205641 -6.9576995310312562
vn -0.8477008479098155 0.2777139972734250 0.4519714683156407
v 2.0000000003158989 52.0941174228226416 -9.1722117570417652
vn -0.8108212887923231 0.5402123586731631 0.2252541790465472
v 2.0000139845028855 51.8476504782608814 -8.8568012067351933
vn -0.7164953790864637 -0.6802057428448414 0.1547724754232558
v 2.0000000039461945 50.1795600423378048 -8.7740812430903627
vn -0.3842186541560099 0.5343340576307912 0.7529031416154133
v 1.9999999909011050 52.5830580337302109 -9.2685299154145078
vn -0.6064104709278764 0.7765865215525447 0.1708207109572791
v 2.0000535569719915 51.8289271821026034 -8.0714285125326004
vn -0.7122513010926057 -0.6923599309570332 0.1154807780414654
v 2.0001930609403322 50.1811776733648998 -8.1105970097133078
vn -0.6131101509759487 -0.5598288062405121 0.5573936225627028
v 1.9999988568887173 50.6777835104513201 -6.9638344238707885
vn -0.3638105269584036 0.3307791660227147 0.8707623348535271
v 2.0000000835465896 51.3401671630941152 -6.9573961501396502
# 4936 vertices, 0 vertices normals

f 5//5 2//2 1//1
f 3//3 1//1 2//2
f 3//3 2//2 4//4
f 5//5 6//6 2//2
f 8//8 3//3 4//4
f 7//7 6//6 5//5
f 9//9 6//6 7//7
f 10//10 6//6 9//9
f 11//11 6//6 10//10
f 12//12 6//6 11//11
f 13//13 14//14 383//383
f 15//15 8//8 4//4
f 17//17 16//16 15//15
f 17//17 15//15 4//4
f 18//18 17//17 4//4
f 24//24 18//18 4//4
f 19//19 12//12 14//14
f 19//19 14//14 13//13
f 20//20 12//12 19//19
f 22//22 23//23 21//21
f 22//22 24//24 4//4
f 22//22 25//25 24//24
f 22//22 21//21 25//25
f 26//26 23//23 22//22
f 27//27 26//26 22//22
f 28//28 22//22 30//30
f 28//28 27//27 22//22
f 29//29 28//28 30//30
f 30//30 32//32 29//29
f 31//31 32//32 30//30
f 31//31 33//33 32//32
f 36//36 34//34 35//35
f 36//36 37//37 34//34
f 38//38 37//37 36//36
f 38//38 39//39 37//37
f 73//73 39//39 38//38
f 41//41 73//73 42//42
f 41//41 42//42 43//43
f 41//41 43//43 40//40
f 41//41 40//40 44//44
f 45//45 41//41 44//44
f 45//45 46//46 41//41
f 47//47 46//46 45//45
f 46//46 47//47 48//48
f 49//49 46//46 48//48
f 49//49 48//48 52//52
f 50//50 49//49 52//52
f 50//50 52//52 51//51
f 53//53 50//50 51//51
f 54//54 50//50 53//53
f 55//55 33//33 31//31
f 57//57 56//56 55//55
f 57//57 55//55 31//31
f 76//76 57//57 31//31
f 59//59 61//61 60//60
f 59//59 62//62 61//61
f 59//59 60//60 367//367
f 59//59 367//367 58//58
f 59//59 58//58 63//63
f 59//59 63//63 64//64
f 65//65 68//68 66//66
f 65//65 66//66 67//67
f 70//70 62//62 59//59
f 65//65 67//67 69//69
f 70//70 65//65 69//69
f 70//70 69//69 62//62
f 65//65 50//50 72//72
f 72//72 50//50 71//71
f 71//71 50//50 54//54
f 65//65 72//72 68//68
f 41//41 6//6 12//12
f 41//41 12//12 73//73
f 73//73 12//12 74//74
f 74//74 12//12 20//20
f 73//73 74//74 75//75
f 73//73 75//75 39//39
f 31//31 59//59 64//64
f 31//31 64//64 76//76
f 77//77 65//65 70//70
f 78//78 77//77 70//70
f 79//79 70//70 59//59
f 79//79 78//78 70//70
f 80//80 79//79 59//59
f 31//31 80//80 59//59
f 83//83 81//81 82//82
f 84//84 81//81 83//83
f 85//85 83//83 82//82
f 86//86 87//87 85//85
f 86//86 85//85 82//82
f 89//89 87//87 86//86
f 88//88 89//89 86//86
f 80//80 89//89 88//88
f 90//90 84//84 91//91
f 90//90 91//91 92//92
f 90//90 81//81 84//84
f 93//93 90//90 92//92
f 94//94 93//93 92//92
f 79//79 80//80 88//88
f 95//95 78//78 79//79
f 95//95 79//79 88//88
f 96//96 77//77 78//78
f 96//96 78//78 95//95
f 96//96 93//93 94//94
f 96//96 94//94 77//77
f 86//86 97//97 98//98
f 86//86 82//82 97//97
f 99//99 100//100 101//101
f 99//99 101//101 102//102
f 103//103 101//101 104//104
f 103//103 102//102 101//101
f 105//105 106//106 103//103
f 105//105 103//103 104//104
f 107//107 100//100 99//99
f 108//108 107//107 99//99
f 97//97 108//108 109//109
f 97//97 107//107 108//108
f 98//98 110//110 111//111
f 98//98 109//109 110//110
f 98//98 97//97 109//109
f 112//112 111//111 106//106
f 112//112 106//106 105//105
f 112//112 98//98 111//111
f 98//98 112//112 88//88
f 98//98 88//88 86//86
f 105//105 88//88 112//112
f 95//95 88//88 105//105
f 105//105 104//104 96//96
f 105//105 96//96 95//95
f 93//93 104//104 101//101
f 93//93 96//96 104//104
f 101//101 100//100 90//90
f 101//101 90//90 93//93
f 107//107 90//90 100//100
f 81//81 90//90 107//107
f 107//107 97//97 82//82
f 107//107 82//82 81//81
f 109//109 113//113 110//110
f 109//109 114//114 113//113
f 113//113 115//115 111//111
f 110//110 113//113 111//111
f 111//111 116//116 106//106
f 111//111 115//115 116//116
f 106//106 117//117 103//103
f 106//106 116//116 117//117
f 103//103 118//118 102//102
f 103//103 117//117 118//118
f 102//102 119//119 99//99
f 102//102 118//118 119//119
f 99//99 120//120 108//108
f 99//99 119//119 120//120
f 108//108 114//114 109//109
f 108//108 120//120 114//114
f 118//118 121//121 122//122
f 118//118 122//122 119//119
f 117//117 123//123 121//121
f 117//117 121//121 118//118
f 124//124 117//117 116//116
f 124//124 123//123 117//117
f 125//125 119//119 122//122
f 120//120 119//119 125//125
f 126//126 114//114 120//120
f 126//126 120//120 125//125
f 127//127 113//113 114//114
f 127//127 115//115 113//113
f 127//127 114//114 126//126
f 128//128 116//116 115//115
f 128//128 124//124 116//116
f 128//128 115//115 127//127
f 129//129 126//126 130//130
f 127//127 126//126 129//129
f 131//131 132//132 133//133
f 131//131 133//133 134//134
f 135//135 133//133 136//136
f 135//135 134//134 133//133
f 137//137 138//138 135//135
f 137//137 135//135 136//136
f 139//139 132//132 131//131
f 140//140 139//139 131//131
f 130//130 140//140 141//141
f 130//130 139//139 140//140
f 129//129 142//142 143//143
f 129//129 141//141 142//142
f 129//129 130//130 141//141
f 144//144 143//143 138//138
f 144//144 138//138 137//137
f 144//144 129//129 143//143
f 129//129 144//144 128//128
f 129//129 128//128 127//127
f 124//124 144//144 137//137
f 124//124 128//128 144//144
f 137//137 136//136 123//123
f 137//137 123//123 124//124
f 133//133 123//123 136//136
f 121//121 123//123 133//133
f 133//133 132//132 122//122
f 133//133 122//122 121//121
f 125//125 132//132 139//139
f 125//125 122//122 132//132
f 139//139 130//130 126//126
f 139//139 126//126 125//125
f 141//141 145//145 142//142
f 141//141 146//146 145//145
f 145//145 147//147 143//143
f 142//142 145//145 143//143
f 143//143 148//148 138//138
f 143//143 147//147 148//148
f 138//138 149//149 135//135
f 138//138 148//148 149//149
f 135//135 150//150 134//134
f 135//135 149//149 150//150
f 134//134 151//151 131//131
f 134//134 150//150 151//151
f 131//131 152//152 140//140
f 131//131 151//151 152//152
f 140//140 146//146 141//141
f 140//140 152//152 146//146
f 150//150 153//153 154//154
f 150//150 154//154 151//151
f 149//149 155//155 153//153
f 149//149 153//153 150//150
f 156//156 149//149 148//148
f 156//156 155//155 149//149
f 157//157 151//151 154//154
f 152//152 151//151 157//157
f 158//158 146//146 152//152
f 158//158 152//152 157//157
f 159//159 145//145 146//146
f 159//159 147//147 145//145
f 159//159 146//146 158//158
f 160//160 148//148 147//147
f 160//160 156//156 148//148
f 160//160 147//147 159//159
f 161//161 158//158 162//162
f 159//159 158//158 161//161
f 163//163 164//164 165//165
f 163//163 165//165 166//166
f 167//167 165//165 168//168
f 167//167 166//166 165//165
f 169//169 170//170 167//167
f 169//169 167//167 168//168
f 171//171 164//164 163//163
f 172//172 171//171 163//163
f 162//162 172//172 173//173
f 162//162 171//171 172//172
f 161//161 174//174 175//175
f 161//161 173//173 174//174
f 161//161 162//162 173//173
f 176//176 175//175 170//170
f 176//176 170//170 169//169
f 176//176 161//161 175//175
f 161//161 176//176 160//160
f 161//161 160//160 159//159
f 156//156 176//176 169//169
f 156//156 160//160 176//176
f 169//169 168//168 155//155
f 169//169 155//155 156//156
f 165//165 155//155 168//168
f 153//153 155//155 165//165
f 165//165 164//164 154//154
f 165//165 154//154 153//153
f 157//157 164//164 171//171
f 157//157 154//154 164//164
f 171//171 162//162 158//158
f 171//171 158//158 157//157
f 173//173 177//177 174//174
f 173//173 178//178 177//177
f 177//177 179//179 175//175
f 174//174 177//177 175//175
f 175//175 180//180 170//170
f 175//175 179//179 180//180
f 170//170 181//181 167//167
f 170//170 180//180 181//181
f 167//167 182//182 166//166
f 167//167 181//181 182//182
f 166//166 183//183 163//163
f 166//166 182//182 183//183
f 163//163 184//184 172//172
f 163//163 183//183 184//184
f 172//172 178//178 173//173
f 172//172 184//184 178//178
f 182//182 185//185 186//186
f 182//182 186//186 183//183
f 181//181 187//187 185//185
f 181//181 185//185 182//182
f 188//188 181//181 180//180
f 188//188 187//187 181//181
f 189//189 183//183 186//186
f 184//184 183//183 189//189
f 190//190 178//178 184//184
f 190//190 184//184 189//189
f 191//191 177//177 178//178
f 191//191 179//179 177//177
f 191//191 178//178 190//190
f 192//192 180//180 179//179
f 192//192 188//188 180//180
f 192//192 179//179 191//191
f 191//191 193//193 194//194
f 191//191 190//190 193//193
f 195//195 196//196 197//197
f 195//195 197//197 198//198
f 199//199 197//197 200//200
f 199//199 198//198 197//197
f 201//201 202//202 199//199
f 201//201 199//199 200//200
f 203//203 196//196 195//195
f 204//204 203//203 195//195
f 193//193 204//204 205//205
f 193//193 203//203 204//204
f 194//194 206//206 207//207
f 194//194 205//205 206//206
f 194//194 193//193 205//205
f 208//208 207//207 202//202
f 208//208 202//202 201//201
f 208//208 194//194 207//207
f 194//194 208//208 192//192
f 194//194 192//192 191//191
f 188//188 208//208 201//201
f 188//188 192//192 208//208
f 201//201 200//200 187//187
f 201//201 187//187 188//188
f 185//185 200//200 197//197
f 185//185 187//187 200//200
f 197//197 196//196 186//186
f 197//197 186//186 185//185
f 189//189 196//196 203//203
f 189//189 186//186 196//196
f 203//203 193//193 190//190
f 203//203 190//190 189//189
f 205//205 209//209 206//206
f 205//205 210//210 209//209
f 209//209 211//211 207//207
f 206//206 209//209 207//207
f 207//207 212//212 202//202
f 207//207 211//211 212//212
f 202//202 213//213 199//199
f 202//202 212//212 213//213
f 199//199 214//214 198//198
f 199//199 213//213 214//214
f 198//198 215//215 195//195
f 198//198 214//214 215//215
f 195//195 216//216 204//204
f 195//195 215//215 216//216
f 204//204 210//210 205//205
f 204//204 216//216 210//210
f 214//214 217//217 218//218
f 214//214 218//218 215//215
f 213//213 219//219 217//217
f 213//213 217//217 214//214
f 220//220 213//213 212//212
f 220//220 219//219 213//213
f 221//221 215//215 218//218
f 216//216 215//215 221//221
f 222//222 210//210 216//216
f 222//222 216//216 221//221
f 223//223 209//209 210//210
f 223//223 211//211 209//209
f 223//223 210//210 222//222
f 224//224 212//212 211//211
f 224//224 220//220 212//212
f 224//224 211//211 223//223
f 223//223 225//225 226//226
f 223//223 222//222 225//225
f 227//227 228//228 229//229
f 227//227 229//229 230//230
f 231//231 229//229 232//232
f 231//231 230//230 229//229
f 233//233 234//234 231//231
f 233//233 231//231 232//232
f 235//235 228//228 227//227
f 236//236 235//235 227//227
f 225//225 236//236 237//237
f 225//225 235//235 236//236
f 226//226 238//238 239//239
f 226//226 237//237 238//238
f 226//226 225//225 237//237
f 240//240 239//239 234//234
f 240//240 234//234 233//233
f 240//240 226//226 239//239
f 226//226 240//240 224//224
f 226//226 224//224 223//223
f 220//220 240//240 233//233
f 220//220 224//224 240//240
f 233//233 232//232 219//219
f 233//233 219//219 220//220
f 217//217 232//232 229//229
f 217//217 219//219 232//232
f 229//229 228//228 218//218
f 229//229 218//218 217//217
f 221//221 228//228 235//235
f 221//221 218//218 228//228
f 235//235 225//225 222//222
f 235//235 222//222 221//221
f 237//237 241//241 238//238
f 237//237 242//242 241//241
f 241//241 243//243 239//239
f 238//238 241//241 239//239
f 239//239 244//244 234//234
f 239//239 243//243 244//244
f 234//234 245//245 231//231
f 234//234 244//244 245//245
f 231//231 246//246 230//230
f 231//231 245//245 246//246
f 230//230 247//247 227//227
f 230//230 246//246 247//247
f 227//227 248//248 236//236
f 227//227 247//247 248//248
f 236//236 242//242 237//237
f 236//236 248//248 242//242
f 246//246 249//249 250//250
f 246//246 250//250 247//247
f 245//245 251//251 249//249
f 245//245 249//249 246//246
f 252//252 245//245 244//244
f 252//252 251//251 245//245
f 253//253 247//247 250//250
f 248//248 247//247 253//253
f 254//254 242//242 248//248
f 254//254 248//248 253//253
f 255//255 241//241 242//242
f 255//255 243//243 241//241
f 255//255 242//242 254//254
f 256//256 244//244 243//243
f 256//256 252//252 244//244
f 256//256 243//243 255//255
f 255//255 254//254 257//257
f 255//255 257//257 258//258
f 258//258 256//256 255//255
f 258//258 259//259 256//256
f 260//260 256//256 259//259
f 260//260 259//259 261//261
f 262//262 263//263 264//264
f 252//252 263//263 262//262
f 252//252 256//256 260//260
f 252//252 260//260 263//263
f 262//262 251//251 252//252
f 262//262 265//265 251//251
f 249//249 251//251 265//265
f 249//249 265//265 266//266
f 266//266 250//250 249//249
f 266//266 267//267 250//250
f 268//268 250//250 267//267
f 268//268 267//267 269//269
f 270//270 271//271 272//272
f 253//253 271//271 270//270
f 253//253 250//250 268//268
f 253//253 268//268 271//271
f 270//270 254//254 253//253
f 270//270 257//257 254//254
f 274//274 259//259 258//258
f 273//273 259//259 274//274
f 275//275 274//274 258//258
f 261//261 259//259 273//273
f 276//276 261//261 273//273
f 257//257 277//277 275//275
f 257//257 275//275 258//258
f 270//270 278//278 277//277
f 270//270 277//277 257//257
f 272//272 278//278 270//270
f 272//272 279//279 278//278
f 280//280 275//275 277//277
f 280//280 277//277 281//281
f 278//278 282//282 283//283
f 277//277 278//278 283//283
f 277//277 283//283 281//281
f 285//285 284//284 283//283
f 285//285 283//283 282//282
f 286//286 283//283 284//284
f 286//286 281//281 283//283
f 288//288 285//285 282//282
f 287//287 281//281 286//286
f 384//384 288//288 282//282
f 290//290 289//289 384//384
f 290//290 384//384 282//282
f 295//295 290//290 282//282
f 323//323 322//322 291//291
f 292//292 281//281 287//287
f 293//293 281//281 292//292
f 294//294 291//291 295//295
f 294//294 323//323 291//291
f 296//296 323//323 294//294
f 299//299 298//298 297//297
f 301//301 300//300 298//298
f 301//301 298//298 299//299
f 301//301 302//302 300//300
f 303//303 302//302 301//301
f 303//303 281//281 293//293
f 303//303 293//293 302//302
f 305//305 306//306 304//304
f 280//280 303//303 306//306
f 280//280 306//306 305//305
f 280//280 281//281 303//303
f 307//307 280//280 305//305
f 308//308 280//280 307//307
f 309//309 280//280 308//308
f 309//309 311//311 280//280
f 310//310 311//311 309//309
f 312//312 311//311 310//310
f 312//312 310//310 313//313
f 314//314 312//312 313//313
f 314//314 313//313 315//315
f 294//294 295//295 282//282
f 299//299 297//297 317//317
f 17//17 299//299 317//317
f 17//17 317//317 16//16
f 17//17 301//301 299//299
f 18//18 301//301 17//17
f 24//24 301//301 18//18
f 24//24 303//303 301//301
f 25//25 303//303 24//24
f 25//25 306//306 303//303
f 21//21 306//306 25//25
f 21//21 304//304 306//306
f 316//316 15//15 16//16
f 317//317 316//316 16//16
f 318//318 15//15 319//319
f 316//316 319//319 15//15
f 8//8 15//15 318//318
f 300//300 316//316 298//298
f 287//287 318//318 292//292
f 287//287 8//8 318//318
f 319//319 316//316 300//300
f 300//300 320//320 319//319
f 302//302 320//320 300//300
f 293//293 320//320 302//302
f 293//293 321//321 320//320
f 292//292 318//318 321//321
f 292//292 321//321 293//293
f 318//318 319//319 321//321
f 321//321 319//319 320//320
f 297//297 298//298 316//316
f 297//297 316//316 317//317
f 342//342 325//325 40//40
f 342//342 40//40 43//43
f 40//40 325//325 44//44
f 44//44 325//325 330//330
f 52//52 326//326 51//51
f 52//52 327//327 326//326
f 48//48 327//327 52//52
f 47//47 328//328 327//327
f 47//47 327//327 48//48
f 47//47 329//329 328//328
f 45//45 329//329 47//47
f 44//44 330//330 329//329
f 44//44 329//329 45//45
f 51//51 331//331 53//53
f 51//51 326//326 331//331
f 66//66 332//332 355//355
f 68//68 332//332 66//66
f 68//68 333//333 332//332
f 72//72 333//333 68//68
f 72//72 334//334 333//333
f 71//71 335//335 334//334
f 71//71 336//336 335//335
f 71//71 334//334 72//72
f 54//54 336//336 71//71
f 53//53 331//331 336//336
f 53//53 336//336 54//54
f 340//340 337//337 338//338
f 341//341 339//339 340//340
f 341//341 340//340 338//338
f 366//366 341//341 338//338
f 325//325 342//342 343//343
f 344//344 325//325 343//343
f 344//344 343//343 366//366
f 330//330 325//325 344//344
f 329//329 330//330 344//344
f 328//328 329//329 344//344
f 328//328 344//344 345//345
f 345//345 327//327 328//328
f 346//346 327//327 345//345
f 346//346 326//326 327//327
f 331//331 326//326 346//346
f 347//347 348//348 349//349
f 351//351 347//347 350//350
f 352//352 347//347 351//351
f 352//352 348//348 347//347
f 359//359 348//348 352//352
f 361//361 355//355 332//332
f 361//361 362//362 355//355
f 356//356 357//357 363//363
f 356//356 358//358 357//357
f 356//356 354//354 358//358
f 356//356 359//359 360//360
f 356//356 360//360 353//353
f 356//356 353//353 354//354
f 364//364 356//356 363//363
f 364//364 362//362 361//361
f 364//364 365//365 362//362
f 364//364 363//363 365//365
f 348//348 359//359 356//356
f 361//361 334//334 346//346
f 334//334 335//335 346//346
f 335//335 336//336 346//346
f 336//336 331//331 346//346
f 361//361 333//333 334//334
f 361//361 332//332 333//333
f 344//344 366//366 338//338
f 60//60 357//357 358//358
f 61//61 357//357 60//60
f 61//61 363//363 357//357
f 62//62 363//363 61//61
f 69//69 365//365 363//363
f 69//69 363//363 62//62
f 67//67 362//362 365//365
f 67//67 365//365 69//69
f 66//66 355//355 362//362
f 66//66 362//362 67//67
f 354//354 367//367 358//358
f 358//358 367//367 60//60
f 58//58 367//367 353//353
f 56//56 351//351 350//350
f 57//57 352//352 351//351
f 57//57 351//351 56//56
f 76//76 352//352 57//57
f 64//64 352//352 76//76
f 64//64 359//359 352//352
f 63//63 359//359 64//64
f 63//63 360//360 359//359
f 63//63 353//353 360//360
f 58//58 353//353 63//63
f 324//324 55//55 56//56
f 350//350 324//324 56//56
f 368//368 324//324 347//347
f 368//368 55//55 324//324
f 349//349 368//368 347//347
f 369//369 33//33 55//55
f 369//369 55//55 368//368
f 313//313 369//369 315//315
f 313//313 33//33 369//369
f 313//313 32//32 33//33
f 310//310 32//32 313//313
f 310//310 29//29 32//32
f 309//309 28//28 29//29
f 309//309 29//29 310//310
f 308//308 27//27 28//28
f 308//308 28//28 309//309
f 308//308 26//26 27//27
f 307//307 26//26 308//308
f 307//307 23//23 26//26
f 307//307 305//305 23//23
f 23//23 305//305 304//304
f 21//21 23//23 304//304
f 276//276 260//260 261//261
f 276//276 369//369 260//260
f 315//315 276//276 314//314
f 315//315 369//369 276//276
f 314//314 276//276 273//273
f 314//314 273//273 312//312
f 274//274 275//275 280//280
f 274//274 280//280 311//311
f 273//273 311//311 312//312
f 273//273 274//274 311//311
f 368//368 263//263 260//260
f 368//368 260//260 369//369
f 370//370 263//263 368//368
f 370//370 368//368 349//349
f 264//264 263//263 370//370
f 348//348 370//370 349//349
f 371//371 264//264 370//370
f 262//262 371//371 372//372
f 262//262 264//264 371//371
f 265//265 262//262 372//372
f 373//373 265//265 372//372
f 375//375 374//374 269//269
f 267//267 375//375 269//269
f 266//266 376//376 375//375
f 266//266 375//375 267//267
f 266//266 265//265 373//373
f 266//266 373//373 376//376
f 338//338 374//374 375//375
f 338//338 375//375 344//344
f 376//376 346//346 345//345
f 375//375 376//376 345//345
f 375//375 345//345 344//344
f 346//346 376//376 373//373
f 346//346 373//373 361//361
f 372//372 371//371 356//356
f 372//372 356//356 364//364
f 373//373 364//364 361//361
f 373//373 372//372 364//364
f 356//356 370//370 348//348
f 356//356 371//371 370//370
f 374//374 268//268 269//269
f 374//374 377//377 268//268
f 337//337 374//374 338//338
f 337//337 377//377 374//374
f 323//323 296//296 378//378
f 19//19 378//378 379//379
f 19//19 323//323 378//378
f 13//13 323//323 19//19
f 377//377 337//337 340//340
f 34//34 377//377 340//340
f 37//37 380//380 377//377
f 37//37 377//377 34//34
f 39//39 380//380 37//37
f 39//39 381//381 380//380
f 75//75 381//381 39//39
f 74//74 382//382 381//381
f 74//74 381//381 75//75
f 20//20 382//382 74//74
f 20//20 379//379 382//382
f 19//19 379//379 20//20
f 379//379 378//378 271//271
f 382//382 379//379 271//271
f 381//381 382//382 271//271
f 268//268 380//380 381//381
f 268//268 377//377 380//380
f 268//268 381//381 271//271
f 279//279 271//271 378//378
f 279//279 378//378 296//296
f 272//272 271//271 279//279
f 294//294 279//279 296//296
f 282//282 279//279 294//294
f 282//282 278//278 279//279
f 291//291 322//322 383//383
f 14//14 291//291 383//383
f 12//12 291//291 14//14
f 12//12 295//295 291//291
f 11//11 295//295 12//12
f 11//11 290//290 295//295
f 10//10 290//290 11//11
f 10//10 289//289 290//290
f 9//9 289//289 10//10
f 322//322 13//13 383//383
f 322//322 323//323 13//13
f 7//7 384//384 9//9
f 288//288 384//384 7//7
f 5//5 285//285 288//288
f 5//5 288//288 7//7
f 1//1 285//285 5//5
f 1//1 284//284 285//285
f 3//3 284//284 1//1
f 3//3 286//286 284//284
f 8//8 286//286 3//3
f 8//8 287//287 286//286
f 9//9 384//384 289//289
f 35//35 340//340 339//339
f 43//43 343//343 342//342
f 42//42 343//343 43//43
f 42//42 366//366 343//343
f 73//73 366//366 42//42
f 38//38 341//341 366//366
f 38//38 366//366 73//73
f 36//36 341//341 38//38
f 36//36 339//339 341//341
f 36//36 35//35 339//339
f 35//35 34//34 340//340
f 324//324 350//350 347//347
f 367//367 354//354 353//353
f 65//65 94//94 50//50
f 65//65 77//77 94//94
f 92//92 91//91 41//41
f 92//92 41//41 46//46
f 92//92 46//46 49//49
f 94//94 49//49 50//50
f 94//94 92//92 49//49
f 41//41 84//84 6//6
f 41//41 91//91 84//84
f 85//85 4//4 2//2
f 83//83 85//85 2//2
f 84//84 83//83 2//2
f 84//84 2//2 6//6
f 4//4 87//87 22//22
f 4//4 85//85 87//87
f 89//89 80//80 31//31
f 89//89 31//31 30//30
f 87//87 89//89 30//30
f 87//87 30//30 22//22
f 385//385 386//386 387//387
f 888//888 881//881 386//386
f 387//387 891//891 889//889
f 881//881 393//393 891//891
f 894//894 393//393 881//881
f 388//388 894//894 881//881
f 888//888 389//389 388//388
f 390//390 389//389 888//888
f 390//390 882//882 389//389
f 391//391 882//882 390//390
f 391//391 387//387 882//882
f 385//385 387//387 391//391
f 393//393 392//392 891//891
f 393//393 886//886 392//392
f 892//892 886//886 393//393
f 893//893 885//885 892//892
f 882//882 885//885 893//893
f 882//882 884//884 885//885
f 387//387 884//884 882//882
f 387//387 889//889 884//884
f 392//392 887//887 396//396
f 886//886 887//887 392//392
f 890//890 887//887 886//886
f 892//892 890//890 886//886
f 883//883 890//890 892//892
f 891//891 392//392 889//889
f 395//395 399//399 883//883
f 395//395 396//396 399//399
f 899//899 397//397 900//900
f 905//905 397//397 899//899
f 398//398 397//397 905//905
f 904//904 398//398 905//905
f 896//896 398//398 904//904
f 399//399 896//896 904//904
f 898//898 896//896 399//399
f 394//394 898//898 399//399
f 398//398 906//906 397//397
f 398//398 400//400 906//906
f 896//896 400//400 398//398
f 901//901 403//403 402//402
f 902//902 513//513 403//403
f 405//405 858//858 404//404
f 410//410 853//853 858//858
f 858//858 406//406 410//410
f 856//856 406//406 858//858
f 852//852 856//856 407//407
f 408//408 852//852 407//407
f 408//408 860//860 852//852
f 409//409 860//860 408//408
f 409//409 404//404 860//860
f 860//860 412//412 862//862
f 853//853 412//412 860//860
f 857//857 418//418 855//855
f 862//862 863//863 411//411
f 862//862 413//413 863//863
f 412//412 413//413 862//862
f 855//855 413//413 412//412
f 410//410 855//855 412//412
f 413//413 874//874 863//863
f 418//418 874//874 413//413
f 855//855 418//418 413//413
f 870//870 414//414 415//415
f 868//868 869//869 870//870
f 868//868 416//416 869//869
f 868//868 878//878 416//416
f 418//418 417//417 878//878
f 418//418 415//415 417//417
f 414//414 876//876 872//872
f 414//414 869//869 876//876
f 877//877 420//420 419//419
f 871//871 420//420 877//877
f 871//871 872//872 420//420
f 827//827 424//424 425//425
f 425//425 829//829 827//827
f 421//421 829//829 425//425
f 421//421 834//834 829//829
f 421//421 422//422 834//834
f 426//426 837//837 430//430
f 832//832 427//427 837//837
f 827//827 427//427 832//832
f 827//827 830//830 427//427
f 829//829 830//830 827//827
f 829//829 428//428 830//830
f 834//834 428//428 829//829
f 835//835 429//429 430//430
f 837//837 835//835 430//430
f 837//837 831//831 835//835
f 431//431 831//831 837//837
f 830//830 833//833 431//431
f 432//432 833//833 830//830
f 430//430 432//432 426//426
f 429//429 835//835 851//851
f 831//831 434//434 835//835
f 844//844 436//436 434//434
f 835//835 433//433 851//851
f 434//434 433//433 835//835
f 434//434 435//435 433//433
f 436//436 435//435 434//434
f 437//437 439//439 436//436
f 429//429 851//851 438//438
f 851//851 841//841 842//842
f 851//851 433//433 841//841
f 850//850 442//442 441//441
f 847//847 442//442 850//850
f 847//847 839//839 442//442
f 445//445 807//807 444//444
f 447//447 807//807 445//445
f 447//447 446//446 807//807
f 447//447 448//448 446//446
f 805//805 449//449 798//798
f 807//807 449//449 805//805
f 446//446 801//801 807//807
f 446//446 443//443 801//801
f 802//802 803//803 809//809
f 822//822 815//815 450//450
f 817//817 822//822 450//450
f 820//820 823//823 817//817
f 451//451 810//810 452//452
f 814//814 825//825 813//813
f 814//814 819//819 825//825
f 822//822 819//819 814//814
f 822//822 824//824 819//819
f 823//823 824//824 822//822
f 453//453 821//821 452//452
f 812//812 455//455 454//454
f 812//812 813//813 455//455
f 93//93 457//457 96//96
f 456//456 457//457 93//93
f 459//459 88//88 86//86
f 458//458 88//88 459//459
f 460//460 459//459 86//86
f 82//82 460//460 86//86
f 82//82 461//461 460//460
f 81//81 461//461 82//82
f 462//462 461//461 81//81
f 463//463 88//88 458//458
f 95//95 88//88 463//463
f 464//464 95//95 463//463
f 96//96 95//95 464//464
f 465//465 96//96 464//464
f 93//93 96//96 465//465
f 466//466 462//462 81//81
f 93//93 467//467 468//468
f 90//90 93//93 468//468
f 90//90 468//468 466//466
f 90//90 466//466 81//81
f 465//465 467//467 93//93
f 93//93 469//469 456//456
f 93//93 90//90 469//469
f 469//469 470//470 456//456
f 816//816 471//471 472//472
f 473//473 471//471 816//816
f 454//454 473//473 816//816
f 475//475 816//816 472//472
f 474//474 473//473 454//454
f 474//474 454//454 455//455
f 530//530 474//474 455//455
f 530//530 455//455 475//475
f 531//531 530//530 475//475
f 476//476 477//477 495//495
f 478//478 476//476 495//495
f 479//479 475//475 472//472
f 480//480 475//475 479//479
f 480//480 531//531 475//475
f 480//480 481//481 531//531
f 494//494 481//481 480//480
f 440//440 441//441 482//482
f 483//483 440//440 482//482
f 839//839 440//440 483//483
f 442//442 624//624 441//441
f 484//484 839//839 483//483
f 442//442 839//839 484//484
f 488//488 486//486 478//478
f 487//487 486//486 488//488
f 496//496 485//485 489//489
f 492//492 488//488 478//478
f 493//493 624//624 442//442
f 493//493 490//490 624//624
f 491//491 493//493 442//442
f 491//491 442//442 484//484
f 493//493 494//494 490//490
f 493//493 481//481 494//494
f 493//493 495//495 481//481
f 796//796 486//486 487//487
f 492//492 495//495 493//493
f 492//492 478//478 495//495
f 796//796 489//489 486//486
f 796//796 496//496 489//489
f 498//498 492//492 493//493
f 795//795 496//496 796//796
f 795//795 497//497 496//496
f 880//880 519//519 671//671
f 880//880 469//469 519//519
f 419//419 469//469 880//880
f 500//500 498//498 493//493
f 879//879 880//880 671//671
f 499//499 670//670 497//497
f 499//499 497//497 795//795
f 879//879 671//671 670//670
f 470//470 469//469 419//419
f 420//420 470//470 419//419
f 499//499 879//879 670//670
f 502//502 500//500 493//493
f 502//502 501//501 500//500
f 502//502 506//506 501//501
f 509//509 506//506 502//502
f 503//503 420//420 879//879
f 503//503 879//879 499//499
f 503//503 470//470 420//420
f 503//503 499//499 504//504
f 503//503 504//504 505//505
f 642//642 506//506 508//508
f 642//642 507//507 506//506
f 508//508 506//506 509//509
f 642//642 505//505 507//507
f 640//640 505//505 642//642
f 510//510 508//508 509//509
f 401//401 640//640 511//511
f 402//402 640//640 401//401
f 907//907 401//401 511//511
f 402//402 505//505 640//640
f 402//402 503//503 505//505
f 512//512 513//513 907//907
f 512//512 907//907 511//511
f 503//503 403//403 513//513
f 503//503 402//402 403//403
f 514//514 513//513 512//512
f 514//514 503//503 513//513
f 489//489 515//515 909//909
f 516//516 486//486 489//489
f 909//909 516//516 489//489
f 515//515 489//489 485//485
f 515//515 485//485 517//517
f 518//518 469//469 90//90
f 519//519 469//469 518//518
f 520//520 518//518 90//90
f 521//521 517//517 520//520
f 515//515 517//517 521//521
f 522//522 523//523 521//521
f 522//522 521//521 520//520
f 522//522 520//520 90//90
f 477//477 476//476 523//523
f 477//477 523//523 522//522
f 81//81 522//522 90//90
f 524//524 522//522 81//81
f 525//525 526//526 524//524
f 525//525 524//524 81//81
f 528//528 529//529 527//527
f 523//523 476//476 528//528
f 529//529 528//528 476//476
f 529//529 476//476 478//478
f 535//535 495//495 477//477
f 532//532 530//530 531//531
f 532//532 531//531 481//481
f 533//533 532//532 481//481
f 534//534 481//481 495//495
f 534//534 533//533 481//481
f 535//535 534//534 495//495
f 526//526 473//473 474//474
f 474//474 524//524 526//526
f 474//474 538//538 524//524
f 539//539 538//538 536//536
f 536//536 538//538 537//537
f 536//536 537//537 540//540
f 543//543 536//536 540//540
f 541//541 538//538 539//539
f 543//543 540//540 544//544
f 524//524 538//538 541//541
f 542//542 524//524 541//541
f 544//544 546//546 543//543
f 545//545 546//546 544//544
f 522//522 546//546 545//545
f 522//522 547//547 546//546
f 522//522 542//542 547//547
f 522//522 524//524 542//542
f 477//477 545//545 535//535
f 477//477 522//522 545//545
f 530//530 538//538 474//474
f 532//532 538//538 530//530
f 532//532 537//537 538//538
f 533//533 540//540 537//537
f 533//533 537//537 532//532
f 533//533 544//544 540//540
f 534//534 544//544 533//533
f 535//535 544//544 534//534
f 535//535 545//545 544//544
f 548//548 536//536 555//555
f 548//548 539//539 536//536
f 549//549 539//539 548//548
f 549//549 541//541 539//539
f 550//550 541//541 549//549
f 550//550 542//542 541//541
f 551//551 542//542 550//550
f 552//552 542//542 551//551
f 552//552 547//547 542//542
f 553//553 547//547 552//552
f 553//553 546//546 547//547
f 554//554 546//546 553//553
f 554//554 543//543 546//546
f 555//555 543//543 554//554
f 555//555 536//536 543//543
f 806//806 556//556 444//444
f 444//444 556//556 557//557
f 806//806 558//558 556//556
f 445//445 444//444 557//557
f 448//448 558//558 806//806
f 549//549 445//445 557//557
f 550//550 549//549 557//557
f 559//559 558//558 448//448
f 551//551 550//550 557//557
f 549//549 447//447 445//445
f 552//552 551//551 557//557
f 559//559 448//448 447//447
f 560//560 558//558 559//559
f 561//561 559//559 447//447
f 548//548 447//447 549//549
f 561//561 447//447 548//548
f 562//562 561//561 548//548
f 562//562 548//548 555//555
f 678//678 554//554 553//553
f 562//562 554//554 678//678
f 562//562 555//555 554//554
f 563//563 678//678 553//553
f 563//563 553//553 552//552
f 564//564 558//558 560//560
f 567//567 565//565 564//564
f 566//566 564//564 565//565
f 566//566 558//558 564//564
f 568//568 567//567 564//564
f 568//568 564//564 569//569
f 570//570 568//568 569//569
f 570//570 571//571 568//568
f 572//572 573//573 574//574
f 572//572 566//566 573//573
f 572//572 558//558 566//566
f 423//423 572//572 574//574
f 425//425 423//423 574//574
f 422//422 572//572 423//423
f 425//425 574//574 575//575
f 576//576 571//571 570//570
f 576//576 575//575 571//571
f 576//576 425//425 575//575
f 422//422 577//577 572//572
f 579//579 425//425 576//576
f 579//579 421//421 425//425
f 578//578 422//422 421//421
f 578//578 577//577 422//422
f 579//579 578//578 421//421
f 580//580 578//578 579//579
f 581//581 582//582 583//583
f 588//588 581//581 583//583
f 584//584 582//582 581//581
f 586//586 582//582 584//584
f 586//586 584//584 585//585
f 587//587 589//589 588//588
f 405//405 591//591 589//589
f 405//405 589//589 587//587
f 407//407 405//405 587//587
f 407//407 587//587 590//590
f 408//408 407//407 590//590
f 592//592 586//586 585//585
f 592//592 591//591 405//405
f 592//592 405//405 404//404
f 592//592 585//585 591//591
f 592//592 404//404 409//409
f 593//593 409//409 408//408
f 593//593 408//408 590//590
f 704//704 592//592 409//409
f 704//704 409//409 593//593
f 594//594 704//704 593//593
f 596//596 595//595 597//597
f 596//596 683//683 595//595
f 601//601 597//597 595//595
f 598//598 683//683 596//596
f 598//598 599//599 683//683
f 600//600 601//601 595//595
f 607//607 599//599 598//598
f 888//888 386//386 600//600
f 386//386 601//601 600//600
f 386//386 602//602 601//601
f 888//888 600//600 603//603
f 390//390 888//888 603//603
f 385//385 602//602 386//386
f 609//609 390//390 603//603
f 609//609 391//391 390//390
f 609//609 603//603 604//604
f 605//605 606//606 602//602
f 605//605 607//607 606//606
f 605//605 602//602 385//385
f 608//608 605//605 385//385
f 608//608 385//385 391//391
f 608//608 391//391 609//609
f 587//587 552//552 557//557
f 587//587 588//588 552//552
f 588//588 563//563 552//552
f 588//588 583//583 563//563
f 578//578 607//607 605//605
f 578//578 599//599 607//607
f 578//578 580//580 599//599
f 609//609 594//594 593//593
f 609//609 604//604 594//594
f 467//467 609//609 593//593
f 467//467 465//465 609//609
f 464//464 609//609 465//465
f 464//464 608//608 609//609
f 463//463 608//608 464//464
f 463//463 605//605 608//608
f 605//605 458//458 578//578
f 463//463 458//458 605//605
f 458//458 577//577 578//578
f 459//459 577//577 458//458
f 459//459 572//572 577//577
f 459//459 558//558 572//572
f 459//459 460//460 558//558
f 460//460 556//556 558//558
f 461//461 556//556 460//460
f 462//462 556//556 461//461
f 462//462 557//557 556//556
f 462//462 587//587 557//557
f 462//462 466//466 587//587
f 466//466 590//590 587//587
f 468//468 590//590 466//466
f 467//467 590//590 468//468
f 467//467 593//593 590//590
f 574//574 610//610 615//615
f 573//573 610//610 574//574
f 573//573 611//611 610//610
f 566//566 611//611 573//573
f 565//565 611//611 566//566
f 565//565 612//612 611//611
f 567//567 612//612 565//565
f 567//567 613//613 612//612
f 568//568 613//613 567//567
f 571//571 613//613 568//568
f 571//571 614//614 613//613
f 575//575 614//614 571//571
f 575//575 615//615 614//614
f 574//574 615//615 575//575
f 615//615 616//616 617//617
f 615//615 610//610 616//616
f 611//611 616//616 610//610
f 614//614 615//615 617//617
f 618//618 616//616 611//611
f 612//612 618//618 611//611
f 620//620 614//614 617//617
f 620//620 613//613 614//614
f 619//619 618//618 612//612
f 619//619 612//612 613//613
f 621//621 613//613 620//620
f 621//621 619//619 613//613
f 623//623 616//616 622//622
f 623//623 617//617 616//616
f 624//624 617//617 623//623
f 624//624 620//620 617//617
f 625//625 620//620 624//624
f 625//625 621//621 620//620
f 494//494 621//621 625//625
f 494//494 619//619 621//621
f 629//629 619//619 494//494
f 618//618 619//619 629//629
f 626//626 618//618 629//629
f 618//618 627//627 82//82
f 626//626 627//627 618//618
f 86//86 618//618 82//82
f 616//616 618//618 86//86
f 628//628 622//622 616//616
f 628//628 616//616 86//86
f 479//479 472//472 627//627
f 626//626 479//479 627//627
f 627//627 472//472 471//471
f 627//627 471//471 525//525
f 81//81 627//627 525//525
f 81//81 82//82 627//627
f 525//525 471//471 473//473
f 525//525 473//473 526//526
f 629//629 480//480 479//479
f 629//629 479//479 626//626
f 441//441 624//624 623//623
f 625//625 624//624 490//490
f 625//625 490//490 494//494
f 629//629 494//494 480//480
f 482//482 441//441 623//623
f 622//622 482//482 623//623
f 628//628 483//483 482//482
f 628//628 482//482 622//622
f 484//484 483//483 628//628
f 630//630 484//484 628//628
f 86//86 630//630 628//628
f 86//86 88//88 630//630
f 631//631 630//630 88//88
f 658//658 630//630 631//631
f 632//632 633//633 631//631
f 632//632 631//631 88//88
f 634//634 637//637 633//633
f 634//634 633//633 632//632
f 95//95 632//632 88//88
f 635//635 632//632 95//95
f 514//514 512//512 635//635
f 514//514 635//635 95//95
f 638//638 639//639 636//636
f 633//633 637//637 638//638
f 638//638 637//637 509//509
f 509//509 639//639 638//638
f 639//639 509//509 502//502
f 510//510 509//509 637//637
f 634//634 510//510 637//637
f 644//644 508//508 510//510
f 644//644 510//510 634//634
f 640//640 641//641 511//511
f 641//641 640//640 642//642
f 643//643 642//642 508//508
f 644//644 643//643 508//508
f 511//511 635//635 512//512
f 511//511 652//652 635//635
f 647//647 645//645 632//632
f 645//645 646//646 632//632
f 649//649 646//646 645//645
f 635//635 647//647 632//632
f 635//635 648//648 647//647
f 650//650 648//648 635//635
f 651//651 646//646 649//649
f 651//651 649//649 653//653
f 652//652 650//650 635//635
f 652//652 653//653 650//650
f 654//654 653//653 652//652
f 654//654 651//651 653//653
f 634//634 646//646 644//644
f 634//634 632//632 646//646
f 511//511 654//654 652//652
f 641//641 654//654 511//511
f 641//641 651//651 654//654
f 642//642 651//651 641//641
f 643//643 651//651 642//642
f 643//643 646//646 651//651
f 644//644 646//646 643//643
f 598//598 647//647 607//607
f 598//598 645//645 647//647
f 596//596 645//645 598//598
f 597//597 645//645 596//596
f 597//597 649//649 645//645
f 597//597 653//653 649//649
f 601//601 653//653 597//597
f 601//601 650//650 653//653
f 602//602 650//650 601//601
f 602//602 648//648 650//650
f 606//606 648//648 602//602
f 606//606 647//647 648//648
f 607//607 647//647 606//606
f 457//457 503//503 514//514
f 96//96 457//457 514//514
f 95//95 96//96 514//514
f 456//456 503//503 457//457
f 470//470 503//503 456//456
f 657//657 639//639 502//502
f 493//493 657//657 502//502
f 657//657 636//636 639//639
f 657//657 655//655 636//636
f 655//655 656//656 631//631
f 633//633 638//638 636//636
f 631//631 633//633 636//636
f 631//631 636//636 655//655
f 631//631 656//656 658//658
f 655//655 657//657 656//656
f 656//656 657//657 493//493
f 656//656 493//493 491//491
f 656//656 491//491 658//658
f 491//491 484//484 630//630
f 658//658 491//491 630//630
f 584//584 659//659 585//585
f 584//584 660//660 659//659
f 581//581 660//660 584//584
f 581//581 661//661 660//660
f 588//588 661//661 581//581
f 588//588 662//662 661//661
f 589//589 662//662 588//588
f 589//589 663//663 662//662
f 591//591 663//663 589//589
f 585//585 664//664 663//663
f 585//585 663//663 591//591
f 585//585 659//659 664//664
f 659//659 666//666 665//665
f 660//660 666//666 659//659
f 659//659 665//665 667//667
f 664//664 659//659 667//667
f 668//668 664//664 667//667
f 520//520 660//660 661//661
f 520//520 666//666 660//660
f 668//668 663//663 664//664
f 518//518 663//663 668//668
f 518//518 662//662 663//663
f 518//518 661//661 662//662
f 518//518 520//520 661//661
f 666//666 520//520 517//517
f 669//669 666//666 517//517
f 497//497 665//665 666//666
f 497//497 666//666 669//669
f 670//670 665//665 497//497
f 670//670 667//667 665//665
f 670//670 668//668 667//667
f 671//671 668//668 670//670
f 518//518 668//668 671//671
f 519//519 518//518 671//671
f 497//497 669//669 496//496
f 485//485 496//496 669//669
f 517//517 485//485 669//669
f 685//685 673//673 672//672
f 677//677 675//675 676//676
f 680//680 675//675 677//677
f 680//680 674//674 675//675
f 680//680 569//569 674//674
f 679//679 680//680 678//678
f 684//684 682//682 673//673
f 682//682 681//681 673//673
f 687//687 681//681 682//682
f 686//686 684//684 673//673
f 686//686 673//673 685//685
f 688//688 683//683 681//681
f 686//686 685//685 569//569
f 686//686 569//569 680//680
f 686//686 680//680 679//679
f 689//689 681//681 687//687
f 689//689 688//688 681//681
f 690//690 686//686 679//679
f 691//691 688//688 689//689
f 696//696 690//690 679//679
f 691//691 694//694 688//688
f 693//693 692//692 694//694
f 693//693 694//694 691//691
f 693//693 691//691 695//695
f 698//698 696//696 679//679
f 698//698 697//697 696//696
f 698//698 699//699 697//697
f 700//700 699//699 698//698
f 582//582 700//700 698//698
f 700//700 702//702 699//699
f 703//703 702//702 700//700
f 701//701 702//702 703//703
f 701//701 693//693 695//695
f 701//701 695//695 702//702
f 703//703 704//704 701//701
f 695//695 706//706 705//705
f 691//691 706//706 695//695
f 691//691 707//707 706//706
f 691//691 708//708 707//707
f 689//689 708//708 691//691
f 689//689 709//709 708//708
f 689//689 710//710 709//709
f 687//687 710//710 689//689
f 682//682 711//711 687//687
f 682//682 712//712 711//711
f 684//684 712//712 682//682
f 684//684 713//713 712//712
f 684//684 714//714 713//713
f 686//686 714//714 684//684
f 686//686 715//715 714//714
f 690//690 715//715 686//686
f 690//690 716//716 715//715
f 690//690 717//717 716//716
f 696//696 717//717 690//690
f 696//696 718//718 717//717
f 697//697 718//718 696//696
f 697//697 719//719 718//718
f 697//697 720//720 719//719
f 699//699 720//720 697//697
f 699//699 721//721 720//720
f 702//702 721//721 699//699
f 702//702 722//722 721//721
f 695//695 722//722 702//702
f 695//695 705//705 722//722
f 711//711 723//723 687//687
f 711//711 724//724 723//723
f 712//712 724//724 711//711
f 712//712 725//725 724//724
f 713//713 725//725 712//712
f 713//713 726//726 725//725
f 714//714 726//726 713//713
f 715//715 726//726 714//714
f 715//715 727//727 726//726
f 716//716 727//727 715//715
f 716//716 728//728 727//727
f 717//717 729//729 728//728
f 717//717 728//728 716//716
f 718//718 729//729 717//717
f 718//718 730//730 729//729
f 719//719 730//730 718//718
f 719//719 731//731 730//730
f 720//720 731//731 719//719
f 720//720 732//732 731//731
f 721//721 732//732 720//720
f 721//721 733//733 732//732
f 721//721 734//734 733//733
f 722//722 734//734 721//721
f 722//722 735//735 734//734
f 705//705 735//735 722//722
f 706//706 735//735 705//705
f 706//706 736//736 735//735
f 707//707 736//736 706//706
f 707//707 737//737 736//736
f 708//708 737//737 707//707
f 709//709 737//737 708//708
f 709//709 738//738 737//737
f 710//710 738//738 709//709
f 710//710 723//723 738//738
f 687//687 723//723 710//710
f 739//739 724//724 725//725
f 743//743 724//724 739//739
f 739//739 725//725 726//726
f 743//743 723//723 724//724
f 740//740 739//739 726//726
f 740//740 726//726 727//727
f 743//743 738//738 723//723
f 748//748 738//738 743//743
f 740//740 727//727 728//728
f 748//748 737//737 738//738
f 741//741 740//740 728//728
f 729//729 741//741 728//728
f 747//747 737//737 748//748
f 736//736 737//737 747//747
f 730//730 741//741 729//729
f 730//730 742//742 741//741
f 731//731 742//742 730//730
f 735//735 736//736 747//747
f 735//735 747//747 746//746
f 732//732 742//742 731//731
f 734//734 746//746 745//745
f 734//734 735//735 746//746
f 732//732 744//744 742//742
f 733//733 734//734 745//745
f 733//733 744//744 732//732
f 733//733 745//745 744//744
f 750//750 739//739 749//749
f 750//750 743//743 739//739
f 750//750 748//748 743//743
f 751//751 748//748 750//750
f 752//752 749//749 739//739
f 752//752 739//739 740//740
f 753//753 748//748 751//751
f 753//753 747//747 748//748
f 741//741 752//752 740//740
f 741//741 754//754 752//752
f 747//747 753//753 755//755
f 746//746 747//747 755//755
f 742//742 754//754 741//741
f 746//746 755//755 756//756
f 745//745 746//746 756//756
f 742//742 757//757 754//754
f 744//744 757//757 742//742
f 745//745 756//756 757//757
f 744//744 745//745 757//757
f 750//750 766//766 751//751
f 750//750 758//758 766//766
f 749//749 758//758 750//750
f 749//749 759//759 758//758
f 752//752 759//759 749//749
f 752//752 760//760 759//759
f 754//754 760//760 752//752
f 754//754 761//761 760//760
f 757//757 761//761 754//754
f 757//757 762//762 761//761
f 757//757 763//763 762//762
f 756//756 763//763 757//757
f 755//755 763//763 756//756
f 755//755 764//764 763//763
f 753//753 764//764 755//755
f 753//753 765//765 764//764
f 751//751 765//765 753//753
f 751//751 766//766 765//765
f 758//758 767//767 769//769
f 759//759 767//767 758//758
f 759//759 768//768 767//767
f 766//766 758//758 769//769
f 766//766 769//769 771//771
f 759//759 770//770 768//768
f 766//766 771//771 773//773
f 765//765 766//766 773//773
f 759//759 772//772 770//770
f 760//760 772//772 759//759
f 765//765 773//773 774//774
f 776//776 772//772 760//760
f 774//774 764//764 765//765
f 775//775 764//764 774//774
f 776//776 760//760 761//761
f 777//777 764//764 775//775
f 778//778 776//776 761//761
f 777//777 763//763 764//764
f 778//778 761//761 762//762
f 779//779 763//763 777//777
f 779//779 778//778 762//762
f 779//779 762//762 763//763
f 780//780 776//776 778//778
f 780//780 778//778 796//796
f 781//781 776//776 780//780
f 781//781 772//772 776//776
f 782//782 772//772 781//781
f 782//782 770//770 772//772
f 783//783 770//770 782//782
f 784//784 770//770 783//783
f 784//784 768//768 770//770
f 785//785 768//768 784//784
f 785//785 767//767 768//768
f 786//786 767//767 785//785
f 787//787 767//767 786//786
f 787//787 769//769 767//767
f 501//501 769//769 787//787
f 501//501 771//771 769//769
f 788//788 771//771 501//501
f 788//788 773//773 771//771
f 789//789 773//773 788//788
f 790//790 773//773 789//789
f 790//790 774//774 773//773
f 791//791 774//774 790//790
f 791//791 775//775 774//774
f 792//792 775//775 791//791
f 792//792 777//777 775//775
f 793//793 777//777 792//792
f 793//793 779//779 777//777
f 794//794 779//779 793//793
f 794//794 778//778 779//779
f 795//795 778//778 794//794
f 796//796 778//778 795//795
f 504//504 793//793 792//792
f 499//499 793//793 504//504
f 499//499 794//794 793//793
f 795//795 794//794 499//499
f 487//487 780//780 796//796
f 487//487 781//781 780//780
f 488//488 781//781 487//487
f 488//488 782//782 781//781
f 488//488 783//783 782//782
f 492//492 783//783 488//488
f 492//492 784//784 783//783
f 498//498 784//784 492//492
f 498//498 785//785 784//784
f 498//498 786//786 785//785
f 500//500 786//786 498//498
f 500//500 787//787 786//786
f 501//501 787//787 500//500
f 506//506 788//788 501//501
f 506//506 789//789 788//788
f 507//507 789//789 506//506
f 507//507 790//790 789//789
f 505//505 790//790 507//507
f 505//505 791//791 790//790
f 505//505 792//792 791//791
f 504//504 792//792 505//505
f 583//583 679//679 563//563
f 583//583 698//698 679//679
f 582//582 698//698 583//583
f 582//582 586//586 700//700
f 586//586 703//703 700//700
f 586//586 592//592 703//703
f 704//704 594//594 701//701
f 703//703 592//592 704//704
f 604//604 693//693 701//701
f 604//604 701//701 594//594
f 604//604 692//692 693//693
f 603//603 692//692 604//604
f 600//600 692//692 603//603
f 600//600 694//694 692//692
f 600//600 688//688 694//694
f 600//600 595//595 688//688
f 595//595 683//683 688//688
f 681//681 683//683 599//599
f 673//673 681//681 599//599
f 580//580 673//673 599//599
f 579//579 673//673 580//580
f 579//579 672//672 673//673
f 679//679 678//678 563//563
f 680//680 562//562 678//678
f 561//561 680//680 677//677
f 561//561 562//562 680//680
f 559//559 677//677 676//676
f 559//559 561//561 677//677
f 559//559 676//676 675//675
f 559//559 675//675 560//560
f 560//560 674//674 564//564
f 560//560 675//675 674//674
f 569//569 564//564 674//674
f 570//570 569//569 685//685
f 576//576 685//685 672//672
f 576//576 570//570 685//685
f 576//576 672//672 579//579
f 809//809 807//807 801//801
f 449//449 807//807 809//809
f 444//444 805//805 797//797
f 798//798 804//804 802//802
f 450//450 804//804 799//799
f 799//799 449//449 808//808
f 449//449 804//804 798//798
f 800//800 804//804 450//450
f 807//807 805//805 444//444
f 809//809 803//803 808//808
f 799//799 804//804 449//449
f 809//809 808//808 449//449
f 803//803 451//451 818//818
f 798//798 797//797 805//805
f 798//798 443//443 797//797
f 451//451 803//803 802//802
f 811//811 808//808 818//818
f 806//806 444//444 797//797
f 802//802 804//804 800//800
f 799//799 811//811 450//450
f 451//451 800//800 810//810
f 443//443 448//448 806//806
f 443//443 446//446 448//448
f 802//802 443//443 798//798
f 802//802 800//800 451//451
f 811//811 799//799 808//808
f 443//443 806//806 797//797
f 802//802 801//801 443//443
f 809//809 801//801 802//802
f 800//800 450//450 810//810
f 818//818 808//808 803//803
f 825//825 826//826 813//813
f 825//825 819//819 826//826
f 821//821 812//812 454//454
f 814//814 812//812 821//821
f 813//813 812//812 814//814
f 811//811 817//817 450//450
f 452//452 820//820 818//818
f 454//454 824//824 821//821
f 452//452 818//818 451//451
f 814//814 815//815 822//822
f 814//814 453//453 815//815
f 821//821 453//453 814//814
f 452//452 821//821 823//823
f 811//811 820//820 817//817
f 810//810 815//815 453//453
f 821//821 824//824 823//823
f 820//820 811//811 818//818
f 810//810 453//453 452//452
f 820//820 452//452 823//823
f 822//822 817//817 823//823
f 454//454 816//816 824//824
f 819//819 824//824 816//816
f 450//450 815//815 810//810
f 826//826 816//816 475//475
f 816//816 826//826 819//819
f 455//455 813//813 475//475
f 813//813 826//826 475//475
f 844//844 831//831 431//431
f 427//427 431//431 837//837
f 424//424 836//836 828//828
f 424//424 832//832 836//836
f 832//832 424//424 827//827
f 836//836 838//838 828//828
f 834//834 838//838 428//428
f 833//833 432//432 848//848
f 844//844 431//431 833//833
f 837//837 426//426 836//836
f 423//423 425//425 424//424
f 848//848 844//844 833//833
f 844//844 434//434 831//831
f 423//423 424//424 828//828
f 422//422 828//828 838//838
f 832//832 837//837 836//836
f 428//428 426//426 432//432
f 422//422 423//423 828//828
f 422//422 838//838 834//834
f 426//426 838//838 836//836
f 838//838 426//426 428//428
f 830//830 428//428 432//432
f 431//431 427//427 830//830
f 432//432 430//430 429//429
f 432//432 429//429 848//848
f 847//847 846//846 839//839
f 849//849 850//850 843//843
f 841//841 850//850 849//849
f 841//841 847//847 850//850
f 840//840 441//441 440//440
f 840//840 846//846 845//845
f 438//438 437//437 848//848
f 844//844 848//848 437//437
f 436//436 844//844 437//437
f 433//433 435//435 847//847
f 433//433 847//847 841//841
f 840//840 845//845 843//843
f 850//850 441//441 843//843
f 429//429 438//438 848//848
f 437//437 438//438 842//842
f 842//842 841//841 849//849
f 843//843 845//845 439//439
f 842//842 438//438 851//851
f 437//437 842//842 439//439
f 845//845 436//436 439//439
f 849//849 843//843 439//439
f 439//439 842//842 849//849
f 435//435 845//845 846//846
f 843//843 441//441 840//840
f 846//846 847//847 435//435
f 845//845 435//435 436//436
f 839//839 846//846 440//440
f 440//440 846//846 840//840
f 858//858 405//405 856//856
f 852//852 862//862 859//859
f 404//404 858//858 853//853
f 855//855 410//410 854//854
f 861//861 411//411 873//873
f 862//862 852//852 860//860
f 406//406 856//856 859//859
f 856//856 852//852 859//859
f 405//405 407//407 856//856
f 404//404 853//853 860//860
f 873//873 875//875 861//861
f 415//415 418//418 857//857
f 410//410 412//412 853//853
f 411//411 863//863 873//873
f 411//411 861//861 854//854
f 855//855 854//854 857//857
f 411//411 854//854 859//859
f 861//861 857//857 854//854
f 415//415 857//857 875//875
f 406//406 859//859 854//854
f 406//406 854//854 410//410
f 862//862 411//411 859//859
f 875//875 857//857 861//861
f 865//865 880//880 864//864
f 865//865 419//419 880//880
f 866//866 419//419 865//865
f 877//877 419//419 866//866
f 417//417 871//871 877//877
f 417//417 872//872 871//871
f 414//414 872//872 417//417
f 872//872 876//876 864//864
f 867//867 417//417 877//877
f 878//878 868//868 874//874
f 874//874 418//418 878//878
f 417//417 415//415 414//414
f 878//878 417//417 867//867
f 416//416 878//878 867//867
f 870//870 869//869 414//414
f 866//866 867//867 877//877
f 876//876 865//865 864//864
f 874//874 868//868 863//863
f 863//863 868//868 873//873
f 873//873 870//870 875//875
f 416//416 867//867 866//866
f 868//868 870//870 873//873
f 875//875 870//870 415//415
f 865//865 416//416 866//866
f 865//865 869//869 416//416
f 876//876 869//869 865//865
f 864//864 880//880 879//879
f 872//872 879//879 420//420
f 872//872 864//864 879//879
f 386//386 881//881 891//891
f 386//386 891//891 387//387
f 893//893 894//894 388//388
f 893//893 388//388 389//389
f 394//394 396//396 887//887
f 889//889 392//392 396//396
f 395//395 889//889 396//396
f 389//389 882//882 893//893
f 884//884 889//889 395//395
f 892//892 894//894 893//893
f 885//885 395//395 883//883
f 888//888 388//388 881//881
f 890//890 883//883 905//905
f 899//899 887//887 890//890
f 395//395 885//885 884//884
f 892//892 885//885 883//883
f 887//887 899//899 394//394
f 892//892 393//393 894//894
f 890//890 905//905 899//899
f 902//902 907//907 513//513
f 897//897 907//907 902//902
f 401//401 907//907 897//897
f 903//903 902//902 895//895
f 903//903 898//898 900//900
f 898//898 903//903 896//896
f 902//902 900//900 397//397
f 903//903 900//900 902//902
f 895//895 400//400 903//903
f 906//906 402//402 401//401
f 906//906 400//400 901//901
f 403//403 895//895 902//902
f 906//906 901//901 402//402
f 901//901 895//895 403//403
f 897//897 902//902 397//397
f 901//901 400//400 895//895
f 899//899 900//900 394//394
f 896//896 903//903 400//400
f 905//905 883//883 904//904
f 397//397 906//906 897//897
f 399//399 396//396 394//394
f 399//399 904//904 883//883
f 394//394 900//900 898//898
f 897//897 906//906 401//401
f 516//516 529//529 478//478
f 486//486 516//516 478//478
f 516//516 527//527 529//529
f 516//516 908//908 527//527
f 527//527 523//523 528//528
f 909//909 521//521 908//908
f 521//521 523//523 527//527
f 521//521 527//527 908//908
f 909//909 515//515 521//521
f 908//908 516//516 909//909
f 1580//1580 1579//1579 917//917
f 1582//1582 1580//1580 1564//1564
f 1568//1568 1584//1584 1582//1582
f 1565//1565 1584//1584 1568//1568
f 1565//1565 911//911 1584//1584
f 1566//1566 911//911 1565//1565
f 912//912 1576//1576 1579//1579
f 913//913 1577//1577 912//912
f 914//914 1577//1577 913//913
f 911//911 915//915 914//914
f 911//911 1578//1578 915//915
f 916//916 1578//1578 911//911
f 1578//1578 1575//1575 1574//1574
f 1581//1581 1575//1575 1578//1578
f 1579//1579 1576//1576 1581//1581
f 1583//1583 920//920 1573//1573
f 920//920 1594//1594 928//928
f 920//920 1597//1597 1594//1594
f 1573//1573 920//920 924//924
f 928//928 1594//1594 929//929
f 925//925 1588//1588 1587//1587
f 930//930 1589//1589 1588//1588
f 1592//1592 1589//1589 930//930
f 1592//1592 931//931 1589//1589
f 932//932 931//931 1592//1592
f 934//934 1481//1481 1476//1476
f 934//934 935//935 1481//1481
f 1475//1475 935//935 934//934
f 1479//1479 937//937 936//936
f 1479//1479 938//938 937//937
f 1479//1479 1476//1476 938//938
f 937//937 1497//1497 936//936
f 1478//1478 1498//1498 937//937
f 1484//1484 1488//1488 1482//1482
f 939//939 940//940 1484//1484
f 1499//1499 940//940 939//939
f 1482//1482 1483//1483 1480//1480
f 1482//1482 1488//1488 1483//1483
f 1484//1484 1487//1487 1495//1495
f 941//941 1487//1487 1484//1484
f 1489//1489 1487//1487 941//941
f 1488//1488 1495//1495 944//944
f 1494//1494 1491//1491 945//945
f 946//946 949//949 1474//1474
f 947//947 949//949 946//946
f 1138//1138 1454//1454 948//948
f 1138//1138 950//950 1454//1454
f 1138//1138 1474//1474 950//950
f 946//946 1474//1474 1138//1138
f 947//947 1473//1473 949//949
f 948//948 1473//1473 947//947
f 948//948 1454//1454 1473//1473
f 1455//1455 951//951 1466//1466
f 1467//1467 1456//1456 951//951
f 1458//1458 1469//1469 1456//1456
f 950//950 1466//1466 1453//1453
f 1455//1455 1466//1466 950//950
f 1456//1456 1457//1457 952//952
f 1469//1469 1457//1457 1456//1456
f 952//952 1460//1460 953//953
f 952//952 1457//1457 1460//1460
f 953//953 1459//1459 1465//1465
f 953//953 1460//1460 1459//1459
f 1465//1465 1470//1470 1462//1462
f 1459//1459 1470//1470 1465//1465
f 1470//1470 957//957 956//956
f 960//960 959//959 964//964
f 960//960 1443//1443 959//959
f 961//961 1443//1443 960//960
f 961//961 1439//1439 1443//1443
f 962//962 1439//1439 961//961
f 962//962 963//963 1439//1439
f 962//962 1440//1440 963//963
f 1438//1438 1440//1440 962//962
f 1442//1442 1445//1445 959//959
f 1443//1443 1442//1442 959//959
f 963//963 1441//1441 965//965
f 966//966 1441//1441 963//963
f 959//959 1445//1445 966//966
f 969//969 970//970 1442//1442
f 1441//1441 1433//1433 968//968
f 969//969 1446//1446 1431//1431
f 967//967 1446//1446 969//969
f 968//968 1446//1446 967//967
f 1442//1442 970//970 1432//1432
f 1431//1431 1434//1434 971//971
f 1446//1446 1436//1436 1434//1434
f 1446//1446 1434//1434 1431//1431
f 972//972 1436//1436 1446//1446
f 1437//1437 1426//1426 974//974
f 1434//1434 1449//1449 1424//1424
f 1428//1428 1425//1425 1450//1450
f 974//974 1428//1428 1450//1450
f 974//974 1426//1426 1428//1428
f 1429//1429 979//979 978//978
f 1423//1423 979//979 1429//1429
f 981//981 988//988 980//980
f 981//981 1409//1409 988//988
f 981//981 982//982 1409//1409
f 983//983 982//982 981//981
f 983//983 984//984 982//982
f 983//983 985//985 984//984
f 986//986 985//985 983//983
f 986//986 1410//1410 985//985
f 980//980 1410//1410 986//986
f 988//988 1410//1410 980//980
f 982//982 984//984 1409//1409
f 1410//1410 987//987 1411//1411
f 988//988 987//987 1410//1410
f 991//991 1405//1405 1411//1411
f 987//987 991//991 1411//1411
f 992//992 1404//1404 1402//1402
f 990//990 1397//1397 1404//1404
f 1405//1405 1397//1397 990//990
f 1407//1407 991//991 987//987
f 989//989 1407//1407 987//987
f 989//989 992//992 1407//1407
f 1406//1406 992//992 989//989
f 992//992 1402//1402 1407//1407
f 993//993 1398//1398 1402//1402
f 993//993 994//994 1398//1398
f 995//995 996//996 994//994
f 1399//1399 996//996 995//995
f 1396//1396 997//997 999//999
f 994//994 996//996 1414//1414
f 1399//1399 1403//1403 996//996
f 1399//1399 998//998 1403//1403
f 1401//1401 998//998 1399//1399
f 1401//1401 999//999 998//998
f 1402//1402 999//999 1401//1401
f 1398//1398 999//999 1402//1402
f 998//998 1001//1001 1403//1403
f 1412//1412 1415//1415 1000//1000
f 998//998 1417//1417 1001//1001
f 1002//1002 1417//1417 998//998
f 1000//1000 1004//1004 1003//1003
f 1000//1000 1394//1394 1004//1004
f 1001//1001 1418//1418 1394//1394
f 1010//1010 1009//1009 1007//1007
f 1008//1008 1010//1010 1007//1007
f 1366//1366 1014//1014 1013//1013
f 1351//1351 1014//1014 1366//1366
f 1012//1012 1011//1011 1351//1351
f 1351//1351 1016//1016 1014//1014
f 1017//1017 1016//1016 1351//1351
f 1011//1011 1353//1353 1017//1017
f 1017//1017 1018//1018 1016//1016
f 1352//1352 1018//1018 1017//1017
f 1354//1354 1019//1019 1364//1364
f 1355//1355 1354//1354 1364//1364
f 1021//1021 1354//1354 1355//1355
f 1016//1016 1021//1021 1355//1355
f 1016//1016 1359//1359 1021//1021
f 1020//1020 1357//1357 1360//1360
f 1363//1363 1358//1358 1356//1356
f 1023//1023 1361//1361 1022//1022
f 1026//1026 1331//1331 1024//1024
f 1026//1026 1029//1029 1025//1025
f 1026//1026 1329//1329 1029//1029
f 1024//1024 1027//1027 1329//1329
f 1024//1024 1331//1331 1027//1027
f 1329//1329 1348//1348 1030//1030
f 1027//1027 1348//1348 1329//1329
f 1029//1029 1032//1032 1334//1334
f 1333//1333 1335//1335 1342//1342
f 1333//1333 1342//1342 1033//1033
f 1335//1335 1345//1345 1342//1342
f 1335//1335 1035//1035 1345//1345
f 1332//1332 1035//1035 1335//1335
f 1343//1343 1036//1036 1332//1332
f 1034//1034 1036//1036 1343//1343
f 1037//1037 1345//1345 1340//1340
f 1037//1037 1338//1338 1036//1036
f 1342//1342 1345//1345 1037//1037
f 1341//1341 1337//1337 1347//1347
f 1037//1037 1340//1340 1338//1338
f 1339//1339 1039//1039 1038//1038
f 1340//1340 1039//1039 1339//1339
f 1042//1042 1040//1040 1041//1041
f 1042//1042 1320//1320 1040//1040
f 1043//1043 1320//1320 1042//1042
f 1043//1043 1314//1314 1320//1320
f 1043//1043 1313//1313 1314//1314
f 1044//1044 1313//1313 1043//1043
f 1044//1044 1318//1318 1313//1313
f 1044//1044 1312//1312 1318//1318
f 1045//1045 1312//1312 1044//1044
f 1312//1312 1319//1319 1318//1318
f 1315//1315 1319//1319 1312//1312
f 1045//1045 1315//1315 1312//1312
f 1045//1045 1040//1040 1315//1315
f 1320//1320 1048//1048 1050//1050
f 1320//1320 1046//1046 1048//1048
f 1307//1307 1047//1047 1048//1048
f 1046//1046 1307//1307 1048//1048
f 1316//1316 1046//1046 1049//1049
f 1307//1307 1323//1323 1047//1047
f 1305//1305 1053//1053 1317//1317
f 1304//1304 1305//1305 1317//1317
f 1306//1306 1323//1323 1303//1303
f 1307//1307 1054//1054 1323//1323
f 1322//1322 1054//1054 1307//1307
f 1047//1047 1323//1323 1306//1306
f 1322//1322 1324//1324 1054//1054
f 1055//1055 1324//1324 1322//1322
f 1309//1309 1055//1055 1322//1322
f 1309//1309 1308//1308 1055//1055
f 1306//1306 1303//1303 1056//1056
f 1057//1057 1058//1058 1059//1059
f 1300//1300 1328//1328 1326//1326
f 1300//1300 1297//1297 1328//1328
f 1059//1059 1297//1297 1300//1300
f 1059//1059 1296//1296 1297//1297
f 1060//1060 1296//1296 1059//1059
f 1060//1060 1325//1325 1296//1296
f 1295//1295 1298//1298 1325//1325
f 1294//1294 1063//1063 1062//1062
f 1326//1326 1063//1063 1294//1294
f 1064//1064 1278//1278 1070//1070
f 1065//1065 1278//1278 1064//1064
f 1065//1065 1069//1069 1278//1278
f 1066//1066 1069//1069 1065//1065
f 1066//1066 1274//1274 1069//1069
f 1067//1067 1274//1274 1066//1066
f 1067//1067 1272//1272 1274//1274
f 1064//1064 1070//1070 1068//1068
f 1275//1275 1070//1070 1272//1272
f 1073//1073 1277//1277 1268//1268
f 1282//1282 1260//1260 1268//1268
f 1266//1266 1260//1260 1282//1282
f 1276//1276 1072//1072 1280//1280
f 1071//1071 1072//1072 1276//1276
f 1073//1073 1072//1072 1071//1071
f 1260//1260 1075//1075 1077//1077
f 1260//1260 1074//1074 1075//1075
f 1280//1280 1263//1263 1261//1261
f 1286//1286 1264//1264 1075//1075
f 1269//1269 1264//1264 1286//1286
f 1263//1263 1269//1269 1286//1286
f 1263//1263 1285//1285 1269//1269
f 1076//1076 1285//1285 1263//1263
f 1076//1076 1262//1262 1285//1285
f 1264//1264 1267//1267 1287//1287
f 1285//1285 1270//1270 1078//1078
f 1287//1287 1079//1079 1255//1255
f 1267//1267 1079//1079 1287//1287
f 1257//1257 1079//1079 1267//1267
f 1078//1078 1257//1257 1267//1267
f 1079//1079 1081//1081 1259//1259
f 1257//1257 1081//1081 1079//1079
f 1258//1258 1082//1082 1290//1290
f 1259//1259 1289//1289 1288//1288
f 1081//1081 1289//1289 1259//1259
f 1257//1257 1292//1292 1081//1081
f 1290//1290 1292//1292 1257//1257
f 1290//1290 1293//1293 1292//1292
f 1082//1082 1293//1293 1290//1290
f 1082//1082 1083//1083 1293//1293
f 1256//1256 1231//1231 1084//1084
f 1085//1085 1231//1231 1256//1256
f 983//983 1086//1086 1087//1087
f 981//981 1086//1086 983//983
f 986//986 983//983 1087//1087
f 961//961 1086//1086 981//981
f 962//962 961//961 981//981
f 1088//1088 1086//1086 961//961
f 962//962 981//981 980//980
f 960//960 1088//1088 961//961
f 1089//1089 1088//1088 960//960
f 1438//1438 1089//1089 960//960
f 1091//1091 980//980 986//986
f 1091//1091 986//986 1090//1090
f 1094//1094 1090//1090 986//986
f 1094//1094 986//986 1087//1087
f 1092//1092 980//980 1091//1091
f 1092//1092 962//962 980//980
f 1097//1097 962//962 1092//1092
f 1066//1066 1093//1093 1094//1094
f 1066//1066 1095//1095 1093//1093
f 1065//1065 1095//1095 1066//1066
f 1096//1096 1094//1094 1087//1087
f 1096//1096 1067//1067 1066//1066
f 1096//1096 1066//1066 1094//1094
f 1065//1065 1098//1098 1095//1095
f 1099//1099 962//962 1097//1097
f 1101//1101 1098//1098 1065//1065
f 1099//1099 1438//1438 962//962
f 1100//1100 1067//1067 1096//1096
f 1068//1068 1067//1067 1100//1100
f 1101//1101 1065//1065 1064//1064
f 1102//1102 1438//1438 1099//1099
f 1103//1103 1101//1101 1064//1064
f 1102//1102 1089//1089 1438//1438
f 1103//1103 1064//1064 1068//1068
f 1104//1104 1103//1103 1068//1068
f 1043//1043 1105//1105 1044//1044
f 1044//1044 1105//1105 1106//1106
f 1043//1043 1107//1107 1105//1105
f 1044//1044 1106//1106 1104//1104
f 1043//1043 1102//1102 1107//1107
f 1042//1042 1102//1102 1043//1043
f 1044//1044 1104//1104 1068//1068
f 1108//1108 1068//1068 1100//1100
f 1108//1108 1044//1044 1068//1068
f 1108//1108 1045//1045 1044//1044
f 1109//1109 1042//1042 1041//1041
f 1109//1109 1041//1041 1045//1045
f 1109//1109 1089//1089 1102//1102
f 1109//1109 1045//1045 1108//1108
f 1109//1109 1102//1102 1042//1042
f 1108//1108 1100//1100 1110//1110
f 1111//1111 1108//1108 1110//1110
f 266//266 1111//1111 1110//1110
f 266//266 265//265 1111//1111
f 1111//1111 265//265 262//262
f 1112//1112 1111//1111 262//262
f 1109//1109 1108//1108 1111//1111
f 1112//1112 1109//1109 1111//1111
f 1113//1113 1089//1089 1109//1109
f 1113//1113 1109//1109 1112//1112
f 1114//1114 259//259 1113//1113
f 261//261 259//259 1114//1114
f 1115//1115 1114//1114 1113//1113
f 1112//1112 1115//1115 1113//1113
f 262//262 264//264 1115//1115
f 262//262 1115//1115 1112//1112
f 1115//1115 1116//1116 1117//1117
f 1115//1115 1117//1117 1114//1114
f 1118//1118 1117//1117 315//315
f 1118//1118 1114//1114 1117//1117
f 261//261 1118//1118 1119//1119
f 261//261 1114//1114 1118//1118
f 1120//1120 270//270 257//257
f 1122//1122 1120//1120 257//257
f 1121//1121 270//270 1120//1120
f 272//272 270//270 1121//1121
f 1123//1123 272//272 1121//1121
f 1124//1124 1122//1122 257//257
f 258//258 1125//1125 1124//1124
f 258//258 1124//1124 257//257
f 259//259 1125//1125 258//258
f 1126//1126 1125//1125 259//259
f 261//261 1119//1119 1126//1126
f 261//261 1126//1126 259//259
f 272//272 1127//1127 1128//1128
f 1129//1129 1128//1128 1127//1127
f 1123//1123 1127//1127 272//272
f 296//296 1129//1129 1127//1127
f 1389//1389 1005//1005 1130//1130
f 1005//1005 1131//1131 1130//1130
f 1389//1389 1130//1130 1132//1132
f 1392//1392 1131//1131 1005//1005
f 1390//1390 1389//1389 1132//1132
f 1134//1134 1133//1133 1390//1390
f 1134//1134 1390//1390 1132//1132
f 1136//1136 1134//1134 1132//1132
f 947//947 946//946 1131//1131
f 947//947 1131//1131 1392//1392
f 1135//1135 1390//1390 1133//1133
f 1135//1135 1392//1392 1390//1390
f 1137//1137 1392//1392 1135//1135
f 1137//1137 947//947 1392//1392
f 1452//1452 947//947 1137//1137
f 1139//1139 1138//1138 948//948
f 1140//1140 948//948 1452//1452
f 1140//1140 1139//1139 948//948
f 1141//1141 1138//1138 1139//1139
f 1141//1141 946//946 1138//1138
f 1143//1143 1142//1142 1136//1136
f 1143//1143 1136//1136 1132//1132
f 1147//1147 1143//1143 1132//1132
f 1127//1127 946//946 1141//1141
f 1146//1146 1144//1144 1147//1147
f 296//296 1127//1127 1141//1141
f 934//934 1145//1145 1146//1146
f 1476//1476 1145//1145 934//934
f 1476//1476 1148//1148 1145//1145
f 934//934 1146//1146 1147//1147
f 1476//1476 1149//1149 1148//1148
f 1149//1149 1476//1476 1479//1479
f 1150//1150 1149//1149 1479//1479
f 1151//1151 934//934 1147//1147
f 1151//1151 1147//1147 1132//1132
f 1151//1151 1475//1475 934//934
f 976//976 1475//1475 1151//1151
f 977//977 1475//1475 976//976
f 1420//1420 976//976 1151//1151
f 1152//1152 1150//1150 1479//1479
f 1152//1152 1479//1479 1475//1475
f 977//977 1152//1152 1475//1475
f 1420//1420 1151//1151 1154//1154
f 1153//1153 1152//1152 977//977
f 1153//1153 977//977 978//978
f 1155//1155 1420//1420 1154//1154
f 1156//1156 1153//1153 978//978
f 1155//1155 979//979 1420//1420
f 1156//1156 978//978 979//979
f 1157//1157 1156//1156 979//979
f 1157//1157 979//979 1155//1155
f 1158//1158 1157//1157 1155//1155
f 1118//1118 315//315 1158//1158
f 1118//1118 1158//1158 1155//1155
f 1127//1127 1131//1131 946//946
f 1126//1126 1118//1118 1155//1155
f 1126//1126 1119//1119 1118//1118
f 1124//1124 1154//1154 1151//1151
f 1125//1125 1154//1154 1124//1124
f 1125//1125 1155//1155 1154//1154
f 1126//1126 1155//1155 1125//1125
f 1132//1132 1124//1124 1151//1151
f 1122//1122 1124//1124 1132//1132
f 1121//1121 1130//1130 1131//1131
f 1120//1120 1130//1130 1121//1121
f 1122//1122 1130//1130 1120//1120
f 1122//1122 1132//1132 1130//1130
f 1123//1123 1131//1131 1127//1127
f 1123//1123 1121//1121 1131//1131
f 1159//1159 1160//1160 1225//1225
f 337//337 1159//1159 1225//1225
f 1161//1161 1159//1159 1129//1129
f 1161//1161 1160//1160 1159//1159
f 1141//1141 1129//1129 296//296
f 1141//1141 1161//1161 1129//1129
f 1139//1139 1161//1161 1141//1141
f 1139//1139 1162//1162 1161//1161
f 1140//1140 1162//1162 1139//1139
f 1140//1140 1172//1172 1162//1162
f 1164//1164 1166//1166 1163//1163
f 1171//1171 1165//1165 1166//1166
f 1167//1167 1171//1171 1166//1166
f 1167//1167 1166//1166 1164//1164
f 1161//1161 1162//1162 1172//1172
f 1169//1169 1167//1167 1168//1168
f 1170//1170 1172//1172 1171//1171
f 1170//1170 1167//1167 1169//1169
f 1170//1170 1171//1171 1167//1167
f 1175//1175 1173//1173 1174//1174
f 1175//1175 1170//1170 1173//1173
f 1176//1176 1170//1170 1175//1175
f 1176//1176 1172//1172 1170//1170
f 1179//1179 1177//1177 1178//1178
f 1179//1179 1190//1190 1177//1177
f 1182//1182 1180//1180 1181//1181
f 1182//1182 1179//1179 1180//1180
f 1182//1182 1190//1190 1179//1179
f 1184//1184 1183//1183 1160//1160
f 1185//1185 1160//1160 1161//1161
f 1187//1187 1185//1185 1161//1161
f 1191//1191 1184//1184 1160//1160
f 1186//1186 1160//1160 1185//1185
f 1189//1189 1160//1160 1186//1186
f 1188//1188 1161//1161 1172//1172
f 1188//1188 1187//1187 1161//1161
f 1188//1188 1172//1172 1176//1176
f 1188//1188 1176//1176 1190//1190
f 1189//1189 1191//1191 1160//1160
f 1188//1188 1190//1190 1182//1182
f 1195//1195 1188//1188 1182//1182
f 1192//1192 1191//1191 1189//1189
f 1192//1192 1194//1194 1191//1191
f 1199//1199 1193//1193 1194//1194
f 1192//1192 1199//1199 1194//1194
f 1197//1197 1196//1196 1199//1199
f 1197//1197 1192//1192 1198//1198
f 1197//1197 1199//1199 1192//1192
f 1200//1200 1195//1195 1182//1182
f 1200//1200 1201//1201 1195//1195
f 1200//1200 1204//1204 1201//1201
f 1205//1205 1204//1204 1202//1202
f 1202//1202 1204//1204 1200//1200
f 1203//1203 1202//1202 1200//1200
f 1205//1205 1208//1208 1204//1204
f 1207//1207 1197//1197 1198//1198
f 1207//1207 1198//1198 1208//1208
f 1209//1209 1205//1205 1206//1206
f 1209//1209 1208//1208 1205//1205
f 1209//1209 1207//1207 1208//1208
f 1210//1210 1207//1207 1209//1209
f 1210//1210 1211//1211 1207//1207
f 1146//1146 1173//1173 1170//1170
f 1146//1146 1170//1170 1144//1144
f 1143//1143 1167//1167 1142//1142
f 1143//1143 1168//1168 1167//1167
f 1147//1147 1169//1169 1168//1168
f 1147//1147 1168//1168 1143//1143
f 1144//1144 1169//1169 1147//1147
f 1144//1144 1170//1170 1169//1169
f 1142//1142 1164//1164 1136//1136
f 1142//1142 1167//1167 1164//1164
f 1164//1164 1134//1134 1136//1136
f 1163//1163 1134//1134 1164//1164
f 1163//1163 1133//1133 1134//1134
f 1135//1135 1163//1163 1166//1166
f 1135//1135 1133//1133 1163//1163
f 1137//1137 1135//1135 1166//1166
f 1165//1165 1137//1137 1166//1166
f 1452//1452 1137//1137 1165//1165
f 1452//1452 1165//1165 1171//1171
f 1140//1140 1452//1452 1171//1171
f 1140//1140 1171//1171 1172//1172
f 1145//1145 1173//1173 1146//1146
f 1145//1145 1174//1174 1173//1173
f 1148//1148 1174//1174 1145//1145
f 1148//1148 1175//1175 1174//1174
f 1149//1149 1175//1175 1148//1148
f 1150//1150 1190//1190 1176//1176
f 1149//1149 1150//1150 1176//1176
f 1149//1149 1176//1176 1175//1175
f 1150//1150 1152//1152 1177//1177
f 1150//1150 1177//1177 1190//1190
f 1178//1178 1153//1153 1179//1179
f 1177//1177 1152//1152 1153//1153
f 1177//1177 1153//1153 1178//1178
f 1156//1156 1180//1180 1179//1179
f 1153//1153 1156//1156 1179//1179
f 1181//1181 1158//1158 1182//1182
f 1181//1181 1157//1157 1158//1158
f 1180//1180 1157//1157 1181//1181
f 1180//1180 1156//1156 1157//1157
f 1117//1117 1182//1182 1158//1158
f 315//315 1117//1117 1158//1158
f 1116//1116 1182//1182 1117//1117
f 1200//1200 1182//1182 1116//1116
f 1212//1212 1116//1116 349//349
f 1212//1212 1200//1200 1116//1116
f 1212//1212 1203//1203 1200//1200
f 1213//1213 1203//1203 1212//1212
f 1213//1213 1202//1202 1203//1203
f 1215//1215 1214//1214 1205//1205
f 1215//1215 1205//1205 1202//1202
f 1213//1213 1215//1215 1202//1202
f 1214//1214 1216//1216 1206//1206
f 1214//1214 1206//1206 1205//1205
f 1219//1219 1210//1210 1209//1209
f 1216//1216 1219//1219 1209//1209
f 1216//1216 1209//1209 1206//1206
f 1211//1211 1217//1217 1207//1207
f 1211//1211 1218//1218 1217//1217
f 1211//1211 1219//1219 1218//1218
f 1210//1210 1219//1219 1211//1211
f 1220//1220 1207//1207 1217//1217
f 1220//1220 1197//1197 1207//1207
f 1221//1221 1196//1196 1197//1197
f 1221//1221 1197//1197 1220//1220
f 1222//1222 1196//1196 1221//1221
f 1222//1222 1199//1199 1196//1196
f 1222//1222 1223//1223 1199//1199
f 1223//1223 1193//1193 1199//1199
f 1223//1223 1224//1224 1194//1194
f 1223//1223 1194//1194 1193//1193
f 1224//1224 1227//1227 1191//1191
f 1224//1224 1191//1191 1194//1194
f 1183//1183 1225//1225 1160//1160
f 1183//1183 1226//1226 1225//1225
f 1184//1184 1226//1226 1183//1183
f 1184//1184 1227//1227 1226//1226
f 1191//1191 1227//1227 1184//1184
f 1225//1225 1228//1228 337//337
f 1024//1024 1226//1226 1026//1026
f 1024//1024 1225//1225 1226//1226
f 1026//1026 1226//1226 1227//1227
f 1224//1224 1026//1026 1227//1227
f 1224//1224 1329//1329 1026//1026
f 1229//1229 1024//1024 1329//1329
f 1253//1253 1229//1229 1329//1329
f 1223//1223 1329//1329 1224//1224
f 1254//1254 1253//1253 1329//1329
f 1084//1084 1229//1229 1253//1253
f 1254//1254 1329//1329 1223//1223
f 1084//1084 1230//1230 1229//1229
f 1231//1231 1254//1254 1223//1223
f 1222//1222 1231//1231 1223//1223
f 1232//1232 1230//1230 1084//1084
f 1232//1232 1084//1084 1231//1231
f 1221//1221 1231//1231 1222//1222
f 1221//1221 1232//1232 1231//1231
f 1220//1220 1232//1232 1221//1221
f 1212//1212 349//349 1233//1233
f 1350//1350 1215//1215 1213//1213
f 1350//1350 1214//1214 1215//1215
f 1007//1007 1350//1350 1213//1213
f 1216//1216 1214//1214 1350//1350
f 1216//1216 1350//1350 1234//1234
f 1007//1007 1213//1213 1212//1212
f 1235//1235 1216//1216 1234//1234
f 1008//1008 1007//1007 1212//1212
f 1061//1061 1219//1219 1216//1216
f 1061//1061 1216//1216 1235//1235
f 1062//1062 1219//1219 1061//1061
f 1236//1236 1061//1061 1235//1235
f 1062//1062 1218//1218 1219//1219
f 1238//1238 1235//1235 1008//1008
f 1238//1238 1063//1063 1236//1236
f 1238//1238 1236//1236 1235//1235
f 1237//1237 1217//1217 1218//1218
f 1237//1237 1062//1062 1063//1063
f 1237//1237 1218//1218 1062//1062
f 1239//1239 1237//1237 1063//1063
f 1239//1239 1063//1063 1238//1238
f 1237//1237 1232//1232 1220//1220
f 1237//1237 1220//1220 1217//1217
f 1229//1229 1228//1228 1024//1024
f 1024//1024 1228//1228 1225//1225
f 1233//1233 1238//1238 1008//1008
f 1233//1233 1008//1008 1212//1212
f 1240//1240 1232//1232 1237//1237
f 1240//1240 1241//1241 1232//1232
f 1242//1242 1232//1232 1241//1241
f 1242//1242 1230//1230 1232//1232
f 1243//1243 1229//1229 1230//1230
f 1243//1243 1230//1230 1242//1242
f 1243//1243 1228//1228 1229//1229
f 1243//1243 1244//1244 1228//1228
f 1228//1228 1159//1159 337//337
f 1228//1228 1245//1245 1159//1159
f 269//269 1228//1228 1244//1244
f 269//269 1245//1245 1228//1228
f 1243//1243 269//269 1244//1244
f 267//267 269//269 1243//1243
f 1242//1242 267//267 1243//1243
f 266//266 267//267 1242//1242
f 1241//1241 266//266 1242//1242
f 1246//1246 1247//1247 264//264
f 262//262 1248//1248 1246//1246
f 262//262 1246//1246 264//264
f 265//265 1240//1240 1248//1248
f 265//265 1248//1248 262//262
f 265//265 266//266 1240//1240
f 1240//1240 266//266 1241//1241
f 264//264 1233//1233 1115//1115
f 1116//1116 1115//1115 1233//1233
f 1247//1247 1233//1233 264//264
f 349//349 1116//1116 1233//1233
f 1247//1247 1238//1238 1233//1233
f 1247//1247 1246//1246 1238//1238
f 1248//1248 1239//1239 1238//1238
f 1248//1248 1238//1238 1246//1246
f 1248//1248 1237//1237 1239//1239
f 1240//1240 1237//1237 1248//1248
f 1245//1245 267//267 1249//1249
f 269//269 267//267 1245//1245
f 1250//1250 1128//1128 1245//1245
f 1250//1250 1245//1245 1249//1249
f 270//270 272//272 1128//1128
f 270//270 1128//1128 1250//1250
f 1159//1159 1245//1245 1128//1128
f 1159//1159 1128//1128 1129//1129
f 1250//1250 1251//1251 257//257
f 1250//1250 257//257 270//270
f 1087//1087 1086//1086 1251//1251
f 1250//1250 1087//1087 1251//1251
f 1096//1096 1087//1087 1250//1250
f 1249//1249 1096//1096 1250//1250
f 1110//1110 1100//1100 1096//1096
f 1110//1110 1096//1096 1249//1249
f 1249//1249 267//267 266//266
f 1110//1110 1249//1249 266//266
f 1086//1086 1088//1088 1252//1252
f 1251//1251 1086//1086 1252//1252
f 258//258 1251//1251 1252//1252
f 258//258 257//257 1251//1251
f 1252//1252 1113//1113 259//259
f 1252//1252 259//259 258//258
f 1252//1252 1088//1088 1089//1089
f 1252//1252 1089//1089 1113//1113
f 1256//1256 1084//1084 1293//1293
f 1084//1084 1253//1253 1293//1293
f 1254//1254 1292//1292 1253//1253
f 1231//1231 1289//1289 1254//1254
f 1231//1231 1085//1085 1289//1289
f 1253//1253 1292//1292 1293//1293
f 1254//1254 1289//1289 1292//1292
f 1085//1085 1288//1288 1289//1289
f 1291//1291 1288//1288 1083//1083
f 1258//1258 1290//1290 1078//1078
f 1256//1256 1083//1083 1085//1085
f 1083//1083 1288//1288 1085//1085
f 1255//1255 1291//1291 1082//1082
f 1291//1291 1259//1259 1288//1288
f 1290//1290 1257//1257 1078//1078
f 1291//1291 1255//1255 1079//1079
f 1291//1291 1079//1079 1259//1259
f 1258//1258 1078//1078 1270//1270
f 1268//1268 1260//1260 1077//1077
f 1265//1265 1284//1284 1270//1270
f 1265//1265 1262//1262 1077//1077
f 1077//1077 1262//1262 1268//1268
f 1286//1286 1074//1074 1261//1261
f 1287//1287 1075//1075 1264//1264
f 1075//1075 1284//1284 1265//1265
f 1286//1286 1075//1075 1074//1074
f 1075//1075 1287//1287 1284//1284
f 1262//1262 1076//1076 1268//1268
f 1075//1075 1265//1265 1077//1077
f 1268//1268 1072//1072 1073//1073
f 1272//1272 1273//1273 1071//1071
f 1274//1274 1272//1272 1276//1276
f 1271//1271 1076//1076 1263//1263
f 1271//1271 1072//1072 1076//1076
f 1071//1071 1276//1276 1272//1272
f 1277//1277 1281//1281 1283//1283
f 1282//1282 1280//1280 1266//1266
f 1274//1274 1276//1276 1283//1283
f 1076//1076 1072//1072 1268//1268
f 1067//1067 1068//1068 1275//1275
f 1069//1069 1274//1274 1283//1283
f 1279//1279 1277//1277 1073//1073
f 1273//1273 1279//1279 1073//1073
f 1268//1268 1277//1277 1282//1282
f 1283//1283 1282//1282 1277//1277
f 1070//1070 1273//1273 1272//1272
f 1279//1279 1278//1278 1281//1281
f 1273//1273 1073//1073 1071//1071
f 1072//1072 1271//1271 1280//1280
f 1070//1070 1275//1275 1068//1068
f 1275//1275 1272//1272 1067//1067
f 1277//1277 1279//1279 1281//1281
f 1280//1280 1283//1283 1276//1276
f 1069//1069 1283//1283 1281//1281
f 1281//1281 1278//1278 1069//1069
f 1283//1283 1280//1280 1282//1282
f 1279//1279 1070//1070 1278//1278
f 1279//1279 1273//1273 1070//1070
f 1261//1261 1266//1266 1280//1280
f 1266//1266 1261//1261 1074//1074
f 1263//1263 1286//1286 1261//1261
f 1271//1271 1263//1263 1280//1280
f 1265//1265 1270//1270 1262//1262
f 1269//1269 1267//1267 1264//1264
f 1284//1284 1255//1255 1080//1080
f 1270//1270 1284//1284 1080//1080
f 1258//1258 1270//1270 1080//1080
f 1270//1270 1285//1285 1262//1262
f 1078//1078 1269//1269 1285//1285
f 1078//1078 1267//1267 1269//1269
f 1255//1255 1284//1284 1287//1287
f 1266//1266 1074//1074 1260//1260
f 1258//1258 1080//1080 1082//1082
f 1083//1083 1082//1082 1291//1291
f 1080//1080 1255//1255 1082//1082
f 1292//1292 1289//1289 1081//1081
f 1083//1083 1256//1256 1293//1293
f 1328//1328 1327//1327 1061//1061
f 1328//1328 1061//1061 1236//1236
f 1063//1063 1328//1328 1236//1236
f 1059//1059 1311//1311 1324//1324
f 1324//1324 1057//1057 1059//1059
f 1299//1299 1302//1302 1311//1311
f 1057//1057 1324//1324 1055//1055
f 1060//1060 1059//1059 1058//1058
f 1311//1311 1059//1059 1299//1299
f 1057//1057 1055//1055 1310//1310
f 1299//1299 1295//1295 1302//1302
f 1297//1297 1296//1296 1327//1327
f 1294//1294 1298//1298 1326//1326
f 1052//1052 1053//1053 1322//1322
f 1303//1303 1321//1321 1056//1056
f 1311//1311 1054//1054 1324//1324
f 1052//1052 1046//1046 1316//1316
f 1052//1052 1316//1316 1053//1053
f 1052//1052 1307//1307 1046//1046
f 1322//1322 1307//1307 1052//1052
f 1056//1056 1305//1305 1306//1306
f 1321//1321 1310//1310 1308//1308
f 1055//1055 1308//1308 1310//1310
f 1321//1321 1308//1308 1056//1056
f 1054//1054 1302//1302 1301//1301
f 1054//1054 1311//1311 1302//1302
f 1305//1305 1056//1056 1308//1308
f 1308//1308 1309//1309 1305//1305
f 1051//1051 1040//1040 1050//1050
f 1304//1304 1317//1317 1051//1051
f 1050//1050 1047//1047 1051//1051
f 1047//1047 1050//1050 1048//1048
f 1304//1304 1051//1051 1047//1047
f 1315//1315 1051//1051 1316//1316
f 1320//1320 1050//1050 1040//1040
f 1046//1046 1314//1314 1049//1049
f 1320//1320 1314//1314 1046//1046
f 1319//1319 1316//1316 1049//1049
f 1318//1318 1314//1314 1313//1313
f 1316//1316 1319//1319 1315//1315
f 1045//1045 1041//1041 1040//1040
f 1316//1316 1317//1317 1053//1053
f 1318//1318 1319//1319 1049//1049
f 1317//1317 1316//1316 1051//1051
f 1315//1315 1040//1040 1051//1051
f 1318//1318 1049//1049 1314//1314
f 1301//1301 1321//1321 1303//1303
f 1303//1303 1323//1323 1301//1301
f 1304//1304 1047//1047 1306//1306
f 1305//1305 1309//1309 1053//1053
f 1306//1306 1305//1305 1304//1304
f 1322//1322 1053//1053 1309//1309
f 1054//1054 1301//1301 1323//1323
f 1057//1057 1310//1310 1058//1058
f 1299//1299 1300//1300 1298//1298
f 1326//1326 1298//1298 1300//1300
f 1295//1295 1321//1321 1301//1301
f 1058//1058 1321//1321 1295//1295
f 1058//1058 1295//1295 1325//1325
f 1058//1058 1325//1325 1060//1060
f 1301//1301 1302//1302 1295//1295
f 1058//1058 1310//1310 1321//1321
f 1299//1299 1298//1298 1295//1295
f 1299//1299 1059//1059 1300//1300
f 1328//1328 1063//1063 1326//1326
f 1327//1327 1328//1328 1297//1297
f 1296//1296 1061//1061 1327//1327
f 1062//1062 1061//1061 1296//1296
f 1325//1325 1062//1062 1296//1296
f 1325//1325 1294//1294 1062//1062
f 1298//1298 1294//1294 1325//1325
f 1025//1025 1331//1331 1026//1026
f 1343//1343 1032//1032 1033//1033
f 1032//1032 1029//1029 1030//1030
f 1032//1032 1030//1030 1348//1348
f 1031//1031 1032//1032 1348//1348
f 1031//1031 1348//1348 1330//1330
f 1028//1028 1031//1031 1330//1330
f 1334//1334 1028//1028 1349//1349
f 1334//1334 1349//1349 1025//1025
f 1334//1334 1025//1025 1029//1029
f 1330//1330 1348//1348 1027//1027
f 1349//1349 1330//1330 1331//1331
f 1033//1033 1031//1031 1333//1333
f 1333//1333 1031//1031 1028//1028
f 1330//1330 1349//1349 1028//1028
f 1330//1330 1027//1027 1331//1331
f 1025//1025 1349//1349 1331//1331
f 1033//1033 1342//1342 1034//1034
f 1335//1335 1344//1344 1332//1332
f 1334//1334 1344//1344 1335//1335
f 1332//1332 1036//1036 1035//1035
f 1335//1335 1028//1028 1334//1334
f 1033//1033 1034//1034 1343//1343
f 1332//1332 1344//1344 1032//1032
f 1332//1332 1032//1032 1343//1343
f 1028//1028 1335//1335 1333//1333
f 1344//1344 1334//1334 1032//1032
f 1346//1346 1345//1345 1035//1035
f 1346//1346 1039//1039 1340//1340
f 1035//1035 1347//1347 1346//1346
f 1338//1338 1341//1341 1036//1036
f 1336//1336 1039//1039 1346//1346
f 1340//1340 1345//1345 1346//1346
f 1036//1036 1347//1347 1035//1035
f 1037//1037 1034//1034 1342//1342
f 1037//1037 1036//1036 1034//1034
f 1339//1339 1038//1038 1337//1337
f 1039//1039 1336//1336 1038//1038
f 1339//1339 1341//1341 1338//1338
f 1338//1338 1340//1340 1339//1339
f 1341//1341 1347//1347 1036//1036
f 1337//1337 1038//1038 1336//1336
f 1339//1339 1337//1337 1341//1341
f 1032//1032 1031//1031 1033//1033
f 1329//1329 1030//1030 1029//1029
f 1347//1347 1336//1336 1346//1346
f 1337//1337 1336//1336 1347//1347
f 1366//1366 1008//1008 1235//1235
f 1365//1365 1366//1366 1235//1235
f 1234//1234 1365//1365 1235//1235
f 1007//1007 1009//1009 1350//1350
f 1013//1013 1014//1014 1015//1015
f 1365//1365 1234//1234 1012//1012
f 1011//1011 1010//1010 1013//1013
f 1364//1364 1352//1352 1353//1353
f 1364//1364 1353//1353 1015//1015
f 1019//1019 1020//1020 1018//1018
f 1360//1360 1358//1358 1021//1021
f 1363//1363 1021//1021 1358//1358
f 1356//1356 1023//1023 1357//1357
f 1020//1020 1360//1360 1359//1359
f 1356//1356 1019//1019 1354//1354
f 1354//1354 1021//1021 1363//1363
f 1354//1354 1363//1363 1356//1356
f 1360//1360 1022//1022 1362//1362
f 1021//1021 1359//1359 1360//1360
f 1019//1019 1357//1357 1020//1020
f 1361//1361 1023//1023 1356//1356
f 1360//1360 1362//1362 1358//1358
f 1360//1360 1357//1357 1022//1022
f 1357//1357 1019//1019 1356//1356
f 1357//1357 1023//1023 1022//1022
f 1356//1356 1358//1358 1361//1361
f 1353//1353 1352//1352 1017//1017
f 1359//1359 1018//1018 1020//1020
f 1359//1359 1016//1016 1018//1018
f 1352//1352 1364//1364 1019//1019
f 1352//1352 1019//1019 1018//1018
f 1364//1364 1015//1015 1355//1355
f 1016//1016 1355//1355 1015//1015
f 1366//1366 1365//1365 1351//1351
f 1366//1366 1013//1013 1010//1010
f 1009//1009 1011//1011 1012//1012
f 1014//1014 1016//1016 1015//1015
f 1011//1011 1009//1009 1010//1010
f 1353//1353 1013//1013 1015//1015
f 1011//1011 1017//1017 1351//1351
f 1365//1365 1012//1012 1351//1351
f 1013//1013 1353//1353 1011//1011
f 1012//1012 1350//1350 1009//1009
f 1012//1012 1234//1234 1350//1350
f 1010//1010 1008//1008 1366//1366
f 1361//1361 1358//1358 1362//1362
f 1022//1022 1361//1361 1362//1362
f 1367//1367 1376//1376 1189//1189
f 1367//1367 1189//1189 1186//1186
f 1367//1367 1186//1186 1185//1185
f 1368//1368 1367//1367 1185//1185
f 1368//1368 1185//1185 1187//1187
f 1369//1369 1368//1368 1187//1187
f 1369//1369 1187//1187 1188//1188
f 1370//1370 1369//1369 1188//1188
f 1370//1370 1188//1188 1195//1195
f 1380//1380 1370//1370 1195//1195
f 1380//1380 1195//1195 1201//1201
f 1381//1381 1380//1380 1201//1201
f 1371//1371 1381//1381 1201//1201
f 1371//1371 1201//1201 1204//1204
f 1378//1378 1371//1371 1204//1204
f 1372//1372 1378//1378 1204//1204
f 1372//1372 1204//1204 1208//1208
f 1373//1373 1372//1372 1208//1208
f 1373//1373 1208//1208 1198//1198
f 1374//1374 1373//1373 1198//1198
f 1374//1374 1198//1198 1192//1192
f 1375//1375 1374//1374 1192//1192
f 1376//1376 1192//1192 1189//1189
f 1376//1376 1375//1375 1192//1192
f 1373//1373 1387//1387 1377//1377
f 1372//1372 1377//1377 1378//1378
f 1372//1372 1373//1373 1377//1377
f 1371//1371 1378//1378 1379//1379
f 1371//1371 1379//1379 1381//1381
f 1380//1380 1381//1381 1382//1382
f 1382//1382 1370//1370 1380//1380
f 1370//1370 1382//1382 1383//1383
f 1369//1369 1370//1370 1383//1383
f 1369//1369 1383//1383 1384//1384
f 1368//1368 1369//1369 1384//1384
f 1367//1367 1368//1368 1384//1384
f 1367//1367 1384//1384 1385//1385
f 1376//1376 1367//1367 1385//1385
f 1376//1376 1385//1385 1386//1386
f 1375//1375 1376//1376 1386//1386
f 1375//1375 1386//1386 1387//1387
f 1374//1374 1375//1375 1387//1387
f 1373//1373 1374//1374 1387//1387
f 1387//1387 1386//1386 1385//1385
f 1387//1387 1384//1384 1383//1383
f 1387//1387 1385//1385 1384//1384
f 1387//1387 1383//1383 1382//1382
f 1379//1379 1377//1377 1387//1387
f 1379//1379 1387//1387 1382//1382
f 1379//1379 1382//1382 1381//1381
f 1378//1378 1377//1377 1379//1379
f 1005//1005 1388//1388 1392//1392
f 1006//1006 1395//1395 1390//1390
f 1006//1006 1390//1390 1392//1392
f 1393//1393 1389//1389 1390//1390
f 1390//1390 1395//1395 1393//1393
f 1004//1004 1388//1388 1005//1005
f 1389//1389 1393//1393 1004//1004
f 1389//1389 1004//1004 1005//1005
f 1415//1415 1403//1403 1001//1001
f 997//997 1002//1002 999//999
f 998//998 999//999 1002//1002
f 1388//1388 1394//1394 1418//1418
f 1415//1415 1412//1412 1403//1403
f 1391//1391 997//997 1412//1412
f 1002//1002 1416//1416 1417//1417
f 1393//1393 1003//1003 1004//1004
f 1416//1416 1002//1002 997//997
f 1003//1003 1393//1393 1395//1395
f 1395//1395 1006//1006 1003//1003
f 1416//1416 997//997 1391//1391
f 1414//1414 1398//1398 994//994
f 1413//1413 994//994 993//993
f 996//996 1403//1403 1400//1400
f 996//996 1400//1400 1414//1414
f 1405//1405 1413//1413 1397//1397
f 1408//1408 1407//1407 1401//1401
f 1408//1408 1401//1401 1399//1399
f 995//995 1413//1413 1408//1408
f 994//994 1413//1413 995//995
f 1396//1396 1414//1414 1400//1400
f 1408//1408 1399//1399 995//995
f 1413//1413 1405//1405 1408//1408
f 1402//1402 1401//1401 1407//1407
f 1410//1410 1411//1411 985//985
f 989//989 1409//1409 1406//1406
f 1406//1406 1404//1404 992//992
f 1406//1406 1409//1409 990//990
f 1405//1405 990//990 984//984
f 1411//1411 984//984 985//985
f 984//984 1411//1411 1405//1405
f 1404//1404 1406//1406 990//990
f 990//990 1409//1409 984//984
f 989//989 988//988 1409//1409
f 991//991 1408//1408 1405//1405
f 991//991 1407//1407 1408//1408
f 989//989 987//987 988//988
f 1404//1404 1397//1397 993//993
f 1402//1402 1404//1404 993//993
f 1397//1397 1413//1413 993//993
f 1412//1412 1396//1396 1400//1400
f 1403//1403 1412//1412 1400//1400
f 1396//1396 1398//1398 1414//1414
f 1396//1396 999//999 1398//1398
f 1412//1412 997//997 1396//1396
f 1415//1415 1394//1394 1000//1000
f 1416//1416 1003//1003 1006//1006
f 1001//1001 1417//1417 1418//1418
f 1416//1416 1391//1391 1003//1003
f 1003//1003 1391//1391 1000//1000
f 1417//1417 1416//1416 1418//1418
f 1418//1418 1416//1416 1006//1006
f 1391//1391 1412//1412 1000//1000
f 1001//1001 1394//1394 1415//1415
f 1388//1388 1004//1004 1394//1394
f 1418//1418 1392//1392 1388//1388
f 1418//1418 1006//1006 1392//1392
f 978//978 977//977 1421//1421
f 1420//1420 1448//1448 976//976
f 1448//1448 1420//1420 979//979
f 1421//1421 977//977 1419//1419
f 1448//1448 1419//1419 976//976
f 1419//1419 977//977 976//976
f 1423//1423 1422//1422 1430//1430
f 1450//1450 1436//1436 974//974
f 1449//1449 1451//1451 1427//1427
f 1425//1425 1436//1436 1450//1450
f 1430//1430 975//975 1425//1425
f 1424//1424 1427//1427 1437//1437
f 1428//1428 1430//1430 1425//1425
f 1427//1427 1426//1426 1437//1437
f 975//975 1430//1430 1422//1422
f 1422//1422 1451//1451 975//975
f 1436//1436 1425//1425 1434//1434
f 1425//1425 1449//1449 1434//1434
f 1434//1434 1424//1424 971//971
f 973//973 1437//1437 972//972
f 1437//1437 1435//1435 1424//1424
f 971//971 1435//1435 970//970
f 968//968 1447//1447 1446//1446
f 971//971 970//970 1431//1431
f 1424//1424 1435//1435 971//971
f 1436//1436 972//972 974//974
f 974//974 972//972 1437//1437
f 968//968 1433//1433 1447//1447
f 973//973 1435//1435 1437//1437
f 965//965 1441//1441 968//968
f 1442//1442 1443//1443 1444//1444
f 969//969 1444//1444 967//967
f 963//963 1440//1440 966//966
f 1439//1439 963//963 965//965
f 968//968 1444//1444 965//965
f 1432//1432 1433//1433 1445//1445
f 964//964 966//966 1438//1438
f 966//966 964//964 959//959
f 1444//1444 968//968 967//967
f 1432//1432 1445//1445 1442//1442
f 966//966 1440//1440 1438//1438
f 1439//1439 1444//1444 1443//1443
f 1441//1441 1445//1445 1433//1433
f 969//969 1442//1442 1444//1444
f 960//960 964//964 1438//1438
f 966//966 1445//1445 1441//1441
f 1444//1444 1439//1439 965//965
f 1433//1433 1432//1432 1435//1435
f 1432//1432 970//970 1435//1435
f 973//973 1433//1433 1435//1435
f 1447//1447 972//972 1446//1446
f 1431//1431 970//970 969//969
f 973//973 1447//1447 1433//1433
f 972//972 1447//1447 973//973
f 1422//1422 1423//1423 1429//1429
f 978//978 1421//1421 1429//1429
f 1449//1449 975//975 1451//1451
f 1426//1426 1419//1419 1428//1428
f 1430//1430 1448//1448 1423//1423
f 1424//1424 1449//1449 1427//1427
f 1421//1421 1427//1427 1451//1451
f 1425//1425 975//975 1449//1449
f 1430//1430 1428//1428 1448//1448
f 1421//1421 1426//1426 1427//1427
f 1426//1426 1421//1421 1419//1419
f 1448//1448 979//979 1423//1423
f 1419//1419 1448//1448 1428//1428
f 1451//1451 1429//1429 1421//1421
f 1422//1422 1429//1429 1451//1451
f 948//948 947//947 1452//1452
f 1458//1458 1456//1456 1467//1467
f 1458//1458 1467//1467 1453//1453
f 951//951 1455//1455 949//949
f 1473//1473 951//951 949//949
f 1455//1455 950//950 1474//1474
f 1474//1474 949//949 1455//1455
f 1468//1468 1458//1458 1453//1453
f 1468//1468 1453//1453 1466//1466
f 1456//1456 952//952 951//951
f 1469//1469 1458//1458 1468//1468
f 952//952 1466//1466 951//951
f 1461//1461 955//955 1457//1457
f 1468//1468 1465//1465 1461//1461
f 1465//1465 1468//1468 953//953
f 1462//1462 1463//1463 955//955
f 1463//1463 1464//1464 1472//1472
f 1472//1472 1459//1459 954//954
f 1461//1461 1462//1462 955//955
f 1462//1462 1461//1461 1465//1465
f 1469//1469 1468//1468 1461//1461
f 954//954 1457//1457 955//955
f 953//953 1468//1468 1466//1466
f 1469//1469 1461//1461 1457//1457
f 952//952 953//953 1466//1466
f 1464//1464 1463//1463 1471//1471
f 954//954 955//955 1463//1463
f 956//956 1471//1471 1463//1463
f 1472//1472 1470//1470 1459//1459
f 1472//1472 958//958 957//957
f 1464//1464 1471//1471 958//958
f 1470//1470 1463//1463 1462//1462
f 958//958 1472//1472 1464//1464
f 1472//1472 954//954 1463//1463
f 1459//1459 1460//1460 954//954
f 1457//1457 954//954 1460//1460
f 957//957 958//958 1471//1471
f 956//956 957//957 1471//1471
f 1473//1473 1454//1454 1467//1467
f 1467//1467 951//951 1473//1473
f 950//950 1453//1453 1454//1454
f 1454//1454 1453//1453 1467//1467
f 1470//1470 956//956 1463//1463
f 1472//1472 957//957 1470//1470
f 1481//1481 1478//1478 1476//1476
f 1480//1480 1478//1478 1477//1477
f 1481//1481 935//935 1477//1477
f 1478//1478 938//938 1476//1476
f 935//935 1497//1497 1477//1477
f 1497//1497 935//935 936//936
f 1477//1477 1478//1478 1481//1481
f 938//938 1478//1478 937//937
f 936//936 935//935 1475//1475
f 1479//1479 936//936 1475//1475
f 942//942 941//941 1499//1499
f 1482//1482 1497//1497 939//939
f 939//939 1497//1497 1485//1485
f 1495//1495 1488//1488 1484//1484
f 940//940 1499//1499 941//941
f 1485//1485 1499//1499 939//939
f 1499//1499 1498//1498 1480//1480
f 1482//1482 939//939 1484//1484
f 1485//1485 1498//1498 1499//1499
f 944//944 1489//1489 942//942
f 1493//1493 1496//1496 945//945
f 1487//1487 1489//1489 943//943
f 1495//1495 1487//1487 1492//1492
f 1492//1492 1496//1496 1490//1490
f 943//943 1496//1496 1486//1486
f 944//944 1495//1495 1494//1494
f 942//942 1488//1488 944//944
f 1492//1492 1486//1486 1496//1496
f 943//943 1486//1486 1487//1487
f 943//943 1489//1489 944//944
f 1494//1494 943//943 944//944
f 943//943 1494//1494 945//945
f 1492//1492 1487//1487 1486//1486
f 1490//1490 1491//1491 1494//1494
f 1491//1491 1490//1490 1496//1496
f 945//945 1496//1496 943//943
f 1490//1490 1494//1494 1495//1495
f 1490//1490 1495//1495 1492//1492
f 1493//1493 1491//1491 1496//1496
f 1493//1493 945//945 1491//1491
f 1485//1485 1497//1497 937//937
f 1480//1480 1483//1483 942//942
f 937//937 1498//1498 1485//1485
f 1489//1489 941//941 942//942
f 1482//1482 1477//1477 1497//1497
f 1498//1498 1478//1478 1480//1480
f 940//940 941//941 1484//1484
f 942//942 1483//1483 1488//1488
f 1477//1477 1482//1482 1480//1480
f 1499//1499 1480//1480 942//942
f 1102//1102 1501//1501 1500//1500
f 1099//1099 1501//1501 1102//1102
f 1099//1099 1502//1502 1501//1501
f 1097//1097 1502//1502 1099//1099
f 1097//1097 1503//1503 1502//1502
f 1092//1092 1503//1503 1097//1097
f 1092//1092 1504//1504 1503//1503
f 1091//1091 1504//1504 1092//1092
f 1090//1090 1505//1505 1504//1504
f 1090//1090 1504//1504 1091//1091
f 1094//1094 1505//1505 1090//1090
f 1094//1094 1506//1506 1505//1505
f 1093//1093 1506//1506 1094//1094
f 1093//1093 1507//1507 1506//1506
f 1095//1095 1507//1507 1093//1093
f 1098//1098 1507//1507 1095//1095
f 1098//1098 1508//1508 1507//1507
f 1101//1101 1508//1508 1098//1098
f 1101//1101 1509//1509 1508//1508
f 1103//1103 1509//1509 1101//1101
f 1103//1103 1510//1510 1509//1509
f 1104//1104 1510//1510 1103//1103
f 1104//1104 1511//1511 1510//1510
f 1106//1106 1511//1511 1104//1104
f 1106//1106 1512//1512 1511//1511
f 1105//1105 1512//1512 1106//1106
f 1105//1105 1513//1513 1512//1512
f 1107//1107 1513//1513 1105//1105
f 1107//1107 1500//1500 1513//1513
f 1102//1102 1500//1500 1107//1107
f 1514//1514 1502//1502 1515//1515
f 1514//1514 1501//1501 1502//1502
f 1516//1516 1501//1501 1514//1514
f 1515//1515 1502//1502 1503//1503
f 1516//1516 1500//1500 1501//1501
f 1518//1518 1500//1500 1516//1516
f 1515//1515 1503//1503 1504//1504
f 1518//1518 1513//1513 1500//1500
f 1517//1517 1515//1515 1504//1504
f 1519//1519 1513//1513 1518//1518
f 1519//1519 1512//1512 1513//1513
f 1505//1505 1517//1517 1504//1504
f 1511//1511 1512//1512 1519//1519
f 1511//1511 1519//1519 1521//1521
f 1505//1505 1520//1520 1517//1517
f 1506//1506 1520//1520 1505//1505
f 1510//1510 1521//1521 1522//1522
f 1510//1510 1511//1511 1521//1521
f 1507//1507 1520//1520 1506//1506
f 1507//1507 1523//1523 1520//1520
f 1509//1509 1510//1510 1522//1522
f 1508//1508 1523//1523 1507//1507
f 1509//1509 1522//1522 1523//1523
f 1509//1509 1523//1523 1508//1508
f 1534//1534 1518//1518 1516//1516
f 1524//1524 1534//1534 1516//1516
f 1524//1524 1516//1516 1514//1514
f 1525//1525 1524//1524 1514//1514
f 1525//1525 1514//1514 1515//1515
f 1526//1526 1525//1525 1515//1515
f 1526//1526 1515//1515 1517//1517
f 1527//1527 1526//1526 1517//1517
f 1528//1528 1527//1527 1517//1517
f 1528//1528 1517//1517 1520//1520
f 1529//1529 1528//1528 1520//1520
f 1529//1529 1520//1520 1523//1523
f 1530//1530 1529//1529 1523//1523
f 1530//1530 1523//1523 1522//1522
f 1531//1531 1530//1530 1522//1522
f 1531//1531 1522//1522 1521//1521
f 1532//1532 1531//1531 1521//1521
f 1532//1532 1521//1521 1519//1519
f 1533//1533 1532//1532 1519//1519
f 1533//1533 1519//1519 1518//1518
f 1534//1534 1533//1533 1518//1518
f 1535//1535 1527//1527 1528//1528
f 1536//1536 1535//1535 1528//1528
f 1538//1538 1536//1536 1528//1528
f 1538//1538 1528//1528 1529//1529
f 1535//1535 1526//1526 1527//1527
f 1537//1537 1526//1526 1535//1535
f 1539//1539 1538//1538 1529//1529
f 1537//1537 1525//1525 1526//1526
f 1539//1539 1529//1529 1530//1530
f 1542//1542 1539//1539 1530//1530
f 1540//1540 1525//1525 1537//1537
f 1524//1524 1525//1525 1540//1540
f 1541//1541 1524//1524 1540//1540
f 1530//1530 1543//1543 1542//1542
f 1524//1524 1541//1541 1544//1544
f 1531//1531 1543//1543 1530//1530
f 1534//1534 1524//1524 1544//1544
f 1531//1531 1546//1546 1543//1543
f 1534//1534 1544//1544 1545//1545
f 1532//1532 1546//1546 1531//1531
f 1533//1533 1534//1534 1545//1545
f 1532//1532 1547//1547 1546//1546
f 1533//1533 1545//1545 1547//1547
f 1533//1533 1547//1547 1532//1532
f 1548//1548 1559//1559 1544//1544
f 1548//1548 1544//1544 1541//1541
f 1549//1549 1548//1548 1541//1541
f 1549//1549 1541//1541 1540//1540
f 1550//1550 1549//1549 1540//1540
f 1550//1550 1540//1540 1537//1537
f 1551//1551 1550//1550 1537//1537
f 1552//1552 1537//1537 1535//1535
f 1552//1552 1551//1551 1537//1537
f 1553//1553 1552//1552 1535//1535
f 1553//1553 1535//1535 1536//1536
f 1554//1554 1553//1553 1536//1536
f 1554//1554 1536//1536 1538//1538
f 1555//1555 1554//1554 1538//1538
f 1555//1555 1538//1538 1539//1539
f 1556//1556 1555//1555 1539//1539
f 1556//1556 1539//1539 1542//1542
f 1557//1557 1556//1556 1542//1542
f 1557//1557 1542//1542 1543//1543
f 1558//1558 1557//1557 1543//1543
f 1558//1558 1543//1543 1546//1546
f 1563//1563 1558//1558 1546//1546
f 1563//1563 1546//1546 1547//1547
f 1562//1562 1563//1563 1547//1547
f 1562//1562 1547//1547 1545//1545
f 1559//1559 1562//1562 1545//1545
f 1559//1559 1545//1545 1544//1544
f 1560//1560 1557//1557 1558//1558
f 1556//1556 1557//1557 1560//1560
f 1553//1553 1551//1551 1552//1552
f 1561//1561 1551//1551 1553//1553
f 1561//1561 1550//1550 1551//1551
f 1561//1561 1549//1549 1550//1550
f 1562//1562 1559//1559 1548//1548
f 1558//1558 1563//1563 1560//1560
f 1567//1567 1549//1549 1561//1561
f 910//910 1567//1567 1561//1561
f 1567//1567 1548//1548 1549//1549
f 1564//1564 910//910 1561//1561
f 1564//1564 1561//1561 1553//1553
f 1567//1567 1562//1562 1548//1548
f 1566//1566 1562//1562 1567//1567
f 1566//1566 1563//1563 1562//1562
f 1564//1564 1553//1553 1554//1554
f 1560//1560 1563//1563 1566//1566
f 1554//1554 1568//1568 1564//1564
f 1560//1560 1566//1566 1565//1565
f 1555//1555 1568//1568 1554//1554
f 1556//1556 1568//1568 1555//1555
f 1556//1556 1565//1565 1568//1568
f 1556//1556 1560//1560 1565//1565
f 916//916 911//911 1566//1566
f 917//917 916//916 1566//1566
f 917//917 1566//1566 1567//1567
f 1580//1580 917//917 1567//1567
f 1580//1580 1567//1567 910//910
f 1564//1564 1580//1580 910//910
f 1582//1582 1564//1564 1568//1568
f 924//924 1571//1571 1572//1572
f 1575//1575 922//922 1574//1574
f 918//918 912//912 1577//1577
f 921//921 918//918 1577//1577
f 921//921 1577//1577 919//919
f 1578//1578 1574//1574 915//915
f 912//912 1579//1579 1580//1580
f 914//914 913//913 1582//1582
f 1573//1573 924//924 1572//1572
f 912//912 918//918 1576//1576
f 1584//1584 911//911 914//914
f 914//914 1582//1582 1584//1584
f 915//915 1574//1574 919//919
f 913//913 912//912 1580//1580
f 1586//1586 1585//1585 1587//1587
f 1603//1603 1586//1586 1587//1587
f 1590//1590 1600//1600 933//933
f 1590//1590 933//933 925//925
f 932//932 1592//1592 926//926
f 932//932 926//926 927//927
f 1593//1593 932//932 927//927
f 1593//1593 927//927 929//929
f 1595//1595 1594//1594 1597//1597
f 1598//1598 1595//1595 1597//1597
f 1596//1596 1569//1569 1570//1570
f 1599//1599 1596//1596 1570//1570
f 1599//1599 1570//1570 1571//1571
f 1599//1599 1571//1571 924//924
f 1597//1597 920//920 1583//1583
f 1588//1588 1603//1603 1587//1587
f 1600//1600 931//931 932//932
f 1600//1600 932//932 933//933
f 1594//1594 1593//1593 929//929
f 923//923 1598//1598 1597//1597
f 1569//1569 1598//1598 923//923
f 1598//1598 1569//1569 1596//1596
f 1599//1599 924//924 928//928
f 920//920 928//928 924//924
f 1601//1601 1603//1603 1588//1588
f 1601//1601 1588//1588 1589//1589
f 1588//1588 925//925 1591//1591
f 930//930 1588//1588 1591//1591
f 933//933 932//932 1593//1593
f 1591//1591 925//925 1595//1595
f 1591//1591 1595//1595 1598//1598
f 930//930 1591//1591 1598//1598
f 926//926 1592//1592 1596//1596
f 927//927 1596//1596 1599//1599
f 929//929 927//927 1599//1599
f 1594//1594 933//933 1593//1593
f 1594//1594 925//925 933//933
f 925//925 1594//1594 1595//1595
f 927//927 926//926 1596//1596
f 929//929 1599//1599 928//928
f 1592//1592 1598//1598 1596//1596
f 1592//1592 930//930 1598//1598
f 1603//1603 1601//1601 1604//1604
f 1586//1586 1603//1603 1604//1604
f 1586//1586 1602//1602 1585//1585
f 1586//1586 1604//1604 1602//1602
f 923//923 1597//1597 1583//1583
f 923//923 1583//1583 921//921
f 1569//1569 921//921 922//922
f 1570//1570 1569//1569 922//922
f 1570//1570 922//922 1575//1575
f 1571//1571 1570//1570 1575//1575
f 1572//1572 1571//1571 1575//1575
f 921//921 1583//1583 918//918
f 1572//1572 1575//1575 1581//1581
f 919//919 1577//1577 914//914
f 919//919 914//914 915//915
f 1581//1581 1578//1578 916//916
f 1579//1579 1581//1581 917//917
f 913//913 1580//1580 1582//1582
f 1569//1569 923//923 921//921
f 1576//1576 1573//1573 1572//1572
f 1583//1583 1576//1576 918//918
f 1583//1583 1573//1573 1576//1576
f 921//921 919//919 922//922
f 919//919 1574//1574 922//922
f 1581//1581 1576//1576 1572//1572
f 916//916 917//917 1581//1581
f 1589//1589 1604//1604 1601//1601
f 931//931 1604//1604 1589//1589
f 931//931 1602//1602 1604//1604
f 1600//1600 1602//1602 931//931
f 1600//1600 1585//1585 1602//1602
f 1590//1590 1585//1585 1600//1600
f 1590//1590 1587//1587 1585//1585
f 925//925 1587//1587 1590//1590
f 1607//1607 1605//1605 1606//1606
f 1611//1611 1606//1606 1605//1605
f 1607//1607 1610//1610 1605//1605
f 1608//1608 1610//1610 1607//1607
f 1611//1611 1605//1605 1609//1609
f 1613//1613 1609//1609 1616//1616
f 1613//1613 1611//1611 1609//1609
f 1612//1612 1610//1610 1608//1608
f 1617//1617 1613//1613 1616//1616
f 1612//1612 1615//1615 1610//1610
f 1614//1614 1615//1615 1612//1612
f 1618//1618 1615//1615 1614//1614
f 1620//1620 1617//1617 1616//1616
f 1619//1619 1620//1620 1616//1616
f 1624//1624 1615//1615 1618//1618
f 1619//1619 1622//1622 1620//1620
f 1624//1624 1618//1618 1621//1621
f 1624//1624 1621//1621 1623//1623
f 1625//1625 1622//1622 1619//1619
f 1625//1625 1628//1628 1622//1622
f 1627//1627 1624//1624 1623//1623
f 1627//1627 1623//1623 1626//1626
f 1627//1627 1626//1626 1629//1629
f 1625//1625 1629//1629 1628//1628
f 1627//1627 1629//1629 1625//1625
f 1630//1630 1619//1619 1616//1616
f 1630//1630 1636//1636 1619//1619
f 1630//1630 1616//1616 1609//1609
f 1631//1631 1630//1630 1609//1609
f 1631//1631 1609//1609 1605//1605
f 1632//1632 1631//1631 1605//1605
f 1632//1632 1605//1605 1610//1610
f 1633//1633 1632//1632 1610//1610
f 1633//1633 1610//1610 1615//1615
f 1634//1634 1615//1615 1624//1624
f 1634//1634 1633//1633 1615//1615
f 1635//1635 1634//1634 1624//1624
f 1635//1635 1624//1624 1627//1627
f 1635//1635 1627//1627 1625//1625
f 1636//1636 1635//1635 1625//1625
f 1636//1636 1625//1625 1619//1619
f 1630//1630 1632//1632 1637//1637
f 1630//1630 1631//1631 1632//1632
f 1637//1637 1636//1636 1630//1630
f 1635//1635 1636//1636 1637//1637
f 1635//1635 1633//1633 1634//1634
f 1632//1632 1633//1633 1635//1635
f 1635//1635 1637//1637 1632//1632
f 1606//1606 1611//1611 1638//1638
f 1606//1606 1638//1638 1639//1639
f 1607//1607 1606//1606 1639//1639
f 1607//1607 1639//1639 1640//1640
f 1608//1608 1640//1640 1641//1641
f 1608//1608 1607//1607 1640//1640
f 1612//1612 1641//1641 1642//1642
f 1612//1612 1608//1608 1641//1641
f 1614//1614 1612//1612 1642//1642
f 1614//1614 1642//1642 1643//1643
f 1618//1618 1614//1614 1643//1643
f 1618//1618 1643//1643 1644//1644
f 1621//1621 1618//1618 1644//1644
f 1621//1621 1644//1644 1645//1645
f 1623//1623 1621//1621 1645//1645
f 1623//1623 1645//1645 1646//1646
f 1626//1626 1623//1623 1646//1646
f 1626//1626 1646//1646 1647//1647
f 1629//1629 1626//1626 1647//1647
f 1629//1629 1647//1647 1648//1648
f 1628//1628 1629//1629 1648//1648
f 1628//1628 1648//1648 1649//1649
f 1622//1622 1628//1628 1649//1649
f 1622//1622 1649//1649 1650//1650
f 1620//1620 1622//1622 1650//1650
f 1620//1620 1650//1650 1651//1651
f 1617//1617 1620//1620 1651//1651
f 1613//1613 1617//1617 1651//1651
f 1613//1613 1651//1651 1652//1652
f 1613//1613 1652//1652 1638//1638
f 1611//1611 1613//1613 1638//1638
f 1643//1643 1656//1656 1644//1644
f 1643//1643 1653//1653 1656//1656
f 1642//1642 1653//1653 1643//1643
f 1641//1641 1653//1653 1642//1642
f 1645//1645 1644//1644 1656//1656
f 1645//1645 1656//1656 1657//1657
f 1646//1646 1645//1645 1657//1657
f 1640//1640 1653//1653 1641//1641
f 1647//1647 1646//1646 1657//1657
f 1647//1647 1657//1657 1658//1658
f 1639//1639 1653//1653 1640//1640
f 1658//1658 1648//1648 1647//1647
f 1659//1659 1653//1653 1639//1639
f 1659//1659 1639//1639 1638//1638
f 1654//1654 1659//1659 1638//1638
f 1658//1658 1649//1649 1648//1648
f 1654//1654 1638//1638 1652//1652
f 1655//1655 1649//1649 1658//1658
f 1655//1655 1650//1650 1649//1649
f 1654//1654 1652//1652 1651//1651
f 1654//1654 1650//1650 1655//1655
f 1654//1654 1651//1651 1650//1650
f 1656//1656 1653//1653 1666//1666
f 1665//1665 1654//1654 1655//1655
f 1659//1659 1654//1654 1665//1665
f 1662//1662 1653//1653 1659//1659
f 1666//1666 1653//1653 1662//1662
f 1655//1655 1658//1658 1660//1660
f 1665//1665 1655//1655 1660//1660
f 1659//1659 1665//1665 1661//1661
f 1662//1662 1659//1659 1661//1661
f 1656//1656 1666//1666 1663//1663
f 1656//1656 1663//1663 1664//1664
f 1657//1657 1656//1656 1664//1664
f 1657//1657 1664//1664 1674//1674
f 1658//1658 1657//1657 1674//1674
f 1658//1658 1674//1674 1660//1660
f 1668//1668 1662//1662 1661//1661
f 1669//1669 1678//1678 1661//1661
f 1668//1668 1661//1661 1678//1678
f 1667//1667 1666//1666 1662//1662
f 1667//1667 1662//1662 1668//1668
f 1671//1671 1666//1666 1667//1667
f 1669//1669 1661//1661 1665//1665
f 1663//1663 1666//1666 1671//1671
f 1660//1660 1669//1669 1665//1665
f 1669//1669 1673//1673 1670//1670
f 1673//1673 1669//1669 1660//1660
f 1674//1674 1672//1672 1673//1673
f 1660//1660 1674//1674 1673//1673
f 1674//1674 1664//1664 1672//1672
f 1680//1680 1673//1673 1677//1677
f 1676//1676 1667//1667 1675//1675
f 1676//1676 1671//1671 1667//1667
f 1677//1677 1671//1671 1676//1676
f 1663//1663 1671//1671 1677//1677
f 1677//1677 1672//1672 1664//1664
f 1677//1677 1673//1673 1672//1672
f 1681//1681 1678//1678 1679//1679
f 1677//1677 1679//1679 1680//1680
f 1677//1677 1681//1681 1679//1679
f 1663//1663 1677//1677 1664//1664
f 1676//1676 1675//1675 1681//1681
f 1676//1676 1681//1681 1677//1677
f 1680//1680 1670//1670 1673//1673
f 1680//1680 1679//1679 1670//1670
f 1679//1679 1669//1669 1670//1670
f 1678//1678 1669//1669 1679//1679
f 1681//1681 1668//1668 1678//1678
f 1681//1681 1667//1667 1668//1668
f 1675//1675 1667//1667 1681//1681
f 1684//1684 1682//1682 1685//1685
f 1683//1683 1682//1682 1684//1684
f 1686//1686 1684//1684 1685//1685
f 1688//1688 1682//1682 1683//1683
f 1688//1688 1687//1687 1682//1682
f 1689//1689 1686//1686 1685//1685
f 1689//1689 1685//1685 1690//1690
f 1691//1691 1687//1687 1688//1688
f 1692//1692 1689//1689 1690//1690
f 1695//1695 1687//1687 1691//1691
f 1692//1692 1690//1690 1697//1697
f 1693//1693 1692//1692 1697//1697
f 1694//1694 1687//1687 1695//1695
f 1696//1696 1694//1694 1695//1695
f 1699//1699 1694//1694 1696//1696
f 1697//1697 1700//1700 1693//1693
f 1699//1699 1696//1696 1698//1698
f 1701//1701 1700//1700 1697//1697
f 1702//1702 1699//1699 1698//1698
f 1701//1701 1704//1704 1700//1700
f 1702//1702 1698//1698 1703//1703
f 1706//1706 1704//1704 1701//1701
f 1702//1702 1703//1703 1705//1705
f 1706//1706 1705//1705 1704//1704
f 1706//1706 1702//1702 1705//1705
f 1707//1707 1701//1701 1697//1697
f 1707//1707 1712//1712 1701//1701
f 1707//1707 1697//1697 1690//1690
f 1708//1708 1690//1690 1685//1685
f 1708//1708 1707//1707 1690//1690
f 1709//1709 1685//1685 1682//1682
f 1709//1709 1708//1708 1685//1685
f 1709//1709 1682//1682 1687//1687
f 1710//1710 1709//1709 1687//1687
f 1710//1710 1687//1687 1694//1694
f 1711//1711 1694//1694 1699//1699
f 1711//1711 1710//1710 1694//1694
f 1715//1715 1711//1711 1699//1699
f 1715//1715 1699//1699 1702//1702
f 1715//1715 1702//1702 1706//1706
f 1712//1712 1715//1715 1706//1706
f 1712//1712 1706//1706 1701//1701
f 1713//1713 1708//1708 1709//1709
f 1713//1713 1707//1707 1708//1708
f 1714//1714 1707//1707 1713//1713
f 1714//1714 1712//1712 1707//1707
f 1714//1714 1715//1715 1712//1712
f 1714//1714 1711//1711 1715//1715
f 1713//1713 1711//1711 1714//1714
f 1713//1713 1710//1710 1711//1711
f 1713//1713 1709//1709 1710//1710
f 1686//1686 1689//1689 1716//1716
f 1686//1686 1716//1716 1717//1717
f 1684//1684 1686//1686 1717//1717
f 1684//1684 1717//1717 1718//1718
f 1683//1683 1684//1684 1718//1718
f 1688//1688 1718//1718 1719//1719
f 1688//1688 1683//1683 1718//1718
f 1691//1691 1719//1719 1720//1720
f 1691//1691 1688//1688 1719//1719
f 1695//1695 1691//1691 1720//1720
f 1695//1695 1720//1720 1721//1721
f 1696//1696 1695//1695 1721//1721
f 1696//1696 1721//1721 1722//1722
f 1698//1698 1696//1696 1722//1722
f 1698//1698 1722//1722 1723//1723
f 1703//1703 1698//1698 1723//1723
f 1703//1703 1723//1723 1724//1724
f 1705//1705 1703//1703 1724//1724
f 1705//1705 1724//1724 1725//1725
f 1704//1704 1705//1705 1725//1725
f 1700//1700 1725//1725 1726//1726
f 1700//1700 1704//1704 1725//1725
f 1693//1693 1726//1726 1727//1727
f 1693//1693 1700//1700 1726//1726
f 1692//1692 1693//1693 1727//1727
f 1692//1692 1727//1727 1728//1728
f 1689//1689 1692//1692 1728//1728
f 1689//1689 1728//1728 1716//1716
f 1722//1722 1721//1721 1731//1731
f 1720//1720 1731//1731 1721//1721
f 1723//1723 1722//1722 1731//1731
f 1723//1723 1731//1731 1729//1729
f 1720//1720 1735//1735 1731//1731
f 1719//1719 1735//1735 1720//1720
f 1718//1718 1735//1735 1719//1719
f 1724//1724 1723//1723 1729//1729
f 1724//1724 1729//1729 1732//1732
f 1717//1717 1735//1735 1718//1718
f 1732//1732 1725//1725 1724//1724
f 1734//1734 1735//1735 1717//1717
f 1733//1733 1725//1725 1732//1732
f 1734//1734 1717//1717 1716//1716
f 1730//1730 1734//1734 1716//1716
f 1730//1730 1716//1716 1728//1728
f 1733//1733 1726//1726 1725//1725
f 1733//1733 1727//1727 1726//1726
f 1730//1730 1728//1728 1727//1727
f 1730//1730 1727//1727 1733//1733
f 1742//1742 1731//1731 1735//1735
f 1733//1733 1745//1745 1737//1737
f 1730//1730 1733//1733 1737//1737
f 1730//1730 1737//1737 1749//1749
f 1734//1734 1730//1730 1749//1749
f 1734//1734 1749//1749 1738//1738
f 1734//1734 1738//1738 1736//1736
f 1735//1735 1734//1734 1736//1736
f 1735//1735 1736//1736 1746//1746
f 1735//1735 1746//1746 1742//1742
f 1731//1731 1742//1742 1748//1748
f 1729//1729 1731//1731 1748//1748
f 1729//1729 1748//1748 1744//1744
f 1732//1732 1729//1729 1744//1744
f 1733//1733 1732//1732 1744//1744
f 1733//1733 1744//1744 1745//1745
f 1739//1739 1746//1746 1736//1736
f 1739//1739 1736//1736 1738//1738
f 1740//1740 1742//1742 1746//1746
f 1737//1737 1741//1741 1749//1749
f 1742//1742 1740//1740 1748//1748
f 1744//1744 1743//1743 1745//1745
f 1741//1741 1737//1737 1745//1745
f 1743//1743 1744//1744 1748//1748
f 1750//1750 1745//1745 1743//1743
f 1747//1747 1740//1740 1746//1746
f 1747//1747 1748//1748 1740//1740
f 1750//1750 1743//1743 1748//1748
f 1750//1750 1738//1738 1749//1749
f 1747//1747 1738//1738 1750//1750
f 1748//1748 1747//1747 1750//1750
f 1750//1750 1741//1741 1745//1745
f 1750//1750 1749//1749 1741//1741
f 1738//1738 1747//1747 1739//1739
f 1746//1746 1739//1739 1747//1747
f 1753//1753 1751//1751 1752//1752
f 1756//1756 1752//1752 1751//1751
f 1753//1753 1754//1754 1751//1751
f 1756//1756 1751//1751 1757//1757
f 1755//1755 1754//1754 1753//1753
f 1758//1758 1757//1757 1759//1759
f 1758//1758 1756//1756 1757//1757
f 1755//1755 1760//1760 1754//1754
f 1762//1762 1758//1758 1759//1759
f 1761//1761 1760//1760 1755//1755
f 1765//1765 1762//1762 1759//1759
f 1763//1763 1762//1762 1765//1765
f 1760//1760 1761//1761 1764//1764
f 1768//1768 1760//1760 1764//1764
f 1768//1768 1764//1764 1767//1767
f 1766//1766 1763//1763 1765//1765
f 1766//1766 1769//1769 1763//1763
f 1771//1771 1767//1767 1772//1772
f 1771//1771 1768//1768 1767//1767
f 1766//1766 1770//1770 1769//1769
f 1771//1771 1772//1772 1773//1773
f 1771//1771 1770//1770 1766//1766
f 1771//1771 1773//1773 1770//1770
f 1774//1774 1779//1779 1766//1766
f 1774//1774 1766//1766 1765//1765
f 1775//1775 1765//1765 1759//1759
f 1775//1775 1774//1774 1765//1765
f 1780//1780 1775//1775 1759//1759
f 1780//1780 1759//1759 1757//1757
f 1780//1780 1757//1757 1751//1751
f 1776//1776 1780//1780 1751//1751
f 1776//1776 1751//1751 1754//1754
f 1776//1776 1754//1754 1760//1760
f 1777//1777 1776//1776 1760//1760
f 1778//1778 1777//1777 1760//1760
f 1778//1778 1760//1760 1768//1768
f 1778//1778 1768//1768 1771//1771
f 1779//1779 1778//1778 1771//1771
f 1779//1779 1771//1771 1766//1766
f 1781//1781 1775//1775 1780//1780
f 1781//1781 1774//1774 1775//1775
f 1781//1781 1779//1779 1774//1774
f 1781//1781 1778//1778 1779//1779
f 1782//1782 1778//1778 1781//1781
f 1782//1782 1777//1777 1778//1778
f 1782//1782 1776//1776 1777//1777
f 1776//1776 1782//1782 1780//1780
f 1782//1782 1781//1781 1780//1780
f 1756//1756 1783//1783 1784//1784
f 1752//1752 1756//1756 1784//1784
f 1752//1752 1784//1784 1785//1785
f 1753//1753 1752//1752 1785//1785
f 1753//1753 1785//1785 1786//1786
f 1755//1755 1753//1753 1786//1786
f 1755//1755 1786//1786 1787//1787
f 1761//1761 1755//1755 1787//1787
f 1761//1761 1787//1787 1788//1788
f 1764//1764 1761//1761 1788//1788
f 1764//1764 1788//1788 1789//1789
f 1767//1767 1789//1789 1790//1790
f 1767//1767 1764//1764 1789//1789
f 1772//1772 1767//1767 1790//1790
f 1772//1772 1790//1790 1791//1791
f 1773//1773 1791//1791 1792//1792
f 1773//1773 1772//1772 1791//1791
f 1770//1770 1792//1792 1793//1793
f 1770//1770 1773//1773 1792//1792
f 1769//1769 1793//1793 1794//1794
f 1769//1769 1770//1770 1793//1793
f 1769//1769 1794//1794 1795//1795
f 1763//1763 1769//1769 1795//1795
f 1763//1763 1795//1795 1796//1796
f 1762//1762 1763//1763 1796//1796
f 1762//1762 1796//1796 1797//1797
f 1758//1758 1762//1762 1797//1797
f 1758//1758 1797//1797 1783//1783
f 1756//1756 1758//1758 1783//1783
f 1788//1788 1787//1787 1800//1800
f 1787//1787 1806//1806 1800//1800
f 1789//1789 1788//1788 1800//1800
f 1786//1786 1806//1806 1787//1787
f 1789//1789 1800//1800 1801//1801
f 1790//1790 1789//1789 1801//1801
f 1791//1791 1790//1790 1801//1801
f 1785//1785 1806//1806 1786//1786
f 1791//1791 1801//1801 1802//1802
f 1792//1792 1791//1791 1802//1802
f 1784//1784 1806//1806 1785//1785
f 1802//1802 1793//1793 1792//1792
f 1804//1804 1806//1806 1784//1784
f 1804//1804 1784//1784 1783//1783
f 1802//1802 1794//1794 1793//1793
f 1803//1803 1794//1794 1802//1802
f 1803//1803 1795//1795 1794//1794
f 1804//1804 1783//1783 1797//1797
f 1798//1798 1804//1804 1797//1797
f 1798//1798 1797//1797 1796//1796
f 1798//1798 1795//1795 1803//1803
f 1798//1798 1796//1796 1795//1795
f 1799//1799 1800//1800 1806//1806
f 1804//1804 1805//1805 1806//1806
f 1798//1798 1803//1803 1812//1812
f 1798//1798 1812//1812 1813//1813
f 1804//1804 1798//1798 1813//1813
f 1804//1804 1813//1813 1814//1814
f 1805//1805 1804//1804 1814//1814
f 1806//1806 1805//1805 1807//1807
f 1799//1799 1806//1806 1807//1807
f 1799//1799 1807//1807 1820//1820
f 1800//1800 1799//1799 1820//1820
f 1800//1800 1820//1820 1810//1810
f 1801//1801 1800//1800 1810//1810
f 1801//1801 1810//1810 1808//1808
f 1802//1802 1801//1801 1808//1808
f 1802//1802 1808//1808 1809//1809
f 1803//1803 1802//1802 1809//1809
f 1803//1803 1809//1809 1812//1812
f 1808//1808 1810//1810 1826//1826
f 1809//1809 1808//1808 1811//1811
f 1812//1812 1809//1809 1811//1811
f 1824//1824 1807//1807 1805//1805
f 1815//1815 1805//1805 1814//1814
f 1807//1807 1824//1824 1816//1816
f 1816//1816 1820//1820 1807//1807
f 1815//1815 1824//1824 1805//1805
f 1813//1813 1817//1817 1814//1814
f 1820//1820 1816//1816 1819//1819
f 1813//1813 1818//1818 1817//1817
f 1820//1820 1819//1819 1810//1810
f 1812//1812 1818//1818 1813//1813
f 1818//1818 1812//1812 1811//1811
f 1811//1811 1826//1826 1821//1821
f 1808//1808 1826//1826 1811//1811
f 1822//1822 1811//1811 1821//1821
f 1822//1822 1821//1821 1827//1827
f 1823//1823 1811//1811 1822//1822
f 1823//1823 1818//1818 1811//1811
f 1825//1825 1816//1816 1824//1824
f 1825//1825 1819//1819 1816//1816
f 1825//1825 1827//1827 1819//1819
f 1827//1827 1810//1810 1819//1819
f 1827//1827 1821//1821 1826//1826
f 1828//1828 1823//1823 1822//1822
f 1827//1827 1828//1828 1822//1822
f 1829//1829 1814//1814 1828//1828
f 1827//1827 1829//1829 1828//1828
f 1825//1825 1829//1829 1827//1827
f 1810//1810 1827//1827 1826//1826
f 1825//1825 1824//1824 1829//1829
f 1828//1828 1817//1817 1818//1818
f 1828//1828 1818//1818 1823//1823
f 1828//1828 1814//1814 1817//1817
f 1814//1814 1829//1829 1815//1815
f 1829//1829 1824//1824 1815//1815
f 1832//1832 1831//1831 1830//1830
f 1832//1832 1830//1830 1835//1835
f 1834//1834 1830//1830 1831//1831
f 1833//1833 1832//1832 1835//1835
f 1834//1834 1836//1836 1830//1830
f 1838//1838 1833//1833 1835//1835
f 1837//1837 1836//1836 1834//1834
f 1838//1838 1835//1835 1841//1841
f 1842//1842 1838//1838 1841//1841
f 1837//1837 1840//1840 1836//1836
f 1839//1839 1840//1840 1837//1837
f 1846//1846 1842//1842 1841//1841
f 1844//1844 1842//1842 1846//1846
f 1845//1845 1840//1840 1839//1839
f 1845//1845 1839//1839 1843//1843
f 1846//1846 1849//1849 1844//1844
f 1845//1845 1843//1843 1850//1850
f 1847//1847 1845//1845 1850//1850
f 1848//1848 1849//1849 1846//1846
f 1848//1848 1852//1852 1849//1849
f 1853//1853 1852//1852 1848//1848
f 1847//1847 1850//1850 1851//1851
f 1853//1853 1847//1847 1851//1851
f 1853//1853 1851//1851 1852//1852
f 1854//1854 1860//1860 1846//1846
f 1854//1854 1846//1846 1841//1841
f 1854//1854 1841//1841 1835//1835
f 1855//1855 1854//1854 1835//1835
f 1855//1855 1835//1835 1830//1830
f 1856//1856 1855//1855 1830//1830
f 1856//1856 1830//1830 1836//1836
f 1857//1857 1856//1856 1836//1836
f 1857//1857 1836//1836 1840//1840
f 1857//1857 1840//1840 1845//1845
f 1858//1858 1857//1857 1845//1845
f 1858//1858 1845//1845 1847//1847
f 1858//1858 1847//1847 1853//1853
f 1859//1859 1858//1858 1853//1853
f 1859//1859 1853//1853 1848//1848
f 1860//1860 1859//1859 1848//1848
f 1860//1860 1848//1848 1846//1846
f 1861//1861 1854//1854 1855//1855
f 1861//1861 1860//1860 1854//1854
f 1861//1861 1859//1859 1860//1860
f 1861//1861 1858//1858 1859//1859
f 1862//1862 1858//1858 1861//1861
f 1862//1862 1857//1857 1858//1858
f 1862//1862 1856//1856 1857//1857
f 1856//1856 1862//1862 1855//1855
f 1862//1862 1861//1861 1855//1855
f 1832//1832 1863//1863 1864//1864
f 1832//1832 1833//1833 1863//1863
f 1831//1831 1832//1832 1864//1864
f 1831//1831 1864//1864 1865//1865
f 1831//1831 1865//1865 1866//1866
f 1834//1834 1831//1831 1866//1866
f 1834//1834 1866//1866 1867//1867
f 1837//1837 1834//1834 1867//1867
f 1837//1837 1867//1867 1868//1868
f 1839//1839 1837//1837 1868//1868
f 1839//1839 1868//1868 1869//1869
f 1843//1843 1839//1839 1869//1869
f 1843//1843 1869//1869 1870//1870
f 1850//1850 1843//1843 1870//1870
f 1850//1850 1870//1870 1871//1871
f 1851//1851 1850//1850 1871//1871
f 1851//1851 1871//1871 1872//1872
f 1852//1852 1851//1851 1872//1872
f 1852//1852 1872//1872 1873//1873
f 1849//1849 1852//1852 1873//1873
f 1849//1849 1873//1873 1874//1874
f 1844//1844 1849//1849 1874//1874
f 1844//1844 1874//1874 1875//1875
f 1842//1842 1875//1875 1876//1876
f 1842//1842 1844//1844 1875//1875
f 1838//1838 1842//1842 1876//1876
f 1838//1838 1876//1876 1877//1877
f 1838//1838 1877//1877 1863//1863
f 1833//1833 1838//1838 1863//1863
f 1869//1869 1868//1868 1880//1880
f 1868//1868 1878//1878 1880//1880
f 1867//1867 1878//1878 1868//1868
f 1870//1870 1869//1869 1880//1880
f 1866//1866 1878//1878 1867//1867
f 1871//1871 1870//1870 1880//1880
f 1871//1871 1880//1880 1881//1881
f 1865//1865 1878//1878 1866//1866
f 1872//1872 1871//1871 1881//1881
f 1865//1865 1884//1884 1878//1878
f 1884//1884 1865//1865 1864//1864
f 1881//1881 1873//1873 1872//1872
f 1884//1884 1864//1864 1863//1863
f 1882//1882 1873//1873 1881//1881
f 1882//1882 1874//1874 1873//1873
f 1884//1884 1863//1863 1877//1877
f 1883//1883 1875//1875 1874//1874
f 1883//1883 1874//1874 1882//1882
f 1883//1883 1884//1884 1877//1877
f 1883//1883 1877//1877 1876//1876
f 1883//1883 1876//1876 1875//1875
f 1879//1879 1880//1880 1878//1878
f 1880//1880 1888//1888 1881//1881
f 1878//1878 1884//1884 1891//1891
f 1882//1882 1890//1890 1885//1885
f 1883//1883 1882//1882 1885//1885
f 1883//1883 1885//1885 1892//1892
f 1884//1884 1883//1883 1892//1892
f 1884//1884 1892//1892 1891//1891
f 1878//1878 1891//1891 1886//1886
f 1879//1879 1878//1878 1886//1886
f 1879//1879 1886//1886 1887//1887
f 1880//1880 1879//1879 1887//1887
f 1888//1888 1880//1880 1887//1887
f 1881//1881 1888//1888 1889//1889
f 1882//1882 1881//1881 1889//1889
f 1882//1882 1889//1889 1890//1890
f 1894//1894 1886//1886 1891//1891
f 1892//1892 1894//1894 1891//1891
f 1893//1893 1894//1894 1892//1892
f 1887//1887 1886//1886 1894//1894
f 1887//1887 1894//1894 1896//1896
f 1895//1895 1892//1892 1885//1885
f 1888//1888 1887//1887 1896//1896
f 1885//1885 1897//1897 1895//1895
f 1890//1890 1897//1897 1885//1885
f 1890//1890 1889//1889 1898//1898
f 1889//1889 1888//1888 1898//1898
f 1897//1897 1890//1890 1898//1898
f 1899//1899 1896//1896 1894//1894
f 1900//1900 1896//1896 1899//1899
f 1900//1900 1888//1888 1896//1896
f 1901//1901 1897//1897 1898//1898
f 1888//1888 1901//1901 1898//1898
f 1900//1900 1902//1902 1901//1901
f 1888//1888 1900//1900 1901//1901
f 1901//1901 1895//1895 1897//1897
f 1902//1902 1892//1892 1895//1895
f 1901//1901 1902//1902 1895//1895
f 1902//1902 1893//1893 1892//1892
f 1902//1902 1900//1900 1893//1893
f 1900//1900 1894//1894 1893//1893
f 1899//1899 1894//1894 1900//1900
f 2405//2405 2517//2517 1903//1903
f 1935//1935 1951//1951 1927//1927
f 1930//1930 1938//1938 1928//1928
f 1934//1934 1938//1938 1930//1930
f 1937//1937 1932//1932 1933//1933
f 1937//1937 1953//1953 1932//1932
f 1951//1951 1935//1935 1949//1949
f 1931//1931 1929//1929 1939//1939
f 1958//1958 1953//1953 1937//1937
f 1942//1942 1931//1931 1939//1939
f 1947//1947 1944//1944 1940//1940
f 1948//1948 1941//1941 1936//1936
f 1948//1948 1936//1936 1943//1943
f 1947//1947 1961//1961 1944//1944
f 1950//1950 1949//1949 1938//1938
f 1950//1950 1951//1951 1949//1949
f 1950//1950 1938//1938 1934//1934
f 1957//1957 1939//1939 1951//1951
f 1957//1957 1951//1951 1950//1950
f 1972//1972 1945//1945 1946//1946
f 1950//1950 1934//1934 1953//1953
f 1957//1957 1942//1942 1939//1939
f 1954//1954 1952//1952 1959//1959
f 1955//1955 1950//1950 1953//1953
f 1957//1957 1943//1943 1942//1942
f 1971//1971 1954//1954 1959//1959
f 1955//1955 1953//1953 1958//1958
f 1957//1957 1948//1948 1943//1943
f 1955//1955 1958//1958 1961//1961
f 1965//1965 1948//1948 1957//1957
f 1965//1965 1962//1962 1948//1948
f 1972//1972 1967//1967 1945//1945
f 1960//1960 1956//1956 1970//1970
f 1955//1955 1961//1961 1947//1947
f 1963//1963 1960//1960 1970//1970
f 1965//1965 1971//1971 1959//1959
f 1965//1965 1959//1959 1962//1962
f 1966//1966 1955//1955 1947//1947
f 1966//1966 1947//1947 1967//1967
f 1977//1977 1971//1971 1965//1965
f 1966//1966 1967//1967 1972//1972
f 1964//1964 1975//1975 1968//1968
f 1977//1977 1970//1970 1971//1971
f 1973//1973 1975//1975 1964//1964
f 1966//1966 1972//1972 1975//1975
f 1981//1981 1974//1974 1969//1969
f 1977//1977 1963//1963 1970//1970
f 1966//1966 1975//1975 1973//1973
f 1981//1981 1969//1969 1978//1978
f 1980//1980 1966//1966 1973//1973
f 1979//1979 1982//1982 1976//1976
f 1977//1977 1978//1978 1963//1963
f 1977//1977 1981//1981 1978//1978
f 1980//1980 1973//1973 1982//1982
f 1985//1985 1982//1982 1979//1979
f 1980//1980 1982//1982 1985//1985
f 1983//1983 1984//1984 1986//1986
f 1990//1990 1981//1981 1977//1977
f 1990//1990 1986//1986 1981//1981
f 1993//1993 1983//1983 1986//1986
f 1987//1987 1980//1980 1985//1985
f 1987//1987 1985//1985 1992//1992
f 1990//1990 1993//1993 1986//1986
f 1991//1991 1992//1992 1988//1988
f 1987//1987 1992//1992 1991//1991
f 1990//1990 1996//1996 1993//1993
f 1995//1995 1989//1989 1996//1996
f 1998//1998 1996//1996 1990//1990
f 1987//1987 1991//1991 2000//2000
f 1999//1999 1995//1995 1996//1996
f 1999//1999 1996//1996 1998//1998
f 1997//1997 2000//2000 1994//1994
f 2001//2001 2000//2000 1997//1997
f 2001//2001 1987//1987 2000//2000
f 2009//2009 1987//1987 2001//2001
f 1998//1998 2006//2006 1999//1999
f 2003//2003 1987//1987 2009//2009
f 2008//2008 2002//2002 2006//2006
f 2008//2008 2004//2004 2002//2002
f 2008//2008 2006//2006 1998//1998
f 2007//2007 2009//2009 2005//2005
f 2023//2023 2008//2008 1998//1998
f 2023//2023 2012//2012 2008//2008
f 2010//2010 2009//2009 2007//2007
f 2010//2010 2003//2003 2009//2009
f 2017//2017 2003//2003 2010//2010
f 2013//2013 2011//2011 2012//2012
f 2014//2014 2013//2013 2012//2012
f 2029//2029 2003//2003 2017//2017
f 2014//2014 2012//2012 2023//2023
f 2018//2018 2017//2017 2015//2015
f 2018//2018 2015//2015 2016//2016
f 2018//2018 2029//2029 2017//2017
f 2023//2023 2022//2022 2014//2014
f 2019//2019 2029//2029 2018//2018
f 2024//2024 2021//2021 2020//2020
f 2024//2024 2020//2020 2022//2022
f 2024//2024 2022//2022 2023//2023
f 2032//2032 2024//2024 2023//2023
f 2026//2026 2032//2032 2023//2023
f 2028//2028 2027//2027 2025//2025
f 2028//2028 2019//2019 2027//2027
f 2028//2028 2029//2029 2019//2019
f 2036//2036 2029//2029 2028//2028
f 2036//2036 2030//2030 2029//2029
f 2034//2034 2033//2033 2032//2032
f 2031//2031 2033//2033 2034//2034
f 2034//2034 2032//2032 2026//2026
f 2040//2040 2034//2034 2026//2026
f 2041//2041 2040//2040 2026//2026
f 2035//2035 2030//2030 2036//2036
f 2037//2037 2035//2035 2036//2036
f 2037//2037 2036//2036 2038//2038
f 2048//2048 2030//2030 2035//2035
f 2048//2048 2047//2047 2030//2030
f 2043//2043 2040//2040 2041//2041
f 2043//2043 2039//2039 2040//2040
f 2042//2042 2039//2039 2043//2043
f 2044//2044 2043//2043 2041//2041
f 2044//2044 2041//2041 2045//2045
f 2046//2046 2047//2047 2048//2048
f 2046//2046 2048//2048 2049//2049
f 2051//2051 2047//2047 2046//2046
f 2046//2046 2049//2049 2050//2050
f 2051//2051 2056//2056 2047//2047
f 2052//2052 2044//2044 2045//2045
f 2054//2054 2044//2044 2052//2052
f 2054//2054 2053//2053 2044//2044
f 2064//2064 2052//2052 2045//2045
f 2055//2055 2056//2056 2051//2051
f 2055//2055 2051//2051 2059//2059
f 2057//2057 2056//2056 2055//2055
f 2060//2060 2055//2055 2059//2059
f 2057//2057 2058//2058 2056//2056
f 2061//2061 2064//2064 2045//2045
f 2066//2066 2061//2061 2045//2045
f 2066//2066 2045//2045 2062//2062
f 2063//2063 2064//2064 2061//2061
f 2063//2063 2065//2065 2064//2064
f 2067//2067 2065//2065 2063//2063
f 2069//2069 2058//2058 2057//2057
f 2074//2074 2058//2058 2069//2069
f 2074//2074 2076//2076 2058//2058
f 2069//2069 2057//2057 2068//2068
f 2070//2070 2069//2069 2068//2068
f 2071//2071 2066//2066 2062//2062
f 2079//2079 2062//2062 2078//2078
f 2079//2079 2071//2071 2062//2062
f 2071//2071 2073//2073 2066//2066
f 2072//2072 2073//2073 2071//2071
f 2075//2075 2076//2076 2074//2074
f 2075//2075 2074//2074 2080//2080
f 2085//2085 2076//2076 2075//2075
f 2081//2081 2075//2075 2080//2080
f 2077//2077 2079//2079 2078//2078
f 2086//2086 2077//2077 2078//2078
f 2086//2086 2078//2078 2091//2091
f 2077//2077 2087//2087 2079//2079
f 2084//2084 2076//2076 2085//2085
f 2083//2083 2076//2076 2084//2084
f 2083//2083 2088//2088 2076//2076
f 2082//2082 2087//2087 2077//2077
f 2098//2098 2086//2086 2091//2091
f 2099//2099 2098//2098 2091//2091
f 2098//2098 2102//2102 2086//2086
f 2100//2100 2088//2088 2090//2090
f 2090//2090 2088//2088 2083//2083
f 2095//2095 2085//2085 2089//2089
f 2095//2095 2084//2084 2085//2085
f 2090//2090 2083//2083 2101//2101
f 2092//2092 2091//2091 2093//2093
f 2096//2096 2092//2092 2093//2093
f 2092//2092 2099//2099 2091//2091
f 2094//2094 2093//2093 2088//2088
f 2094//2094 2088//2088 2100//2100
f 2097//2097 2093//2093 2094//2094
f 2097//2097 2096//2096 2093//2093
f 2104//2104 2090//2090 2101//2101
f 2106//2106 2099//2099 2092//2092
f 2106//2106 2105//2105 2099//2099
f 2103//2103 2102//2102 2098//2098
f 2107//2107 2094//2094 2100//2100
f 2110//2110 2096//2096 2097//2097
f 2107//2107 2100//2100 2108//2108
f 2109//2109 2096//2096 2110//2110
f 2111//2111 1942//1942 1943//1943
f 2117//2117 2290//2290 2291//2291
f 2147//2147 2121//2121 2112//2112
f 2142//2142 2113//2113 2114//2114
f 2133//2133 2142//2142 2114//2114
f 2115//2115 2136//2136 2120//2120
f 2127//2127 2118//2118 2116//2116
f 2181//2181 2143//2143 2122//2122
f 2147//2147 2125//2125 2121//2121
f 2126//2126 2117//2117 2291//2291
f 2127//2127 2116//2116 2146//2146
f 2134//2134 2124//2124 2286//2286
f 2128//2128 2126//2126 2291//2291
f 2138//2138 2292//2292 2117//2117
f 2138//2138 2135//2135 2292//2292
f 2139//2139 2123//2123 2129//2129
f 2134//2134 2132//2132 2124//2124
f 2139//2139 2129//2129 2137//2137
f 2144//2144 2136//2136 2115//2115
f 2140//2140 2128//2128 2291//2291
f 2141//2141 2128//2128 2140//2140
f 2148//2148 2127//2127 2146//2146
f 2142//2142 2133//2133 2125//2125
f 2145//2145 2111//2111 2119//2119
f 2144//2144 2147//2147 2136//2136
f 2149//2149 2111//2111 2145//2145
f 2152//2152 2143//2143 2181//2181
f 2181//2181 2148//2148 2146//2146
f 2150//2150 2157//2157 2151//2151
f 2156//2156 2157//2157 2150//2150
f 2161//2161 2153//2153 2158//2158
f 2161//2161 2158//2158 2160//2160
f 2163//2163 2164//2164 2155//2155
f 2163//2163 2155//2155 2154//2154
f 2162//2162 2159//2159 2169//2169
f 2166//2166 2162//2162 2169//2169
f 2170//2170 2168//2168 2165//2165
f 2170//2170 2190//2190 2168//2168
f 2171//2171 2167//2167 2172//2172
f 2197//2197 2171//2171 2172//2172
f 2197//2197 2172//2172 2166//2166
f 2174//2174 2176//2176 2173//2173
f 2177//2177 2176//2176 2174//2174
f 2177//2177 2170//2170 2176//2176
f 2178//2178 2175//2175 2179//2179
f 2180//2180 2125//2125 2147//2147
f 2184//2184 2125//2125 2180//2180
f 2184//2184 2142//2142 2125//2125
f 2195//2195 2178//2178 2179//2179
f 2184//2184 2146//2146 2142//2142
f 2180//2180 2147//2147 2144//2144
f 2180//2180 2144//2144 2111//2111
f 2184//2184 2181//2181 2146//2146
f 2182//2182 2180//2180 2111//2111
f 2182//2182 2111//2111 2149//2149
f 2184//2184 2152//2152 2181//2181
f 2182//2182 2149//2149 2157//2157
f 2182//2182 2157//2157 2156//2156
f 2184//2184 2160//2160 2152//2152
f 2182//2182 2156//2156 2164//2164
f 2186//2186 2200//2200 2183//2183
f 2184//2184 2161//2161 2160//2160
f 2187//2187 2200//2200 2186//2186
f 2188//2188 2182//2182 2164//2164
f 2189//2189 2161//2161 2184//2184
f 2189//2189 2169//2169 2161//2161
f 2188//2188 2163//2163 2190//2190
f 2188//2188 2164//2164 2163//2163
f 2189//2189 2166//2166 2169//2169
f 2193//2193 2191//2191 2185//2185
f 2192//2192 2188//2188 2190//2190
f 2193//2193 2185//2185 2195//2195
f 2192//2192 2190//2190 2170//2170
f 2205//2205 2166//2166 2189//2189
f 2205//2205 2197//2197 2166//2166
f 2205//2205 2179//2179 2197//2197
f 2192//2192 2170//2170 2177//2177
f 2196//2196 2201//2201 2194//2194
f 2198//2198 2201//2201 2196//2196
f 2205//2205 2195//2195 2179//2179
f 2203//2203 2177//2177 2200//2200
f 2203//2203 2192//2192 2177//2177
f 2203//2203 2200//2200 2187//2187
f 2203//2203 2187//2187 2201//2201
f 2205//2205 2193//2193 2195//2195
f 2204//2204 2202//2202 2199//2199
f 2204//2204 2199//2199 2206//2206
f 2205//2205 2206//2206 2193//2193
f 2207//2207 2204//2204 2206//2206
f 2213//2213 2206//2206 2205//2205
f 2223//2223 2198//2198 2212//2212
f 2223//2223 2203//2203 2201//2201
f 2223//2223 2201//2201 2198//2198
f 2213//2213 2207//2207 2206//2206
f 2210//2210 2212//2212 2209//2209
f 2210//2210 2209//2209 2208//2208
f 2213//2213 2216//2216 2207//2207
f 2210//2210 2223//2223 2212//2212
f 2215//2215 2214//2214 2211//2211
f 2215//2215 2211//2211 2216//2216
f 2217//2217 2215//2215 2216//2216
f 2217//2217 2216//2216 2213//2213
f 2227//2227 2217//2217 2213//2213
f 2227//2227 2213//2213 2218//2218
f 2222//2222 2219//2219 2220//2220
f 2222//2222 2221//2221 2219//2219
f 2222//2222 2210//2210 2221//2221
f 2222//2222 2223//2223 2210//2210
f 2231//2231 2223//2223 2222//2222
f 2226//2226 2224//2224 2225//2225
f 2226//2226 2225//2225 2227//2227
f 2235//2235 2226//2226 2227//2227
f 2235//2235 2227//2227 2218//2218
f 2230//2230 2229//2229 2228//2228
f 2230//2230 2231//2231 2229//2229
f 2230//2230 2240//2240 2223//2223
f 2230//2230 2223//2223 2231//2231
f 2233//2233 2235//2235 2234//2234
f 2233//2233 2232//2232 2235//2235
f 2234//2234 2235//2235 2218//2218
f 2234//2234 2218//2218 2236//2236
f 2246//2246 2234//2234 2236//2236
f 2239//2239 2230//2230 2238//2238
f 2243//2243 2230//2230 2239//2239
f 2243//2243 2240//2240 2230//2230
f 2243//2243 2241//2241 2240//2240
f 2239//2239 2237//2237 2242//2242
f 2239//2239 2238//2238 2237//2237
f 2245//2245 2246//2246 2236//2236
f 2252//2252 2245//2245 2236//2236
f 2245//2245 2244//2244 2246//2246
f 2252//2252 2236//2236 2271//2271
f 2245//2245 2247//2247 2244//2244
f 2249//2249 2243//2243 2248//2248
f 2249//2249 2248//2248 2250//2250
f 2249//2249 2241//2241 2243//2243
f 2251//2251 2249//2249 2250//2250
f 2260//2260 2241//2241 2249//2249
f 2253//2253 2252//2252 2271//2271
f 2264//2264 2253//2253 2271//2271
f 2253//2253 2254//2254 2252//2252
f 2255//2255 2254//2254 2253//2253
f 2258//2258 2260//2260 2256//2256
f 2258//2258 2241//2241 2260//2260
f 2258//2258 2257//2257 2241//2241
f 2259//2259 2256//2256 2260//2260
f 2259//2259 2260//2260 2261//2261
f 2262//2262 2259//2259 2261//2261
f 2263//2263 2264//2264 2271//2271
f 2266//2266 2264//2264 2263//2263
f 2270//2270 2263//2263 2271//2271
f 2266//2266 2265//2265 2264//2264
f 2266//2266 2267//2267 2265//2265
f 2268//2268 2257//2257 2258//2258
f 2268//2268 2275//2275 2257//2257
f 2268//2268 2258//2258 2269//2269
f 2273//2273 2268//2268 2269//2269
f 2272//2272 2270//2270 2271//2271
f 2280//2280 2272//2272 2271//2271
f 2272//2272 2276//2276 2270//2270
f 2277//2277 2276//2276 2272//2272
f 2281//2281 2268//2268 2274//2274
f 2282//2282 2268//2268 2281//2281
f 2282//2282 2275//2275 2268//2268
f 2281//2281 2274//2274 2278//2278
f 2279//2279 2280//2280 2271//2271
f 2279//2279 2271//2271 2285//2285
f 2124//2124 2279//2279 2285//2285
f 2283//2283 2275//2275 2282//2282
f 2283//2283 2290//2290 2275//2275
f 2283//2283 2282//2282 2131//2131
f 2130//2130 2283//2283 2131//2131
f 2288//2288 2280//2280 2279//2279
f 2287//2287 2278//2278 2284//2284
f 2287//2287 2281//2281 2278//2278
f 2286//2286 2124//2124 2285//2285
f 2292//2292 2286//2286 2285//2285
f 2292//2292 2285//2285 2290//2290
f 2288//2288 2289//2289 2280//2280
f 2123//2123 2290//2290 2283//2283
f 2123//2123 2283//2283 2129//2129
f 2291//2291 2290//2290 2123//2123
f 2117//2117 2292//2292 2290//2290
f 2149//2149 1948//1948 1962//1962
f 2149//2149 1941//1941 1948//1948
f 2149//2149 2145//2145 1941//1941
f 2145//2145 2119//2119 1936//1936
f 2145//2145 1936//1936 1941//1941
f 2111//2111 1943//1943 1936//1936
f 2119//2119 2111//2111 1936//1936
f 2157//2157 1962//1962 1959//1959
f 2149//2149 1962//1962 2157//2157
f 2157//2157 1959//1959 1952//1952
f 2151//2151 2157//2157 1952//1952
f 2150//2150 2151//2151 1952//1952
f 2150//2150 1952//1952 1954//1954
f 2156//2156 1954//1954 1971//1971
f 2156//2156 2150//2150 1954//1954
f 2156//2156 1971//1971 2164//2164
f 2164//2164 1971//1971 1970//1970
f 2164//2164 1970//1970 1956//1956
f 2155//2155 2164//2164 1956//1956
f 2154//2154 2155//2155 1956//1956
f 2154//2154 1956//1956 1960//1960
f 2163//2163 2154//2154 1960//1960
f 2163//2163 1960//1960 1963//1963
f 2163//2163 1963//1963 2190//2190
f 2190//2190 1963//1963 1978//1978
f 2168//2168 1978//1978 1969//1969
f 2168//2168 2190//2190 1978//1978
f 2165//2165 1969//1969 1974//1974
f 2165//2165 2168//2168 1969//1969
f 2170//2170 1974//1974 1981//1981
f 2170//2170 2165//2165 1974//1974
f 2176//2176 1981//1981 1986//1986
f 2170//2170 1981//1981 2176//2176
f 2173//2173 1986//1986 1984//1984
f 2173//2173 2176//2176 1986//1986
f 2174//2174 1984//1984 1983//1983
f 2174//2174 2173//2173 1984//1984
f 2174//2174 1983//1983 1993//1993
f 2177//2177 2174//2174 1993//1993
f 2200//2200 2177//2177 1993//1993
f 2200//2200 1993//1993 1996//1996
f 2183//2183 2200//2200 1996//1996
f 2183//2183 1996//1996 1989//1989
f 2183//2183 1989//1989 1995//1995
f 2186//2186 2183//2183 1995//1995
f 2187//2187 2186//2186 1995//1995
f 2187//2187 1999//1999 2201//2201
f 2187//2187 1995//1995 1999//1999
f 2201//2201 1999//1999 2006//2006
f 2201//2201 2006//2006 2002//2002
f 2194//2194 2201//2201 2002//2002
f 2194//2194 2002//2002 2004//2004
f 2196//2196 2194//2194 2004//2004
f 2198//2198 2196//2196 2004//2004
f 2198//2198 2004//2004 2008//2008
f 2198//2198 2008//2008 2012//2012
f 2198//2198 2012//2012 2212//2212
f 2209//2209 2012//2012 2011//2011
f 2209//2209 2212//2212 2012//2012
f 2208//2208 2209//2209 2011//2011
f 2208//2208 2011//2011 2013//2013
f 2208//2208 2013//2013 2014//2014
f 2210//2210 2208//2208 2014//2014
f 2210//2210 2022//2022 2221//2221
f 2210//2210 2014//2014 2022//2022
f 2221//2221 2022//2022 2020//2020
f 2219//2219 2221//2221 2020//2020
f 2220//2220 2219//2219 2020//2020
f 2220//2220 2020//2020 2021//2021
f 2220//2220 2021//2021 2024//2024
f 2222//2222 2220//2220 2024//2024
f 2222//2222 2024//2024 2032//2032
f 2231//2231 2222//2222 2032//2032
f 2229//2229 2032//2032 2033//2033
f 2231//2231 2032//2032 2229//2229
f 2228//2228 2033//2033 2031//2031
f 2228//2228 2229//2229 2033//2033
f 2228//2228 2031//2031 2034//2034
f 2228//2228 2034//2034 2230//2230
f 2230//2230 2034//2034 2040//2040
f 2230//2230 2040//2040 2238//2238
f 2238//2238 2040//2040 2039//2039
f 2237//2237 2238//2238 2039//2039
f 2242//2242 2237//2237 2039//2039
f 2242//2242 2039//2039 2042//2042
f 2239//2239 2042//2042 2043//2043
f 2239//2239 2242//2242 2042//2042
f 2239//2239 2043//2043 2243//2243
f 2243//2243 2043//2043 2044//2044
f 2243//2243 2044//2044 2248//2248
f 2250//2250 2044//2044 2053//2053
f 2250//2250 2248//2248 2044//2044
f 2251//2251 2250//2250 2053//2053
f 2251//2251 2053//2053 2054//2054
f 2249//2249 2054//2054 2052//2052
f 2249//2249 2251//2251 2054//2054
f 2249//2249 2052//2052 2064//2064
f 2260//2260 2249//2249 2064//2064
f 2261//2261 2064//2064 2065//2065
f 2261//2261 2260//2260 2064//2064
f 2262//2262 2065//2065 2067//2067
f 2262//2262 2261//2261 2065//2065
f 2259//2259 2067//2067 2063//2063
f 2259//2259 2262//2262 2067//2067
f 2256//2256 2259//2259 2063//2063
f 2256//2256 2063//2063 2061//2061
f 2258//2258 2061//2061 2066//2066
f 2256//2256 2061//2061 2258//2258
f 2269//2269 2066//2066 2073//2073
f 2269//2269 2258//2258 2066//2066
f 2273//2273 2073//2073 2072//2072
f 2273//2273 2269//2269 2073//2073
f 2268//2268 2072//2072 2071//2071
f 2268//2268 2273//2273 2072//2072
f 2274//2274 2071//2071 2079//2079
f 2268//2268 2071//2071 2274//2274
f 2278//2278 2079//2079 2087//2087
f 2278//2278 2274//2274 2079//2079
f 2284//2284 2278//2278 2087//2087
f 2287//2287 2087//2087 2082//2082
f 2287//2287 2284//2284 2087//2087
f 2281//2281 2287//2287 2082//2082
f 2281//2281 2082//2082 2077//2077
f 2281//2281 2077//2077 2282//2282
f 2282//2282 2077//2077 2086//2086
f 2282//2282 2086//2086 2131//2131
f 2131//2131 2086//2086 2102//2102
f 2130//2130 2131//2131 2102//2102
f 2130//2130 2102//2102 2103//2103
f 2130//2130 2103//2103 2098//2098
f 2130//2130 2098//2098 2283//2283
f 2129//2129 2098//2098 2099//2099
f 2283//2283 2098//2098 2129//2129
f 2129//2129 2099//2099 2105//2105
f 2137//2137 2129//2129 2105//2105
f 2137//2137 2105//2105 2106//2106
f 2139//2139 2137//2137 2106//2106
f 2139//2139 2106//2106 2092//2092
f 2123//2123 2139//2139 2092//2092
f 2123//2123 2092//2092 2096//2096
f 2291//2291 2123//2123 2096//2096
f 2140//2140 2096//2096 2109//2109
f 2140//2140 2291//2291 2096//2096
f 2141//2141 2109//2109 2110//2110
f 2141//2141 2140//2140 2109//2109
f 2128//2128 2110//2110 2097//2097
f 2128//2128 2141//2141 2110//2110
f 2126//2126 2094//2094 2117//2117
f 2126//2126 2097//2097 2094//2094
f 2128//2128 2097//2097 2126//2126
f 2117//2117 2094//2094 2138//2138
f 2138//2138 2094//2094 2107//2107
f 2138//2138 2107//2107 2108//2108
f 2135//2135 2138//2138 2108//2108
f 2135//2135 2108//2108 2100//2100
f 2292//2292 2135//2135 2100//2100
f 2292//2292 2100//2100 2090//2090
f 2286//2286 2292//2292 2090//2090
f 2286//2286 2090//2090 2104//2104
f 2134//2134 2286//2286 2104//2104
f 2134//2134 2104//2104 2101//2101
f 2132//2132 2134//2134 2101//2101
f 2124//2124 2132//2132 2101//2101
f 2124//2124 2101//2101 2083//2083
f 2124//2124 2083//2083 2084//2084
f 2279//2279 2124//2124 2084//2084
f 2288//2288 2279//2279 2084//2084
f 2288//2288 2084//2084 2095//2095
f 2288//2288 2095//2095 2089//2089
f 2289//2289 2288//2288 2089//2089
f 2280//2280 2089//2089 2085//2085
f 2280//2280 2289//2289 2089//2089
f 2280//2280 2085//2085 2075//2075
f 2280//2280 2075//2075 2272//2272
f 2272//2272 2075//2075 2081//2081
f 2277//2277 2272//2272 2081//2081
f 2277//2277 2081//2081 2080//2080
f 2276//2276 2277//2277 2080//2080
f 2270//2270 2276//2276 2080//2080
f 2263//2263 2074//2074 2069//2069
f 2270//2270 2074//2074 2263//2263
f 2270//2270 2080//2080 2074//2074
f 2266//2266 2263//2263 2069//2069
f 2266//2266 2069//2069 2070//2070
f 2267//2267 2266//2266 2070//2070
f 2267//2267 2070//2070 2068//2068
f 2265//2265 2267//2267 2068//2068
f 2265//2265 2068//2068 2057//2057
f 2264//2264 2265//2265 2057//2057
f 2253//2253 2057//2057 2055//2055
f 2264//2264 2057//2057 2253//2253
f 2253//2253 2055//2055 2060//2060
f 2255//2255 2253//2253 2060//2060
f 2254//2254 2255//2255 2060//2060
f 2254//2254 2060//2060 2059//2059
f 2252//2252 2254//2254 2059//2059
f 2252//2252 2059//2059 2051//2051
f 2252//2252 2051//2051 2046//2046
f 2245//2245 2252//2252 2046//2046
f 2247//2247 2046//2046 2050//2050
f 2247//2247 2245//2245 2046//2046
f 2247//2247 2050//2050 2049//2049
f 2244//2244 2247//2247 2049//2049
f 2246//2246 2049//2049 2048//2048
f 2246//2246 2244//2244 2049//2049
f 2246//2246 2048//2048 2035//2035
f 2234//2234 2246//2246 2035//2035
f 2234//2234 2035//2035 2037//2037
f 2233//2233 2234//2234 2037//2037
f 2232//2232 2037//2037 2038//2038
f 2232//2232 2233//2233 2037//2037
f 2235//2235 2232//2232 2038//2038
f 2235//2235 2038//2038 2036//2036
f 2235//2235 2028//2028 2226//2226
f 2235//2235 2036//2036 2028//2028
f 2224//2224 2028//2028 2025//2025
f 2224//2224 2226//2226 2028//2028
f 2225//2225 2025//2025 2027//2027
f 2225//2225 2224//2224 2025//2025
f 2227//2227 2225//2225 2027//2027
f 2227//2227 2027//2027 2019//2019
f 2227//2227 2019//2019 2018//2018
f 2217//2217 2227//2227 2018//2018
f 2215//2215 2018//2018 2016//2016
f 2215//2215 2217//2217 2018//2018
f 2214//2214 2215//2215 2016//2016
f 2214//2214 2016//2016 2015//2015
f 2211//2211 2214//2214 2015//2015
f 2216//2216 2015//2015 2017//2017
f 2216//2216 2211//2211 2015//2015
f 2216//2216 2017//2017 2010//2010
f 2216//2216 2010//2010 2207//2207
f 2204//2204 2207//2207 2010//2010
f 2204//2204 2010//2010 2007//2007
f 2202//2202 2204//2204 2007//2007
f 2202//2202 2007//2007 2005//2005
f 2199//2199 2202//2202 2005//2005
f 2199//2199 2005//2005 2009//2009
f 2206//2206 2199//2199 2009//2009
f 2193//2193 2009//2009 2001//2001
f 2206//2206 2009//2009 2193//2193
f 2193//2193 2001//2001 1997//1997
f 2191//2191 2193//2193 1997//1997
f 2191//2191 1997//1997 1994//1994
f 2185//2185 2191//2191 1994//1994
f 2185//2185 1994//1994 2000//2000
f 2195//2195 2185//2185 2000//2000
f 2195//2195 2000//2000 1991//1991
f 2195//2195 1991//1991 2178//2178
f 2175//2175 1991//1991 1988//1988
f 2175//2175 2178//2178 1991//1991
f 2175//2175 1988//1988 1992//1992
f 2179//2179 2175//2175 1992//1992
f 2197//2197 2179//2179 1992//1992
f 2171//2171 1985//1985 1979//1979
f 2197//2197 1985//1985 2171//2171
f 2197//2197 1992//1992 1985//1985
f 2167//2167 1979//1979 1976//1976
f 2167//2167 2171//2171 1979//1979
f 2172//2172 1976//1976 1982//1982
f 2172//2172 2167//2167 1976//1976
f 2172//2172 1982//1982 1973//1973
f 2172//2172 1973//1973 2166//2166
f 2162//2162 2166//2166 1973//1973
f 2162//2162 1973//1973 1964//1964
f 2159//2159 1964//1964 1968//1968
f 2159//2159 2162//2162 1964//1964
f 2159//2159 1968//1968 1975//1975
f 2169//2169 2159//2159 1975//1975
f 2161//2161 1975//1975 1972//1972
f 2161//2161 2169//2169 1975//1975
f 2153//2153 2161//2161 1972//1972
f 2153//2153 1972//1972 1946//1946
f 2158//2158 2153//2153 1946//1946
f 2158//2158 1946//1946 1945//1945
f 2160//2160 2158//2158 1945//1945
f 2160//2160 1945//1945 1967//1967
f 2160//2160 1967//1967 1947//1947
f 2152//2152 2160//2160 1947//1947
f 2143//2143 1947//1947 1940//1940
f 2143//2143 2152//2152 1947//1947
f 2143//2143 1940//1940 1944//1944
f 2122//2122 2143//2143 1944//1944
f 2181//2181 2122//2122 1944//1944
f 2181//2181 1944//1944 1961//1961
f 2181//2181 1961//1961 1958//1958
f 2181//2181 1958//1958 2148//2148
f 2127//2127 1958//1958 1937//1937
f 2127//2127 2148//2148 1958//1958
f 2118//2118 1937//1937 1933//1933
f 2118//2118 2127//2127 1937//1937
f 2116//2116 2118//2118 1933//1933
f 2116//2116 1933//1933 1932//1932
f 2116//2116 1932//1932 1953//1953
f 2146//2146 2116//2116 1953//1953
f 2142//2142 2146//2146 1953//1953
f 2142//2142 1953//1953 1934//1934
f 2142//2142 1934//1934 1930//1930
f 2113//2113 2142//2142 1930//1930
f 2113//2113 1930//1930 1928//1928
f 2114//2114 2113//2113 1928//1928
f 2114//2114 1928//1928 1938//1938
f 2133//2133 2114//2114 1938//1938
f 2133//2133 1938//1938 2125//2125
f 2125//2125 1938//1938 1949//1949
f 2121//2121 1949//1949 1935//1935
f 2125//2125 1949//1949 2121//2121
f 2121//2121 1935//1935 1927//1927
f 2112//2112 2121//2121 1927//1927
f 2112//2112 1927//1927 1951//1951
f 2147//2147 2112//2112 1951//1951
f 2136//2136 1951//1951 1939//1939
f 2147//2147 1951//1951 2136//2136
f 2136//2136 1939//1939 1929//1929
f 2120//2120 2136//2136 1929//1929
f 2115//2115 1929//1929 1931//1931
f 2115//2115 2120//2120 1929//1929
f 2144//2144 1931//1931 1942//1942
f 2144//2144 2115//2115 1931//1931
f 2144//2144 1942//1942 2111//2111
f 2293//2293 2306//2306 2257//2257
f 2293//2293 2257//2257 2275//2275
f 2294//2294 2293//2293 2275//2275
f 2294//2294 2275//2275 2290//2290
f 2295//2295 2294//2294 2290//2290
f 2295//2295 2290//2290 2285//2285
f 2295//2295 2285//2285 2271//2271
f 2296//2296 2295//2295 2271//2271
f 2296//2296 2271//2271 2236//2236
f 2297//2297 2296//2296 2236//2236
f 2297//2297 2236//2236 2218//2218
f 2297//2297 2218//2218 2213//2213
f 2298//2298 2297//2297 2213//2213
f 2298//2298 2213//2213 2205//2205
f 2299//2299 2298//2298 2205//2205
f 2299//2299 2205//2205 2189//2189
f 2300//2300 2299//2299 2189//2189
f 2300//2300 2189//2189 2184//2184
f 2301//2301 2184//2184 2180//2180
f 2301//2301 2300//2300 2184//2184
f 2301//2301 2180//2180 2182//2182
f 2302//2302 2301//2301 2182//2182
f 2302//2302 2182//2182 2188//2188
f 2302//2302 2188//2188 2192//2192
f 2303//2303 2302//2302 2192//2192
f 2303//2303 2192//2192 2203//2203
f 2304//2304 2303//2303 2203//2203
f 2304//2304 2203//2203 2223//2223
f 2305//2305 2304//2304 2223//2223
f 2305//2305 2223//2223 2240//2240
f 2306//2306 2305//2305 2240//2240
f 2306//2306 2240//2240 2241//2241
f 2306//2306 2241//2241 2257//2257
f 2307//2307 2294//2294 2295//2295
f 2309//2309 2307//2307 2295//2295
f 2308//2308 2294//2294 2307//2307
f 2308//2308 2293//2293 2294//2294
f 2309//2309 2295//2295 2296//2296
f 2311//2311 2306//2306 2293//2293
f 2311//2311 2293//2293 2308//2308
f 2310//2310 2309//2309 2296//2296
f 2311//2311 2305//2305 2306//2306
f 2310//2310 2296//2296 2297//2297
f 2312//2312 2310//2310 2297//2297
f 2313//2313 2305//2305 2311//2311
f 2297//2297 2314//2314 2312//2312
f 2298//2298 2314//2314 2297//2297
f 2304//2304 2305//2305 2313//2313
f 2303//2303 2313//2313 2315//2315
f 2303//2303 2304//2304 2313//2313
f 2299//2299 2314//2314 2298//2298
f 2302//2302 2303//2303 2315//2315
f 2299//2299 2316//2316 2314//2314
f 2300//2300 2316//2316 2299//2299
f 2302//2302 2315//2315 2317//2317
f 2300//2300 2318//2318 2316//2316
f 2301//2301 2302//2302 2317//2317
f 2301//2301 2317//2317 2318//2318
f 2301//2301 2318//2318 2300//2300
f 2319//2319 2311//2311 2308//2308
f 2321//2321 2319//2319 2308//2308
f 2321//2321 2308//2308 2307//2307
f 2323//2323 2321//2321 2307//2307
f 2325//2325 2323//2323 2307//2307
f 2325//2325 2307//2307 2309//2309
f 2327//2327 2325//2325 2309//2309
f 2328//2328 2327//2327 2309//2309
f 2329//2329 2328//2328 2309//2309
f 2329//2329 2309//2309 2310//2310
f 2330//2330 2329//2329 2310//2310
f 2332//2332 2310//2310 2312//2312
f 2332//2332 2330//2330 2310//2310
f 2333//2333 2332//2332 2312//2312
f 2333//2333 2312//2312 2314//2314
f 2335//2335 2333//2333 2314//2314
f 2337//2337 2335//2335 2314//2314
f 2338//2338 2337//2337 2314//2314
f 2338//2338 2314//2314 2316//2316
f 2340//2340 2338//2338 2316//2316
f 2340//2340 2316//2316 2318//2318
f 2342//2342 2340//2340 2318//2318
f 2343//2343 2342//2342 2318//2318
f 2344//2344 2343//2343 2318//2318
f 2344//2344 2318//2318 2317//2317
f 2347//2347 2344//2344 2317//2317
f 2348//2348 2347//2347 2317//2317
f 2349//2349 2348//2348 2317//2317
f 2349//2349 2317//2317 2315//2315
f 2349//2349 2315//2315 2313//2313
f 2352//2352 2349//2349 2313//2313
f 2353//2353 2352//2352 2313//2313
f 2355//2355 2353//2353 2313//2313
f 2355//2355 2313//2313 2311//2311
f 2357//2357 2355//2355 2311//2311
f 2359//2359 2357//2357 2311//2311
f 2319//2319 2359//2359 2311//2311
f 2349//2349 2352//2352 2361//2361
f 2351//2351 2361//2361 2370//2370
f 2351//2351 2349//2349 2361//2361
f 2377//2377 2376//2376 2375//2375
f 2366//2366 2383//2383 2386//2386
f 2367//2367 2386//2386 2387//2387
f 2324//2324 2386//2386 2367//2367
f 2388//2388 2320//2320 2387//2387
f 2368//2368 2388//2388 2389//2389
f 2358//2358 2368//2368 2389//2389
f 2356//2356 2389//2389 2390//2390
f 2369//2369 2390//2390 2370//2370
f 2371//2371 2370//2370 2372//2372
f 2350//2350 2371//2371 2373//2373
f 2395//2395 2394//2394 2372//2372
f 2346//2346 2392//2392 2394//2394
f 2396//2396 2395//2395 2375//2375
f 2341//2341 2374//2374 2396//2396
f 2339//2339 2396//2396 2375//2375
f 2376//2376 2362//2362 2375//2375
f 2377//2377 2336//2336 2376//2376
f 2363//2363 2378//2378 2377//2377
f 2334//2334 2363//2363 2364//2364
f 2364//2364 2380//2380 2365//2365
f 2364//2364 2365//2365 2379//2379
f 2380//2380 2331//2331 2365//2365
f 2380//2380 2382//2382 2381//2381
f 2383//2383 2382//2382 2380//2380
f 2383//2383 2384//2384 2382//2382
f 2385//2385 2383//2383 2366//2366
f 2386//2386 2326//2326 2366//2366
f 2367//2367 2387//2387 2322//2322
f 2360//2360 2388//2388 2368//2368
f 2390//2390 2369//2369 2354//2354
f 2391//2391 2369//2369 2370//2370
f 2370//2370 2371//2371 2351//2351
f 2372//2372 2373//2373 2371//2371
f 2373//2373 2392//2392 2393//2393
f 2392//2392 2373//2373 2372//2372
f 2394//2394 2392//2392 2372//2372
f 2395//2395 2374//2374 2345//2345
f 2395//2395 2345//2345 2394//2394
f 2396//2396 2374//2374 2395//2395
f 2391//2391 2361//2361 2352//2352
f 2370//2370 2361//2361 2391//2391
f 2351//2351 2397//2397 2349//2349
f 2371//2371 2397//2397 2351//2351
f 2348//2348 2349//2349 2397//2397
f 2350//2350 2348//2348 2397//2397
f 2350//2350 2397//2397 2371//2371
f 2350//2350 2398//2398 2348//2348
f 2373//2373 2398//2398 2350//2350
f 2347//2347 2348//2348 2398//2398
f 2393//2393 2398//2398 2373//2373
f 2393//2393 2347//2347 2398//2398
f 2393//2393 2399//2399 2347//2347
f 2392//2392 2399//2399 2393//2393
f 2344//2344 2347//2347 2399//2399
f 2346//2346 2344//2344 2399//2399
f 2346//2346 2399//2399 2392//2392
f 2346//2346 2400//2400 2344//2344
f 2394//2394 2400//2400 2346//2346
f 2343//2343 2344//2344 2400//2400
f 2345//2345 2343//2343 2400//2400
f 2345//2345 2400//2400 2394//2394
f 2345//2345 2401//2401 2343//2343
f 2374//2374 2401//2401 2345//2345
f 2342//2342 2343//2343 2401//2401
f 2341//2341 2342//2342 2401//2401
f 2341//2341 2401//2401 2374//2374
f 2341//2341 2402//2402 2342//2342
f 2396//2396 2402//2402 2341//2341
f 2340//2340 2342//2342 2402//2402
f 2339//2339 2340//2340 2402//2402
f 2339//2339 2402//2402 2396//2396
f 2339//2339 2403//2403 2340//2340
f 2375//2375 2403//2403 2339//2339
f 2338//2338 2340//2340 2403//2403
f 2359//2359 2319//2319 2404//2404
f 2360//2360 2404//2404 2388//2388
f 2360//2360 2359//2359 2404//2404
f 2320//2320 2404//2404 2319//2319
f 2388//2388 2404//2404 2320//2320
f 2405//2405 2387//2387 2386//2386
f 2405//2405 2386//2386 2383//2383
f 2517//2517 2383//2383 2380//2380
f 2517//2517 2405//2405 2383//2383
f 2405//2405 2388//2388 2387//2387
f 2407//2407 2388//2388 2405//2405
f 2407//2407 2389//2389 2388//2388
f 2517//2517 2380//2380 2364//2364
f 2406//2406 2364//2364 2363//2363
f 2406//2406 2517//2517 2364//2364
f 2390//2390 2389//2389 2407//2407
f 2370//2370 2390//2390 2407//2407
f 2377//2377 2406//2406 2363//2363
f 2370//2370 2407//2407 1906//1906
f 2375//2375 2406//2406 2377//2377
f 2372//2372 2370//2370 1906//1906
f 2395//2395 2406//2406 2375//2375
f 2372//2372 2406//2406 2395//2395
f 2372//2372 1906//1906 2406//2406
f 2408//2408 2407//2407 2405//2405
f 1903//1903 2408//2408 2405//2405
f 2440//2440 2420//2420 2512//2512
f 2512//2512 2409//2409 2440//2440
f 2429//2429 2409//2409 2513//2513
f 2518//2518 2429//2429 2513//2513
f 2519//2519 1909//1909 2429//2429
f 1909//1909 2411//2411 2520//2520
f 2520//2520 2412//2412 1909//1909
f 2412//2412 2520//2520 2413//2413
f 2414//2414 2412//2412 2413//2413
f 2521//2521 2518//2518 2514//2514
f 2421//2421 1907//1907 2510//2510
f 1905//1905 2417//2417 2418//2418
f 2419//2419 2522//2522 1905//1905
f 2406//2406 2522//2522 2419//2419
f 1906//1906 2522//2522 2406//2406
f 2408//2408 1906//1906 2407//2407
f 2409//2409 2512//2512 2410//2410
f 2409//2409 2410//2410 2513//2513
f 2415//2415 1910//1910 2521//2521
f 1910//1910 2415//2415 2510//2510
f 2421//2421 2510//2510 2515//2515
f 2416//2416 2421//2421 2515//2515
f 1908//1908 2421//2421 2416//2416
f 1905//1905 2418//2418 2419//2419
f 2429//2429 2518//2518 2519//2519
f 2519//2519 2411//2411 1909//1909
f 2514//2514 2518//2518 2414//2414
f 2518//2518 2521//2521 1910//1910
f 2510//2510 1907//1907 1910//1910
f 2416//2416 2516//2516 1908//1908
f 2516//2516 2514//2514 1908//1908
f 2516//2516 1904//1904 2514//2514
f 2511//2511 1904//1904 2516//2516
f 1904//1904 2511//2511 2417//2417
f 2417//2417 1905//1905 1904//1904
f 2429//2429 2444//2444 2433//2433
f 2425//2425 1915//1915 1914//1914
f 2422//2422 2425//2425 2442//2442
f 2422//2422 2442//2442 1916//1916
f 2435//2435 1916//1916 2442//2442
f 2423//2423 2426//2426 2430//2430
f 2423//2423 2430//2430 2446//2446
f 2424//2424 2447//2447 1913//1913
f 2427//2427 2430//2430 2448//2448
f 2438//2438 2427//2427 2432//2432
f 2443//2443 2440//2440 2448//2448
f 2428//2428 2440//2440 2409//2409
f 2433//2433 2441//2441 2409//2409
f 2445//2445 1909//1909 2420//2420
f 2435//2435 2442//2442 2426//2426
f 2430//2430 2431//2431 2446//2446
f 2431//2431 1912//1912 2437//2437
f 2437//2437 1912//1912 2447//2447
f 2447//2447 1912//1912 1913//1913
f 2424//2424 1913//1913 2448//2448
f 2424//2424 2448//2448 2430//2430
f 2439//2439 2438//2438 2432//2432
f 2432//2432 1911//1911 2439//2439
f 1913//1913 1911//1911 2443//2443
f 2441//2441 2428//2428 2409//2409
f 2433//2433 2409//2409 2429//2429
f 2429//2429 2445//2445 2444//2444
f 2445//2445 2429//2429 1909//1909
f 1913//1913 2439//2439 1911//1911
f 2434//2434 1915//1915 2425//2425
f 2434//2434 2422//2422 1916//1916
f 1914//1914 2446//2446 2431//2431
f 2424//2424 2442//2442 2447//2447
f 1912//1912 2431//2431 2438//2438
f 2427//2427 2448//2448 2440//2440
f 2432//2432 2441//2441 2433//2433
f 2444//2444 1911//1911 2433//2433
f 2440//2440 2445//2445 2420//2420
f 2435//2435 2426//2426 2436//2436
f 1914//1914 2436//2436 2446//2446
f 2425//2425 2437//2437 2442//2442
f 2424//2424 2426//2426 2442//2442
f 1912//1912 2438//2438 2439//2439
f 1912//1912 2439//2439 1913//1913
f 2448//2448 1913//1913 2443//2443
f 2440//2440 2428//2428 2427//2427
f 2428//2428 2432//2432 2427//2427
f 2432//2432 2428//2428 2441//2441
f 1911//1911 2432//2432 2433//2433
f 2444//2444 2443//2443 1911//1911
f 2440//2440 2443//2443 2445//2445
f 2422//2422 2434//2434 2425//2425
f 2436//2436 2426//2426 2423//2423
f 2423//2423 2446//2446 2436//2436
f 2437//2437 2425//2425 1914//1914
f 2437//2437 1914//1914 2431//2431
f 2447//2447 2442//2442 2437//2437
f 2426//2426 2424//2424 2430//2430
f 2431//2431 2430//2430 2427//2427
f 2445//2445 2443//2443 2444//2444
f 2438//2438 2431//2431 2427//2427
f 2470//2470 2485//2485 1919//1919
f 2464//2464 2461//2461 2449//2449
f 2462//2462 2461//2461 2464//2464
f 1919//1919 2471//2471 2474//2474
f 2472//2472 1919//1919 2474//2474
f 2453//2453 2465//2465 2466//2466
f 2468//2468 2453//2453 2466//2466
f 2455//2455 2454//2454 2457//2457
f 2455//2455 2457//2457 1915//1915
f 1915//1915 2458//2458 2475//2475
f 2436//2436 2457//2457 2469//2469
f 1914//1914 1915//1915 2457//2457
f 2470//2470 2490//2490 2485//2485
f 2470//2470 1919//1919 2449//2449
f 2470//2470 2449//2449 2459//2459
f 2449//2449 2461//2461 2459//2459
f 1918//1918 2462//2462 2464//2464
f 1918//1918 2474//2474 2471//2471
f 2471//2471 2462//2462 1918//1918
f 2450//2450 2452//2452 2451//2451
f 1917//1917 2451//2451 2452//2452
f 2456//2456 2451//2451 1917//1917
f 2465//2465 1917//1917 2466//2466
f 2473//2473 2468//2468 2454//2454
f 2458//2458 1915//1915 2434//2434
f 2458//2458 2434//2434 2467//2467
f 2467//2467 1916//1916 2435//2435
f 2435//2435 2469//2469 2476//2476
f 1917//1917 2465//2465 2456//2456
f 2473//2473 2453//2453 2468//2468
f 2475//2475 2455//2455 1915//1915
f 2434//2434 1916//1916 2467//2467
f 2435//2435 2476//2476 2467//2467
f 2435//2435 2436//2436 2469//2469
f 2457//2457 2436//2436 1914//1914
f 2459//2459 1922//1922 2470//2470
f 2459//2459 2461//2461 1922//1922
f 2460//2460 1922//1922 2461//2461
f 2463//2463 2460//2460 2461//2461
f 2462//2462 2463//2463 2461//2461
f 2462//2462 2485//2485 2463//2463
f 2451//2451 1918//1918 2464//2464
f 2474//2474 1918//1918 2456//2456
f 2465//2465 2474//2474 2456//2456
f 2474//2474 2465//2465 2453//2453
f 2474//2474 2453//2453 2472//2472
f 2473//2473 2450//2450 2472//2472
f 2452//2452 2450//2450 2454//2454
f 2475//2475 1917//1917 2452//2452
f 1917//1917 2475//2475 2458//2458
f 2466//2466 1917//1917 2458//2458
f 2468//2468 2466//2466 2467//2467
f 2454//2454 2468//2468 2469//2469
f 2457//2457 2454//2454 2469//2469
f 1921//1921 2490//2490 2470//2470
f 1922//1922 1921//1921 2470//2470
f 2471//2471 2485//2485 2462//2462
f 1919//1919 2485//2485 2471//2471
f 2472//2472 2449//2449 1919//1919
f 2450//2450 2451//2451 2464//2464
f 1918//1918 2451//2451 2456//2456
f 2450//2450 2473//2473 2454//2454
f 2458//2458 2467//2467 2466//2466
f 2476//2476 2468//2468 2467//2467
f 2468//2468 2476//2476 2469//2469
f 2450//2450 2449//2449 2472//2472
f 2450//2450 2464//2464 2449//2449
f 2472//2472 2453//2453 2473//2473
f 2452//2452 2454//2454 2455//2455
f 2455//2455 2475//2475 2452//2452
f 1921//1921 2502//2502 2490//2490
f 2488//2488 2503//2503 2495//2495
f 2488//2488 1923//1923 2503//2503
f 2497//2497 1924//1924 2489//2489
f 2482//2482 2506//2506 1920//1920
f 2504//2504 2482//2482 2502//2502
f 2502//2502 1921//1921 2483//2483
f 2505//2505 2483//2483 1921//1921
f 1921//1921 1922//1922 2505//2505
f 2460//2460 2484//2484 1922//1922
f 2463//2463 2500//2500 2460//2460
f 2501//2501 2463//2463 2485//2485
f 2494//2494 1926//1926 2508//2508
f 2498//2498 2486//2486 2491//2491
f 2478//2478 2486//2486 2498//2498
f 2498//2498 2487//2487 2478//2478
f 2487//2487 2498//2498 2499//2499
f 2497//2497 2496//2496 1923//1923
f 2489//2489 2479//2479 2480//2480
f 2480//2480 2479//2479 2506//2506
f 2481//2481 2506//2506 2482//2482
f 2502//2502 2482//2482 1920//1920
f 2502//2502 2483//2483 2504//2504
f 2505//2505 1922//1922 2484//2484
f 2500//2500 2484//2484 2460//2460
f 1926//1926 2494//2494 2477//2477
f 2488//2488 2495//2495 1925//1925
f 1923//1923 2496//2496 2503//2503
f 2497//2497 1923//1923 1924//1924
f 2479//2479 2489//2489 1924//1924
f 2506//2506 2481//2481 2480//2480
f 2501//2501 2500//2500 2463//2463
f 2485//2485 2490//2490 2501//2501
f 2509//2509 2477//2477 2491//2491
f 2492//2492 2507//2507 2486//2486
f 2478//2478 2487//2487 2493//2493
f 2494//2494 2499//2499 1925//1925
f 2491//2491 2495//2495 2503//2503
f 2498//2498 2491//2491 2496//2496
f 2499//2499 2480//2480 1925//1925
f 2482//2482 1923//1923 2488//2488
f 1923//1923 2482//2482 2504//2504
f 2483//2483 1923//1923 2504//2504
f 2505//2505 1924//1924 2483//2483
f 2505//2505 2479//2479 1924//1924
f 1920//1920 2506//2506 2500//2500
f 2501//2501 1920//1920 2500//2500
f 2501//2501 2502//2502 1920//1920
f 2502//2502 2501//2501 2490//2490
f 2509//2509 1926//1926 2477//2477
f 2507//2507 2491//2491 2486//2486
f 2478//2478 2492//2492 2486//2486
f 2492//2492 2478//2478 2493//2493
f 1925//1925 2495//2495 2494//2494
f 2491//2491 2477//2477 2495//2495
f 2496//2496 2491//2491 2503//2503
f 2498//2498 2496//2496 2497//2497
f 2489//2489 2498//2498 2497//2497
f 2498//2498 2489//2489 2499//2499
f 2480//2480 2499//2499 2489//2489
f 1925//1925 2480//2480 2488//2488
f 2481//2481 2488//2488 2480//2480
f 2488//2488 2481//2481 2482//2482
f 1924//1924 1923//1923 2483//2483
f 2505//2505 2484//2484 2479//2479
f 2484//2484 2506//2506 2479//2479
f 2507//2507 2509//2509 2491//2491
f 2494//2494 2487//2487 2499//2499
f 2495//2495 2477//2477 2494//2494
f 2506//2506 2484//2484 2500//2500
f 2487//2487 2494//2494 2493//2493
f 2508//2508 2507//2507 2493//2493
f 2508//2508 2509//2509 2507//2507
f 2508//2508 1926//1926 2509//2509
f 2512//2512 2420//2420 1909//1909
f 2519//2519 1910//1910 2411//2411
f 2520//2520 2421//2421 2413//2413
f 2414//2414 2413//2413 1908//1908
f 2514//2514 2414//2414 1908//1908
f 2521//2521 2514//2514 1904//1904
f 2521//2521 1904//1904 2415//2415
f 2415//2415 1905//1905 2510//2510
f 2416//2416 2522//2522 2516//2516
f 1906//1906 2516//2516 2522//2522
f 2516//2516 2408//2408 2511//2511
f 1903//1903 2511//2511 2408//2408
f 2417//2417 2517//2517 2418//2418
f 2419//2419 2418//2418 2517//2517
f 2419//2419 2517//2517 2406//2406
f 2512//2512 1909//1909 2412//2412
f 2512//2512 2412//2412 2410//2410
f 2412//2412 2414//2414 2410//2410
f 2414//2414 2513//2513 2410//2410
f 2513//2513 2414//2414 2518//2518
f 2519//2519 2518//2518 1910//1910
f 2411//2411 1907//1907 2520//2520
f 2411//2411 1910//1910 1907//1907
f 2520//2520 1907//1907 2421//2421
f 2421//2421 1908//1908 2413//2413
f 2415//2415 1904//1904 1905//1905
f 1905//1905 2515//2515 2510//2510
f 2522//2522 2515//2515 1905//1905
f 2522//2522 2416//2416 2515//2515
f 2516//2516 1906//1906 2408//2408
f 1903//1903 2417//2417 2511//2511
f 2417//2417 1903//1903 2517//2517
f 2492//2492 2493//2493 2507//2507
f 2494//2494 2508//2508 2493//2493
f 2362//2362 2403//2403 2375//2375
f 2362//2362 2338//2338 2403//2403
f 2362//2362 2523//2523 2338//2338
f 2376//2376 2523//2523 2362//2362
f 2337//2337 2338//2338 2523//2523
f 2336//2336 2523//2523 2376//2376
f 2336//2336 2337//2337 2523//2523
f 2336//2336 2524//2524 2337//2337
f 2377//2377 2524//2524 2336//2336
f 2335//2335 2337//2337 2524//2524
f 2378//2378 2524//2524 2377//2377
f 2378//2378 2335//2335 2524//2524
f 2378//2378 2525//2525 2335//2335
f 2363//2363 2525//2525 2378//2378
f 2333//2333 2335//2335 2525//2525
f 2334//2334 2525//2525 2363//2363
f 2334//2334 2333//2333 2525//2525
f 2334//2334 2526//2526 2333//2333
f 2364//2364 2526//2526 2334//2334
f 2332//2332 2333//2333 2526//2526
f 2379//2379 2526//2526 2364//2364
f 2379//2379 2332//2332 2526//2526
f 2379//2379 2527//2527 2332//2332
f 2365//2365 2527//2527 2379//2379
f 2330//2330 2332//2332 2527//2527
f 2331//2331 2527//2527 2365//2365
f 2331//2331 2330//2330 2527//2527
f 2331//2331 2528//2528 2330//2330
f 2380//2380 2528//2528 2331//2331
f 2329//2329 2330//2330 2528//2528
f 2381//2381 2528//2528 2380//2380
f 2381//2381 2329//2329 2528//2528
f 2381//2381 2529//2529 2329//2329
f 2382//2382 2529//2529 2381//2381
f 2328//2328 2329//2329 2529//2529
f 2384//2384 2529//2529 2382//2382
f 2384//2384 2328//2328 2529//2529
f 2384//2384 2530//2530 2328//2328
f 2383//2383 2530//2530 2384//2384
f 2327//2327 2328//2328 2530//2530
f 2385//2385 2530//2530 2383//2383
f 2385//2385 2327//2327 2530//2530
f 2385//2385 2531//2531 2327//2327
f 2366//2366 2531//2531 2385//2385
f 2325//2325 2327//2327 2531//2531
f 2326//2326 2325//2325 2531//2531
f 2326//2326 2531//2531 2366//2366
f 2326//2326 2532//2532 2325//2325
f 2386//2386 2532//2532 2326//2326
f 2323//2323 2325//2325 2532//2532
f 2324//2324 2323//2323 2532//2532
f 2324//2324 2532//2532 2386//2386
f 2324//2324 2533//2533 2323//2323
f 2367//2367 2533//2533 2324//2324
f 2321//2321 2323//2323 2533//2533
f 2322//2322 2321//2321 2533//2533
f 2322//2322 2533//2533 2367//2367
f 2322//2322 2534//2534 2321//2321
f 2387//2387 2534//2534 2322//2322
f 2319//2319 2321//2321 2534//2534
f 2320//2320 2319//2319 2534//2534
f 2320//2320 2534//2534 2387//2387
f 2360//2360 2535//2535 2359//2359
f 2368//2368 2535//2535 2360//2360
f 2357//2357 2359//2359 2535//2535
f 2358//2358 2357//2357 2535//2535
f 2358//2358 2535//2535 2368//2368
f 2358//2358 2536//2536 2357//2357
f 2389//2389 2536//2536 2358//2358
f 2355//2355 2357//2357 2536//2536
f 2356//2356 2355//2355 2536//2536
f 2356//2356 2536//2536 2389//2389
f 2356//2356 2537//2537 2355//2355
f 2390//2390 2537//2537 2356//2356
f 2353//2353 2355//2355 2537//2537
f 2354//2354 2537//2537 2390//2390
f 2354//2354 2353//2353 2537//2537
f 2354//2354 2538//2538 2353//2353
f 2369//2369 2538//2538 2354//2354
f 2352//2352 2353//2353 2538//2538
f 2391//2391 2538//2538 2369//2369
f 2391//2391 2352//2352 2538//2538
f 2045//2045 2539//2539 2558//2558
f 2041//2041 2539//2539 2045//2045
f 2026//2026 2539//2539 2041//2041
f 2026//2026 2540//2540 2539//2539
f 2023//2023 2540//2540 2026//2026
f 2023//2023 2541//2541 2540//2540
f 1998//1998 2541//2541 2023//2023
f 1998//1998 2542//2542 2541//2541
f 1990//1990 2542//2542 1998//1998
f 1977//1977 2543//2543 2542//2542
f 1977//1977 2542//2542 1990//1990
f 1965//1965 2543//2543 1977//1977
f 1965//1965 2544//2544 2543//2543
f 1957//1957 2544//2544 1965//1965
f 1957//1957 2545//2545 2544//2544
f 1950//1950 2545//2545 1957//1957
f 1950//1950 2546//2546 2545//2545
f 1955//1955 2546//2546 1950//1950
f 1955//1955 2547//2547 2546//2546
f 1966//1966 2547//2547 1955//1955
f 1980//1980 2547//2547 1966//1966
f 1980//1980 2548//2548 2547//2547
f 1987//1987 2548//2548 1980//1980
f 1987//1987 2549//2549 2548//2548
f 2003//2003 2549//2549 1987//1987
f 2029//2029 2549//2549 2003//2003
f 2029//2029 2550//2550 2549//2549
f 2030//2030 2550//2550 2029//2029
f 2030//2030 2551//2551 2550//2550
f 2047//2047 2551//2551 2030//2030
f 2056//2056 2551//2551 2047//2047
f 2056//2056 2552//2552 2551//2551
f 2058//2058 2552//2552 2056//2056
f 2058//2058 2553//2553 2552//2552
f 2076//2076 2553//2553 2058//2058
f 2076//2076 2554//2554 2553//2553
f 2088//2088 2554//2554 2076//2076
f 2088//2088 2555//2555 2554//2554
f 2093//2093 2555//2555 2088//2088
f 2091//2091 2555//2555 2093//2093
f 2091//2091 2556//2556 2555//2555
f 2078//2078 2556//2556 2091//2091
f 2078//2078 2557//2557 2556//2556
f 2062//2062 2557//2557 2078//2078
f 2062//2062 2558//2558 2557//2557
f 2045//2045 2558//2558 2062//2062
f 2559//2559 2544//2544 2545//2545
f 2559//2559 2545//2545 2546//2546
f 2567//2567 2544//2544 2559//2559
f 2559//2559 2546//2546 2547//2547
f 2567//2567 2543//2543 2544//2544
f 2560//2560 2559//2559 2547//2547
f 2562//2562 2543//2543 2567//2567
f 2560//2560 2547//2547 2548//2548
f 2562//2562 2542//2542 2543//2543
f 2561//2561 2560//2560 2548//2548
f 2562//2562 2541//2541 2542//2542
f 2561//2561 2548//2548 2549//2549
f 2563//2563 2561//2561 2549//2549
f 2564//2564 2541//2541 2562//2562
f 2564//2564 2540//2540 2541//2541
f 2550//2550 2563//2563 2549//2549
f 2550//2550 2568//2568 2563//2563
f 2539//2539 2540//2540 2564//2564
f 2551//2551 2568//2568 2550//2550
f 2552//2552 2568//2568 2551//2551
f 2539//2539 2564//2564 2565//2565
f 2558//2558 2539//2539 2565//2565
f 2553//2553 2568//2568 2552//2552
f 2553//2553 2569//2569 2568//2568
f 2557//2557 2558//2558 2565//2565
f 2557//2557 2565//2565 2566//2566
f 2554//2554 2569//2569 2553//2553
f 2556//2556 2557//2557 2566//2566
f 2555//2555 2556//2556 2566//2566
f 2555//2555 2569//2569 2554//2554
f 2555//2555 2566//2566 2569//2569
f 2581//2581 2563//2563 2568//2568
f 2570//2570 2571//2571 2564//2564
f 2571//2571 2565//2565 2564//2564
f 2570//2570 2564//2564 2562//2562
f 2573//2573 2570//2570 2562//2562
f 2572//2572 2565//2565 2571//2571
f 2574//2574 2573//2573 2562//2562
f 2574//2574 2562//2562 2567//2567
f 2572//2572 2566//2566 2565//2565
f 2576//2576 2566//2566 2572//2572
f 2575//2575 2574//2574 2567//2567
f 2559//2559 2575//2575 2567//2567
f 2577//2577 2575//2575 2559//2559
f 2576//2576 2569//2569 2566//2566
f 2578//2578 2569//2569 2576//2576
f 2559//2559 2580//2580 2577//2577
f 2579//2579 2569//2569 2578//2578
f 2560//2560 2580//2580 2559//2559
f 2568//2568 2569//2569 2579//2579
f 2568//2568 2579//2579 2581//2581
f 2560//2560 2582//2582 2580//2580
f 2561//2561 2583//2583 2582//2582
f 2561//2561 2582//2582 2560//2560
f 2563//2563 2581//2581 2584//2584
f 2563//2563 2583//2583 2561//2561
f 2563//2563 2584//2584 2583//2583
f 2594//2594 2574//2574 2575//2575
f 2585//2585 2594//2594 2575//2575
f 2585//2585 2575//2575 2577//2577
f 2586//2586 2585//2585 2577//2577
f 2586//2586 2577//2577 2580//2580
f 2596//2596 2580//2580 2582//2582
f 2596//2596 2586//2586 2580//2580
f 2587//2587 2596//2596 2582//2582
f 2587//2587 2582//2582 2583//2583
f 2595//2595 2587//2587 2583//2583
f 2595//2595 2583//2583 2584//2584
f 2588//2588 2595//2595 2584//2584
f 2588//2588 2584//2584 2581//2581
f 2588//2588 2581//2581 2579//2579
f 2589//2589 2588//2588 2579//2579
f 2589//2589 2579//2579 2578//2578
f 2590//2590 2578//2578 2576//2576
f 2590//2590 2589//2589 2578//2578
f 2591//2591 2590//2590 2576//2576
f 2591//2591 2576//2576 2572//2572
f 2592//2592 2591//2591 2572//2572
f 2592//2592 2572//2572 2571//2571
f 2592//2592 2571//2571 2570//2570
f 2593//2593 2592//2592 2570//2570
f 2593//2593 2570//2570 2573//2573
f 2593//2593 2573//2573 2574//2574
f 2594//2594 2593//2593 2574//2574
f 2605//2605 2585//2585 2586//2586
f 2605//2605 2594//2594 2585//2585
f 2604//2604 2594//2594 2605//2605
f 2605//2605 2586//2586 2596//2596
f 2606//2606 2605//2605 2596//2596
f 2606//2606 2596//2596 2587//2587
f 2604//2604 2593//2593 2594//2594
f 2598//2598 2606//2606 2587//2587
f 2598//2598 2587//2587 2595//2595
f 2603//2603 2593//2593 2604//2604
f 2603//2603 2592//2592 2593//2593
f 2595//2595 2599//2599 2598//2598
f 2591//2591 2592//2592 2603//2603
f 2588//2588 2599//2599 2595//2595
f 2591//2591 2603//2603 2597//2597
f 2590//2590 2591//2591 2597//2597
f 2589//2589 2599//2599 2588//2588
f 2589//2589 2597//2597 2599//2599
f 2590//2590 2597//2597 2589//2589
f 2597//2597 2601//2601 2600//2600
f 2597//2597 2600//2600 2599//2599
f 2597//2597 2602//2602 2601//2601
f 2603//2603 2602//2602 2597//2597
f 2604//2604 2607//2607 2615//2615
f 2604//2604 2608//2608 2607//2607
f 2605//2605 2608//2608 2604//2604
f 2605//2605 2609//2609 2608//2608
f 2606//2606 2609//2609 2605//2605
f 2598//2598 2609//2609 2606//2606
f 2598//2598 2610//2610 2609//2609
f 2598//2598 2611//2611 2610//2610
f 2599//2599 2611//2611 2598//2598
f 2599//2599 2612//2612 2611//2611
f 2600//2600 2612//2612 2599//2599
f 2601//2601 2612//2612 2600//2600
f 2601//2601 2613//2613 2612//2612
f 2602//2602 2613//2613 2601//2601
f 2602//2602 2614//2614 2613//2613
f 2603//2603 2614//2614 2602//2602
f 2603//2603 2615//2615 2614//2614
f 2604//2604 2615//2615 2603//2603
f 2614//2614 2615//2615 2607//2607
f 2614//2614 2608//2608 2609//2609
f 2614//2614 2607//2607 2608//2608
f 2614//2614 2609//2609 2610//2610
f 2613//2613 2614//2614 2610//2610
f 2613//2613 2611//2611 2612//2612
f 2613//2613 2610//2610 2611//2611
f 2622//2622 2621//2621 2616//2616
f 2617//2617 2622//2622 2616//2616
f 2617//2617 2616//2616 2618//2618
f 2620//2620 2618//2618 2619//2619
f 2620//2620 2617//2617 2618//2618
f 2620//2620 2619//2619 2621//2621
f 2622//2622 2617//2617 2620//2620
f 2622//2622 2620//2620 2621//2621
f 2626//2626 2624//2624 2623//2623
f 2625//2625 2626//2626 2623//2623
f 2625//2625 2630//2630 2626//2626
f 2628//2628 2627//2627 2629//2629
f 2627//2627 2624//2624 2629//2629
f 2632//2632 2624//2624 2627//2627
f 2632//2632 2623//2623 2624//2624
f 2628//2628 2629//2629 2630//2630
f 2628//2628 2630//2630 2625//2625
f 2621//2621 2632//2632 2631//2631
f 2619//2619 2632//2632 2621//2621
f 2616//2616 2621//2621 2631//2631
f 2616//2616 2631//2631 2628//2628
f 2633//2633 2623//2623 2632//2632
f 2633//2633 2619//2619 2618//2618
f 2633//2633 2632//2632 2619//2619
f 2634//2634 2628//2628 2625//2625
f 2634//2634 2633//2633 2618//2618
f 2634//2634 2616//2616 2628//2628
f 2634//2634 2618//2618 2616//2616
f 2635//2635 2625//2625 2623//2623
f 2635//2635 2636//2636 2625//2625
f 2636//2636 2634//2634 2625//2625
f 2636//2636 2637//2637 2634//2634
f 2637//2637 2633//2633 2634//2634
f 2637//2637 2638//2638 2633//2633
f 2638//2638 2623//2623 2633//2633
f 2638//2638 2635//2635 2623//2623
f 2639//2639 2638//2638 2637//2637
f 2639//2639 2637//2637 2640//2640
f 2636//2636 2641//2641 2640//2640
f 2636//2636 2640//2640 2637//2637
f 2642//2642 2636//2636 2635//2635
f 2642//2642 2635//2635 2638//2638
f 2642//2642 2638//2638 2639//2639
f 2642//2642 2641//2641 2636//2636
f 2643//2643 2644//2644 2645//2645
f 2641//2641 2644//2644 2643//2643
f 2646//2646 2647//2647 2648//2648
f 2640//2640 2643//2643 2647//2647
f 2640//2640 2641//2641 2643//2643
f 2640//2640 2647//2647 2646//2646
f 2647//2647 2643//2643 2649//2649
f 2647//2647 2649//2649 2650//2650
f 2648//2648 2650//2650 2651//2651
f 2648//2648 2647//2647 2650//2650
f 2651//2651 2646//2646 2648//2648
f 2651//2651 2652//2652 2646//2646
f 2639//2639 2646//2646 2652//2652
f 2639//2639 2640//2640 2646//2646
f 2650//2650 2652//2652 2651//2651
f 2639//2639 2652//2652 2650//2650
f 2653//2653 2649//2649 2654//2654
f 2642//2642 2650//2650 2649//2649
f 2642//2642 2639//2639 2650//2650
f 2642//2642 2649//2649 2653//2653
f 2641//2641 2653//2653 2644//2644
f 2641//2641 2642//2642 2653//2653
f 2653//2653 2645//2645 2644//2644
f 2653//2653 2654//2654 2645//2645
f 2654//2654 2643//2643 2645//2645
f 2654//2654 2649//2649 2643//2643
f 2656//2656 2655//2655 2628//2628
f 2656//2656 2628//2628 2631//2631
f 2656//2656 2631//2631 2632//2632
f 2657//2657 2656//2656 2632//2632
f 2657//2657 2632//2632 2627//2627
f 2655//2655 2657//2657 2627//2627
f 2655//2655 2627//2627 2628//2628
f 2656//2656 2657//2657 2655//2655
f 2659//2659 2626//2626 2630//2630
f 2660//2660 2659//2659 2630//2630
f 2660//2660 2630//2630 2629//2629
f 2658//2658 2660//2660 2629//2629
f 2658//2658 2629//2629 2624//2624
f 2626//2626 2658//2658 2624//2624
f 2658//2658 2626//2626 2659//2659
f 2660//2660 2658//2658 2659//2659
f 2662//2662 2661//2661 2665//2665
f 2667//2667 2666//2666 2665//2665
f 2667//2667 2665//2665 2661//2661
f 2663//2663 2667//2667 2661//2661
f 2663//2663 2661//2661 2662//2662
f 2664//2664 2663//2663 2662//2662
f 2665//2665 2664//2664 2662//2662
f 2666//2666 2663//2663 2664//2664
f 2666//2666 2667//2667 2663//2663
f 2666//2666 2664//2664 2665//2665
f 2668//2668 2669//2669 2670//2670
f 2668//2668 2671//2671 2669//2669
f 2672//2672 2670//2670 2669//2669
f 2673//2673 2672//2672 2669//2669
f 2673//2673 2669//2669 2671//2671
f 2675//2675 2673//2673 2671//2671
f 2675//2675 2671//2671 2668//2668
f 2674//2674 2675//2675 2668//2668
f 2674//2674 2668//2668 2670//2670
f 2672//2672 2674//2674 2670//2670
f 2675//2675 2672//2672 2673//2673
f 2675//2675 2674//2674 2672//2672
f 2676//2676 2677//2677 2678//2678
f 2679//2679 2681//2681 2678//2678
f 2679//2679 2678//2678 2677//2677
f 2680//2680 2679//2679 2677//2677
f 2680//2680 2677//2677 2676//2676
f 2682//2682 2680//2680 2676//2676
f 2681//2681 2682//2682 2676//2676
f 2681//2681 2676//2676 2678//2678
f 2682//2682 2681//2681 2679//2679
f 2682//2682 2679//2679 2680//2680
f 2683//2683 2684//2684 2686//2686
f 2685//2685 2683//2683 2686//2686
f 2685//2685 2686//2686 2687//2687
f 2689//2689 2685//2685 2687//2687
f 2689//2689 2687//2687 2688//2688
f 2683//2683 2689//2689 2688//2688
f 2683//2683 2688//2688 2684//2684
f 2685//2685 2689//2689 2683//2683
f 2724//2724 2691//2691 2690//2690
f 2692//2692 2690//2690 2691//2691
f 2693//2693 2724//2724 2690//2690
f 2693//2693 2696//2696 2724//2724
f 2695//2695 2692//2692 2694//2694
f 2721//2721 2692//2692 2695//2695
f 2721//2721 2690//2690 2692//2692
f 2695//2695 2694//2694 2696//2696
f 2697//2697 2695//2695 2696//2696
f 2697//2697 2696//2696 2693//2693
f 2684//2684 2721//2721 2697//2697
f 2684//2684 2688//2688 2721//2721
f 2698//2698 2687//2687 2686//2686
f 2698//2698 2690//2690 2721//2721
f 2698//2698 2688//2688 2687//2687
f 2698//2698 2721//2721 2688//2688
f 2699//2699 2697//2697 2693//2693
f 2699//2699 2698//2698 2686//2686
f 2699//2699 2684//2684 2697//2697
f 2699//2699 2686//2686 2684//2684
f 2700//2700 2693//2693 2690//2690
f 2700//2700 2701//2701 2693//2693
f 2701//2701 2699//2699 2693//2693
f 2701//2701 2702//2702 2699//2699
f 2702//2702 2698//2698 2699//2699
f 2702//2702 2703//2703 2698//2698
f 2703//2703 2690//2690 2698//2698
f 2703//2703 2700//2700 2690//2690
f 2704//2704 2703//2703 2702//2702
f 2704//2704 2702//2702 2705//2705
f 2701//2701 2706//2706 2705//2705
f 2701//2701 2705//2705 2702//2702
f 2707//2707 2701//2701 2700//2700
f 2707//2707 2700//2700 2703//2703
f 2707//2707 2703//2703 2704//2704
f 2707//2707 2706//2706 2701//2701
f 2708//2708 2709//2709 2710//2710
f 2706//2706 2709//2709 2708//2708
f 2711//2711 2712//2712 2713//2713
f 2705//2705 2708//2708 2712//2712
f 2705//2705 2706//2706 2708//2708
f 2705//2705 2712//2712 2711//2711
f 2712//2712 2708//2708 2714//2714
f 2712//2712 2714//2714 2715//2715
f 2713//2713 2715//2715 2716//2716
f 2713//2713 2712//2712 2715//2715
f 2716//2716 2711//2711 2713//2713
f 2716//2716 2717//2717 2711//2711
f 2704//2704 2711//2711 2717//2717
f 2704//2704 2705//2705 2711//2711
f 2715//2715 2717//2717 2716//2716
f 2704//2704 2717//2717 2715//2715
f 2718//2718 2714//2714 2719//2719
f 2707//2707 2715//2715 2714//2714
f 2707//2707 2704//2704 2715//2715
f 2707//2707 2714//2714 2718//2718
f 2706//2706 2718//2718 2709//2709
f 2706//2706 2707//2707 2718//2718
f 2718//2718 2710//2710 2709//2709
f 2718//2718 2719//2719 2710//2710
f 2719//2719 2708//2708 2710//2710
f 2719//2719 2714//2714 2708//2708
f 2720//2720 2723//2723 2695//2695
f 2720//2720 2695//2695 2697//2697
f 2722//2722 2720//2720 2697//2697
f 2722//2722 2697//2697 2721//2721
f 2723//2723 2721//2721 2695//2695
f 2723//2723 2722//2722 2721//2721
f 2723//2723 2720//2720 2722//2722
f 2725//2725 2724//2724 2696//2696
f 2726//2726 2725//2725 2696//2696
f 2726//2726 2696//2696 2694//2694
f 2728//2728 2726//2726 2694//2694
f 2728//2728 2694//2694 2692//2692
f 2728//2728 2692//2692 2691//2691
f 2727//2727 2728//2728 2691//2691
f 2727//2727 2691//2691 2724//2724
f 2727//2727 2725//2725 2728//2728
f 2725//2725 2727//2727 2724//2724
f 2728//2728 2725//2725 2726//2726
f 2733//2733 2732//2732 2731//2731
f 2733//2733 2730//2730 2729//2729
f 2733//2733 2731//2731 2730//2730
f 2735//2735 2734//2734 2729//2729
f 2735//2735 2729//2729 2730//2730
f 2735//2735 2730//2730 2731//2731
f 2737//2737 2735//2735 2731//2731
f 2736//2736 2731//2731 2732//2732
f 2736//2736 2737//2737 2731//2731
f 2736//2736 2732//2732 2733//2733
f 2734//2734 2736//2736 2733//2733
f 2734//2734 2733//2733 2729//2729
f 2737//2737 2734//2734 2735//2735
f 2734//2734 2737//2737 2736//2736
f 2742//2742 2738//2738 2739//2739
f 2740//2740 2744//2744 2738//2738
f 2741//2741 2740//2740 2738//2738
f 2741//2741 2738//2738 2742//2742
f 2743//2743 2742//2742 2739//2739
f 2744//2744 2743//2743 2739//2739
f 2744//2744 2739//2739 2738//2738
f 2743//2743 2741//2741 2742//2742
f 2743//2743 2744//2744 2740//2740
f 2743//2743 2740//2740 2741//2741
f 2748//2748 2747//2747 2746//2746
f 2748//2748 2745//2745 2747//2747
f 2749//2749 2746//2746 2747//2747
f 2751//2751 2749//2749 2747//2747
f 2751//2751 2747//2747 2745//2745
f 2750//2750 2745//2745 2748//2748
f 2750//2750 2751//2751 2745//2745
f 2750//2750 2748//2748 2746//2746
f 2749//2749 2750//2750 2746//2746
f 2751//2751 2750//2750 2749//2749
f 2753//2753 2752//2752 2755//2755
f 2754//2754 2752//2752 2753//2753
f 2757//2757 2755//2755 2752//2752
f 2757//2757 2752//2752 2756//2756
f 2774//2774 2757//2757 2756//2756
f 2758//2758 2760//2760 2759//2759
f 2758//2758 2754//2754 2760//2760
f 2758//2758 2752//2752 2754//2754
f 2758//2758 2759//2759 2763//2763
f 2761//2761 2774//2774 2756//2756
f 2767//2767 2762//2762 2758//2758
f 2767//2767 2758//2758 2763//2763
f 2764//2764 2758//2758 2762//2762
f 2764//2764 2762//2762 2765//2765
f 2764//2764 2765//2765 2770//2770
f 2769//2769 2767//2767 2766//2766
f 2769//2769 2770//2770 2767//2767
f 2766//2766 2767//2767 2763//2763
f 2766//2766 2763//2763 2768//2768
f 2769//2769 2764//2764 2770//2770
f 2771//2771 2764//2764 2769//2769
f 2772//2772 2773//2773 2761//2761
f 2773//2773 2774//2774 2761//2761
f 2780//2780 2761//2761 2775//2775
f 2780//2780 2772//2772 2761//2761
f 2784//2784 2774//2774 2773//2773
f 2784//2784 2768//2768 2774//2774
f 2777//2777 2776//2776 2766//2766
f 2778//2778 2777//2777 2766//2766
f 2778//2778 2766//2766 2768//2768
f 2778//2778 2768//2768 2784//2784
f 2781//2781 2779//2779 2776//2776
f 2781//2781 2776//2776 2777//2777
f 2795//2795 2779//2779 2781//2781
f 2782//2782 2780//2780 2775//2775
f 2795//2795 2771//2771 2779//2779
f 2795//2795 2764//2764 2771//2771
f 2799//2799 2782//2782 2775//2775
f 2788//2788 2785//2785 2783//2783
f 2783//2783 2785//2785 2778//2778
f 2783//2783 2778//2778 2784//2784
f 2783//2783 2784//2784 2787//2787
f 2786//2786 2783//2783 2787//2787
f 2789//2789 2785//2785 2788//2788
f 2789//2789 2795//2795 2785//2785
f 2791//2791 2790//2790 2786//2786
f 2791//2791 2786//2786 2787//2787
f 2791//2791 2787//2787 2798//2798
f 2790//2790 2789//2789 2786//2786
f 2792//2792 2789//2789 2790//2790
f 2793//2793 2792//2792 2794//2794
f 2793//2793 2764//2764 2795//2795
f 2793//2793 2789//2789 2792//2792
f 2793//2793 2795//2795 2789//2789
f 2796//2796 2791//2791 2798//2798
f 2796//2796 2793//2793 2794//2794
f 2796//2796 2797//2797 2799//2799
f 2796//2796 2798//2798 2797//2797
f 2796//2796 2794//2794 2791//2791
f 2796//2796 2799//2799 2775//2775
f 2758//2758 2764//2764 2800//2800
f 2758//2758 2800//2800 2801//2801
f 2801//2801 2802//2802 2752//2752
f 2801//2801 2752//2752 2758//2758
f 2756//2756 2752//2752 2802//2802
f 2756//2756 2802//2802 2803//2803
f 2803//2803 2804//2804 2761//2761
f 2803//2803 2761//2761 2756//2756
f 2775//2775 2761//2761 2804//2804
f 2775//2775 2804//2804 2805//2805
f 2805//2805 2806//2806 2796//2796
f 2805//2805 2796//2796 2775//2775
f 2793//2793 2796//2796 2806//2806
f 2793//2793 2806//2806 2807//2807
f 2807//2807 2800//2800 2764//2764
f 2807//2807 2764//2764 2793//2793
f 2812//2812 2808//2808 2802//2802
f 2809//2809 2802//2802 2808//2808
f 2809//2809 2803//2803 2802//2802
f 2810//2810 2803//2803 2809//2809
f 2801//2801 2814//2814 2811//2811
f 2801//2801 2812//2812 2802//2802
f 2801//2801 2811//2811 2812//2812
f 2813//2813 2810//2810 2809//2809
f 2813//2813 2809//2809 2814//2814
f 2815//2815 2803//2803 2810//2810
f 2804//2804 2803//2803 2815//2815
f 2816//2816 2814//2814 2801//2801
f 2817//2817 2816//2816 2801//2801
f 2816//2816 2813//2813 2814//2814
f 2800//2800 2817//2817 2801//2801
f 2800//2800 2820//2820 2817//2817
f 2818//2818 2816//2816 2819//2819
f 2818//2818 2813//2813 2816//2816
f 2821//2821 2818//2818 2819//2819
f 2821//2821 2819//2819 2820//2820
f 2821//2821 2820//2820 2800//2800
f 2822//2822 2821//2821 2800//2800
f 2823//2823 2804//2804 2815//2815
f 2828//2828 2823//2823 2815//2815
f 2831//2831 2804//2804 2823//2823
f 2831//2831 2805//2805 2804//2804
f 2824//2824 2813//2813 2818//2818
f 2824//2824 2818//2818 2827//2827
f 2828//2828 2815//2815 2825//2825
f 2826//2826 2813//2813 2824//2824
f 2826//2826 2825//2825 2813//2813
f 2829//2829 2824//2824 2827//2827
f 2829//2829 2827//2827 2830//2830
f 2837//2837 2828//2828 2825//2825
f 2829//2829 2830//2830 2822//2822
f 2835//2835 2822//2822 2800//2800
f 2835//2835 2829//2829 2822//2822
f 2832//2832 2805//2805 2831//2831
f 2833//2833 2825//2825 2826//2826
f 2834//2834 2825//2825 2833//2833
f 2833//2833 2826//2826 2835//2835
f 2839//2839 2833//2833 2835//2835
f 2842//2842 2836//2836 2834//2834
f 2836//2836 2825//2825 2834//2834
f 2838//2838 2825//2825 2836//2836
f 2838//2838 2837//2837 2825//2825
f 2842//2842 2834//2834 2839//2839
f 2806//2806 2837//2837 2838//2838
f 2806//2806 2838//2838 2840//2840
f 2806//2806 2841//2841 2837//2837
f 2806//2806 2832//2832 2841//2841
f 2807//2807 2839//2839 2835//2835
f 2807//2807 2835//2835 2800//2800
f 2807//2807 2840//2840 2842//2842
f 2807//2807 2806//2806 2840//2840
f 2807//2807 2842//2842 2839//2839
f 2806//2806 2805//2805 2832//2832
f 2813//2813 2825//2825 2843//2843
f 2813//2813 2843//2843 2844//2844
f 2825//2825 2815//2815 2845//2845
f 2825//2825 2845//2845 2843//2843
f 2845//2845 2846//2846 2844//2844
f 2845//2845 2844//2844 2843//2843
f 2810//2810 2813//2813 2844//2844
f 2810//2810 2844//2844 2846//2846
f 2815//2815 2810//2810 2846//2846
f 2815//2815 2846//2846 2845//2845
f 2831//2831 2772//2772 2780//2780
f 2823//2823 2772//2772 2831//2831
f 2823//2823 2773//2773 2772//2772
f 2828//2828 2773//2773 2823//2823
f 2828//2828 2784//2784 2773//2773
f 2828//2828 2787//2787 2784//2784
f 2837//2837 2787//2787 2828//2828
f 2837//2837 2798//2798 2787//2787
f 2841//2841 2798//2798 2837//2837
f 2841//2841 2797//2797 2798//2798
f 2832//2832 2797//2797 2841//2841
f 2832//2832 2799//2799 2797//2797
f 2832//2832 2782//2782 2799//2799
f 2831//2831 2782//2782 2832//2832
f 2831//2831 2780//2780 2782//2782
f 2808//2808 2755//2755 2809//2809
f 2808//2808 2753//2753 2755//2755
f 2812//2812 2753//2753 2808//2808
f 2812//2812 2754//2754 2753//2753
f 2812//2812 2760//2760 2754//2754
f 2811//2811 2760//2760 2812//2812
f 2811//2811 2759//2759 2760//2760
f 2811//2811 2763//2763 2759//2759
f 2814//2814 2763//2763 2811//2811
f 2814//2814 2768//2768 2763//2763
f 2809//2809 2768//2768 2814//2814
f 2809//2809 2774//2774 2768//2768
f 2809//2809 2757//2757 2774//2774
f 2809//2809 2755//2755 2757//2757
f 2795//2795 2829//2829 2835//2835
f 2781//2781 2829//2829 2795//2795
f 2781//2781 2824//2824 2829//2829
f 2777//2777 2824//2824 2781//2781
f 2778//2778 2824//2824 2777//2777
f 2778//2778 2826//2826 2824//2824
f 2785//2785 2826//2826 2778//2778
f 2785//2785 2835//2835 2826//2826
f 2795//2795 2835//2835 2785//2785
f 2789//2789 2833//2833 2839//2839
f 2788//2788 2833//2833 2789//2789
f 2783//2783 2833//2833 2788//2788
f 2783//2783 2834//2834 2833//2833
f 2786//2786 2834//2834 2783//2783
f 2786//2786 2839//2839 2834//2834
f 2789//2789 2839//2839 2786//2786
f 2792//2792 2842//2842 2840//2840
f 2790//2790 2842//2842 2792//2792
f 2790//2790 2836//2836 2842//2842
f 2791//2791 2836//2836 2790//2790
f 2791//2791 2838//2838 2836//2836
f 2794//2794 2838//2838 2791//2791
f 2794//2794 2840//2840 2838//2838
f 2792//2792 2840//2840 2794//2794
f 2771//2771 2821//2821 2822//2822
f 2769//2769 2821//2821 2771//2771
f 2769//2769 2818//2818 2821//2821
f 2766//2766 2818//2818 2769//2769
f 2766//2766 2827//2827 2818//2818
f 2776//2776 2827//2827 2766//2766
f 2779//2779 2827//2827 2776//2776
f 2779//2779 2830//2830 2827//2827
f 2779//2779 2822//2822 2830//2830
f 2771//2771 2822//2822 2779//2779
f 2765//2765 2817//2817 2820//2820
f 2762//2762 2817//2817 2765//2765
f 2762//2762 2816//2816 2817//2817
f 2767//2767 2816//2816 2762//2762
f 2767//2767 2819//2819 2816//2816
f 2770//2770 2819//2819 2767//2767
f 2770//2770 2820//2820 2819//2819
f 2765//2765 2820//2820 2770//2770
f 2848//2848 3328//3328 2852//2852
f 2848//2848 3318//3318 3328//3328
f 3318//3318 3334//3334 3328//3328
f 3318//3318 3323//3323 3334//3334
f 2849//2849 3323//3323 3318//3318
f 2849//2849 2851//2851 3323//3323
f 2852//2852 2854//2854 2850//2850
f 3329//3329 3323//3323 2851//2851
f 2854//2854 3327//3327 3329//3329
f 2854//2854 3321//3321 3327//3327
f 2853//2853 2855//2855 3332//3332
f 3334//3334 2855//2855 2853//2853
f 3323//3323 2855//2855 3334//3334
f 3325//3325 2855//2855 3323//3323
f 2855//2855 3322//3322 2856//2856
f 3325//3325 3322//3322 2855//2855
f 3325//3325 3326//3326 3322//3322
f 2853//2853 3332//3332 3333//3333
f 3304//3304 3314//3314 2858//2858
f 3187//3187 3305//3305 3316//3316
f 2857//2857 3305//3305 3187//3187
f 3315//3315 3305//3305 2857//2857
f 2858//2858 2863//2863 3303//3303
f 3314//3314 2860//2860 2858//2858
f 3301//3301 2860//2860 3314//3314
f 3301//3301 2862//2862 2860//2860
f 3316//3316 2862//2862 3301//3301
f 3302//3302 2862//2862 3316//3316
f 3305//3305 3303//3303 3302//3302
f 3315//3315 3303//3303 3305//3305
f 3315//3315 2858//2858 3303//3303
f 3304//3304 2858//2858 3315//3315
f 3310//3310 2859//2859 2863//2863
f 3311//3311 2859//2859 3310//3310
f 3303//3303 2863//2863 2861//2861
f 2862//2862 2865//2865 3309//3309
f 2861//2861 2865//2865 2862//2862
f 2861//2861 3306//3306 2865//2865
f 2863//2863 3306//3306 2861//2861
f 2867//2867 2865//2865 3306//3306
f 3312//3312 2867//2867 3306//3306
f 2867//2867 2866//2866 3313//3313
f 2867//2867 2868//2868 2866//2866
f 3307//3307 3007//3007 2868//2868
f 2869//2869 3298//3298 2872//2872
f 3299//3299 3295//3295 3298//3298
f 3299//3299 2870//2870 3295//3295
f 2871//2871 3297//3297 2870//2870
f 2871//2871 3193//3193 3297//3297
f 2869//2869 2872//2872 3193//3193
f 3300//3300 2873//2873 3297//3297
f 2875//2875 3285//3285 2874//2874
f 2875//2875 2876//2876 3285//3285
f 3300//3300 2878//2878 2873//2873
f 2872//2872 2878//2878 3300//3300
f 2872//2872 3296//3296 2878//2878
f 3285//3285 3294//3294 3286//3286
f 3285//3285 3292//3292 3294//3294
f 2877//2877 2880//2880 3292//3292
f 2877//2877 3289//3289 2880//2880
f 3288//3288 3289//3289 2877//2877
f 2878//2878 2874//2874 3288//3288
f 2880//2880 2881//2881 3293//3293
f 3289//3289 2881//2881 2880//2880
f 2884//2884 3268//3268 2883//2883
f 2887//2887 2889//2889 2885//2885
f 3268//3268 2887//2887 2885//2885
f 2884//2884 3282//3282 3268//3268
f 2884//2884 3283//3283 3282//3282
f 3284//3284 2886//2886 3283//3283
f 2888//2888 2890//2890 2887//2887
f 2886//2886 2891//2891 3281//3281
f 3272//3272 2891//2891 2886//2886
f 2885//2885 2889//2889 3272//3272
f 2887//2887 3269//3269 2889//2889
f 2890//2890 3269//3269 2887//2887
f 2891//2891 3274//3274 3273//3273
f 3269//3269 3271//3271 2889//2889
f 3276//3276 2894//2894 2893//2893
f 3277//3277 2894//2894 3276//3276
f 3277//3277 2895//2895 2894//2894
f 3191//3191 2896//2896 2901//2901
f 2896//2896 3252//3252 2901//2901
f 2899//2899 2898//2898 3253//3253
f 2901//2901 2898//2898 2899//2899
f 3191//3191 2901//2901 2899//2899
f 3252//3252 3255//3255 2900//2900
f 3254//3254 3255//3255 3252//3252
f 3262//3262 2905//2905 2904//2904
f 3262//3262 2907//2907 2905//2905
f 2906//2906 2907//2907 3262//3262
f 2906//2906 3263//3263 2907//2907
f 3265//3265 3030//3030 2908//2908
f 2904//2904 3030//3030 3265//3265
f 2904//2904 3259//3259 3030//3030
f 2905//2905 3259//3259 2904//2904
f 2905//2905 3260//3260 3259//3259
f 2907//2907 3260//3260 2905//2905
f 2910//2910 2912//2912 2909//2909
f 2911//2911 2912//2912 2910//2910
f 3239//3239 3247//3247 2916//2916
f 3247//3247 3244//3244 3249//3249
f 3246//3246 3244//3244 3247//3247
f 3246//3246 2917//2917 3244//3244
f 3246//3246 3245//3245 2917//2917
f 2916//2916 3247//3247 3250//3250
f 3250//3250 3243//3243 2919//2919
f 3250//3250 3247//3247 3243//3243
f 3251//3251 3032//3032 3249//3249
f 3241//3241 3032//3032 3251//3251
f 2918//2918 3240//3240 3241//3241
f 3243//3243 3242//3242 3240//3240
f 2921//2921 3215//3215 3216//3216
f 2921//2921 3212//3212 3215//3215
f 2922//2922 3212//3212 2921//2921
f 3213//3213 3211//3211 3183//3183
f 3180//3180 3216//3216 3213//3213
f 3212//3212 3227//3227 3215//3215
f 2922//2922 3227//3227 3212//3212
f 2922//2922 2926//2926 3227//3227
f 3214//3214 2926//2926 2922//2922
f 3214//3214 2923//2923 2926//2926
f 3215//3215 2927//2927 3216//3216
f 3227//3227 3226//3226 2925//2925
f 2926//2926 3226//3226 3227//3227
f 2927//2927 3222//3222 3221//3221
f 2927//2927 3215//3215 3222//3222
f 3221//3221 3225//3225 3229//3229
f 3229//3229 3224//3224 3218//3218
f 3225//3225 3224//3224 3229//3229
f 3202//3202 3201//3201 3179//3179
f 2931//2931 3202//3202 3179//3179
f 2932//2932 3200//3200 3201//3201
f 3198//3198 2932//2932 3201//3201
f 2929//2929 3198//3198 3202//3202
f 3207//3207 3206//3206 2934//2934
f 3210//3210 3207//3207 2934//2934
f 2937//2937 3207//3207 3210//3210
f 2932//2932 2938//2938 2937//2937
f 2933//2933 2938//2938 2932//2932
f 3198//3198 2934//2934 2933//2933
f 2935//2935 3204//3204 3207//3207
f 2936//2936 2935//2935 3207//3207
f 2938//2938 3208//3208 2937//2937
f 2938//2938 2939//2939 3208//3208
f 2933//2933 2939//2939 2938//2938
f 2933//2933 3206//3206 2939//2939
f 2934//2934 3206//3206 2933//2933
f 3203//3203 2935//2935 2936//2936
f 3204//3204 3206//3206 3207//3207
f 3204//3204 2940//2940 3209//3209
f 2942//2942 2941//2941 2943//2943
f 2944//2944 2943//2943 2945//2945
f 2944//2944 2942//2942 2943//2943
f 2946//2946 2945//2945 2947//2947
f 2946//2946 2944//2944 2945//2945
f 2948//2948 2946//2946 2947//2947
f 2948//2948 2947//2947 2949//2949
f 2950//2950 2948//2948 2949//2949
f 2950//2950 2949//2949 2951//2951
f 2952//2952 2950//2950 2951//2951
f 2952//2952 2951//2951 2954//2954
f 2953//2953 2952//2952 2954//2954
f 2953//2953 2954//2954 2956//2956
f 2955//2955 2953//2953 2956//2956
f 2955//2955 2956//2956 2958//2958
f 2957//2957 2955//2955 2958//2958
f 2959//2959 2957//2957 2958//2958
f 2959//2959 2958//2958 2960//2960
f 2961//2961 2960//2960 2962//2962
f 2961//2961 2959//2959 2960//2960
f 2963//2963 2961//2961 2962//2962
f 2963//2963 2962//2962 2964//2964
f 2965//2965 2964//2964 2966//2966
f 2965//2965 2963//2963 2964//2964
f 2967//2967 2965//2965 2966//2966
f 2967//2967 2966//2966 2969//2969
f 2968//2968 2967//2967 2969//2969
f 2968//2968 2969//2969 2971//2971
f 2970//2970 2968//2968 2971//2971
f 2972//2972 2971//2971 2973//2973
f 2972//2972 2970//2970 2971//2971
f 2974//2974 2973//2973 2976//2976
f 2974//2974 2972//2972 2973//2973
f 2975//2975 2974//2974 2976//2976
f 2975//2975 2976//2976 2978//2978
f 2977//2977 2975//2975 2978//2978
f 2979//2979 2978//2978 2980//2980
f 2979//2979 2977//2977 2978//2978
f 2982//2982 2979//2979 2980//2980
f 2982//2982 2980//2980 2981//2981
f 2982//2982 2981//2981 2983//2983
f 2984//2984 2982//2982 2983//2983
f 2984//2984 2983//2983 2985//2985
f 2986//2986 2984//2984 2985//2985
f 2986//2986 2985//2985 2988//2988
f 2987//2987 2986//2986 2988//2988
f 2987//2987 2988//2988 2989//2989
f 2997//2997 2989//2989 2990//2990
f 2997//2997 2987//2987 2989//2989
f 2991//2991 2997//2997 2990//2990
f 2991//2991 2990//2990 2992//2992
f 2993//2993 2991//2991 2992//2992
f 2993//2993 2992//2992 2994//2994
f 2995//2995 2993//2993 2994//2994
f 2995//2995 2994//2994 2941//2941
f 2942//2942 2995//2995 2941//2941
f 2995//2995 2942//2942 3005//3005
f 2996//2996 2995//2995 3005//3005
f 2993//2993 2995//2995 2996//2996
f 2991//2991 2993//2993 2996//2996
f 2997//2997 2991//2991 2996//2996
f 2987//2987 2997//2997 2998//2998
f 2986//2986 2987//2987 2998//2998
f 2999//2999 2986//2986 2998//2998
f 2984//2984 2986//2986 2999//2999
f 2982//2982 2984//2984 2999//2999
f 3000//3000 2982//2982 2999//2999
f 2979//2979 2982//2982 3000//3000
f 2977//2977 2979//2979 3000//3000
f 2975//2975 2977//2977 3000//3000
f 3001//3001 2974//2974 2975//2975
f 2972//2972 2974//2974 3001//3001
f 2970//2970 2972//2972 3001//3001
f 3028//3028 2970//2970 3001//3001
f 2968//2968 2970//2970 3028//3028
f 2868//2868 3003//3003 3002//3002
f 3007//3007 3003//3003 2868//2868
f 2866//2866 2868//2868 3002//3002
f 2866//2866 3002//3002 3006//3006
f 3324//3324 3331//3331 3005//3005
f 3008//3008 3004//3004 3006//3006
f 3324//3324 3005//3005 3003//3003
f 3324//3324 3003//3003 3007//3007
f 3004//3004 2866//2866 3006//3006
f 3004//3004 3011//3011 2866//2866
f 3008//3008 3006//3006 2957//2957
f 3009//3009 3005//3005 3331//3331
f 3013//3013 3011//3011 3004//3004
f 3009//3009 2996//2996 3005//3005
f 3324//3324 3007//3007 3011//3011
f 2882//2882 3008//3008 2957//2957
f 3015//3015 2882//2882 2957//2957
f 3012//3012 3010//3010 3011//3011
f 3010//3010 3324//3324 3011//3011
f 3012//3012 3011//3011 3013//3013
f 3014//3014 3324//3324 3010//3010
f 3014//3014 3320//3320 3324//3324
f 3017//3017 3012//3012 3013//3013
f 3014//3014 3016//3016 3320//3320
f 2894//2894 2882//2882 3015//3015
f 3209//3209 2996//2996 3009//3009
f 3209//3209 2940//2940 2996//2996
f 2895//2895 2882//2882 2894//2894
f 3209//3209 3009//3009 3016//3016
f 2940//2940 2997//2997 2996//2996
f 2894//2894 3015//3015 3020//3020
f 3019//3019 2997//2997 2940//2940
f 2895//2895 3013//3013 2882//2882
f 2895//2895 3017//3017 3013//3013
f 3209//3209 3016//3016 3014//3014
f 2895//2895 3018//3018 3017//3017
f 2893//2893 2894//2894 3020//3020
f 3018//3018 2895//2895 2892//2892
f 3022//3022 3209//3209 3014//3014
f 2998//2998 2997//2997 3019//3019
f 3022//3022 3021//3021 3209//3209
f 2998//2998 3019//3019 3021//3021
f 3028//3028 2893//2893 3020//3020
f 3028//3028 2892//2892 2893//2893
f 3261//3261 3018//3018 2892//2892
f 3228//3228 3021//3021 3022//3022
f 3219//3219 3228//3228 3022//3022
f 3261//3261 3023//3023 3018//3018
f 3026//3026 3261//3261 2892//2892
f 3026//3026 2892//2892 3028//3028
f 3228//3228 2998//2998 3021//3021
f 3257//3257 3023//3023 3261//3261
f 3031//3031 3022//3022 3024//3024
f 3031//3031 3219//3219 3022//3022
f 2998//2998 3228//3228 3025//3025
f 2999//2999 2998//2998 3025//3025
f 3248//3248 3027//3027 3023//3023
f 3248//3248 3024//3024 3027//3027
f 3029//3029 3248//3248 3023//3023
f 3248//3248 3031//3031 3024//3024
f 3029//3029 3023//3023 3257//3257
f 3032//3032 3031//3031 3248//3248
f 3028//3028 3030//3030 3026//3026
f 3001//3001 3030//3030 3028//3028
f 2999//2999 3025//3025 3031//3031
f 3001//3001 3257//3257 3030//3030
f 3000//3000 3031//3031 3032//3032
f 3000//3000 2999//2999 3031//3031
f 3001//3001 3029//3029 3257//3257
f 2975//2975 3029//3029 3001//3001
f 3000//3000 3032//3032 3033//3033
f 2975//2975 3033//3033 3029//3029
f 3000//3000 3033//3033 2975//2975
f 2967//2967 2968//2968 3028//3028
f 2965//2965 2967//2967 3028//3028
f 3020//3020 2965//2965 3028//3028
f 2963//2963 2965//2965 3020//3020
f 2961//2961 2963//2963 3020//3020
f 3015//3015 2961//2961 3020//3020
f 2959//2959 2961//2961 3015//3015
f 2957//2957 2959//2959 3015//3015
f 3006//3006 2955//2955 2957//2957
f 2953//2953 2955//2955 3006//3006
f 2952//2952 2953//2953 3006//3006
f 3002//3002 2952//2952 3006//3006
f 2950//2950 2952//2952 3002//3002
f 2948//2948 2950//2950 3002//3002
f 3003//3003 2948//2948 3002//3002
f 2946//2946 2948//2948 3003//3003
f 2944//2944 2946//2946 3003//3003
f 3005//3005 2944//2944 3003//3003
f 2942//2942 2944//2944 3005//3005
f 3027//3027 3034//3034 3023//3023
f 3027//3027 3035//3035 3034//3034
f 3024//3024 3035//3035 3027//3027
f 3024//3024 3036//3036 3035//3035
f 3022//3022 3036//3036 3024//3024
f 3022//3022 3037//3037 3036//3036
f 3014//3014 3037//3037 3022//3022
f 3014//3014 3038//3038 3037//3037
f 3010//3010 3038//3038 3014//3014
f 3010//3010 3039//3039 3038//3038
f 3012//3012 3039//3039 3010//3010
f 3012//3012 3040//3040 3039//3039
f 3017//3017 3040//3040 3012//3012
f 3017//3017 3041//3041 3040//3040
f 3018//3018 3041//3041 3017//3017
f 3018//3018 3042//3042 3041//3041
f 3023//3023 3042//3042 3018//3018
f 3023//3023 3034//3034 3042//3042
f 3043//3043 3034//3034 3035//3035
f 3043//3043 3035//3035 3036//3036
f 3045//3045 3043//3043 3036//3036
f 3044//3044 3034//3034 3043//3043
f 3045//3045 3036//3036 3037//3037
f 3044//3044 3042//3042 3034//3034
f 3047//3047 3045//3045 3037//3037
f 3046//3046 3042//3042 3044//3044
f 3046//3046 3041//3041 3042//3042
f 3038//3038 3047//3047 3037//3037
f 3038//3038 3048//3048 3047//3047
f 3040//3040 3041//3041 3046//3046
f 3039//3039 3048//3048 3038//3038
f 3039//3039 3040//3040 3046//3046
f 3039//3039 3046//3046 3048//3048
f 3043//3043 3049//3049 3044//3044
f 3043//3043 3050//3050 3049//3049
f 3045//3045 3051//3051 3050//3050
f 3045//3045 3050//3050 3043//3043
f 3047//3047 3051//3051 3045//3045
f 3047//3047 3052//3052 3051//3051
f 3047//3047 3053//3053 3052//3052
f 3048//3048 3053//3053 3047//3047
f 3048//3048 3054//3054 3053//3053
f 3046//3046 3055//3055 3054//3054
f 3046//3046 3054//3054 3048//3048
f 3046//3046 3056//3056 3055//3055
f 3044//3044 3056//3056 3046//3046
f 3044//3044 3049//3049 3056//3056
f 3063//3063 3058//3058 3062//3062
f 3064//3064 3060//3060 3059//3059
f 3065//3065 3062//3062 3057//3057
f 3067//3067 3060//3060 3064//3064
f 3068//3068 3065//3065 3061//3061
f 3077//3077 3066//3066 3067//3067
f 3071//3071 3068//3068 3069//3069
f 3072//3072 3070//3070 3077//3077
f 3052//3052 3063//3063 3062//3062
f 3052//3052 3062//3062 3065//3065
f 3053//3053 3063//3063 3052//3052
f 3053//3053 3064//3064 3063//3063
f 3079//3079 3072//3072 3077//3077
f 3053//3053 3067//3067 3064//3064
f 3052//3052 3065//3065 3068//3068
f 3051//3051 3052//3052 3068//3068
f 3078//3078 3071//3071 3073//3073
f 3053//3053 3077//3077 3067//3067
f 3051//3051 3068//3068 3071//3071
f 3054//3054 3077//3077 3053//3053
f 3076//3076 3078//3078 3074//3074
f 3054//3054 3079//3079 3077//3077
f 3051//3051 3071//3071 3078//3078
f 3083//3083 3075//3075 3079//3079
f 3084//3084 3078//3078 3076//3076
f 3050//3050 3051//3051 3078//3078
f 3054//3054 3083//3083 3079//3079
f 3050//3050 3078//3078 3084//3084
f 3086//3086 3081//3081 3080//3080
f 3086//3086 3083//3083 3054//3054
f 3086//3086 3080//3080 3083//3083
f 3085//3085 3050//3050 3084//3084
f 3085//3085 3084//3084 3082//3082
f 3088//3088 3087//3087 3086//3086
f 3090//3090 3086//3086 3054//3054
f 3090//3090 3088//3088 3086//3086
f 3090//3090 3054//3054 3055//3055
f 3091//3091 3050//3050 3085//3085
f 3091//3091 3049//3049 3050//3050
f 3091//3091 3085//3085 3089//3089
f 3094//3094 3092//3092 3090//3090
f 3094//3094 3090//3090 3055//3055
f 3093//3093 3049//3049 3091//3091
f 3095//3095 3049//3049 3093//3093
f 3097//3097 3094//3094 3055//3055
f 3098//3098 3049//3049 3095//3095
f 3096//3096 3098//3098 3095//3095
f 3099//3099 3101//3101 3097//3097
f 3099//3099 3097//3097 3055//3055
f 3100//3100 3049//3049 3098//3098
f 3102//3102 3100//3100 3098//3098
f 3103//3103 3099//3099 3055//3055
f 3103//3103 3055//3055 3056//3056
f 3104//3104 3056//3056 3049//3049
f 3104//3104 3049//3049 3100//3100
f 3105//3105 3103//3103 3056//3056
f 3110//3110 3105//3105 3056//3056
f 3108//3108 3104//3104 3100//3100
f 3106//3106 3056//3056 3104//3104
f 3106//3106 3110//3110 3056//3056
f 3107//3107 3099//3099 3103//3103
f 3111//3111 3106//3106 3104//3104
f 3109//3109 3103//3103 3105//3105
f 3112//3112 3110//3110 3106//3106
f 3112//3112 3113//3113 3110//3110
f 3114//3114 3094//3094 3137//3137
f 3114//3114 3137//3137 3115//3115
f 3114//3114 3092//3092 3094//3094
f 3115//3115 3092//3092 3114//3114
f 3117//3117 3155//3155 3119//3119
f 3116//3116 3117//3117 3119//3119
f 3118//3118 3155//3155 3117//3117
f 3120//3120 3116//3116 3119//3119
f 3118//3118 3121//3121 3155//3155
f 3362//3362 3121//3121 3118//3118
f 3363//3363 3121//3121 3362//3362
f 3122//3122 3120//3120 3119//3119
f 3122//3122 3119//3119 3126//3126
f 3123//3123 3121//3121 3363//3363
f 3124//3124 3121//3121 3123//3123
f 3124//3124 3158//3158 3121//3121
f 3125//3125 3122//3122 3126//3126
f 3128//3128 3158//3158 3124//3124
f 3127//3127 3125//3125 3126//3126
f 3129//3129 3127//3127 3126//3126
f 3130//3130 3158//3158 3128//3128
f 3132//3132 3129//3129 3126//3126
f 3130//3130 3133//3133 3158//3158
f 3131//3131 3133//3133 3130//3130
f 3132//3132 3126//3126 3135//3135
f 3351//3351 3132//3132 3135//3135
f 3134//3134 3133//3133 3131//3131
f 3368//3368 3133//3133 3134//3134
f 3133//3133 3368//3368 3115//3115
f 3135//3135 3349//3349 3351//3351
f 3136//3136 3133//3133 3115//3115
f 3136//3136 3115//3115 3137//3137
f 3135//3135 3350//3350 3349//3349
f 3140//3140 3350//3350 3135//3135
f 3136//3136 3137//3137 3336//3336
f 3136//3136 3336//3336 3138//3138
f 3140//3140 3139//3139 3350//3350
f 3140//3140 3347//3347 3139//3139
f 3143//3143 3136//3136 3138//3138
f 3143//3143 3138//3138 3337//3337
f 3140//3140 3141//3141 3347//3347
f 3143//3143 3337//3337 3142//3142
f 3145//3145 3141//3141 3140//3140
f 3145//3145 3144//3144 3141//3141
f 3145//3145 3143//3143 3142//3142
f 3145//3145 3142//3142 3341//3341
f 3145//3145 3343//3343 3144//3144
f 3145//3145 3341//3341 3343//3343
f 3147//3147 3146//3146 3136//3136
f 3147//3147 3136//3136 3143//3143
f 3148//3148 3147//3147 3143//3143
f 3148//3148 3143//3143 3145//3145
f 3149//3149 3145//3145 3140//3140
f 3150//3150 3149//3149 3140//3140
f 3150//3150 3140//3140 3135//3135
f 3151//3151 3150//3150 3135//3135
f 3151//3151 3135//3135 3126//3126
f 3152//3152 3151//3151 3126//3126
f 3153//3153 3152//3152 3126//3126
f 3153//3153 3126//3126 3119//3119
f 3154//3154 3153//3153 3119//3119
f 3155//3155 3154//3154 3119//3119
f 3156//3156 3155//3155 3121//3121
f 3157//3157 3156//3156 3121//3121
f 3157//3157 3121//3121 3158//3158
f 3159//3159 3158//3158 3133//3133
f 3160//3160 3159//3159 3133//3133
f 3160//3160 3133//3133 3136//3136
f 3146//3146 3160//3160 3136//3136
f 3156//3156 3157//3157 3161//3161
f 3156//3156 3161//3161 3162//3162
f 3155//3155 3156//3156 3162//3162
f 3154//3154 3155//3155 3162//3162
f 3154//3154 3162//3162 3163//3163
f 3153//3153 3154//3154 3163//3163
f 3153//3153 3163//3163 3164//3164
f 3152//3152 3153//3153 3164//3164
f 3152//3152 3164//3164 3165//3165
f 3151//3151 3152//3152 3165//3165
f 3151//3151 3165//3165 3166//3166
f 3150//3150 3151//3151 3166//3166
f 3150//3150 3166//3166 3167//3167
f 3149//3149 3150//3150 3167//3167
f 3149//3149 3167//3167 3168//3168
f 3145//3145 3149//3149 3168//3168
f 3145//3145 3168//3168 3169//3169
f 3148//3148 3145//3145 3169//3169
f 3148//3148 3169//3169 3170//3170
f 3147//3147 3148//3148 3170//3170
f 3147//3147 3170//3170 3171//3171
f 3146//3146 3147//3147 3171//3171
f 3146//3146 3171//3171 3172//3172
f 3160//3160 3146//3146 3172//3172
f 3159//3159 3160//3160 3172//3172
f 3159//3159 3172//3172 3173//3173
f 3158//3158 3159//3159 3173//3173
f 3157//3157 3158//3158 3173//3173
f 3157//3157 3173//3173 3161//3161
f 2928//2928 2931//2931 3175//3175
f 2931//2931 3174//3174 3175//3175
f 3199//3199 2928//2928 3175//3175
f 3199//3199 3175//3175 3176//3176
f 3179//3179 3174//3174 2931//2931
f 3319//3319 2848//2848 3177//3177
f 2920//2920 3180//3180 2985//2985
f 3319//3319 3177//3177 3174//3174
f 2920//2920 2985//2985 2981//2981
f 3180//3180 3176//3176 2985//2985
f 2848//2848 3178//3178 3177//3177
f 3182//3182 3319//3319 3174//3174
f 3182//3182 3174//3174 3179//3179
f 3180//3180 3199//3199 3176//3176
f 2847//2847 3178//3178 2848//2848
f 2920//2920 2981//2981 3184//3184
f 3181//3181 2920//2920 3184//3184
f 3162//3162 3179//3179 3199//3199
f 3163//3163 3162//3162 3199//3199
f 3162//3162 3182//3182 3179//3179
f 3163//3163 3199//3199 3180//3180
f 3161//3161 3182//3182 3162//3162
f 3163//3163 3180//3180 3183//3183
f 3164//3164 3163//3163 3183//3183
f 3173//3173 3182//3182 3161//3161
f 3164//3164 3183//3183 3181//3181
f 3173//3173 2847//2847 3182//3182
f 3314//3314 3178//3178 2847//2847
f 3314//3314 3185//3185 3178//3178
f 2910//2910 3181//3181 3184//3184
f 2857//2857 3185//3185 3314//3314
f 2911//2911 2910//2910 3184//3184
f 2910//2910 3164//3164 3181//3181
f 3314//3314 2847//2847 3173//3173
f 2910//2910 3165//3165 3164//3164
f 3301//3301 3314//3314 3173//3173
f 3301//3301 3173//3173 3172//3172
f 3192//3192 3165//3165 2910//2910
f 2913//2913 2911//2911 3184//3184
f 3186//3186 3185//3185 2857//2857
f 3188//3188 2913//2913 3184//3184
f 3166//3166 3165//3165 3192//3192
f 3172//3172 3187//3187 3301//3301
f 3186//3186 2857//2857 3187//3187
f 3188//3188 3192//3192 2913//2913
f 3189//3189 3186//3186 3187//3187
f 3190//3190 3192//3192 3188//3188
f 2871//2871 3172//3172 3171//3171
f 3191//3191 3166//3166 3192//3192
f 2871//2871 3187//3187 3172//3172
f 3191//3191 3167//3167 3166//3166
f 2899//2899 3167//3167 3191//3191
f 3193//3193 2871//2871 3171//3171
f 3191//3191 3192//3192 3190//3190
f 2871//2871 3189//3189 3187//3187
f 3299//3299 3189//3189 2871//2871
f 3193//3193 3171//3171 3170//3170
f 3194//3194 3167//3167 2899//2899
f 3194//3194 3168//3168 3167//3167
f 3190//3190 2896//2896 3191//3191
f 2956//2956 3189//3189 3299//3299
f 2956//2956 3299//3299 2869//2869
f 2883//2883 3169//3169 3168//3168
f 3190//3190 2897//2897 2896//2896
f 2884//2884 2883//2883 3168//3168
f 2883//2883 3170//3170 3169//3169
f 3266//3266 3170//3170 2883//2883
f 3266//3266 3193//3193 3170//3170
f 2884//2884 3168//3168 3194//3194
f 3196//3196 2897//2897 3190//3190
f 3195//3195 2956//2956 2869//2869
f 3196//3196 3194//3194 2897//2897
f 3195//3195 2869//2869 3193//3193
f 3196//3196 2884//2884 3194//3194
f 3195//3195 3193//3193 3266//3266
f 3197//3197 3195//3195 3266//3266
f 2964//2964 2884//2884 3196//3196
f 3197//3197 3266//3266 3283//3283
f 2964//2964 3283//3283 2884//2884
f 2964//2964 3197//3197 3283//3283
f 2983//2983 2981//2981 2985//2985
f 2988//2988 2985//2985 3176//3176
f 2989//2989 2988//2988 3176//3176
f 2989//2989 3176//3176 3175//3175
f 2990//2990 2989//2989 3175//3175
f 2992//2992 2990//2990 3175//3175
f 2992//2992 3175//3175 3174//3174
f 2994//2994 2992//2992 3174//3174
f 2994//2994 3174//3174 3177//3177
f 2941//2941 2994//2994 3177//3177
f 2941//2941 3177//3177 3178//3178
f 2943//2943 2941//2941 3178//3178
f 2945//2945 2943//2943 3178//3178
f 2945//2945 3178//3178 3185//3185
f 2947//2947 2945//2945 3185//3185
f 2949//2949 2947//2947 3185//3185
f 2949//2949 3185//3185 3186//3186
f 2951//2951 2949//2949 3186//3186
f 2951//2951 3186//3186 3189//3189
f 2954//2954 2951//2951 3189//3189
f 2954//2954 3189//3189 2956//2956
f 3195//3195 2958//2958 2956//2956
f 2960//2960 2958//2958 3195//3195
f 3197//3197 2960//2960 3195//3195
f 2962//2962 2960//2960 3197//3197
f 2964//2964 2962//2962 3197//3197
f 2966//2966 2964//2964 3196//3196
f 2969//2969 2966//2966 3196//3196
f 3190//3190 2969//2969 3196//3196
f 2971//2971 2969//2969 3190//3190
f 2973//2973 2971//2971 3190//3190
f 3188//3188 2973//2973 3190//3190
f 2976//2976 2973//2973 3188//3188
f 3184//3184 2976//2976 3188//3188
f 2978//2978 2976//2976 3184//3184
f 2980//2980 2978//2978 3184//3184
f 2981//2981 2980//2980 3184//3184
f 2930//2930 3200//3200 3210//3210
f 2930//2930 3210//3210 2929//2929
f 2928//2928 2929//2929 2931//2931
f 3202//3202 2931//2931 2929//2929
f 2930//2930 2928//2928 3199//3199
f 2929//2929 3210//3210 2934//2934
f 3199//3199 3200//3200 2930//2930
f 3200//3200 2932//2932 2937//2937
f 2932//2932 3198//3198 2933//2933
f 3198//3198 2929//2929 2934//2934
f 3198//3198 3201//3201 3202//3202
f 2930//2930 2929//2929 2928//2928
f 3199//3199 3201//3201 3200//3200
f 3199//3199 3179//3179 3201//3201
f 3200//3200 2937//2937 3210//3210
f 3205//3205 3206//3206 3204//3204
f 2940//2940 3204//3204 2935//2935
f 2936//2936 3207//3207 2937//2937
f 3203//3203 2936//2936 2937//2937
f 2939//2939 3205//3205 3208//3208
f 3206//3206 3205//3205 2939//2939
f 2937//2937 3208//3208 3203//3203
f 2935//2935 3019//3019 2940//2940
f 2935//2935 3021//3021 3019//3019
f 3203//3203 3021//3021 2935//2935
f 3208//3208 3021//3021 3203//3203
f 3208//3208 3209//3209 3021//3021
f 3205//3205 3209//3209 3208//3208
f 3205//3205 3204//3204 3209//3209
f 2922//2922 2921//2921 3180//3180
f 2922//2922 3180//3180 2920//2920
f 3216//3216 3180//3180 2921//2921
f 3214//3214 2920//2920 3181//3181
f 3213//3213 3183//3183 3180//3180
f 3213//3213 3216//3216 2927//2927
f 3181//3181 3211//3211 3214//3214
f 2923//2923 2927//2927 3221//3221
f 3211//3211 2923//2923 3214//3214
f 2922//2922 2920//2920 3214//3214
f 2926//2926 2923//2923 3221//3221
f 3213//3213 2927//2927 2923//2923
f 3183//3183 3211//3211 3181//3181
f 2923//2923 3211//3211 3213//3213
f 3220//3220 3219//3219 3217//3217
f 3218//3218 3226//3226 3229//3229
f 3221//3221 3222//3222 3225//3225
f 3226//3226 2926//2926 3229//3229
f 2926//2926 3221//3221 3229//3229
f 3223//3223 3025//3025 3228//3228
f 3218//3218 3025//3025 3223//3223
f 3224//3224 3025//3025 3218//3218
f 3224//3224 3031//3031 3025//3025
f 3217//3217 3031//3031 3224//3224
f 3217//3217 3219//3219 3031//3031
f 3220//3220 2924//2924 2925//2925
f 3225//3225 3222//3222 2924//2924
f 3223//3223 3228//3228 3220//3220
f 3225//3225 3217//3217 3224//3224
f 3228//3228 3219//3219 3220//3220
f 3226//3226 3223//3223 2925//2925
f 3226//3226 3218//3218 3223//3223
f 2925//2925 3223//3223 3220//3220
f 3217//3217 2924//2924 3220//3220
f 3215//3215 2924//2924 3222//3222
f 3215//3215 2925//2925 2924//2924
f 3215//3215 3227//3227 2925//2925
f 3225//3225 2924//2924 3217//3217
f 3237//3237 3232//3232 2914//2914
f 3236//3236 3232//3232 3235//3235
f 2909//2909 3234//3234 3233//3233
f 3235//3235 3233//3233 3236//3236
f 3234//3234 2912//2912 2911//2911
f 3230//3230 3237//3237 2914//2914
f 3235//3235 2909//2909 3233//3233
f 2913//2913 3237//3237 3230//3230
f 3238//3238 2915//2915 3231//3231
f 2912//2912 3234//3234 2909//2909
f 3237//3237 2913//2913 3192//3192
f 2911//2911 3230//3230 3234//3234
f 2913//2913 3230//3230 2911//2911
f 2909//2909 3235//3235 2910//2910
f 3235//3235 3192//3192 2910//2910
f 2916//2916 3233//3233 3234//3234
f 3239//3239 3234//3234 3230//3230
f 3232//3232 3237//3237 3192//3192
f 3235//3235 3232//3232 3192//3192
f 3239//3239 3230//3230 2914//2914
f 3236//3236 3231//3231 3232//3232
f 2916//2916 3234//3234 3239//3239
f 3238//3238 3250//3250 2915//2915
f 2914//2914 3232//3232 3231//3231
f 3238//3238 2916//2916 3250//3250
f 3231//3231 3236//3236 3238//3238
f 2916//2916 3236//3236 3233//3233
f 3238//3238 3236//3236 2916//2916
f 3244//3244 2917//2917 3251//3251
f 2918//2918 2917//2917 3245//3245
f 2918//2918 2919//2919 3240//3240
f 3251//3251 3249//3249 3244//3244
f 2918//2918 3245//3245 2919//2919
f 3243//3243 3240//3240 2919//2919
f 3247//3247 3249//3249 3243//3243
f 3248//3248 3242//3242 3249//3249
f 3248//3248 3249//3249 3032//3032
f 3246//3246 3239//3239 2914//2914
f 3245//3245 2914//2914 3231//3231
f 2915//2915 2919//2919 3245//3245
f 3246//3246 3247//3247 3239//3239
f 2914//2914 3245//3245 3246//3246
f 3249//3249 3242//3242 3243//3243
f 2917//2917 3241//3241 3251//3251
f 2919//2919 2915//2915 3250//3250
f 2915//2915 3245//3245 3231//3231
f 2917//2917 2918//2918 3241//3241
f 3241//3241 3033//3033 3032//3032
f 3240//3240 3033//3033 3241//3241
f 3240//3240 3029//3029 3033//3033
f 3242//3242 3029//3029 3240//3240
f 3242//3242 3248//3248 3029//3029
f 2897//2897 3252//3252 2896//2896
f 3254//3254 2903//2903 3255//3255
f 2903//2903 3253//3253 2898//2898
f 2903//2903 3254//3254 3253//3253
f 2898//2898 3258//3258 2903//2903
f 3258//3258 2898//2898 2901//2901
f 3258//3258 2901//2901 2900//2900
f 3252//3252 2900//2900 2901//2901
f 3254//3254 2897//2897 3194//3194
f 3254//3254 3252//3252 2897//2897
f 3253//3253 3194//3194 2899//2899
f 3194//3194 3253//3253 3254//3254
f 3261//3261 3260//3260 3256//3256
f 3256//3256 3260//3260 2907//2907
f 2900//2900 3264//3264 3258//3258
f 3255//3255 2902//2902 2900//2900
f 3257//3257 3256//3256 2908//2908
f 3030//3030 3257//3257 2908//2908
f 2900//2900 2902//2902 3264//3264
f 3257//3257 3261//3261 3256//3256
f 3256//3256 2907//2907 3263//3263
f 2903//2903 3262//3262 3255//3255
f 2906//2906 3262//3262 2903//2903
f 2903//2903 3258//3258 2906//2906
f 3259//3259 3026//3026 3030//3030
f 3260//3260 3026//3026 3259//3259
f 3260//3260 3261//3261 3026//3026
f 3264//3264 3265//3265 2908//2908
f 2904//2904 2902//2902 3255//3255
f 3255//3255 3262//3262 2904//2904
f 3258//3258 3263//3263 2906//2906
f 3258//3258 3264//3264 3263//3263
f 3264//3264 2908//2908 3263//3263
f 3265//3265 3264//3264 2902//2902
f 2904//2904 3265//3265 2902//2902
f 3263//3263 2908//2908 3256//3256
f 3281//3281 3283//3283 2886//2886
f 3268//3268 2888//2888 2887//2887
f 3268//3268 3282//3282 2888//2888
f 3282//3282 3283//3283 3281//3281
f 2883//2883 2885//2885 3267//3267
f 3268//3268 2885//2885 2883//2883
f 3284//3284 3283//3283 3266//3266
f 3271//3271 2891//2891 2889//2889
f 3269//3269 2890//2890 3270//3270
f 2890//2890 2888//2888 3275//3275
f 2890//2890 3273//3273 3270//3270
f 3280//3280 3270//3270 3273//3273
f 3274//3274 3280//3280 3273//3273
f 2891//2891 3271//3271 3274//3274
f 2888//2888 3281//3281 3275//3275
f 3278//3278 2895//2895 3277//3277
f 2892//2892 2895//2895 3278//3278
f 3270//3270 2892//2892 3278//3278
f 3270//3270 3280//3280 2892//2892
f 3279//3279 3276//3276 2893//2893
f 3271//3271 3277//3277 3276//3276
f 3272//3272 2889//2889 2891//2891
f 3278//3278 3277//3277 3269//3269
f 2892//2892 3280//3280 2893//2893
f 3269//3269 3277//3277 3271//3271
f 3273//3273 2890//2890 3275//3275
f 3273//3273 3281//3281 2891//2891
f 3280//3280 3279//3279 2893//2893
f 3274//3274 3276//3276 3279//3279
f 3280//3280 3274//3274 3279//3279
f 3276//3276 3274//3274 3271//3271
f 3270//3270 3278//3278 3269//3269
f 3273//3273 3275//3275 3281//3281
f 3282//3282 3281//3281 2888//2888
f 3284//3284 3272//3272 2886//2886
f 3267//3267 3266//3266 2883//2883
f 3284//3284 3267//3267 3272//3272
f 3267//3267 2885//2885 3272//3272
f 3267//3267 3284//3284 3266//3266
f 3193//3193 2872//2872 3300//3300
f 2870//2870 3299//3299 2871//2871
f 2872//2872 3298//3298 3296//3296
f 3295//3295 2870//2870 3297//3297
f 3193//3193 3300//3300 3297//3297
f 2869//2869 3299//3299 3298//3298
f 3013//3013 3287//3287 3290//3290
f 3286//3286 2879//2879 3287//3287
f 2876//2876 2875//2875 3295//3295
f 2876//2876 3295//3295 3297//3297
f 3291//3291 2881//2881 3289//3289
f 2876//2876 2877//2877 3292//3292
f 3289//3289 3287//3287 3291//3291
f 2874//2874 3286//3286 3288//3288
f 2876//2876 3292//3292 3285//3285
f 2875//2875 2874//2874 3296//3296
f 3287//3287 3289//3289 3286//3286
f 3286//3286 3294//3294 2879//2879
f 3286//3286 2874//2874 3285//3285
f 3296//3296 2874//2874 2878//2878
f 3008//3008 2882//2882 3294//3294
f 3293//3293 3008//3008 3294//3294
f 2881//2881 3008//3008 3293//3293
f 2881//2881 3004//3004 3008//3008
f 3291//3291 3004//3004 2881//2881
f 3291//3291 3013//3013 3004//3004
f 3287//3287 3013//3013 3291//3291
f 2879//2879 3290//3290 3287//3287
f 2882//2882 3013//3013 3290//3290
f 2879//2879 3294//3294 2882//2882
f 2873//2873 3288//3288 2877//2877
f 3294//3294 3292//3292 3293//3293
f 2882//2882 3290//3290 2879//2879
f 3293//3293 3292//3292 2880//2880
f 3288//3288 2873//2873 2878//2878
f 3289//3289 3288//3288 3286//3286
f 2875//2875 3298//3298 3295//3295
f 2877//2877 2876//2876 3297//3297
f 2875//2875 3296//3296 3298//3298
f 2877//2877 3297//3297 2873//2873
f 3304//3304 2857//2857 3314//3314
f 3311//3311 2858//2858 2860//2860
f 3311//3311 3310//3310 2858//2858
f 3304//3304 3315//3315 2857//2857
f 3313//3313 3011//3011 3308//3308
f 2860//2860 3309//3309 3311//3311
f 2867//2867 3313//3313 2865//2865
f 3311//3311 3309//3309 2859//2859
f 2863//2863 2858//2858 3310//3310
f 3312//3312 3306//3306 2863//2863
f 2859//2859 3312//3312 2863//2863
f 3308//3308 2865//2865 3313//3313
f 2864//2864 3007//3007 3307//3307
f 2864//2864 3011//3011 3007//3007
f 3308//3308 3011//3011 2864//2864
f 3307//3307 2868//2868 2867//2867
f 2864//2864 2859//2859 3309//3309
f 2866//2866 3011//3011 3313//3313
f 3307//3307 3312//3312 2859//2859
f 2864//2864 3307//3307 2859//2859
f 3308//3308 2864//2864 3309//3309
f 3308//3308 3309//3309 2865//2865
f 2862//2862 3309//3309 2860//2860
f 3312//3312 3307//3307 2867//2867
f 3316//3316 3301//3301 3187//3187
f 2862//2862 3302//3302 2861//2861
f 3303//3303 2861//2861 3302//3302
f 3316//3316 3305//3305 3302//3302
f 3329//3329 2851//2851 2854//2854
f 2852//2852 3321//3321 2854//2854
f 3318//3318 2848//2848 3319//3319
f 3328//3328 3321//3321 2852//2852
f 2850//2850 2847//2847 2852//2852
f 2847//2847 2848//2848 2852//2852
f 2851//2851 2849//2849 3319//3319
f 2851//2851 3317//3317 2854//2854
f 3317//3317 2850//2850 2854//2854
f 2849//2849 3318//3318 3319//3319
f 3182//3182 3317//3317 3319//3319
f 2851//2851 3319//3319 3317//3317
f 3182//3182 2850//2850 3317//3317
f 2850//2850 3182//3182 2847//2847
f 3331//3331 3332//3332 2856//2856
f 3330//3330 3322//3322 3326//3326
f 3330//3330 3326//3326 3333//3333
f 3327//3327 3326//3326 3325//3325
f 3327//3327 3335//3335 3326//3326
f 3321//3321 3335//3335 3327//3327
f 3332//3332 3331//3331 3324//3324
f 3009//3009 3331//3331 2856//2856
f 3322//3322 3009//3009 2856//2856
f 3322//3322 3016//3016 3009//3009
f 3330//3330 3016//3016 3322//3322
f 3330//3330 3320//3320 3016//3016
f 3333//3333 3320//3320 3330//3330
f 3333//3333 3324//3324 3320//3320
f 3333//3333 3332//3332 3324//3324
f 3333//3333 3326//3326 3335//3335
f 3328//3328 2853//2853 3321//3321
f 3325//3325 3329//3329 3327//3327
f 2853//2853 3335//3335 3321//3321
f 2853//2853 3333//3333 3335//3335
f 3334//3334 2853//2853 3328//3328
f 2856//2856 3332//3332 2855//2855
f 3323//3323 3329//3329 3325//3325
f 3137//3137 3097//3097 3336//3336
f 3137//3137 3094//3094 3097//3097
f 3336//3336 3101//3101 3138//3138
f 3336//3336 3097//3097 3101//3101
f 3337//3337 3138//3138 3338//3338
f 3338//3338 3107//3107 3337//3337
f 3338//3338 3099//3099 3107//3107
f 3338//3338 3101//3101 3099//3099
f 3138//3138 3101//3101 3338//3338
f 3337//3337 3339//3339 3142//3142
f 3339//3339 3109//3109 3142//3142
f 3339//3339 3103//3103 3109//3109
f 3337//3337 3103//3103 3339//3339
f 3337//3337 3107//3107 3103//3103
f 3142//3142 3109//3109 3342//3342
f 3142//3142 3342//3342 3341//3341
f 3341//3341 3342//3342 3340//3340
f 3340//3340 3110//3110 3341//3341
f 3340//3340 3105//3105 3110//3110
f 3342//3342 3105//3105 3340//3340
f 3342//3342 3109//3109 3105//3105
f 3343//3343 3113//3113 3112//3112
f 3341//3341 3113//3113 3343//3343
f 3341//3341 3110//3110 3113//3113
f 3344//3344 3144//3144 3343//3343
f 3344//3344 3111//3111 3144//3144
f 3344//3344 3106//3106 3111//3111
f 3344//3344 3112//3112 3106//3106
f 3343//3343 3112//3112 3344//3344
f 3345//3345 3141//3141 3144//3144
f 3345//3345 3108//3108 3141//3141
f 3345//3345 3104//3104 3108//3108
f 3345//3345 3111//3111 3104//3104
f 3144//3144 3111//3111 3345//3345
f 3346//3346 3347//3347 3141//3141
f 3346//3346 3100//3100 3102//3102
f 3346//3346 3102//3102 3347//3347
f 3346//3346 3108//3108 3100//3100
f 3141//3141 3108//3108 3346//3346
f 3139//3139 3102//3102 3098//3098
f 3347//3347 3102//3102 3139//3139
f 3348//3348 3350//3350 3139//3139
f 3348//3348 3096//3096 3350//3350
f 3348//3348 3098//3098 3096//3096
f 3139//3139 3098//3098 3348//3348
f 3349//3349 3095//3095 3093//3093
f 3350//3350 3095//3095 3349//3349
f 3350//3350 3096//3096 3095//3095
f 3349//3349 3352//3352 3351//3351
f 3352//3352 3091//3091 3089//3089
f 3352//3352 3089//3089 3351//3351
f 3352//3352 3093//3093 3091//3091
f 3349//3349 3093//3093 3352//3352
f 3353//3353 3132//3132 3351//3351
f 3353//3353 3082//3082 3132//3132
f 3353//3353 3085//3085 3082//3082
f 3353//3353 3089//3089 3085//3085
f 3351//3351 3089//3089 3353//3353
f 3354//3354 3129//3129 3132//3132
f 3354//3354 3084//3084 3076//3076
f 3354//3354 3082//3082 3084//3084
f 3132//3132 3082//3082 3354//3354
f 3127//3127 3076//3076 3074//3074
f 3129//3129 3076//3076 3127//3127
f 3354//3354 3076//3076 3129//3129
f 3355//3355 3125//3125 3127//3127
f 3355//3355 3073//3073 3125//3125
f 3355//3355 3078//3078 3073//3073
f 3355//3355 3074//3074 3078//3078
f 3127//3127 3074//3074 3355//3355
f 3356//3356 3122//3122 3125//3125
f 3356//3356 3069//3069 3122//3122
f 3356//3356 3071//3071 3069//3069
f 3356//3356 3073//3073 3071//3071
f 3125//3125 3073//3073 3356//3356
f 3357//3357 3120//3120 3122//3122
f 3357//3357 3061//3061 3120//3120
f 3357//3357 3068//3068 3061//3061
f 3357//3357 3069//3069 3068//3068
f 3122//3122 3069//3069 3357//3357
f 3120//3120 3358//3358 3116//3116
f 3358//3358 3065//3065 3116//3116
f 3358//3358 3061//3061 3065//3065
f 3120//3120 3061//3061 3358//3358
f 3116//3116 3065//3065 3057//3057
f 3116//3116 3359//3359 3117//3117
f 3359//3359 3058//3058 3117//3117
f 3359//3359 3062//3062 3058//3058
f 3359//3359 3057//3057 3062//3062
f 3116//3116 3057//3057 3359//3359
f 3361//3361 3118//3118 3117//3117
f 3361//3361 3360//3360 3118//3118
f 3360//3360 3059//3059 3118//3118
f 3360//3360 3064//3064 3059//3059
f 3360//3360 3063//3063 3064//3064
f 3361//3361 3063//3063 3360//3360
f 3361//3361 3058//3058 3063//3063
f 3117//3117 3058//3058 3361//3361
f 3118//3118 3059//3059 3060//3060
f 3118//3118 3060//3060 3362//3362
f 3362//3362 3067//3067 3066//3066
f 3362//3362 3066//3066 3363//3363
f 3362//3362 3060//3060 3067//3067
f 3363//3363 3364//3364 3123//3123
f 3364//3364 3070//3070 3123//3123
f 3364//3364 3077//3077 3070//3070
f 3364//3364 3066//3066 3077//3077
f 3363//3363 3066//3066 3364//3364
f 3123//3123 3072//3072 3124//3124
f 3123//3123 3070//3070 3072//3072
f 3128//3128 3124//3124 3365//3365
f 3365//3365 3075//3075 3128//3128
f 3365//3365 3079//3079 3075//3075
f 3365//3365 3072//3072 3079//3079
f 3124//3124 3072//3072 3365//3365
f 3130//3130 3128//3128 3366//3366
f 3366//3366 3083//3083 3080//3080
f 3366//3366 3080//3080 3130//3130
f 3366//3366 3075//3075 3083//3083
f 3128//3128 3075//3075 3366//3366
f 3131//3131 3080//3080 3081//3081
f 3130//3130 3080//3080 3131//3131
f 3131//3131 3367//3367 3134//3134
f 3367//3367 3087//3087 3134//3134
f 3367//3367 3086//3086 3087//3087
f 3367//3367 3081//3081 3086//3086
f 3131//3131 3081//3081 3367//3367
f 3134//3134 3088//3088 3368//3368
f 3134//3134 3087//3087 3088//3088
f 3369//3369 3115//3115 3368//3368
f 3369//3369 3092//3092 3115//3115
f 3369//3369 3090//3090 3092//3092
f 3369//3369 3088//3088 3090//3090
f 3368//3368 3088//3088 3369//3369
f 2773//2773 3370//3370 3372//3372
f 2772//2772 3370//3370 2773//2773
f 2772//2772 3371//3371 3370//3370
f 2780//2780 3371//3371 2772//2772
f 2784//2784 2773//2773 3372//3372
f 2784//2784 3372//3372 3373//3373
f 2780//2780 3375//3375 3371//3371
f 2787//2787 2784//2784 3373//3373
f 2787//2787 3373//3373 3374//3374
f 2782//2782 3375//3375 2780//2780
f 3374//3374 2798//2798 2787//2787
f 3378//3378 2798//2798 3374//3374
f 3376//3376 3375//3375 2782//2782
f 3376//3376 2782//2782 2799//2799
f 3377//3377 3376//3376 2799//2799
f 3377//3377 2799//2799 2797//2797
f 3379//3379 2798//2798 3378//3378
f 3379//3379 2797//2797 2798//2798
f 3379//3379 3377//3377 2797//2797
f 3390//3390 3373//3373 3372//3372
f 3380//3380 3390//3390 3372//3372
f 3380//3380 3372//3372 3370//3370
f 3381//3381 3380//3380 3370//3370
f 3381//3381 3370//3370 3371//3371
f 3382//3382 3371//3371 3375//3375
f 3382//3382 3381//3381 3371//3371
f 3383//3383 3382//3382 3375//3375
f 3383//3383 3375//3375 3376//3376
f 3384//3384 3383//3383 3376//3376
f 3384//3384 3376//3376 3377//3377
f 3385//3385 3384//3384 3377//3377
f 3385//3385 3377//3377 3379//3379
f 3386//3386 3385//3385 3379//3379
f 3387//3387 3386//3386 3379//3379
f 3387//3387 3379//3379 3378//3378
f 3388//3388 3378//3378 3374//3374
f 3388//3388 3387//3387 3378//3378
f 3389//3389 3388//3388 3374//3374
f 3389//3389 3374//3374 3373//3373
f 3390//3390 3389//3389 3373//3373
f 3392//3392 3380//3380 3391//3391
f 3391//3391 3380//3380 3381//3381
f 3392//3392 3390//3390 3380//3380
f 3394//3394 3391//3391 3381//3381
f 3393//3393 3390//3390 3392//3392
f 3394//3394 3381//3381 3382//3382
f 3393//3393 3389//3389 3390//3390
f 3393//3393 3388//3388 3389//3389
f 3394//3394 3382//3382 3383//3383
f 3395//3395 3388//3388 3393//3393
f 3387//3387 3388//3388 3395//3395
f 3383//3383 3397//3397 3394//3394
f 3384//3384 3397//3397 3383//3383
f 3387//3387 3395//3395 3396//3396
f 3385//3385 3397//3397 3384//3384
f 3386//3386 3387//3387 3396//3396
f 3385//3385 3398//3398 3397//3397
f 3386//3386 3396//3396 3398//3398
f 3385//3385 3386//3386 3398//3398
f 3395//3395 3400//3400 3399//3399
f 3393//3393 3400//3400 3395//3395
f 3393//3393 3401//3401 3400//3400
f 3392//3392 3401//3401 3393//3393
f 3392//3392 3402//3402 3401//3401
f 3391//3391 3402//3402 3392//3392
f 3391//3391 3403//3403 3402//3402
f 3394//3394 3403//3403 3391//3391
f 3394//3394 3404//3404 3403//3403
f 3397//3397 3404//3404 3394//3394
f 3397//3397 3405//3405 3404//3404
f 3398//3398 3405//3405 3397//3397
f 3398//3398 3406//3406 3405//3405
f 3396//3396 3406//3406 3398//3398
f 3396//3396 3399//3399 3406//3406
f 3395//3395 3399//3399 3396//3396
f 3403//3403 3401//3401 3402//3402
f 3403//3403 3399//3399 3400//3400
f 3403//3403 3400//3400 3401//3401
f 3404//3404 3406//3406 3399//3399
f 3404//3404 3399//3399 3403//3403
f 3404//3404 3405//3405 3406//3406
f 3414//3414 2798//2798 2797//2797
f 3407//3407 3414//3414 2797//2797
f 3407//3407 2797//2797 2799//2799
f 3408//3408 3407//3407 2799//2799
f 3408//3408 2799//2799 2782//2782
f 3409//3409 3408//3408 2782//2782
f 3409//3409 2782//2782 2780//2780
f 3410//3410 3409//3409 2780//2780
f 3410//3410 2780//2780 2772//2772
f 3411//3411 3410//3410 2772//2772
f 3411//3411 2772//2772 2773//2773
f 3412//3412 3411//3411 2773//2773
f 3412//3412 2773//2773 2784//2784
f 3413//3413 3412//3412 2784//2784
f 3413//3413 2784//2784 2787//2787
f 3414//3414 2787//2787 2798//2798
f 3414//3414 3413//3413 2787//2787
f 3411//3411 3412//3412 3413//3413
f 3411//3411 3414//3414 3407//3407
f 3411//3411 3408//3408 3409//3409
f 3411//3411 3413//3413 3414//3414
f 3411//3411 3407//3407 3408//3408
f 3411//3411 3409//3409 3410//3410
f 3416//3416 3415//3415 3446//3446
f 3460//3460 3425//3425 3422//3422
f 3460//3460 3422//3422 3423//3423
f 3469//3469 3438//3438 3472//3472
f 3445//3445 3444//3444 3441//3441
f 3445//3445 3441//3441 3442//3442
f 3446//3446 3415//3415 3447//3447
f 3456//3456 3447//3447 3415//3415
f 3415//3415 3416//3416 3417//3417
f 3447//3447 3456//3456 3453//3453
f 3447//3447 3453//3453 3446//3446
f 3446//3446 3453//3453 3416//3416
f 3415//3415 3417//3417 3456//3456
f 3456//3456 3455//3455 3453//3453
f 3449//3449 3451//3451 3454//3454
f 3418//3418 3451//3451 3449//3449
f 3452//3452 3455//3455 3417//3417
f 3448//3448 3419//3419 3424//3424
f 3420//3420 3450//3450 3454//3454
f 3454//3454 3451//3451 3420//3420
f 3450//3450 3452//3452 3419//3419
f 3452//3452 3417//3417 3418//3418
f 3453//3453 3418//3418 3416//3416
f 3416//3416 3418//3418 3417//3417
f 3424//3424 3419//3419 3421//3421
f 3428//3428 3430//3430 3463//3463
f 3460//3460 3459//3459 3458//3458
f 3460//3460 3458//3458 3428//3428
f 3464//3464 3425//3425 3426//3426
f 3460//3460 3423//3423 3459//3459
f 3454//3454 3461//3461 3423//3423
f 3459//3459 3457//3457 3458//3458
f 3464//3464 3424//3424 3425//3425
f 3463//3463 3425//3425 3428//3428
f 3459//3459 3423//3423 3462//3462
f 3421//3421 3422//3422 3424//3424
f 3463//3463 3430//3430 3432//3432
f 3425//3425 3463//3463 3427//3427
f 3461//3461 3426//3426 3462//3462
f 3457//3457 3462//3462 3426//3426
f 3467//3467 3458//3458 3433//3433
f 3467//3467 3430//3430 3458//3458
f 3429//3429 3427//3427 3463//3463
f 3427//3427 3431//3431 3426//3426
f 3459//3459 3462//3462 3457//3457
f 3460//3460 3428//3428 3425//3425
f 3426//3426 3461//3461 3464//3464
f 3463//3463 3432//3432 3429//3429
f 3431//3431 3457//3457 3426//3426
f 3458//3458 3430//3430 3428//3428
f 3461//3461 3462//3462 3423//3423
f 3422//3422 3425//3425 3424//3424
f 3425//3425 3427//3427 3426//3426
f 3435//3435 3468//3468 3438//3438
f 3432//3432 3465//3465 3466//3466
f 3457//3457 3431//3431 3458//3458
f 3477//3477 3473//3473 3466//3466
f 3473//3473 3468//3468 3435//3435
f 3478//3478 3479//3479 3435//3435
f 3435//3435 3433//3433 3478//3478
f 3478//3478 3429//3429 3466//3466
f 3431//3431 3478//3478 3433//3433
f 3430//3430 3467//3467 3432//3432
f 3431//3431 3427//3427 3429//3429
f 3466//3466 3429//3429 3432//3432
f 3433//3433 3435//3435 3434//3434
f 3437//3437 3469//3469 3474//3474
f 3440//3440 3443//3443 3442//3442
f 3474//3474 3477//3477 3436//3436
f 3441//3441 3476//3476 3471//3471
f 3474//3474 3440//3440 3441//3441
f 3473//3473 3477//3477 3439//3439
f 3469//3469 3472//3472 3440//3440
f 3476//3476 3439//3439 3471//3471
f 3472//3472 3439//3439 3476//3476
f 3437//3437 3474//3474 3436//3436
f 3471//3471 3474//3474 3441//3441
f 3477//3477 3474//3474 3471//3471
f 3436//3436 3477//3477 3466//3466
f 3472//3472 3443//3443 3440//3440
f 3438//3438 3468//3468 3472//3472
f 3472//3472 3470//3470 3443//3443
f 3442//3442 3441//3441 3440//3440
f 3443//3443 3470//3470 3475//3475
f 3441//3441 3444//3444 3476//3476
f 3476//3476 3470//3470 3472//3472
f 3475//3475 3442//3442 3443//3443
f 3476//3476 3444//3444 3470//3470
f 3440//3440 3474//3474 3469//3469
f 3439//3439 3477//3477 3471//3471
f 3468//3468 3439//3439 3472//3472
f 3469//3469 3437//3437 3438//3438
f 3439//3439 3468//3468 3473//3473
f 3465//3465 3434//3434 3437//3437
f 3434//3434 3467//3467 3433//3433
f 3438//3438 3437//3437 3434//3434
f 3437//3437 3436//3436 3465//3465
f 3436//3436 3466//3466 3465//3465
f 3479//3479 3478//3478 3466//3466
f 3478//3478 3431//3431 3429//3429
f 3479//3479 3466//3466 3473//3473
f 3479//3479 3473//3473 3435//3435
f 3467//3467 3434//3434 3465//3465
f 3465//3465 3432//3432 3467//3467
f 3438//3438 3434//3434 3435//3435
f 3433//3433 3458//3458 3431//3431
f 3475//3475 3480//3480 3491//3491
f 3475//3475 3481//3481 3480//3480
f 3445//3445 3475//3475 3491//3491
f 3445//3445 3491//3491 3482//3482
f 3445//3445 3482//3482 3484//3484
f 3470//3470 3481//3481 3475//3475
f 3470//3470 3483//3483 3481//3481
f 3484//3484 3444//3444 3445//3445
f 3486//3486 3483//3483 3470//3470
f 3485//3485 3444//3444 3484//3484
f 3485//3485 3486//3486 3470//3470
f 3485//3485 3470//3470 3444//3444
f 3490//3490 3491//3491 3480//3480
f 3490//3490 3480//3480 3481//3481
f 3499//3499 3490//3490 3481//3481
f 3487//3487 3499//3499 3481//3481
f 3487//3487 3481//3481 3483//3483
f 3503//3503 3487//3487 3483//3483
f 3503//3503 3483//3483 3486//3486
f 3497//3497 3503//3503 3486//3486
f 3497//3497 3486//3486 3485//3485
f 3495//3495 3497//3497 3485//3485
f 3493//3493 3485//3485 3484//3484
f 3488//3488 3493//3493 3484//3484
f 3488//3488 3484//3484 3482//3482
f 3492//3492 3488//3488 3482//3482
f 3492//3492 3482//3482 3491//3491
f 3499//3499 3489//3489 3500//3500
f 3500//3500 3490//3490 3499//3499
f 3490//3490 3500//3500 3512//3512
f 3492//3492 3490//3490 3512//3512
f 3492//3492 3512//3512 3501//3501
f 3490//3490 3492//3492 3491//3491
f 3488//3488 3492//3492 3501//3501
f 3488//3488 3501//3501 3502//3502
f 3502//3502 3493//3493 3488//3488
f 3502//3502 3494//3494 3493//3493
f 3494//3494 3495//3495 3493//3493
f 3503//3503 3496//3496 3498//3498
f 3503//3503 3495//3495 3496//3496
f 3503//3503 3497//3497 3495//3495
f 3498//3498 3487//3487 3503//3503
f 3499//3499 3487//3487 3489//3489
f 3495//3495 3494//3494 3496//3496
f 3493//3493 3495//3495 3485//3485
f 3487//3487 3498//3498 3489//3489
f 3502//3502 3508//3508 3510//3510
f 3504//3504 3508//3508 3502//3502
f 3504//3504 3502//3502 3501//3501
f 3501//3501 3508//3508 3504//3504
f 3501//3501 3507//3507 3508//3508
f 3508//3508 3507//3507 3505//3505
f 3509//3509 3508//3508 3505//3505
f 3502//3502 3510//3510 3494//3494
f 3494//3494 3508//3508 3511//3511
f 3494//3494 3510//3510 3508//3508
f 3494//3494 3511//3511 3496//3496
f 3496//3496 3508//3508 3509//3509
f 3511//3511 3508//3508 3496//3496
f 3496//3496 3509//3509 3498//3498
f 3512//3512 3507//3507 3501//3501
f 3512//3512 3505//3505 3507//3507
f 3500//3500 3505//3505 3512//3512
f 3500//3500 3506//3506 3505//3505
f 3489//3489 3506//3506 3500//3500
f 3489//3489 3505//3505 3506//3506
f 3498//3498 3505//3505 3489//3489
f 3498//3498 3509//3509 3505//3505
f 3450//3450 3461//3461 3454//3454
f 3449//3449 3422//3422 3421//3421
f 3418//3418 3449//3449 3421//3421
f 3453//3453 3451//3451 3418//3418
f 3464//3464 3448//3448 3424//3424
f 3448//3448 3461//3461 3450//3450
f 3423//3423 3449//3449 3454//3454
f 3423//3423 3422//3422 3449//3449
f 3419//3419 3448//3448 3450//3450
f 3418//3418 3419//3419 3452//3452
f 3452//3452 3450//3450 3455//3455
f 3455//3455 3450//3450 3420//3420
f 3420//3420 3453//3453 3455//3455
f 3451//3451 3453//3453 3420//3420
f 3464//3464 3461//3461 3448//3448
f 3418//3418 3421//3421 3419//3419
f 3455//3455 3456//3456 3417//3417
f 3475//3475 3445//3445 3442//3442
f 2755//2755 3514//3514 3513//3513
f 2753//2753 2755//2755 3513//3513
f 2753//2753 3513//3513 3515//3515
f 2755//2755 3516//3516 3514//3514
f 2754//2754 2753//2753 3515//3515
f 2754//2754 3515//3515 3517//3517
f 2757//2757 3516//3516 2755//2755
f 2757//2757 3518//3518 3516//3516
f 2760//2760 2754//2754 3517//3517
f 3519//3519 2760//2760 3517//3517
f 3518//3518 2757//2757 2774//2774
f 3520//3520 2759//2759 2760//2760
f 3520//3520 2760//2760 3519//3519
f 3521//3521 3518//3518 2774//2774
f 3521//3521 2774//2774 2768//2768
f 3520//3520 2763//2763 2759//2759
f 3522//3522 3521//3521 2768//2768
f 3522//3522 2763//2763 3520//3520
f 3522//3522 2768//2768 2763//2763
f 3524//3524 3515//3515 3513//3513
f 3524//3524 3523//3523 3515//3515
f 3525//3525 3524//3524 3513//3513
f 3525//3525 3513//3513 3514//3514
f 3526//3526 3525//3525 3514//3514
f 3526//3526 3514//3514 3516//3516
f 3527//3527 3526//3526 3516//3516
f 3527//3527 3516//3516 3518//3518
f 3528//3528 3527//3527 3518//3518
f 3528//3528 3518//3518 3521//3521
f 3529//3529 3528//3528 3521//3521
f 3529//3529 3521//3521 3522//3522
f 3530//3530 3529//3529 3522//3522
f 3530//3530 3522//3522 3520//3520
f 3531//3531 3530//3530 3520//3520
f 3532//3532 3531//3531 3520//3520
f 3532//3532 3520//3520 3519//3519
f 3533//3533 3532//3532 3519//3519
f 3533//3533 3519//3519 3517//3517
f 3523//3523 3533//3533 3517//3517
f 3523//3523 3517//3517 3515//3515
f 3535//3535 3525//3525 3534//3534
f 3534//3534 3525//3525 3526//3526
f 3535//3535 3524//3524 3525//3525
f 3537//3537 3534//3534 3526//3526
f 3536//3536 3523//3523 3524//3524
f 3536//3536 3524//3524 3535//3535
f 3537//3537 3526//3526 3527//3527
f 3538//3538 3533//3533 3523//3523
f 3538//3538 3523//3523 3536//3536
f 3538//3538 3532//3532 3533//3533
f 3528//3528 3537//3537 3527//3527
f 3528//3528 3541//3541 3537//3537
f 3532//3532 3538//3538 3539//3539
f 3531//3531 3532//3532 3539//3539
f 3529//3529 3541//3541 3528//3528
f 3531//3531 3539//3539 3540//3540
f 3529//3529 3542//3542 3541//3541
f 3530//3530 3531//3531 3540//3540
f 3530//3530 3542//3542 3529//3529
f 3530//3530 3540//3540 3542//3542
f 3540//3540 3543//3543 3552//3552
f 3539//3539 3543//3543 3540//3540
f 3539//3539 3544//3544 3543//3543
f 3538//3538 3544//3544 3539//3539
f 3538//3538 3545//3545 3544//3544
f 3536//3536 3545//3545 3538//3538
f 3536//3536 3546//3546 3545//3545
f 3535//3535 3546//3546 3536//3536
f 3534//3534 3547//3547 3546//3546
f 3534//3534 3546//3546 3535//3535
f 3534//3534 3548//3548 3547//3547
f 3537//3537 3548//3548 3534//3534
f 3537//3537 3549//3549 3548//3548
f 3541//3541 3550//3550 3549//3549
f 3541//3541 3549//3549 3537//3537
f 3541//3541 3551//3551 3550//3550
f 3542//3542 3551//3551 3541//3541
f 3540//3540 3552//3552 3551//3551
f 3540//3540 3551//3551 3542//3542
f 3547//3547 3545//3545 3546//3546
f 3548//3548 3545//3545 3547//3547
f 3548//3548 3543//3543 3544//3544
f 3548//3548 3552//3552 3543//3543
f 3548//3548 3544//3544 3545//3545
f 3549//3549 3551//3551 3552//3552
f 3549//3549 3552//3552 3548//3548
f 3549//3549 3550//3550 3551//3551
f 3553//3553 2759//2759 2763//2763
f 3553//3553 3559//3559 2759//2759
f 3554//3554 3553//3553 2763//2763
f 3554//3554 2763//2763 2768//2768
f 3555//3555 2768//2768 2774//2774
f 3555//3555 3554//3554 2768//2768
f 3555//3555 2774//2774 2757//2757
f 3556//3556 3555//3555 2757//2757
f 3556//3556 2757//2757 2755//2755
f 3557//3557 3556//3556 2755//2755
f 3557//3557 2755//2755 2753//2753
f 3557//3557 2753//2753 2754//2754
f 3558//3558 3557//3557 2754//2754
f 3558//3558 2754//2754 2760//2760
f 3559//3559 3558//3558 2760//2760
f 3559//3559 2760//2760 2759//2759
f 3557//3557 3553//3553 3554//3554
f 3557//3557 3558//3558 3559//3559
f 3557//3557 3559//3559 3553//3553
f 3557//3557 3555//3555 3556//3556
f 3557//3557 3554//3554 3555//3555
f 3639//3639 3627//3627 3618//3618
f 3590//3590 3639//3639 3618//3618
f 3590//3590 3618//3618 3589//3589
f 3590//3590 3589//3589 3617//3617
f 3591//3591 3590//3590 3617//3617
f 3563//3563 3592//3592 3561//3561
f 3563//3563 3560//3560 3592//3592
f 3562//3562 3592//3592 3560//3560
f 3562//3562 3599//3599 3592//3592
f 3592//3592 3599//3599 3561//3561
f 3598//3598 3595//3595 3596//3596
f 3601//3601 3567//3567 3597//3597
f 3599//3599 3602//3602 3598//3598
f 3594//3594 3595//3595 3566//3566
f 3600//3600 3568//3568 3596//3596
f 3593//3593 3567//3567 3600//3600
f 3597//3597 3564//3564 3601//3601
f 3597//3597 3602//3602 3564//3564
f 3599//3599 3598//3598 3565//3565
f 3601//3601 3560//3560 3563//3563
f 3601//3601 3562//3562 3560//3560
f 3595//3595 3598//3598 3566//3566
f 3596//3596 3568//3568 3598//3598
f 3568//3568 3567//3567 3565//3565
f 3565//3565 3561//3561 3599//3599
f 3565//3565 3563//3563 3561//3561
f 3563//3563 3565//3565 3601//3601
f 3610//3610 3609//3609 3576//3576
f 3610//3610 3576//3576 3611//3611
f 3608//3608 3607//3607 3610//3610
f 3608//3608 3610//3610 3611//3611
f 3574//3574 3608//3608 3611//3611
f 3573//3573 3603//3603 3605//3605
f 3572//3572 3573//3573 3605//3605
f 3606//3606 3572//3572 3604//3604
f 3606//3606 3604//3604 3607//3607
f 3607//3607 3604//3604 3610//3610
f 3612//3612 3574//3574 3611//3611
f 3603//3603 3573//3573 3612//3612
f 3572//3572 3605//3605 3604//3604
f 3571//3571 3570//3570 3608//3608
f 3571//3571 3572//3572 3569//3569
f 3606//3606 3596//3596 3595//3595
f 3612//3612 3573//3573 3574//3574
f 3608//3608 3596//3596 3607//3607
f 3596//3596 3608//3608 3570//3570
f 3611//3611 3576//3576 3580//3580
f 3577//3577 3576//3576 3609//3609
f 3611//3611 3580//3580 3612//3612
f 3605//3605 3615//3615 3575//3575
f 3604//3604 3605//3605 3575//3575
f 3604//3604 3575//3575 3609//3609
f 3571//3571 3574//3574 3573//3573
f 3603//3603 3615//3615 3605//3605
f 3604//3604 3609//3609 3610//3610
f 3608//3608 3574//3574 3571//3571
f 3596//3596 3606//3606 3607//3607
f 3612//3612 3580//3580 3603//3603
f 3572//3572 3571//3571 3573//3573
f 3571//3571 3569//3569 3570//3570
f 3634//3634 3616//3616 3613//3613
f 3634//3634 3613//3613 3629//3629
f 3583//3583 3584//3584 3585//3585
f 3582//3582 3631//3631 3616//3616
f 3576//3576 3577//3577 3581//3581
f 3575//3575 3633//3633 3609//3609
f 3613//3613 3616//3616 3631//3631
f 3629//3629 3584//3584 3634//3634
f 3585//3585 3631//3631 3583//3583
f 3583//3583 3631//3631 3582//3582
f 3630//3630 3582//3582 3616//3616
f 3616//3616 3632//3632 3630//3630
f 3634//3634 3581//3581 3632//3632
f 3634//3634 3614//3614 3581//3581
f 3579//3579 3580//3580 3583//3583
f 3579//3579 3630//3630 3578//3578
f 3630//3630 3632//3632 3577//3577
f 3578//3578 3630//3630 3577//3577
f 3577//3577 3632//3632 3581//3581
f 3576//3576 3581//3581 3580//3580
f 3615//3615 3603//3603 3580//3580
f 3615//3615 3633//3633 3575//3575
f 3628//3628 3631//3631 3585//3585
f 3632//3632 3616//3616 3634//3634
f 3623//3623 3588//3588 3627//3627
f 3623//3623 3627//3627 3620//3620
f 3631//3631 3586//3586 3621//3621
f 3639//3639 3626//3626 3627//3627
f 3588//3588 3618//3618 3627//3627
f 3631//3631 3628//3628 3586//3586
f 3621//3621 3613//3613 3631//3631
f 3626//3626 3620//3620 3627//3627
f 3617//3617 3589//3589 3625//3625
f 3588//3588 3586//3586 3589//3589
f 3588//3588 3621//3621 3586//3586
f 3623//3623 3621//3621 3588//3588
f 3621//3621 3629//3629 3613//3613
f 3587//3587 3620//3620 3626//3626
f 3587//3587 3626//3626 3617//3617
f 3629//3629 3621//3621 3623//3623
f 3622//3622 3619//3619 3624//3624
f 3618//3618 3588//3588 3589//3589
f 3623//3623 3620//3620 3619//3619
f 3619//3619 3620//3620 3587//3587
f 3629//3629 3623//3623 3619//3619
f 3629//3629 3619//3619 3622//3622
f 3628//3628 3625//3625 3589//3589
f 3628//3628 3589//3589 3586//3586
f 3585//3585 3624//3624 3628//3628
f 3591//3591 3617//3617 3626//3626
f 3625//3625 3587//3587 3617//3617
f 3587//3587 3624//3624 3619//3619
f 3624//3624 3587//3587 3625//3625
f 3628//3628 3624//3624 3625//3625
f 3622//3622 3624//3624 3585//3585
f 3584//3584 3629//3629 3622//3622
f 3615//3615 3579//3579 3578//3578
f 3622//3622 3585//3585 3584//3584
f 3582//3582 3579//3579 3583//3583
f 3630//3630 3579//3579 3582//3582
f 3579//3579 3615//3615 3580//3580
f 3633//3633 3615//3615 3578//3578
f 3633//3633 3578//3578 3577//3577
f 3614//3614 3634//3634 3584//3584
f 3583//3583 3614//3614 3584//3584
f 3614//3614 3580//3580 3581//3581
f 3614//3614 3583//3583 3580//3580
f 3577//3577 3609//3609 3633//3633
f 3591//3591 3635//3635 3636//3636
f 3626//3626 3635//3635 3591//3591
f 3626//3626 3637//3637 3635//3635
f 3591//3591 3636//3636 3638//3638
f 3639//3639 3637//3637 3626//3626
f 3639//3639 3640//3640 3637//3637
f 3638//3638 3590//3590 3591//3591
f 3641//3641 3590//3590 3638//3638
f 3642//3642 3640//3640 3639//3639
f 3642//3642 3639//3639 3590//3590
f 3642//3642 3590//3590 3641//3641
f 3643//3643 3644//3644 3636//3636
f 3643//3643 3636//3636 3635//3635
f 3654//3654 3643//3643 3635//3635
f 3654//3654 3635//3635 3637//3637
f 3653//3653 3654//3654 3637//3637
f 3658//3658 3653//3653 3637//3637
f 3658//3658 3637//3637 3640//3640
f 3658//3658 3640//3640 3642//3642
f 3649//3649 3658//3658 3642//3642
f 3648//3648 3649//3649 3642//3642
f 3657//3657 3648//3648 3642//3642
f 3657//3657 3642//3642 3641//3641
f 3645//3645 3657//3657 3641//3641
f 3645//3645 3641//3641 3638//3638
f 3644//3644 3645//3645 3638//3638
f 3644//3644 3638//3638 3636//3636
f 3653//3653 3655//3655 3654//3654
f 3654//3654 3655//3655 3643//3643
f 3643//3643 3655//3655 3656//3656
f 3643//3643 3656//3656 3644//3644
f 3646//3646 3644//3644 3656//3656
f 3645//3645 3644//3644 3646//3646
f 3647//3647 3645//3645 3646//3646
f 3645//3645 3647//3647 3657//3657
f 3648//3648 3647//3647 3651//3651
f 3657//3657 3647//3647 3648//3648
f 3649//3649 3648//3648 3651//3651
f 3652//3652 3649//3649 3651//3651
f 3652//3652 3651//3651 3650//3650
f 3658//3658 3649//3649 3652//3652
f 3653//3653 3658//3658 3652//3652
f 3655//3655 3653//3653 3652//3652
f 3646//3646 3659//3659 3665//3665
f 3660//3660 3659//3659 3646//3646
f 3660//3660 3646//3646 3656//3656
f 3656//3656 3659//3659 3660//3660
f 3656//3656 3663//3663 3659//3659
f 3659//3659 3663//3663 3661//3661
f 3664//3664 3659//3659 3661//3661
f 3646//3646 3665//3665 3647//3647
f 3647//3647 3659//3659 3666//3666
f 3647//3647 3665//3665 3659//3659
f 3651//3651 3647//3647 3666//3666
f 3651//3651 3659//3659 3664//3664
f 3666//3666 3659//3659 3651//3651
f 3651//3651 3664//3664 3650//3650
f 3656//3656 3661//3661 3663//3663
f 3667//3667 3661//3661 3656//3656
f 3667//3667 3656//3656 3655//3655
f 3655//3655 3661//3661 3667//3667
f 3655//3655 3662//3662 3661//3661
f 3652//3652 3662//3662 3655//3655
f 3650//3650 3662//3662 3652//3652
f 3650//3650 3661//3661 3662//3662
f 3650//3650 3664//3664 3661//3661
f 3600//3600 3570//3570 3569//3569
f 3597//3597 3593//3593 3594//3594
f 3567//3567 3568//3568 3600//3600
f 3597//3597 3567//3567 3593//3593
f 3602//3602 3597//3597 3566//3566
f 3601//3601 3565//3565 3567//3567
f 3569//3569 3572//3572 3593//3593
f 3606//3606 3594//3594 3572//3572
f 3594//3594 3606//3606 3595//3595
f 3570//3570 3600//3600 3596//3596
f 3597//3597 3594//3594 3566//3566
f 3566//3566 3598//3598 3602//3602
f 3568//3568 3565//3565 3598//3598
f 3564//3564 3562//3562 3601//3601
f 3599//3599 3562//3562 3602//3602
f 3572//3572 3594//3594 3593//3593
f 3569//3569 3593//3593 3600//3600
f 3564//3564 3602//3602 3562//3562
f 3670//3670 3668//3668 3688//3688
f 3670//3670 3669//3669 3668//3668
f 3670//3670 3671//3671 3669//3669
f 3670//3670 3672//3672 3671//3671
f 3673//3673 3672//3672 3670//3670
f 3674//3674 3672//3672 3673//3673
f 3674//3674 3773//3773 3672//3672
f 3675//3675 3773//3773 3674//3674
f 3675//3675 3769//3769 3773//3773
f 3675//3675 3676//3676 3769//3769
f 3677//3677 3676//3676 3675//3675
f 3679//3679 3678//3678 3676//3676
f 3679//3679 3676//3676 3677//3677
f 3685//3685 3678//3678 3679//3679
f 3685//3685 3776//3776 3678//3678
f 3686//3686 3776//3776 3685//3685
f 3686//3686 3680//3680 3776//3776
f 3681//3681 3680//3680 3686//3686
f 3681//3681 3775//3775 3680//3680
f 3682//3682 3775//3775 3681//3681
f 3682//3682 3683//3683 3775//3775
f 3687//3687 3683//3683 3682//3682
f 3687//3687 3684//3684 3683//3683
f 3688//3688 3684//3684 3687//3687
f 3688//3688 3668//3668 3684//3684
f 3686//3686 3690//3690 3689//3689
f 3685//3685 3690//3690 3686//3686
f 3686//3686 3689//3689 3691//3691
f 3685//3685 3692//3692 3690//3690
f 3681//3681 3686//3686 3691//3691
f 3679//3679 3692//3692 3685//3685
f 3679//3679 3694//3694 3692//3692
f 3681//3681 3691//3691 3693//3693
f 3682//3682 3681//3681 3693//3693
f 3682//3682 3693//3693 3696//3696
f 3679//3679 3695//3695 3694//3694
f 3677//3677 3695//3695 3679//3679
f 3687//3687 3682//3682 3696//3696
f 3697//3697 3695//3695 3677//3677
f 3697//3697 3677//3677 3675//3675
f 3698//3698 3687//3687 3696//3696
f 3699//3699 3697//3697 3675//3675
f 3698//3698 3688//3688 3687//3687
f 3699//3699 3675//3675 3674//3674
f 3701//3701 3670//3670 3688//3688
f 3701//3701 3688//3688 3698//3698
f 3700//3700 3699//3699 3674//3674
f 3703//3703 3700//3700 3674//3674
f 3703//3703 3674//3674 3673//3673
f 3702//3702 3670//3670 3701//3701
f 3702//3702 3673//3673 3670//3670
f 3703//3703 3673//3673 3702//3702
f 3692//3692 3716//3716 3704//3704
f 3690//3690 3704//3704 3705//3705
f 3690//3690 3692//3692 3704//3704
f 3689//3689 3690//3690 3705//3705
f 3689//3689 3705//3705 3706//3706
f 3691//3691 3689//3689 3706//3706
f 3693//3693 3706//3706 3707//3707
f 3693//3693 3691//3691 3706//3706
f 3696//3696 3693//3693 3707//3707
f 3696//3696 3707//3707 3708//3708
f 3696//3696 3708//3708 3709//3709
f 3698//3698 3696//3696 3709//3709
f 3698//3698 3709//3709 3710//3710
f 3701//3701 3698//3698 3710//3710
f 3701//3701 3710//3710 3711//3711
f 3702//3702 3701//3701 3711//3711
f 3702//3702 3711//3711 3712//3712
f 3703//3703 3702//3702 3712//3712
f 3700//3700 3703//3703 3712//3712
f 3700//3700 3712//3712 3713//3713
f 3699//3699 3713//3713 3714//3714
f 3699//3699 3700//3700 3713//3713
f 3697//3697 3714//3714 3715//3715
f 3697//3697 3699//3699 3714//3714
f 3695//3695 3697//3697 3715//3715
f 3695//3695 3715//3715 3716//3716
f 3694//3694 3695//3695 3716//3716
f 3692//3692 3694//3694 3716//3716
f 3717//3717 3705//3705 3718//3718
f 3717//3717 3706//3706 3705//3705
f 3718//3718 3705//3705 3704//3704
f 3720//3720 3706//3706 3717//3717
f 3719//3719 3718//3718 3704//3704
f 3719//3719 3704//3704 3716//3716
f 3722//3722 3719//3719 3716//3716
f 3721//3721 3707//3707 3706//3706
f 3721//3721 3706//3706 3720//3720
f 3721//3721 3708//3708 3707//3707
f 3724//3724 3708//3708 3721//3721
f 3723//3723 3722//3722 3716//3716
f 3715//3715 3723//3723 3716//3716
f 3725//3725 3708//3708 3724//3724
f 3709//3709 3708//3708 3725//3725
f 3715//3715 3726//3726 3723//3723
f 3714//3714 3726//3726 3715//3715
f 3709//3709 3725//3725 3727//3727
f 3710//3710 3709//3709 3727//3727
f 3714//3714 3728//3728 3726//3726
f 3713//3713 3728//3728 3714//3714
f 3710//3710 3727//3727 3729//3729
f 3713//3713 3730//3730 3728//3728
f 3711//3711 3710//3710 3729//3729
f 3712//3712 3730//3730 3713//3713
f 3712//3712 3731//3731 3730//3730
f 3711//3711 3729//3729 3731//3731
f 3712//3712 3711//3711 3731//3731
f 3727//3727 3748//3748 3732//3732
f 3729//3729 3727//3727 3732//3732
f 3729//3729 3732//3732 3747//3747
f 3729//3729 3747//3747 3746//3746
f 3731//3731 3729//3729 3746//3746
f 3731//3731 3746//3746 3733//3733
f 3731//3731 3733//3733 3752//3752
f 3730//3730 3731//3731 3752//3752
f 3730//3730 3752//3752 3734//3734
f 3728//3728 3730//3730 3734//3734
f 3728//3728 3734//3734 3744//3744
f 3726//3726 3728//3728 3744//3744
f 3726//3726 3744//3744 3735//3735
f 3726//3726 3735//3735 3736//3736
f 3723//3723 3726//3726 3736//3736
f 3723//3723 3736//3736 3759//3759
f 3722//3722 3723//3723 3759//3759
f 3722//3722 3759//3759 3758//3758
f 3719//3719 3722//3722 3758//3758
f 3719//3719 3758//3758 3737//3737
f 3718//3718 3719//3719 3737//3737
f 3718//3718 3737//3737 3757//3757
f 3718//3718 3757//3757 3738//3738
f 3718//3718 3738//3738 3739//3739
f 3717//3717 3718//3718 3739//3739
f 3717//3717 3739//3739 3740//3740
f 3720//3720 3717//3717 3740//3740
f 3720//3720 3740//3740 3741//3741
f 3721//3721 3741//3741 3742//3742
f 3721//3721 3720//3720 3741//3741
f 3721//3721 3742//3742 3751//3751
f 3724//3724 3721//3721 3751//3751
f 3724//3724 3751//3751 3750//3750
f 3725//3725 3750//3750 3743//3743
f 3725//3725 3724//3724 3750//3750
f 3727//3727 3725//3725 3743//3743
f 3727//3727 3743//3743 3748//3748
f 3735//3735 3744//3744 3760//3760
f 3736//3736 3735//3735 3760//3760
f 3736//3736 3760//3760 3759//3759
f 3737//3737 3758//3758 3757//3757
f 3740//3740 3739//3739 3745//3745
f 3741//3741 3740//3740 3745//3745
f 3741//3741 3745//3745 3742//3742
f 3743//3743 3750//3750 3749//3749
f 3743//3743 3749//3749 3748//3748
f 3732//3732 3748//3748 3747//3747
f 3744//3744 3734//3734 3752//3752
f 3745//3745 3751//3751 3742//3742
f 3752//3752 3760//3760 3744//3744
f 3753//3753 3752//3752 3733//3733
f 3746//3746 3753//3753 3733//3733
f 3747//3747 3753//3753 3746//3746
f 3754//3754 3753//3753 3747//3747
f 3748//3748 3754//3754 3747//3747
f 3749//3749 3754//3754 3748//3748
f 3750//3750 3755//3755 3749//3749
f 3751//3751 3755//3755 3750//3750
f 3745//3745 3755//3755 3751//3751
f 3756//3756 3755//3755 3745//3745
f 3739//3739 3756//3756 3745//3745
f 3738//3738 3756//3756 3739//3739
f 3757//3757 3756//3756 3738//3738
f 3761//3761 3749//3749 3755//3755
f 3762//3762 3749//3749 3761//3761
f 3763//3763 3761//3761 3755//3755
f 3762//3762 3754//3754 3749//3749
f 3763//3763 3755//3755 3756//3756
f 3764//3764 3754//3754 3762//3762
f 3764//3764 3753//3753 3754//3754
f 3772//3772 3763//3763 3756//3756
f 3765//3765 3753//3753 3764//3764
f 3752//3752 3753//3753 3765//3765
f 3757//3757 3772//3772 3756//3756
f 3757//3757 3771//3771 3772//3772
f 3758//3758 3771//3771 3757//3757
f 3758//3758 3770//3770 3771//3771
f 3752//3752 3765//3765 3766//3766
f 3760//3760 3752//3752 3766//3766
f 3759//3759 3770//3770 3758//3758
f 3759//3759 3767//3767 3770//3770
f 3760//3760 3766//3766 3767//3767
f 3759//3759 3760//3760 3767//3767
f 3761//3761 3774//3774 3768//3768
f 3762//3762 3761//3761 3768//3768
f 3762//3762 3768//3768 3669//3669
f 3764//3764 3762//3762 3669//3669
f 3764//3764 3669//3669 3671//3671
f 3765//3765 3764//3764 3671//3671
f 3766//3766 3765//3765 3773//3773
f 3766//3766 3773//3773 3769//3769
f 3767//3767 3766//3766 3769//3769
f 3767//3767 3769//3769 3676//3676
f 3767//3767 3676//3676 3770//3770
f 3672//3672 3765//3765 3671//3671
f 3672//3672 3773//3773 3765//3765
f 3678//3678 3770//3770 3676//3676
f 3763//3763 3775//3775 3761//3761
f 3771//3771 3770//3770 3678//3678
f 3763//3763 3680//3680 3775//3775
f 3771//3771 3678//3678 3776//3776
f 3772//3772 3680//3680 3763//3763
f 3772//3772 3776//3776 3680//3680
f 3772//3772 3771//3771 3776//3776
f 3768//3768 3668//3668 3669//3669
f 3768//3768 3684//3684 3668//3668
f 3774//3774 3684//3684 3768//3768
f 3774//3774 3683//3683 3684//3684
f 3761//3761 3683//3683 3774//3774
f 3761//3761 3775//3775 3683//3683
f 3781//3781 3777//3777 3778//3778
f 3779//3779 3781//3781 3778//3778
f 3780//3780 3781//3781 3779//3779
f 3785//3785 3779//3779 3778//3778
f 3780//3780 3782//3782 3781//3781
f 3780//3780 3783//3783 3782//3782
f 3780//3780 3786//3786 3784//3784
f 3780//3780 3784//3784 3783//3783
f 3789//3789 3787//3787 3786//3786
f 3789//3789 3786//3786 3780//3780
f 3790//3790 3785//3785 3778//3778
f 3789//3789 3788//3788 3787//3787
f 3792//3792 3788//3788 3789//3789
f 3791//3791 3790//3790 3778//3778
f 3793//3793 3788//3788 3792//3792
f 3794//3794 3791//3791 3778//3778
f 3800//3800 3778//3778 3795//3795
f 3800//3800 3794//3794 3778//3778
f 3796//3796 3788//3788 3793//3793
f 3797//3797 3798//3798 3799//3799
f 3797//3797 3799//3799 3800//3800
f 3797//3797 3800//3800 3795//3795
f 3801//3801 3802//3802 3803//3803
f 3801//3801 3803//3803 3804//3804
f 3805//3805 3801//3801 3804//3804
f 3805//3805 3798//3798 3797//3797
f 3805//3805 3804//3804 3798//3798
f 3807//3807 3805//3805 3806//3806
f 3807//3807 3801//3801 3805//3805
f 3808//3808 3807//3807 3806//3806
f 3810//3810 3807//3807 3808//3808
f 3809//3809 3807//3807 3810//3810
f 3811//3811 3788//3788 3796//3796
f 3812//3812 3811//3811 3813//3813
f 3812//3812 3813//3813 3814//3814
f 3812//3812 3788//3788 3811//3811
f 3816//3816 3817//3817 3815//3815
f 3818//3818 3817//3817 3816//3816
f 3818//3818 3819//3819 3817//3817
f 3820//3820 3819//3819 3818//3818
f 3821//3821 3819//3819 3820//3820
f 3822//3822 3819//3819 3821//3821
f 3822//3822 3834//3834 3819//3819
f 3823//3823 3812//3812 3814//3814
f 3823//3823 3814//3814 3824//3824
f 3823//3823 3824//3824 3825//3825
f 3823//3823 3825//3825 3826//3826
f 3823//3823 3826//3826 3827//3827
f 3823//3823 3827//3827 3828//3828
f 3829//3829 3812//3812 3823//3823
f 3830//3830 3834//3834 3822//3822
f 3830//3830 3831//3831 3832//3832
f 3830//3830 3832//3832 3833//3833
f 3830//3830 3833//3833 3834//3834
f 3836//3836 3831//3831 3830//3830
f 3836//3836 3830//3830 3835//3835
f 3836//3836 3823//3823 3828//3828
f 3836//3836 3828//3828 3831//3831
f 3838//3838 3836//3836 3835//3835
f 3839//3839 3837//3837 3836//3836
f 3839//3839 3836//3836 3838//3838
f 3840//3840 3777//3777 3781//3781
f 3900//3900 3840//3840 3781//3781
f 3845//3845 3841//3841 3844//3844
f 3845//3845 3842//3842 3841//3841
f 3847//3847 3845//3845 3844//3844
f 3847//3847 3844//3844 3843//3843
f 3849//3849 3843//3843 3846//3846
f 3849//3849 3847//3847 3843//3843
f 3849//3849 3848//3848 3847//3847
f 3855//3855 3848//3848 3849//3849
f 3850//3850 3778//3778 3777//3777
f 3851//3851 3848//3848 3855//3855
f 3853//3853 3852//3852 3851//3851
f 3854//3854 3853//3853 3851//3851
f 3854//3854 3851//3851 3855//3855
f 3859//3859 3854//3854 3855//3855
f 3859//3859 3856//3856 3857//3857
f 3859//3859 3858//3858 3856//3856
f 3859//3859 3855//3855 3858//3858
f 3860//3860 3859//3859 3857//3857
f 3860//3860 3857//3857 3862//3862
f 3861//3861 3860//3860 3862//3862
f 3861//3861 3862//3862 3864//3864
f 3863//3863 3861//3861 3864//3864
f 3863//3863 3864//3864 3865//3865
f 3867//3867 3863//3863 3865//3865
f 3867//3867 3865//3865 3866//3866
f 3868//3868 3869//3869 3875//3875
f 3840//3840 3868//3868 3875//3875
f 3840//3840 3871//3871 3870//3870
f 3840//3840 3872//3872 3871//3871
f 3840//3840 3873//3873 3872//3872
f 3840//3840 3874//3874 3873//3873
f 3840//3840 3875//3875 3874//3874
f 3777//3777 3840//3840 3850//3850
f 3850//3850 3840//3840 3876//3876
f 3876//3876 3840//3840 3877//3877
f 3877//3877 3840//3840 3878//3878
f 3878//3878 3840//3840 3866//3866
f 3866//3866 3840//3840 3867//3867
f 3867//3867 3840//3840 3870//3870
f 3881//3881 3880//3880 3879//3879
f 3882//3882 3881//3881 3879//3879
f 3883//3883 3882//3882 3879//3879
f 3884//3884 3883//3883 3879//3879
f 3885//3885 3884//3884 3879//3879
f 3885//3885 3879//3879 3868//3868
f 3887//3887 3888//3888 3886//3886
f 3887//3887 3885//3885 3868//3868
f 3887//3887 3886//3886 3885//3885
f 3887//3887 3868//3868 3889//3889
f 3890//3890 3889//3889 3868//3868
f 3891//3891 3890//3890 3868//3868
f 3892//3892 3891//3891 3868//3868
f 3840//3840 3893//3893 3892//3892
f 3840//3840 3894//3894 3893//3893
f 3840//3840 3895//3895 3894//3894
f 3840//3840 3896//3896 3895//3895
f 3840//3840 3892//3892 3868//3868
f 3897//3897 3896//3896 3840//3840
f 3898//3898 3897//3897 3840//3840
f 3900//3900 3898//3898 3840//3840
f 3900//3900 3899//3899 3898//3898
f 3900//3900 3907//3907 3899//3899
f 3903//3903 3901//3901 3902//3902
f 3904//3904 3901//3901 3903//3903
f 3904//3904 3900//3900 3901//3901
f 3906//3906 3904//3904 3905//3905
f 3906//3906 3900//3900 3904//3904
f 3906//3906 3908//3908 3907//3907
f 3906//3906 3907//3907 3900//3900
f 3911//3911 3912//3912 3909//3909
f 3911//3911 3909//3909 3910//3910
f 3913//3913 3912//3912 3911//3911
f 3913//3913 3914//3914 3912//3912
f 3915//3915 3914//3914 3913//3913
f 3916//3916 3914//3914 3915//3915
f 3919//3919 3914//3914 3916//3916
f 3932//3932 3908//3908 3906//3906
f 3917//3917 3918//3918 3926//3926
f 3917//3917 3919//3919 3918//3918
f 3917//3917 3914//3914 3919//3919
f 3921//3921 3920//3920 3917//3917
f 3922//3922 3921//3921 3917//3917
f 3923//3923 3922//3922 3917//3917
f 3927//3927 3923//3923 3917//3917
f 3927//3927 3925//3925 3924//3924
f 3927//3927 3926//3926 3925//3925
f 3927//3927 3917//3917 3926//3926
f 4692//4692 3929//3929 3928//3928
f 4692//4692 3930//3930 3929//3929
f 4692//4692 3927//3927 3924//3924
f 4692//4692 3931//3931 3930//3930
f 4692//4692 3924//3924 3931//3931
f 4692//4692 3932//3932 3906//3906
f 4692//4692 3933//3933 3932//3932
f 4692//4692 3934//3934 3933//3933
f 4692//4692 3935//3935 3934//3934
f 4692//4692 3928//3928 3935//3935
f 3936//3936 4932//4932 4692//4692
f 3936//3936 4692//4692 3906//3906
f 3901//3901 3781//3781 3782//3782
f 3901//3901 3900//3900 3781//3781
f 3901//3901 3782//3782 3783//3783
f 3902//3902 3783//3783 3784//3784
f 3902//3902 3901//3901 3783//3783
f 3903//3903 3784//3784 3786//3786
f 3903//3903 3902//3902 3784//3784
f 3904//3904 3903//3903 3786//3786
f 3904//3904 3786//3786 3787//3787
f 3905//3905 3904//3904 3787//3787
f 3905//3905 3787//3787 3788//3788
f 3906//3906 3905//3905 3788//3788
f 3940//3940 3938//3938 3937//3937
f 3940//3940 3939//3939 3938//3938
f 3940//3940 3942//3942 3939//3939
f 3941//3941 3942//3942 3940//3940
f 3944//3944 3942//3942 3941//3941
f 3944//3944 3943//3943 3942//3942
f 3944//3944 3946//3946 3943//3943
f 3945//3945 3946//3946 3944//3944
f 3951//3951 3947//3947 3949//3949
f 3951//3951 3952//3952 3950//3950
f 3951//3951 3948//3948 3947//3947
f 3951//3951 3950//3950 3948//3948
f 3953//3953 3952//3952 3951//3951
f 3971//3971 3953//3953 3951//3951
f 3955//3955 3938//3938 3954//3954
f 3955//3955 3937//3937 3938//3938
f 3955//3955 3954//3954 3957//3957
f 3956//3956 3955//3955 3957//3957
f 3956//3956 3957//3957 3959//3959
f 3958//3958 3956//3956 3959//3959
f 3960//3960 3959//3959 3961//3961
f 3960//3960 3958//3958 3959//3959
f 3960//3960 3961//3961 3962//3962
f 3973//3973 3960//3960 3962//3962
f 3965//3965 3963//3963 3964//3964
f 3966//3966 3965//3965 3964//3964
f 3968//3968 3966//3966 3964//3964
f 3968//3968 3967//3967 3966//3966
f 3968//3968 3969//3969 3973//3973
f 3968//3968 3964//3964 3969//3969
f 3970//3970 3973//3973 3962//3962
f 3970//3970 3962//3962 3971//3971
f 3970//3970 3971//3971 3951//3951
f 3972//3972 3973//3973 3970//3970
f 3972//3972 3968//3968 3973//3973
f 3980//3980 3945//3945 3974//3974
f 3980//3980 3946//3946 3945//3945
f 3942//3942 3975//3975 3939//3939
f 3851//3851 3977//3977 3976//3976
f 3852//3852 3977//3977 3851//3851
f 3943//3943 3975//3975 3942//3942
f 3946//3946 3975//3975 3943//3943
f 3978//3978 3975//3975 3946//3946
f 3852//3852 3979//3979 3977//3977
f 3980//3980 3978//3978 3946//3946
f 3852//3852 3980//3980 3979//3979
f 3853//3853 3980//3980 3852//3852
f 3853//3853 3978//3978 3980//3980
f 3853//3853 3981//3981 3978//3978
f 3854//3854 3981//3981 3853//3853
f 3937//3937 4230//4230 3940//3940
f 3937//3937 4000//4000 4230//4230
f 3955//3955 4000//4000 3937//3937
f 3938//3938 3939//3939 3975//3975
f 3938//3938 3975//3975 4275//4275
f 3954//3954 3938//3938 4275//4275
f 3983//3983 3964//3964 3963//3963
f 3983//3983 3982//3982 3964//3964
f 3984//3984 3963//3963 3965//3965
f 3984//3984 3983//3983 3963//3963
f 3985//3985 3984//3984 3965//3965
f 3985//3985 3965//3965 3966//3966
f 3986//3986 3985//3985 3966//3966
f 3986//3986 3966//3966 3967//3967
f 3987//3987 3986//3986 3967//3967
f 3987//3987 3967//3967 3968//3968
f 3988//3988 3987//3987 3968//3968
f 3989//3989 3990//3990 3991//3991
f 3992//3992 3990//3990 3989//3989
f 4171//4171 3992//3992 3989//3989
f 3972//3972 3988//3988 3968//3968
f 3972//3972 3991//3991 3990//3990
f 3993//3993 3972//3972 3990//3990
f 3995//3995 3993//3993 3994//3994
f 3995//3995 3972//3972 3993//3993
f 3995//3995 3988//3988 3972//3972
f 3996//3996 3973//3973 3969//3969
f 3997//3997 3973//3973 3996//3996
f 3997//3997 3960//3960 3973//3973
f 3998//3998 3958//3958 3960//3960
f 3998//3998 3960//3960 3997//3997
f 3999//3999 3956//3956 3958//3958
f 3999//3999 3958//3958 3998//3998
f 4000//4000 3955//3955 3956//3956
f 4000//4000 3956//3956 3999//3999
f 3969//3969 3964//3964 3982//3982
f 3969//3969 3982//3982 3996//3996
f 4003//4003 4001//4001 4002//4002
f 4003//4003 4002//4002 4004//4004
f 4005//4005 4003//4003 4004//4004
f 4005//4005 4004//4004 4006//4006
f 4007//4007 4005//4005 4006//4006
f 4007//4007 4006//4006 4008//4008
f 4009//4009 4007//4007 4008//4008
f 4009//4009 4008//4008 4010//4010
f 4009//4009 4010//4010 4012//4012
f 4011//4011 4009//4009 4012//4012
f 4014//4014 4012//4012 4013//4013
f 4014//4014 4011//4011 4012//4012
f 4015//4015 4013//4013 4016//4016
f 4015//4015 4014//4014 4013//4013
f 4017//4017 4015//4015 4016//4016
f 4017//4017 4170//4170 4015//4015
f 4018//4018 4170//4170 4017//4017
f 4019//4019 4020//4020 4015//4015
f 4019//4019 4015//4015 4170//4170
f 4022//4022 4019//4019 4021//4021
f 4022//4022 4020//4020 4019//4019
f 4024//4024 4025//4025 4023//4023
f 4026//4026 4025//4025 4024//4024
f 4026//4026 4027//4027 4025//4025
f 4029//4029 4027//4027 4026//4026
f 4029//4029 4028//4028 4027//4027
f 4031//4031 4030//4030 4028//4028
f 4031//4031 4028//4028 4029//4029
f 4033//4033 4030//4030 4031//4031
f 4033//4033 4032//4032 4030//4030
f 4034//4034 4032//4032 4033//4033
f 4034//4034 4035//4035 4032//4032
f 4036//4036 4035//4035 4034//4034
f 4036//4036 4037//4037 4035//4035
f 4038//4038 4037//4037 4036//4036
f 4038//4038 4039//4039 4037//4037
f 4040//4040 4039//4039 4038//4038
f 4023//4023 4002//4002 4001//4001
f 4023//4023 4001//4001 4024//4024
f 4083//4083 4042//4042 4041//4041
f 4083//4083 4041//4041 4059//4059
f 4043//4043 4044//4044 4042//4042
f 4043//4043 4042//4042 4083//4083
f 4045//4045 4046//4046 4044//4044
f 4045//4045 4044//4044 4043//4043
f 4086//4086 4047//4047 4046//4046
f 4086//4086 4046//4046 4045//4045
f 4048//4048 4049//4049 4047//4047
f 4048//4048 4047//4047 4086//4086
f 4050//4050 4051//4051 4049//4049
f 4050//4050 4049//4049 4048//4048
f 4052//4052 4051//4051 4050//4050
f 4052//4052 4053//4053 4051//4051
f 4055//4055 4054//4054 4053//4053
f 4055//4055 4053//4053 4052//4052
f 4057//4057 4056//4056 4054//4054
f 4057//4057 4054//4054 4055//4055
f 4057//4057 4058//4058 4056//4056
f 4089//4089 4058//4058 4057//4057
f 4060//4060 4061//4061 4059//4059
f 4062//4062 4061//4061 4060//4060
f 4063//4063 4061//4061 4062//4062
f 4063//4063 4079//4079 4061//4061
f 4063//4063 4064//4064 4079//4079
f 4116//4116 4064//4064 4063//4063
f 4116//4116 4065//4065 4064//4064
f 4066//4066 4065//4065 4116//4116
f 4066//4066 4067//4067 4065//4065
f 4068//4068 4067//4067 4066//4066
f 4068//4068 4069//4069 4067//4067
f 4070//4070 4071//4071 4069//4069
f 4070//4070 4069//4069 4068//4068
f 4072//4072 4071//4071 4070//4070
f 4072//4072 4076//4076 4071//4071
f 4073//4073 4076//4076 4072//4072
f 4113//4113 4074//4074 4076//4076
f 4113//4113 4076//4076 4073//4073
f 4111//4111 4075//4075 4074//4074
f 4111//4111 4074//4074 4113//4113
f 4076//4076 4074//4074 4075//4075
f 4076//4076 4069//4069 4071//4071
f 4081//4081 4076//4076 4075//4075
f 4067//4067 4069//4069 4076//4076
f 4077//4077 4081//4081 4075//4075
f 4067//4067 4076//4076 4081//4081
f 4079//4079 4065//4065 4067//4067
f 4078//4078 4081//4081 4077//4077
f 4079//4079 4064//4064 4065//4065
f 4081//4081 4079//4079 4067//4067
f 4080//4080 4081//4081 4078//4078
f 4084//4084 4079//4079 4081//4081
f 4080//4080 4082//4082 4081//4081
f 4088//4088 4082//4082 4080//4080
f 4083//4083 4061//4061 4079//4079
f 4088//4088 4080//4080 4085//4085
f 4083//4083 4059//4059 4061//4061
f 4082//4082 4084//4084 4081//4081
f 4084//4084 4083//4083 4079//4079
f 4088//4088 4084//4084 4082//4082
f 4087//4087 4088//4088 4085//4085
f 4084//4084 4043//4043 4083//4083
f 4086//4086 4084//4084 4088//4088
f 4084//4084 4045//4045 4043//4043
f 4084//4084 4086//4086 4045//4045
f 4086//4086 4050//4050 4048//4048
f 4088//4088 4050//4050 4086//4086
f 4089//4089 4088//4088 4087//4087
f 4088//4088 4052//4052 4050//4050
f 4088//4088 4055//4055 4052//4052
f 4057//4057 4055//4055 4088//4088
f 4089//4089 4057//4057 4088//4088
f 4091//4091 4090//4090 4105//4105
f 4091//4091 4092//4092 4090//4090
f 4091//4091 4093//4093 4092//4092
f 4094//4094 4093//4093 4091//4091
f 4096//4096 4095//4095 4093//4093
f 4096//4096 4093//4093 4094//4094
f 4096//4096 4097//4097 4095//4095
f 4098//4098 4097//4097 4096//4096
f 4098//4098 4099//4099 4097//4097
f 4100//4100 4101//4101 4099//4099
f 4100//4100 4099//4099 4098//4098
f 4102//4102 4101//4101 4100//4100
f 4102//4102 4103//4103 4101//4101
f 4062//4062 4103//4103 4102//4102
f 4060//4060 4103//4103 4062//4062
f 4060//4060 4104//4104 4103//4103
f 4110//4110 4107//4107 4108//4108
f 4110//4110 4106//4106 4107//4107
f 4106//4106 4091//4091 4105//4105
f 4094//4094 4091//4091 4106//4106
f 4110//4110 4094//4094 4106//4106
f 4112//4112 4108//4108 4109//4109
f 4113//4113 4112//4112 4111//4111
f 4110//4110 4108//4108 4112//4112
f 4096//4096 4094//4094 4110//4110
f 4114//4114 4110//4110 4112//4112
f 4096//4096 4110//4110 4115//4115
f 4114//4114 4115//4115 4110//4110
f 4113//4113 4114//4114 4112//4112
f 4114//4114 4073//4073 4072//4072
f 4114//4114 4113//4113 4073//4073
f 4114//4114 4072//4072 4070//4070
f 4114//4114 4070//4070 4068//4068
f 4116//4116 4115//4115 4114//4114
f 4100//4100 4096//4096 4115//4115
f 4100//4100 4098//4098 4096//4096
f 4114//4114 4068//4068 4066//4066
f 4116//4116 4114//4114 4066//4066
f 4062//4062 4100//4100 4115//4115
f 4062//4062 4102//4102 4100//4100
f 4062//4062 4115//4115 4116//4116
f 4062//4062 4116//4116 4063//4063
f 4059//4059 4104//4104 4060//4060
f 4059//4059 4041//4041 4104//4104
f 4144//4144 4118//4118 4117//4117
f 4144//4144 4117//4117 4123//4123
f 4141//4141 4118//4118 4144//4144
f 4141//4141 4119//4119 4118//4118
f 4142//4142 4119//4119 4141//4141
f 4145//4145 4119//4119 4142//4142
f 4145//4145 4120//4120 4119//4119
f 4140//4140 4120//4120 4145//4145
f 4140//4140 4121//4121 4120//4120
f 4122//4122 4121//4121 4140//4140
f 4124//4124 4148//4148 4123//4123
f 4125//4125 4126//4126 4148//4148
f 4125//4125 4148//4148 4124//4124
f 4127//4127 4126//4126 4125//4125
f 4127//4127 4128//4128 4126//4126
f 4127//4127 4129//4129 4128//4128
f 4130//4130 4129//4129 4127//4127
f 4132//4132 4131//4131 4129//4129
f 4132//4132 4129//4129 4130//4130
f 4132//4132 4133//4133 4131//4131
f 4134//4134 4133//4133 4132//4132
f 4135//4135 4136//4136 4133//4133
f 4135//4135 4133//4133 4134//4134
f 4137//4137 4136//4136 4135//4135
f 4137//4137 4138//4138 4136//4136
f 4139//4139 4138//4138 4137//4137
f 4143//4143 4122//4122 4140//4140
f 4146//4146 4143//4143 4140//4140
f 4148//4148 4144//4144 4123//4123
f 4145//4145 4146//4146 4140//4140
f 4149//4149 4145//4145 4142//4142
f 4148//4148 4141//4141 4144//4144
f 4128//4128 4142//4142 4141//4141
f 4148//4148 4128//4128 4141//4141
f 4128//4128 4149//4149 4142//4142
f 4150//4150 4145//4145 4149//4149
f 4150//4150 4146//4146 4145//4145
f 4147//4147 4146//4146 4150//4150
f 4128//4128 4148//4148 4126//4126
f 4149//4149 4128//4128 4129//4129
f 4149//4149 4129//4129 4131//4131
f 4150//4150 4151//4151 4147//4147
f 4149//4149 4131//4131 4133//4133
f 4150//4150 4149//4149 4133//4133
f 4138//4138 4151//4151 4150//4150
f 4150//4150 4133//4133 4136//4136
f 4150//4150 4136//4136 4138//4138
f 4123//4123 4117//4117 4124//4124
f 4018//4018 4017//4017 4164//4164
f 4153//4153 4152//4152 4154//4154
f 4155//4155 4153//4153 4154//4154
f 4156//4156 4155//4155 4154//4154
f 4155//4155 4156//4156 4157//4157
f 4161//4161 4155//4155 4157//4157
f 4157//4157 4158//4158 4160//4160
f 4160//4160 4161//4161 4157//4157
f 4160//4160 4158//4158 4159//4159
f 4162//4162 4160//4160 4159//4159
f 4161//4161 4160//4160 4162//4162
f 4164//4164 4161//4161 4162//4162
f 4164//4164 4162//4162 4163//4163
f 4163//4163 4018//4018 4164//4164
f 4152//4152 4153//4153 4021//4021
f 4165//4165 4021//4021 4019//4019
f 4152//4152 4021//4021 4165//4165
f 4165//4165 4154//4154 4152//4152
f 4166//4166 4154//4154 4165//4165
f 4166//4166 4156//4156 4154//4154
f 4166//4166 4157//4157 4156//4156
f 4167//4167 4157//4157 4166//4166
f 4167//4167 4158//4158 4157//4157
f 4168//4168 4158//4158 4167//4167
f 4168//4168 4159//4159 4158//4158
f 4168//4168 4162//4162 4159//4159
f 4169//4169 4162//4162 4168//4168
f 4169//4169 4163//4163 4162//4162
f 4169//4169 4018//4018 4163//4163
f 4170//4170 4018//4018 4169//4169
f 3992//3992 4171//4171 4180//4180
f 4174//4174 4173//4173 4172//4172
f 4177//4177 4174//4174 4175//4175
f 4176//4176 4177//4177 4175//4175
f 4179//4179 4177//4177 4176//4176
f 4178//4178 4179//4179 4176//4176
f 4180//4180 4179//4179 4178//4178
f 4180//4180 4171//4171 4179//4179
f 4172//4172 4173//4173 3994//3994
f 4182//4182 4174//4174 4172//4172
f 4182//4182 4172//4172 4181//4181
f 4182//4182 4175//4175 4174//4174
f 4183//4183 4175//4175 4182//4182
f 4183//4183 4176//4176 4175//4175
f 4184//4184 4176//4176 4183//4183
f 4184//4184 4178//4178 4176//4176
f 4185//4185 4178//4178 4184//4184
f 4185//4185 4180//4180 4178//4178
f 3992//3992 4180//4180 4185//4185
f 3992//3992 4185//4185 3990//3990
f 4135//4135 3995//3995 4137//4137
f 4139//4139 4137//4137 3995//3995
f 4134//4134 3995//3995 4135//4135
f 4132//4132 3995//3995 4134//4134
f 4130//4130 3995//3995 4132//4132
f 4127//4127 3995//3995 4130//4130
f 4125//4125 3995//3995 4127//4127
f 4124//4124 3995//3995 4125//4125
f 3988//3988 4117//4117 4118//4118
f 3988//3988 4124//4124 4117//4117
f 3988//3988 3995//3995 4124//4124
f 4119//4119 3988//3988 4118//4118
f 4120//4120 3988//3988 4119//4119
f 4121//4121 3988//3988 4120//4120
f 4187//4187 4170//4170 4186//4186
f 4189//4189 4186//4186 4170//4170
f 4188//4188 4170//4170 4187//4187
f 4189//4189 4170//4170 4169//4169
f 4191//4191 4189//4189 4169//4169
f 4191//4191 4169//4169 4168//4168
f 4019//4019 4188//4188 4190//4190
f 4019//4019 4170//4170 4188//4188
f 4192//4192 4019//4019 4190//4190
f 4167//4167 4191//4191 4168//4168
f 4167//4167 4193//4193 4191//4191
f 4165//4165 4019//4019 4192//4192
f 4166//4166 4193//4193 4167//4167
f 4166//4166 4194//4194 4193//4193
f 4165//4165 4192//4192 4194//4194
f 4166//4166 4165//4165 4194//4194
f 4181//4181 3994//3994 3993//3993
f 4172//4172 3994//3994 4181//4181
f 4197//4197 4195//4195 3990//3990
f 4197//4197 3990//3990 4185//4185
f 4196//4196 3990//3990 4195//4195
f 4198//4198 4197//4197 4185//4185
f 4198//4198 4185//4185 4184//4184
f 4199//4199 4198//4198 4184//4184
f 3993//3993 3990//3990 4196//4196
f 3993//3993 4196//4196 4200//4200
f 4183//4183 4199//4199 4184//4184
f 4183//4183 4201//4201 4199//4199
f 4181//4181 3993//3993 4200//4200
f 4181//4181 4200//4200 4202//4202
f 4182//4182 4201//4201 4183//4183
f 4182//4182 4181//4181 4202//4202
f 4182//4182 4202//4202 4201//4201
f 4203//4203 4200//4200 4213//4213
f 4203//4203 4202//4202 4200//4200
f 4204//4204 4202//4202 4203//4203
f 4205//4205 4201//4201 4202//4202
f 4205//4205 4202//4202 4204//4204
f 4206//4206 4201//4201 4205//4205
f 4206//4206 4199//4199 4201//4201
f 4207//4207 4199//4199 4206//4206
f 4207//4207 4198//4198 4199//4199
f 4208//4208 4198//4198 4207//4207
f 4209//4209 4198//4198 4208//4208
f 4209//4209 4197//4197 4198//4198
f 4210//4210 4197//4197 4209//4209
f 4210//4210 4195//4195 4197//4197
f 4211//4211 4195//4195 4210//4210
f 4211//4211 4196//4196 4195//4195
f 4212//4212 4196//4196 4211//4211
f 4212//4212 4200//4200 4196//4196
f 4213//4213 4200//4200 4212//4212
f 4214//4214 4194//4194 4192//4192
f 4215//4215 4194//4194 4214//4214
f 4216//4216 4194//4194 4215//4215
f 4216//4216 4193//4193 4194//4194
f 4217//4217 4193//4193 4216//4216
f 4217//4217 4191//4191 4193//4193
f 4218//4218 4191//4191 4217//4217
f 4218//4218 4189//4189 4191//4191
f 4219//4219 4189//4189 4218//4218
f 4220//4220 4189//4189 4219//4219
f 4220//4220 4186//4186 4189//4189
f 4220//4220 4187//4187 4186//4186
f 4221//4221 4187//4187 4220//4220
f 4221//4221 4188//4188 4187//4187
f 4222//4222 4188//4188 4221//4221
f 4222//4222 4190//4190 4188//4188
f 4223//4223 4190//4190 4222//4222
f 4224//4224 4190//4190 4223//4223
f 4224//4224 4192//4192 4190//4190
f 4214//4214 4192//4192 4224//4224
f 4040//4040 4225//4225 4226//4226
f 4040//4040 4226//4226 4231//4231
f 4040//4040 4227//4227 4225//4225
f 4228//4228 4227//4227 4040//4040
f 4039//4039 4040//4040 4229//4229
f 4229//4229 4040//4040 4231//4231
f 3941//3941 3940//3940 4230//4230
f 4232//4232 4229//4229 4231//4231
f 3944//3944 3941//3941 4230//4230
f 4232//4232 4233//4233 4229//4229
f 4234//4234 4233//4233 4232//4232
f 3974//3974 4233//4233 4234//4234
f 3974//3974 4235//4235 4233//4233
f 4230//4230 3945//3945 3944//3944
f 4236//4236 3945//3945 4230//4230
f 4236//4236 3974//3974 3945//3945
f 4236//4236 4235//4235 3974//3974
f 4238//4238 4237//4237 4235//4235
f 4238//4238 4235//4235 4236//4236
f 4241//4241 4239//4239 4240//4240
f 4241//4241 4240//4240 4242//4242
f 4243//4243 4241//4241 4242//4242
f 4243//4243 4242//4242 4245//4245
f 4244//4244 4243//4243 4245//4245
f 4246//4246 4244//4244 4245//4245
f 4246//4246 4245//4245 4247//4247
f 4248//4248 4246//4246 4247//4247
f 4248//4248 4247//4247 4249//4249
f 4251//4251 4248//4248 4249//4249
f 4251//4251 4249//4249 4250//4250
f 4251//4251 4250//4250 4253//4253
f 4252//4252 4251//4251 4253//4253
f 4252//4252 4253//4253 4254//4254
f 4255//4255 4252//4252 4254//4254
f 4237//4237 4240//4240 4239//4239
f 4237//4237 4238//4238 4240//4240
f 3950//3950 3952//3952 4256//4256
f 3950//3950 4256//4256 4257//4257
f 3948//3948 3950//3950 4257//4257
f 3948//3948 4257//4257 4258//4258
f 3947//3947 3948//3948 4258//4258
f 3947//3947 4258//4258 4259//4259
f 3947//3947 4259//4259 4260//4260
f 3949//3949 3947//3947 4260//4260
f 3949//3949 4260//4260 4261//4261
f 3951//3951 3949//3949 4261//4261
f 3951//3951 4261//4261 4262//4262
f 4263//4263 4264//4264 4265//4265
f 4427//4427 4263//4263 4265//4265
f 3970//3970 3951//3951 4262//4262
f 3970//3970 4265//4265 4264//4264
f 4266//4266 4265//4265 3970//3970
f 4268//4268 4267//4267 4266//4266
f 4269//4269 3970//3970 4262//4262
f 4269//4269 4268//4268 4266//4266
f 4269//4269 4266//4266 3970//3970
f 3971//3971 4271//4271 4270//4270
f 3971//3971 4270//4270 3953//3953
f 3962//3962 4271//4271 3971//3971
f 3962//3962 4272//4272 4271//4271
f 3961//3961 4272//4272 3962//3962
f 3959//3959 4272//4272 3961//3961
f 3959//3959 4273//4273 4272//4272
f 3959//3959 4274//4274 4273//4273
f 3957//3957 4274//4274 3959//3959
f 3957//3957 4275//4275 4274//4274
f 3954//3954 4275//4275 3957//3957
f 3953//3953 4270//4270 4256//4256
f 3953//3953 4256//4256 3952//3952
f 3855//3855 4276//4276 4277//4277
f 3858//3858 3855//3855 4277//4277
f 3856//3856 4277//4277 4278//4278
f 3856//3856 3858//3858 4277//4277
f 3857//3857 3856//3856 4278//4278
f 3857//3857 4278//4278 4279//4279
f 3862//3862 3857//3857 4279//4279
f 3862//3862 4279//4279 4280//4280
f 3864//3864 3862//3862 4280//4280
f 3864//3864 4280//4280 4281//4281
f 3865//3865 3864//3864 4281//4281
f 3865//3865 4281//4281 4282//4282
f 3866//3866 4282//4282 4283//4283
f 3866//3866 3865//3865 4282//4282
f 3878//3878 3866//3866 4283//4283
f 3878//3878 4283//4283 4284//4284
f 3877//3877 3878//3878 4284//4284
f 3876//3876 4284//4284 4285//4285
f 3876//3876 3877//3877 4284//4284
f 3850//3850 3876//3876 4285//4285
f 4028//4028 4030//4030 4286//4286
f 4027//4027 4028//4028 4286//4286
f 4032//4032 4286//4286 4030//4030
f 4025//4025 4027//4027 4286//4286
f 4287//4287 4286//4286 4032//4032
f 4287//4287 4032//4032 4035//4035
f 4287//4287 4035//4035 4037//4037
f 4287//4287 4037//4037 4039//4039
f 4013//4013 4286//4286 4016//4016
f 4013//4013 4023//4023 4025//4025
f 4013//4013 4025//4025 4286//4286
f 4002//4002 4023//4023 4013//4013
f 4006//4006 4004//4004 4002//4002
f 4008//4008 4006//4006 4002//4002
f 4008//4008 4002//4002 4013//4013
f 4008//4008 4013//4013 4012//4012
f 4008//4008 4012//4012 4010//4010
f 4229//4229 4287//4287 4039//4039
f 4233//4233 4287//4287 4229//4229
f 4235//4235 4287//4287 4233//4233
f 4237//4237 4287//4287 4235//4235
f 4243//4243 4239//4239 4241//4241
f 4244//4244 4239//4239 4243//4243
f 4255//4255 4287//4287 4237//4237
f 4255//4255 4237//4237 4239//4239
f 4246//4246 4239//4239 4244//4244
f 4248//4248 4239//4239 4246//4246
f 4248//4248 4255//4255 4239//4239
f 4251//4251 4252//4252 4255//4255
f 4251//4251 4255//4255 4248//4248
f 3795//3795 3778//3778 3850//3850
f 4288//4288 3850//3850 4285//4285
f 4288//4288 3795//3795 3850//3850
f 4291//4291 3795//3795 4288//4288
f 4291//4291 4288//4288 4289//4289
f 4290//4290 4291//4291 4289//4289
f 4292//4292 4288//4288 4293//4293
f 4292//4292 4289//4289 4288//4288
f 4295//4295 4294//4294 4292//4292
f 4295//4295 4292//4292 4293//4293
f 3846//3846 4297//4297 4296//4296
f 3846//3846 4296//4296 3849//3849
f 3843//3843 4298//4298 4297//4297
f 3843//3843 4297//4297 3846//3846
f 3844//3844 4298//4298 3843//3843
f 3844//3844 4299//4299 4298//4298
f 3841//3841 4299//4299 3844//3844
f 3841//3841 4300//4300 4299//4299
f 3842//3842 4300//4300 3841//3841
f 3842//3842 4301//4301 4300//4300
f 3845//3845 4301//4301 3842//3842
f 3845//3845 4302//4302 4301//4301
f 3847//3847 4302//4302 3845//3845
f 3847//3847 4303//4303 4302//4302
f 3848//3848 4304//4304 4303//4303
f 3848//3848 4303//4303 3847//3847
f 3849//3849 4276//4276 3855//3855
f 3849//3849 4296//4296 4276//4276
f 4306//4306 4307//4307 4305//4305
f 4308//4308 4307//4307 4306//4306
f 4308//4308 4309//4309 4307//4307
f 4311//4311 4309//4309 4308//4308
f 4311//4311 4310//4310 4309//4309
f 4312//4312 4310//4310 4311//4311
f 4312//4312 4313//4313 4310//4310
f 4315//4315 4313//4313 4312//4312
f 4315//4315 4314//4314 4313//4313
f 4316//4316 4314//4314 4315//4315
f 4316//4316 4317//4317 4314//4314
f 4316//4316 4343//4343 4317//4317
f 4318//4318 4343//4343 4316//4316
f 4319//4319 4348//4348 4343//4343
f 4319//4319 4343//4343 4318//4318
f 4321//4321 4320//4320 4305//4305
f 4321//4321 4374//4374 4320//4320
f 4322//4322 4374//4374 4321//4321
f 4322//4322 4323//4323 4374//4374
f 4336//4336 4323//4323 4322//4322
f 4336//4336 4324//4324 4323//4323
f 4325//4325 4324//4324 4336//4336
f 4325//4325 4326//4326 4324//4324
f 4327//4327 4326//4326 4325//4325
f 4327//4327 4377//4377 4326//4326
f 4328//4328 4377//4377 4327//4327
f 4328//4328 4329//4329 4377//4377
f 4340//4340 4329//4329 4328//4328
f 4340//4340 4330//4330 4329//4329
f 4331//4331 4330//4330 4340//4340
f 4331//4331 4332//4332 4330//4330
f 4333//4333 4335//4335 4332//4332
f 4333//4333 4332//4332 4331//4331
f 4334//4334 4335//4335 4333//4333
f 4321//4321 4305//4305 4307//4307
f 4337//4337 4322//4322 4321//4321
f 4337//4337 4321//4321 4307//4307
f 4336//4336 4322//4322 4337//4337
f 4337//4337 4307//4307 4309//4309
f 4338//4338 4325//4325 4336//4336
f 4338//4338 4327//4327 4325//4325
f 4338//4338 4328//4328 4327//4327
f 4310//4310 4337//4337 4309//4309
f 4338//4338 4336//4336 4337//4337
f 4340//4340 4328//4328 4338//4338
f 4339//4339 4338//4338 4337//4337
f 4339//4339 4337//4337 4310//4310
f 4341//4341 4331//4331 4340//4340
f 4339//4339 4342//4342 4338//4338
f 4342//4342 4340//4340 4338//4338
f 4339//4339 4313//4313 4314//4314
f 4339//4339 4310//4310 4313//4313
f 4342//4342 4341//4341 4340//4340
f 4341//4341 4333//4333 4331//4331
f 4344//4344 4342//4342 4339//4339
f 4339//4339 4314//4314 4317//4317
f 4349//4349 4339//4339 4317//4317
f 4345//4345 4342//4342 4344//4344
f 4343//4343 4349//4349 4317//4317
f 4344//4344 4339//4339 4349//4349
f 4342//4342 4345//4345 4341//4341
f 4344//4344 4346//4346 4345//4345
f 4347//4347 4344//4344 4349//4349
f 4349//4349 4343//4343 4348//4348
f 4347//4347 4346//4346 4344//4344
f 4349//4349 4348//4348 4347//4347
f 4352//4352 4366//4366 4350//4350
f 4352//4352 4351//4351 4366//4366
f 4354//4354 4353//4353 4351//4351
f 4354//4354 4351//4351 4352//4352
f 4356//4356 4353//4353 4354//4354
f 4356//4356 4355//4355 4353//4353
f 4357//4357 4358//4358 4355//4355
f 4357//4357 4355//4355 4356//4356
f 4360//4360 4359//4359 4358//4358
f 4360//4360 4358//4358 4357//4357
f 4362//4362 4361//4361 4359//4359
f 4362//4362 4359//4359 4360//4360
f 4363//4363 4364//4364 4361//4361
f 4363//4363 4361//4361 4362//4362
f 4365//4365 4320//4320 4364//4364
f 4365//4365 4364//4364 4363//4363
f 4369//4369 4351//4351 4353//4353
f 4369//4369 4366//4366 4351//4351
f 4355//4355 4369//4369 4353//4353
f 4358//4358 4369//4369 4355//4355
f 4369//4369 4367//4367 4366//4366
f 4368//4368 4358//4358 4359//4359
f 4368//4368 4359//4359 4361//4361
f 4369//4369 4370//4370 4367//4367
f 4368//4368 4361//4361 4364//4364
f 4373//4373 4369//4369 4358//4358
f 4373//4373 4358//4358 4368//4368
f 4374//4374 4368//4368 4364//4364
f 4374//4374 4364//4364 4320//4320
f 4372//4372 4370//4370 4369//4369
f 4372//4372 4371//4371 4370//4370
f 4373//4373 4372//4372 4369//4369
f 4375//4375 4371//4371 4372//4372
f 4376//4376 4372//4372 4373//4373
f 4368//4368 4323//4323 4324//4324
f 4368//4368 4374//4374 4323//4323
f 4368//4368 4324//4324 4326//4326
f 4377//4377 4373//4373 4368//4368
f 4377//4377 4368//4368 4326//4326
f 4376//4376 4375//4375 4372//4372
f 4377//4377 4376//4376 4373//4373
f 4376//4376 4378//4378 4375//4375
f 4376//4376 4377//4377 4329//4329
f 4335//4335 4378//4378 4376//4376
f 4376//4376 4330//4330 4332//4332
f 4376//4376 4329//4329 4330//4330
f 4335//4335 4376//4376 4332//4332
f 4305//4305 4320//4320 4365//4365
f 4305//4305 4365//4365 4306//4306
f 4379//4379 4380//4380 4389//4389
f 4381//4381 4380//4380 4379//4379
f 4381//4381 4382//4382 4380//4380
f 4384//4384 4382//4382 4381//4381
f 4384//4384 4383//4383 4382//4382
f 4385//4385 4404//4404 4383//4383
f 4385//4385 4383//4383 4384//4384
f 4387//4387 4386//4386 4404//4404
f 4387//4387 4404//4404 4385//4385
f 4391//4391 4390//4390 4388//4388
f 4391//4391 4388//4388 4389//4389
f 4392//4392 4390//4390 4391//4391
f 4392//4392 4393//4393 4390//4390
f 4409//4409 4393//4393 4392//4392
f 4409//4409 4394//4394 4393//4393
f 4396//4396 4394//4394 4409//4409
f 4396//4396 4395//4395 4394//4394
f 4398//4398 4395//4395 4396//4396
f 4398//4398 4397//4397 4395//4395
f 4399//4399 4397//4397 4398//4398
f 4399//4399 4400//4400 4397//4397
f 4407//4407 4386//4386 4401//4401
f 4407//4407 4401//4401 4402//4402
f 4403//4403 4407//4407 4402//4402
f 4404//4404 4386//4386 4407//4407
f 4406//4406 4403//4403 4405//4405
f 4406//4406 4407//4407 4403//4403
f 4399//4399 4406//4406 4405//4405
f 4383//4383 4404//4404 4407//4407
f 4408//4408 4407//4407 4406//4406
f 4382//4382 4383//4383 4407//4407
f 4408//4408 4382//4382 4407//4407
f 4398//4398 4406//4406 4399//4399
f 4408//4408 4406//4406 4398//4398
f 4410//4410 4382//4382 4408//4408
f 4408//4408 4398//4398 4396//4396
f 4409//4409 4408//4408 4396//4396
f 4409//4409 4410//4410 4408//4408
f 4410//4410 4380//4380 4382//4382
f 4410//4410 4409//4409 4392//4392
f 4410//4410 4392//4392 4391//4391
f 4380//4380 4410//4410 4391//4391
f 4380//4380 4391//4391 4389//4389
f 4389//4389 4388//4388 4379//4379
f 4366//4366 4106//4106 4105//4105
f 4367//4367 4106//4106 4366//4366
f 4367//4367 4107//4107 4106//4106
f 4370//4370 4107//4107 4367//4367
f 4371//4371 4107//4107 4370//4370
f 4371//4371 4108//4108 4107//4107
f 4375//4375 4108//4108 4371//4371
f 4375//4375 4109//4109 4108//4108
f 4378//4378 4109//4109 4375//4375
f 4378//4378 4112//4112 4109//4109
f 4335//4335 4111//4111 4112//4112
f 4335//4335 4112//4112 4378//4378
f 4366//4366 4105//4105 4090//4090
f 4366//4366 4090//4090 4350//4350
f 4087//4087 4347//4347 4348//4348
f 4087//4087 4348//4348 4089//4089
f 4085//4085 4347//4347 4087//4087
f 4085//4085 4346//4346 4347//4347
f 4080//4080 4346//4346 4085//4085
f 4080//4080 4345//4345 4346//4346
f 4078//4078 4345//4345 4080//4080
f 4078//4078 4341//4341 4345//4345
f 4077//4077 4341//4341 4078//4078
f 4077//4077 4333//4333 4341//4341
f 4075//4075 4333//4333 4077//4077
f 4075//4075 4334//4334 4333//4333
f 4111//4111 4335//4335 4334//4334
f 4111//4111 4334//4334 4075//4075
f 4399//4399 4151//4151 4138//4138
f 4405//4405 4151//4151 4399//4399
f 4403//4403 4151//4151 4405//4405
f 4403//4403 4147//4147 4151//4151
f 4402//4402 4147//4147 4403//4403
f 4402//4402 4146//4146 4147//4147
f 4401//4401 4146//4146 4402//4402
f 4401//4401 4143//4143 4146//4146
f 4386//4386 4143//4143 4401//4401
f 4386//4386 4122//4122 4143//4143
f 4122//4122 4386//4386 4387//4387
f 4122//4122 4387//4387 4121//4121
f 4411//4411 4413//4413 4291//4291
f 4411//4411 4291//4291 4290//4290
f 4412//4412 4413//4413 4411//4411
f 4413//4413 4412//4412 4414//4414
f 4416//4416 4413//4413 4414//4414
f 4415//4415 4416//4416 4414//4414
f 4416//4416 4415//4415 4417//4417
f 4416//4416 4417//4417 4419//4419
f 4418//4418 4419//4419 4417//4417
f 4420//4420 4419//4419 4418//4418
f 4294//4294 4420//4420 4418//4418
f 4294//4294 4421//4421 4292//4292
f 4418//4418 4421//4421 4294//4294
f 4418//4418 4422//4422 4421//4421
f 4417//4417 4423//4423 4422//4422
f 4417//4417 4422//4422 4418//4418
f 4415//4415 4423//4423 4417//4417
f 4414//4414 4424//4424 4423//4423
f 4414//4414 4423//4423 4415//4415
f 4412//4412 4424//4424 4414//4414
f 4412//4412 4425//4425 4424//4424
f 4411//4411 4425//4425 4412//4412
f 4289//4289 4425//4425 4411//4411
f 4290//4290 4289//4289 4411//4411
f 4428//4428 4426//4426 4427//4427
f 4429//4429 4426//4426 4428//4428
f 4430//4430 4426//4426 4429//4429
f 4430//4430 4429//4429 4431//4431
f 4432//4432 4430//4430 4431//4431
f 4432//4432 4431//4431 4433//4433
f 4435//4435 4432//4432 4433//4433
f 4434//4434 4435//4435 4433//4433
f 4434//4434 4436//4436 4435//4435
f 4268//4268 4435//4435 4436//4436
f 4267//4267 4268//4268 4436//4436
f 4434//4434 4438//4438 4437//4437
f 4434//4434 4437//4437 4436//4436
f 4433//4433 4438//4438 4434//4434
f 4431//4431 4438//4438 4433//4433
f 4431//4431 4439//4439 4438//4438
f 4429//4429 4439//4439 4431//4431
f 4428//4428 4439//4439 4429//4429
f 4428//4428 4440//4440 4439//4439
f 4265//4265 4440//4440 4428//4428
f 4427//4427 4265//4265 4428//4428
f 4395//4395 4397//4397 4269//4269
f 4400//4400 4269//4269 4397//4397
f 4394//4394 4395//4395 4269//4269
f 4393//4393 4394//4394 4269//4269
f 4390//4390 4393//4393 4269//4269
f 4388//4388 4390//4390 4269//4269
f 4262//4262 4381//4381 4379//4379
f 4262//4262 4379//4379 4388//4388
f 4262//4262 4388//4388 4269//4269
f 4384//4384 4381//4381 4262//4262
f 4385//4385 4384//4384 4262//4262
f 4387//4387 4385//4385 4262//4262
f 4399//4399 4138//4138 4139//4139
f 4399//4399 4139//4139 4400//4400
f 4441//4441 4289//4289 4443//4443
f 4441//4441 4425//4425 4289//4289
f 4442//4442 4425//4425 4441//4441
f 4292//4292 4443//4443 4289//4289
f 4292//4292 4444//4444 4443//4443
f 4424//4424 4425//4425 4442//4442
f 4446//4446 4444//4444 4292//4292
f 4424//4424 4442//4442 4445//4445
f 4423//4423 4424//4424 4445//4445
f 4421//4421 4446//4446 4292//4292
f 4423//4423 4445//4445 4447//4447
f 4421//4421 4448//4448 4446//4446
f 4422//4422 4448//4448 4421//4421
f 4422//4422 4423//4423 4447//4447
f 4422//4422 4447//4447 4448//4448
f 4437//4437 4266//4266 4267//4267
f 4436//4436 4437//4437 4267//4267
f 4451//4451 4449//4449 4265//4265
f 4450//4450 4265//4265 4449//4449
f 4450//4450 4440//4440 4265//4265
f 4450//4450 4439//4439 4440//4440
f 4453//4453 4439//4439 4450//4450
f 4266//4266 4452//4452 4451//4451
f 4266//4266 4451//4451 4265//4265
f 4454//4454 4452//4452 4266//4266
f 4439//4439 4453//4453 4455//4455
f 4437//4437 4454//4454 4266//4266
f 4438//4438 4439//4439 4455//4455
f 4437//4437 4456//4456 4454//4454
f 4438//4438 4455//4455 4456//4456
f 4438//4438 4456//4456 4437//4437
f 4435//4435 4268//4268 4269//4269
f 4400//4400 4435//4435 4269//4269
f 4432//4432 4435//4435 4400//4400
f 4426//4426 4263//4263 4427//4427
f 4139//4139 4432//4432 4400//4400
f 4174//4174 4139//4139 4173//4173
f 4177//4177 4139//4139 4174//4174
f 4177//4177 4432//4432 4139//4139
f 4177//4177 4430//4430 4432//4432
f 3995//3995 4173//4173 4139//4139
f 4179//4179 4430//4430 4177//4177
f 3994//3994 4173//4173 3995//3995
f 3989//3989 4179//4179 4171//4171
f 3989//3989 4263//4263 4179//4179
f 4179//4179 4263//4263 4426//4426
f 4179//4179 4426//4426 4430//4430
f 4456//4456 4457//4457 4454//4454
f 4456//4456 4458//4458 4457//4457
f 4456//4456 4459//4459 4458//4458
f 4455//4455 4460//4460 4459//4459
f 4455//4455 4459//4459 4456//4456
f 4453//4453 4461//4461 4460//4460
f 4453//4453 4460//4460 4455//4455
f 4453//4453 4462//4462 4461//4461
f 4450//4450 4462//4462 4453//4453
f 4450//4450 4463//4463 4462//4462
f 4450//4450 4464//4464 4463//4463
f 4449//4449 4464//4464 4450//4450
f 4451//4451 4465//4465 4464//4464
f 4451//4451 4464//4464 4449//4449
f 4451//4451 4466//4466 4465//4465
f 4452//4452 4466//4466 4451//4451
f 4452//4452 4467//4467 4466//4466
f 4454//4454 4467//4467 4452//4452
f 4454//4454 4457//4457 4467//4467
f 4448//4448 4468//4468 4446//4446
f 4448//4448 4469//4469 4468//4468
f 4448//4448 4470//4470 4469//4469
f 4447//4447 4470//4470 4448//4448
f 4447//4447 4471//4471 4470//4470
f 4445//4445 4472//4472 4471//4471
f 4445//4445 4471//4471 4447//4447
f 4442//4442 4472//4472 4445//4445
f 4442//4442 4473//4473 4472//4472
f 4442//4442 4474//4474 4473//4473
f 4442//4442 4475//4475 4474//4474
f 4441//4441 4475//4475 4442//4442
f 4441//4441 4476//4476 4475//4475
f 4443//4443 4476//4476 4441//4441
f 4443//4443 4477//4477 4476//4476
f 4444//4444 4477//4477 4443//4443
f 4444//4444 4478//4478 4477//4477
f 4446//4446 4478//4478 4444//4444
f 4446//4446 4468//4468 4478//4478
f 4264//4264 3989//3989 3991//3991
f 4263//4263 3989//3989 4264//4264
f 4465//4465 4264//4264 4464//4464
f 4463//4463 4464//4464 4264//4264
f 4466//4466 4264//4264 4465//4465
f 4462//4462 4463//4463 4264//4264
f 3970//3970 4264//4264 4466//4466
f 3970//3970 4466//4466 4467//4467
f 4457//4457 3970//3970 4467//4467
f 4458//4458 3970//3970 4457//4457
f 4207//4207 4461//4461 4462//4462
f 4206//4206 4461//4461 4207//4207
f 4207//4207 4462//4462 4264//4264
f 4206//4206 4460//4460 4461//4461
f 4205//4205 4459//4459 4460//4460
f 4205//4205 4460//4460 4206//4206
f 3991//3991 4207//4207 4264//4264
f 3991//3991 4209//4209 4208//4208
f 3991//3991 4208//4208 4207//4207
f 4210//4210 4209//4209 3991//3991
f 4205//4205 4458//4458 4459//4459
f 4204//4204 4458//4458 4205//4205
f 4211//4211 4210//4210 3991//3991
f 3972//3972 4213//4213 4212//4212
f 3972//3972 4204//4204 4203//4203
f 3972//3972 4212//4212 4211//4211
f 3972//3972 4203//4203 4213//4213
f 3972//3972 4211//4211 3991//3991
f 3970//3970 4204//4204 3972//3972
f 3970//3970 4458//4458 4204//4204
f 4020//4020 4295//4295 4293//4293
f 4022//4022 4295//4295 4020//4020
f 4420//4420 4294//4294 4295//4295
f 4419//4419 4420//4420 4295//4295
f 4315//4315 4312//4312 4413//4413
f 4312//4312 4291//4291 4413//4413
f 4311//4311 4291//4291 4312//4312
f 4316//4316 4315//4315 4413//4413
f 4308//4308 4291//4291 4311//4311
f 4318//4318 4316//4316 4413//4413
f 4306//4306 4291//4291 4308//4308
f 4319//4319 4318//4318 4413//4413
f 4319//4319 4413//4413 4416//4416
f 4155//4155 4416//4416 4419//4419
f 4161//4161 4416//4416 4155//4155
f 4022//4022 4153//4153 4155//4155
f 4022//4022 4419//4419 4295//4295
f 4022//4022 4155//4155 4419//4419
f 4021//4021 4153//4153 4022//4022
f 4058//4058 4416//4416 4161//4161
f 4058//4058 4319//4319 4416//4416
f 4056//4056 4161//4161 4164//4164
f 4056//4056 4058//4058 4161//4161
f 4054//4054 4056//4056 4164//4164
f 4053//4053 4054//4054 4164//4164
f 4051//4051 4053//4053 4164//4164
f 4049//4049 4051//4051 4164//4164
f 4047//4047 4049//4049 4164//4164
f 4047//4047 4164//4164 4017//4017
f 4046//4046 4047//4047 4017//4017
f 4044//4044 4046//4046 4017//4017
f 4042//4042 4044//4044 4017//4017
f 4041//4041 4042//4042 4017//4017
f 4365//4365 4291//4291 4306//4306
f 3795//3795 4360//4360 4357//4357
f 3795//3795 4362//4362 4360//4360
f 3795//3795 4363//4363 4362//4362
f 3795//3795 4291//4291 4365//4365
f 3795//3795 4365//4365 4363//4363
f 4356//4356 3795//3795 4357//4357
f 4354//4354 3795//3795 4356//4356
f 4352//4352 3795//3795 4354//4354
f 4350//4350 3795//3795 4352//4352
f 3797//3797 3795//3795 4350//4350
f 3797//3797 4350//4350 4286//4286
f 4090//4090 4286//4286 4350//4350
f 4104//4104 4041//4041 4017//4017
f 4016//4016 4103//4103 4104//4104
f 4016//4016 4104//4104 4017//4017
f 4016//4016 4090//4090 4092//4092
f 4016//4016 4092//4092 4093//4093
f 4016//4016 4093//4093 4095//4095
f 4016//4016 4095//4095 4097//4097
f 4016//4016 4097//4097 4099//4099
f 4016//4016 4099//4099 4101//4101
f 4016//4016 4101//4101 4103//4103
f 4016//4016 4286//4286 4090//4090
f 4475//4475 4476//4476 4288//4288
f 4477//4477 4288//4288 4476//4476
f 4474//4474 4475//4475 4288//4288
f 4293//4293 4288//4288 4477//4477
f 4293//4293 4477//4477 4478//4478
f 4293//4293 4468//4468 4469//4469
f 4293//4293 4469//4469 4470//4470
f 4293//4293 4478//4478 4468//4468
f 4217//4217 4472//4472 4473//4473
f 4217//4217 4473//4473 4218//4218
f 4216//4216 4472//4472 4217//4217
f 4216//4216 4471//4471 4472//4472
f 4215//4215 4471//4471 4216//4216
f 4215//4215 4470//4470 4471//4471
f 4015//4015 4220//4220 4219//4219
f 4015//4015 4219//4219 4218//4218
f 4221//4221 4220//4220 4015//4015
f 4222//4222 4221//4221 4015//4015
f 4020//4020 4214//4214 4224//4224
f 4020//4020 4222//4222 4015//4015
f 4020//4020 4224//4224 4223//4223
f 4020//4020 4215//4215 4214//4214
f 4020//4020 4223//4223 4222//4222
f 4020//4020 4470//4470 4215//4215
f 4020//4020 4293//4293 4470//4470
f 4015//4015 4474//4474 4288//4288
f 4015//4015 4473//4473 4474//4474
f 4015//4015 4218//4218 4473//4473
f 4348//4348 4319//4319 4058//4058
f 4089//4089 4348//4348 4058//4058
f 4283//4283 4282//4282 4281//4281
f 4277//4277 4279//4279 4278//4278
f 4277//4277 4280//4280 4279//4279
f 4276//4276 4281//4281 4280//4280
f 4276//4276 4280//4280 4277//4277
f 4285//4285 4284//4284 4283//4283
f 4276//4276 4283//4283 4281//4281
f 4276//4276 4285//4285 4283//4283
f 4296//4296 4285//4285 4276//4276
f 4297//4297 4285//4285 4296//4296
f 4479//4479 4285//4285 4297//4297
f 4479//4479 4297//4297 4298//4298
f 4479//4479 4298//4298 4299//4299
f 4479//4479 4299//4299 4300//4300
f 4479//4479 4300//4300 4301//4301
f 4479//4479 4301//4301 4302//4302
f 4479//4479 4302//4302 4303//4303
f 4479//4479 4303//4303 4304//4304
f 4228//4228 4040//4040 4038//4038
f 4228//4228 4038//4038 4036//4036
f 4228//4228 4036//4036 4034//4034
f 4228//4228 4034//4034 4033//4033
f 4228//4228 4033//4033 4031//4031
f 4029//4029 4228//4228 4031//4031
f 4026//4026 4228//4228 4029//4029
f 4005//4005 4001//4001 4003//4003
f 4007//4007 4001//4001 4005//4005
f 4009//4009 4001//4001 4007//4007
f 4014//4014 4009//4009 4011//4011
f 4014//4014 4024//4024 4001//4001
f 4014//4014 4228//4228 4026//4026
f 4014//4014 4001//4001 4009//4009
f 4014//4014 4026//4026 4024//4024
f 4288//4288 4285//4285 4479//4479
f 4288//4288 4479//4479 4228//4228
f 4015//4015 4228//4228 4014//4014
f 4015//4015 4288//4288 4228//4228
f 4481//4481 4226//4226 4225//4225
f 4481//4481 4225//4225 4480//4480
f 4481//4481 4231//4231 4226//4226
f 3976//3976 4231//4231 4481//4481
f 3976//3976 4232//4232 4231//4231
f 3977//3977 4232//4232 3976//3976
f 3979//3979 4232//4232 3977//3977
f 3979//3979 4234//4234 4232//4232
f 3980//3980 4234//4234 3979//3979
f 3980//3980 3974//3974 4234//4234
f 4480//4480 4225//4225 4227//4227
f 4482//4482 4480//4480 4227//4227
f 4304//4304 4481//4481 4480//4480
f 4304//4304 3976//3976 4481//4481
f 4304//4304 4480//4480 4482//4482
f 4479//4479 4304//4304 4482//4482
f 3848//3848 3851//3851 4304//4304
f 3851//3851 3976//3976 4304//4304
f 4484//4484 4483//4483 3859//3859
f 4484//4484 3859//3859 3860//3860
f 4485//4485 4484//4484 3860//3860
f 4485//4485 3860//3860 3861//3861
f 4486//4486 4485//4485 3861//3861
f 4486//4486 3861//3861 3863//3863
f 4487//4487 3863//3863 3867//3867
f 4487//4487 4486//4486 3863//3863
f 4488//4488 3867//3867 3870//3870
f 4488//4488 4487//4487 3867//3867
f 4488//4488 3870//3870 3871//3871
f 4489//4489 4488//4488 3871//3871
f 4489//4489 3871//3871 3872//3872
f 4490//4490 4489//4489 3872//3872
f 4490//4490 3872//3872 3873//3873
f 4490//4490 3873//3873 3874//3874
f 4491//4491 4490//4490 3874//3874
f 4491//4491 3874//3874 3875//3875
f 4492//4492 4491//4491 3875//3875
f 3854//3854 3859//3859 4483//4483
f 3854//3854 4483//4483 3981//3981
f 3984//3984 3985//3985 3986//3986
f 3982//3982 3984//3984 3986//3986
f 3982//3982 3983//3983 3984//3984
f 3982//3982 3987//3987 3988//3988
f 3982//3982 3986//3986 3987//3987
f 3996//3996 3982//3982 3988//3988
f 4121//4121 3996//3996 3988//3988
f 3997//3997 3996//3996 4121//4121
f 3998//3998 3997//3997 4121//4121
f 3999//3999 3998//3998 4121//4121
f 4247//4247 4245//4245 4242//4242
f 4247//4247 4242//4242 4240//4240
f 4249//4249 4247//4247 4240//4240
f 4253//4253 4250//4250 4249//4249
f 4254//4254 4253//4253 4249//4249
f 4254//4254 4249//4249 4240//4240
f 4254//4254 4240//4240 4238//4238
f 4272//4272 4273//4273 4387//4387
f 4271//4271 4272//4272 4387//4387
f 4274//4274 4387//4387 4273//4273
f 4274//4274 3999//3999 4121//4121
f 4274//4274 4121//4121 4387//4387
f 4275//4275 4000//4000 3999//3999
f 4275//4275 3999//3999 4274//4274
f 4270//4270 4271//4271 4387//4387
f 4275//4275 4230//4230 4000//4000
f 4262//4262 4270//4270 4387//4387
f 4256//4256 4270//4270 4262//4262
f 4260//4260 4262//4262 4261//4261
f 4259//4259 4262//4262 4260//4260
f 4259//4259 4256//4256 4262//4262
f 4258//4258 4257//4257 4256//4256
f 4258//4258 4256//4256 4259//4259
f 3975//3975 4230//4230 4275//4275
f 3975//3975 4236//4236 4230//4230
f 3978//3978 4236//4236 3975//3975
f 3978//3978 4238//4238 4236//4236
f 3981//3981 4238//4238 3978//3978
f 4485//4485 4483//4483 4484//4484
f 4486//4486 4483//4483 4485//4485
f 4492//4492 4254//4254 4238//4238
f 4492//4492 3981//3981 4483//4483
f 4492//4492 4238//4238 3981//3981
f 4492//4492 4483//4483 4486//4486
f 4490//4490 4491//4491 4492//4492
f 4488//4488 4492//4492 4486//4486
f 4488//4488 4486//4486 4487//4487
f 4488//4488 4490//4490 4492//4492
f 4489//4489 4490//4490 4488//4488
f 4287//4287 4255//4255 4254//4254
f 4287//4287 4254//4254 4492//4492
f 3875//3875 3869//3869 4287//4287
f 3875//3875 4287//4287 4492//4492
f 4228//4228 4479//4479 4482//4482
f 4228//4228 4482//4482 4227//4227
f 3830//3830 3917//3917 3920//3920
f 3835//3835 3830//3830 3920//3920
f 3838//3838 3835//3835 3920//3920
f 3838//3838 3920//3920 3921//3921
f 3838//3838 3921//3921 3922//3922
f 3839//3839 3838//3838 3922//3922
f 3839//3839 3922//3922 3923//3923
f 3837//3837 3839//3839 3923//3923
f 3837//3837 3923//3923 3927//3927
f 3836//3836 3837//3837 3927//3927
f 3914//3914 3917//3917 3830//3830
f 3914//3914 3830//3830 3822//3822
f 4498//4498 4493//4493 3823//3823
f 4500//4500 4495//4495 4494//4494
f 3836//3836 4498//4498 3823//3823
f 3836//3836 4496//4496 4497//4497
f 3836//3836 4497//4497 4498//4498
f 4501//4501 4499//4499 4495//4495
f 4501//4501 4495//4495 4500//4500
f 4501//4501 4500//4500 4502//4502
f 4505//4505 4501//4501 4502//4502
f 4506//4506 4505//4505 4502//4502
f 4506//4506 4502//4502 4496//4496
f 4506//4506 4496//4496 3836//3836
f 4508//4508 4506//4506 3836//3836
f 4510//4510 4509//4509 4507//4507
f 4510//4510 4504//4504 4503//4503
f 4510//4510 4507//4507 4504//4504
f 4510//4510 4503//4503 4511//4511
f 4512//4512 4510//4510 4511//4511
f 4512//4512 4511//4511 4508//4508
f 4513//4513 4517//4517 4514//4514
f 4515//4515 4508//4508 3836//3836
f 4515//4515 4512//4512 4508//4508
f 4516//4516 4515//4515 3836//3836
f 4518//4518 4517//4517 4513//4513
f 4520//4520 4518//4518 4513//4513
f 4520//4520 4513//4513 4519//4519
f 4523//4523 4522//4522 4521//4521
f 4524//4524 4520//4520 4519//4519
f 4524//4524 4519//4519 4516//4516
f 4524//4524 4516//4516 3836//3836
f 4526//4526 4524//4524 3836//3836
f 4527//4527 4525//4525 4522//4522
f 4528//4528 4527//4527 4522//4522
f 4528//4528 4522//4522 4523//4523
f 4533//4533 4530//4530 4529//4529
f 4531//4531 4523//4523 4526//4526
f 4531//4531 4528//4528 4523//4523
f 4531//4531 4526//4526 3836//3836
f 4539//4539 4531//4531 3836//3836
f 4534//4534 4532//4532 4530//4530
f 4534//4534 4530//4530 4533//4533
f 4534//4534 4533//4533 4535//4535
f 4543//4543 4537//4537 4536//4536
f 4538//4538 4534//4534 4535//4535
f 4538//4538 4535//4535 4539//4539
f 4542//4542 4541//4541 4540//4540
f 4542//4542 4537//4537 4543//4543
f 4542//4542 4540//4540 4537//4537
f 4548//4548 4545//4545 4544//4544
f 4704//4704 4542//4542 4543//4543
f 4704//4704 4543//4543 4705//4705
f 4547//4547 4546//4546 4545//4545
f 4547//4547 4545//4545 4548//4548
f 4551//4551 4547//4547 4548//4548
f 4703//4703 4551//4551 4548//4548
f 4703//4703 4548//4548 4552//4552
f 4554//4554 4553//4553 4550//4550
f 4554//4554 4550//4550 4549//4549
f 4554//4554 4549//4549 4558//4558
f 4555//4555 4554//4554 4558//4558
f 4563//4563 4557//4557 4556//4556
f 4563//4563 4559//4559 4557//4557
f 4560//4560 4558//4558 4561//4561
f 4560//4560 4555//4555 4558//4558
f 4564//4564 4562//4562 4559//4559
f 4564//4564 4559//4559 4563//4563
f 4564//4564 4563//4563 4566//4566
f 4565//4565 4564//4564 4566//4566
f 4568//4568 4569//4569 4567//4567
f 4701//4701 4565//4565 4566//4566
f 4701//4701 4566//4566 4702//4702
f 4571//4571 4570//4570 4569//4569
f 4572//4572 4571//4571 4569//4569
f 4572//4572 4569//4569 4568//4568
f 4572//4572 4568//4568 4575//4575
f 4574//4574 4576//4576 4573//4573
f 4577//4577 4572//4572 4575//4575
f 4577//4577 4575//4575 4578//4578
f 4580//4580 4579//4579 4576//4576
f 4580//4580 4576//4576 4574//4574
f 4580//4580 4574//4574 4581//4581
f 4587//4587 4582//4582 4583//4583
f 4584//4584 4580//4580 4581//4581
f 4584//4584 4581//4581 4700//4700
f 4586//4586 4585//4585 4582//4582
f 4590//4590 4586//4586 4582//4582
f 4590//4590 4582//4582 4587//4587
f 4591//4591 4590//4590 4587//4587
f 4591//4591 4587//4587 4592//4592
f 4595//4595 4593//4593 4589//4589
f 4595//4595 4589//4589 4588//4588
f 4595//4595 4588//4588 4594//4594
f 4595//4595 4594//4594 4596//4596
f 4602//4602 4597//4597 4598//4598
f 4599//4599 4595//4595 4596//4596
f 4599//4599 4596//4596 4600//4600
f 4605//4605 4601//4601 4597//4597
f 4605//4605 4597//4597 4602//4602
f 4603//4603 4606//4606 4604//4604
f 4607//4607 4602//4602 4699//4699
f 4607//4607 4605//4605 4602//4602
f 4609//4609 4608//4608 4606//4606
f 4609//4609 4606//4606 4603//4603
f 4609//4609 4603//4603 4610//4610
f 4611//4611 4609//4609 4610//4610
f 4614//4614 4610//4610 4698//4698
f 4614//4614 4611//4611 4610//4610
f 4616//4616 4615//4615 4613//4613
f 4616//4616 4613//4613 4612//4612
f 4616//4616 4612//4612 4618//4618
f 4617//4617 4616//4616 4618//4618
f 4620//4620 4624//4624 4619//4619
f 4621//4621 4618//4618 4622//4622
f 4621//4621 4617//4617 4618//4618
f 4626//4626 4623//4623 4624//4624
f 4626//4626 4624//4624 4620//4620
f 4626//4626 4620//4620 4625//4625
f 4629//4629 4625//4625 4630//4630
f 4629//4629 4630//4630 4621//4621
f 4629//4629 4626//4626 4625//4625
f 4638//4638 4629//4629 4621//4621
f 4632//4632 4631//4631 4628//4628
f 4632//4632 4628//4628 4627//4627
f 4632//4632 4627//4627 4633//4633
f 4634//4634 4632//4632 4633//4633
f 4640//4640 4636//4636 4635//4635
f 4637//4637 4633//4633 4638//4638
f 4637//4637 4634//4634 4633//4633
f 4643//4643 4639//4639 4636//4636
f 4643//4643 4636//4636 4640//4640
f 4643//4643 4640//4640 4644//4644
f 4648//4648 4641//4641 4642//4642
f 4645//4645 4643//4643 4644//4644
f 4645//4645 4644//4644 4646//4646
f 4653//4653 4645//4645 4646//4646
f 4653//4653 4646//4646 4637//4637
f 4647//4647 4641//4641 4648//4648
f 4650//4650 4647//4647 4648//4648
f 4656//4656 4652//4652 4649//4649
f 4651//4651 4648//4648 4653//4653
f 4651//4651 4650//4650 4648//4648
f 4696//4696 4651//4651 4653//4653
f 4655//4655 4654//4654 4652//4652
f 4655//4655 4652//4652 4656//4656
f 4655//4655 4656//4656 4657//4657
f 4660//4660 4655//4655 4657//4657
f 4659//4659 4661//4661 4658//4658
f 4665//4665 4661//4661 4659//4659
f 4662//4662 4657//4657 4696//4696
f 4662//4662 4660//4660 4657//4657
f 4664//4664 4663//4663 4661//4661
f 4664//4664 4661//4661 4665//4665
f 4672//4672 4667//4667 4666//4666
f 4668//4668 4664//4664 4665//4665
f 4668//4668 4665//4665 4669//4669
f 4671//4671 4670//4670 4667//4667
f 4671//4671 4667//4667 4672//4672
f 4673//4673 4671//4671 4672//4672
f 4676//4676 4672//4672 4677//4677
f 4676//4676 4673//4673 4672//4672
f 4678//4678 4675//4675 4674//4674
f 4678//4678 4674//4674 4680//4680
f 4679//4679 4678//4678 4680//4680
f 4681//4681 4679//4679 4680//4680
f 4681//4681 4680//4680 4685//4685
f 4683//4683 4684//4684 4682//4682
f 4688//4688 4684//4684 4683//4683
f 4687//4687 4686//4686 4684//4684
f 4687//4687 4684//4684 4688//4688
f 4689//4689 4687//4687 4688//4688
f 4689//4689 4688//4688 4693//4693
f 4691//4691 4692//4692 4690//4690
f 4695//4695 4689//4689 4693//4693
f 4694//4694 4692//4692 4691//4691
f 3927//3927 4681//4681 4685//4685
f 3927//3927 4677//4677 4668//4668
f 3927//3927 4662//4662 4696//4696
f 3927//3927 4692//4692 4694//4694
f 3927//3927 4676//4676 4677//4677
f 3927//3927 4668//4668 4669//4669
f 3927//3927 4695//4695 4693//4693
f 3927//3927 4669//4669 4662//4662
f 3927//3927 4694//4694 4697//4697
f 3927//3927 4697//4697 4695//4695
f 3927//3927 4693//4693 4681//4681
f 3927//3927 4685//4685 4676//4676
f 3836//3836 3927//3927 4696//4696
f 3836//3836 4696//4696 4653//4653
f 3836//3836 4653//4653 4637//4637
f 3836//3836 4637//4637 4638//4638
f 3836//3836 4638//4638 4621//4621
f 3836//3836 4621//4621 4622//4622
f 3836//3836 4622//4622 4614//4614
f 3836//3836 4614//4614 4698//4698
f 3836//3836 4698//4698 4607//4607
f 3836//3836 4607//4607 4699//4699
f 3836//3836 4699//4699 4599//4599
f 3836//3836 4599//4599 4600//4600
f 3836//3836 4600//4600 4591//4591
f 3836//3836 4591//4591 4592//4592
f 3836//3836 4592//4592 4584//4584
f 3836//3836 4584//4584 4700//4700
f 3836//3836 4700//4700 4577//4577
f 3836//3836 4577//4577 4578//4578
f 3836//3836 4578//4578 4701//4701
f 3836//3836 4701//4701 4702//4702
f 3836//3836 4702//4702 4560//4560
f 3836//3836 4560//4560 4561//4561
f 3836//3836 4561//4561 4703//4703
f 3836//3836 4703//4703 4552//4552
f 3836//3836 4552//4552 4704//4704
f 3836//3836 4704//4704 4705//4705
f 3836//3836 4705//4705 4538//4538
f 3836//3836 4538//4538 4539//4539
f 3884//3884 3807//3807 3809//3809
f 3883//3883 3884//3884 3809//3809
f 3883//3883 3809//3809 3810//3810
f 3882//3882 3883//3883 3810//3810
f 3882//3882 3810//3810 3808//3808
f 3881//3881 3882//3882 3808//3808
f 3880//3880 3808//3808 3806//3806
f 3880//3880 3881//3881 3808//3808
f 3879//3879 3806//3806 3805//3805
f 3879//3879 3880//3880 3806//3806
f 3884//3884 3885//3885 3801//3801
f 3884//3884 3801//3801 3807//3807
f 3908//3908 3932//3932 3811//3811
f 3908//3908 3811//3811 3796//3796
f 3932//3932 3813//3813 3811//3811
f 3933//3933 3813//3813 3932//3932
f 3933//3933 3814//3814 3813//3813
f 3934//3934 3814//3814 3933//3933
f 3934//3934 3824//3824 3814//3814
f 3935//3935 3824//3824 3934//3934
f 3928//3928 3825//3825 3824//3824
f 3928//3928 3824//3824 3935//3935
f 3929//3929 3826//3826 3825//3825
f 3929//3929 3825//3825 3928//3928
f 3930//3930 3826//3826 3929//3929
f 3930//3930 3827//3827 3826//3826
f 3931//3931 3827//3827 3930//3930
f 3931//3931 3828//3828 3827//3827
f 3924//3924 3828//3828 3931//3931
f 3925//3925 3831//3831 3828//3828
f 3925//3925 3828//3828 3924//3924
f 3925//3925 3832//3832 3831//3831
f 3926//3926 3832//3832 3925//3925
f 3918//3918 3833//3833 3832//3832
f 3918//3918 3832//3832 3926//3926
f 3919//3919 3833//3833 3918//3918
f 3919//3919 3834//3834 3833//3833
f 3916//3916 3819//3819 3834//3834
f 3919//3919 3916//3916 3834//3834
f 3914//3914 3822//3822 3821//3821
f 3912//3912 3914//3914 3821//3821
f 3912//3912 3821//3821 3820//3820
f 3909//3909 3912//3912 3820//3820
f 3910//3910 3909//3909 3820//3820
f 3910//3910 3820//3820 3818//3818
f 3911//3911 3910//3910 3818//3818
f 3911//3911 3818//3818 3816//3816
f 3913//3913 3911//3911 3816//3816
f 3913//3913 3816//3816 3815//3815
f 3915//3915 3913//3913 3815//3815
f 3915//3915 3815//3815 3817//3817
f 3916//3916 3915//3915 3817//3817
f 3916//3916 3817//3817 3819//3819
f 3906//3906 3788//3788 3812//3812
f 3936//3936 3812//3812 4706//4706
f 3936//3936 3906//3906 3812//3812
f 4286//4286 3805//3805 3797//3797
f 4287//4287 3805//3805 4286//4286
f 4287//4287 3869//3869 3805//3805
f 3868//3868 3879//3879 3869//3869
f 3879//3879 3805//3805 3869//3869
f 3888//3888 3804//3804 3803//3803
f 3888//3888 3887//3887 3804//3804
f 3888//3888 3803//3803 3802//3802
f 3886//3886 3888//3888 3802//3802
f 3885//3885 3886//3886 3802//3802
f 3885//3885 3802//3802 3801//3801
f 3889//3889 3798//3798 3804//3804
f 3887//3887 3889//3889 3804//3804
f 3890//3890 3799//3799 3798//3798
f 3890//3890 3798//3798 3889//3889
f 3891//3891 3800//3800 3799//3799
f 3891//3891 3799//3799 3890//3890
f 3892//3892 3800//3800 3891//3891
f 3892//3892 3794//3794 3800//3800
f 3893//3893 3791//3791 3794//3794
f 3893//3893 3794//3794 3892//3892
f 3894//3894 3791//3791 3893//3893
f 3894//3894 3790//3790 3791//3791
f 3895//3895 3790//3790 3894//3894
f 3895//3895 3785//3785 3790//3790
f 3896//3896 3785//3785 3895//3895
f 3896//3896 3779//3779 3785//3785
f 3897//3897 3780//3780 3779//3779
f 3897//3897 3779//3779 3896//3896
f 3898//3898 3789//3789 3780//3780
f 3898//3898 3780//3780 3897//3897
f 3899//3899 3789//3789 3898//3898
f 3899//3899 3792//3792 3789//3789
f 3907//3907 3792//3792 3899//3899
f 3907//3907 3793//3793 3792//3792
f 3908//3908 3793//3793 3907//3907
f 3908//3908 3796//3796 3793//3793
f 3829//3829 3823//3823 4493//4493
f 4720//4720 3829//3829 4493//4493
f 4857//4857 4624//4624 4717//4717
f 4841//4841 4606//4606 4708//4708
f 4807//4807 4576//4576 4814//4814
f 4710//4710 4569//4569 4713//4713
f 4709//4709 4597//4597 4837//4837
f 4708//4708 4606//4606 4608//4608
f 4708//4708 4608//4608 4847//4847
f 4717//4717 4624//4624 4864//4864
f 4765//4765 4537//4537 4540//4540
f 4731//4731 4504//4504 4738//4738
f 4719//4719 4667//4667 4670//4670
f 4926//4926 4675//4675 4678//4678
f 4721//4721 4706//4706 4720//4720
f 4722//4722 4706//4706 4721//4721
f 4723//4723 4706//4706 4722//4722
f 4722//4722 4721//4721 4724//4724
f 4725//4725 4722//4722 4724//4724
f 4730//4730 4706//4706 4723//4723
f 4725//4725 4724//4724 4726//4726
f 4727//4727 4725//4725 4726//4726
f 4729//4729 4730//4730 4728//4728
f 4731//4731 4730//4730 4729//4729
f 4731//4731 4706//4706 4730//4730
f 4732//4732 4729//4729 4728//4728
f 4738//4738 4706//4706 4731//4731
f 4732//4732 4728//4728 4734//4734
f 4733//4733 4732//4732 4734//4734
f 4733//4733 4734//4734 4735//4735
f 4736//4736 4733//4733 4735//4735
f 4739//4739 4741//4741 4740//4740
f 4739//4739 4738//4738 4741//4741
f 4742//4742 4738//4738 4739//4739
f 4742//4742 4706//4706 4738//4738
f 4740//4740 4741//4741 4737//4737
f 4745//4745 4737//4737 4743//4743
f 4745//4745 4740//4740 4737//4737
f 4746//4746 4743//4743 4744//4744
f 4746//4746 4745//4745 4743//4743
f 4749//4749 4748//4748 4747//4747
f 4749//4749 4742//4742 4748//4748
f 4749//4749 4706//4706 4742//4742
f 4750//4750 4747//4747 4748//4748
f 4750//4750 4748//4748 4751//4751
f 4753//4753 4750//4750 4751//4751
f 4753//4753 4751//4751 4752//4752
f 4755//4755 4756//4756 4757//4757
f 4758//4758 4756//4756 4755//4755
f 4758//4758 4749//4749 4756//4756
f 4758//4758 4706//4706 4749//4749
f 4759//4759 4757//4757 4754//4754
f 4759//4759 4755//4755 4757//4757
f 4759//4759 4754//4754 4760//4760
f 4761//4761 4759//4759 4760//4760
f 4762//4762 4763//4763 4764//4764
f 4765//4765 4763//4763 4762//4762
f 4765//4765 4758//4758 4763//4763
f 4766//4766 4762//4762 4764//4764
f 4765//4765 4706//4706 4758//4758
f 4766//4766 4764//4764 4767//4767
f 4766//4766 4767//4767 4768//4768
f 4769//4769 4766//4766 4768//4768
f 4772//4772 4771//4771 4770//4770
f 4770//4770 4771//4771 4773//4773
f 4772//4772 4765//4765 4771//4771
f 4774//4774 4770//4770 4773//4773
f 4716//4716 4765//4765 4772//4772
f 4716//4716 4706//4706 4765//4765
f 4774//4774 4773//4773 4775//4775
f 4776//4776 4774//4774 4775//4775
f 4778//4778 4780//4780 4777//4777
f 4779//4779 4780//4780 4778//4778
f 4779//4779 4716//4716 4780//4780
f 4715//4715 4716//4716 4779//4779
f 4715//4715 4706//4706 4716//4716
f 4778//4778 4777//4777 4781//4781
f 4782//4782 4778//4778 4781//4781
f 4782//4782 4781//4781 4783//4783
f 4784//4784 4782//4782 4783//4783
f 4785//4785 4788//4788 4787//4787
f 4788//4788 4786//4786 4787//4787
f 4788//4788 4715//4715 4786//4786
f 4790//4790 4785//4785 4787//4787
f 4714//4714 4715//4715 4788//4788
f 4714//4714 4706//4706 4715//4715
f 4790//4790 4787//4787 4789//4789
f 4790//4790 4789//4789 4792//4792
f 4791//4791 4790//4790 4792//4792
f 4791//4791 4792//4792 4793//4793
f 4794//4794 4791//4791 4793//4793
f 4798//4798 4796//4796 4795//4795
f 4797//4797 4796//4796 4798//4798
f 4797//4797 4714//4714 4796//4796
f 4710//4710 4714//4714 4797//4797
f 4710//4710 4706//4706 4714//4714
f 4798//4798 4795//4795 4800//4800
f 4799//4799 4798//4798 4800//4800
f 4799//4799 4800//4800 4801//4801
f 4802//4802 4799//4799 4801//4801
f 4805//4805 4803//4803 4804//4804
f 4804//4804 4803//4803 4806//4806
f 4805//4805 4713//4713 4803//4803
f 4807//4807 4713//4713 4805//4805
f 4807//4807 4710//4710 4713//4713
f 4807//4807 4706//4706 4710//4710
f 4808//4808 4804//4804 4806//4806
f 4808//4808 4806//4806 4809//4809
f 4811//4811 4809//4809 4810//4810
f 4811//4811 4808//4808 4809//4809
f 4813//4813 4814//4814 4812//4812
f 4813//4813 4816//4816 4814//4814
f 4813//4813 4812//4812 4815//4815
f 4817//4817 4813//4813 4815//4815
f 4816//4816 4807//4807 4814//4814
f 4711//4711 4807//4807 4816//4816
f 4711//4711 4706//4706 4807//4807
f 4817//4817 4815//4815 4818//4818
f 4819//4819 4817//4817 4818//4818
f 4821//4821 4820//4820 4823//4823
f 4822//4822 4821//4821 4823//4823
f 4712//4712 4820//4820 4821//4821
f 4712//4712 4711//4711 4820//4820
f 4712//4712 4706//4706 4711//4711
f 4825//4825 4822//4822 4823//4823
f 4825//4825 4823//4823 4824//4824
f 4827//4827 4825//4825 4824//4824
f 4827//4827 4824//4824 4826//4826
f 4831//4831 4832//4832 4829//4829
f 4831//4831 4829//4829 4830//4830
f 4832//4832 4712//4712 4829//4829
f 4709//4709 4712//4712 4832//4832
f 4833//4833 4830//4830 4828//4828
f 4833//4833 4831//4831 4830//4830
f 4833//4833 4828//4828 4834//4834
f 4835//4835 4833//4833 4834//4834
f 4838//4838 4839//4839 4837//4837
f 4838//4838 4837//4837 4840//4840
f 4838//4838 4840//4840 4836//4836
f 4841//4841 4837//4837 4839//4839
f 4841//4841 4709//4709 4837//4837
f 4842//4842 4838//4838 4836//4836
f 4842//4842 4836//4836 4843//4843
f 4842//4842 4843//4843 4844//4844
f 4846//4846 4847//4847 4845//4845
f 4848//4848 4846//4846 4845//4845
f 4849//4849 4847//4847 4846//4846
f 4849//4849 4708//4708 4847//4847
f 4848//4848 4845//4845 4850//4850
f 4852//4852 4848//4848 4850//4850
f 4852//4852 4850//4850 4851//4851
f 4856//4856 4854//4854 4855//4855
f 4856//4856 4855//4855 4853//4853
f 4854//4854 4849//4849 4855//4855
f 4857//4857 4849//4849 4854//4854
f 4858//4858 4856//4856 4853//4853
f 4858//4858 4853//4853 4859//4859
f 4861//4861 4858//4858 4859//4859
f 4861//4861 4859//4859 4860//4860
f 4865//4865 4864//4864 4862//4862
f 4865//4865 4862//4862 4866//4866
f 4865//4865 4717//4717 4864//4864
f 4867//4867 4717//4717 4865//4865
f 4868//4868 4866//4866 4862//4862
f 4868//4868 4862//4862 4863//4863
f 4871//4871 4868//4868 4863//4863
f 4871//4871 4863//4863 4870//4870
f 4872//4872 4873//4873 4874//4874
f 4872//4872 4869//4869 4873//4873
f 4718//4718 4867//4867 4869//4869
f 4718//4718 4869//4869 4872//4872
f 4874//4874 4873//4873 4875//4875
f 4876//4876 4874//4874 4875//4875
f 4876//4876 4875//4875 4877//4877
f 4878//4878 4876//4876 4877//4877
f 4880//4880 4879//4879 4882//4882
f 4880//4880 4881//4881 4879//4879
f 4883//4883 4881//4881 4880//4880
f 4883//4883 4718//4718 4881//4881
f 4884//4884 4879//4879 4885//4885
f 4884//4884 4882//4882 4879//4879
f 4884//4884 4885//4885 4886//4886
f 4884//4884 4886//4886 4887//4887
f 4888//4888 4889//4889 4890//4890
f 4707//4707 4889//4889 4888//4888
f 4707//4707 4883//4883 4889//4889
f 4888//4888 4890//4890 4891//4891
f 4892//4892 4888//4888 4891//4891
f 4892//4892 4891//4891 4893//4893
f 4895//4895 4892//4892 4893//4893
f 4895//4895 4893//4893 4894//4894
f 4897//4897 4896//4896 4898//4898
f 4899//4899 4897//4897 4898//4898
f 4900//4900 4707//4707 4896//4896
f 4900//4900 4896//4896 4897//4897
f 4901//4901 4899//4899 4898//4898
f 4901//4901 4898//4898 4903//4903
f 4901//4901 4903//4903 4902//4902
f 4904//4904 4901//4901 4902//4902
f 4908//4908 4905//4905 4906//4906
f 4907//4907 4905//4905 4908//4908
f 4907//4907 4900//4900 4905//4905
f 4719//4719 4900//4900 4907//4907
f 4911//4911 4908//4908 4906//4906
f 4911//4911 4906//4906 4909//4909
f 4911//4911 4909//4909 4910//4910
f 4911//4911 4910//4910 4912//4912
f 4914//4914 4916//4916 4915//4915
f 4914//4914 4719//4719 4916//4916
f 4915//4915 4916//4916 4913//4913
f 4926//4926 4719//4719 4914//4914
f 4918//4918 4915//4915 4913//4913
f 4918//4918 4913//4913 4917//4917
f 4919//4919 4918//4918 4917//4917
f 4922//4922 4921//4921 4920//4920
f 4922//4922 4920//4920 4923//4923
f 3936//3936 4708//4708 4849//4849
f 3936//3936 4900//4900 4719//4719
f 3936//3936 4925//4925 4924//4924
f 3936//3936 4718//4718 4883//4883
f 3936//3936 4849//4849 4857//4857
f 3936//3936 4712//4712 4709//4709
f 3936//3936 4926//4926 4920//4920
f 3936//3936 4883//4883 4707//4707
f 3936//3936 4719//4719 4926//4926
f 3936//3936 4920//4920 4921//4921
f 3936//3936 4857//4857 4717//4717
f 3936//3936 4921//4921 4925//4925
f 3936//3936 4717//4717 4867//4867
f 3936//3936 4841//4841 4708//4708
f 3936//3936 4707//4707 4900//4900
f 3936//3936 4867//4867 4718//4718
f 3936//3936 4706//4706 4712//4712
f 3936//3936 4709//4709 4841//4841
f 4922//4922 4923//4923 4927//4927
f 4928//4928 4922//4922 4927//4927
f 4930//4930 4929//4929 4924//4924
f 4929//4929 3936//3936 4924//4924
f 4930//4930 4924//4924 4931//4931
f 4932//4932 3936//3936 4929//4929
f 4930//4930 4931//4931 4934//4934
f 4933//4933 4930//4930 4934//4934
f 4933//4933 4934//4934 4935//4935
f 4936//4936 4933//4933 4935//4935
f 4727//4727 4496//4496 4502//4502
f 4725//4725 4727//4727 4502//4502
f 4725//4725 4502//4502 4500//4500
f 4726//4726 4497//4497 4496//4496
f 4727//4727 4726//4726 4496//4496
f 4724//4724 4498//4498 4497//4497
f 4726//4726 4724//4724 4497//4497
f 4724//4724 4721//4721 4498//4498
f 4721//4721 4493//4493 4498//4498
f 4720//4720 4493//4493 4721//4721
f 4720//4720 4706//4706 3812//3812
f 4720//4720 3812//3812 3829//3829
f 4723//4723 4494//4494 4495//4495
f 4722//4722 4494//4494 4723//4723
f 4722//4722 4500//4500 4494//4494
f 4722//4722 4725//4725 4500//4500
f 4733//4733 4508//4508 4511//4511
f 4733//4733 4736//4736 4508//4508
f 4732//4732 4511//4511 4503//4503
f 4732//4732 4733//4733 4511//4511
f 4735//4735 4506//4506 4508//4508
f 4736//4736 4735//4735 4508//4508
f 4734//4734 4728//4728 4501//4501
f 4734//4734 4501//4501 4505//4505
f 4735//4735 4734//4734 4505//4505
f 4735//4735 4505//4505 4506//4506
f 4728//4728 4499//4499 4501//4501
f 4730//4730 4499//4499 4728//4728
f 4730//4730 4495//4495 4499//4499
f 4723//4723 4495//4495 4730//4730
f 4729//4729 4504//4504 4731//4731
f 4729//4729 4503//4503 4504//4504
f 4729//4729 4732//4732 4503//4503
f 4746//4746 4516//4516 4519//4519
f 4745//4745 4746//4746 4519//4519
f 4745//4745 4519//4519 4513//4513
f 4740//4740 4745//4745 4513//4513
f 4744//4744 4515//4515 4516//4516
f 4746//4746 4744//4744 4516//4516
f 4737//4737 4510//4510 4512//4512
f 4743//4743 4737//4737 4512//4512
f 4743//4743 4512//4512 4515//4515
f 4744//4744 4743//4743 4515//4515
f 4737//4737 4741//4741 4509//4509
f 4737//4737 4509//4509 4510//4510
f 4741//4741 4507//4507 4509//4509
f 4738//4738 4507//4507 4741//4741
f 4738//4738 4504//4504 4507//4507
f 4742//4742 4514//4514 4517//4517
f 4742//4742 4739//4739 4514//4514
f 4740//4740 4514//4514 4739//4739
f 4740//4740 4513//4513 4514//4514
f 4753//4753 4526//4526 4523//4523
f 4750//4750 4753//4753 4523//4523
f 4753//4753 4752//4752 4524//4524
f 4753//4753 4524//4524 4526//4526
f 4751//4751 4518//4518 4520//4520
f 4751//4751 4748//4748 4518//4518
f 4752//4752 4751//4751 4520//4520
f 4752//4752 4520//4520 4524//4524
f 4748//4748 4517//4517 4518//4518
f 4742//4742 4517//4517 4748//4748
f 4749//4749 4521//4521 4522//4522
f 4747//4747 4521//4521 4749//4749
f 4747//4747 4750//4750 4523//4523
f 4747//4747 4523//4523 4521//4521
f 4761//4761 4539//4539 4535//4535
f 4759//4759 4761//4761 4535//4535
f 4759//4759 4535//4535 4533//4533
f 4761//4761 4760//4760 4531//4531
f 4761//4761 4531//4531 4539//4539
f 4760//4760 4754//4754 4528//4528
f 4760//4760 4528//4528 4531//4531
f 4754//4754 4757//4757 4527//4527
f 4754//4754 4527//4527 4528//4528
f 4757//4757 4525//4525 4527//4527
f 4756//4756 4525//4525 4757//4757
f 4756//4756 4749//4749 4522//4522
f 4756//4756 4522//4522 4525//4525
f 4758//4758 4529//4529 4530//4530
f 4755//4755 4529//4529 4758//4758
f 4755//4755 4533//4533 4529//4529
f 4755//4755 4759//4759 4533//4533
f 4769//4769 4705//4705 4543//4543
f 4766//4766 4769//4769 4543//4543
f 4768//4768 4538//4538 4705//4705
f 4769//4769 4768//4768 4705//4705
f 4768//4768 4767//4767 4534//4534
f 4768//4768 4534//4534 4538//4538
f 4767//4767 4764//4764 4532//4532
f 4767//4767 4532//4532 4534//4534
f 4764//4764 4530//4530 4532//4532
f 4763//4763 4530//4530 4764//4764
f 4763//4763 4758//4758 4530//4530
f 4762//4762 4537//4537 4765//4765
f 4762//4762 4536//4536 4537//4537
f 4766//4766 4536//4536 4762//4762
f 4766//4766 4543//4543 4536//4536
f 4776//4776 4552//4552 4548//4548
f 4774//4774 4776//4776 4548//4548
f 4775//4775 4704//4704 4552//4552
f 4776//4776 4775//4775 4552//4552
f 4775//4775 4773//4773 4542//4542
f 4775//4775 4542//4542 4704//4704
f 4773//4773 4541//4541 4542//4542
f 4771//4771 4541//4541 4773//4773
f 4771//4771 4540//4540 4541//4541
f 4771//4771 4765//4765 4540//4540
f 4716//4716 4772//4772 4545//4545
f 4772//4772 4544//4544 4545//4545
f 4770//4770 4544//4544 4772//4772
f 4774//4774 4548//4548 4544//4544
f 4774//4774 4544//4544 4770//4770
f 4784//4784 4561//4561 4558//4558
f 4782//4782 4784//4784 4558//4558
f 4778//4778 4558//4558 4549//4549
f 4778//4778 4782//4782 4558//4558
f 4783//4783 4703//4703 4561//4561
f 4784//4784 4783//4783 4561//4561
f 4781//4781 4777//4777 4547//4547
f 4781//4781 4547//4547 4551//4551
f 4783//4783 4781//4781 4551//4551
f 4783//4783 4551//4551 4703//4703
f 4777//4777 4546//4546 4547//4547
f 4780//4780 4546//4546 4777//4777
f 4780//4780 4716//4716 4545//4545
f 4780//4780 4545//4545 4546//4546
f 4779//4779 4550//4550 4715//4715
f 4778//4778 4550//4550 4779//4779
f 4778//4778 4549//4549 4550//4550
f 4794//4794 4702//4702 4566//4566
f 4791//4791 4794//4794 4566//4566
f 4790//4790 4566//4566 4563//4563
f 4790//4790 4791//4791 4566//4566
f 4793//4793 4560//4560 4702//4702
f 4794//4794 4793//4793 4702//4702
f 4789//4789 4554//4554 4555//4555
f 4789//4789 4787//4787 4554//4554
f 4792//4792 4789//4789 4555//4555
f 4792//4792 4555//4555 4560//4560
f 4793//4793 4792//4792 4560//4560
f 4787//4787 4553//4553 4554//4554
f 4786//4786 4553//4553 4787//4787
f 4786//4786 4550//4550 4553//4553
f 4786//4786 4715//4715 4550//4550
f 4788//4788 4557//4557 4559//4559
f 4714//4714 4788//4788 4559//4559
f 4785//4785 4556//4556 4557//4557
f 4785//4785 4557//4557 4788//4788
f 4790//4790 4556//4556 4785//4785
f 4790//4790 4563//4563 4556//4556
f 4802//4802 4578//4578 4575//4575
f 4799//4799 4802//4802 4575//4575
f 4798//4798 4575//4575 4568//4568
f 4798//4798 4799//4799 4575//4575
f 4801//4801 4701//4701 4578//4578
f 4802//4802 4801//4801 4578//4578
f 4800//4800 4795//4795 4564//4564
f 4800//4800 4564//4564 4565//4565
f 4801//4801 4800//4800 4565//4565
f 4801//4801 4565//4565 4701//4701
f 4795//4795 4562//4562 4564//4564
f 4796//4796 4562//4562 4795//4795
f 4796//4796 4559//4559 4562//4562
f 4796//4796 4714//4714 4559//4559
f 4797//4797 4569//4569 4710//4710
f 4797//4797 4567//4567 4569//4569
f 4798//4798 4567//4567 4797//4797
f 4798//4798 4568//4568 4567//4567
f 4811//4811 4700//4700 4581//4581
f 4808//4808 4811//4811 4581//4581
f 4808//4808 4581//4581 4574//4574
f 4810//4810 4577//4577 4700//4700
f 4811//4811 4810//4810 4700//4700
f 4809//4809 4806//4806 4572//4572
f 4809//4809 4572//4572 4577//4577
f 4810//4810 4809//4809 4577//4577
f 4806//4806 4571//4571 4572//4572
f 4803//4803 4571//4571 4806//4806
f 4803//4803 4570//4570 4571//4571
f 4713//4713 4570//4570 4803//4803
f 4713//4713 4569//4569 4570//4570
f 4805//4805 4573//4573 4576//4576
f 4807//4807 4805//4805 4576//4576
f 4804//4804 4573//4573 4805//4805
f 4804//4804 4574//4574 4573//4573
f 4804//4804 4808//4808 4574//4574
f 4819//4819 4592//4592 4587//4587
f 4817//4817 4819//4819 4587//4587
f 4818//4818 4584//4584 4592//4592
f 4819//4819 4818//4818 4592//4592
f 4818//4818 4815//4815 4580//4580
f 4818//4818 4580//4580 4584//4584
f 4815//4815 4579//4579 4580//4580
f 4812//4812 4579//4579 4815//4815
f 4814//4814 4579//4579 4812//4812
f 4814//4814 4576//4576 4579//4579
f 4816//4816 4582//4582 4711//4711
f 4813//4813 4583//4583 4582//4582
f 4813//4813 4582//4582 4816//4816
f 4817//4817 4587//4587 4583//4583
f 4817//4817 4583//4583 4813//4813
f 4827//4827 4600//4600 4596//4596
f 4825//4825 4827//4827 4596//4596
f 4825//4825 4596//4596 4594//4594
f 4826//4826 4591//4591 4600//4600
f 4827//4827 4826//4826 4600//4600
f 4824//4824 4590//4590 4591//4591
f 4826//4826 4824//4824 4591//4591
f 4824//4824 4823//4823 4586//4586
f 4824//4824 4586//4586 4590//4590
f 4820//4820 4586//4586 4823//4823
f 4820//4820 4585//4585 4586//4586
f 4820//4820 4711//4711 4582//4582
f 4820//4820 4582//4582 4585//4585
f 4712//4712 4588//4588 4589//4589
f 4712//4712 4821//4821 4588//4588
f 4822//4822 4594//4594 4588//4588
f 4822//4822 4588//4588 4821//4821
f 4822//4822 4825//4825 4594//4594
f 4835//4835 4699//4699 4602//4602
f 4833//4833 4835//4835 4602//4602
f 4835//4835 4834//4834 4599//4599
f 4835//4835 4599//4599 4699//4699
f 4834//4834 4828//4828 4595//4595
f 4834//4834 4595//4595 4599//4599
f 4828//4828 4830//4830 4593//4593
f 4828//4828 4593//4593 4595//4595
f 4829//4829 4593//4593 4830//4830
f 4829//4829 4589//4589 4593//4593
f 4829//4829 4712//4712 4589//4589
f 4832//4832 4597//4597 4709//4709
f 4832//4832 4598//4598 4597//4597
f 4831//4831 4598//4598 4832//4832
f 4831//4831 4833//4833 4602//4602
f 4831//4831 4602//4602 4598//4598
f 4844//4844 4698//4698 4610//4610
f 4842//4842 4844//4844 4610//4610
f 4842//4842 4610//4610 4603//4603
f 4844//4844 4843//4843 4607//4607
f 4844//4844 4607//4607 4698//4698
f 4843//4843 4836//4836 4605//4605
f 4843//4843 4605//4605 4607//4607
f 4836//4836 4840//4840 4601//4601
f 4836//4836 4601//4601 4605//4605
f 4837//4837 4601//4601 4840//4840
f 4837//4837 4597//4597 4601//4601
f 4839//4839 4606//4606 4841//4841
f 4839//4839 4604//4604 4606//4606
f 4838//4838 4604//4604 4839//4839
f 4838//4838 4603//4603 4604//4604
f 4838//4838 4842//4842 4603//4603
f 4852//4852 4622//4622 4618//4618
f 4848//4848 4852//4852 4618//4618
f 4848//4848 4618//4618 4612//4612
f 4852//4852 4851//4851 4614//4614
f 4852//4852 4614//4614 4622//4622
f 4845//4845 4609//4609 4611//4611
f 4850//4850 4845//4845 4611//4611
f 4851//4851 4850//4850 4611//4611
f 4851//4851 4611//4611 4614//4614
f 4845//4845 4608//4608 4609//4609
f 4847//4847 4608//4608 4845//4845
f 4849//4849 4846//4846 4613//4613
f 4846//4846 4612//4612 4613//4613
f 4848//4848 4612//4612 4846//4846
f 4861//4861 4630//4630 4625//4625
f 4858//4858 4861//4861 4625//4625
f 4858//4858 4625//4625 4620//4620
f 4860//4860 4621//4621 4630//4630
f 4861//4861 4860//4860 4630//4630
f 4859//4859 4853//4853 4616//4616
f 4859//4859 4616//4616 4617//4617
f 4859//4859 4617//4617 4621//4621
f 4860//4860 4859//4859 4621//4621
f 4853//4853 4615//4615 4616//4616
f 4855//4855 4615//4615 4853//4853
f 4849//4849 4613//4613 4615//4615
f 4855//4855 4849//4849 4615//4615
f 4857//4857 4619//4619 4624//4624
f 4857//4857 4854//4854 4619//4619
f 4856//4856 4619//4619 4854//4854
f 4856//4856 4620//4620 4619//4619
f 4856//4856 4858//4858 4620//4620
f 4871//4871 4638//4638 4633//4633
f 4868//4868 4871//4871 4633//4633
f 4868//4868 4633//4633 4627//4627
f 4871//4871 4870//4870 4629//4629
f 4871//4871 4629//4629 4638//4638
f 4863//4863 4862//4862 4626//4626
f 4870//4870 4863//4863 4626//4626
f 4870//4870 4626//4626 4629//4629
f 4862//4862 4623//4623 4626//4626
f 4864//4864 4623//4623 4862//4862
f 4864//4864 4624//4624 4623//4623
f 4865//4865 4628//4628 4867//4867
f 4865//4865 4627//4627 4628//4628
f 4866//4866 4627//4627 4865//4865
f 4866//4866 4868//4868 4627//4627
f 4878//4878 4646//4646 4644//4644
f 4876//4876 4878//4878 4644//4644
f 4876//4876 4644//4644 4640//4640
f 4874//4874 4876//4876 4640//4640
f 4877//4877 4637//4637 4646//4646
f 4878//4878 4877//4877 4646//4646
f 4875//4875 4873//4873 4632//4632
f 4875//4875 4632//4632 4634//4634
f 4877//4877 4875//4875 4634//4634
f 4877//4877 4634//4634 4637//4637
f 4873//4873 4631//4631 4632//4632
f 4869//4869 4631//4631 4873//4873
f 4869//4869 4867//4867 4628//4628
f 4869//4869 4628//4628 4631//4631
f 4872//4872 4635//4635 4636//4636
f 4718//4718 4872//4872 4636//4636
f 4874//4874 4635//4635 4872//4872
f 4874//4874 4640//4640 4635//4635
f 4887//4887 4653//4653 4648//4648
f 4884//4884 4887//4887 4648//4648
f 4887//4887 4886//4886 4645//4645
f 4887//4887 4645//4645 4653//4653
f 4886//4886 4885//4885 4643//4643
f 4886//4886 4643//4643 4645//4645
f 4885//4885 4639//4639 4643//4643
f 4879//4879 4639//4639 4885//4885
f 4881//4881 4639//4639 4879//4879
f 4881//4881 4636//4636 4639//4639
f 4881//4881 4718//4718 4636//4636
f 4880//4880 4641//4641 4883//4883
f 4880//4880 4642//4642 4641//4641
f 4882//4882 4642//4642 4880//4880
f 4882//4882 4648//4648 4642//4642
f 4884//4884 4648//4648 4882//4882
f 4895//4895 4696//4696 4657//4657
f 4892//4892 4895//4895 4657//4657
f 4892//4892 4657//4657 4656//4656
f 4888//4888 4892//4892 4656//4656
f 4894//4894 4651//4651 4696//4696
f 4895//4895 4894//4894 4696//4696
f 4891//4891 4647//4647 4650//4650
f 4891//4891 4890//4890 4647//4647
f 4893//4893 4891//4891 4650//4650
f 4893//4893 4650//4650 4651//4651
f 4894//4894 4893//4893 4651//4651
f 4889//4889 4647//4647 4890//4890
f 4889//4889 4641//4641 4647//4647
f 4889//4889 4883//4883 4641//4641
f 4888//4888 4652//4652 4707//4707
f 4888//4888 4649//4649 4652//4652
f 4888//4888 4656//4656 4649//4649
f 4904//4904 4669//4669 4665//4665
f 4901//4901 4904//4904 4665//4665
f 4904//4904 4902//4902 4662//4662
f 4904//4904 4662//4662 4669//4669
f 4903//4903 4898//4898 4655//4655
f 4903//4903 4655//4655 4660//4660
f 4902//4902 4903//4903 4660//4660
f 4902//4902 4660//4660 4662//4662
f 4898//4898 4654//4654 4655//4655
f 4896//4896 4654//4654 4898//4898
f 4896//4896 4652//4652 4654//4654
f 4896//4896 4707//4707 4652//4652
f 4897//4897 4658//4658 4661//4661
f 4900//4900 4897//4897 4661//4661
f 4899//4899 4658//4658 4897//4897
f 4899//4899 4659//4659 4658//4658
f 4899//4899 4901//4901 4665//4665
f 4899//4899 4665//4665 4659//4659
f 4912//4912 4677//4677 4672//4672
f 4911//4911 4912//4912 4672//4672
f 4912//4912 4910//4910 4668//4668
f 4912//4912 4668//4668 4677//4677
f 4909//4909 4906//4906 4664//4664
f 4910//4910 4909//4909 4664//4664
f 4910//4910 4664//4664 4668//4668
f 4906//4906 4663//4663 4664//4664
f 4905//4905 4663//4663 4906//4906
f 4905//4905 4900//4900 4661//4661
f 4905//4905 4661//4661 4663//4663
f 4719//4719 4907//4907 4667//4667
f 4908//4908 4667//4667 4907//4907
f 4908//4908 4666//4666 4667//4667
f 4908//4908 4911//4911 4672//4672
f 4908//4908 4672//4672 4666//4666
f 4918//4918 4685//4685 4680//4680
f 4918//4918 4919//4919 4685//4685
f 4915//4915 4680//4680 4674//4674
f 4915//4915 4918//4918 4680//4680
f 4919//4919 4917//4917 4676//4676
f 4919//4919 4676//4676 4685//4685
f 4913//4913 4671//4671 4673//4673
f 4917//4917 4913//4913 4673//4673
f 4917//4917 4673//4673 4676//4676
f 4913//4913 4916//4916 4670//4670
f 4913//4913 4670//4670 4671//4671
f 4916//4916 4719//4719 4670//4670
f 4926//4926 4914//4914 4675//4675
f 4914//4914 4674//4674 4675//4675
f 4915//4915 4674//4674 4914//4914
f 4928//4928 4693//4693 4688//4688
f 4922//4922 4928//4928 4688//4688
f 4928//4928 4927//4927 4681//4681
f 4928//4928 4681//4681 4693//4693
f 4923//4923 4678//4678 4679//4679
f 4927//4927 4923//4923 4679//4679
f 4927//4927 4679//4679 4681//4681
f 4923//4923 4920//4920 4678//4678
f 4920//4920 4926//4926 4678//4678
f 4925//4925 4682//4682 4684//4684
f 4921//4921 4682//4682 4925//4925
f 4921//4921 4683//4683 4682//4682
f 4922//4922 4683//4683 4921//4921
f 4922//4922 4688//4688 4683//4683
f 4933//4933 4936//4936 4697//4697
f 4933//4933 4697//4697 4694//4694
f 4933//4933 4694//4694 4691//4691
f 4936//4936 4935//4935 4695//4695
f 4936//4936 4695//4695 4697//4697
f 4934//4934 4687//4687 4689//4689
f 4935//4935 4689//4689 4695//4695
f 4935//4935 4934//4934 4689//4689
f 4934//4934 4931//4931 4687//4687
f 4924//4924 4686//4686 4687//4687
f 4924//4924 4687//4687 4931//4931
f 4924//4924 4684//4684 4686//4686
f 4924//4924 4925//4925 4684//4684
f 4932//4932 4690//4690 4692//4692
f 4932//4932 4929//4929 4690//4690
f 4930//4930 4690//4690 4929//4929
f 4930//4930 4691//4691 4690//4690
f 4930//4930 4933//4933 4691//4691
# 10000 faces, 0 coords texture

# End of File
