# https://github.com/mikedh/trimesh

o tmpns67jb8t.stl
v 31.71789360 -41.45713425 45.69908524
v 31.71789360 -41.45773697 45.67455292
v 113.39929962 -41.45773697 45.67455292
v 113.39929962 -41.45713425 45.69908524
v 31.71789360 -41.45532990 45.72356033
v 113.39929962 -41.45532990 45.72356033
v 31.71789360 -41.45232391 45.74791718
v 113.39929962 -41.45232391 45.74791718
v 31.71789360 -41.44813156 45.77209854
v 113.39929962 -41.44813156 45.77209854
v 31.71789360 -41.44275284 45.79604340
v 113.39929962 -41.44275284 45.79604340
v 31.71789360 -41.43620682 45.81969452
v 113.39929962 -41.43620682 45.81969452
v 31.71789360 -41.42850876 45.84299850
v 113.39929962 -41.42850876 45.84299850
v 31.71789360 -41.41967773 45.86589432
v 113.39929962 -41.41967773 45.86589432
v 31.71789360 -41.40973282 45.88832855
v 113.39929962 -41.40973282 45.88832855
v 31.71789360 -41.39869690 45.91025162
v 113.39929962 -41.39869690 45.91025162
v 31.71789360 -41.38660049 45.93160248
v 113.39929962 -41.38660049 45.93160248
v 31.71789360 -41.37347031 45.95233917
v 113.39929962 -41.37347031 45.95233917
v 31.71789360 -41.35934067 45.97240067
v 113.39929962 -41.35934067 45.97240067
v 31.71789360 -41.34424210 45.99174881
v 113.39929962 -41.34424210 45.99174881
v 31.71789360 -41.32821274 46.01033020
v 113.39929962 -41.32821274 46.01033020
v 31.71789360 -41.31129074 46.02810669
v 113.39929962 -41.31129074 46.02810669
v 31.71789360 -41.29351807 46.04502869
v 113.39929962 -41.29351807 46.04502869
v 31.71789360 -41.27493286 46.06105804
v 113.39929962 -41.27493286 46.06105804
v 31.71789360 -41.25558853 46.07615662
v 113.39929962 -41.25558853 46.07615662
v 31.71789360 -41.23552322 46.09028625
v 113.39929962 -41.23552322 46.09028625
v 31.71789360 -41.21479034 46.10341644
v 113.39929962 -41.21479034 46.10341644
v 31.71789360 -41.19343567 46.11551285
v 113.39929962 -41.19343567 46.11551285
v 31.71789360 -41.17151642 46.12654877
v 113.39929962 -41.17151642 46.12654877
v 31.71789360 -41.14907837 46.13649368
v 113.39929962 -41.14907837 46.13649368
v 31.71789360 -41.12618256 46.14532471
v 113.39929962 -41.12618256 46.14532471
v 31.71789360 -41.10287857 46.15302277
v 113.39929962 -41.10287857 46.15302277
v 31.71789360 -41.07922745 46.15956879
v 113.39929962 -41.07922745 46.15956879
v 31.71789360 -41.05528259 46.16494370
v 113.39929962 -41.05528259 46.16494370
v 31.71789360 -41.03110123 46.16913986
v 113.39929962 -41.03110123 46.16913986
v 31.71789360 -41.00674438 46.17214584
v 113.39929962 -41.00674438 46.17214584
v 31.71789360 -40.98226929 46.17395020
v 113.39929962 -40.98226929 46.17395020
v 31.71789360 -40.95773697 46.17455292
v 113.39929962 -40.95773697 46.17455292
v 31.71789360 -40.93320465 46.17395020
v 113.39929962 -40.93320465 46.17395020
v 31.71789360 -40.90872955 46.17214584
v 113.39929962 -40.90872955 46.17214584
v 31.71789360 -40.88437271 46.16913986
v 113.39929962 -40.88437271 46.16913986
v 31.71789360 -40.86019135 46.16494370
v 113.39929962 -40.86019135 46.16494370
v 31.71789360 -40.83624649 46.15956879
v 113.39929962 -40.83624649 46.15956879
v 31.71789360 -40.81259537 46.15302277
v 113.39929962 -40.81259537 46.15302277
v 31.71789360 -40.78929138 46.14532471
v 113.39929962 -40.78929138 46.14532471
v 31.71789360 -40.76639557 46.13649368
v 113.39929962 -40.76639557 46.13649368
v 31.71789360 -40.74396133 46.12654877
v 113.39929962 -40.74396133 46.12654877
v 31.71789360 -40.72203827 46.11551285
v 113.39929962 -40.72203827 46.11551285
v 31.71789360 -40.70068741 46.10341644
v 113.39929962 -40.70068741 46.10341644
v 31.71789360 -40.67995071 46.09028625
v 113.39929962 -40.67995071 46.09028625
v 31.71789360 -40.65988922 46.07615662
v 113.39929962 -40.65988922 46.07615662
v 31.71789360 -40.64054108 46.06105804
v 113.39929962 -40.64054108 46.06105804
v 31.71789360 -40.62195587 46.04502869
v 113.39929962 -40.62195587 46.04502869
v 31.71789360 -40.60418320 46.02810669
v 113.39929962 -40.60418320 46.02810669
v 31.71789360 -39.41735840 44.84127808
v 113.39929962 -39.41735840 44.84127808
v 113.39929962 -38.52122498 44.81927872
v 113.39929962 -36.45773697 42.09379196
v 113.39929962 -38.49811935 44.84127808
v 113.39929962 -38.47612000 44.86438370
v 113.39929962 -38.54538345 44.79844284
v 113.39929962 -38.45528030 44.88854218
v 113.39929962 -38.57053375 44.77881241
v 113.39929962 -38.43565369 44.91369247
v 113.39929962 -38.59661484 44.76044464
v 113.39929962 -38.41728210 44.93977737
v 113.39929962 -38.62356949 44.74337387
v 113.39929962 -38.40021515 44.96673203
v 113.39929962 -38.65132904 44.72764969
v 113.39929962 -38.38448715 44.99449158
v 113.39929962 -38.67982483 44.71330643
v 113.39929962 -38.37014389 45.02298737
v 113.39929962 -38.70899200 44.70037460
v 113.39929962 -38.35721588 45.05215454
v 113.39929962 -38.73875809 44.68889618
v 113.39929962 -38.34573364 45.08192062
v 113.39929962 -38.76905060 44.67888641
v 113.39929962 -38.33572769 45.11221313
v 113.39929962 -38.79980087 44.67037964
v 113.39929962 -38.32721710 45.14295959
v 113.39929962 -38.83092880 44.66338730
v 113.39929962 -38.32022858 45.17409134
v 113.39929962 -38.86236191 44.65793228
v 113.39929962 -38.31477356 45.20552444
v 113.39929962 -38.89402771 44.65402985
v 113.39929962 -38.31086731 45.23718643
v 113.39929962 -38.92584229 44.65167999
v 113.39929962 -38.30852127 45.26900482
v 113.39929962 -38.95773697 44.65089798
v 113.39929962 -38.30773544 45.30089951
v 113.39929962 -41.45773697 42.83199310
v 113.39929962 -39.39424896 44.81927872
v 113.39929962 -39.37009430 44.79844284
v 113.39929962 -39.34494019 44.77881241
v 113.39929962 -39.31885910 44.76044464
v 113.39929962 -39.29190445 44.74337387
v 113.39929962 -39.26414490 44.72764969
v 113.39929962 -39.23564911 44.71330643
v 113.39929962 -39.20648193 44.70037460
v 113.39929962 -39.17671585 44.68889618
v 113.39929962 -39.14642334 44.67888641
v 113.39929962 -39.11567307 44.67037964
v 113.39929962 -39.08454514 44.66338730
v 113.39929962 -39.05311203 44.65793228
v 113.39929962 -39.02145004 44.65402985
v 113.39929962 -38.98963165 44.65167999
v 113.39929962 -45.95773697 42.09379196
v 113.39929962 -45.95773697 42.83199310
v 113.39929962 -38.30773544 58.88668442
v 113.39929962 -36.45773697 62.09379196
v 113.39929962 -38.30852127 58.91857910
v 113.39929962 -38.31086731 58.95039749
v 113.39929962 -38.31477356 58.98205948
v 113.39929962 -38.32022858 59.01349258
v 113.39929962 -38.32721710 59.04462051
v 113.39929962 -38.33572769 59.07537079
v 113.39929962 -38.34573364 59.10566330
v 113.39929962 -38.35721588 59.13542938
v 113.39929962 -38.37014389 59.16459656
v 113.39929962 -38.38448715 59.19309235
v 113.39929962 -38.40021515 59.22085190
v 113.39929962 -38.41728210 59.24780655
v 113.39929962 -38.43565369 59.27388763
v 113.39929962 -38.45528030 59.29904175
v 113.39929962 -38.47612000 59.32319641
v 113.39929962 -38.49811935 59.34630585
v 113.39929962 -38.52122498 59.36830139
v 113.39929962 -38.54538345 59.38914108
v 113.39929962 -38.57053375 59.40876770
v 113.39929962 -38.59661484 59.42713928
v 113.39929962 -38.62356949 59.44421005
v 113.39929962 -38.65132904 59.45993423
v 113.39929962 -38.67982483 59.47427750
v 113.39929962 -38.70899200 59.48720551
v 113.39929962 -38.73875809 59.49868774
v 113.39929962 -38.76905060 59.50869751
v 113.39929962 -38.79980087 59.51720428
v 113.39929962 -38.83092880 59.52419662
v 113.39929962 -38.86236191 59.52964783
v 113.39929962 -38.89402771 59.53355408
v 113.39929962 -38.92584229 59.53590012
v 113.39929962 -38.95773697 59.53668594
v 113.39929962 -40.64054108 58.12652588
v 113.39929962 -40.62195587 58.14255524
v 113.39929962 -40.60418320 58.15947723
v 113.39929962 -40.65988922 58.11142731
v 113.39929962 -40.67995071 58.09729385
v 113.39929962 -40.70068741 58.08416748
v 113.39929962 -40.76639557 58.05109024
v 113.39929962 -40.72203827 58.07207108
v 113.39929962 -40.74396133 58.06103516
v 113.39929962 -40.78929138 58.04225922
v 113.39929962 -40.81259537 58.03456116
v 113.39929962 -40.86019135 58.02263641
v 113.39929962 -40.83624649 58.02801514
v 113.39929962 -40.88437271 58.01844025
v 113.39929962 -40.93320465 58.01363373
v 113.39929962 -40.90872955 58.01543808
v 113.39929962 -40.95773697 58.01303101
v 113.39929962 -41.05528259 58.02263641
v 113.39929962 -40.98226929 58.01363373
v 113.39929962 -41.00674438 58.01543808
v 113.39929962 -41.03110123 58.01844025
v 113.39929962 -41.07922745 58.02801514
v 113.39929962 -41.12618256 58.04225922
v 113.39929962 -41.10287857 58.03456116
v 113.39929962 -41.14907837 58.05109024
v 113.39929962 -41.17151642 58.06103516
v 113.39929962 -41.21479034 58.08416748
v 113.39929962 -41.19343567 58.07207108
v 113.39929962 -41.25558853 58.11142731
v 113.39929962 -41.23552322 58.09729385
v 113.39929962 -41.29351807 58.14255524
v 113.39929962 -41.27493286 58.12652588
v 113.39929962 -41.32821274 58.17724991
v 113.39929962 -41.31129074 58.15947723
v 113.39929962 -41.37347031 58.23524475
v 113.39929962 -41.34424210 58.19583511
v 113.39929962 -41.35934067 58.21517944
v 113.39929962 -41.38660049 58.25597763
v 113.39929962 -41.41967773 58.32168961
v 113.39929962 -41.39869690 58.27733231
v 113.39929962 -41.40973282 58.29925156
v 113.39929962 -41.43620682 58.36788940
v 113.39929962 -41.42850876 58.34458542
v 113.39929962 -41.44275284 58.39154053
v 113.39929962 -41.45713425 58.48849487
v 113.39929962 -41.45532990 58.46401978
v 113.39929962 -41.45232391 58.43966675
v 113.39929962 -41.44813156 58.41548538
v 113.39929962 -41.45773697 58.51303101
v 113.39929962 -39.41735840 59.34630585
v 113.39929962 -41.45773697 62.09379196
v 113.39929962 -38.98963165 59.53590012
v 113.39929962 -39.02145004 59.53355408
v 113.39929962 -39.05311203 59.52964783
v 113.39929962 -39.08454514 59.52419662
v 113.39929962 -39.11567307 59.51720428
v 113.39929962 -39.14642334 59.50869751
v 113.39929962 -39.17671585 59.49868774
v 113.39929962 -39.20648193 59.48720551
v 113.39929962 -39.23564911 59.47427750
v 113.39929962 -39.26414490 59.45993423
v 113.39929962 -39.29190445 59.44421005
v 113.39929962 -39.31885910 59.42713928
v 113.39929962 -39.34494019 59.40876770
v 113.39929962 -39.37009430 59.38914108
v 113.39929962 -39.39424896 59.36830139
v 31.71789360 -41.45773697 58.51303101
v 31.71789360 -41.45713425 58.48849487
v 31.71789360 -41.45532990 58.46401978
v 31.71789360 -41.45232391 58.43966675
v 31.71789360 -41.44813156 58.41548538
v 31.71789360 -41.44275284 58.39154053
v 31.71789360 -41.43620682 58.36788940
v 31.71789360 -41.42850876 58.34458542
v 31.71789360 -41.41967773 58.32168961
v 31.71789360 -41.40973282 58.29925156
v 31.71789360 -41.39869690 58.27733231
v 31.71789360 -41.38660049 58.25597763
v 31.71789360 -41.37347031 58.23524475
v 31.71789360 -41.35934067 58.21517944
v 31.71789360 -41.34424210 58.19583511
v 31.71789360 -41.32821274 58.17724991
v 31.71789360 -41.31129074 58.15947723
v 31.71789360 -41.29351807 58.14255524
v 31.71789360 -41.27493286 58.12652588
v 31.71789360 -41.25558853 58.11142731
v 31.71789360 -41.23552322 58.09729385
v 31.71789360 -41.21479034 58.08416748
v 31.71789360 -41.19343567 58.07207108
v 31.71789360 -41.17151642 58.06103516
v 31.71789360 -41.14907837 58.05109024
v 31.71789360 -41.12618256 58.04225922
v 31.71789360 -41.10287857 58.03456116
v 31.71789360 -41.07922745 58.02801514
v 31.71789360 -41.05528259 58.02263641
v 31.71789360 -41.03110123 58.01844025
v 31.71789360 -41.00674438 58.01543808
v 31.71789360 -40.98226929 58.01363373
v 31.71789360 -40.95773697 58.01303101
v 31.71789360 -40.93320465 58.01363373
v 31.71789360 -40.90872955 58.01543808
v 31.71789360 -40.88437271 58.01844025
v 31.71789360 -40.86019135 58.02263641
v 31.71789360 -40.83624649 58.02801514
v 31.71789360 -40.81259537 58.03456116
v 31.71789360 -40.78929138 58.04225922
v 31.71789360 -40.76639557 58.05109024
v 31.71789360 -40.74396133 58.06103516
v 31.71789360 -40.72203827 58.07207108
v 31.71789360 -40.70068741 58.08416748
v 31.71789360 -40.67995071 58.09729385
v 31.71789360 -40.65988922 58.11142731
v 31.71789360 -40.64054108 58.12652588
v 31.71789360 -40.62195587 58.14255524
v 31.71789360 -40.60418320 58.15947723
v 31.71789360 -41.45773697 62.09379196
v 31.71789360 -38.47612000 59.32319641
v 31.71789360 -38.49811935 59.34630585
v 31.71789360 -36.45773697 62.09379196
v 31.71789360 -38.52122498 59.36830139
v 31.71789360 -38.54538345 59.38914108
v 31.71789360 -38.45528030 59.29904175
v 31.71789360 -38.57053375 59.40876770
v 31.71789360 -38.43565369 59.27388763
v 31.71789360 -38.41728210 59.24780655
v 31.71789360 -38.59661484 59.42713928
v 31.71789360 -38.40021515 59.22085190
v 31.71789360 -38.62356949 59.44421005
v 31.71789360 -38.38448715 59.19309235
v 31.71789360 -38.65132904 59.45993423
v 31.71789360 -38.37014389 59.16459656
v 31.71789360 -38.67982483 59.47427750
v 31.71789360 -38.35721588 59.13542938
v 31.71789360 -38.70899200 59.48720551
v 31.71789360 -38.34573364 59.10566330
v 31.71789360 -38.73875809 59.49868774
v 31.71789360 -38.33572769 59.07537079
v 31.71789360 -38.76905060 59.50869751
v 31.71789360 -38.32721710 59.04462051
v 31.71789360 -38.79980087 59.51720428
v 31.71789360 -38.32022858 59.01349258
v 31.71789360 -38.83092880 59.52419662
v 31.71789360 -38.86236191 59.52964783
v 31.71789360 -38.31477356 58.98205948
v 31.71789360 -38.31086731 58.95039749
v 31.71789360 -38.89402771 59.53355408
v 31.71789360 -38.30852127 58.91857910
v 31.71789360 -38.92584229 59.53590012
v 31.71789360 -38.30773544 58.88668442
v 31.71789360 -38.95773697 59.53668594
v 31.71789360 -38.98963165 59.53590012
v 31.71789360 -39.02145004 59.53355408
v 31.71789360 -39.05311203 59.52964783
v 31.71789360 -39.08454514 59.52419662
v 31.71789360 -39.11567307 59.51720428
v 31.71789360 -39.14642334 59.50869751
v 31.71789360 -39.17671585 59.49868774
v 31.71789360 -39.20648193 59.48720551
v 31.71789360 -39.23564911 59.47427750
v 31.71789360 -39.26414490 59.45993423
v 31.71789360 -39.29190445 59.44421005
v 31.71789360 -39.31885910 59.42713928
v 31.71789360 -39.34494019 59.40876770
v 31.71789360 -39.37009430 59.38914108
v 31.71789360 -39.39424896 59.36830139
v 31.71789360 -39.41735840 59.34630585
v 31.71789360 -36.45773697 42.09379196
v 31.71789360 -38.30852127 45.26900482
v 31.71789360 -38.30773544 45.30089951
v 31.71789360 -38.31086731 45.23718643
v 31.71789360 -38.31477356 45.20552444
v 31.71789360 -38.32022858 45.17409134
v 31.71789360 -38.32721710 45.14295959
v 31.71789360 -38.33572769 45.11221313
v 31.71789360 -38.34573364 45.08192062
v 31.71789360 -38.35721588 45.05215454
v 31.71789360 -38.37014389 45.02298737
v 31.71789360 -38.38448715 44.99449158
v 31.71789360 -38.40021515 44.96673203
v 31.71789360 -38.41728210 44.93977737
v 31.71789360 -38.43565369 44.91369247
v 31.71789360 -38.45528030 44.88854218
v 31.71789360 -38.47612000 44.86438370
v 31.71789360 -38.49811935 44.84127808
v 31.71789360 -38.52122498 44.81927872
v 31.71789360 -38.54538345 44.79844284
v 31.71789360 -38.57053375 44.77881241
v 31.71789360 -38.59661484 44.76044464
v 31.71789360 -38.62356949 44.74337387
v 31.71789360 -38.65132904 44.72764969
v 31.71789360 -38.67982483 44.71330643
v 31.71789360 -38.70899200 44.70037460
v 31.71789360 -38.73875809 44.68889618
v 31.71789360 -38.76905060 44.67888641
v 31.71789360 -38.79980087 44.67037964
v 31.71789360 -38.83092880 44.66338730
v 31.71789360 -38.86236191 44.65793228
v 31.71789360 -38.89402771 44.65402985
v 31.71789360 -38.92584229 44.65167999
v 31.71789360 -38.95773697 44.65089798
v 31.71789360 -41.45773697 42.83199310
v 31.71789360 -38.98963165 44.65167999
v 31.71789360 -39.02145004 44.65402985
v 31.71789360 -39.05311203 44.65793228
v 31.71789360 -39.08454514 44.66338730
v 31.71789360 -39.11567307 44.67037964
v 31.71789360 -39.14642334 44.67888641
v 31.71789360 -39.17671585 44.68889618
v 31.71789360 -39.20648193 44.70037460
v 31.71789360 -39.23564911 44.71330643
v 31.71789360 -39.26414490 44.72764969
v 31.71789360 -39.29190445 44.74337387
v 31.71789360 -39.31885910 44.76044464
v 31.71789360 -39.34494019 44.77881241
v 31.71789360 -39.37009430 44.79844284
v 31.71789360 -39.39424896 44.81927872
v 31.71789360 -45.95773697 42.09379196
v 31.71789360 -45.95773697 42.83199310
v 113.36440277 -41.45773697 42.83258820
v 113.38143158 -41.45773697 42.83199310
v 113.33044434 -41.45773697 42.83551788
v 113.34739685 -41.45773697 42.83376312
v 113.29676819 -41.45773697 42.84075165
v 113.31356049 -41.45773697 42.83784866
v 112.94495392 -41.45773697 42.92231750
v 112.96711731 -41.45773697 42.91218948
v 112.98973846 -41.45773697 42.90314865
v 112.90224457 -41.45773697 42.94575500
v 112.92331696 -41.45773697 42.93351746
v 112.88179779 -41.45773697 42.95900726
v 112.84295654 -41.45773697 42.98841858
v 112.86202240 -41.45773697 42.97323990
v 112.80716705 -41.45773697 43.02146912
v 112.82466125 -41.45773697 43.00450516
v 112.74604797 -41.45773697 43.09720230
v 112.75992584 -41.45773697 43.07717133
v 112.77475739 -41.45773697 43.05784225
v 112.73316193 -41.45773697 43.11788177
v 112.79051971 -41.45773697 43.03926086
v 112.70075989 -41.45773697 43.18333817
v 112.71049500 -41.45773697 43.16100311
v 112.72130585 -41.45773697 43.13916397
v 112.67301178 -41.45773697 43.27661896
v 112.67823792 -41.45773697 43.25281906
v 112.68460846 -41.45773697 43.22930145
v 112.66607666 -41.45773697 43.32484055
v 112.66896057 -41.45773697 43.30064392
v 112.66453552 -41.45773697 43.39786148
v 112.66386414 -41.45773697 43.37350464
v 112.66437531 -41.45773697 43.34914398
v 112.69212341 -41.45773697 43.20612335
v 112.66639709 -41.45773697 43.42215729
v 113.01277924 -41.45773697 42.89522171
v 113.03617859 -41.45773697 42.88842773
v 113.05988312 -41.45773697 42.88278198
v 113.08383179 -41.45773697 42.87829590
v 113.15492249 -41.45773697 42.86643600
v 112.67939758 -41.45773697 43.55073166
v 113.22590637 -41.45773697 42.85391998
v 112.68091583 -41.45773697 43.57028198
v 112.68154907 -41.45773697 43.58987808
v 112.68118286 -41.45773697 43.61752319
v 112.67882538 -41.45773697 43.65858841
v 112.67141724 -41.45773697 43.74093628
v 112.66108704 -41.45773697 43.82115555
v 112.64113617 -41.45773697 43.93136215
v 110.88224792 -41.45773697 43.05784225
v 110.83235168 -41.45773697 43.00450516
v 110.84984589 -41.45773697 43.02146912
v 110.86649323 -41.45773697 43.03926086
v 110.91096497 -41.45773697 43.09720230
v 110.89708710 -41.45773697 43.07717133
v 110.71205902 -41.45773697 42.92231750
v 110.73369598 -41.45773697 42.93351746
v 110.75476837 -41.45773697 42.94575500
v 110.66727448 -41.45773697 42.90314865
v 110.68989563 -41.45773697 42.91218948
v 110.96488953 -41.45773697 43.20612335
v 110.93570709 -41.45773697 43.13916397
v 110.94651794 -41.45773697 43.16100311
v 110.95625305 -41.45773697 43.18333817
v 110.97239685 -41.45773697 43.22930145
v 112.45076752 -41.45773697 44.53997040
v 112.51533508 -41.45773697 44.37280655
v 112.57117462 -41.45773697 44.20510101
v 112.61333466 -41.45773697 44.05389404
v 110.57318115 -41.45773697 42.87829590
v 110.59712982 -41.45773697 42.88278198
v 110.62083435 -41.45773697 42.88842773
v 112.36944580 -41.45773697 44.72482681
v 110.99061584 -41.45773697 43.42215729
v 110.50209045 -41.45773697 42.86643600
v 110.64423370 -41.45773697 42.89522171
v 110.77521515 -41.45773697 42.95900726
v 110.79499054 -41.45773697 42.97323990
v 110.81405640 -41.45773697 42.98841858
v 110.92384338 -41.45773697 43.11788177
v 110.97877502 -41.45773697 43.25281906
v 110.98400116 -41.45773697 43.27661896
v 110.98805237 -41.45773697 43.30064392
v 110.99093628 -41.45773697 43.32484055
v 110.99263763 -41.45773697 43.34914398
v 110.99314880 -41.45773697 43.37350464
v 110.99246979 -41.45773697 43.39786148
v 110.32656860 -41.45773697 42.83551788
v 110.34345245 -41.45773697 42.83784866
v 110.36024475 -41.45773697 42.84075165
v 110.30961609 -41.45773697 42.83376312
v 110.29261017 -41.45773697 42.83258820
v 110.27557373 -41.45773697 42.83199310
v 110.97760773 -41.45773697 43.55073166
v 110.43110657 -41.45773697 42.85391998
v 110.97618103 -41.45773697 43.56874084
v 110.97550964 -41.45773697 43.58678436
v 112.26797485 -41.45773697 44.92883682
v 110.17196655 -41.45773697 42.83784866
v 110.18885040 -41.45773697 42.83551788
v 110.20580292 -41.45773697 42.83376312
v 110.15517426 -41.45773697 42.84075165
v 110.22280884 -41.45773697 42.83258820
v 110.23984528 -41.45773697 42.83199310
v 112.15538788 -41.45773697 45.13106918
v 109.82552338 -41.45773697 42.91218948
v 109.84814453 -41.45773697 42.90314865
v 109.87118530 -41.45773697 42.89522171
v 109.80335999 -41.45773697 42.92231750
v 109.78172302 -41.45773697 42.93351746
v 109.89458466 -41.45773697 42.88842773
v 111.93748474 -41.45773697 45.13581848
v 109.74020386 -41.45773697 42.95900726
v 109.76065063 -41.45773697 42.94575500
v 109.70136261 -41.45773697 42.98841858
v 109.72042847 -41.45773697 42.97323990
v 109.66557312 -41.45773697 43.02146912
v 109.68306732 -41.45773697 43.00450516
v 111.71952820 -41.45773697 45.13581848
v 109.63317108 -41.45773697 43.05784225
v 109.64892578 -41.45773697 43.03926086
v 109.61833191 -41.45773697 43.07717133
v 109.60445404 -41.45773697 43.09720230
v 109.57971191 -41.45773697 43.13916397
v 109.59157562 -41.45773697 43.11788177
v 109.56890106 -41.45773697 43.16100311
v 109.55916595 -41.45773697 43.18333817
v 111.50161743 -41.45773697 45.13106918
v 109.54302216 -41.45773697 43.22930145
v 109.55052948 -41.45773697 43.20612335
v 109.91828918 -41.45773697 42.88278198
v 109.53141785 -41.45773697 43.27661896
v 109.53664398 -41.45773697 43.25281906
v 109.52736664 -41.45773697 43.30064392
v 109.52448273 -41.45773697 43.32484055
v 109.52278137 -41.45773697 43.34914398
v 109.52227020 -41.45773697 43.37350464
v 109.52480316 -41.45773697 43.42215729
v 109.52294922 -41.45773697 43.39786148
v 109.94223785 -41.45773697 42.87829590
v 110.01332855 -41.45773697 42.86643600
v 109.53781128 -41.45773697 43.55073166
v 110.08431244 -41.45773697 42.85391998
v 109.53932190 -41.45773697 43.57028198
v 109.53995514 -41.45773697 43.58987808
v 110.97550201 -41.45773697 43.60486221
v 109.53958893 -41.45773697 43.61752319
v 110.97631836 -41.45773697 43.62901306
v 109.53723145 -41.45773697 43.65858841
v 110.98210907 -41.45773697 43.70547485
v 109.52982330 -41.45773697 43.74093628
v 110.99029541 -41.45773697 43.78133392
v 109.51949310 -41.45773697 43.82115555
v 110.99940491 -41.45773697 43.84288788
v 109.49954224 -41.45773697 43.93136215
v 111.01459503 -41.45773697 43.92504501
v 111.03479004 -41.45773697 44.01751709
v 109.47174072 -41.45773697 44.05389404
v 111.05838013 -41.45773697 44.10998535
v 109.42958069 -41.45773697 44.20510101
v 111.08502197 -41.45773697 44.20240402
v 111.11452484 -41.45773697 44.29473114
v 109.37374878 -41.45773697 44.37280655
v 111.15812683 -41.45773697 44.41761780
v 109.30917358 -41.45773697 44.53997040
v 111.21267700 -41.45773697 44.55547333
v 111.27275085 -41.45773697 44.69281387
v 107.67246246 -41.45773697 42.98841858
v 107.69075775 -41.45773697 43.00450516
v 107.70825195 -41.45773697 43.02146912
v 107.54830933 -41.45773697 42.91218948
v 107.57046509 -41.45773697 42.92231750
v 107.59210205 -41.45773697 42.93351746
v 107.52568054 -41.45773697 42.90314865
v 107.61317444 -41.45773697 42.94575500
v 107.63362122 -41.45773697 42.95900726
v 107.65339661 -41.45773697 42.97323990
v 107.50263977 -41.45773697 42.89522171
v 107.72489929 -41.45773697 43.03926086
v 107.74066162 -41.45773697 43.05784225
v 107.75549316 -41.45773697 43.07717133
v 107.76937103 -41.45773697 43.09720230
v 107.83081055 -41.45773697 43.22930145
v 107.78225708 -41.45773697 43.11788177
v 107.79411316 -41.45773697 43.13916397
v 107.80492401 -41.45773697 43.16100311
v 107.81465912 -41.45773697 43.18333817
v 107.82329559 -41.45773697 43.20612335
v 107.43158722 -41.45773697 42.87829590
v 107.83718109 -41.45773697 43.25281906
v 107.84240723 -41.45773697 43.27661896
v 107.45553589 -41.45773697 42.88278198
v 107.47924042 -41.45773697 42.88842773
v 109.22785187 -41.45773697 44.72482681
v 111.33811951 -41.45773697 44.82952881
v 107.84902191 -41.45773697 43.42215729
v 107.84645844 -41.45773697 43.30064392
v 107.84934235 -41.45773697 43.32484055
v 107.85104370 -41.45773697 43.34914398
v 107.85155487 -41.45773697 43.37350464
v 107.85088348 -41.45773697 43.39786148
v 107.36049652 -41.45773697 42.86643600
v 107.18497467 -41.45773697 42.83551788
v 107.20185852 -41.45773697 42.83784866
v 107.21865082 -41.45773697 42.84075165
v 107.16802216 -41.45773697 42.83376312
v 107.13398743 -41.45773697 42.83199310
v 107.15101624 -41.45773697 42.83258820
v 107.83602142 -41.45773697 43.55073166
v 107.28951263 -41.45773697 42.85391998
v 107.83459473 -41.45773697 43.56874084
v 107.83391571 -41.45773697 43.58678436
v 107.04725647 -41.45773697 42.83551788
v 107.06420898 -41.45773697 42.83376312
v 107.08121490 -41.45773697 42.83258820
v 109.12638092 -41.45773697 44.92883682
v 111.40857697 -41.45773697 44.96551895
v 111.45419312 -41.45773697 45.04845810
v 107.03037262 -41.45773697 42.83784866
v 107.01358032 -41.45773697 42.84075165
v 107.09825134 -41.45773697 42.83199310
v 109.01380157 -41.45773697 45.13106918
v 106.72959900 -41.45773697 42.89522171
v 106.75299835 -41.45773697 42.88842773
v 106.77669525 -41.45773697 42.88278198
v 106.80064392 -41.45773697 42.87829590
v 106.68392944 -41.45773697 42.91218948
v 106.70655823 -41.45773697 42.90314865
v 106.64012909 -41.45773697 42.93351746
v 106.66176605 -41.45773697 42.92231750
v 106.61905670 -41.45773697 42.94575500
v 108.79589081 -41.45773697 45.13581848
v 106.55977631 -41.45773697 42.98841858
v 106.57883453 -41.45773697 42.97323990
v 106.59860992 -41.45773697 42.95900726
v 106.52397919 -41.45773697 43.02146912
v 106.54147339 -41.45773697 43.00450516
v 106.50733185 -41.45773697 43.03926086
v 108.57793427 -41.45773697 45.13581848
v 106.49157715 -41.45773697 43.05784225
v 106.47673798 -41.45773697 43.07717133
v 106.43811798 -41.45773697 43.13916397
v 106.44998169 -41.45773697 43.11788177
v 106.46286011 -41.45773697 43.09720230
v 106.42730713 -41.45773697 43.16100311
v 106.41757202 -41.45773697 43.18333817
v 108.36003113 -41.45773697 45.13106918
v 106.39505005 -41.45773697 43.25281906
v 106.40142822 -41.45773697 43.22930145
v 106.40894318 -41.45773697 43.20612335
v 106.38577271 -41.45773697 43.30064392
v 106.38983154 -41.45773697 43.27661896
v 106.38288879 -41.45773697 43.32484055
v 106.38067627 -41.45773697 43.37350464
v 106.38119507 -41.45773697 43.34914398
v 106.38320923 -41.45773697 43.42215729
v 106.38135529 -41.45773697 43.39786148
v 106.87174225 -41.45773697 42.86643600
v 106.39621735 -41.45773697 43.55073166
v 106.94271851 -41.45773697 42.85391998
v 106.39772797 -41.45773697 43.57028198
v 106.39836121 -41.45773697 43.58987808
v 107.83390808 -41.45773697 43.60486221
v 106.39799500 -41.45773697 43.61752319
v 107.83472443 -41.45773697 43.62901306
v 106.39563751 -41.45773697 43.65858841
v 107.84052277 -41.45773697 43.70547485
v 106.38822937 -41.45773697 43.74093628
v 107.84870148 -41.45773697 43.78133392
v 106.37789917 -41.45773697 43.82115555
v 107.85781860 -41.45773697 43.84288788
v 106.35794830 -41.45773697 43.93136215
v 107.87300873 -41.45773697 43.92504501
v 107.89320374 -41.45773697 44.01751709
v 106.33014679 -41.45773697 44.05389404
v 107.91678619 -41.45773697 44.10998535
v 106.28798676 -41.45773697 44.20510101
v 107.94342804 -41.45773697 44.20240402
v 107.97293091 -41.45773697 44.29473114
v 106.23215485 -41.45773697 44.37280655
v 108.01653290 -41.45773697 44.41761780
v 106.16757965 -41.45773697 44.53997040
v 108.07108307 -41.45773697 44.55547333
v 108.13115692 -41.45773697 44.69281387
v 104.58330536 -41.45773697 43.03926086
v 104.54916382 -41.45773697 43.00450516
v 104.56665802 -41.45773697 43.02146912
v 104.61389923 -41.45773697 43.07717133
v 104.51181030 -41.45773697 42.97323990
v 104.53086853 -41.45773697 42.98841858
v 104.59906769 -41.45773697 43.05784225
v 104.47158051 -41.45773697 42.94575500
v 104.49202728 -41.45773697 42.95900726
v 104.62777710 -41.45773697 43.09720230
v 104.65251923 -41.45773697 43.13916397
v 104.64066315 -41.45773697 43.11788177
v 104.67306519 -41.45773697 43.18333817
v 104.45051575 -41.45773697 42.93351746
v 104.66333008 -41.45773697 43.16100311
v 104.68170166 -41.45773697 43.20612335
v 104.36104584 -41.45773697 42.89522171
v 104.38408661 -41.45773697 42.90314865
v 104.40671539 -41.45773697 42.91218948
v 104.68921661 -41.45773697 43.22930145
v 104.33764648 -41.45773697 42.88842773
v 104.42887115 -41.45773697 42.92231750
v 104.31394196 -41.45773697 42.88278198
v 104.70081329 -41.45773697 43.27661896
v 104.69558716 -41.45773697 43.25281906
v 104.28999329 -41.45773697 42.87829590
v 106.08626556 -41.45773697 44.72482681
v 108.19652557 -41.45773697 44.82952881
v 104.70944977 -41.45773697 43.34914398
v 104.70487213 -41.45773697 43.30064392
v 104.70774841 -41.45773697 43.32484055
v 104.70996094 -41.45773697 43.37350464
v 104.70742798 -41.45773697 43.42215729
v 104.70928955 -41.45773697 43.39786148
v 104.21890259 -41.45773697 42.86643600
v 104.04338074 -41.45773697 42.83551788
v 104.06026459 -41.45773697 42.83784866
v 104.07706451 -41.45773697 42.84075165
v 104.02642822 -41.45773697 42.83376312
v 103.99239349 -41.45773697 42.83199310
v 104.00942230 -41.45773697 42.83258820
v 104.69442749 -41.45773697 43.55073166
v 104.14791870 -41.45773697 42.85391998
v 104.69300079 -41.45773697 43.56874084
v 104.69232178 -41.45773697 43.58678436
v 105.98478699 -41.45773697 44.92883682
v 108.26698303 -41.45773697 44.96551895
v 108.31259918 -41.45773697 45.04845810
v 103.87198639 -41.45773697 42.84075165
v 103.88877869 -41.45773697 42.83784866
v 103.90567017 -41.45773697 42.83551788
v 103.92262268 -41.45773697 42.83376312
v 103.93962097 -41.45773697 42.83258820
v 103.95665741 -41.45773697 42.83199310
v 105.87220764 -41.45773697 45.13106918
v 103.61140442 -41.45773697 42.88842773
v 103.63510895 -41.45773697 42.88278198
v 103.65905762 -41.45773697 42.87829590
v 103.56496429 -41.45773697 42.90314865
v 103.58800507 -41.45773697 42.89522171
v 103.52017212 -41.45773697 42.92231750
v 103.54233551 -41.45773697 42.91218948
v 105.65429688 -41.45773697 45.13581848
v 103.39987946 -41.45773697 43.00450516
v 103.41818237 -41.45773697 42.98841858
v 103.43724060 -41.45773697 42.97323990
v 103.45701599 -41.45773697 42.95900726
v 103.47747040 -41.45773697 42.94575500
v 103.38238525 -41.45773697 43.02146912
v 103.34998322 -41.45773697 43.05784225
v 103.36574554 -41.45773697 43.03926086
v 103.33514404 -41.45773697 43.07717133
v 103.30838776 -41.45773697 43.11788177
v 103.32127380 -41.45773697 43.09720230
v 103.49853516 -41.45773697 42.93351746
v 103.29652405 -41.45773697 43.13916397
v 103.28571320 -41.45773697 43.16100311
v 103.26734924 -41.45773697 43.20612335
v 103.27597809 -41.45773697 43.18333817
v 103.25345612 -41.45773697 43.25281906
v 103.25983429 -41.45773697 43.22930145
v 103.23960114 -41.45773697 43.34914398
v 103.24129486 -41.45773697 43.32484055
v 103.24417877 -41.45773697 43.30064392
v 103.23976135 -41.45773697 43.39786148
v 103.23908234 -41.45773697 43.37350464
v 103.24823761 -41.45773697 43.27661896
v 103.24162292 -41.45773697 43.42215729
v 103.73014832 -41.45773697 42.86643600
v 103.25462341 -41.45773697 43.55073166
v 103.80112457 -41.45773697 42.85391998
v 103.25613403 -41.45773697 43.57028198
v 103.25676727 -41.45773697 43.58987808
v 104.69231415 -41.45773697 43.60486221
v 103.25640106 -41.45773697 43.61752319
v 104.69313812 -41.45773697 43.62901306
v 103.25404358 -41.45773697 43.65858841
v 104.69892883 -41.45773697 43.70547485
v 103.24664307 -41.45773697 43.74093628
v 104.70710754 -41.45773697 43.78133392
v 103.23630524 -41.45773697 43.82115555
v 104.71622467 -41.45773697 43.84288788
v 103.21636200 -41.45773697 43.93136215
v 104.73141479 -41.45773697 43.92504501
v 104.75160980 -41.45773697 44.01751709
v 103.18856049 -41.45773697 44.05389404
v 104.77519226 -41.45773697 44.10998535
v 103.14639282 -41.45773697 44.20510101
v 104.80183411 -41.45773697 44.20240402
v 104.83133698 -41.45773697 44.29473114
v 103.09056091 -41.45773697 44.37280655
v 104.87494659 -41.45773697 44.41761780
v 103.02598572 -41.45773697 44.53997040
v 104.92948914 -41.45773697 44.55547333
v 104.98956299 -41.45773697 44.69281387
v 101.44171143 -41.45773697 43.03926086
v 101.40757751 -41.45773697 43.00450516
v 101.42506409 -41.45773697 43.02146912
v 101.37021637 -41.45773697 42.97323990
v 101.38927460 -41.45773697 42.98841858
v 101.47230530 -41.45773697 43.07717133
v 101.45747375 -41.45773697 43.05784225
v 101.35043335 -41.45773697 42.95900726
v 101.51093292 -41.45773697 43.13916397
v 101.48618317 -41.45773697 43.09720230
v 101.49906921 -41.45773697 43.11788177
v 101.28727722 -41.45773697 42.92231750
v 101.30892181 -41.45773697 42.93351746
v 101.32998657 -41.45773697 42.94575500
v 101.26512146 -41.45773697 42.91218948
v 101.54010773 -41.45773697 43.20612335
v 101.52174377 -41.45773697 43.16100311
v 101.53147125 -41.45773697 43.18333817
v 101.54762268 -41.45773697 43.22930145
v 101.55400085 -41.45773697 43.25281906
v 101.17234802 -41.45773697 42.88278198
v 101.19605255 -41.45773697 42.88842773
v 101.21945190 -41.45773697 42.89522171
v 101.55921936 -41.45773697 43.27661896
v 101.24249268 -41.45773697 42.90314865
v 101.56327820 -41.45773697 43.30064392
v 101.14839935 -41.45773697 42.87829590
v 102.94467163 -41.45773697 44.72482681
v 105.05493164 -41.45773697 44.82952881
v 101.56785583 -41.45773697 43.34914398
v 101.56615448 -41.45773697 43.32484055
v 101.56769562 -41.45773697 43.39786148
v 101.56836700 -41.45773697 43.37350464
v 101.56583405 -41.45773697 43.42215729
v 101.07730865 -41.45773697 42.86643600
v 100.90178680 -41.45773697 42.83551788
v 100.91867065 -41.45773697 42.83784866
v 100.93547058 -41.45773697 42.84075165
v 100.85079956 -41.45773697 42.83199310
v 100.86783600 -41.45773697 42.83258820
v 100.88483429 -41.45773697 42.83376312
v 101.55283356 -41.45773697 43.55073166
v 101.00633240 -41.45773697 42.85391998
v 101.55140686 -41.45773697 43.56874084
v 101.55073547 -41.45773697 43.58678436
v 102.84319305 -41.45773697 44.92883682
v 105.12538910 -41.45773697 44.96551895
v 105.17100525 -41.45773697 45.04845810
v 100.74719238 -41.45773697 42.83784866
v 100.76407623 -41.45773697 42.83551788
v 100.78102875 -41.45773697 42.83376312
v 100.79803467 -41.45773697 42.83258820
v 100.81506348 -41.45773697 42.83199310
v 100.73039246 -41.45773697 42.84075165
v 102.73061371 -41.45773697 45.13106918
v 105.21843719 -41.45773697 45.13106918
v 100.46981049 -41.45773697 42.88842773
v 100.49351501 -41.45773697 42.88278198
v 100.51746368 -41.45773697 42.87829590
v 100.40074158 -41.45773697 42.91218948
v 100.42337036 -41.45773697 42.90314865
v 100.44641113 -41.45773697 42.89522171
v 100.37858582 -41.45773697 42.92231750
v 100.35694122 -41.45773697 42.93351746
v 100.29564667 -41.45773697 42.97323990
v 100.31542969 -41.45773697 42.95900726
v 100.33587646 -41.45773697 42.94575500
v 100.27658844 -41.45773697 42.98841858
v 100.24079895 -41.45773697 43.02146912
v 100.25829315 -41.45773697 43.00450516
v 100.22415161 -41.45773697 43.03926086
v 100.17967987 -41.45773697 43.09720230
v 100.19355774 -41.45773697 43.07717133
v 100.20838928 -41.45773697 43.05784225
v 100.16679382 -41.45773697 43.11788177
v 100.15493011 -41.45773697 43.13916397
v 100.12575531 -41.45773697 43.20612335
v 100.13439178 -41.45773697 43.18333817
v 100.14411926 -41.45773697 43.16100311
v 100.11824036 -41.45773697 43.22930145
v 100.09970856 -41.45773697 43.32484055
v 100.10258484 -41.45773697 43.30064392
v 100.10664368 -41.45773697 43.27661896
v 100.11186981 -41.45773697 43.25281906
v 100.09800720 -41.45773697 43.34914398
v 100.10002899 -41.45773697 43.42215729
v 100.09816742 -41.45773697 43.39786148
v 100.09749603 -41.45773697 43.37350464
v 100.58855438 -41.45773697 42.86643600
v 100.11302948 -41.45773697 43.55073166
v 100.65953064 -41.45773697 42.85391998
v 100.11454010 -41.45773697 43.57028198
v 100.11517334 -41.45773697 43.58987808
v 101.55072021 -41.45773697 43.60486221
v 100.11481476 -41.45773697 43.61752319
v 101.55154419 -41.45773697 43.62901306
v 100.11245728 -41.45773697 43.65858841
v 101.55733490 -41.45773697 43.70547485
v 100.10504913 -41.45773697 43.74093628
v 101.56552124 -41.45773697 43.78133392
v 100.09471893 -41.45773697 43.82115555
v 101.57463074 -41.45773697 43.84288788
v 100.07476807 -41.45773697 43.93136215
v 101.58982086 -41.45773697 43.92504501
v 101.61001587 -41.45773697 44.01751709
v 100.04696655 -41.45773697 44.05389404
v 101.63360596 -41.45773697 44.10998535
v 100.00479889 -41.45773697 44.20510101
v 101.66024017 -41.45773697 44.20240402
v 101.68975067 -41.45773697 44.29473114
v 99.94896698 -41.45773697 44.37280655
v 101.73335266 -41.45773697 44.41761780
v 99.88439178 -41.45773697 44.53997040
v 101.78789520 -41.45773697 44.55547333
v 101.84797668 -41.45773697 44.69281387
v 98.20884705 -41.45773697 42.95900726
v 98.22862244 -41.45773697 42.97323990
v 98.24768066 -41.45773697 42.98841858
v 98.26598358 -41.45773697 43.00450516
v 98.28347778 -41.45773697 43.02146912
v 98.16732788 -41.45773697 42.93351746
v 98.18839264 -41.45773697 42.94575500
v 98.30011749 -41.45773697 43.03926086
v 98.31587982 -41.45773697 43.05784225
v 98.33071899 -41.45773697 43.07717133
v 98.12352753 -41.45773697 42.91218948
v 98.14569092 -41.45773697 42.92231750
v 98.39851379 -41.45773697 43.20612335
v 98.35747528 -41.45773697 43.11788177
v 98.36933899 -41.45773697 43.13916397
v 98.38014984 -41.45773697 43.16100311
v 98.38988495 -41.45773697 43.18333817
v 98.07785797 -41.45773697 42.89522171
v 98.10089874 -41.45773697 42.90314865
v 98.40602875 -41.45773697 43.22930145
v 98.34458923 -41.45773697 43.09720230
v 98.03076172 -41.45773697 42.88278198
v 98.05445862 -41.45773697 42.88842773
v 98.41762543 -41.45773697 43.27661896
v 98.41240692 -41.45773697 43.25281906
v 98.42168427 -41.45773697 43.30064392
v 98.42456818 -41.45773697 43.32484055
v 98.00680542 -41.45773697 42.87829590
v 99.80307770 -41.45773697 44.72482681
v 101.91334534 -41.45773697 44.82952881
v 98.42610168 -41.45773697 43.39786148
v 98.42626190 -41.45773697 43.34914398
v 98.42678070 -41.45773697 43.37350464
v 98.42424011 -41.45773697 43.42215729
v 97.93571472 -41.45773697 42.86643600
v 97.76020050 -41.45773697 42.83551788
v 97.77708435 -41.45773697 42.83784866
v 97.79387665 -41.45773697 42.84075165
v 97.74324036 -41.45773697 42.83376312
v 97.70920563 -41.45773697 42.83199310
v 97.72624207 -41.45773697 42.83258820
v 98.41123962 -41.45773697 43.55073166
v 97.86473846 -41.45773697 42.85391998
v 98.40981293 -41.45773697 43.56874084
v 98.40914154 -41.45773697 43.58678436
v 97.63943481 -41.45773697 42.83376312
v 97.65644073 -41.45773697 42.83258820
v 97.67346954 -41.45773697 42.83199310
v 99.70159912 -41.45773697 44.92883682
v 101.98379517 -41.45773697 44.96551895
v 102.02941132 -41.45773697 45.04845810
v 97.60559845 -41.45773697 42.83784866
v 97.62248230 -41.45773697 42.83551788
v 97.58879852 -41.45773697 42.84075165
v 99.58901978 -41.45773697 45.13106918
v 102.07684326 -41.45773697 45.13106918
v 97.32821655 -41.45773697 42.88842773
v 97.35192108 -41.45773697 42.88278198
v 97.37586975 -41.45773697 42.87829590
v 97.28177643 -41.45773697 42.90314865
v 97.30481720 -41.45773697 42.89522171
v 97.23699188 -41.45773697 42.92231750
v 97.25914764 -41.45773697 42.91218948
v 97.21534729 -41.45773697 42.93351746
v 97.19428253 -41.45773697 42.94575500
v 97.15405273 -41.45773697 42.97323990
v 97.17383575 -41.45773697 42.95900726
v 97.13499451 -41.45773697 42.98841858
v 97.08255768 -41.45773697 43.03926086
v 97.09920502 -41.45773697 43.02146912
v 97.11669922 -41.45773697 43.00450516
v 97.06679535 -41.45773697 43.05784225
v 97.05196381 -41.45773697 43.07717133
v 97.03808594 -41.45773697 43.09720230
v 97.02519989 -41.45773697 43.11788177
v 97.01334381 -41.45773697 43.13916397
v 97.00253296 -41.45773697 43.16100311
v 96.98416138 -41.45773697 43.20612335
v 96.99279785 -41.45773697 43.18333817
v 96.97027588 -41.45773697 43.25281906
v 96.97664642 -41.45773697 43.22930145
v 96.96504974 -41.45773697 43.27661896
v 96.95811462 -41.45773697 43.32484055
v 96.96099091 -41.45773697 43.30064392
v 96.95657349 -41.45773697 43.39786148
v 96.95641327 -41.45773697 43.34914398
v 96.95590210 -41.45773697 43.37350464
v 96.95843506 -41.45773697 43.42215729
v 97.44696045 -41.45773697 42.86643600
v 96.97143555 -41.45773697 43.55073166
v 97.51794434 -41.45773697 42.85391998
v 96.97295380 -41.45773697 43.57028198
v 96.97358704 -41.45773697 43.58987808
v 98.40913391 -41.45773697 43.60486221
v 96.97322083 -41.45773697 43.61752319
v 98.40995026 -41.45773697 43.62901306
v 96.97086334 -41.45773697 43.65858841
v 98.41574097 -41.45773697 43.70547485
v 96.96345520 -41.45773697 43.74093628
v 98.42392731 -41.45773697 43.78133392
v 96.95312500 -41.45773697 43.82115555
v 98.43303680 -41.45773697 43.84288788
v 96.93317413 -41.45773697 43.93136215
v 98.44822693 -41.45773697 43.92504501
v 98.46842194 -41.45773697 44.01751709
v 96.90537262 -41.45773697 44.05389404
v 98.49201202 -41.45773697 44.10998535
v 96.86320496 -41.45773697 44.20510101
v 98.51864624 -41.45773697 44.20240402
v 98.54815674 -41.45773697 44.29473114
v 96.80737305 -41.45773697 44.37280655
v 98.59175873 -41.45773697 44.41761780
v 96.74279785 -41.45773697 44.53997040
v 98.64630127 -41.45773697 44.55547333
v 98.70638275 -41.45773697 44.69281387
v 95.10608673 -41.45773697 42.98841858
v 95.12438965 -41.45773697 43.00450516
v 95.14188385 -41.45773697 43.02146912
v 95.08702850 -41.45773697 42.97323990
v 95.15853119 -41.45773697 43.03926086
v 95.17428589 -41.45773697 43.05784225
v 95.20300293 -41.45773697 43.09720230
v 95.18912506 -41.45773697 43.07717133
v 95.04680634 -41.45773697 42.94575500
v 95.06725311 -41.45773697 42.95900726
v 95.00409698 -41.45773697 42.92231750
v 95.02573395 -41.45773697 42.93351746
v 95.23855591 -41.45773697 43.16100311
v 95.21588135 -41.45773697 43.11788177
v 95.22774506 -41.45773697 43.13916397
v 95.26443481 -41.45773697 43.22930145
v 94.95930481 -41.45773697 42.90314865
v 94.98193359 -41.45773697 42.91218948
v 95.24829102 -41.45773697 43.18333817
v 95.25691986 -41.45773697 43.20612335
v 94.91286469 -41.45773697 42.88842773
v 94.93626404 -41.45773697 42.89522171
v 95.27603149 -41.45773697 43.27661896
v 95.27081299 -41.45773697 43.25281906
v 95.28009033 -41.45773697 43.30064392
v 94.86521912 -41.45773697 42.87829590
v 94.88916779 -41.45773697 42.88278198
v 96.66148376 -41.45773697 44.72482681
v 98.77175140 -41.45773697 44.82952881
v 95.28265381 -41.45773697 43.42215729
v 94.79412079 -41.45773697 42.86643600
v 95.28297424 -41.45773697 43.32484055
v 95.28466797 -41.45773697 43.34914398
v 95.28518677 -41.45773697 43.37350464
v 95.28450775 -41.45773697 43.39786148
v 94.60165405 -41.45773697 42.83376312
v 94.61860657 -41.45773697 42.83551788
v 94.63549042 -41.45773697 42.83784866
v 94.65228271 -41.45773697 42.84075165
v 94.56761169 -41.45773697 42.83199310
v 94.58464813 -41.45773697 42.83258820
v 95.26964569 -41.45773697 43.55073166
v 94.72314453 -41.45773697 42.85391998
v 95.26821899 -41.45773697 43.56874084
v 95.26754761 -41.45773697 43.58678436
v 94.48088837 -41.45773697 42.83551788
v 94.49784088 -41.45773697 42.83376312
v 94.51484680 -41.45773697 42.83258820
v 96.56000519 -41.45773697 44.92883682
v 98.84220886 -41.45773697 44.96551895
v 98.88782501 -41.45773697 45.04845810
v 94.46400452 -41.45773697 42.83784866
v 94.53187561 -41.45773697 42.83199310
v 94.44721222 -41.45773697 42.84075165
v 96.44742584 -41.45773697 45.13106918
v 98.93524933 -41.45773697 45.13106918
v 94.16322327 -41.45773697 42.89522171
v 94.18662262 -41.45773697 42.88842773
v 94.21032715 -41.45773697 42.88278198
v 94.23427582 -41.45773697 42.87829590
v 94.14018250 -41.45773697 42.90314865
v 94.11756134 -41.45773697 42.91218948
v 94.09539795 -41.45773697 42.92231750
v 94.07376099 -41.45773697 42.93351746
v 94.05268860 -41.45773697 42.94575500
v 94.01246643 -41.45773697 42.97323990
v 94.03224182 -41.45773697 42.95900726
v 93.97510529 -41.45773697 43.00450516
v 93.99340057 -41.45773697 42.98841858
v 93.92520142 -41.45773697 43.05784225
v 93.94096375 -41.45773697 43.03926086
v 93.95761108 -41.45773697 43.02146912
v 93.88360596 -41.45773697 43.11788177
v 93.89649200 -41.45773697 43.09720230
v 93.91036987 -41.45773697 43.07717133
v 93.86093903 -41.45773697 43.16100311
v 93.87174988 -41.45773697 43.13916397
v 93.83505249 -41.45773697 43.22930145
v 93.84256744 -41.45773697 43.20612335
v 93.85120392 -41.45773697 43.18333817
v 93.82868195 -41.45773697 43.25281906
v 93.81940460 -41.45773697 43.30064392
v 93.82345581 -41.45773697 43.27661896
v 93.81430817 -41.45773697 43.37350464
v 93.81481934 -41.45773697 43.34914398
v 93.81652069 -41.45773697 43.32484055
v 93.81684113 -41.45773697 43.42215729
v 94.30536652 -41.45773697 42.86643600
v 93.81497955 -41.45773697 43.39786148
v 93.82984161 -41.45773697 43.55073166
v 94.37635040 -41.45773697 42.85391998
v 93.83135986 -41.45773697 43.57028198
v 93.83199310 -41.45773697 43.58987808
v 95.26753998 -41.45773697 43.60486221
v 93.83162689 -41.45773697 43.61752319
v 95.26835632 -41.45773697 43.62901306
v 93.82926941 -41.45773697 43.65858841
v 95.27414703 -41.45773697 43.70547485
v 93.82186127 -41.45773697 43.74093628
v 95.28233337 -41.45773697 43.78133392
v 93.81153107 -41.45773697 43.82115555
v 95.29144287 -41.45773697 43.84288788
v 93.79158020 -41.45773697 43.93136215
v 95.30663300 -41.45773697 43.92504501
v 95.32682800 -41.45773697 44.01751709
v 93.76377869 -41.45773697 44.05389404
v 95.35041809 -41.45773697 44.10998535
v 93.72161865 -41.45773697 44.20510101
v 95.37705231 -41.45773697 44.20240402
v 95.40656281 -41.45773697 44.29473114
v 93.66577911 -41.45773697 44.37280655
v 95.45016479 -41.45773697 44.41761780
v 93.60121155 -41.45773697 44.53997040
v 95.50470734 -41.45773697 44.55547333
v 95.56478882 -41.45773697 44.69281387
v 92.01693726 -41.45773697 43.03926086
v 91.98279572 -41.45773697 43.00450516
v 92.00028992 -41.45773697 43.02146912
v 91.94543457 -41.45773697 42.97323990
v 91.96450043 -41.45773697 42.98841858
v 92.06140900 -41.45773697 43.09720230
v 91.92565918 -41.45773697 42.95900726
v 92.03269196 -41.45773697 43.05784225
v 92.04753113 -41.45773697 43.07717133
v 91.90521240 -41.45773697 42.94575500
v 92.07428741 -41.45773697 43.11788177
v 91.86250305 -41.45773697 42.92231750
v 91.88414001 -41.45773697 42.93351746
v 91.81771851 -41.45773697 42.90314865
v 91.84033966 -41.45773697 42.91218948
v 92.12921906 -41.45773697 43.25281906
v 92.11533356 -41.45773697 43.20612335
v 92.12284088 -41.45773697 43.22930145
v 92.13444519 -41.45773697 43.27661896
v 91.72362518 -41.45773697 42.87829590
v 91.74757385 -41.45773697 42.88278198
v 91.77127838 -41.45773697 42.88842773
v 91.79467773 -41.45773697 42.89522171
v 92.08615112 -41.45773697 43.13916397
v 92.09696198 -41.45773697 43.16100311
v 92.10669708 -41.45773697 43.18333817
v 92.14138031 -41.45773697 43.32484055
v 92.13849640 -41.45773697 43.30064392
v 93.51988983 -41.45773697 44.72482681
v 95.63015747 -41.45773697 44.82952881
v 92.14291382 -41.45773697 43.39786148
v 92.14308167 -41.45773697 43.34914398
v 92.14359283 -41.45773697 43.37350464
v 92.14105988 -41.45773697 43.42215729
v 91.65253448 -41.45773697 42.86643600
v 91.44305420 -41.45773697 42.83258820
v 91.46006012 -41.45773697 42.83376312
v 91.47701263 -41.45773697 42.83551788
v 91.42601776 -41.45773697 42.83199310
v 91.49389648 -41.45773697 42.83784866
v 91.51068878 -41.45773697 42.84075165
v 92.12805176 -41.45773697 43.55073166
v 91.58155060 -41.45773697 42.85391998
v 92.12662506 -41.45773697 43.56874084
v 92.12595367 -41.45773697 43.58678436
v 91.33929443 -41.45773697 42.83551788
v 91.35624695 -41.45773697 42.83376312
v 91.37325287 -41.45773697 42.83258820
v 91.39028931 -41.45773697 42.83199310
v 93.41841888 -41.45773697 44.92883682
v 95.70061493 -41.45773697 44.96551895
v 95.74623108 -41.45773697 45.04845810
v 91.32241058 -41.45773697 42.83784866
v 91.30561829 -41.45773697 42.84075165
v 93.30583191 -41.45773697 45.13106918
v 95.79365540 -41.45773697 45.13106918
v 91.02162933 -41.45773697 42.89522171
v 91.04502869 -41.45773697 42.88842773
v 91.06873322 -41.45773697 42.88278198
v 91.09268188 -41.45773697 42.87829590
v 90.99858856 -41.45773697 42.90314865
v 90.97596741 -41.45773697 42.91218948
v 90.95380402 -41.45773697 42.92231750
v 90.91109467 -41.45773697 42.94575500
v 90.93216705 -41.45773697 42.93351746
v 90.87087250 -41.45773697 42.97323990
v 90.89064789 -41.45773697 42.95900726
v 90.83351135 -41.45773697 43.00450516
v 90.85180664 -41.45773697 42.98841858
v 90.81601715 -41.45773697 43.02146912
v 90.79936981 -41.45773697 43.03926086
v 90.76877594 -41.45773697 43.07717133
v 90.78361511 -41.45773697 43.05784225
v 90.75489807 -41.45773697 43.09720230
v 90.73015594 -41.45773697 43.13916397
v 90.74201965 -41.45773697 43.11788177
v 90.70097351 -41.45773697 43.20612335
v 90.70960999 -41.45773697 43.18333817
v 90.71934509 -41.45773697 43.16100311
v 90.68186951 -41.45773697 43.27661896
v 90.68708801 -41.45773697 43.25281906
v 90.69346619 -41.45773697 43.22930145
v 90.67781067 -41.45773697 43.30064392
v 90.67492676 -41.45773697 43.32484055
v 90.67339325 -41.45773697 43.39786148
v 90.67271423 -41.45773697 43.37350464
v 90.67322540 -41.45773697 43.34914398
v 90.67524719 -41.45773697 43.42215729
v 91.16377258 -41.45773697 42.86643600
v 90.68825531 -41.45773697 43.55073166
v 91.23475647 -41.45773697 42.85391998
v 90.68976593 -41.45773697 43.57028198
v 90.69039917 -41.45773697 43.58987808
v 92.12594604 -41.45773697 43.60486221
v 90.69003296 -41.45773697 43.61752319
v 92.12676239 -41.45773697 43.62901306
v 90.68767548 -41.45773697 43.65858841
v 92.13255310 -41.45773697 43.70547485
v 90.68026733 -41.45773697 43.74093628
v 92.14073944 -41.45773697 43.78133392
v 90.66993713 -41.45773697 43.82115555
v 92.14984894 -41.45773697 43.84288788
v 90.64998627 -41.45773697 43.93136215
v 92.16504669 -41.45773697 43.92504501
v 92.18523407 -41.45773697 44.01751709
v 90.62218475 -41.45773697 44.05389404
v 92.20882416 -41.45773697 44.10998535
v 90.58002472 -41.45773697 44.20510101
v 92.23546600 -41.45773697 44.20240402
v 92.26496887 -41.45773697 44.29473114
v 90.52419281 -41.45773697 44.37280655
v 92.30857086 -41.45773697 44.41761780
v 90.45961761 -41.45773697 44.53997040
v 92.36312103 -41.45773697 44.55547333
v 92.42319489 -41.45773697 44.69281387
v 88.90593719 -41.45773697 43.07717133
v 88.82290649 -41.45773697 42.98841858
v 88.84120178 -41.45773697 43.00450516
v 88.85869598 -41.45773697 43.02146912
v 88.87534332 -41.45773697 43.03926086
v 88.89110565 -41.45773697 43.05784225
v 88.78406525 -41.45773697 42.95900726
v 88.80384064 -41.45773697 42.97323990
v 88.91981506 -41.45773697 43.09720230
v 88.76361847 -41.45773697 42.94575500
v 88.72090912 -41.45773697 42.92231750
v 88.74254608 -41.45773697 42.93351746
v 88.95536804 -41.45773697 43.16100311
v 88.93270111 -41.45773697 43.11788177
v 88.94455719 -41.45773697 43.13916397
v 88.96510315 -41.45773697 43.18333817
v 88.97373962 -41.45773697 43.20612335
v 88.65308380 -41.45773697 42.89522171
v 88.67612457 -41.45773697 42.90314865
v 88.69875336 -41.45773697 42.91218948
v 88.98125458 -41.45773697 43.22930145
v 88.60597992 -41.45773697 42.88278198
v 88.98762512 -41.45773697 43.25281906
v 88.62968445 -41.45773697 42.88842773
v 88.99285126 -41.45773697 43.27661896
v 88.58203125 -41.45773697 42.87829590
v 88.99978638 -41.45773697 43.32484055
v 88.99690247 -41.45773697 43.30064392
v 90.37829590 -41.45773697 44.72482681
v 92.48856354 -41.45773697 44.82952881
v 89.00199890 -41.45773697 43.37350464
v 89.00148773 -41.45773697 43.34914398
v 88.99946594 -41.45773697 43.42215729
v 89.00132751 -41.45773697 43.39786148
v 88.51094055 -41.45773697 42.86643600
v 88.33541870 -41.45773697 42.83551788
v 88.35230255 -41.45773697 42.83784866
v 88.36909485 -41.45773697 42.84075165
v 88.30146027 -41.45773697 42.83258820
v 88.31846619 -41.45773697 42.83376312
v 88.28443146 -41.45773697 42.83199310
v 88.98646545 -41.45773697 43.55073166
v 88.43995667 -41.45773697 42.85391998
v 88.98503876 -41.45773697 43.56874084
v 88.98435974 -41.45773697 43.58678436
v 88.21465302 -41.45773697 42.83376312
v 88.23165894 -41.45773697 42.83258820
v 88.24869537 -41.45773697 42.83199310
v 90.27682495 -41.45773697 44.92883682
v 92.55902100 -41.45773697 44.96551895
v 92.60463715 -41.45773697 45.04845810
v 88.18081665 -41.45773697 42.83784866
v 88.19770050 -41.45773697 42.83551788
v 88.16402435 -41.45773697 42.84075165
v 90.16424561 -41.45773697 45.13106918
v 92.65206146 -41.45773697 45.13106918
v 87.83437347 -41.45773697 42.91218948
v 87.85700226 -41.45773697 42.90314865
v 87.88004303 -41.45773697 42.89522171
v 87.81221008 -41.45773697 42.92231750
v 87.90344238 -41.45773697 42.88842773
v 87.92713928 -41.45773697 42.88278198
v 87.95108795 -41.45773697 42.87829590
v 87.76950073 -41.45773697 42.94575500
v 87.79057312 -41.45773697 42.93351746
v 87.72927856 -41.45773697 42.97323990
v 87.74905396 -41.45773697 42.95900726
v 87.71022034 -41.45773697 42.98841858
v 87.65777588 -41.45773697 43.03926086
v 87.67442322 -41.45773697 43.02146912
v 87.69191742 -41.45773697 43.00450516
v 87.64202118 -41.45773697 43.05784225
v 87.62718201 -41.45773697 43.07717133
v 87.58856201 -41.45773697 43.13916397
v 87.60042572 -41.45773697 43.11788177
v 87.61330414 -41.45773697 43.09720230
v 87.56801605 -41.45773697 43.18333817
v 87.57775116 -41.45773697 43.16100311
v 87.55938721 -41.45773697 43.20612335
v 87.54549408 -41.45773697 43.25281906
v 87.55187225 -41.45773697 43.22930145
v 87.53621674 -41.45773697 43.30064392
v 87.54027557 -41.45773697 43.27661896
v 87.53163910 -41.45773697 43.34914398
v 87.53333282 -41.45773697 43.32484055
v 87.53112030 -41.45773697 43.37350464
v 87.53366089 -41.45773697 43.42215729
v 87.53179932 -41.45773697 43.39786148
v 88.02218628 -41.45773697 42.86643600
v 87.54666138 -41.45773697 43.55073166
v 88.09316254 -41.45773697 42.85391998
v 87.54817200 -41.45773697 43.57028198
v 87.54880524 -41.45773697 43.58987808
v 88.98435211 -41.45773697 43.60486221
v 87.54843903 -41.45773697 43.61752319
v 88.98516846 -41.45773697 43.62901306
v 87.54608154 -41.45773697 43.65858841
v 88.99096680 -41.45773697 43.70547485
v 87.53867340 -41.45773697 43.74093628
v 88.99914551 -41.45773697 43.78133392
v 87.52834320 -41.45773697 43.82115555
v 89.00826263 -41.45773697 43.84288788
v 87.50839233 -41.45773697 43.93136215
v 89.02345276 -41.45773697 43.92504501
v 89.04364777 -41.45773697 44.01751709
v 87.48059082 -41.45773697 44.05389404
v 89.06723022 -41.45773697 44.10998535
v 87.43843079 -41.45773697 44.20510101
v 89.09387207 -41.45773697 44.20240402
v 89.12337494 -41.45773697 44.29473114
v 87.38259888 -41.45773697 44.37280655
v 89.16697693 -41.45773697 44.41761780
v 87.31802368 -41.45773697 44.53997040
v 89.22152710 -41.45773697 44.55547333
v 89.28160095 -41.45773697 44.69281387
v 85.76434326 -41.45773697 43.07717133
v 85.73374939 -41.45773697 43.03926086
v 85.74951172 -41.45773697 43.05784225
v 85.64247131 -41.45773697 42.95900726
v 85.66225433 -41.45773697 42.97323990
v 85.68131256 -41.45773697 42.98841858
v 85.69960785 -41.45773697 43.00450516
v 85.71710205 -41.45773697 43.02146912
v 85.77822113 -41.45773697 43.09720230
v 85.57931519 -41.45773697 42.92231750
v 85.60095978 -41.45773697 42.93351746
v 85.62202454 -41.45773697 42.94575500
v 85.81377411 -41.45773697 43.16100311
v 85.79110718 -41.45773697 43.11788177
v 85.80296326 -41.45773697 43.13916397
v 85.51148987 -41.45773697 42.89522171
v 85.53453064 -41.45773697 42.90314865
v 85.55715942 -41.45773697 42.91218948
v 85.46438599 -41.45773697 42.88278198
v 85.48809052 -41.45773697 42.88842773
v 85.85125732 -41.45773697 43.27661896
v 85.83966064 -41.45773697 43.22930145
v 85.84603119 -41.45773697 43.25281906
v 85.44043732 -41.45773697 42.87829590
v 85.85531616 -41.45773697 43.30064392
v 85.82350922 -41.45773697 43.18333817
v 85.83214569 -41.45773697 43.20612335
v 85.85819244 -41.45773697 43.32484055
v 87.23670959 -41.45773697 44.72482681
v 89.34696960 -41.45773697 44.82952881
v 85.85989380 -41.45773697 43.34914398
v 85.85973358 -41.45773697 43.39786148
v 85.86040497 -41.45773697 43.37350464
v 85.85787201 -41.45773697 43.42215729
v 85.36934662 -41.45773697 42.86643600
v 85.19382477 -41.45773697 42.83551788
v 85.21070862 -41.45773697 42.83784866
v 85.22750854 -41.45773697 42.84075165
v 85.15986633 -41.45773697 42.83258820
v 85.17687225 -41.45773697 42.83376312
v 85.14283752 -41.45773697 42.83199310
v 85.84487152 -41.45773697 43.55073166
v 85.29837036 -41.45773697 42.85391998
v 85.84344482 -41.45773697 43.56874084
v 85.84276581 -41.45773697 43.58678436
v 85.05611420 -41.45773697 42.83551788
v 85.07306671 -41.45773697 42.83376312
v 85.09006500 -41.45773697 42.83258820
v 87.13523102 -41.45773697 44.92883682
v 89.41742706 -41.45773697 44.96551895
v 89.46304321 -41.45773697 45.04845810
v 85.03922272 -41.45773697 42.83784866
v 85.10710144 -41.45773697 42.83199310
v 85.02243042 -41.45773697 42.84075165
v 87.02265167 -41.45773697 45.13106918
v 89.51047516 -41.45773697 45.13106918
v 84.76184845 -41.45773697 42.88842773
v 84.78555298 -41.45773697 42.88278198
v 84.80950165 -41.45773697 42.87829590
v 84.73844910 -41.45773697 42.89522171
v 84.69277954 -41.45773697 42.91218948
v 84.71540833 -41.45773697 42.90314865
v 84.67061615 -41.45773697 42.92231750
v 84.62791443 -41.45773697 42.94575500
v 84.64897919 -41.45773697 42.93351746
v 84.56862640 -41.45773697 42.98841858
v 84.58768463 -41.45773697 42.97323990
v 84.60746002 -41.45773697 42.95900726
v 84.55032349 -41.45773697 43.00450516
v 84.51618958 -41.45773697 43.03926086
v 84.53282928 -41.45773697 43.02146912
v 84.48558807 -41.45773697 43.07717133
v 84.50042725 -41.45773697 43.05784225
v 84.45883179 -41.45773697 43.11788177
v 84.47171783 -41.45773697 43.09720230
v 84.44696808 -41.45773697 43.13916397
v 84.43615723 -41.45773697 43.16100311
v 84.41779327 -41.45773697 43.20612335
v 84.42642212 -41.45773697 43.18333817
v 84.41027832 -41.45773697 43.22930145
v 84.40390015 -41.45773697 43.25281906
v 84.39173889 -41.45773697 43.32484055
v 84.39462280 -41.45773697 43.30064392
v 84.39868164 -41.45773697 43.27661896
v 84.39020538 -41.45773697 43.39786148
v 84.38952637 -41.45773697 43.37350464
v 84.39004517 -41.45773697 43.34914398
v 84.39206696 -41.45773697 43.42215729
v 84.88059235 -41.45773697 42.86643600
v 84.40506744 -41.45773697 43.55073166
v 84.95156860 -41.45773697 42.85391998
v 84.40657806 -41.45773697 43.57028198
v 84.40721130 -41.45773697 43.58987808
v 85.84275818 -41.45773697 43.60486221
v 84.40684509 -41.45773697 43.61752319
v 85.84358215 -41.45773697 43.62901306
v 84.40448761 -41.45773697 43.65858841
v 85.84937286 -41.45773697 43.70547485
v 84.39708710 -41.45773697 43.74093628
v 85.85755157 -41.45773697 43.78133392
v 84.38674927 -41.45773697 43.82115555
v 85.86666870 -41.45773697 43.84288788
v 84.36680603 -41.45773697 43.93136215
v 85.88185883 -41.45773697 43.92504501
v 85.90205383 -41.45773697 44.01751709
v 84.33900452 -41.45773697 44.05389404
v 85.92563629 -41.45773697 44.10998535
v 84.29683685 -41.45773697 44.20510101
v 85.95227814 -41.45773697 44.20240402
v 85.98178101 -41.45773697 44.29473114
v 84.24100494 -41.45773697 44.37280655
v 86.02539062 -41.45773697 44.41761780
v 84.17642975 -41.45773697 44.53997040
v 86.07993317 -41.45773697 44.55547333
v 86.14000702 -41.45773697 44.69281387
v 82.60791779 -41.45773697 43.05784225
v 82.53971863 -41.45773697 42.98841858
v 82.55802155 -41.45773697 43.00450516
v 82.57550812 -41.45773697 43.02146912
v 82.59215546 -41.45773697 43.03926086
v 82.50087738 -41.45773697 42.95900726
v 82.52066040 -41.45773697 42.97323990
v 82.62274933 -41.45773697 43.07717133
v 82.63662720 -41.45773697 43.09720230
v 82.45936584 -41.45773697 42.93351746
v 82.48043060 -41.45773697 42.94575500
v 82.67218781 -41.45773697 43.16100311
v 82.64951324 -41.45773697 43.11788177
v 82.66137695 -41.45773697 43.13916397
v 82.41556549 -41.45773697 42.91218948
v 82.43772125 -41.45773697 42.92231750
v 82.69055176 -41.45773697 43.20612335
v 82.68191528 -41.45773697 43.18333817
v 82.34649658 -41.45773697 42.88842773
v 82.36989594 -41.45773697 42.89522171
v 82.39293671 -41.45773697 42.90314865
v 82.32279205 -41.45773697 42.88278198
v 82.71372223 -41.45773697 43.30064392
v 82.69806671 -41.45773697 43.22930145
v 82.70444489 -41.45773697 43.25281906
v 82.70966339 -41.45773697 43.27661896
v 84.09511566 -41.45773697 44.72482681
v 86.20537567 -41.45773697 44.82952881
v 82.71881104 -41.45773697 43.37350464
v 82.71659851 -41.45773697 43.32484055
v 82.71829987 -41.45773697 43.34914398
v 82.71813965 -41.45773697 43.39786148
v 82.71627808 -41.45773697 43.42215729
v 82.22775269 -41.45773697 42.86643600
v 82.29884338 -41.45773697 42.87829590
v 82.03527832 -41.45773697 42.83376312
v 82.05223083 -41.45773697 42.83551788
v 82.06911469 -41.45773697 42.83784866
v 82.08591461 -41.45773697 42.84075165
v 82.01828003 -41.45773697 42.83258820
v 82.00124359 -41.45773697 42.83199310
v 82.70327759 -41.45773697 43.55073166
v 82.15677643 -41.45773697 42.85391998
v 81.96550751 -41.45773697 42.83199310
v 82.70185089 -41.45773697 43.56874084
v 82.70117950 -41.45773697 43.58678436
v 81.93147278 -41.45773697 42.83376312
v 81.94847870 -41.45773697 42.83258820
v 81.91452026 -41.45773697 42.83551788
v 83.99363708 -41.45773697 44.92883682
v 86.27583313 -41.45773697 44.96551895
v 86.32144928 -41.45773697 45.04845810
v 81.88083649 -41.45773697 42.84075165
v 81.89763641 -41.45773697 42.83784866
v 83.88105774 -41.45773697 45.13106918
v 86.36888123 -41.45773697 45.13106918
v 81.62025452 -41.45773697 42.88842773
v 81.64395905 -41.45773697 42.88278198
v 81.66790771 -41.45773697 42.87829590
v 81.57381439 -41.45773697 42.90314865
v 81.59685516 -41.45773697 42.89522171
v 81.55118561 -41.45773697 42.91218948
v 81.52902985 -41.45773697 42.92231750
v 81.50738525 -41.45773697 42.93351746
v 81.48632050 -41.45773697 42.94575500
v 81.42703247 -41.45773697 42.98841858
v 81.44609070 -41.45773697 42.97323990
v 81.46587372 -41.45773697 42.95900726
v 81.37459564 -41.45773697 43.03926086
v 81.39124298 -41.45773697 43.02146912
v 81.40873718 -41.45773697 43.00450516
v 81.35883331 -41.45773697 43.05784225
v 81.34400177 -41.45773697 43.07717133
v 81.31723785 -41.45773697 43.11788177
v 81.33012390 -41.45773697 43.09720230
v 81.30537415 -41.45773697 43.13916397
v 81.28483582 -41.45773697 43.18333817
v 81.29456329 -41.45773697 43.16100311
v 81.26868439 -41.45773697 43.22930145
v 81.27619934 -41.45773697 43.20612335
v 81.25708771 -41.45773697 43.27661896
v 81.26231384 -41.45773697 43.25281906
v 81.24845123 -41.45773697 43.34914398
v 81.25015259 -41.45773697 43.32484055
v 81.25302887 -41.45773697 43.30064392
v 81.24794006 -41.45773697 43.37350464
v 81.25047302 -41.45773697 43.42215729
v 81.24861145 -41.45773697 43.39786148
v 81.73899841 -41.45773697 42.86643600
v 81.26347351 -41.45773697 43.55073166
v 81.80997467 -41.45773697 42.85391998
v 81.26498413 -41.45773697 43.57028198
v 81.26561737 -41.45773697 43.58987808
v 82.70116425 -41.45773697 43.60486221
v 81.26525879 -41.45773697 43.61752319
v 82.70198822 -41.45773697 43.62901306
v 81.26290131 -41.45773697 43.65858841
v 82.70777893 -41.45773697 43.70547485
v 81.25549316 -41.45773697 43.74093628
v 82.71596527 -41.45773697 43.78133392
v 81.24516296 -41.45773697 43.82115555
v 82.72507477 -41.45773697 43.84288788
v 81.22521210 -41.45773697 43.93136215
v 82.74026489 -41.45773697 43.92504501
v 82.76045990 -41.45773697 44.01751709
v 81.19741058 -41.45773697 44.05389404
v 82.78404999 -41.45773697 44.10998535
v 81.15524292 -41.45773697 44.20510101
v 82.81068420 -41.45773697 44.20240402
v 82.84019470 -41.45773697 44.29473114
v 81.09941101 -41.45773697 44.37280655
v 82.88379669 -41.45773697 44.41761780
v 81.03483582 -41.45773697 44.53997040
v 82.93833923 -41.45773697 44.55547333
v 82.99842072 -41.45773697 44.69281387
v 79.46632385 -41.45773697 43.05784225
v 79.41642761 -41.45773697 43.00450516
v 79.43392181 -41.45773697 43.02146912
v 79.45056152 -41.45773697 43.03926086
v 79.35929108 -41.45773697 42.95900726
v 79.37906647 -41.45773697 42.97323990
v 79.39812469 -41.45773697 42.98841858
v 79.31777191 -41.45773697 42.93351746
v 79.33883667 -41.45773697 42.94575500
v 79.29613495 -41.45773697 42.92231750
v 79.54032898 -41.45773697 43.18333817
v 79.51978302 -41.45773697 43.13916397
v 79.53059387 -41.45773697 43.16100311
v 79.25134277 -41.45773697 42.90314865
v 79.27397156 -41.45773697 42.91218948
v 79.54895782 -41.45773697 43.20612335
v 79.48116302 -41.45773697 43.07717133
v 79.49503326 -41.45773697 43.09720230
v 79.50791931 -41.45773697 43.11788177
v 79.22830200 -41.45773697 42.89522171
v 79.55647278 -41.45773697 43.22930145
v 79.18120575 -41.45773697 42.88278198
v 79.20490265 -41.45773697 42.88842773
v 79.15724945 -41.45773697 42.87829590
v 79.56285095 -41.45773697 43.25281906
v 79.56806946 -41.45773697 43.27661896
v 79.57212830 -41.45773697 43.30064392
v 80.95352173 -41.45773697 44.72482681
v 83.06378937 -41.45773697 44.82952881
v 79.57670593 -41.45773697 43.34914398
v 79.57501221 -41.45773697 43.32484055
v 79.57722473 -41.45773697 43.37350464
v 79.57468414 -41.45773697 43.42215729
v 79.08615875 -41.45773697 42.86643600
v 79.57654572 -41.45773697 43.39786148
v 78.91064453 -41.45773697 42.83551788
v 78.92752838 -41.45773697 42.83784866
v 78.94432068 -41.45773697 42.84075165
v 78.87668610 -41.45773697 42.83258820
v 78.89368439 -41.45773697 42.83376312
v 78.85964966 -41.45773697 42.83199310
v 79.56168365 -41.45773697 43.55073166
v 79.01518250 -41.45773697 42.85391998
v 78.82391357 -41.45773697 42.83199310
v 79.56025696 -41.45773697 43.56874084
v 79.55958557 -41.45773697 43.58678436
v 78.78987885 -41.45773697 42.83376312
v 78.80688477 -41.45773697 42.83258820
v 78.77292633 -41.45773697 42.83551788
v 80.85204315 -41.45773697 44.92883682
v 83.13423920 -41.45773697 44.96551895
v 83.17985535 -41.45773697 45.04845810
v 78.73925018 -41.45773697 42.84075165
v 78.75604248 -41.45773697 42.83784866
v 80.73946381 -41.45773697 45.13106918
v 83.22728729 -41.45773697 45.13106918
v 78.43222046 -41.45773697 42.90314865
v 78.45526123 -41.45773697 42.89522171
v 78.47866058 -41.45773697 42.88842773
v 78.50236511 -41.45773697 42.88278198
v 78.52631378 -41.45773697 42.87829590
v 78.38743591 -41.45773697 42.92231750
v 78.40959167 -41.45773697 42.91218948
v 78.34472656 -41.45773697 42.94575500
v 78.36579132 -41.45773697 42.93351746
v 78.28543854 -41.45773697 42.98841858
v 78.30449677 -41.45773697 42.97323990
v 78.32427979 -41.45773697 42.95900726
v 78.26714325 -41.45773697 43.00450516
v 78.23300171 -41.45773697 43.03926086
v 78.24964905 -41.45773697 43.02146912
v 78.21723938 -41.45773697 43.05784225
v 78.20240784 -41.45773697 43.07717133
v 78.17564392 -41.45773697 43.11788177
v 78.18852997 -41.45773697 43.09720230
v 78.16378784 -41.45773697 43.13916397
v 78.14324188 -41.45773697 43.18333817
v 78.15297699 -41.45773697 43.16100311
v 78.12709045 -41.45773697 43.22930145
v 78.13460541 -41.45773697 43.20612335
v 78.11549377 -41.45773697 43.27661896
v 78.12071991 -41.45773697 43.25281906
v 78.11143494 -41.45773697 43.30064392
v 78.10855865 -41.45773697 43.32484055
v 78.10685730 -41.45773697 43.34914398
v 78.10634613 -41.45773697 43.37350464
v 78.10887909 -41.45773697 43.42215729
v 78.10701752 -41.45773697 43.39786148
v 78.59740448 -41.45773697 42.86643600
v 78.12187958 -41.45773697 43.55073166
v 78.66838837 -41.45773697 42.85391998
v 78.12339783 -41.45773697 43.57028198
v 78.12403107 -41.45773697 43.58987808
v 79.55957794 -41.45773697 43.60486221
v 78.12366486 -41.45773697 43.61752319
v 79.56039429 -41.45773697 43.62901306
v 78.12130737 -41.45773697 43.65858841
v 79.56618500 -41.45773697 43.70547485
v 78.11389923 -41.45773697 43.74093628
v 79.57437134 -41.45773697 43.78133392
v 78.10356903 -41.45773697 43.82115555
v 79.58348083 -41.45773697 43.84288788
v 78.08361816 -41.45773697 43.93136215
v 79.59867096 -41.45773697 43.92504501
v 79.61886597 -41.45773697 44.01751709
v 78.05581665 -41.45773697 44.05389404
v 79.64245605 -41.45773697 44.10998535
v 78.01364899 -41.45773697 44.20510101
v 79.66909027 -41.45773697 44.20240402
v 79.69860077 -41.45773697 44.29473114
v 77.95781708 -41.45773697 44.37280655
v 79.74220276 -41.45773697 44.41761780
v 77.89324188 -41.45773697 44.53997040
v 79.79674530 -41.45773697 44.55547333
v 79.85682678 -41.45773697 44.69281387
v 76.33956909 -41.45773697 43.07717133
v 76.23747253 -41.45773697 42.97323990
v 76.25653076 -41.45773697 42.98841858
v 76.27483368 -41.45773697 43.00450516
v 76.29232788 -41.45773697 43.02146912
v 76.30897522 -41.45773697 43.03926086
v 76.32472992 -41.45773697 43.05784225
v 76.21769714 -41.45773697 42.95900726
v 76.35344696 -41.45773697 43.09720230
v 76.17617798 -41.45773697 42.93351746
v 76.19725037 -41.45773697 42.94575500
v 76.15454102 -41.45773697 42.92231750
v 76.06330872 -41.45773697 42.88842773
v 76.08670807 -41.45773697 42.89522171
v 76.10974884 -41.45773697 42.90314865
v 76.13237762 -41.45773697 42.91218948
v 76.03961182 -41.45773697 42.88278198
v 76.42647552 -41.45773697 43.27661896
v 76.36632538 -41.45773697 43.11788177
v 76.37818909 -41.45773697 43.13916397
v 76.38899994 -41.45773697 43.16100311
v 76.39873505 -41.45773697 43.18333817
v 76.40736389 -41.45773697 43.20612335
v 76.41487885 -41.45773697 43.22930145
v 76.42125702 -41.45773697 43.25281906
v 76.01566315 -41.45773697 42.87829590
v 76.43053436 -41.45773697 43.30064392
v 77.81192780 -41.45773697 44.72482681
v 79.92219543 -41.45773697 44.82952881
v 76.43511200 -41.45773697 43.34914398
v 76.43341827 -41.45773697 43.32484055
v 76.43309784 -41.45773697 43.42215729
v 75.94456482 -41.45773697 42.86643600
v 76.43563080 -41.45773697 43.37350464
v 76.43495178 -41.45773697 43.39786148
v 75.75209808 -41.45773697 42.83376312
v 75.76905060 -41.45773697 42.83551788
v 75.78593445 -41.45773697 42.83784866
v 75.80272675 -41.45773697 42.84075165
v 75.71805573 -41.45773697 42.83199310
v 75.73509216 -41.45773697 42.83258820
v 76.42008972 -41.45773697 43.55073166
v 75.87358856 -41.45773697 42.85391998
v 76.41866302 -41.45773697 43.56874084
v 76.41799164 -41.45773697 43.58678436
v 75.64828491 -41.45773697 42.83376312
v 75.66529083 -41.45773697 42.83258820
v 75.68232727 -41.45773697 42.83199310
v 77.71044922 -41.45773697 44.92883682
v 79.99265289 -41.45773697 44.96551895
v 80.03826904 -41.45773697 45.04845810
v 75.61444855 -41.45773697 42.83784866
v 75.63133240 -41.45773697 42.83551788
v 75.59765625 -41.45773697 42.84075165
v 77.59786987 -41.45773697 45.13106918
v 80.08569336 -41.45773697 45.13106918
v 75.33706665 -41.45773697 42.88842773
v 75.36077118 -41.45773697 42.88278198
v 75.38471985 -41.45773697 42.87829590
v 75.31366730 -41.45773697 42.89522171
v 75.26800537 -41.45773697 42.91218948
v 75.29062653 -41.45773697 42.90314865
v 75.22420502 -41.45773697 42.93351746
v 75.24584198 -41.45773697 42.92231750
v 75.20313263 -41.45773697 42.94575500
v 75.12554932 -41.45773697 43.00450516
v 75.14384460 -41.45773697 42.98841858
v 75.16291046 -41.45773697 42.97323990
v 75.18268585 -41.45773697 42.95900726
v 75.10805511 -41.45773697 43.02146912
v 75.07564545 -41.45773697 43.05784225
v 75.09140778 -41.45773697 43.03926086
v 75.04693604 -41.45773697 43.09720230
v 75.06081390 -41.45773697 43.07717133
v 75.03404999 -41.45773697 43.11788177
v 75.02219391 -41.45773697 43.13916397
v 75.00164795 -41.45773697 43.18333817
v 75.01138306 -41.45773697 43.16100311
v 74.97912598 -41.45773697 43.25281906
v 74.98549652 -41.45773697 43.22930145
v 74.99301147 -41.45773697 43.20612335
v 74.96984863 -41.45773697 43.30064392
v 74.97389984 -41.45773697 43.27661896
v 74.96526337 -41.45773697 43.34914398
v 74.96696472 -41.45773697 43.32484055
v 74.96728516 -41.45773697 43.42215729
v 75.45581055 -41.45773697 42.86643600
v 74.96542358 -41.45773697 43.39786148
v 74.96475220 -41.45773697 43.37350464
v 74.98028564 -41.45773697 43.55073166
v 75.52679443 -41.45773697 42.85391998
v 74.98180389 -41.45773697 43.57028198
v 74.98243713 -41.45773697 43.58987808
v 76.41798401 -41.45773697 43.60486221
v 74.98207092 -41.45773697 43.61752319
v 76.41880035 -41.45773697 43.62901306
v 74.97971344 -41.45773697 43.65858841
v 76.42459106 -41.45773697 43.70547485
v 74.97230530 -41.45773697 43.74093628
v 76.43277740 -41.45773697 43.78133392
v 74.96197510 -41.45773697 43.82115555
v 76.44188690 -41.45773697 43.84288788
v 74.94202423 -41.45773697 43.93136215
v 76.45707703 -41.45773697 43.92504501
v 76.47727203 -41.45773697 44.01751709
v 74.91422272 -41.45773697 44.05389404
v 76.50086212 -41.45773697 44.10998535
v 74.87206268 -41.45773697 44.20510101
v 76.52749634 -41.45773697 44.20240402
v 76.55700684 -41.45773697 44.29473114
v 74.81622314 -41.45773697 44.37280655
v 76.60060883 -41.45773697 44.41761780
v 74.75165558 -41.45773697 44.53997040
v 76.65515137 -41.45773697 44.55547333
v 76.71523285 -41.45773697 44.69281387
v 73.19797516 -41.45773697 43.07717133
v 73.16738129 -41.45773697 43.03926086
v 73.18313599 -41.45773697 43.05784225
v 73.07610321 -41.45773697 42.95900726
v 73.09587860 -41.45773697 42.97323990
v 73.11494446 -41.45773697 42.98841858
v 73.21185303 -41.45773697 43.09720230
v 73.15073395 -41.45773697 43.02146912
v 73.22473145 -41.45773697 43.11788177
v 73.13323975 -41.45773697 43.00450516
v 73.03458405 -41.45773697 42.93351746
v 73.05565643 -41.45773697 42.94575500
v 73.23659515 -41.45773697 43.13916397
v 72.99078369 -41.45773697 42.91218948
v 73.01294708 -41.45773697 42.92231750
v 73.25714111 -41.45773697 43.18333817
v 73.24740601 -41.45773697 43.16100311
v 73.27328491 -41.45773697 43.22930145
v 73.26577759 -41.45773697 43.20612335
v 72.92172241 -41.45773697 42.88842773
v 72.94512177 -41.45773697 42.89522171
v 72.96816254 -41.45773697 42.90314865
v 72.89801788 -41.45773697 42.88278198
v 73.28488922 -41.45773697 43.27661896
v 73.27966309 -41.45773697 43.25281906
v 72.87406921 -41.45773697 42.87829590
v 73.28894043 -41.45773697 43.30064392
v 74.67033386 -41.45773697 44.72482681
v 76.78060150 -41.45773697 44.82952881
v 73.29352570 -41.45773697 43.34914398
v 73.29182434 -41.45773697 43.32484055
v 73.29403687 -41.45773697 43.37350464
v 73.29150391 -41.45773697 43.42215729
v 72.80297852 -41.45773697 42.86643600
v 73.29336548 -41.45773697 43.39786148
v 72.62745667 -41.45773697 42.83551788
v 72.64434052 -41.45773697 42.83784866
v 72.66113281 -41.45773697 42.84075165
v 72.59349823 -41.45773697 42.83258820
v 72.61050415 -41.45773697 42.83376312
v 72.57646179 -41.45773697 42.83199310
v 73.27850342 -41.45773697 43.55073166
v 72.73199463 -41.45773697 42.85391998
v 72.54073334 -41.45773697 42.83199310
v 73.27706909 -41.45773697 43.56874084
v 73.27639771 -41.45773697 43.58678436
v 72.48973846 -41.45773697 42.83551788
v 72.50669098 -41.45773697 42.83376312
v 72.52369690 -41.45773697 42.83258820
v 74.56886292 -41.45773697 44.92883682
v 76.85105896 -41.45773697 44.96551895
v 76.89667511 -41.45773697 45.04845810
v 72.47285461 -41.45773697 42.83784866
v 72.45606232 -41.45773697 42.84075165
v 74.45627594 -41.45773697 45.13106918
v 76.94409943 -41.45773697 45.13106918
v 72.19547272 -41.45773697 42.88842773
v 72.21917725 -41.45773697 42.88278198
v 72.24312592 -41.45773697 42.87829590
v 72.14903259 -41.45773697 42.90314865
v 72.17207336 -41.45773697 42.89522171
v 72.08261108 -41.45773697 42.93351746
v 72.10424805 -41.45773697 42.92231750
v 72.12641144 -41.45773697 42.91218948
v 72.02131653 -41.45773697 42.97323990
v 72.04109192 -41.45773697 42.95900726
v 72.06153870 -41.45773697 42.94575500
v 71.98395538 -41.45773697 43.00450516
v 72.00225067 -41.45773697 42.98841858
v 71.96646118 -41.45773697 43.02146912
v 71.91921997 -41.45773697 43.07717133
v 71.93405914 -41.45773697 43.05784225
v 71.94981384 -41.45773697 43.03926086
v 71.90534210 -41.45773697 43.09720230
v 71.88059998 -41.45773697 43.13916397
v 71.89246368 -41.45773697 43.11788177
v 71.86978912 -41.45773697 43.16100311
v 71.86005402 -41.45773697 43.18333817
v 71.83753204 -41.45773697 43.25281906
v 71.84391022 -41.45773697 43.22930145
v 71.85141754 -41.45773697 43.20612335
v 71.83231354 -41.45773697 43.27661896
v 71.82825470 -41.45773697 43.30064392
v 71.82366943 -41.45773697 43.34914398
v 71.82537079 -41.45773697 43.32484055
v 71.82315826 -41.45773697 43.37350464
v 71.82569122 -41.45773697 43.42215729
v 72.31421661 -41.45773697 42.86643600
v 71.82383728 -41.45773697 43.39786148
v 71.83869934 -41.45773697 43.55073166
v 72.38520050 -41.45773697 42.85391998
v 71.84020996 -41.45773697 43.57028198
v 71.84084320 -41.45773697 43.58987808
v 73.27639008 -41.45773697 43.60486221
v 71.84047699 -41.45773697 43.61752319
v 73.27720642 -41.45773697 43.62901306
v 71.83811951 -41.45773697 43.65858841
v 73.28299713 -41.45773697 43.70547485
v 71.83071136 -41.45773697 43.74093628
v 73.29118347 -41.45773697 43.78133392
v 71.82038116 -41.45773697 43.82115555
v 73.30029297 -41.45773697 43.84288788
v 71.80043030 -41.45773697 43.93136215
v 73.31549072 -41.45773697 43.92504501
v 73.33567810 -41.45773697 44.01751709
v 71.77262878 -41.45773697 44.05389404
v 73.35926819 -41.45773697 44.10998535
v 71.73046875 -41.45773697 44.20510101
v 73.38591003 -41.45773697 44.20240402
v 73.41541290 -41.45773697 44.29473114
v 71.67463684 -41.45773697 44.37280655
v 73.45901489 -41.45773697 44.41761780
v 71.61006165 -41.45773697 44.53997040
v 73.51356506 -41.45773697 44.55547333
v 73.57363892 -41.45773697 44.69281387
v 70.05638123 -41.45773697 43.07717133
v 70.00914001 -41.45773697 43.02146912
v 70.02578735 -41.45773697 43.03926086
v 70.04154968 -41.45773697 43.05784225
v 69.93450928 -41.45773697 42.95900726
v 69.95428467 -41.45773697 42.97323990
v 69.97335052 -41.45773697 42.98841858
v 70.07025909 -41.45773697 43.09720230
v 69.99164581 -41.45773697 43.00450516
v 70.10581207 -41.45773697 43.16100311
v 70.08314514 -41.45773697 43.11788177
v 70.09500122 -41.45773697 43.13916397
v 69.84919739 -41.45773697 42.91218948
v 69.87135315 -41.45773697 42.92231750
v 69.89299011 -41.45773697 42.93351746
v 69.91406250 -41.45773697 42.94575500
v 69.82656860 -41.45773697 42.90314865
v 70.11554718 -41.45773697 43.18333817
v 70.13169861 -41.45773697 43.22930145
v 69.80352783 -41.45773697 42.89522171
v 70.12418365 -41.45773697 43.20612335
v 69.78012848 -41.45773697 42.88842773
v 70.13806915 -41.45773697 43.25281906
v 70.14329529 -41.45773697 43.27661896
v 69.75642395 -41.45773697 42.88278198
v 69.73247528 -41.45773697 42.87829590
v 70.14734650 -41.45773697 43.30064392
v 71.52873993 -41.45773697 44.72482681
v 73.63900757 -41.45773697 44.82952881
v 70.15193176 -41.45773697 43.34914398
v 70.15023041 -41.45773697 43.32484055
v 70.15244293 -41.45773697 43.37350464
v 70.14990997 -41.45773697 43.42215729
v 69.66138458 -41.45773697 42.86643600
v 70.15177155 -41.45773697 43.39786148
v 69.48586273 -41.45773697 42.83551788
v 69.50274658 -41.45773697 42.83784866
v 69.51953888 -41.45773697 42.84075165
v 69.45190430 -41.45773697 42.83258820
v 69.46891022 -41.45773697 42.83376312
v 69.43487549 -41.45773697 42.83199310
v 70.13690948 -41.45773697 43.55073166
v 69.59040070 -41.45773697 42.85391998
v 69.39913940 -41.45773697 42.83199310
v 70.13548279 -41.45773697 43.56874084
v 70.13480377 -41.45773697 43.58678436
v 69.34814453 -41.45773697 42.83551788
v 69.36509705 -41.45773697 42.83376312
v 69.38210297 -41.45773697 42.83258820
v 71.42726898 -41.45773697 44.92883682
v 73.70946503 -41.45773697 44.96551895
v 73.75508118 -41.45773697 45.04845810
v 69.33126068 -41.45773697 42.83784866
v 69.31446838 -41.45773697 42.84075165
v 71.31468964 -41.45773697 45.13106918
v 73.80250549 -41.45773697 45.13106918
v 69.03048706 -41.45773697 42.89522171
v 69.05388641 -41.45773697 42.88842773
v 69.07758331 -41.45773697 42.88278198
v 69.00744629 -41.45773697 42.90314865
v 69.10153198 -41.45773697 42.87829590
v 68.94101715 -41.45773697 42.93351746
v 68.96265411 -41.45773697 42.92231750
v 68.98481750 -41.45773697 42.91218948
v 68.91994476 -41.45773697 42.94575500
v 68.87972260 -41.45773697 42.97323990
v 68.89949799 -41.45773697 42.95900726
v 68.86066437 -41.45773697 42.98841858
v 68.82486725 -41.45773697 43.02146912
v 68.84236145 -41.45773697 43.00450516
v 68.80821991 -41.45773697 43.03926086
v 68.77762604 -41.45773697 43.07717133
v 68.79246521 -41.45773697 43.05784225
v 68.76375580 -41.45773697 43.09720230
v 68.75086975 -41.45773697 43.11788177
v 68.73900604 -41.45773697 43.13916397
v 68.72819519 -41.45773697 43.16100311
v 68.70983124 -41.45773697 43.20612335
v 68.71846008 -41.45773697 43.18333817
v 68.69593811 -41.45773697 43.25281906
v 68.70231628 -41.45773697 43.22930145
v 68.69071960 -41.45773697 43.27661896
v 68.68377686 -41.45773697 43.32484055
v 68.68666077 -41.45773697 43.30064392
v 68.68208313 -41.45773697 43.34914398
v 68.68410492 -41.45773697 43.42215729
v 68.68224335 -41.45773697 43.39786148
v 68.68156433 -41.45773697 43.37350464
v 69.17263031 -41.45773697 42.86643600
v 68.69710541 -41.45773697 43.55073166
v 69.24360657 -41.45773697 42.85391998
v 68.69861603 -41.45773697 43.57028198
v 68.69924927 -41.45773697 43.58987808
v 70.13479614 -41.45773697 43.60486221
v 68.69888306 -41.45773697 43.61752319
v 70.13561249 -41.45773697 43.62901306
v 68.69652557 -41.45773697 43.65858841
v 70.14141083 -41.45773697 43.70547485
v 68.68911743 -41.45773697 43.74093628
v 70.14958954 -41.45773697 43.78133392
v 68.67878723 -41.45773697 43.82115555
v 70.15870667 -41.45773697 43.84288788
v 68.65883636 -41.45773697 43.93136215
v 70.17389679 -41.45773697 43.92504501
v 70.19409180 -41.45773697 44.01751709
v 68.63103485 -41.45773697 44.05389404
v 70.21767426 -41.45773697 44.10998535
v 68.58887482 -41.45773697 44.20510101
v 70.24431610 -41.45773697 44.20240402
v 70.27381897 -41.45773697 44.29473114
v 68.53304291 -41.45773697 44.37280655
v 70.31742096 -41.45773697 44.41761780
v 68.46846771 -41.45773697 44.53997040
v 70.37197113 -41.45773697 44.55547333
v 70.43204498 -41.45773697 44.69281387
v 66.88419342 -41.45773697 43.03926086
v 66.85005188 -41.45773697 43.00450516
v 66.86754608 -41.45773697 43.02146912
v 66.83175659 -41.45773697 42.98841858
v 66.81269836 -41.45773697 42.97323990
v 66.92866516 -41.45773697 43.09720230
v 66.89995575 -41.45773697 43.05784225
v 66.91478729 -41.45773697 43.07717133
v 66.77246857 -41.45773697 42.94575500
v 66.79291534 -41.45773697 42.95900726
v 66.75140381 -41.45773697 42.93351746
v 66.95340729 -41.45773697 43.13916397
v 66.94155121 -41.45773697 43.11788177
v 66.70760345 -41.45773697 42.91218948
v 66.72975922 -41.45773697 42.92231750
v 66.97395325 -41.45773697 43.18333817
v 66.96421814 -41.45773697 43.16100311
v 66.59088135 -41.45773697 42.87829590
v 66.98258972 -41.45773697 43.20612335
v 66.99010468 -41.45773697 43.22930145
v 66.99647522 -41.45773697 43.25281906
v 66.61483002 -41.45773697 42.88278198
v 66.63853455 -41.45773697 42.88842773
v 66.66193390 -41.45773697 42.89522171
v 66.68497467 -41.45773697 42.90314865
v 67.00576019 -41.45773697 43.30064392
v 67.00170135 -41.45773697 43.27661896
v 68.38715363 -41.45773697 44.72482681
v 70.49741364 -41.45773697 44.82952881
v 67.01084900 -41.45773697 43.37350464
v 67.00863647 -41.45773697 43.32484055
v 67.01033783 -41.45773697 43.34914398
v 67.00831604 -41.45773697 43.42215729
v 67.01017761 -41.45773697 43.39786148
v 66.51979065 -41.45773697 42.86643600
v 66.32731628 -41.45773697 42.83376312
v 66.34426880 -41.45773697 42.83551788
v 66.36115265 -41.45773697 42.83784866
v 66.37795258 -41.45773697 42.84075165
v 66.29328156 -41.45773697 42.83199310
v 66.31031036 -41.45773697 42.83258820
v 66.99531555 -41.45773697 43.55073166
v 66.44881439 -41.45773697 42.85391998
v 66.99388885 -41.45773697 43.56874084
v 66.99320984 -41.45773697 43.58678436
v 66.22351074 -41.45773697 42.83376312
v 66.24050903 -41.45773697 42.83258820
v 66.25754547 -41.45773697 42.83199310
v 68.28567505 -41.45773697 44.92883682
v 70.56787109 -41.45773697 44.96551895
v 70.61348724 -41.45773697 45.04845810
v 66.17287445 -41.45773697 42.84075165
v 66.18966675 -41.45773697 42.83784866
v 66.20655823 -41.45773697 42.83551788
v 68.17309570 -41.45773697 45.13106918
v 70.66091919 -41.45773697 45.13106918
v 65.91229248 -41.45773697 42.88842773
v 65.93599701 -41.45773697 42.88278198
v 65.95994568 -41.45773697 42.87829590
v 65.82106018 -41.45773697 42.92231750
v 65.84322357 -41.45773697 42.91218948
v 65.86585236 -41.45773697 42.90314865
v 65.88889313 -41.45773697 42.89522171
v 65.73812866 -41.45773697 42.97323990
v 65.75790405 -41.45773697 42.95900726
v 65.77835846 -41.45773697 42.94575500
v 65.79942322 -41.45773697 42.93351746
v 65.68327332 -41.45773697 43.02146912
v 65.70076752 -41.45773697 43.00450516
v 65.71907043 -41.45773697 42.98841858
v 65.63603210 -41.45773697 43.07717133
v 65.65087128 -41.45773697 43.05784225
v 65.66663361 -41.45773697 43.03926086
v 65.62216187 -41.45773697 43.09720230
v 65.59741211 -41.45773697 43.13916397
v 65.60927582 -41.45773697 43.11788177
v 65.58660126 -41.45773697 43.16100311
v 65.56823730 -41.45773697 43.20612335
v 65.57686615 -41.45773697 43.18333817
v 65.56072235 -41.45773697 43.22930145
v 65.54218292 -41.45773697 43.32484055
v 65.54506683 -41.45773697 43.30064392
v 65.54912567 -41.45773697 43.27661896
v 65.53997040 -41.45773697 43.37350464
v 65.54048920 -41.45773697 43.34914398
v 65.55434418 -41.45773697 43.25281906
v 65.54251099 -41.45773697 43.42215729
v 65.54064941 -41.45773697 43.39786148
v 66.03103638 -41.45773697 42.86643600
v 65.55551147 -41.45773697 43.55073166
v 66.10201263 -41.45773697 42.85391998
v 65.55702209 -41.45773697 43.57028198
v 65.55765533 -41.45773697 43.58987808
v 66.99320221 -41.45773697 43.60486221
v 65.55728912 -41.45773697 43.61752319
v 66.99402618 -41.45773697 43.62901306
v 65.55493164 -41.45773697 43.65858841
v 66.99981689 -41.45773697 43.70547485
v 65.54753113 -41.45773697 43.74093628
v 67.00799561 -41.45773697 43.78133392
v 65.53719330 -41.45773697 43.82115555
v 67.01711273 -41.45773697 43.84288788
v 65.51725006 -41.45773697 43.93136215
v 67.03230286 -41.45773697 43.92504501
v 67.05249786 -41.45773697 44.01751709
v 65.48944855 -41.45773697 44.05389404
v 67.07608032 -41.45773697 44.10998535
v 65.44728088 -41.45773697 44.20510101
v 67.10272217 -41.45773697 44.20240402
v 67.13222504 -41.45773697 44.29473114
v 65.39144897 -41.45773697 44.37280655
v 67.17583466 -41.45773697 44.41761780
v 65.32687378 -41.45773697 44.53997040
v 67.23037720 -41.45773697 44.55547333
v 67.29045105 -41.45773697 44.69281387
v 63.69016266 -41.45773697 42.98841858
v 63.70846176 -41.45773697 43.00450516
v 63.72595596 -41.45773697 43.02146912
v 63.74259949 -41.45773697 43.03926086
v 63.77319717 -41.45773697 43.07717133
v 63.67110062 -41.45773697 42.97323990
v 63.75836182 -41.45773697 43.05784225
v 63.65132523 -41.45773697 42.95900726
v 63.78707123 -41.45773697 43.09720230
v 63.63087845 -41.45773697 42.94575500
v 63.82262802 -41.45773697 43.16100311
v 63.79995728 -41.45773697 43.11788177
v 63.81181717 -41.45773697 43.13916397
v 63.83236313 -41.45773697 43.18333817
v 63.60980988 -41.45773697 42.93351746
v 63.54338074 -41.45773697 42.90314865
v 63.56600952 -41.45773697 42.91218948
v 63.58816910 -41.45773697 42.92231750
v 63.84851074 -41.45773697 43.22930145
v 63.52033997 -41.45773697 42.89522171
v 63.84099579 -41.45773697 43.20612335
v 63.49694061 -41.45773697 42.88842773
v 63.86010742 -41.45773697 43.27661896
v 63.47323990 -41.45773697 42.88278198
v 63.85488510 -41.45773697 43.25281906
v 63.44928741 -41.45773697 42.87829590
v 63.86416245 -41.45773697 43.30064392
v 63.86704636 -41.45773697 43.32484055
v 65.24555969 -41.45773697 44.72482681
v 67.35581970 -41.45773697 44.82952881
v 63.86925888 -41.45773697 43.37350464
v 63.86874390 -41.45773697 43.34914398
v 63.86672211 -41.45773697 43.42215729
v 63.37819672 -41.45773697 42.86643600
v 63.86858368 -41.45773697 43.39786148
v 63.20267868 -41.45773697 42.83551788
v 63.21956253 -41.45773697 42.83784866
v 63.23635483 -41.45773697 42.84075165
v 63.18572235 -41.45773697 42.83376312
v 63.15168762 -41.45773697 42.83199310
v 63.16872025 -41.45773697 42.83258820
v 63.85372162 -41.45773697 43.55073166
v 63.30721664 -41.45773697 42.85391998
v 63.85229492 -41.45773697 43.56874084
v 63.85161972 -41.45773697 43.58678436
v 65.14408112 -41.45773697 44.92883682
v 67.42627716 -41.45773697 44.96551895
v 67.47189331 -41.45773697 45.04845810
v 63.04807663 -41.45773697 42.83784866
v 63.06496048 -41.45773697 42.83551788
v 63.08191681 -41.45773697 42.83376312
v 63.09891891 -41.45773697 42.83258820
v 63.11595154 -41.45773697 42.83199310
v 63.03128433 -41.45773697 42.84075165
v 65.03150177 -41.45773697 45.13106918
v 67.51932526 -41.45773697 45.13106918
v 62.77069855 -41.45773697 42.88842773
v 62.79439926 -41.45773697 42.88278198
v 62.81835175 -41.45773697 42.87829590
v 62.74729919 -41.45773697 42.89522171
v 62.72425842 -41.45773697 42.90314865
v 62.65782928 -41.45773697 42.93351746
v 62.67947006 -41.45773697 42.92231750
v 62.70162964 -41.45773697 42.91218948
v 62.59653854 -41.45773697 42.97323990
v 62.61631393 -41.45773697 42.95900726
v 62.63676071 -41.45773697 42.94575500
v 62.57747650 -41.45773697 42.98841858
v 62.54168320 -41.45773697 43.02146912
v 62.55917740 -41.45773697 43.00450516
v 62.52503967 -41.45773697 43.03926086
v 62.46768188 -41.45773697 43.11788177
v 62.48056793 -41.45773697 43.09720230
v 62.49444199 -41.45773697 43.07717133
v 62.50927734 -41.45773697 43.05784225
v 62.44501114 -41.45773697 43.16100311
v 62.45582199 -41.45773697 43.13916397
v 62.43527603 -41.45773697 43.18333817
v 62.41912842 -41.45773697 43.22930145
v 62.42664337 -41.45773697 43.20612335
v 62.41275406 -41.45773697 43.25281906
v 62.40753174 -41.45773697 43.27661896
v 62.40059280 -41.45773697 43.32484055
v 62.40347672 -41.45773697 43.30064392
v 62.39889526 -41.45773697 43.34914398
v 62.39905548 -41.45773697 43.39786148
v 62.39838028 -41.45773697 43.37350464
v 62.40091705 -41.45773697 43.42215729
v 62.88944244 -41.45773697 42.86643600
v 62.41391754 -41.45773697 43.55073166
v 62.96042252 -41.45773697 42.85391998
v 62.41543198 -41.45773697 43.57028198
v 62.41606522 -41.45773697 43.58987808
v 63.85161209 -41.45773697 43.60486221
v 62.41569901 -41.45773697 43.61752319
v 63.85242844 -41.45773697 43.62901306
v 62.41334152 -41.45773697 43.65858841
v 63.85822296 -41.45773697 43.70547485
v 62.40593719 -41.45773697 43.74093628
v 63.86640549 -41.45773697 43.78133392
v 62.39560318 -41.45773697 43.82115555
v 63.87551880 -41.45773697 43.84288788
v 62.37565231 -41.45773697 43.93136215
v 63.89070892 -41.45773697 43.92504501
v 63.91090393 -41.45773697 44.01751709
v 62.34785080 -41.45773697 44.05389404
v 63.93449020 -41.45773697 44.10998535
v 62.30569077 -41.45773697 44.20510101
v 63.96112823 -41.45773697 44.20240402
v 63.99063492 -41.45773697 44.29473114
v 62.24985504 -41.45773697 44.37280655
v 64.03424072 -41.45773697 44.41761780
v 62.18527985 -41.45773697 44.53997040
v 64.08878326 -41.45773697 44.55547333
v 64.14886475 -41.45773697 44.69281387
v 60.61676788 -41.45773697 43.05784225
v 60.54856873 -41.45773697 42.98841858
v 60.56686783 -41.45773697 43.00450516
v 60.58436203 -41.45773697 43.02146912
v 60.60100937 -41.45773697 43.03926086
v 60.52951050 -41.45773697 42.97323990
v 60.64548111 -41.45773697 43.09720230
v 60.63160324 -41.45773697 43.07717133
v 60.48928452 -41.45773697 42.94575500
v 60.50973129 -41.45773697 42.95900726
v 60.65836334 -41.45773697 43.11788177
v 60.46821594 -41.45773697 42.93351746
v 60.68103409 -41.45773697 43.16100311
v 60.67022705 -41.45773697 43.13916397
v 60.69940186 -41.45773697 43.20612335
v 60.69076920 -41.45773697 43.18333817
v 60.70691681 -41.45773697 43.22930145
v 60.71329117 -41.45773697 43.25281906
v 60.42441559 -41.45773697 42.91218948
v 60.44657516 -41.45773697 42.92231750
v 60.33164597 -41.45773697 42.88278198
v 60.35535049 -41.45773697 42.88842773
v 60.37874985 -41.45773697 42.89522171
v 60.40178680 -41.45773697 42.90314865
v 60.30769730 -41.45773697 42.87829590
v 60.71851349 -41.45773697 43.27661896
v 60.72545242 -41.45773697 43.32484055
v 60.72257233 -41.45773697 43.30064392
v 62.10396576 -41.45773697 44.72482681
v 64.21423340 -41.45773697 44.82952881
v 60.72715378 -41.45773697 43.34914398
v 60.72766495 -41.45773697 43.37350464
v 60.72513199 -41.45773697 43.42215729
v 60.23660660 -41.45773697 42.86643600
v 60.72698975 -41.45773697 43.39786148
v 60.06108475 -41.45773697 42.83551788
v 60.07796860 -41.45773697 42.83784866
v 60.09476471 -41.45773697 42.84075165
v 60.02712631 -41.45773697 42.83258820
v 60.04413223 -41.45773697 42.83376312
v 60.01009369 -41.45773697 42.83199310
v 60.71212769 -41.45773697 43.55073166
v 60.16562653 -41.45773697 42.85391998
v 60.71070099 -41.45773697 43.56874084
v 60.71002579 -41.45773697 43.58678436
v 59.94032288 -41.45773697 42.83376312
v 59.95732498 -41.45773697 42.83258820
v 59.97436142 -41.45773697 42.83199310
v 59.92337036 -41.45773697 42.83551788
v 62.00249100 -41.45773697 44.92883682
v 64.28468323 -41.45773697 44.96551895
v 64.33029938 -41.45773697 45.04845810
v 59.88969040 -41.45773697 42.84075165
v 59.90648651 -41.45773697 42.83784866
v 61.88990784 -41.45773697 45.13106918
v 64.37773132 -41.45773697 45.13106918
v 59.60570526 -41.45773697 42.89522171
v 59.62910461 -41.45773697 42.88842773
v 59.65280914 -41.45773697 42.88278198
v 59.58266449 -41.45773697 42.90314865
v 59.67675781 -41.45773697 42.87829590
v 59.51623917 -41.45773697 42.93351746
v 59.53787994 -41.45773697 42.92231750
v 59.56003952 -41.45773697 42.91218948
v 59.49517059 -41.45773697 42.94575500
v 59.43588257 -41.45773697 42.98841858
v 59.45494461 -41.45773697 42.97323990
v 59.47472382 -41.45773697 42.95900726
v 59.41758347 -41.45773697 43.00450516
v 59.40009308 -41.45773697 43.02146912
v 59.35285187 -41.45773697 43.07717133
v 59.36768723 -41.45773697 43.05784225
v 59.38344574 -41.45773697 43.03926086
v 59.32609177 -41.45773697 43.11788177
v 59.33897400 -41.45773697 43.09720230
v 59.29368591 -41.45773697 43.18333817
v 59.30341721 -41.45773697 43.16100311
v 59.31422806 -41.45773697 43.13916397
v 59.27753830 -41.45773697 43.22930145
v 59.28504944 -41.45773697 43.20612335
v 59.27116013 -41.45773697 43.25281906
v 59.26188278 -41.45773697 43.30064392
v 59.26593781 -41.45773697 43.27661896
v 59.25900269 -41.45773697 43.32484055
v 59.25679016 -41.45773697 43.37350464
v 59.25730133 -41.45773697 43.34914398
v 59.25746155 -41.45773697 43.39786148
v 59.25932312 -41.45773697 43.42215729
v 59.74784851 -41.45773697 42.86643600
v 59.27232361 -41.45773697 43.55073166
v 59.81882858 -41.45773697 42.85391998
v 59.27383804 -41.45773697 43.57028198
v 59.27447128 -41.45773697 43.58987808
v 60.71001816 -41.45773697 43.60486221
v 59.27410889 -41.45773697 43.61752319
v 60.71083832 -41.45773697 43.62901306
v 59.27175140 -41.45773697 43.65858841
v 60.71662903 -41.45773697 43.70547485
v 59.26434326 -41.45773697 43.74093628
v 60.72481537 -41.45773697 43.78133392
v 59.25401306 -41.45773697 43.82115555
v 60.73392487 -41.45773697 43.84288788
v 59.23406219 -41.45773697 43.93136215
v 60.74911499 -41.45773697 43.92504501
v 60.76931000 -41.45773697 44.01751709
v 59.20626068 -41.45773697 44.05389404
v 60.79290009 -41.45773697 44.10998535
v 59.16409683 -41.45773697 44.20510101
v 60.81953812 -41.45773697 44.20240402
v 60.84904099 -41.45773697 44.29473114
v 59.10826111 -41.45773697 44.37280655
v 60.89264679 -41.45773697 44.41761780
v 59.04368973 -41.45773697 44.53997040
v 60.94718933 -41.45773697 44.55547333
v 61.00727081 -41.45773697 44.69281387
v 57.40697861 -41.45773697 42.98841858
v 57.42527771 -41.45773697 43.00450516
v 57.44276810 -41.45773697 43.02146912
v 57.47517395 -41.45773697 43.05784225
v 57.45941544 -41.45773697 43.03926086
v 57.36814117 -41.45773697 42.95900726
v 57.38791656 -41.45773697 42.97323990
v 57.51677322 -41.45773697 43.11788177
v 57.49000931 -41.45773697 43.07717133
v 57.50388718 -41.45773697 43.09720230
v 57.30498123 -41.45773697 42.92231750
v 57.32662201 -41.45773697 42.93351746
v 57.34769058 -41.45773697 42.94575500
v 57.52863312 -41.45773697 43.13916397
v 57.54917526 -41.45773697 43.18333817
v 57.28282166 -41.45773697 42.91218948
v 57.53944397 -41.45773697 43.16100311
v 57.16610336 -41.45773697 42.87829590
v 57.19005203 -41.45773697 42.88278198
v 57.21375656 -41.45773697 42.88842773
v 57.23715591 -41.45773697 42.89522171
v 57.26019669 -41.45773697 42.90314865
v 57.55781174 -41.45773697 43.20612335
v 57.56532288 -41.45773697 43.22930145
v 57.57170105 -41.45773697 43.25281906
v 57.57692337 -41.45773697 43.27661896
v 57.58385849 -41.45773697 43.32484055
v 57.58097839 -41.45773697 43.30064392
v 58.96237183 -41.45773697 44.72482681
v 61.07263565 -41.45773697 44.82952881
v 57.58607101 -41.45773697 43.37350464
v 57.58555984 -41.45773697 43.34914398
v 57.58539963 -41.45773697 43.39786148
v 57.58353806 -41.45773697 43.42215729
v 57.09501266 -41.45773697 42.86643600
v 56.91949081 -41.45773697 42.83551788
v 56.93637466 -41.45773697 42.83784866
v 56.95317078 -41.45773697 42.84075165
v 56.90253830 -41.45773697 42.83376312
v 56.86849976 -41.45773697 42.83199310
v 56.88553619 -41.45773697 42.83258820
v 57.57053757 -41.45773697 43.55073166
v 57.02403259 -41.45773697 42.85391998
v 57.56911087 -41.45773697 43.56874084
v 57.56843567 -41.45773697 43.58678436
v 58.86089706 -41.45773697 44.92883682
v 61.14309311 -41.45773697 44.96551895
v 61.18870926 -41.45773697 45.04845810
v 56.76489258 -41.45773697 42.83784866
v 56.78177643 -41.45773697 42.83551788
v 56.79872894 -41.45773697 42.83376312
v 56.81573486 -41.45773697 42.83258820
v 56.74809647 -41.45773697 42.84075165
v 56.83276749 -41.45773697 42.83199310
v 58.74831390 -41.45773697 45.13106918
v 61.23613739 -41.45773697 45.13106918
v 56.48751450 -41.45773697 42.88842773
v 56.51121521 -41.45773697 42.88278198
v 56.53516388 -41.45773697 42.87829590
v 56.44107437 -41.45773697 42.90314865
v 56.46411514 -41.45773697 42.89522171
v 56.39628601 -41.45773697 42.92231750
v 56.41844559 -41.45773697 42.91218948
v 56.35357666 -41.45773697 42.94575500
v 56.37464523 -41.45773697 42.93351746
v 56.33312988 -41.45773697 42.95900726
v 56.27599335 -41.45773697 43.00450516
v 56.29429245 -41.45773697 42.98841858
v 56.31335068 -41.45773697 42.97323990
v 56.24185181 -41.45773697 43.03926086
v 56.25849915 -41.45773697 43.02146912
v 56.22609329 -41.45773697 43.05784225
v 56.19738007 -41.45773697 43.09720230
v 56.21125793 -41.45773697 43.07717133
v 56.18449783 -41.45773697 43.11788177
v 56.17263412 -41.45773697 43.13916397
v 56.13594437 -41.45773697 43.22930145
v 56.14345932 -41.45773697 43.20612335
v 56.15209198 -41.45773697 43.18333817
v 56.12957001 -41.45773697 43.25281906
v 56.16182709 -41.45773697 43.16100311
v 56.12028885 -41.45773697 43.30064392
v 56.12434769 -41.45773697 43.27661896
v 56.11519623 -41.45773697 43.37350464
v 56.11570740 -41.45773697 43.34914398
v 56.11740875 -41.45773697 43.32484055
v 56.11772919 -41.45773697 43.42215729
v 56.60625839 -41.45773697 42.86643600
v 56.11587143 -41.45773697 43.39786148
v 56.13073349 -41.45773697 43.55073166
v 56.67723465 -41.45773697 42.85391998
v 56.13224411 -41.45773697 43.57028198
v 56.13288116 -41.45773697 43.58987808
v 57.56842804 -41.45773697 43.60486221
v 56.13251495 -41.45773697 43.61752319
v 57.56924438 -41.45773697 43.62901306
v 56.13015747 -41.45773697 43.65858841
v 57.57503510 -41.45773697 43.70547485
v 56.12274933 -41.45773697 43.74093628
v 57.58322144 -41.45773697 43.78133392
v 56.11241913 -41.45773697 43.82115555
v 57.59233475 -41.45773697 43.84288788
v 56.09246826 -41.45773697 43.93136215
v 57.60752487 -41.45773697 43.92504501
v 57.62771988 -41.45773697 44.01751709
v 56.06466675 -41.45773697 44.05389404
v 57.65130615 -41.45773697 44.10998535
v 56.02250290 -41.45773697 44.20510101
v 57.67794418 -41.45773697 44.20240402
v 57.70745087 -41.45773697 44.29473114
v 55.96667099 -41.45773697 44.37280655
v 57.75105286 -41.45773697 44.41761780
v 55.90209579 -41.45773697 44.53997040
v 57.80559921 -41.45773697 44.55547333
v 57.86567688 -41.45773697 44.69281387
v 54.22654724 -41.45773697 42.95900726
v 54.24632263 -41.45773697 42.97323990
v 54.26538467 -41.45773697 42.98841858
v 54.28368378 -41.45773697 43.00450516
v 54.30117798 -41.45773697 43.02146912
v 54.31782150 -41.45773697 43.03926086
v 54.33358383 -41.45773697 43.05784225
v 54.34841919 -41.45773697 43.07717133
v 54.37517929 -41.45773697 43.11788177
v 54.36229324 -41.45773697 43.09720230
v 54.16339111 -41.45773697 42.92231750
v 54.18503189 -41.45773697 42.93351746
v 54.20610046 -41.45773697 42.94575500
v 54.14123154 -41.45773697 42.91218948
v 54.11860275 -41.45773697 42.90314865
v 54.38703918 -41.45773697 43.13916397
v 54.09556198 -41.45773697 42.89522171
v 54.39785004 -41.45773697 43.16100311
v 54.42373276 -41.45773697 43.22930145
v 54.40758514 -41.45773697 43.18333817
v 54.41621780 -41.45773697 43.20612335
v 54.43010712 -41.45773697 43.25281906
v 54.07216263 -41.45773697 42.88842773
v 54.04846191 -41.45773697 42.88278198
v 54.43532944 -41.45773697 43.27661896
v 54.02450943 -41.45773697 42.87829590
v 54.43938446 -41.45773697 43.30064392
v 55.82077789 -41.45773697 44.72482681
v 57.93104553 -41.45773697 44.82952881
v 54.44448090 -41.45773697 43.37350464
v 54.44226837 -41.45773697 43.32484055
v 54.44396591 -41.45773697 43.34914398
v 54.44194412 -41.45773697 43.42215729
v 53.95341873 -41.45773697 42.86643600
v 54.44380569 -41.45773697 43.39786148
v 53.76094437 -41.45773697 42.83376312
v 53.77790070 -41.45773697 42.83551788
v 53.79478455 -41.45773697 42.83784866
v 53.72690964 -41.45773697 42.83199310
v 53.74394226 -41.45773697 42.83258820
v 53.81157684 -41.45773697 42.84075165
v 54.42894363 -41.45773697 43.55073166
v 53.88243866 -41.45773697 42.85391998
v 54.42751694 -41.45773697 43.56874084
v 54.42684174 -41.45773697 43.58678436
v 53.65713882 -41.45773697 42.83376312
v 53.67414093 -41.45773697 42.83258820
v 53.69117355 -41.45773697 42.83199310
v 55.71930313 -41.45773697 44.92883682
v 58.00150299 -41.45773697 44.96551895
v 58.04711914 -41.45773697 45.04845810
v 53.62329865 -41.45773697 42.83784866
v 53.64018250 -41.45773697 42.83551788
v 53.60650635 -41.45773697 42.84075165
v 55.60672379 -41.45773697 45.13106918
v 58.09454727 -41.45773697 45.13106918
v 58.31245041 -41.45773697 45.13581848
v 53.32252121 -41.45773697 42.89522171
v 53.34592056 -41.45773697 42.88842773
v 53.36962128 -41.45773697 42.88278198
v 53.39357376 -41.45773697 42.87829590
v 53.23305511 -41.45773697 42.93351746
v 53.25469208 -41.45773697 42.92231750
v 53.27685165 -41.45773697 42.91218948
v 53.29948044 -41.45773697 42.90314865
v 53.21198273 -41.45773697 42.94575500
v 55.38881683 -41.45773697 45.13581848
v 53.15269852 -41.45773697 42.98841858
v 53.17176056 -41.45773697 42.97323990
v 53.19153595 -41.45773697 42.95900726
v 53.13439941 -41.45773697 43.00450516
v 53.11690521 -41.45773697 43.02146912
v 53.10026169 -41.45773697 43.03926086
v 53.08449936 -41.45773697 43.05784225
v 53.06966400 -41.45773697 43.07717133
v 53.05578995 -41.45773697 43.09720230
v 53.04290390 -41.45773697 43.11788177
v 53.03104401 -41.45773697 43.13916397
v 53.00186539 -41.45773697 43.20612335
v 53.01049805 -41.45773697 43.18333817
v 53.02023315 -41.45773697 43.16100311
v 52.99435043 -41.45773697 43.22930145
v 52.97869873 -41.45773697 43.30064392
v 52.98275375 -41.45773697 43.27661896
v 52.98797607 -41.45773697 43.25281906
v 52.97360229 -41.45773697 43.37350464
v 52.97411728 -41.45773697 43.34914398
v 52.97581482 -41.45773697 43.32484055
v 52.97613907 -41.45773697 43.42215729
v 53.46466446 -41.45773697 42.86643600
v 52.97427750 -41.45773697 43.39786148
v 52.98913956 -41.45773697 43.55073166
v 53.53564453 -41.45773697 42.85391998
v 52.99065399 -41.45773697 43.57028198
v 52.99128723 -41.45773697 43.58987808
v 54.42683411 -41.45773697 43.60486221
v 52.99092102 -41.45773697 43.61752319
v 54.42765045 -41.45773697 43.62901306
v 52.98856354 -41.45773697 43.65858841
v 54.43344498 -41.45773697 43.70547485
v 52.98115921 -41.45773697 43.74093628
v 54.44162750 -41.45773697 43.78133392
v 52.97082520 -41.45773697 43.82115555
v 54.45074081 -41.45773697 43.84288788
v 52.95087433 -41.45773697 43.93136215
v 54.46593094 -41.45773697 43.92504501
v 54.48612595 -41.45773697 44.01751709
v 52.92307281 -41.45773697 44.05389404
v 54.50971222 -41.45773697 44.10998535
v 52.88091278 -41.45773697 44.20510101
v 54.53635025 -41.45773697 44.20240402
v 54.56585693 -41.45773697 44.29473114
v 52.82507706 -41.45773697 44.37280655
v 54.60946274 -41.45773697 44.41761780
v 52.76050186 -41.45773697 44.53997040
v 54.66400528 -41.45773697 44.55547333
v 54.72408295 -41.45773697 44.69281387
v 51.17623138 -41.45773697 43.03926086
v 51.14208984 -41.45773697 43.00450516
v 51.15958405 -41.45773697 43.02146912
v 51.12379074 -41.45773697 42.98841858
v 51.20682526 -41.45773697 43.07717133
v 51.19198990 -41.45773697 43.05784225
v 51.22070312 -41.45773697 43.09720230
v 51.08495331 -41.45773697 42.95900726
v 51.10473251 -41.45773697 42.97323990
v 51.06450653 -41.45773697 42.94575500
v 51.24544907 -41.45773697 43.13916397
v 51.23358536 -41.45773697 43.11788177
v 51.25625610 -41.45773697 43.16100311
v 51.04343796 -41.45773697 42.93351746
v 51.27462387 -41.45773697 43.20612335
v 51.26599121 -41.45773697 43.18333817
v 51.28213882 -41.45773697 43.22930145
v 50.95397186 -41.45773697 42.89522171
v 50.97700882 -41.45773697 42.90314865
v 50.99963760 -41.45773697 42.91218948
v 51.02179718 -41.45773697 42.92231750
v 50.93057251 -41.45773697 42.88842773
v 51.29373550 -41.45773697 43.27661896
v 50.90686798 -41.45773697 42.88278198
v 51.28851318 -41.45773697 43.25281906
v 50.88291931 -41.45773697 42.87829590
v 51.29779434 -41.45773697 43.30064392
v 52.67918777 -41.45773697 44.72482681
v 54.78945160 -41.45773697 44.82952881
v 51.30237579 -41.45773697 43.34914398
v 51.30067444 -41.45773697 43.32484055
v 51.30035400 -41.45773697 43.42215729
v 50.81182861 -41.45773697 42.86643600
v 51.30288696 -41.45773697 43.37350464
v 51.30221176 -41.45773697 43.39786148
v 50.60234833 -41.45773697 42.83258820
v 50.61935425 -41.45773697 42.83376312
v 50.63630676 -41.45773697 42.83551788
v 50.65319061 -41.45773697 42.83784866
v 50.58531570 -41.45773697 42.83199310
v 50.66998672 -41.45773697 42.84075165
v 51.28734970 -41.45773697 43.55073166
v 50.74084854 -41.45773697 42.85391998
v 51.28592300 -41.45773697 43.56874084
v 51.28524780 -41.45773697 43.58678436
v 52.57771301 -41.45773697 44.92883682
v 54.85990906 -41.45773697 44.96551895
v 54.90552521 -41.45773697 45.04845810
v 50.48170853 -41.45773697 42.83784866
v 50.49859238 -41.45773697 42.83551788
v 50.51554489 -41.45773697 42.83376312
v 50.53254700 -41.45773697 42.83258820
v 50.46491241 -41.45773697 42.84075165
v 50.54958344 -41.45773697 42.83199310
v 52.46512985 -41.45773697 45.13106918
v 54.95295334 -41.45773697 45.13106918
v 55.17086029 -41.45773697 45.13581848
v 50.20432663 -41.45773697 42.88842773
v 50.22803116 -41.45773697 42.88278198
v 50.25197983 -41.45773697 42.87829590
v 50.13526154 -41.45773697 42.91218948
v 50.15788651 -41.45773697 42.90314865
v 50.18092728 -41.45773697 42.89522171
v 50.07039261 -41.45773697 42.94575500
v 50.09146118 -41.45773697 42.93351746
v 50.11310196 -41.45773697 42.92231750
v 52.24722290 -41.45773697 45.13581848
v 50.01110458 -41.45773697 42.98841858
v 50.03016663 -41.45773697 42.97323990
v 50.04994583 -41.45773697 42.95900726
v 49.95866776 -41.45773697 43.03926086
v 49.97531509 -41.45773697 43.02146912
v 49.99280548 -41.45773697 43.00450516
v 49.91419601 -41.45773697 43.09720230
v 49.92807388 -41.45773697 43.07717133
v 49.94290924 -41.45773697 43.05784225
v 49.88945007 -41.45773697 43.13916397
v 49.90131378 -41.45773697 43.11788177
v 49.87863922 -41.45773697 43.16100311
v 49.86027145 -41.45773697 43.20612335
v 49.86890793 -41.45773697 43.18333817
v 49.85276031 -41.45773697 43.22930145
v 49.84115982 -41.45773697 43.27661896
v 49.84638214 -41.45773697 43.25281906
v 49.83422470 -41.45773697 43.32484055
v 49.83710480 -41.45773697 43.30064392
v 49.83268356 -41.45773697 43.39786148
v 49.83201218 -41.45773697 43.37350464
v 49.83252335 -41.45773697 43.34914398
v 49.83454514 -41.45773697 43.42215729
v 50.32307053 -41.45773697 42.86643600
v 49.84754562 -41.45773697 43.55073166
v 50.39405060 -41.45773697 42.85391998
v 49.84906006 -41.45773697 43.57028198
v 49.84969330 -41.45773697 43.58987808
v 51.28524017 -41.45773697 43.60486221
v 49.84933090 -41.45773697 43.61752319
v 51.28606033 -41.45773697 43.62901306
v 49.84697342 -41.45773697 43.65858841
v 51.29185104 -41.45773697 43.70547485
v 49.83956528 -41.45773697 43.74093628
v 51.30003738 -41.45773697 43.78133392
v 49.82923508 -41.45773697 43.82115555
v 51.30914688 -41.45773697 43.84288788
v 49.80928421 -41.45773697 43.93136215
v 51.32433701 -41.45773697 43.92504501
v 51.34453201 -41.45773697 44.01751709
v 49.78148270 -41.45773697 44.05389404
v 51.36812210 -41.45773697 44.10998535
v 49.73931885 -41.45773697 44.20510101
v 51.39476013 -41.45773697 44.20240402
v 51.42426300 -41.45773697 44.29473114
v 49.68348312 -41.45773697 44.37280655
v 51.46786880 -41.45773697 44.41761780
v 49.61891174 -41.45773697 44.53997040
v 51.52241135 -41.45773697 44.55547333
v 51.58249283 -41.45773697 44.69281387
v 48.07910919 -41.45773697 43.09720230
v 48.01799011 -41.45773697 43.02146912
v 48.03463745 -41.45773697 43.03926086
v 48.05039597 -41.45773697 43.05784225
v 48.06523132 -41.45773697 43.07717133
v 47.92291260 -41.45773697 42.94575500
v 47.94336319 -41.45773697 42.95900726
v 47.96313858 -41.45773697 42.97323990
v 47.98220062 -41.45773697 42.98841858
v 48.00049973 -41.45773697 43.00450516
v 48.09199524 -41.45773697 43.11788177
v 47.88020325 -41.45773697 42.92231750
v 47.90184402 -41.45773697 42.93351746
v 47.83541870 -41.45773697 42.90314865
v 47.85804367 -41.45773697 42.91218948
v 47.81237793 -41.45773697 42.89522171
v 48.10385513 -41.45773697 43.13916397
v 48.14054489 -41.45773697 43.22930145
v 48.12439728 -41.45773697 43.18333817
v 48.13303375 -41.45773697 43.20612335
v 47.78897858 -41.45773697 42.88842773
v 48.11466599 -41.45773697 43.16100311
v 48.15620041 -41.45773697 43.30064392
v 48.14692307 -41.45773697 43.25281906
v 48.15214539 -41.45773697 43.27661896
v 47.76527405 -41.45773697 42.88278198
v 49.53759384 -41.45773697 44.72482681
v 51.64785767 -41.45773697 44.82952881
v 48.16062164 -41.45773697 43.39786148
v 48.15908051 -41.45773697 43.32484055
v 48.16078186 -41.45773697 43.34914398
v 48.16129303 -41.45773697 43.37350464
v 48.15876007 -41.45773697 43.42215729
v 47.67023468 -41.45773697 42.86643600
v 47.74132538 -41.45773697 42.87829590
v 47.49471283 -41.45773697 42.83551788
v 47.51159668 -41.45773697 42.83784866
v 47.52839279 -41.45773697 42.84075165
v 47.47776031 -41.45773697 42.83376312
v 47.44372177 -41.45773697 42.83199310
v 47.46075821 -41.45773697 42.83258820
v 48.14575958 -41.45773697 43.55073166
v 47.59925461 -41.45773697 42.85391998
v 48.14433289 -41.45773697 43.56874084
v 48.14365768 -41.45773697 43.58678436
v 47.35699844 -41.45773697 42.83551788
v 47.37395096 -41.45773697 42.83376312
v 47.39095688 -41.45773697 42.83258820
v 47.40798950 -41.45773697 42.83199310
v 49.43611908 -41.45773697 44.92883682
v 51.71831512 -41.45773697 44.96551895
v 51.76393127 -41.45773697 45.04845810
v 47.34011459 -41.45773697 42.83784866
v 47.32331848 -41.45773697 42.84075165
v 49.32353592 -41.45773697 45.13106918
v 51.81135941 -41.45773697 45.13106918
v 47.03933716 -41.45773697 42.89522171
v 47.06273651 -41.45773697 42.88842773
v 47.08643723 -41.45773697 42.88278198
v 47.11038589 -41.45773697 42.87829590
v 47.01629639 -41.45773697 42.90314865
v 46.99366760 -41.45773697 42.91218948
v 46.94986725 -41.45773697 42.93351746
v 46.97150803 -41.45773697 42.92231750
v 49.10563278 -41.45773697 45.13581848
v 52.02926636 -41.45773697 45.13581848
v 46.90835190 -41.45773697 42.95900726
v 46.92879868 -41.45773697 42.94575500
v 46.86951447 -41.45773697 42.98841858
v 46.88857269 -41.45773697 42.97323990
v 46.85121536 -41.45773697 43.00450516
v 46.83372116 -41.45773697 43.02146912
v 46.78647995 -41.45773697 43.07717133
v 46.80131531 -41.45773697 43.05784225
v 46.81707382 -41.45773697 43.03926086
v 46.75971985 -41.45773697 43.11788177
v 46.77260208 -41.45773697 43.09720230
v 46.73704910 -41.45773697 43.16100311
v 46.74785614 -41.45773697 43.13916397
v 46.72731400 -41.45773697 43.18333817
v 46.71868134 -41.45773697 43.20612335
v 46.70479202 -41.45773697 43.25281906
v 46.71116638 -41.45773697 43.22930145
v 46.69551086 -41.45773697 43.30064392
v 46.69956970 -41.45773697 43.27661896
v 46.69092941 -41.45773697 43.34914398
v 46.69263077 -41.45773697 43.32484055
v 46.69109344 -41.45773697 43.39786148
v 46.69041824 -41.45773697 43.37350464
v 46.69295120 -41.45773697 43.42215729
v 47.18148041 -41.45773697 42.86643600
v 46.70595551 -41.45773697 43.55073166
v 47.25245667 -41.45773697 42.85391998
v 46.70746613 -41.45773697 43.57028198
v 46.70810318 -41.45773697 43.58987808
v 48.14365005 -41.45773697 43.60486221
v 46.70773697 -41.45773697 43.61752319
v 48.14446640 -41.45773697 43.62901306
v 46.70537949 -41.45773697 43.65858841
v 48.15025711 -41.45773697 43.70547485
v 46.69797134 -41.45773697 43.74093628
v 48.15844345 -41.45773697 43.78133392
v 46.68764114 -41.45773697 43.82115555
v 48.16755676 -41.45773697 43.84288788
v 46.66769028 -41.45773697 43.93136215
v 48.18274689 -41.45773697 43.92504501
v 48.20294189 -41.45773697 44.01751709
v 46.63988876 -41.45773697 44.05389404
v 48.22652817 -41.45773697 44.10998535
v 46.59772491 -41.45773697 44.20510101
v 48.25316620 -41.45773697 44.20240402
v 48.28267288 -41.45773697 44.29473114
v 46.54189301 -41.45773697 44.37280655
v 48.32627487 -41.45773697 44.41761780
v 46.47731781 -41.45773697 44.53997040
v 48.38082123 -41.45773697 44.55547333
v 48.44089890 -41.45773697 44.69281387
v 44.82154465 -41.45773697 42.97323990
v 44.84060669 -41.45773697 42.98841858
v 44.85890579 -41.45773697 43.00450516
v 44.80176926 -41.45773697 42.95900726
v 44.87639999 -41.45773697 43.02146912
v 44.89304352 -41.45773697 43.03926086
v 44.90880585 -41.45773697 43.05784225
v 44.92364120 -41.45773697 43.07717133
v 44.93751526 -41.45773697 43.09720230
v 44.73861313 -41.45773697 42.92231750
v 44.76025391 -41.45773697 42.93351746
v 44.78132248 -41.45773697 42.94575500
v 44.98280716 -41.45773697 43.18333817
v 44.95040131 -41.45773697 43.11788177
v 44.96226120 -41.45773697 43.13916397
v 44.97307205 -41.45773697 43.16100311
v 44.69382477 -41.45773697 42.90314865
v 44.71645355 -41.45773697 42.91218948
v 44.67078400 -41.45773697 42.89522171
v 45.00532913 -41.45773697 43.25281906
v 44.99143982 -41.45773697 43.20612335
v 44.99895477 -41.45773697 43.22930145
v 44.59973145 -41.45773697 42.87829590
v 44.62368393 -41.45773697 42.88278198
v 44.64738464 -41.45773697 42.88842773
v 45.01460648 -41.45773697 43.30064392
v 45.01055145 -41.45773697 43.27661896
v 46.39599991 -41.45773697 44.72482681
v 48.50626755 -41.45773697 44.82952881
v 45.01970291 -41.45773697 43.37350464
v 45.01749039 -41.45773697 43.32484055
v 45.01918793 -41.45773697 43.34914398
v 45.01716614 -41.45773697 43.42215729
v 45.01902771 -41.45773697 43.39786148
v 44.52864075 -41.45773697 42.86643600
v 44.31916428 -41.45773697 42.83258820
v 44.33616638 -41.45773697 42.83376312
v 44.35312271 -41.45773697 42.83551788
v 44.37000656 -41.45773697 42.83784866
v 44.30213165 -41.45773697 42.83199310
v 44.38679886 -41.45773697 42.84075165
v 45.00416565 -41.45773697 43.55073166
v 44.45766068 -41.45773697 42.85391998
v 45.00273895 -41.45773697 43.56874084
v 45.00206375 -41.45773697 43.58678436
v 46.29452515 -41.45773697 44.92883682
v 48.57672501 -41.45773697 44.96551895
v 48.62234116 -41.45773697 45.04845810
v 44.19852066 -41.45773697 42.83784866
v 44.21540451 -41.45773697 42.83551788
v 44.23236084 -41.45773697 42.83376312
v 44.18172836 -41.45773697 42.84075165
v 44.24936295 -41.45773697 42.83258820
v 44.26639557 -41.45773697 42.83199310
v 46.18194580 -41.45773697 45.13106918
v 48.66976929 -41.45773697 45.13106918
v 43.92114258 -41.45773697 42.88842773
v 43.94484329 -41.45773697 42.88278198
v 43.96879578 -41.45773697 42.87829590
v 43.89774323 -41.45773697 42.89522171
v 43.82991409 -41.45773697 42.92231750
v 43.85207367 -41.45773697 42.91218948
v 43.87470245 -41.45773697 42.90314865
v 43.80827713 -41.45773697 42.93351746
v 43.78720474 -41.45773697 42.94575500
v 45.96403885 -41.45773697 45.13581848
v 48.88767242 -41.45773697 45.13581848
v 43.74698257 -41.45773697 42.97323990
v 43.76675797 -41.45773697 42.95900726
v 43.70962143 -41.45773697 43.00450516
v 43.72792053 -41.45773697 42.98841858
v 43.69212723 -41.45773697 43.02146912
v 43.65972137 -41.45773697 43.05784225
v 43.67548370 -41.45773697 43.03926086
v 43.61812592 -41.45773697 43.11788177
v 43.63101196 -41.45773697 43.09720230
v 43.64488602 -41.45773697 43.07717133
v 43.60626602 -41.45773697 43.13916397
v 43.59545517 -41.45773697 43.16100311
v 43.56319809 -41.45773697 43.25281906
v 43.56957245 -41.45773697 43.22930145
v 43.57708740 -41.45773697 43.20612335
v 43.58572006 -41.45773697 43.18333817
v 43.55797577 -41.45773697 43.27661896
v 43.55392075 -41.45773697 43.30064392
v 43.55103683 -41.45773697 43.32484055
v 43.54933929 -41.45773697 43.34914398
v 43.54949951 -41.45773697 43.39786148
v 43.54882431 -41.45773697 43.37350464
v 43.55136108 -41.45773697 43.42215729
v 44.03988647 -41.45773697 42.86643600
v 43.56436157 -41.45773697 43.55073166
v 44.11086655 -41.45773697 42.85391998
v 43.56587601 -41.45773697 43.57028198
v 43.56650925 -41.45773697 43.58987808
v 45.00205612 -41.45773697 43.60486221
v 43.56614304 -41.45773697 43.61752319
v 45.00287247 -41.45773697 43.62901306
v 43.56378555 -41.45773697 43.65858841
v 45.00866699 -41.45773697 43.70547485
v 43.55638123 -41.45773697 43.74093628
v 45.01684952 -41.45773697 43.78133392
v 43.54604721 -41.45773697 43.82115555
v 45.02596283 -41.45773697 43.84288788
v 43.52609634 -41.45773697 43.93136215
v 45.04115295 -41.45773697 43.92504501
v 45.06134796 -41.45773697 44.01751709
v 43.49829483 -41.45773697 44.05389404
v 45.08493423 -41.45773697 44.10998535
v 43.45613480 -41.45773697 44.20510101
v 45.11157227 -41.45773697 44.20240402
v 45.14107895 -41.45773697 44.29473114
v 43.40029907 -41.45773697 44.37280655
v 45.18468475 -41.45773697 44.41761780
v 43.33572388 -41.45773697 44.53997040
v 45.23922729 -41.45773697 44.55547333
v 45.29930496 -41.45773697 44.69281387
v 41.69901276 -41.45773697 42.98841858
v 41.71731186 -41.45773697 43.00450516
v 41.73480606 -41.45773697 43.02146912
v 41.76721191 -41.45773697 43.05784225
v 41.75145340 -41.45773697 43.03926086
v 41.67995453 -41.45773697 42.97323990
v 41.79592514 -41.45773697 43.09720230
v 41.78204727 -41.45773697 43.07717133
v 41.80880737 -41.45773697 43.11788177
v 41.66017532 -41.45773697 42.95900726
v 41.61865997 -41.45773697 42.93351746
v 41.63972855 -41.45773697 42.94575500
v 41.83147812 -41.45773697 43.16100311
v 41.82067108 -41.45773697 43.13916397
v 41.84121323 -41.45773697 43.18333817
v 41.57485962 -41.45773697 42.91218948
v 41.59701920 -41.45773697 42.92231750
v 41.52919388 -41.45773697 42.89522171
v 41.55223083 -41.45773697 42.90314865
v 41.84984589 -41.45773697 43.20612335
v 41.85736084 -41.45773697 43.22930145
v 41.45814133 -41.45773697 42.87829590
v 41.48209000 -41.45773697 42.88278198
v 41.50579453 -41.45773697 42.88842773
v 41.86373520 -41.45773697 43.25281906
v 41.86895752 -41.45773697 43.27661896
v 41.87301636 -41.45773697 43.30064392
v 43.25440979 -41.45773697 44.72482681
v 45.36467361 -41.45773697 44.82952881
v 41.87810898 -41.45773697 43.37350464
v 41.87589645 -41.45773697 43.32484055
v 41.87759781 -41.45773697 43.34914398
v 41.87743378 -41.45773697 43.39786148
v 41.87557602 -41.45773697 43.42215729
v 41.38705063 -41.45773697 42.86643600
v 41.17757034 -41.45773697 42.83258820
v 41.19457626 -41.45773697 42.83376312
v 41.21152878 -41.45773697 42.83551788
v 41.16053772 -41.45773697 42.83199310
v 41.22841263 -41.45773697 42.83784866
v 41.24520874 -41.45773697 42.84075165
v 41.86257172 -41.45773697 43.55073166
v 41.31607056 -41.45773697 42.85391998
v 41.86114502 -41.45773697 43.56874084
v 41.86046982 -41.45773697 43.58678436
v 41.07381439 -41.45773697 42.83551788
v 41.09076691 -41.45773697 42.83376312
v 41.10776901 -41.45773697 42.83258820
v 41.12480545 -41.45773697 42.83199310
v 43.15293503 -41.45773697 44.92883682
v 45.43513107 -41.45773697 44.96551895
v 45.48074722 -41.45773697 45.04845810
v 41.04013443 -41.45773697 42.84075165
v 41.05693054 -41.45773697 42.83784866
v 43.04035187 -41.45773697 45.13106918
v 45.52817535 -41.45773697 45.13106918
v 40.77954865 -41.45773697 42.88842773
v 40.80325317 -41.45773697 42.88278198
v 40.82720184 -41.45773697 42.87829590
v 40.75614929 -41.45773697 42.89522171
v 40.73310852 -41.45773697 42.90314865
v 40.68832397 -41.45773697 42.92231750
v 40.71048355 -41.45773697 42.91218948
v 40.66668320 -41.45773697 42.93351746
v 42.82244492 -41.45773697 45.13581848
v 45.74608231 -41.45773697 45.13581848
v 40.58632660 -41.45773697 42.98841858
v 40.60538864 -41.45773697 42.97323990
v 40.62516785 -41.45773697 42.95900726
v 40.56802750 -41.45773697 43.00450516
v 40.51813126 -41.45773697 43.05784225
v 40.53388977 -41.45773697 43.03926086
v 40.55053711 -41.45773697 43.02146912
v 40.64561462 -41.45773697 42.94575500
v 40.50329590 -41.45773697 43.07717133
v 40.46467209 -41.45773697 43.13916397
v 40.47653580 -41.45773697 43.11788177
v 40.48941803 -41.45773697 43.09720230
v 40.45386124 -41.45773697 43.16100311
v 40.42798233 -41.45773697 43.22930145
v 40.43549347 -41.45773697 43.20612335
v 40.44412994 -41.45773697 43.18333817
v 40.42160416 -41.45773697 43.25281906
v 40.41232681 -41.45773697 43.30064392
v 40.41638184 -41.45773697 43.27661896
v 40.40774536 -41.45773697 43.34914398
v 40.40944672 -41.45773697 43.32484055
v 40.40790558 -41.45773697 43.39786148
v 40.40723419 -41.45773697 43.37350464
v 40.40976715 -41.45773697 43.42215729
v 40.89829254 -41.45773697 42.86643600
v 40.42276764 -41.45773697 43.55073166
v 40.96927261 -41.45773697 42.85391998
v 40.42428207 -41.45773697 43.57028198
v 40.42491531 -41.45773697 43.58987808
v 41.86046219 -41.45773697 43.60486221
v 40.42455292 -41.45773697 43.61752319
v 41.86128235 -41.45773697 43.62901306
v 40.42219543 -41.45773697 43.65858841
v 41.86707306 -41.45773697 43.70547485
v 40.41478729 -41.45773697 43.74093628
v 41.87525940 -41.45773697 43.78133392
v 40.40445709 -41.45773697 43.82115555
v 41.88436890 -41.45773697 43.84288788
v 40.38450623 -41.45773697 43.93136215
v 41.89955902 -41.45773697 43.92504501
v 41.91975403 -41.45773697 44.01751709
v 40.35670471 -41.45773697 44.05389404
v 41.94334412 -41.45773697 44.10998535
v 40.31454086 -41.45773697 44.20510101
v 41.96998215 -41.45773697 44.20240402
v 41.99948502 -41.45773697 44.29473114
v 40.25870895 -41.45773697 44.37280655
v 42.04309082 -41.45773697 44.41761780
v 40.19413376 -41.45773697 44.53997040
v 42.09763336 -41.45773697 44.55547333
v 42.15771484 -41.45773697 44.69281387
v 38.60985947 -41.45773697 43.03926086
v 38.57572174 -41.45773697 43.00450516
v 38.59321213 -41.45773697 43.02146912
v 38.55742264 -41.45773697 42.98841858
v 38.65433121 -41.45773697 43.09720230
v 38.53836060 -41.45773697 42.97323990
v 38.62561798 -41.45773697 43.05784225
v 38.64045715 -41.45773697 43.07717133
v 38.68988800 -41.45773697 43.16100311
v 38.66721725 -41.45773697 43.11788177
v 38.67907715 -41.45773697 43.13916397
v 38.43326569 -41.45773697 42.91218948
v 38.45542526 -41.45773697 42.92231750
v 38.47706604 -41.45773697 42.93351746
v 38.69961929 -41.45773697 43.18333817
v 38.49813461 -41.45773697 42.94575500
v 38.51858521 -41.45773697 42.95900726
v 38.41064072 -41.45773697 42.90314865
v 38.72214508 -41.45773697 43.25281906
v 38.38759995 -41.45773697 42.89522171
v 38.70825577 -41.45773697 43.20612335
v 38.71576691 -41.45773697 43.22930145
v 38.73142242 -41.45773697 43.30064392
v 38.34049606 -41.45773697 42.88278198
v 38.36420059 -41.45773697 42.88842773
v 38.72736740 -41.45773697 43.27661896
v 40.11281586 -41.45773697 44.72482681
v 42.22307968 -41.45773697 44.82952881
v 38.73600388 -41.45773697 43.34914398
v 38.31654739 -41.45773697 42.87829590
v 38.73430634 -41.45773697 43.32484055
v 38.73584366 -41.45773697 43.39786148
v 38.73651505 -41.45773697 43.37350464
v 38.73398209 -41.45773697 43.42215729
v 38.24545670 -41.45773697 42.86643600
v 38.05298233 -41.45773697 42.83376312
v 38.06993484 -41.45773697 42.83551788
v 38.08681870 -41.45773697 42.83784866
v 38.03598022 -41.45773697 42.83258820
v 38.01894379 -41.45773697 42.83199310
v 38.10361481 -41.45773697 42.84075165
v 38.72098160 -41.45773697 43.55073166
v 38.17447662 -41.45773697 42.85391998
v 37.98321152 -41.45773697 42.83199310
v 38.71955490 -41.45773697 43.56874084
v 38.71887970 -41.45773697 43.58678436
v 37.94917297 -41.45773697 42.83376312
v 37.96617889 -41.45773697 42.83258820
v 37.93222046 -41.45773697 42.83551788
v 40.01134109 -41.45773697 44.92883682
v 42.29353714 -41.45773697 44.96551895
v 42.33915329 -41.45773697 45.04845810
v 37.89854050 -41.45773697 42.84075165
v 37.91533661 -41.45773697 42.83784866
v 39.89875793 -41.45773697 45.13106918
v 42.38658142 -41.45773697 45.13106918
v 37.63795853 -41.45773697 42.88842773
v 37.66165924 -41.45773697 42.88278198
v 37.68560791 -41.45773697 42.87829590
v 37.61455917 -41.45773697 42.89522171
v 37.59151840 -41.45773697 42.90314865
v 37.54673004 -41.45773697 42.92231750
v 37.56888962 -41.45773697 42.91218948
v 37.50402069 -41.45773697 42.94575500
v 37.52508926 -41.45773697 42.93351746
v 39.68085480 -41.45773697 45.13581848
v 42.60448837 -41.45773697 45.13581848
v 37.44473648 -41.45773697 42.98841858
v 37.46379471 -41.45773697 42.97323990
v 37.48357391 -41.45773697 42.95900726
v 37.40894318 -41.45773697 43.02146912
v 37.42643738 -41.45773697 43.00450516
v 37.33494186 -41.45773697 43.11788177
v 37.34782410 -41.45773697 43.09720230
v 37.36170197 -41.45773697 43.07717133
v 37.37653732 -41.45773697 43.05784225
v 37.39229584 -41.45773697 43.03926086
v 37.31227112 -41.45773697 43.16100311
v 37.32308197 -41.45773697 43.13916397
v 37.28638840 -41.45773697 43.22930145
v 37.29390335 -41.45773697 43.20612335
v 37.30253601 -41.45773697 43.18333817
v 37.28001404 -41.45773697 43.25281906
v 37.27479172 -41.45773697 43.27661896
v 37.27073288 -41.45773697 43.30064392
v 37.26564026 -41.45773697 43.37350464
v 37.26785278 -41.45773697 43.32484055
v 37.26615524 -41.45773697 43.34914398
v 37.26631546 -41.45773697 43.39786148
v 37.26817322 -41.45773697 43.42215729
v 37.75670242 -41.45773697 42.86643600
v 37.28117752 -41.45773697 43.55073166
v 37.82767868 -41.45773697 42.85391998
v 37.28268814 -41.45773697 43.57028198
v 37.28332520 -41.45773697 43.58987808
v 38.71887207 -41.45773697 43.60486221
v 37.28295898 -41.45773697 43.61752319
v 38.71968842 -41.45773697 43.62901306
v 37.28060150 -41.45773697 43.65858841
v 38.72547913 -41.45773697 43.70547485
v 37.27319336 -41.45773697 43.74093628
v 38.73366547 -41.45773697 43.78133392
v 37.26286316 -41.45773697 43.82115555
v 38.74277878 -41.45773697 43.84288788
v 37.24291229 -41.45773697 43.93136215
v 38.75796890 -41.45773697 43.92504501
v 38.77816391 -41.45773697 44.01751709
v 37.21511078 -41.45773697 44.05389404
v 38.80175018 -41.45773697 44.10998535
v 37.17294693 -41.45773697 44.20510101
v 38.82838821 -41.45773697 44.20240402
v 38.85789490 -41.45773697 44.29473114
v 37.11711502 -41.45773697 44.37280655
v 38.90149689 -41.45773697 44.41761780
v 37.05253983 -41.45773697 44.53997040
v 38.95604324 -41.45773697 44.55547333
v 39.01612091 -41.45773697 44.69281387
v 35.48402786 -41.45773697 43.05784225
v 35.45162201 -41.45773697 43.02146912
v 35.46826553 -41.45773697 43.03926086
v 35.49886322 -41.45773697 43.07717133
v 35.41582870 -41.45773697 42.98841858
v 35.43412781 -41.45773697 43.00450516
v 35.37699127 -41.45773697 42.95900726
v 35.39676666 -41.45773697 42.97323990
v 35.51273727 -41.45773697 43.09720230
v 35.35654449 -41.45773697 42.94575500
v 35.53748322 -41.45773697 43.13916397
v 35.52562332 -41.45773697 43.11788177
v 35.55802917 -41.45773697 43.18333817
v 35.54829407 -41.45773697 43.16100311
v 35.24600601 -41.45773697 42.89522171
v 35.26904678 -41.45773697 42.90314865
v 35.29167557 -41.45773697 42.91218948
v 35.31383514 -41.45773697 42.92231750
v 35.33547592 -41.45773697 42.93351746
v 35.58577347 -41.45773697 43.27661896
v 35.19890594 -41.45773697 42.88278198
v 35.22260666 -41.45773697 42.88842773
v 35.56666183 -41.45773697 43.20612335
v 35.57417679 -41.45773697 43.22930145
v 35.58055115 -41.45773697 43.25281906
v 35.17495346 -41.45773697 42.87829590
v 35.58983231 -41.45773697 43.30064392
v 36.97122192 -41.45773697 44.72482681
v 39.08148956 -41.45773697 44.82952881
v 35.59440994 -41.45773697 43.34914398
v 35.59271240 -41.45773697 43.32484055
v 35.59424973 -41.45773697 43.39786148
v 35.59492493 -41.45773697 43.37350464
v 35.59238815 -41.45773697 43.42215729
v 35.10386276 -41.45773697 42.86643600
v 34.89438629 -41.45773697 42.83258820
v 34.91138840 -41.45773697 42.83376312
v 34.92834473 -41.45773697 42.83551788
v 34.94522858 -41.45773697 42.83784866
v 34.87735367 -41.45773697 42.83199310
v 34.96202087 -41.45773697 42.84075165
v 35.57938766 -41.45773697 43.55073166
v 35.03288269 -41.45773697 42.85391998
v 35.57796097 -41.45773697 43.56874084
v 35.57728577 -41.45773697 43.58678436
v 36.86974716 -41.45773697 44.92883682
v 39.15194702 -41.45773697 44.96551895
v 39.19756317 -41.45773697 45.04845810
v 34.75695038 -41.45773697 42.84075165
v 34.77374268 -41.45773697 42.83784866
v 34.79062653 -41.45773697 42.83551788
v 34.80758286 -41.45773697 42.83376312
v 34.82458496 -41.45773697 42.83258820
v 34.84161758 -41.45773697 42.83199310
v 36.75716782 -41.45773697 45.13106918
v 39.24499130 -41.45773697 45.13106918
v 34.49636459 -41.45773697 42.88842773
v 34.52006531 -41.45773697 42.88278198
v 34.54401779 -41.45773697 42.87829590
v 34.47296524 -41.45773697 42.89522171
v 34.42729568 -41.45773697 42.91218948
v 34.44992447 -41.45773697 42.90314865
v 34.40513611 -41.45773697 42.92231750
v 34.38349915 -41.45773697 42.93351746
v 34.36242676 -41.45773697 42.94575500
v 34.32220459 -41.45773697 42.97323990
v 34.34197998 -41.45773697 42.95900726
v 34.30314255 -41.45773697 42.98841858
v 34.26734924 -41.45773697 43.02146912
v 34.28484344 -41.45773697 43.00450516
v 34.23494339 -41.45773697 43.05784225
v 34.25070572 -41.45773697 43.03926086
v 34.20623398 -41.45773697 43.09720230
v 34.22010803 -41.45773697 43.07717133
v 34.19334793 -41.45773697 43.11788177
v 34.18148804 -41.45773697 43.13916397
v 34.16094208 -41.45773697 43.18333817
v 34.17067719 -41.45773697 43.16100311
v 34.15230942 -41.45773697 43.20612335
v 34.13319778 -41.45773697 43.27661896
v 34.13842010 -41.45773697 43.25281906
v 34.14479446 -41.45773697 43.22930145
v 34.12914276 -41.45773697 43.30064392
v 34.12456131 -41.45773697 43.34914398
v 34.12625885 -41.45773697 43.32484055
v 34.12658310 -41.45773697 43.42215729
v 34.61510849 -41.45773697 42.86643600
v 34.12472153 -41.45773697 43.39786148
v 34.12404633 -41.45773697 43.37350464
v 34.13958359 -41.45773697 43.55073166
v 34.68608856 -41.45773697 42.85391998
v 34.14109802 -41.45773697 43.57028198
v 34.14173126 -41.45773697 43.58987808
v 35.57727814 -41.45773697 43.60486221
v 34.14136505 -41.45773697 43.61752319
v 35.57809448 -41.45773697 43.62901306
v 34.13900757 -41.45773697 43.65858841
v 35.58388901 -41.45773697 43.70547485
v 34.13160324 -41.45773697 43.74093628
v 35.59207153 -41.45773697 43.78133392
v 34.12126923 -41.45773697 43.82115555
v 35.60118484 -41.45773697 43.84288788
v 34.10131836 -41.45773697 43.93136215
v 35.61637497 -41.45773697 43.92504501
v 35.63656998 -41.45773697 44.01751709
v 34.07351685 -41.45773697 44.05389404
v 35.66015625 -41.45773697 44.10998535
v 34.03135681 -41.45773697 44.20510101
v 35.68679428 -41.45773697 44.20240402
v 35.71630096 -41.45773697 44.29473114
v 33.97552109 -41.45773697 44.37280655
v 35.75990677 -41.45773697 44.41761780
v 33.91094589 -41.45773697 44.53997040
v 35.81444931 -41.45773697 44.55547333
v 35.87452698 -41.45773697 44.69281387
v 32.34243393 -41.45773697 43.05784225
v 32.29253387 -41.45773697 43.00450516
v 32.31002808 -41.45773697 43.02146912
v 32.32667542 -41.45773697 43.03926086
v 32.35726929 -41.45773697 43.07717133
v 32.27423477 -41.45773697 42.98841858
v 32.21495056 -41.45773697 42.94575500
v 32.23539734 -41.45773697 42.95900726
v 32.25517654 -41.45773697 42.97323990
v 32.37114716 -41.45773697 43.09720230
v 32.38402939 -41.45773697 43.11788177
v 32.17224121 -41.45773697 42.92231750
v 32.19388199 -41.45773697 42.93351746
v 32.15008163 -41.45773697 42.91218948
v 32.39589310 -41.45773697 43.13916397
v 32.40670013 -41.45773697 43.16100311
v 32.41643524 -41.45773697 43.18333817
v 32.10441589 -41.45773697 42.89522171
v 32.12745667 -41.45773697 42.90314865
v 32.43258286 -41.45773697 43.22930145
v 32.42506790 -41.45773697 43.20612335
v 32.08101654 -41.45773697 42.88842773
v 32.03336334 -41.45773697 42.87829590
v 32.05731201 -41.45773697 42.88278198
v 32.44823837 -41.45773697 43.30064392
v 32.43895721 -41.45773697 43.25281906
v 32.44417953 -41.45773697 43.27661896
v 33.82963181 -41.45773697 44.72482681
v 35.93989563 -41.45773697 44.82952881
v 32.45281982 -41.45773697 43.34914398
v 32.45111847 -41.45773697 43.32484055
v 32.45265579 -41.45773697 43.39786148
v 32.45333099 -41.45773697 43.37350464
v 32.45079803 -41.45773697 43.42215729
v 31.96227074 -41.45773697 42.86643600
v 31.78675079 -41.45773697 42.83551788
v 31.80363464 -41.45773697 42.83784866
v 31.82043076 -41.45773697 42.84075165
v 31.76979828 -41.45773697 42.83376312
v 31.73575974 -41.45773697 42.83199310
v 31.75279427 -41.45773697 42.83258820
v 32.43779373 -41.45773697 43.55073166
v 31.89129066 -41.45773697 42.85391998
v 32.43636703 -41.45773697 43.56874084
v 32.43569183 -41.45773697 43.58678436
v 32.43568420 -41.45773697 43.60486221
v 32.43650436 -41.45773697 43.62901306
v 33.72815704 -41.45773697 44.92883682
v 36.01035309 -41.45773697 44.96551895
v 36.05596924 -41.45773697 45.04845810
v 32.44229507 -41.45773697 43.70547485
v 32.45048141 -41.45773697 43.78133392
v 32.45959091 -41.45773697 43.84288788
v 32.47478104 -41.45773697 43.92504501
v 33.61557388 -41.45773697 45.13106918
v 36.10339737 -41.45773697 45.13106918
v 32.49497604 -41.45773697 44.01751709
v 32.51856613 -41.45773697 44.10998535
v 32.54520416 -41.45773697 44.20240402
v 32.57470703 -41.45773697 44.29473114
v 32.61831284 -41.45773697 44.41761780
v 32.67285538 -41.45773697 44.55547333
v 32.73293686 -41.45773697 44.69281387
v 32.79830170 -41.45773697 44.82952881
v 32.86875916 -41.45773697 44.96551895
v 32.91437531 -41.45773697 45.04845810
v 32.96180344 -41.45773697 45.13106918
v 33.17971039 -41.45773697 45.13581848
v 33.39766693 -41.45773697 45.13581848
v 36.32130432 -41.45773697 45.13581848
v 36.53926086 -41.45773697 45.13581848
v 39.46289444 -41.45773697 45.13581848
v 58.53041077 -41.45773697 45.13581848
v 61.45404434 -41.45773697 45.13581848
v 61.67200089 -41.45773697 45.13581848
v 64.59563446 -41.45773697 45.13581848
v 64.81359863 -41.45773697 45.13581848
v 67.73722839 -41.45773697 45.13581848
v 67.95518494 -41.45773697 45.13581848
v 70.87882233 -41.45773697 45.13581848
v 71.09677887 -41.45773697 45.13581848
v 74.02041626 -41.45773697 45.13581848
v 74.23837280 -41.45773697 45.13581848
v 77.16201019 -41.45773697 45.13581848
v 77.37996674 -41.45773697 45.13581848
v 80.30360413 -41.45773697 45.13581848
v 80.52156067 -41.45773697 45.13581848
v 83.44519043 -41.45773697 45.13581848
v 83.66315460 -41.45773697 45.13581848
v 86.58678436 -41.45773697 45.13581848
v 86.80474091 -41.45773697 45.13581848
v 89.72837830 -41.45773697 45.13581848
v 89.94633484 -41.45773697 45.13581848
v 92.86997223 -41.45773697 45.13581848
v 93.08792877 -41.45773697 45.13581848
v 96.01156616 -41.45773697 45.13581848
v 96.22952271 -41.45773697 45.13581848
v 99.15316010 -41.45773697 45.13581848
v 99.37111664 -41.45773697 45.13581848
v 102.29474640 -41.45773697 45.13581848
v 102.51271057 -41.45773697 45.13581848
v 105.43634033 -41.45773697 45.13581848
v 113.38143158 -45.95773697 42.83199310
v 113.36440277 -45.95773697 42.83258820
v 113.34739685 -45.95773697 42.83376312
v 113.33044434 -45.95773697 42.83551788
v 113.31356049 -45.95773697 42.83784866
v 113.29676819 -45.95773697 42.84075165
v 113.22590637 -45.95773697 42.85391998
v 113.15492249 -45.95773697 42.86643600
v 113.08383179 -45.95773697 42.87829590
v 113.05988312 -45.95773697 42.88278198
v 113.03617859 -45.95773697 42.88842773
v 113.01277924 -45.95773697 42.89522171
v 112.98973846 -45.95773697 42.90314865
v 112.96711731 -45.95773697 42.91218948
v 112.94495392 -45.95773697 42.92231750
v 112.92331696 -45.95773697 42.93351746
v 112.90224457 -45.95773697 42.94575500
v 112.88179779 -45.95773697 42.95900726
v 112.86202240 -45.95773697 42.97323990
v 112.84295654 -45.95773697 42.98841858
v 112.68150330 -45.95773697 43.58678436
v 112.67939758 -45.95773697 43.55073166
v 112.68082428 -45.95773697 43.56874084
v 112.68151093 -45.95773697 43.60486221
v 112.68069458 -45.95773697 43.62901306
v 112.67489624 -45.95773697 43.70547485
v 110.83235168 -45.95773697 43.00450516
v 112.80716705 -45.95773697 43.02146912
v 110.84984589 -45.95773697 43.02146912
v 112.82466125 -45.95773697 43.00450516
v 110.86649323 -45.95773697 43.03926086
v 112.79051971 -45.95773697 43.03926086
v 110.81405640 -45.95773697 42.98841858
v 110.88224792 -45.95773697 43.05784225
v 112.77475739 -45.95773697 43.05784225
v 112.75992584 -45.95773697 43.07717133
v 110.79499054 -45.95773697 42.97323990
v 110.89708710 -45.95773697 43.07717133
v 112.74604797 -45.95773697 43.09720230
v 110.77521515 -45.95773697 42.95900726
v 110.91096497 -45.95773697 43.09720230
v 110.75476837 -45.95773697 42.94575500
v 110.92384338 -45.95773697 43.11788177
v 112.73316193 -45.95773697 43.11788177
v 110.73369598 -45.95773697 42.93351746
v 110.93570709 -45.95773697 43.13916397
v 112.72130585 -45.95773697 43.13916397
v 110.71205902 -45.95773697 42.92231750
v 110.94651794 -45.95773697 43.16100311
v 112.71049500 -45.95773697 43.16100311
v 110.68989563 -45.95773697 42.91218948
v 110.95625305 -45.95773697 43.18333817
v 112.70075989 -45.95773697 43.18333817
v 110.66727448 -45.95773697 42.90314865
v 110.96488953 -45.95773697 43.20612335
v 112.69212341 -45.95773697 43.20612335
v 112.68460846 -45.95773697 43.22930145
v 110.64423370 -45.95773697 42.89522171
v 110.97239685 -45.95773697 43.22930145
v 110.62083435 -45.95773697 42.88842773
v 110.97877502 -45.95773697 43.25281906
v 112.67823792 -45.95773697 43.25281906
v 110.59712982 -45.95773697 42.88278198
v 110.98400116 -45.95773697 43.27661896
v 112.67301178 -45.95773697 43.27661896
v 110.57318115 -45.95773697 42.87829590
v 110.98805237 -45.95773697 43.30064392
v 112.66896057 -45.95773697 43.30064392
v 110.99093628 -45.95773697 43.32484055
v 112.66607666 -45.95773697 43.32484055
v 112.66437531 -45.95773697 43.34914398
v 110.99263763 -45.95773697 43.34914398
v 110.50209045 -45.95773697 42.86643600
v 110.99314880 -45.95773697 43.37350464
v 112.66386414 -45.95773697 43.37350464
v 112.66453552 -45.95773697 43.39786148
v 110.99246979 -45.95773697 43.39786148
v 112.66639709 -45.95773697 43.42215729
v 110.43110657 -45.95773697 42.85391998
v 110.99061584 -45.95773697 43.42215729
v 110.36024475 -45.95773697 42.84075165
v 110.34345245 -45.95773697 42.83784866
v 110.32656860 -45.95773697 42.83551788
v 110.30961609 -45.95773697 42.83376312
v 110.29261017 -45.95773697 42.83258820
v 110.27557373 -45.95773697 42.83199310
v 110.97760773 -45.95773697 43.55073166
v 110.23984528 -45.95773697 42.83199310
v 110.22280884 -45.95773697 42.83258820
v 110.97546387 -45.95773697 43.58987808
v 110.97609711 -45.95773697 43.57028198
v 110.20580292 -45.95773697 42.83376312
v 110.97583008 -45.95773697 43.61752319
v 110.18885040 -45.95773697 42.83551788
v 110.97818756 -45.95773697 43.65858841
v 110.98559570 -45.95773697 43.74093628
v 112.66671753 -45.95773697 43.78133392
v 110.99592590 -45.95773697 43.82115555
v 112.65760040 -45.95773697 43.84288788
v 110.01332855 -45.95773697 42.86643600
v 110.15517426 -45.95773697 42.84075165
v 110.08431244 -45.95773697 42.85391998
v 111.01587677 -45.95773697 43.93136215
v 112.64241028 -45.95773697 43.92504501
v 112.62221527 -45.95773697 44.01751709
v 109.94223785 -45.95773697 42.87829590
v 111.04367828 -45.95773697 44.05389404
v 112.59863281 -45.95773697 44.10998535
v 111.08583832 -45.95773697 44.20510101
v 112.57199097 -45.95773697 44.20240402
v 112.54248810 -45.95773697 44.29473114
v 111.93748474 -45.95773697 45.13581848
v 112.31889343 -45.95773697 44.82952881
v 112.24843597 -45.95773697 44.96551895
v 112.20281982 -45.95773697 45.04845810
v 112.15538788 -45.95773697 45.13106918
v 111.14167023 -45.95773697 44.37280655
v 112.49888611 -45.95773697 44.41761780
v 111.20624542 -45.95773697 44.53997040
v 112.44433594 -45.95773697 44.55547333
v 112.38426208 -45.95773697 44.69281387
v 111.71952820 -45.95773697 45.13581848
v 111.28756714 -45.95773697 44.72482681
v 111.38903809 -45.95773697 44.92883682
v 111.50161743 -45.95773697 45.13106918
v 109.53990936 -45.95773697 43.58678436
v 109.53781128 -45.95773697 43.55073166
v 109.53923798 -45.95773697 43.56874084
v 109.53991699 -45.95773697 43.60486221
v 109.53910065 -45.95773697 43.62901306
v 109.53330994 -45.95773697 43.70547485
v 107.70825195 -45.95773697 43.02146912
v 109.66557312 -45.95773697 43.02146912
v 109.64892578 -45.95773697 43.03926086
v 107.69075775 -45.95773697 43.00450516
v 109.68306732 -45.95773697 43.00450516
v 107.72489929 -45.95773697 43.03926086
v 107.67246246 -45.95773697 42.98841858
v 109.70136261 -45.95773697 42.98841858
v 107.74066162 -45.95773697 43.05784225
v 109.63317108 -45.95773697 43.05784225
v 107.65339661 -45.95773697 42.97323990
v 109.72042847 -45.95773697 42.97323990
v 107.75549316 -45.95773697 43.07717133
v 109.61833191 -45.95773697 43.07717133
v 107.63362122 -45.95773697 42.95900726
v 109.74020386 -45.95773697 42.95900726
v 107.76937103 -45.95773697 43.09720230
v 109.60445404 -45.95773697 43.09720230
v 107.61317444 -45.95773697 42.94575500
v 109.78172302 -45.95773697 42.93351746
v 109.76065063 -45.95773697 42.94575500
v 107.78225708 -45.95773697 43.11788177
v 109.59157562 -45.95773697 43.11788177
v 109.57971191 -45.95773697 43.13916397
v 107.59210205 -45.95773697 42.93351746
v 107.79411316 -45.95773697 43.13916397
v 107.57046509 -45.95773697 42.92231750
v 109.80335999 -45.95773697 42.92231750
v 107.80492401 -45.95773697 43.16100311
v 109.56890106 -45.95773697 43.16100311
v 107.54830933 -45.95773697 42.91218948
v 109.82552338 -45.95773697 42.91218948
v 107.81465912 -45.95773697 43.18333817
v 109.55916595 -45.95773697 43.18333817
v 107.52568054 -45.95773697 42.90314865
v 109.84814453 -45.95773697 42.90314865
v 107.82329559 -45.95773697 43.20612335
v 109.55052948 -45.95773697 43.20612335
v 109.54302216 -45.95773697 43.22930145
v 107.50263977 -45.95773697 42.89522171
v 109.87118530 -45.95773697 42.89522171
v 107.83081055 -45.95773697 43.22930145
v 107.47924042 -45.95773697 42.88842773
v 109.89458466 -45.95773697 42.88842773
v 107.83718109 -45.95773697 43.25281906
v 109.53664398 -45.95773697 43.25281906
v 107.45553589 -45.95773697 42.88278198
v 109.91828918 -45.95773697 42.88278198
v 107.84240723 -45.95773697 43.27661896
v 109.53141785 -45.95773697 43.27661896
v 107.43158722 -45.95773697 42.87829590
v 107.84645844 -45.95773697 43.30064392
v 109.52736664 -45.95773697 43.30064392
v 109.52448273 -45.95773697 43.32484055
v 107.84934235 -45.95773697 43.32484055
v 109.52278137 -45.95773697 43.34914398
v 107.85104370 -45.95773697 43.34914398
v 107.85155487 -45.95773697 43.37350464
v 109.52227020 -45.95773697 43.37350464
v 109.52294922 -45.95773697 43.39786148
v 107.85088348 -45.95773697 43.39786148
v 109.52480316 -45.95773697 43.42215729
v 107.28951263 -45.95773697 42.85391998
v 107.36049652 -45.95773697 42.86643600
v 107.84902191 -45.95773697 43.42215729
v 107.21865082 -45.95773697 42.84075165
v 107.20185852 -45.95773697 42.83784866
v 110.17196655 -45.95773697 42.83784866
v 107.18497467 -45.95773697 42.83551788
v 107.16802216 -45.95773697 42.83376312
v 107.15101624 -45.95773697 42.83258820
v 107.13398743 -45.95773697 42.83199310
v 107.83602142 -45.95773697 43.55073166
v 107.09825134 -45.95773697 42.83199310
v 107.08121490 -45.95773697 42.83258820
v 107.83386993 -45.95773697 43.58987808
v 107.83450317 -45.95773697 43.57028198
v 107.83423615 -45.95773697 43.61752319
v 107.83659363 -45.95773697 43.65858841
v 107.84400177 -45.95773697 43.74093628
v 109.52512360 -45.95773697 43.78133392
v 107.85433197 -45.95773697 43.82115555
v 109.51601410 -45.95773697 43.84288788
v 106.87174225 -45.95773697 42.86643600
v 107.01358032 -45.95773697 42.84075165
v 106.94271851 -45.95773697 42.85391998
v 107.87428284 -45.95773697 43.93136215
v 109.50082397 -45.95773697 43.92504501
v 109.48062897 -45.95773697 44.01751709
v 106.80064392 -45.95773697 42.87829590
v 107.90208435 -45.95773697 44.05389404
v 109.45703888 -45.95773697 44.10998535
v 107.94424438 -45.95773697 44.20510101
v 109.43039703 -45.95773697 44.20240402
v 109.40089417 -45.95773697 44.29473114
v 108.79589081 -45.95773697 45.13581848
v 109.17729950 -45.95773697 44.82952881
v 109.10684204 -45.95773697 44.96551895
v 109.06122589 -45.95773697 45.04845810
v 109.01380157 -45.95773697 45.13106918
v 108.00008392 -45.95773697 44.37280655
v 109.35729218 -45.95773697 44.41761780
v 108.06465149 -45.95773697 44.53997040
v 109.30274963 -45.95773697 44.55547333
v 109.24266815 -45.95773697 44.69281387
v 108.57793427 -45.95773697 45.13581848
v 108.14597321 -45.95773697 44.72482681
v 108.24744415 -45.95773697 44.92883682
v 108.36003113 -45.95773697 45.13106918
v 106.39831543 -45.95773697 43.58678436
v 106.39621735 -45.95773697 43.55073166
v 106.39764404 -45.95773697 43.56874084
v 106.39832306 -45.95773697 43.60486221
v 106.39750671 -45.95773697 43.62901306
v 106.39171600 -45.95773697 43.70547485
v 104.54916382 -45.95773697 43.00450516
v 106.54147339 -45.95773697 43.00450516
v 106.52397919 -45.95773697 43.02146912
v 104.56665802 -45.95773697 43.02146912
v 104.58330536 -45.95773697 43.03926086
v 106.50733185 -45.95773697 43.03926086
v 104.53086853 -45.95773697 42.98841858
v 106.55977631 -45.95773697 42.98841858
v 104.59906769 -45.95773697 43.05784225
v 106.49157715 -45.95773697 43.05784225
v 106.47673798 -45.95773697 43.07717133
v 104.51181030 -45.95773697 42.97323990
v 106.57883453 -45.95773697 42.97323990
v 104.61389923 -45.95773697 43.07717133
v 104.49202728 -45.95773697 42.95900726
v 106.59860992 -45.95773697 42.95900726
v 104.62777710 -45.95773697 43.09720230
v 106.46286011 -45.95773697 43.09720230
v 104.47158051 -45.95773697 42.94575500
v 106.64012909 -45.95773697 42.93351746
v 106.61905670 -45.95773697 42.94575500
v 104.64066315 -45.95773697 43.11788177
v 106.44998169 -45.95773697 43.11788177
v 106.43811798 -45.95773697 43.13916397
v 104.45051575 -45.95773697 42.93351746
v 104.65251923 -45.95773697 43.13916397
v 104.42887115 -45.95773697 42.92231750
v 106.66176605 -45.95773697 42.92231750
v 104.66333008 -45.95773697 43.16100311
v 106.42730713 -45.95773697 43.16100311
v 106.41757202 -45.95773697 43.18333817
v 104.40671539 -45.95773697 42.91218948
v 106.68392944 -45.95773697 42.91218948
v 104.67306519 -45.95773697 43.18333817
v 104.38408661 -45.95773697 42.90314865
v 106.70655823 -45.95773697 42.90314865
v 104.68170166 -45.95773697 43.20612335
v 106.40894318 -45.95773697 43.20612335
v 106.40142822 -45.95773697 43.22930145
v 104.36104584 -45.95773697 42.89522171
v 106.72959900 -45.95773697 42.89522171
v 104.68921661 -45.95773697 43.22930145
v 104.33764648 -45.95773697 42.88842773
v 106.75299835 -45.95773697 42.88842773
v 104.69558716 -45.95773697 43.25281906
v 106.39505005 -45.95773697 43.25281906
v 104.31394196 -45.95773697 42.88278198
v 106.77669525 -45.95773697 42.88278198
v 104.70081329 -45.95773697 43.27661896
v 106.38983154 -45.95773697 43.27661896
v 104.28999329 -45.95773697 42.87829590
v 104.70487213 -45.95773697 43.30064392
v 106.38577271 -45.95773697 43.30064392
v 104.70774841 -45.95773697 43.32484055
v 106.38288879 -45.95773697 43.32484055
v 106.38119507 -45.95773697 43.34914398
v 104.70944977 -45.95773697 43.34914398
v 104.70996094 -45.95773697 43.37350464
v 106.38067627 -45.95773697 43.37350464
v 106.38135529 -45.95773697 43.39786148
v 104.70928955 -45.95773697 43.39786148
v 106.38320923 -45.95773697 43.42215729
v 104.14791870 -45.95773697 42.85391998
v 104.21890259 -45.95773697 42.86643600
v 104.70742798 -45.95773697 43.42215729
v 104.07706451 -45.95773697 42.84075165
v 104.06026459 -45.95773697 42.83784866
v 107.04725647 -45.95773697 42.83551788
v 107.03037262 -45.95773697 42.83784866
v 104.04338074 -45.95773697 42.83551788
v 104.02642822 -45.95773697 42.83376312
v 107.06420898 -45.95773697 42.83376312
v 104.00942230 -45.95773697 42.83258820
v 103.99239349 -45.95773697 42.83199310
v 104.69442749 -45.95773697 43.55073166
v 103.95665741 -45.95773697 42.83199310
v 104.69227600 -45.95773697 43.58987808
v 104.69290924 -45.95773697 43.57028198
v 104.69264221 -45.95773697 43.61752319
v 104.69499969 -45.95773697 43.65858841
v 104.70240784 -45.95773697 43.74093628
v 106.38352966 -45.95773697 43.78133392
v 104.71273804 -45.95773697 43.82115555
v 106.37442017 -45.95773697 43.84288788
v 104.73268890 -45.95773697 43.93136215
v 106.35923004 -45.95773697 43.92504501
v 106.33903503 -45.95773697 44.01751709
v 103.65905762 -45.95773697 42.87829590
v 103.87198639 -45.95773697 42.84075165
v 103.80112457 -45.95773697 42.85391998
v 103.73014832 -45.95773697 42.86643600
v 104.76049042 -45.95773697 44.05389404
v 106.31544495 -45.95773697 44.10998535
v 104.80265808 -45.95773697 44.20510101
v 106.28881073 -45.95773697 44.20240402
v 106.25930023 -45.95773697 44.29473114
v 105.65429688 -45.95773697 45.13581848
v 106.03570557 -45.95773697 44.82952881
v 105.96524811 -45.95773697 44.96551895
v 105.91963196 -45.95773697 45.04845810
v 105.87220764 -45.95773697 45.13106918
v 104.85848999 -45.95773697 44.37280655
v 106.21569824 -45.95773697 44.41761780
v 104.92306519 -45.95773697 44.53997040
v 106.16115570 -45.95773697 44.55547333
v 106.10107422 -45.95773697 44.69281387
v 105.43634033 -45.95773697 45.13581848
v 105.00437927 -45.95773697 44.72482681
v 105.10585785 -45.95773697 44.92883682
v 105.21843719 -45.95773697 45.13106918
v 103.25672150 -45.95773697 43.58678436
v 103.25462341 -45.95773697 43.55073166
v 103.25605011 -45.95773697 43.56874084
v 103.25672913 -45.95773697 43.60486221
v 103.25591278 -45.95773697 43.62901306
v 103.25012207 -45.95773697 43.70547485
v 101.42506409 -45.95773697 43.02146912
v 103.38238525 -45.95773697 43.02146912
v 103.36574554 -45.95773697 43.03926086
v 101.40757751 -45.95773697 43.00450516
v 103.41818237 -45.95773697 42.98841858
v 103.39987946 -45.95773697 43.00450516
v 101.44171143 -45.95773697 43.03926086
v 103.34998322 -45.95773697 43.05784225
v 101.38927460 -45.95773697 42.98841858
v 101.45747375 -45.95773697 43.05784225
v 101.37021637 -45.95773697 42.97323990
v 103.43724060 -45.95773697 42.97323990
v 101.47230530 -45.95773697 43.07717133
v 103.33514404 -45.95773697 43.07717133
v 101.35043335 -45.95773697 42.95900726
v 103.45701599 -45.95773697 42.95900726
v 101.48618317 -45.95773697 43.09720230
v 103.32127380 -45.95773697 43.09720230
v 103.30838776 -45.95773697 43.11788177
v 101.32998657 -45.95773697 42.94575500
v 103.49853516 -45.95773697 42.93351746
v 103.47747040 -45.95773697 42.94575500
v 101.49906921 -45.95773697 43.11788177
v 101.30892181 -45.95773697 42.93351746
v 101.51093292 -45.95773697 43.13916397
v 103.29652405 -45.95773697 43.13916397
v 101.28727722 -45.95773697 42.92231750
v 103.52017212 -45.95773697 42.92231750
v 101.52174377 -45.95773697 43.16100311
v 103.28571320 -45.95773697 43.16100311
v 101.26512146 -45.95773697 42.91218948
v 103.54233551 -45.95773697 42.91218948
v 101.53147125 -45.95773697 43.18333817
v 103.27597809 -45.95773697 43.18333817
v 101.24249268 -45.95773697 42.90314865
v 103.56496429 -45.95773697 42.90314865
v 101.54010773 -45.95773697 43.20612335
v 103.26734924 -45.95773697 43.20612335
v 101.21945190 -45.95773697 42.89522171
v 103.58800507 -45.95773697 42.89522171
v 101.54762268 -45.95773697 43.22930145
v 103.25983429 -45.95773697 43.22930145
v 101.19605255 -45.95773697 42.88842773
v 103.61140442 -45.95773697 42.88842773
v 101.55400085 -45.95773697 43.25281906
v 103.25345612 -45.95773697 43.25281906
v 103.24823761 -45.95773697 43.27661896
v 101.17234802 -45.95773697 42.88278198
v 103.63510895 -45.95773697 42.88278198
v 101.55921936 -45.95773697 43.27661896
v 101.14839935 -45.95773697 42.87829590
v 101.56327820 -45.95773697 43.30064392
v 103.24417877 -45.95773697 43.30064392
v 101.56615448 -45.95773697 43.32484055
v 103.24129486 -45.95773697 43.32484055
v 101.56785583 -45.95773697 43.34914398
v 103.23960114 -45.95773697 43.34914398
v 101.56836700 -45.95773697 43.37350464
v 103.23908234 -45.95773697 43.37350464
v 101.56769562 -45.95773697 43.39786148
v 103.23976135 -45.95773697 43.39786148
v 103.24162292 -45.95773697 43.42215729
v 101.00633240 -45.95773697 42.85391998
v 101.07730865 -45.95773697 42.86643600
v 101.56583405 -45.95773697 43.42215729
v 100.93547058 -45.95773697 42.84075165
v 100.91867065 -45.95773697 42.83784866
v 103.88877869 -45.95773697 42.83784866
v 100.90178680 -45.95773697 42.83551788
v 103.92262268 -45.95773697 42.83376312
v 103.90567017 -45.95773697 42.83551788
v 100.88483429 -45.95773697 42.83376312
v 103.93962097 -45.95773697 42.83258820
v 100.86783600 -45.95773697 42.83258820
v 100.85079956 -45.95773697 42.83199310
v 101.55283356 -45.95773697 43.55073166
v 100.81506348 -45.95773697 42.83199310
v 101.55068970 -45.95773697 43.58987808
v 101.55132294 -45.95773697 43.57028198
v 101.55104828 -45.95773697 43.61752319
v 101.55340576 -45.95773697 43.65858841
v 101.56081390 -45.95773697 43.74093628
v 103.24193573 -45.95773697 43.78133392
v 101.57114410 -45.95773697 43.82115555
v 103.23282623 -45.95773697 43.84288788
v 100.58855438 -45.95773697 42.86643600
v 100.73039246 -45.95773697 42.84075165
v 100.65953064 -45.95773697 42.85391998
v 101.59109497 -45.95773697 43.93136215
v 103.21763611 -45.95773697 43.92504501
v 103.19744110 -45.95773697 44.01751709
v 100.51746368 -45.95773697 42.87829590
v 101.61889648 -45.95773697 44.05389404
v 103.17385101 -45.95773697 44.10998535
v 101.66106415 -45.95773697 44.20510101
v 103.14721680 -45.95773697 44.20240402
v 103.11770630 -45.95773697 44.29473114
v 102.51271057 -45.95773697 45.13581848
v 102.89411163 -45.95773697 44.82952881
v 102.82365417 -45.95773697 44.96551895
v 102.77803802 -45.95773697 45.04845810
v 102.73061371 -45.95773697 45.13106918
v 101.71689606 -45.95773697 44.37280655
v 103.07410431 -45.95773697 44.41761780
v 101.78147125 -45.95773697 44.53997040
v 103.01956177 -45.95773697 44.55547333
v 102.95948029 -45.95773697 44.69281387
v 102.29474640 -45.95773697 45.13581848
v 101.86278534 -45.95773697 44.72482681
v 101.96426392 -45.95773697 44.92883682
v 102.07684326 -45.95773697 45.13106918
v 100.11512756 -45.95773697 43.58678436
v 100.11302948 -45.95773697 43.55073166
v 100.11445618 -45.95773697 43.56874084
v 100.11514282 -45.95773697 43.60486221
v 100.11431885 -45.95773697 43.62901306
v 100.10852814 -45.95773697 43.70547485
v 98.26598358 -45.95773697 43.00450516
v 100.24079895 -45.95773697 43.02146912
v 98.28347778 -45.95773697 43.02146912
v 100.25829315 -45.95773697 43.00450516
v 98.30011749 -45.95773697 43.03926086
v 100.22415161 -45.95773697 43.03926086
v 98.24768066 -45.95773697 42.98841858
v 100.27658844 -45.95773697 42.98841858
v 98.31587982 -45.95773697 43.05784225
v 100.20838928 -45.95773697 43.05784225
v 98.22862244 -45.95773697 42.97323990
v 100.31542969 -45.95773697 42.95900726
v 100.29564667 -45.95773697 42.97323990
v 98.33071899 -45.95773697 43.07717133
v 100.19355774 -45.95773697 43.07717133
v 100.17967987 -45.95773697 43.09720230
v 98.20884705 -45.95773697 42.95900726
v 98.34458923 -45.95773697 43.09720230
v 100.16679382 -45.95773697 43.11788177
v 98.18839264 -45.95773697 42.94575500
v 100.33587646 -45.95773697 42.94575500
v 98.35747528 -45.95773697 43.11788177
v 98.16732788 -45.95773697 42.93351746
v 100.35694122 -45.95773697 42.93351746
v 98.36933899 -45.95773697 43.13916397
v 100.15493011 -45.95773697 43.13916397
v 98.14569092 -45.95773697 42.92231750
v 100.37858582 -45.95773697 42.92231750
v 98.38014984 -45.95773697 43.16100311
v 100.14411926 -45.95773697 43.16100311
v 98.12352753 -45.95773697 42.91218948
v 100.40074158 -45.95773697 42.91218948
v 98.38988495 -45.95773697 43.18333817
v 100.13439178 -45.95773697 43.18333817
v 98.10089874 -45.95773697 42.90314865
v 100.42337036 -45.95773697 42.90314865
v 98.39851379 -45.95773697 43.20612335
v 100.12575531 -45.95773697 43.20612335
v 98.07785797 -45.95773697 42.89522171
v 100.44641113 -45.95773697 42.89522171
v 98.40602875 -45.95773697 43.22930145
v 100.11824036 -45.95773697 43.22930145
v 98.05445862 -45.95773697 42.88842773
v 100.46981049 -45.95773697 42.88842773
v 98.41240692 -45.95773697 43.25281906
v 100.11186981 -45.95773697 43.25281906
v 98.03076172 -45.95773697 42.88278198
v 100.49351501 -45.95773697 42.88278198
v 98.41762543 -45.95773697 43.27661896
v 100.10664368 -45.95773697 43.27661896
v 98.00680542 -45.95773697 42.87829590
v 98.42168427 -45.95773697 43.30064392
v 100.10258484 -45.95773697 43.30064392
v 98.42456818 -45.95773697 43.32484055
v 100.09970856 -45.95773697 43.32484055
v 98.42626190 -45.95773697 43.34914398
v 100.09800720 -45.95773697 43.34914398
v 98.42678070 -45.95773697 43.37350464
v 100.09749603 -45.95773697 43.37350464
v 100.09816742 -45.95773697 43.39786148
v 98.42610168 -45.95773697 43.39786148
v 100.10002899 -45.95773697 43.42215729
v 97.86473846 -45.95773697 42.85391998
v 97.93571472 -45.95773697 42.86643600
v 98.42424011 -45.95773697 43.42215729
v 97.79387665 -45.95773697 42.84075165
v 97.77708435 -45.95773697 42.83784866
v 100.74719238 -45.95773697 42.83784866
v 97.76020050 -45.95773697 42.83551788
v 100.78102875 -45.95773697 42.83376312
v 100.76407623 -45.95773697 42.83551788
v 97.74324036 -45.95773697 42.83376312
v 97.72624207 -45.95773697 42.83258820
v 100.79803467 -45.95773697 42.83258820
v 97.70920563 -45.95773697 42.83199310
v 98.41123962 -45.95773697 43.55073166
v 97.67346954 -45.95773697 42.83199310
v 98.40909576 -45.95773697 43.58987808
v 98.40972900 -45.95773697 43.57028198
v 98.40946198 -45.95773697 43.61752319
v 98.41181946 -45.95773697 43.65858841
v 98.41921997 -45.95773697 43.74093628
v 100.10034180 -45.95773697 43.78133392
v 98.42955780 -45.95773697 43.82115555
v 100.09123230 -45.95773697 43.84288788
v 98.44950104 -45.95773697 43.93136215
v 100.07604218 -45.95773697 43.92504501
v 100.05584717 -45.95773697 44.01751709
v 97.37586975 -45.95773697 42.87829590
v 97.58879852 -45.95773697 42.84075165
v 97.51794434 -45.95773697 42.85391998
v 97.44696045 -45.95773697 42.86643600
v 98.47730255 -45.95773697 44.05389404
v 100.03225708 -45.95773697 44.10998535
v 98.51947021 -45.95773697 44.20510101
v 100.00562286 -45.95773697 44.20240402
v 99.97612000 -45.95773697 44.29473114
v 99.37111664 -45.95773697 45.13581848
v 99.75251770 -45.95773697 44.82952881
v 99.68206787 -45.95773697 44.96551895
v 99.63645172 -45.95773697 45.04845810
v 99.58901978 -45.95773697 45.13106918
v 98.57530212 -45.95773697 44.37280655
v 99.93251038 -45.95773697 44.41761780
v 98.63987732 -45.95773697 44.53997040
v 99.87796783 -45.95773697 44.55547333
v 99.81788635 -45.95773697 44.69281387
v 99.15316010 -45.95773697 45.13581848
v 98.72119141 -45.95773697 44.72482681
v 98.82266998 -45.95773697 44.92883682
v 98.93524933 -45.95773697 45.13106918
v 96.97354126 -45.95773697 43.58678436
v 96.97143555 -45.95773697 43.55073166
v 96.97286224 -45.95773697 43.56874084
v 96.97354889 -45.95773697 43.60486221
v 96.97273254 -45.95773697 43.62901306
v 96.96693420 -45.95773697 43.70547485
v 95.12438965 -45.95773697 43.00450516
v 97.09920502 -45.95773697 43.02146912
v 95.14188385 -45.95773697 43.02146912
v 97.11669922 -45.95773697 43.00450516
v 95.15853119 -45.95773697 43.03926086
v 97.08255768 -45.95773697 43.03926086
v 97.06679535 -45.95773697 43.05784225
v 95.10608673 -45.95773697 42.98841858
v 97.13499451 -45.95773697 42.98841858
v 95.17428589 -45.95773697 43.05784225
v 95.08702850 -45.95773697 42.97323990
v 97.15405273 -45.95773697 42.97323990
v 95.18912506 -45.95773697 43.07717133
v 97.05196381 -45.95773697 43.07717133
v 95.06725311 -45.95773697 42.95900726
v 97.19428253 -45.95773697 42.94575500
v 97.17383575 -45.95773697 42.95900726
v 95.20300293 -45.95773697 43.09720230
v 97.03808594 -45.95773697 43.09720230
v 97.02519989 -45.95773697 43.11788177
v 95.04680634 -45.95773697 42.94575500
v 95.21588135 -45.95773697 43.11788177
v 95.02573395 -45.95773697 42.93351746
v 97.21534729 -45.95773697 42.93351746
v 95.22774506 -45.95773697 43.13916397
v 97.01334381 -45.95773697 43.13916397
v 95.00409698 -45.95773697 42.92231750
v 97.25914764 -45.95773697 42.91218948
v 97.23699188 -45.95773697 42.92231750
v 95.23855591 -45.95773697 43.16100311
v 97.00253296 -45.95773697 43.16100311
v 94.98193359 -45.95773697 42.91218948
v 95.24829102 -45.95773697 43.18333817
v 96.99279785 -45.95773697 43.18333817
v 96.98416138 -45.95773697 43.20612335
v 94.95930481 -45.95773697 42.90314865
v 97.28177643 -45.95773697 42.90314865
v 95.25691986 -45.95773697 43.20612335
v 94.93626404 -45.95773697 42.89522171
v 97.30481720 -45.95773697 42.89522171
v 95.26443481 -45.95773697 43.22930145
v 96.97664642 -45.95773697 43.22930145
v 94.91286469 -45.95773697 42.88842773
v 97.32821655 -45.95773697 42.88842773
v 95.27081299 -45.95773697 43.25281906
v 96.97027588 -45.95773697 43.25281906
v 94.88916779 -45.95773697 42.88278198
v 97.35192108 -45.95773697 42.88278198
v 95.27603149 -45.95773697 43.27661896
v 96.96504974 -45.95773697 43.27661896
v 96.96099091 -45.95773697 43.30064392
v 94.86521912 -45.95773697 42.87829590
v 95.28009033 -45.95773697 43.30064392
v 95.28297424 -45.95773697 43.32484055
v 96.95811462 -45.95773697 43.32484055
v 95.28466797 -45.95773697 43.34914398
v 96.95641327 -45.95773697 43.34914398
v 94.79412079 -45.95773697 42.86643600
v 95.28518677 -45.95773697 43.37350464
v 96.95590210 -45.95773697 43.37350464
v 96.95657349 -45.95773697 43.39786148
v 95.28450775 -45.95773697 43.39786148
v 96.95843506 -45.95773697 43.42215729
v 95.28265381 -45.95773697 43.42215729
v 94.65228271 -45.95773697 42.84075165
v 94.72314453 -45.95773697 42.85391998
v 94.63549042 -45.95773697 42.83784866
v 97.60559845 -45.95773697 42.83784866
v 94.61860657 -45.95773697 42.83551788
v 97.62248230 -45.95773697 42.83551788
v 94.60165405 -45.95773697 42.83376312
v 97.63943481 -45.95773697 42.83376312
v 94.58464813 -45.95773697 42.83258820
v 97.65644073 -45.95773697 42.83258820
v 94.56761169 -45.95773697 42.83199310
v 95.26964569 -45.95773697 43.55073166
v 94.53187561 -45.95773697 42.83199310
v 95.26750183 -45.95773697 43.58987808
v 95.26813507 -45.95773697 43.57028198
v 95.26786804 -45.95773697 43.61752319
v 95.27022552 -45.95773697 43.65858841
v 95.27763367 -45.95773697 43.74093628
v 96.95875549 -45.95773697 43.78133392
v 95.28796387 -45.95773697 43.82115555
v 96.94963837 -45.95773697 43.84288788
v 95.30791473 -45.95773697 43.93136215
v 96.93444824 -45.95773697 43.92504501
v 96.91425323 -45.95773697 44.01751709
v 94.23427582 -45.95773697 42.87829590
v 94.44721222 -45.95773697 42.84075165
v 94.37635040 -45.95773697 42.85391998
v 94.30536652 -45.95773697 42.86643600
v 95.33571625 -45.95773697 44.05389404
v 96.89067078 -45.95773697 44.10998535
v 95.37787628 -45.95773697 44.20510101
v 96.86402893 -45.95773697 44.20240402
v 96.83452606 -45.95773697 44.29473114
v 96.22952271 -45.95773697 45.13581848
v 96.61093140 -45.95773697 44.82952881
v 96.54047394 -45.95773697 44.96551895
v 96.49485779 -45.95773697 45.04845810
v 96.44742584 -45.95773697 45.13106918
v 95.43370819 -45.95773697 44.37280655
v 96.79091644 -45.95773697 44.41761780
v 95.49828339 -45.95773697 44.53997040
v 96.73637390 -45.95773697 44.55547333
v 96.67630005 -45.95773697 44.69281387
v 96.01156616 -45.95773697 45.13581848
v 95.57960510 -45.95773697 44.72482681
v 95.68107605 -45.95773697 44.92883682
v 95.79365540 -45.95773697 45.13106918
v 93.83194733 -45.95773697 43.58678436
v 93.82984161 -45.95773697 43.55073166
v 93.83126831 -45.95773697 43.56874084
v 93.83195496 -45.95773697 43.60486221
v 93.83113861 -45.95773697 43.62901306
v 93.82534027 -45.95773697 43.70547485
v 91.98279572 -45.95773697 43.00450516
v 93.97510529 -45.95773697 43.00450516
v 93.95761108 -45.95773697 43.02146912
v 92.00028992 -45.95773697 43.02146912
v 92.01693726 -45.95773697 43.03926086
v 93.94096375 -45.95773697 43.03926086
v 93.92520142 -45.95773697 43.05784225
v 91.96450043 -45.95773697 42.98841858
v 94.01246643 -45.95773697 42.97323990
v 93.99340057 -45.95773697 42.98841858
v 92.03269196 -45.95773697 43.05784225
v 91.94543457 -45.95773697 42.97323990
v 92.04753113 -45.95773697 43.07717133
v 93.91036987 -45.95773697 43.07717133
v 91.92565918 -45.95773697 42.95900726
v 94.03224182 -45.95773697 42.95900726
v 92.06140900 -45.95773697 43.09720230
v 93.89649200 -45.95773697 43.09720230
v 93.88360596 -45.95773697 43.11788177
v 91.90521240 -45.95773697 42.94575500
v 94.05268860 -45.95773697 42.94575500
v 92.07428741 -45.95773697 43.11788177
v 91.88414001 -45.95773697 42.93351746
v 94.07376099 -45.95773697 42.93351746
v 92.08615112 -45.95773697 43.13916397
v 93.87174988 -45.95773697 43.13916397
v 93.86093903 -45.95773697 43.16100311
v 91.86250305 -45.95773697 42.92231750
v 94.11756134 -45.95773697 42.91218948
v 94.09539795 -45.95773697 42.92231750
v 92.09696198 -45.95773697 43.16100311
v 91.84033966 -45.95773697 42.91218948
v 92.10669708 -45.95773697 43.18333817
v 93.85120392 -45.95773697 43.18333817
v 93.84256744 -45.95773697 43.20612335
v 91.81771851 -45.95773697 42.90314865
v 94.16322327 -45.95773697 42.89522171
v 94.14018250 -45.95773697 42.90314865
v 92.11533356 -45.95773697 43.20612335
v 93.83505249 -45.95773697 43.22930145
v 91.79467773 -45.95773697 42.89522171
v 92.12284088 -45.95773697 43.22930145
v 91.77127838 -45.95773697 42.88842773
v 94.18662262 -45.95773697 42.88842773
v 92.12921906 -45.95773697 43.25281906
v 93.82868195 -45.95773697 43.25281906
v 93.82345581 -45.95773697 43.27661896
v 91.74757385 -45.95773697 42.88278198
v 94.21032715 -45.95773697 42.88278198
v 92.13444519 -45.95773697 43.27661896
v 93.81940460 -45.95773697 43.30064392
v 91.72362518 -45.95773697 42.87829590
v 92.13849640 -45.95773697 43.30064392
v 93.81652069 -45.95773697 43.32484055
v 92.14138031 -45.95773697 43.32484055
v 92.14308167 -45.95773697 43.34914398
v 93.81481934 -45.95773697 43.34914398
v 92.14359283 -45.95773697 43.37350464
v 93.81430817 -45.95773697 43.37350464
v 93.81497955 -45.95773697 43.39786148
v 92.14291382 -45.95773697 43.39786148
v 91.58155060 -45.95773697 42.85391998
v 91.65253448 -45.95773697 42.86643600
v 92.14105988 -45.95773697 43.42215729
v 93.81684113 -45.95773697 43.42215729
v 91.51068878 -45.95773697 42.84075165
v 91.49389648 -45.95773697 42.83784866
v 94.46400452 -45.95773697 42.83784866
v 91.47701263 -45.95773697 42.83551788
v 94.49784088 -45.95773697 42.83376312
v 94.48088837 -45.95773697 42.83551788
v 91.46006012 -45.95773697 42.83376312
v 94.51484680 -45.95773697 42.83258820
v 91.44305420 -45.95773697 42.83258820
v 91.42601776 -45.95773697 42.83199310
v 92.12805176 -45.95773697 43.55073166
v 91.39028931 -45.95773697 42.83199310
v 92.12590790 -45.95773697 43.58987808
v 92.12654114 -45.95773697 43.57028198
v 92.12627411 -45.95773697 43.61752319
v 92.12863159 -45.95773697 43.65858841
v 92.13603973 -45.95773697 43.74093628
v 93.81716156 -45.95773697 43.78133392
v 92.14636993 -45.95773697 43.82115555
v 93.80804443 -45.95773697 43.84288788
v 91.16377258 -45.95773697 42.86643600
v 91.30561829 -45.95773697 42.84075165
v 91.23475647 -45.95773697 42.85391998
v 92.16632080 -45.95773697 43.93136215
v 93.79285431 -45.95773697 43.92504501
v 93.77265930 -45.95773697 44.01751709
v 91.09268188 -45.95773697 42.87829590
v 92.19412231 -45.95773697 44.05389404
v 93.74907684 -45.95773697 44.10998535
v 92.23628235 -45.95773697 44.20510101
v 93.72243500 -45.95773697 44.20240402
v 93.69293213 -45.95773697 44.29473114
v 93.08792877 -45.95773697 45.13581848
v 93.46933746 -45.95773697 44.82952881
v 93.39888000 -45.95773697 44.96551895
v 93.35326385 -45.95773697 45.04845810
v 93.30583191 -45.95773697 45.13106918
v 92.29211426 -45.95773697 44.37280655
v 93.64933014 -45.95773697 44.41761780
v 92.35668945 -45.95773697 44.53997040
v 93.59477997 -45.95773697 44.55547333
v 93.53470612 -45.95773697 44.69281387
v 92.86997223 -45.95773697 45.13581848
v 92.43801117 -45.95773697 44.72482681
v 92.53948212 -45.95773697 44.92883682
v 92.65206146 -45.95773697 45.13106918
v 90.69035339 -45.95773697 43.58678436
v 90.68825531 -45.95773697 43.55073166
v 90.68968201 -45.95773697 43.56874084
v 90.69036102 -45.95773697 43.60486221
v 90.68954468 -45.95773697 43.62901306
v 90.68375397 -45.95773697 43.70547485
v 88.85869598 -45.95773697 43.02146912
v 90.83351135 -45.95773697 43.00450516
v 90.81601715 -45.95773697 43.02146912
v 88.84120178 -45.95773697 43.00450516
v 88.87534332 -45.95773697 43.03926086
v 90.79936981 -45.95773697 43.03926086
v 88.82290649 -45.95773697 42.98841858
v 90.87087250 -45.95773697 42.97323990
v 90.85180664 -45.95773697 42.98841858
v 88.89110565 -45.95773697 43.05784225
v 90.78361511 -45.95773697 43.05784225
v 88.80384064 -45.95773697 42.97323990
v 88.90593719 -45.95773697 43.07717133
v 90.76877594 -45.95773697 43.07717133
v 88.78406525 -45.95773697 42.95900726
v 90.89064789 -45.95773697 42.95900726
v 88.91981506 -45.95773697 43.09720230
v 90.75489807 -45.95773697 43.09720230
v 90.74201965 -45.95773697 43.11788177
v 88.76361847 -45.95773697 42.94575500
v 90.91109467 -45.95773697 42.94575500
v 88.93270111 -45.95773697 43.11788177
v 88.74254608 -45.95773697 42.93351746
v 90.93216705 -45.95773697 42.93351746
v 88.94455719 -45.95773697 43.13916397
v 90.73015594 -45.95773697 43.13916397
v 88.72090912 -45.95773697 42.92231750
v 90.95380402 -45.95773697 42.92231750
v 88.95536804 -45.95773697 43.16100311
v 90.71934509 -45.95773697 43.16100311
v 88.69875336 -45.95773697 42.91218948
v 90.97596741 -45.95773697 42.91218948
v 88.96510315 -45.95773697 43.18333817
v 90.70960999 -45.95773697 43.18333817
v 88.67612457 -45.95773697 42.90314865
v 90.99858856 -45.95773697 42.90314865
v 88.97373962 -45.95773697 43.20612335
v 90.70097351 -45.95773697 43.20612335
v 88.65308380 -45.95773697 42.89522171
v 91.02162933 -45.95773697 42.89522171
v 88.98125458 -45.95773697 43.22930145
v 90.69346619 -45.95773697 43.22930145
v 88.62968445 -45.95773697 42.88842773
v 91.04502869 -45.95773697 42.88842773
v 88.98762512 -45.95773697 43.25281906
v 90.68708801 -45.95773697 43.25281906
v 90.68186951 -45.95773697 43.27661896
v 88.60597992 -45.95773697 42.88278198
v 91.06873322 -45.95773697 42.88278198
v 88.99285126 -45.95773697 43.27661896
v 88.58203125 -45.95773697 42.87829590
v 88.99690247 -45.95773697 43.30064392
v 90.67781067 -45.95773697 43.30064392
v 88.99978638 -45.95773697 43.32484055
v 90.67492676 -45.95773697 43.32484055
v 89.00148773 -45.95773697 43.34914398
v 90.67322540 -45.95773697 43.34914398
v 89.00199890 -45.95773697 43.37350464
v 90.67271423 -45.95773697 43.37350464
v 89.00132751 -45.95773697 43.39786148
v 90.67339325 -45.95773697 43.39786148
v 88.43995667 -45.95773697 42.85391998
v 88.51094055 -45.95773697 42.86643600
v 88.99946594 -45.95773697 43.42215729
v 90.67524719 -45.95773697 43.42215729
v 88.36909485 -45.95773697 42.84075165
v 88.35230255 -45.95773697 42.83784866
v 91.32241058 -45.95773697 42.83784866
v 88.33541870 -45.95773697 42.83551788
v 91.35624695 -45.95773697 42.83376312
v 91.33929443 -45.95773697 42.83551788
v 88.31846619 -45.95773697 42.83376312
v 88.30146027 -45.95773697 42.83258820
v 91.37325287 -45.95773697 42.83258820
v 88.28443146 -45.95773697 42.83199310
v 88.98646545 -45.95773697 43.55073166
v 88.24869537 -45.95773697 42.83199310
v 88.98431396 -45.95773697 43.58987808
v 88.98494720 -45.95773697 43.57028198
v 88.98468018 -45.95773697 43.61752319
v 88.98703766 -45.95773697 43.65858841
v 88.99444580 -45.95773697 43.74093628
v 90.67556763 -45.95773697 43.78133392
v 89.00477600 -45.95773697 43.82115555
v 90.66645813 -45.95773697 43.84288788
v 89.02472687 -45.95773697 43.93136215
v 90.65126801 -45.95773697 43.92504501
v 90.63107300 -45.95773697 44.01751709
v 87.95108795 -45.95773697 42.87829590
v 88.16402435 -45.95773697 42.84075165
v 88.09316254 -45.95773697 42.85391998
v 88.02218628 -45.95773697 42.86643600
v 89.05252838 -45.95773697 44.05389404
v 90.60748291 -45.95773697 44.10998535
v 89.09468842 -45.95773697 44.20510101
v 90.58084106 -45.95773697 44.20240402
v 90.55133820 -45.95773697 44.29473114
v 89.94633484 -45.95773697 45.13581848
v 90.32774353 -45.95773697 44.82952881
v 90.25728607 -45.95773697 44.96551895
v 90.21166992 -45.95773697 45.04845810
v 90.16424561 -45.95773697 45.13106918
v 89.15052795 -45.95773697 44.37280655
v 90.50773621 -45.95773697 44.41761780
v 89.21509552 -45.95773697 44.53997040
v 90.45319366 -45.95773697 44.55547333
v 90.39311218 -45.95773697 44.69281387
v 89.72837830 -45.95773697 45.13581848
v 89.29641724 -45.95773697 44.72482681
v 89.39788818 -45.95773697 44.92883682
v 89.51047516 -45.95773697 45.13106918
v 87.54875946 -45.95773697 43.58678436
v 87.54666138 -45.95773697 43.55073166
v 87.54808807 -45.95773697 43.56874084
v 87.54876709 -45.95773697 43.60486221
v 87.54795074 -45.95773697 43.62901306
v 87.54216003 -45.95773697 43.70547485
v 85.71710205 -45.95773697 43.02146912
v 87.69191742 -45.95773697 43.00450516
v 87.67442322 -45.95773697 43.02146912
v 85.69960785 -45.95773697 43.00450516
v 85.73374939 -45.95773697 43.03926086
v 87.65777588 -45.95773697 43.03926086
v 87.64202118 -45.95773697 43.05784225
v 85.68131256 -45.95773697 42.98841858
v 87.72927856 -45.95773697 42.97323990
v 87.71022034 -45.95773697 42.98841858
v 85.74951172 -45.95773697 43.05784225
v 85.66225433 -45.95773697 42.97323990
v 87.74905396 -45.95773697 42.95900726
v 85.76434326 -45.95773697 43.07717133
v 87.62718201 -45.95773697 43.07717133
v 87.61330414 -45.95773697 43.09720230
v 85.64247131 -45.95773697 42.95900726
v 85.77822113 -45.95773697 43.09720230
v 85.62202454 -45.95773697 42.94575500
v 87.79057312 -45.95773697 42.93351746
v 87.76950073 -45.95773697 42.94575500
v 85.79110718 -45.95773697 43.11788177
v 87.60042572 -45.95773697 43.11788177
v 85.60095978 -45.95773697 42.93351746
v 87.81221008 -45.95773697 42.92231750
v 85.80296326 -45.95773697 43.13916397
v 87.58856201 -45.95773697 43.13916397
v 85.57931519 -45.95773697 42.92231750
v 85.81377411 -45.95773697 43.16100311
v 87.57775116 -45.95773697 43.16100311
v 87.56801605 -45.95773697 43.18333817
v 85.55715942 -45.95773697 42.91218948
v 87.83437347 -45.95773697 42.91218948
v 85.82350922 -45.95773697 43.18333817
v 85.53453064 -45.95773697 42.90314865
v 87.85700226 -45.95773697 42.90314865
v 85.83214569 -45.95773697 43.20612335
v 87.55938721 -45.95773697 43.20612335
v 85.51148987 -45.95773697 42.89522171
v 87.90344238 -45.95773697 42.88842773
v 87.88004303 -45.95773697 42.89522171
v 85.83966064 -45.95773697 43.22930145
v 87.55187225 -45.95773697 43.22930145
v 87.54549408 -45.95773697 43.25281906
v 85.48809052 -45.95773697 42.88842773
v 85.84603119 -45.95773697 43.25281906
v 85.46438599 -45.95773697 42.88278198
v 87.92713928 -45.95773697 42.88278198
v 85.85125732 -45.95773697 43.27661896
v 87.54027557 -45.95773697 43.27661896
v 85.44043732 -45.95773697 42.87829590
v 85.85531616 -45.95773697 43.30064392
v 87.53621674 -45.95773697 43.30064392
v 85.85819244 -45.95773697 43.32484055
v 87.53333282 -45.95773697 43.32484055
v 87.53163910 -45.95773697 43.34914398
v 85.85989380 -45.95773697 43.34914398
v 87.53112030 -45.95773697 43.37350464
v 85.86040497 -45.95773697 43.37350464
v 85.85973358 -45.95773697 43.39786148
v 87.53179932 -45.95773697 43.39786148
v 85.29837036 -45.95773697 42.85391998
v 85.36934662 -45.95773697 42.86643600
v 85.85787201 -45.95773697 43.42215729
v 87.53366089 -45.95773697 43.42215729
v 85.22750854 -45.95773697 42.84075165
v 85.21070862 -45.95773697 42.83784866
v 88.18081665 -45.95773697 42.83784866
v 85.19382477 -45.95773697 42.83551788
v 88.19770050 -45.95773697 42.83551788
v 85.17687225 -45.95773697 42.83376312
v 88.21465302 -45.95773697 42.83376312
v 85.15986633 -45.95773697 42.83258820
v 88.23165894 -45.95773697 42.83258820
v 85.14283752 -45.95773697 42.83199310
v 85.84487152 -45.95773697 43.55073166
v 85.10710144 -45.95773697 42.83199310
v 85.84272003 -45.95773697 43.58987808
v 85.84335327 -45.95773697 43.57028198
v 85.84308624 -45.95773697 43.61752319
v 85.84544373 -45.95773697 43.65858841
v 85.85285187 -45.95773697 43.74093628
v 87.53397369 -45.95773697 43.78133392
v 85.86318207 -45.95773697 43.82115555
v 87.52486420 -45.95773697 43.84288788
v 85.88313293 -45.95773697 43.93136215
v 87.50967407 -45.95773697 43.92504501
v 87.48947906 -45.95773697 44.01751709
v 84.80950165 -45.95773697 42.87829590
v 85.02243042 -45.95773697 42.84075165
v 84.95156860 -45.95773697 42.85391998
v 84.88059235 -45.95773697 42.86643600
v 85.91093445 -45.95773697 44.05389404
v 87.46588898 -45.95773697 44.10998535
v 85.95310211 -45.95773697 44.20510101
v 87.43925476 -45.95773697 44.20240402
v 87.40974426 -45.95773697 44.29473114
v 86.80474091 -45.95773697 45.13581848
v 87.18614960 -45.95773697 44.82952881
v 87.11569214 -45.95773697 44.96551895
v 87.07007599 -45.95773697 45.04845810
v 87.02265167 -45.95773697 45.13106918
v 86.00893402 -45.95773697 44.37280655
v 87.36614227 -45.95773697 44.41761780
v 86.07350922 -45.95773697 44.53997040
v 87.31159973 -45.95773697 44.55547333
v 87.25151825 -45.95773697 44.69281387
v 86.58678436 -45.95773697 45.13581848
v 86.15482330 -45.95773697 44.72482681
v 86.25630188 -45.95773697 44.92883682
v 86.36888123 -45.95773697 45.13106918
v 84.40716553 -45.95773697 43.58678436
v 84.40506744 -45.95773697 43.55073166
v 84.40649414 -45.95773697 43.56874084
v 84.40717316 -45.95773697 43.60486221
v 84.40635681 -45.95773697 43.62901306
v 84.40056610 -45.95773697 43.70547485
v 82.55802155 -45.95773697 43.00450516
v 84.55032349 -45.95773697 43.00450516
v 84.53282928 -45.95773697 43.02146912
v 82.57550812 -45.95773697 43.02146912
v 82.59215546 -45.95773697 43.03926086
v 84.51618958 -45.95773697 43.03926086
v 84.50042725 -45.95773697 43.05784225
v 82.53971863 -45.95773697 42.98841858
v 84.56862640 -45.95773697 42.98841858
v 82.60791779 -45.95773697 43.05784225
v 82.52066040 -45.95773697 42.97323990
v 84.58768463 -45.95773697 42.97323990
v 82.62274933 -45.95773697 43.07717133
v 84.48558807 -45.95773697 43.07717133
v 84.47171783 -45.95773697 43.09720230
v 82.50087738 -45.95773697 42.95900726
v 84.62791443 -45.95773697 42.94575500
v 84.60746002 -45.95773697 42.95900726
v 82.63662720 -45.95773697 43.09720230
v 84.45883179 -45.95773697 43.11788177
v 82.48043060 -45.95773697 42.94575500
v 82.64951324 -45.95773697 43.11788177
v 84.44696808 -45.95773697 43.13916397
v 82.45936584 -45.95773697 42.93351746
v 84.67061615 -45.95773697 42.92231750
v 84.64897919 -45.95773697 42.93351746
v 82.66137695 -45.95773697 43.13916397
v 82.43772125 -45.95773697 42.92231750
v 82.67218781 -45.95773697 43.16100311
v 84.43615723 -45.95773697 43.16100311
v 82.41556549 -45.95773697 42.91218948
v 84.71540833 -45.95773697 42.90314865
v 84.69277954 -45.95773697 42.91218948
v 82.68191528 -45.95773697 43.18333817
v 84.42642212 -45.95773697 43.18333817
v 82.39293671 -45.95773697 42.90314865
v 82.69055176 -45.95773697 43.20612335
v 84.41779327 -45.95773697 43.20612335
v 82.36989594 -45.95773697 42.89522171
v 84.73844910 -45.95773697 42.89522171
v 82.69806671 -45.95773697 43.22930145
v 84.41027832 -45.95773697 43.22930145
v 82.34649658 -45.95773697 42.88842773
v 84.76184845 -45.95773697 42.88842773
v 82.70444489 -45.95773697 43.25281906
v 84.40390015 -45.95773697 43.25281906
v 82.32279205 -45.95773697 42.88278198
v 84.78555298 -45.95773697 42.88278198
v 82.70966339 -45.95773697 43.27661896
v 84.39868164 -45.95773697 43.27661896
v 82.29884338 -45.95773697 42.87829590
v 82.71372223 -45.95773697 43.30064392
v 84.39462280 -45.95773697 43.30064392
v 82.71659851 -45.95773697 43.32484055
v 84.39173889 -45.95773697 43.32484055
v 82.71829987 -45.95773697 43.34914398
v 84.39004517 -45.95773697 43.34914398
v 82.71881104 -45.95773697 43.37350464
v 84.38952637 -45.95773697 43.37350464
v 82.71813965 -45.95773697 43.39786148
v 84.39020538 -45.95773697 43.39786148
v 82.15677643 -45.95773697 42.85391998
v 82.22775269 -45.95773697 42.86643600
v 82.71627808 -45.95773697 43.42215729
v 84.39206696 -45.95773697 43.42215729
v 82.08591461 -45.95773697 42.84075165
v 82.06911469 -45.95773697 42.83784866
v 85.05611420 -45.95773697 42.83551788
v 85.03922272 -45.95773697 42.83784866
v 82.05223083 -45.95773697 42.83551788
v 82.03527832 -45.95773697 42.83376312
v 85.07306671 -45.95773697 42.83376312
v 82.01828003 -45.95773697 42.83258820
v 85.09006500 -45.95773697 42.83258820
v 82.00124359 -45.95773697 42.83199310
v 82.70327759 -45.95773697 43.55073166
v 81.96550751 -45.95773697 42.83199310
v 82.70113373 -45.95773697 43.58987808
v 82.70176697 -45.95773697 43.57028198
v 82.70149231 -45.95773697 43.61752319
v 82.70384979 -45.95773697 43.65858841
v 82.71125793 -45.95773697 43.74093628
v 84.39237976 -45.95773697 43.78133392
v 82.72158813 -45.95773697 43.82115555
v 84.38327026 -45.95773697 43.84288788
v 82.74153900 -45.95773697 43.93136215
v 84.36808014 -45.95773697 43.92504501
v 84.34788513 -45.95773697 44.01751709
v 82.76934052 -45.95773697 44.05389404
v 84.32429504 -45.95773697 44.10998535
v 82.81150818 -45.95773697 44.20510101
v 84.29766083 -45.95773697 44.20240402
v 84.26815033 -45.95773697 44.29473114
v 83.66315460 -45.95773697 45.13581848
v 84.04455566 -45.95773697 44.82952881
v 83.97409821 -45.95773697 44.96551895
v 83.92848206 -45.95773697 45.04845810
v 83.88105774 -45.95773697 45.13106918
v 82.86734009 -45.95773697 44.37280655
v 84.22454834 -45.95773697 44.41761780
v 82.93191528 -45.95773697 44.53997040
v 84.17000580 -45.95773697 44.55547333
v 84.10992432 -45.95773697 44.69281387
v 83.44519043 -45.95773697 45.13581848
v 83.01322937 -45.95773697 44.72482681
v 83.11470795 -45.95773697 44.92883682
v 83.22728729 -45.95773697 45.13106918
v 81.26557159 -45.95773697 43.58678436
v 81.26347351 -45.95773697 43.55073166
v 81.26490021 -45.95773697 43.56874084
v 81.26558685 -45.95773697 43.60486221
v 81.26476288 -45.95773697 43.62901306
v 81.25897217 -45.95773697 43.70547485
v 79.41642761 -45.95773697 43.00450516
v 81.39124298 -45.95773697 43.02146912
v 79.43392181 -45.95773697 43.02146912
v 81.40873718 -45.95773697 43.00450516
v 79.45056152 -45.95773697 43.03926086
v 81.37459564 -45.95773697 43.03926086
v 79.39812469 -45.95773697 42.98841858
v 81.44609070 -45.95773697 42.97323990
v 81.42703247 -45.95773697 42.98841858
v 79.46632385 -45.95773697 43.05784225
v 81.35883331 -45.95773697 43.05784225
v 79.37906647 -45.95773697 42.97323990
v 79.48116302 -45.95773697 43.07717133
v 81.34400177 -45.95773697 43.07717133
v 79.35929108 -45.95773697 42.95900726
v 81.46587372 -45.95773697 42.95900726
v 79.49503326 -45.95773697 43.09720230
v 81.33012390 -45.95773697 43.09720230
v 79.33883667 -45.95773697 42.94575500
v 81.48632050 -45.95773697 42.94575500
v 79.50791931 -45.95773697 43.11788177
v 81.31723785 -45.95773697 43.11788177
v 81.30537415 -45.95773697 43.13916397
v 79.31777191 -45.95773697 42.93351746
v 81.50738525 -45.95773697 42.93351746
v 79.51978302 -45.95773697 43.13916397
v 79.29613495 -45.95773697 42.92231750
v 81.52902985 -45.95773697 42.92231750
v 79.53059387 -45.95773697 43.16100311
v 81.29456329 -45.95773697 43.16100311
v 81.28483582 -45.95773697 43.18333817
v 79.27397156 -45.95773697 42.91218948
v 81.57381439 -45.95773697 42.90314865
v 81.55118561 -45.95773697 42.91218948
v 79.54032898 -45.95773697 43.18333817
v 79.25134277 -45.95773697 42.90314865
v 79.54895782 -45.95773697 43.20612335
v 81.27619934 -45.95773697 43.20612335
v 79.22830200 -45.95773697 42.89522171
v 81.62025452 -45.95773697 42.88842773
v 81.59685516 -45.95773697 42.89522171
v 79.55647278 -45.95773697 43.22930145
v 81.26868439 -45.95773697 43.22930145
v 79.20490265 -45.95773697 42.88842773
v 79.56285095 -45.95773697 43.25281906
v 81.26231384 -45.95773697 43.25281906
v 81.25708771 -45.95773697 43.27661896
v 79.18120575 -45.95773697 42.88278198
v 81.64395905 -45.95773697 42.88278198
v 79.56806946 -45.95773697 43.27661896
v 79.15724945 -45.95773697 42.87829590
v 81.88083649 -45.95773697 42.84075165
v 81.80997467 -45.95773697 42.85391998
v 81.73899841 -45.95773697 42.86643600
v 81.66790771 -45.95773697 42.87829590
v 79.57212830 -45.95773697 43.30064392
v 81.25302887 -45.95773697 43.30064392
v 79.57501221 -45.95773697 43.32484055
v 81.25015259 -45.95773697 43.32484055
v 79.57670593 -45.95773697 43.34914398
v 81.24845123 -45.95773697 43.34914398
v 81.24794006 -45.95773697 43.37350464
v 79.57722473 -45.95773697 43.37350464
v 79.57654572 -45.95773697 43.39786148
v 81.24861145 -45.95773697 43.39786148
v 79.57468414 -45.95773697 43.42215729
v 81.25047302 -45.95773697 43.42215729
v 78.94432068 -45.95773697 42.84075165
v 79.08615875 -45.95773697 42.86643600
v 79.01518250 -45.95773697 42.85391998
v 78.92752838 -45.95773697 42.83784866
v 81.91452026 -45.95773697 42.83551788
v 81.89763641 -45.95773697 42.83784866
v 78.91064453 -45.95773697 42.83551788
v 78.89368439 -45.95773697 42.83376312
v 81.94847870 -45.95773697 42.83258820
v 81.93147278 -45.95773697 42.83376312
v 78.87668610 -45.95773697 42.83258820
v 78.85964966 -45.95773697 42.83199310
v 79.56168365 -45.95773697 43.55073166
v 78.82391357 -45.95773697 42.83199310
v 79.55953979 -45.95773697 43.58987808
v 79.56017303 -45.95773697 43.57028198
v 79.55990601 -45.95773697 43.61752319
v 79.56226349 -45.95773697 43.65858841
v 79.56966400 -45.95773697 43.74093628
v 81.25078583 -45.95773697 43.78133392
v 79.58000183 -45.95773697 43.82115555
v 81.24167633 -45.95773697 43.84288788
v 79.59994507 -45.95773697 43.93136215
v 81.22648621 -45.95773697 43.92504501
v 81.20629120 -45.95773697 44.01751709
v 78.52631378 -45.95773697 42.87829590
v 78.73925018 -45.95773697 42.84075165
v 78.66838837 -45.95773697 42.85391998
v 78.59740448 -45.95773697 42.86643600
v 79.62774658 -45.95773697 44.05389404
v 81.18270111 -45.95773697 44.10998535
v 79.66991425 -45.95773697 44.20510101
v 81.15606689 -45.95773697 44.20240402
v 81.12656403 -45.95773697 44.29473114
v 80.52156067 -45.95773697 45.13581848
v 80.90296173 -45.95773697 44.82952881
v 80.83251190 -45.95773697 44.96551895
v 80.78689575 -45.95773697 45.04845810
v 80.73946381 -45.95773697 45.13106918
v 79.72574615 -45.95773697 44.37280655
v 81.08295441 -45.95773697 44.41761780
v 79.79032135 -45.95773697 44.53997040
v 81.02841187 -45.95773697 44.55547333
v 80.96833038 -45.95773697 44.69281387
v 80.30360413 -45.95773697 45.13581848
v 79.87163544 -45.95773697 44.72482681
v 79.97311401 -45.95773697 44.92883682
v 80.08569336 -45.95773697 45.13106918
v 78.12398529 -45.95773697 43.58678436
v 78.12187958 -45.95773697 43.55073166
v 78.12330627 -45.95773697 43.56874084
v 78.12399292 -45.95773697 43.60486221
v 78.12317657 -45.95773697 43.62901306
v 78.11737823 -45.95773697 43.70547485
v 76.27483368 -45.95773697 43.00450516
v 78.24964905 -45.95773697 43.02146912
v 76.29232788 -45.95773697 43.02146912
v 78.28543854 -45.95773697 42.98841858
v 78.26714325 -45.95773697 43.00450516
v 76.30897522 -45.95773697 43.03926086
v 78.23300171 -45.95773697 43.03926086
v 76.25653076 -45.95773697 42.98841858
v 78.30449677 -45.95773697 42.97323990
v 76.32472992 -45.95773697 43.05784225
v 78.21723938 -45.95773697 43.05784225
v 76.23747253 -45.95773697 42.97323990
v 76.33956909 -45.95773697 43.07717133
v 78.20240784 -45.95773697 43.07717133
v 78.18852997 -45.95773697 43.09720230
v 76.21769714 -45.95773697 42.95900726
v 78.32427979 -45.95773697 42.95900726
v 76.35344696 -45.95773697 43.09720230
v 76.19725037 -45.95773697 42.94575500
v 78.34472656 -45.95773697 42.94575500
v 76.36632538 -45.95773697 43.11788177
v 78.17564392 -45.95773697 43.11788177
v 76.17617798 -45.95773697 42.93351746
v 78.38743591 -45.95773697 42.92231750
v 78.36579132 -45.95773697 42.93351746
v 76.37818909 -45.95773697 43.13916397
v 78.16378784 -45.95773697 43.13916397
v 76.15454102 -45.95773697 42.92231750
v 78.40959167 -45.95773697 42.91218948
v 76.38899994 -45.95773697 43.16100311
v 78.15297699 -45.95773697 43.16100311
v 76.13237762 -45.95773697 42.91218948
v 76.39873505 -45.95773697 43.18333817
v 78.14324188 -45.95773697 43.18333817
v 78.13460541 -45.95773697 43.20612335
v 76.10974884 -45.95773697 42.90314865
v 78.43222046 -45.95773697 42.90314865
v 76.40736389 -45.95773697 43.20612335
v 78.12709045 -45.95773697 43.22930145
v 76.08670807 -45.95773697 42.89522171
v 78.45526123 -45.95773697 42.89522171
v 76.41487885 -45.95773697 43.22930145
v 78.12071991 -45.95773697 43.25281906
v 76.06330872 -45.95773697 42.88842773
v 78.47866058 -45.95773697 42.88842773
v 76.42125702 -45.95773697 43.25281906
v 76.03961182 -45.95773697 42.88278198
v 78.50236511 -45.95773697 42.88278198
v 76.42647552 -45.95773697 43.27661896
v 78.11549377 -45.95773697 43.27661896
v 76.01566315 -45.95773697 42.87829590
v 76.43053436 -45.95773697 43.30064392
v 78.11143494 -45.95773697 43.30064392
v 76.43341827 -45.95773697 43.32484055
v 78.10855865 -45.95773697 43.32484055
v 78.10685730 -45.95773697 43.34914398
v 76.43511200 -45.95773697 43.34914398
v 76.43563080 -45.95773697 43.37350464
v 78.10634613 -45.95773697 43.37350464
v 76.43495178 -45.95773697 43.39786148
v 78.10701752 -45.95773697 43.39786148
v 75.87358856 -45.95773697 42.85391998
v 75.94456482 -45.95773697 42.86643600
v 76.43309784 -45.95773697 43.42215729
v 78.10887909 -45.95773697 43.42215729
v 75.80272675 -45.95773697 42.84075165
v 75.78593445 -45.95773697 42.83784866
v 78.77292633 -45.95773697 42.83551788
v 78.75604248 -45.95773697 42.83784866
v 75.76905060 -45.95773697 42.83551788
v 75.75209808 -45.95773697 42.83376312
v 78.80688477 -45.95773697 42.83258820
v 78.78987885 -45.95773697 42.83376312
v 75.73509216 -45.95773697 42.83258820
v 75.71805573 -45.95773697 42.83199310
v 76.42008972 -45.95773697 43.55073166
v 75.68232727 -45.95773697 42.83199310
v 76.41794586 -45.95773697 43.58987808
v 76.41857910 -45.95773697 43.57028198
v 76.41831207 -45.95773697 43.61752319
v 76.42066956 -45.95773697 43.65858841
v 76.42807770 -45.95773697 43.74093628
v 78.10919952 -45.95773697 43.78133392
v 76.43840790 -45.95773697 43.82115555
v 78.10008240 -45.95773697 43.84288788
v 75.45581055 -45.95773697 42.86643600
v 75.59765625 -45.95773697 42.84075165
v 75.52679443 -45.95773697 42.85391998
v 76.45835876 -45.95773697 43.93136215
v 78.08489227 -45.95773697 43.92504501
v 78.06469727 -45.95773697 44.01751709
v 75.38471985 -45.95773697 42.87829590
v 76.48616028 -45.95773697 44.05389404
v 78.04111481 -45.95773697 44.10998535
v 76.52832031 -45.95773697 44.20510101
v 78.01447296 -45.95773697 44.20240402
v 77.98497009 -45.95773697 44.29473114
v 77.37996674 -45.95773697 45.13581848
v 77.76137543 -45.95773697 44.82952881
v 77.69091797 -45.95773697 44.96551895
v 77.64530182 -45.95773697 45.04845810
v 77.59786987 -45.95773697 45.13106918
v 76.58415222 -45.95773697 44.37280655
v 77.94136047 -45.95773697 44.41761780
v 76.64872742 -45.95773697 44.53997040
v 77.88681793 -45.95773697 44.55547333
v 77.82674408 -45.95773697 44.69281387
v 77.16201019 -45.95773697 45.13581848
v 76.73004913 -45.95773697 44.72482681
v 76.83152008 -45.95773697 44.92883682
v 76.94409943 -45.95773697 45.13106918
v 74.98239136 -45.95773697 43.58678436
v 74.98028564 -45.95773697 43.55073166
v 74.98171234 -45.95773697 43.56874084
v 74.98239899 -45.95773697 43.60486221
v 74.98158264 -45.95773697 43.62901306
v 74.97578430 -45.95773697 43.70547485
v 73.13323975 -45.95773697 43.00450516
v 75.10805511 -45.95773697 43.02146912
v 73.15073395 -45.95773697 43.02146912
v 75.14384460 -45.95773697 42.98841858
v 75.12554932 -45.95773697 43.00450516
v 73.16738129 -45.95773697 43.03926086
v 75.09140778 -45.95773697 43.03926086
v 73.11494446 -45.95773697 42.98841858
v 75.16291046 -45.95773697 42.97323990
v 73.18313599 -45.95773697 43.05784225
v 75.07564545 -45.95773697 43.05784225
v 73.09587860 -45.95773697 42.97323990
v 75.18268585 -45.95773697 42.95900726
v 73.19797516 -45.95773697 43.07717133
v 75.06081390 -45.95773697 43.07717133
v 73.07610321 -45.95773697 42.95900726
v 73.21185303 -45.95773697 43.09720230
v 75.04693604 -45.95773697 43.09720230
v 73.05565643 -45.95773697 42.94575500
v 75.20313263 -45.95773697 42.94575500
v 73.22473145 -45.95773697 43.11788177
v 75.03404999 -45.95773697 43.11788177
v 73.03458405 -45.95773697 42.93351746
v 75.24584198 -45.95773697 42.92231750
v 75.22420502 -45.95773697 42.93351746
v 73.23659515 -45.95773697 43.13916397
v 75.02219391 -45.95773697 43.13916397
v 73.01294708 -45.95773697 42.92231750
v 73.24740601 -45.95773697 43.16100311
v 75.01138306 -45.95773697 43.16100311
v 72.99078369 -45.95773697 42.91218948
v 75.26800537 -45.95773697 42.91218948
v 73.25714111 -45.95773697 43.18333817
v 75.00164795 -45.95773697 43.18333817
v 72.96816254 -45.95773697 42.90314865
v 75.31366730 -45.95773697 42.89522171
v 75.29062653 -45.95773697 42.90314865
v 73.26577759 -45.95773697 43.20612335
v 74.99301147 -45.95773697 43.20612335
v 74.98549652 -45.95773697 43.22930145
v 72.94512177 -45.95773697 42.89522171
v 73.27328491 -45.95773697 43.22930145
v 74.97912598 -45.95773697 43.25281906
v 72.92172241 -45.95773697 42.88842773
v 75.36077118 -45.95773697 42.88278198
v 75.33706665 -45.95773697 42.88842773
v 73.27966309 -45.95773697 43.25281906
v 72.89801788 -45.95773697 42.88278198
v 73.28488922 -45.95773697 43.27661896
v 74.97389984 -45.95773697 43.27661896
v 72.87406921 -45.95773697 42.87829590
v 73.28894043 -45.95773697 43.30064392
v 74.96984863 -45.95773697 43.30064392
v 73.29182434 -45.95773697 43.32484055
v 74.96696472 -45.95773697 43.32484055
v 73.29352570 -45.95773697 43.34914398
v 74.96526337 -45.95773697 43.34914398
v 73.29403687 -45.95773697 43.37350464
v 74.96475220 -45.95773697 43.37350464
v 73.29336548 -45.95773697 43.39786148
v 74.96542358 -45.95773697 43.39786148
v 74.96728516 -45.95773697 43.42215729
v 73.29150391 -45.95773697 43.42215729
v 72.66113281 -45.95773697 42.84075165
v 72.80297852 -45.95773697 42.86643600
v 72.73199463 -45.95773697 42.85391998
v 72.64434052 -45.95773697 42.83784866
v 75.61444855 -45.95773697 42.83784866
v 72.62745667 -45.95773697 42.83551788
v 75.63133240 -45.95773697 42.83551788
v 72.61050415 -45.95773697 42.83376312
v 75.64828491 -45.95773697 42.83376312
v 72.59349823 -45.95773697 42.83258820
v 75.66529083 -45.95773697 42.83258820
v 72.57646179 -45.95773697 42.83199310
v 73.27850342 -45.95773697 43.55073166
v 72.54073334 -45.95773697 42.83199310
v 73.27635193 -45.95773697 43.58987808
v 73.27698517 -45.95773697 43.57028198
v 73.27671814 -45.95773697 43.61752319
v 73.27907562 -45.95773697 43.65858841
v 73.28648376 -45.95773697 43.74093628
v 74.96760559 -45.95773697 43.78133392
v 73.29681396 -45.95773697 43.82115555
v 74.95848846 -45.95773697 43.84288788
v 72.31421661 -45.95773697 42.86643600
v 72.45606232 -45.95773697 42.84075165
v 72.38520050 -45.95773697 42.85391998
v 73.31676483 -45.95773697 43.93136215
v 74.94329834 -45.95773697 43.92504501
v 74.92310333 -45.95773697 44.01751709
v 73.34456635 -45.95773697 44.05389404
v 74.89952087 -45.95773697 44.10998535
v 73.38672638 -45.95773697 44.20510101
v 74.87287903 -45.95773697 44.20240402
v 74.84337616 -45.95773697 44.29473114
v 74.23837280 -45.95773697 45.13581848
v 74.61978149 -45.95773697 44.82952881
v 74.54932404 -45.95773697 44.96551895
v 74.50370789 -45.95773697 45.04845810
v 74.45627594 -45.95773697 45.13106918
v 73.44255829 -45.95773697 44.37280655
v 74.79977417 -45.95773697 44.41761780
v 73.50713348 -45.95773697 44.53997040
v 74.74522400 -45.95773697 44.55547333
v 74.68515015 -45.95773697 44.69281387
v 74.02041626 -45.95773697 45.13581848
v 73.58845520 -45.95773697 44.72482681
v 73.68992615 -45.95773697 44.92883682
v 73.80250549 -45.95773697 45.13106918
v 71.84079742 -45.95773697 43.58678436
v 71.83869934 -45.95773697 43.55073166
v 71.84012604 -45.95773697 43.56874084
v 71.84080505 -45.95773697 43.60486221
v 71.83998871 -45.95773697 43.62901306
v 71.83419800 -45.95773697 43.70547485
v 69.99164581 -45.95773697 43.00450516
v 71.96646118 -45.95773697 43.02146912
v 70.00914001 -45.95773697 43.02146912
v 72.00225067 -45.95773697 42.98841858
v 71.98395538 -45.95773697 43.00450516
v 70.02578735 -45.95773697 43.03926086
v 71.94981384 -45.95773697 43.03926086
v 69.97335052 -45.95773697 42.98841858
v 70.04154968 -45.95773697 43.05784225
v 71.93405914 -45.95773697 43.05784225
v 69.95428467 -45.95773697 42.97323990
v 72.02131653 -45.95773697 42.97323990
v 70.05638123 -45.95773697 43.07717133
v 71.91921997 -45.95773697 43.07717133
v 69.93450928 -45.95773697 42.95900726
v 72.06153870 -45.95773697 42.94575500
v 72.04109192 -45.95773697 42.95900726
v 70.07025909 -45.95773697 43.09720230
v 71.90534210 -45.95773697 43.09720230
v 69.91406250 -45.95773697 42.94575500
v 70.08314514 -45.95773697 43.11788177
v 71.89246368 -45.95773697 43.11788177
v 69.89299011 -45.95773697 42.93351746
v 72.08261108 -45.95773697 42.93351746
v 70.09500122 -45.95773697 43.13916397
v 71.88059998 -45.95773697 43.13916397
v 69.87135315 -45.95773697 42.92231750
v 72.10424805 -45.95773697 42.92231750
v 70.10581207 -45.95773697 43.16100311
v 71.86978912 -45.95773697 43.16100311
v 69.84919739 -45.95773697 42.91218948
v 72.12641144 -45.95773697 42.91218948
v 70.11554718 -45.95773697 43.18333817
v 71.86005402 -45.95773697 43.18333817
v 71.85141754 -45.95773697 43.20612335
v 69.82656860 -45.95773697 42.90314865
v 72.14903259 -45.95773697 42.90314865
v 70.12418365 -45.95773697 43.20612335
v 69.80352783 -45.95773697 42.89522171
v 72.17207336 -45.95773697 42.89522171
v 70.13169861 -45.95773697 43.22930145
v 71.84391022 -45.95773697 43.22930145
v 69.78012848 -45.95773697 42.88842773
v 72.19547272 -45.95773697 42.88842773
v 70.13806915 -45.95773697 43.25281906
v 71.83753204 -45.95773697 43.25281906
v 69.75642395 -45.95773697 42.88278198
v 72.21917725 -45.95773697 42.88278198
v 70.14329529 -45.95773697 43.27661896
v 71.83231354 -45.95773697 43.27661896
v 69.73247528 -45.95773697 42.87829590
v 72.24312592 -45.95773697 42.87829590
v 70.14734650 -45.95773697 43.30064392
v 71.82825470 -45.95773697 43.30064392
v 71.82537079 -45.95773697 43.32484055
v 70.15023041 -45.95773697 43.32484055
v 70.15193176 -45.95773697 43.34914398
v 71.82366943 -45.95773697 43.34914398
v 70.15244293 -45.95773697 43.37350464
v 71.82315826 -45.95773697 43.37350464
v 70.15177155 -45.95773697 43.39786148
v 71.82383728 -45.95773697 43.39786148
v 71.82569122 -45.95773697 43.42215729
v 70.14990997 -45.95773697 43.42215729
v 69.51953888 -45.95773697 42.84075165
v 69.66138458 -45.95773697 42.86643600
v 69.59040070 -45.95773697 42.85391998
v 69.50274658 -45.95773697 42.83784866
v 72.47285461 -45.95773697 42.83784866
v 69.48586273 -45.95773697 42.83551788
v 72.50669098 -45.95773697 42.83376312
v 72.48973846 -45.95773697 42.83551788
v 69.46891022 -45.95773697 42.83376312
v 72.52369690 -45.95773697 42.83258820
v 69.45190430 -45.95773697 42.83258820
v 69.43487549 -45.95773697 42.83199310
v 70.13690948 -45.95773697 43.55073166
v 70.13475800 -45.95773697 43.58987808
v 70.13539124 -45.95773697 43.57028198
v 70.13512421 -45.95773697 43.61752319
v 70.13748169 -45.95773697 43.65858841
v 70.14488983 -45.95773697 43.74093628
v 71.82601166 -45.95773697 43.78133392
v 70.15522003 -45.95773697 43.82115555
v 71.81690216 -45.95773697 43.84288788
v 69.17263031 -45.95773697 42.86643600
v 69.31446838 -45.95773697 42.84075165
v 69.24360657 -45.95773697 42.85391998
v 70.17517090 -45.95773697 43.93136215
v 71.80171204 -45.95773697 43.92504501
v 71.78151703 -45.95773697 44.01751709
v 69.10153198 -45.95773697 42.87829590
v 70.20297241 -45.95773697 44.05389404
v 71.75792694 -45.95773697 44.10998535
v 70.24513245 -45.95773697 44.20510101
v 71.73128510 -45.95773697 44.20240402
v 71.70178223 -45.95773697 44.29473114
v 71.09677887 -45.95773697 45.13581848
v 71.47818756 -45.95773697 44.82952881
v 71.40773010 -45.95773697 44.96551895
v 71.36211395 -45.95773697 45.04845810
v 71.31468964 -45.95773697 45.13106918
v 70.30097198 -45.95773697 44.37280655
v 71.65818024 -45.95773697 44.41761780
v 70.36553955 -45.95773697 44.53997040
v 71.60363770 -45.95773697 44.55547333
v 71.54355621 -45.95773697 44.69281387
v 70.87882233 -45.95773697 45.13581848
v 70.44686127 -45.95773697 44.72482681
v 70.54833221 -45.95773697 44.92883682
v 70.66091919 -45.95773697 45.13106918
v 68.69920349 -45.95773697 43.58678436
v 68.69710541 -45.95773697 43.55073166
v 68.69853210 -45.95773697 43.56874084
v 68.69921112 -45.95773697 43.60486221
v 68.69839478 -45.95773697 43.62901306
v 68.69260406 -45.95773697 43.70547485
v 66.85005188 -45.95773697 43.00450516
v 68.82486725 -45.95773697 43.02146912
v 66.86754608 -45.95773697 43.02146912
v 68.84236145 -45.95773697 43.00450516
v 66.88419342 -45.95773697 43.03926086
v 68.80821991 -45.95773697 43.03926086
v 66.83175659 -45.95773697 42.98841858
v 68.86066437 -45.95773697 42.98841858
v 66.89995575 -45.95773697 43.05784225
v 68.79246521 -45.95773697 43.05784225
v 66.81269836 -45.95773697 42.97323990
v 68.87972260 -45.95773697 42.97323990
v 66.91478729 -45.95773697 43.07717133
v 68.77762604 -45.95773697 43.07717133
v 66.79291534 -45.95773697 42.95900726
v 68.89949799 -45.95773697 42.95900726
v 66.92866516 -45.95773697 43.09720230
v 68.76375580 -45.95773697 43.09720230
v 66.77246857 -45.95773697 42.94575500
v 68.94101715 -45.95773697 42.93351746
v 68.91994476 -45.95773697 42.94575500
v 66.94155121 -45.95773697 43.11788177
v 68.75086975 -45.95773697 43.11788177
v 66.75140381 -45.95773697 42.93351746
v 68.96265411 -45.95773697 42.92231750
v 66.95340729 -45.95773697 43.13916397
v 68.73900604 -45.95773697 43.13916397
v 68.72819519 -45.95773697 43.16100311
v 66.72975922 -45.95773697 42.92231750
v 66.96421814 -45.95773697 43.16100311
v 66.70760345 -45.95773697 42.91218948
v 68.98481750 -45.95773697 42.91218948
v 66.97395325 -45.95773697 43.18333817
v 68.71846008 -45.95773697 43.18333817
v 66.68497467 -45.95773697 42.90314865
v 69.00744629 -45.95773697 42.90314865
v 66.98258972 -45.95773697 43.20612335
v 68.70983124 -45.95773697 43.20612335
v 66.66193390 -45.95773697 42.89522171
v 69.03048706 -45.95773697 42.89522171
v 66.99010468 -45.95773697 43.22930145
v 68.70231628 -45.95773697 43.22930145
v 68.69593811 -45.95773697 43.25281906
v 66.63853455 -45.95773697 42.88842773
v 69.05388641 -45.95773697 42.88842773
v 66.99647522 -45.95773697 43.25281906
v 66.61483002 -45.95773697 42.88278198
v 69.07758331 -45.95773697 42.88278198
v 67.00170135 -45.95773697 43.27661896
v 68.69071960 -45.95773697 43.27661896
v 66.59088135 -45.95773697 42.87829590
v 67.00576019 -45.95773697 43.30064392
v 68.68666077 -45.95773697 43.30064392
v 67.00863647 -45.95773697 43.32484055
v 68.68377686 -45.95773697 43.32484055
v 68.68208313 -45.95773697 43.34914398
v 67.01033783 -45.95773697 43.34914398
v 67.01084900 -45.95773697 43.37350464
v 68.68156433 -45.95773697 43.37350464
v 67.01017761 -45.95773697 43.39786148
v 68.68224335 -45.95773697 43.39786148
v 66.44881439 -45.95773697 42.85391998
v 66.51979065 -45.95773697 42.86643600
v 67.00831604 -45.95773697 43.42215729
v 68.68410492 -45.95773697 43.42215729
v 66.37795258 -45.95773697 42.84075165
v 66.36115265 -45.95773697 42.83784866
v 69.33126068 -45.95773697 42.83784866
v 66.34426880 -45.95773697 42.83551788
v 69.34814453 -45.95773697 42.83551788
v 66.32731628 -45.95773697 42.83376312
v 69.38210297 -45.95773697 42.83258820
v 69.36509705 -45.95773697 42.83376312
v 66.31031036 -45.95773697 42.83258820
v 69.39913940 -45.95773697 42.83199310
v 66.29328156 -45.95773697 42.83199310
v 66.99531555 -45.95773697 43.55073166
v 66.99316406 -45.95773697 43.58987808
v 66.99379730 -45.95773697 43.57028198
v 66.99353027 -45.95773697 43.61752319
v 66.99588776 -45.95773697 43.65858841
v 67.00329590 -45.95773697 43.74093628
v 68.68441772 -45.95773697 43.78133392
v 67.01362610 -45.95773697 43.82115555
v 68.67530823 -45.95773697 43.84288788
v 67.03357697 -45.95773697 43.93136215
v 68.66011810 -45.95773697 43.92504501
v 68.63992310 -45.95773697 44.01751709
v 65.95994568 -45.95773697 42.87829590
v 66.17287445 -45.95773697 42.84075165
v 66.10201263 -45.95773697 42.85391998
v 66.03103638 -45.95773697 42.86643600
v 67.06137848 -45.95773697 44.05389404
v 68.61633301 -45.95773697 44.10998535
v 67.10354614 -45.95773697 44.20510101
v 68.58969879 -45.95773697 44.20240402
v 68.56018829 -45.95773697 44.29473114
v 67.95518494 -45.95773697 45.13581848
v 68.33659363 -45.95773697 44.82952881
v 68.26613617 -45.95773697 44.96551895
v 68.22052002 -45.95773697 45.04845810
v 68.17309570 -45.95773697 45.13106918
v 67.15937805 -45.95773697 44.37280655
v 68.51658630 -45.95773697 44.41761780
v 67.22395325 -45.95773697 44.53997040
v 68.46204376 -45.95773697 44.55547333
v 68.40196228 -45.95773697 44.69281387
v 67.73722839 -45.95773697 45.13581848
v 67.30526733 -45.95773697 44.72482681
v 67.40674591 -45.95773697 44.92883682
v 67.51932526 -45.95773697 45.13106918
v 65.55760956 -45.95773697 43.58678436
v 65.55551147 -45.95773697 43.55073166
v 65.55693817 -45.95773697 43.56874084
v 65.55761719 -45.95773697 43.60486221
v 65.55680084 -45.95773697 43.62901306
v 65.55101013 -45.95773697 43.70547485
v 63.70846176 -45.95773697 43.00450516
v 65.68327332 -45.95773697 43.02146912
v 63.72595596 -45.95773697 43.02146912
v 65.70076752 -45.95773697 43.00450516
v 63.74259949 -45.95773697 43.03926086
v 65.66663361 -45.95773697 43.03926086
v 63.69016266 -45.95773697 42.98841858
v 65.71907043 -45.95773697 42.98841858
v 63.75836182 -45.95773697 43.05784225
v 65.65087128 -45.95773697 43.05784225
v 65.63603210 -45.95773697 43.07717133
v 63.67110062 -45.95773697 42.97323990
v 65.73812866 -45.95773697 42.97323990
v 63.77319717 -45.95773697 43.07717133
v 63.65132523 -45.95773697 42.95900726
v 65.75790405 -45.95773697 42.95900726
v 63.78707123 -45.95773697 43.09720230
v 65.62216187 -45.95773697 43.09720230
v 63.63087845 -45.95773697 42.94575500
v 65.77835846 -45.95773697 42.94575500
v 63.79995728 -45.95773697 43.11788177
v 65.60927582 -45.95773697 43.11788177
v 63.60980988 -45.95773697 42.93351746
v 65.82106018 -45.95773697 42.92231750
v 65.79942322 -45.95773697 42.93351746
v 63.81181717 -45.95773697 43.13916397
v 65.59741211 -45.95773697 43.13916397
v 63.58816910 -45.95773697 42.92231750
v 63.82262802 -45.95773697 43.16100311
v 65.58660126 -45.95773697 43.16100311
v 63.56600952 -45.95773697 42.91218948
v 65.84322357 -45.95773697 42.91218948
v 63.83236313 -45.95773697 43.18333817
v 65.57686615 -45.95773697 43.18333817
v 65.56823730 -45.95773697 43.20612335
v 63.54338074 -45.95773697 42.90314865
v 65.86585236 -45.95773697 42.90314865
v 63.84099579 -45.95773697 43.20612335
v 65.56072235 -45.95773697 43.22930145
v 63.52033997 -45.95773697 42.89522171
v 65.88889313 -45.95773697 42.89522171
v 63.84851074 -45.95773697 43.22930145
v 63.49694061 -45.95773697 42.88842773
v 65.93599701 -45.95773697 42.88278198
v 65.91229248 -45.95773697 42.88842773
v 63.85488510 -45.95773697 43.25281906
v 65.55434418 -45.95773697 43.25281906
v 63.47323990 -45.95773697 42.88278198
v 63.86010742 -45.95773697 43.27661896
v 65.54912567 -45.95773697 43.27661896
v 63.44928741 -45.95773697 42.87829590
v 63.86416245 -45.95773697 43.30064392
v 65.54506683 -45.95773697 43.30064392
v 63.86704636 -45.95773697 43.32484055
v 65.54218292 -45.95773697 43.32484055
v 63.86874390 -45.95773697 43.34914398
v 65.54048920 -45.95773697 43.34914398
v 63.86925888 -45.95773697 43.37350464
v 65.53997040 -45.95773697 43.37350464
v 63.86858368 -45.95773697 43.39786148
v 65.54064941 -45.95773697 43.39786148
v 65.54251099 -45.95773697 43.42215729
v 63.86672211 -45.95773697 43.42215729
v 63.23635483 -45.95773697 42.84075165
v 63.37819672 -45.95773697 42.86643600
v 63.30721664 -45.95773697 42.85391998
v 63.21956253 -45.95773697 42.83784866
v 66.18966675 -45.95773697 42.83784866
v 63.20267868 -45.95773697 42.83551788
v 66.22351074 -45.95773697 42.83376312
v 66.20655823 -45.95773697 42.83551788
v 63.18572235 -45.95773697 42.83376312
v 63.16872025 -45.95773697 42.83258820
v 66.25754547 -45.95773697 42.83199310
v 66.24050903 -45.95773697 42.83258820
v 63.15168762 -45.95773697 42.83199310
v 63.85372162 -45.95773697 43.55073166
v 63.85157394 -45.95773697 43.58987808
v 63.85220718 -45.95773697 43.57028198
v 63.85194016 -45.95773697 43.61752319
v 63.85429764 -45.95773697 43.65858841
v 63.86170197 -45.95773697 43.74093628
v 65.54282379 -45.95773697 43.78133392
v 63.87203598 -45.95773697 43.82115555
v 65.53371429 -45.95773697 43.84288788
v 63.89198685 -45.95773697 43.93136215
v 65.51852417 -45.95773697 43.92504501
v 65.49832916 -45.95773697 44.01751709
v 62.81835175 -45.95773697 42.87829590
v 62.96042252 -45.95773697 42.85391998
v 62.88944244 -45.95773697 42.86643600
v 63.91978836 -45.95773697 44.05389404
v 65.47473907 -45.95773697 44.10998535
v 63.96195221 -45.95773697 44.20510101
v 65.44810486 -45.95773697 44.20240402
v 65.41859436 -45.95773697 44.29473114
v 64.81359863 -45.95773697 45.13581848
v 65.19499969 -45.95773697 44.82952881
v 65.12454224 -45.95773697 44.96551895
v 65.07892609 -45.95773697 45.04845810
v 65.03150177 -45.95773697 45.13106918
v 64.01778412 -45.95773697 44.37280655
v 65.37499237 -45.95773697 44.41761780
v 64.08235931 -45.95773697 44.53997040
v 65.32044983 -45.95773697 44.55547333
v 65.26036835 -45.95773697 44.69281387
v 64.59563446 -45.95773697 45.13581848
v 64.16367340 -45.95773697 44.72482681
v 64.26515198 -45.95773697 44.92883682
v 64.37773132 -45.95773697 45.13106918
v 62.41601944 -45.95773697 43.58678436
v 62.41391754 -45.95773697 43.55073166
v 62.41534424 -45.95773697 43.56874084
v 62.41602707 -45.95773697 43.60486221
v 62.41521072 -45.95773697 43.62901306
v 62.40941620 -45.95773697 43.70547485
v 60.56686783 -45.95773697 43.00450516
v 62.54168320 -45.95773697 43.02146912
v 60.58436203 -45.95773697 43.02146912
v 62.57747650 -45.95773697 42.98841858
v 62.55917740 -45.95773697 43.00450516
v 60.60100937 -45.95773697 43.03926086
v 62.52503967 -45.95773697 43.03926086
v 60.54856873 -45.95773697 42.98841858
v 60.61676788 -45.95773697 43.05784225
v 62.50927734 -45.95773697 43.05784225
v 60.52951050 -45.95773697 42.97323990
v 62.59653854 -45.95773697 42.97323990
v 60.63160324 -45.95773697 43.07717133
v 62.49444199 -45.95773697 43.07717133
v 60.50973129 -45.95773697 42.95900726
v 62.63676071 -45.95773697 42.94575500
v 62.61631393 -45.95773697 42.95900726
v 60.64548111 -45.95773697 43.09720230
v 62.48056793 -45.95773697 43.09720230
v 60.48928452 -45.95773697 42.94575500
v 60.65836334 -45.95773697 43.11788177
v 62.46768188 -45.95773697 43.11788177
v 60.46821594 -45.95773697 42.93351746
v 62.67947006 -45.95773697 42.92231750
v 62.65782928 -45.95773697 42.93351746
v 60.67022705 -45.95773697 43.13916397
v 62.45582199 -45.95773697 43.13916397
v 60.44657516 -45.95773697 42.92231750
v 62.70162964 -45.95773697 42.91218948
v 60.68103409 -45.95773697 43.16100311
v 62.44501114 -45.95773697 43.16100311
v 60.42441559 -45.95773697 42.91218948
v 60.69076920 -45.95773697 43.18333817
v 62.43527603 -45.95773697 43.18333817
v 62.42664337 -45.95773697 43.20612335
v 60.40178680 -45.95773697 42.90314865
v 62.72425842 -45.95773697 42.90314865
v 60.69940186 -45.95773697 43.20612335
v 60.37874985 -45.95773697 42.89522171
v 62.77069855 -45.95773697 42.88842773
v 62.74729919 -45.95773697 42.89522171
v 60.70691681 -45.95773697 43.22930145
v 62.41912842 -45.95773697 43.22930145
v 60.35535049 -45.95773697 42.88842773
v 62.79439926 -45.95773697 42.88278198
v 60.71329117 -45.95773697 43.25281906
v 62.41275406 -45.95773697 43.25281906
v 60.33164597 -45.95773697 42.88278198
v 60.71851349 -45.95773697 43.27661896
v 62.40753174 -45.95773697 43.27661896
v 62.40347672 -45.95773697 43.30064392
v 60.30769730 -45.95773697 42.87829590
v 60.72257233 -45.95773697 43.30064392
v 62.40059280 -45.95773697 43.32484055
v 60.72545242 -45.95773697 43.32484055
v 60.72715378 -45.95773697 43.34914398
v 62.39889526 -45.95773697 43.34914398
v 60.72766495 -45.95773697 43.37350464
v 62.39838028 -45.95773697 43.37350464
v 60.72698975 -45.95773697 43.39786148
v 62.39905548 -45.95773697 43.39786148
v 60.72513199 -45.95773697 43.42215729
v 62.40091705 -45.95773697 43.42215729
v 60.09476471 -45.95773697 42.84075165
v 60.23660660 -45.95773697 42.86643600
v 60.16562653 -45.95773697 42.85391998
v 63.03128433 -45.95773697 42.84075165
v 60.07796860 -45.95773697 42.83784866
v 63.04807663 -45.95773697 42.83784866
v 60.06108475 -45.95773697 42.83551788
v 63.06496048 -45.95773697 42.83551788
v 60.04413223 -45.95773697 42.83376312
v 63.08191681 -45.95773697 42.83376312
v 60.02712631 -45.95773697 42.83258820
v 63.11595154 -45.95773697 42.83199310
v 63.09891891 -45.95773697 42.83258820
v 60.01009369 -45.95773697 42.83199310
v 60.71212769 -45.95773697 43.55073166
v 60.70998001 -45.95773697 43.58987808
v 60.71061707 -45.95773697 43.57028198
v 60.71034622 -45.95773697 43.61752319
v 60.71270370 -45.95773697 43.65858841
v 60.72011185 -45.95773697 43.74093628
v 62.40123367 -45.95773697 43.78133392
v 60.73044205 -45.95773697 43.82115555
v 62.39212036 -45.95773697 43.84288788
v 59.74784851 -45.95773697 42.86643600
v 59.88969040 -45.95773697 42.84075165
v 59.81882858 -45.95773697 42.85391998
v 60.75039291 -45.95773697 43.93136215
v 62.37693024 -45.95773697 43.92504501
v 62.35673523 -45.95773697 44.01751709
v 59.67675781 -45.95773697 42.87829590
v 60.77819443 -45.95773697 44.05389404
v 62.33314896 -45.95773697 44.10998535
v 60.82035828 -45.95773697 44.20510101
v 62.30651093 -45.95773697 44.20240402
v 62.27700424 -45.95773697 44.29473114
v 61.67200089 -45.95773697 45.13581848
v 62.05340958 -45.95773697 44.82952881
v 61.98295212 -45.95773697 44.96551895
v 61.93733597 -45.95773697 45.04845810
v 61.88990784 -45.95773697 45.13106918
v 60.87619019 -45.95773697 44.37280655
v 62.23339844 -45.95773697 44.41761780
v 60.94076538 -45.95773697 44.53997040
v 62.17885590 -45.95773697 44.55547333
v 62.11877823 -45.95773697 44.69281387
v 61.45404434 -45.95773697 45.13581848
v 61.02208328 -45.95773697 44.72482681
v 61.12355804 -45.95773697 44.92883682
v 61.23613739 -45.95773697 45.13106918
v 59.27442551 -45.95773697 43.58678436
v 59.27232361 -45.95773697 43.55073166
v 59.27375031 -45.95773697 43.56874084
v 59.27443314 -45.95773697 43.60486221
v 59.27361679 -45.95773697 43.62901306
v 59.26782608 -45.95773697 43.70547485
v 57.44276810 -45.95773697 43.02146912
v 59.40009308 -45.95773697 43.02146912
v 59.38344574 -45.95773697 43.03926086
v 57.42527771 -45.95773697 43.00450516
v 59.41758347 -45.95773697 43.00450516
v 57.45941544 -45.95773697 43.03926086
v 57.40697861 -45.95773697 42.98841858
v 59.45494461 -45.95773697 42.97323990
v 59.43588257 -45.95773697 42.98841858
v 57.47517395 -45.95773697 43.05784225
v 59.36768723 -45.95773697 43.05784225
v 59.35285187 -45.95773697 43.07717133
v 57.38791656 -45.95773697 42.97323990
v 57.49000931 -45.95773697 43.07717133
v 57.36814117 -45.95773697 42.95900726
v 59.47472382 -45.95773697 42.95900726
v 57.50388718 -45.95773697 43.09720230
v 59.33897400 -45.95773697 43.09720230
v 59.32609177 -45.95773697 43.11788177
v 57.34769058 -45.95773697 42.94575500
v 59.49517059 -45.95773697 42.94575500
v 57.51677322 -45.95773697 43.11788177
v 57.32662201 -45.95773697 42.93351746
v 59.53787994 -45.95773697 42.92231750
v 59.51623917 -45.95773697 42.93351746
v 57.52863312 -45.95773697 43.13916397
v 59.31422806 -45.95773697 43.13916397
v 57.30498123 -45.95773697 42.92231750
v 57.53944397 -45.95773697 43.16100311
v 59.30341721 -45.95773697 43.16100311
v 57.28282166 -45.95773697 42.91218948
v 59.56003952 -45.95773697 42.91218948
v 57.54917526 -45.95773697 43.18333817
v 59.29368591 -45.95773697 43.18333817
v 59.28504944 -45.95773697 43.20612335
v 57.26019669 -45.95773697 42.90314865
v 59.58266449 -45.95773697 42.90314865
v 57.55781174 -45.95773697 43.20612335
v 59.27753830 -45.95773697 43.22930145
v 57.23715591 -45.95773697 42.89522171
v 59.60570526 -45.95773697 42.89522171
v 57.56532288 -45.95773697 43.22930145
v 57.21375656 -45.95773697 42.88842773
v 59.62910461 -45.95773697 42.88842773
v 57.57170105 -45.95773697 43.25281906
v 59.27116013 -45.95773697 43.25281906
v 57.19005203 -45.95773697 42.88278198
v 59.65280914 -45.95773697 42.88278198
v 57.57692337 -45.95773697 43.27661896
v 59.26593781 -45.95773697 43.27661896
v 59.26188278 -45.95773697 43.30064392
v 57.16610336 -45.95773697 42.87829590
v 57.58097839 -45.95773697 43.30064392
v 57.58385849 -45.95773697 43.32484055
v 59.25900269 -45.95773697 43.32484055
v 57.58555984 -45.95773697 43.34914398
v 59.25730133 -45.95773697 43.34914398
v 57.58607101 -45.95773697 43.37350464
v 59.25679016 -45.95773697 43.37350464
v 57.58539963 -45.95773697 43.39786148
v 59.25746155 -45.95773697 43.39786148
v 57.02403259 -45.95773697 42.85391998
v 57.09501266 -45.95773697 42.86643600
v 57.58353806 -45.95773697 43.42215729
v 59.25932312 -45.95773697 43.42215729
v 56.95317078 -45.95773697 42.84075165
v 56.93637466 -45.95773697 42.83784866
v 59.90648651 -45.95773697 42.83784866
v 56.91949081 -45.95773697 42.83551788
v 59.94032288 -45.95773697 42.83376312
v 59.92337036 -45.95773697 42.83551788
v 56.90253830 -45.95773697 42.83376312
v 59.95732498 -45.95773697 42.83258820
v 56.88553619 -45.95773697 42.83258820
v 59.97436142 -45.95773697 42.83199310
v 56.86849976 -45.95773697 42.83199310
v 57.57053757 -45.95773697 43.55073166
v 57.56838989 -45.95773697 43.58987808
v 57.56902313 -45.95773697 43.57028198
v 57.56875610 -45.95773697 43.61752319
v 57.57110977 -45.95773697 43.65858841
v 57.57851791 -45.95773697 43.74093628
v 59.25963974 -45.95773697 43.78133392
v 57.58884811 -45.95773697 43.82115555
v 59.25052643 -45.95773697 43.84288788
v 57.60879898 -45.95773697 43.93136215
v 59.23533630 -45.95773697 43.92504501
v 59.21514511 -45.95773697 44.01751709
v 56.53516388 -45.95773697 42.87829590
v 56.74809647 -45.95773697 42.84075165
v 56.67723465 -45.95773697 42.85391998
v 56.60625839 -45.95773697 42.86643600
v 57.63660049 -45.95773697 44.05389404
v 59.19155502 -45.95773697 44.10998535
v 57.67876434 -45.95773697 44.20510101
v 59.16491699 -45.95773697 44.20240402
v 59.13541031 -45.95773697 44.29473114
v 58.53041077 -45.95773697 45.13581848
v 58.91181564 -45.95773697 44.82952881
v 58.84136200 -45.95773697 44.96551895
v 58.79574585 -45.95773697 45.04845810
v 58.74831390 -45.95773697 45.13106918
v 57.73460007 -45.95773697 44.37280655
v 59.09180832 -45.95773697 44.41761780
v 57.79917145 -45.95773697 44.53997040
v 59.03726196 -45.95773697 44.55547333
v 58.97718430 -45.95773697 44.69281387
v 58.31245041 -45.95773697 45.13581848
v 57.88048935 -45.95773697 44.72482681
v 57.98196411 -45.95773697 44.92883682
v 58.09454727 -45.95773697 45.13106918
v 56.13283539 -45.95773697 43.58678436
v 56.13073349 -45.95773697 43.55073166
v 56.13216019 -45.95773697 43.56874084
v 56.13284302 -45.95773697 43.60486221
v 56.13202286 -45.95773697 43.62901306
v 56.12623215 -45.95773697 43.70547485
v 54.28368378 -45.95773697 43.00450516
v 56.25849915 -45.95773697 43.02146912
v 54.30117798 -45.95773697 43.02146912
v 56.27599335 -45.95773697 43.00450516
v 54.31782150 -45.95773697 43.03926086
v 56.24185181 -45.95773697 43.03926086
v 54.26538467 -45.95773697 42.98841858
v 56.29429245 -45.95773697 42.98841858
v 54.33358383 -45.95773697 43.05784225
v 56.22609329 -45.95773697 43.05784225
v 56.21125793 -45.95773697 43.07717133
v 54.24632263 -45.95773697 42.97323990
v 56.31335068 -45.95773697 42.97323990
v 54.34841919 -45.95773697 43.07717133
v 54.22654724 -45.95773697 42.95900726
v 56.33312988 -45.95773697 42.95900726
v 54.36229324 -45.95773697 43.09720230
v 56.19738007 -45.95773697 43.09720230
v 56.18449783 -45.95773697 43.11788177
v 54.20610046 -45.95773697 42.94575500
v 56.35357666 -45.95773697 42.94575500
v 54.37517929 -45.95773697 43.11788177
v 54.18503189 -45.95773697 42.93351746
v 56.37464523 -45.95773697 42.93351746
v 54.38703918 -45.95773697 43.13916397
v 56.17263412 -45.95773697 43.13916397
v 54.16339111 -45.95773697 42.92231750
v 56.41844559 -45.95773697 42.91218948
v 56.39628601 -45.95773697 42.92231750
v 54.39785004 -45.95773697 43.16100311
v 56.16182709 -45.95773697 43.16100311
v 54.14123154 -45.95773697 42.91218948
v 56.44107437 -45.95773697 42.90314865
v 54.40758514 -45.95773697 43.18333817
v 56.15209198 -45.95773697 43.18333817
v 54.11860275 -45.95773697 42.90314865
v 56.46411514 -45.95773697 42.89522171
v 54.41621780 -45.95773697 43.20612335
v 56.14345932 -45.95773697 43.20612335
v 54.09556198 -45.95773697 42.89522171
v 54.42373276 -45.95773697 43.22930145
v 56.13594437 -45.95773697 43.22930145
v 54.07216263 -45.95773697 42.88842773
v 56.48751450 -45.95773697 42.88842773
v 54.43010712 -45.95773697 43.25281906
v 56.12957001 -45.95773697 43.25281906
v 54.04846191 -45.95773697 42.88278198
v 56.51121521 -45.95773697 42.88278198
v 54.43532944 -45.95773697 43.27661896
v 56.12434769 -45.95773697 43.27661896
v 54.02450943 -45.95773697 42.87829590
v 54.43938446 -45.95773697 43.30064392
v 56.12028885 -45.95773697 43.30064392
v 54.44226837 -45.95773697 43.32484055
v 56.11740875 -45.95773697 43.32484055
v 56.11570740 -45.95773697 43.34914398
v 54.44396591 -45.95773697 43.34914398
v 54.44448090 -45.95773697 43.37350464
v 56.11519623 -45.95773697 43.37350464
v 54.44380569 -45.95773697 43.39786148
v 56.11587143 -45.95773697 43.39786148
v 53.88243866 -45.95773697 42.85391998
v 53.95341873 -45.95773697 42.86643600
v 54.44194412 -45.95773697 43.42215729
v 56.11772919 -45.95773697 43.42215729
v 53.81157684 -45.95773697 42.84075165
v 53.79478455 -45.95773697 42.83784866
v 56.76489258 -45.95773697 42.83784866
v 53.77790070 -45.95773697 42.83551788
v 56.79872894 -45.95773697 42.83376312
v 56.78177643 -45.95773697 42.83551788
v 53.76094437 -45.95773697 42.83376312
v 53.74394226 -45.95773697 42.83258820
v 56.83276749 -45.95773697 42.83199310
v 56.81573486 -45.95773697 42.83258820
v 53.72690964 -45.95773697 42.83199310
v 54.42894363 -45.95773697 43.55073166
v 54.42679596 -45.95773697 43.58987808
v 54.42742920 -45.95773697 43.57028198
v 54.42716217 -45.95773697 43.61752319
v 54.42951965 -45.95773697 43.65858841
v 54.43692398 -45.95773697 43.74093628
v 56.11804581 -45.95773697 43.78133392
v 54.44725800 -45.95773697 43.82115555
v 56.10893631 -45.95773697 43.84288788
v 53.46466446 -45.95773697 42.86643600
v 53.60650635 -45.95773697 42.84075165
v 53.53564453 -45.95773697 42.85391998
v 54.46720886 -45.95773697 43.93136215
v 56.09374619 -45.95773697 43.92504501
v 56.07355118 -45.95773697 44.01751709
v 54.49501038 -45.95773697 44.05389404
v 56.04996109 -45.95773697 44.10998535
v 54.53717422 -45.95773697 44.20510101
v 56.02332306 -45.95773697 44.20240402
v 55.99382019 -45.95773697 44.29473114
v 55.38881683 -45.95773697 45.13581848
v 55.77022552 -45.95773697 44.82952881
v 55.69976807 -45.95773697 44.96551895
v 55.65415192 -45.95773697 45.04845810
v 55.60672379 -45.95773697 45.13106918
v 54.59300613 -45.95773697 44.37280655
v 55.95021439 -45.95773697 44.41761780
v 54.65758133 -45.95773697 44.53997040
v 55.89567184 -45.95773697 44.55547333
v 55.83559418 -45.95773697 44.69281387
v 55.17086029 -45.95773697 45.13581848
v 54.73889542 -45.95773697 44.72482681
v 54.84037399 -45.95773697 44.92883682
v 54.95295334 -45.95773697 45.13106918
v 52.99124146 -45.95773697 43.58678436
v 52.98913956 -45.95773697 43.55073166
v 52.99056625 -45.95773697 43.56874084
v 52.99124908 -45.95773697 43.60486221
v 52.99043274 -45.95773697 43.62901306
v 52.98463821 -45.95773697 43.70547485
v 51.14208984 -45.95773697 43.00450516
v 53.11690521 -45.95773697 43.02146912
v 51.15958405 -45.95773697 43.02146912
v 53.13439941 -45.95773697 43.00450516
v 51.17623138 -45.95773697 43.03926086
v 53.10026169 -45.95773697 43.03926086
v 51.12379074 -45.95773697 42.98841858
v 53.17176056 -45.95773697 42.97323990
v 53.15269852 -45.95773697 42.98841858
v 51.19198990 -45.95773697 43.05784225
v 53.08449936 -45.95773697 43.05784225
v 51.10473251 -45.95773697 42.97323990
v 53.19153595 -45.95773697 42.95900726
v 51.20682526 -45.95773697 43.07717133
v 53.06966400 -45.95773697 43.07717133
v 51.08495331 -45.95773697 42.95900726
v 53.21198273 -45.95773697 42.94575500
v 51.22070312 -45.95773697 43.09720230
v 53.05578995 -45.95773697 43.09720230
v 51.06450653 -45.95773697 42.94575500
v 51.23358536 -45.95773697 43.11788177
v 53.04290390 -45.95773697 43.11788177
v 51.04343796 -45.95773697 42.93351746
v 53.25469208 -45.95773697 42.92231750
v 53.23305511 -45.95773697 42.93351746
v 51.24544907 -45.95773697 43.13916397
v 53.03104401 -45.95773697 43.13916397
v 51.02179718 -45.95773697 42.92231750
v 53.27685165 -45.95773697 42.91218948
v 51.25625610 -45.95773697 43.16100311
v 53.02023315 -45.95773697 43.16100311
v 50.99963760 -45.95773697 42.91218948
v 51.26599121 -45.95773697 43.18333817
v 53.01049805 -45.95773697 43.18333817
v 50.97700882 -45.95773697 42.90314865
v 53.29948044 -45.95773697 42.90314865
v 51.27462387 -45.95773697 43.20612335
v 53.00186539 -45.95773697 43.20612335
v 50.95397186 -45.95773697 42.89522171
v 53.34592056 -45.95773697 42.88842773
v 53.32252121 -45.95773697 42.89522171
v 51.28213882 -45.95773697 43.22930145
v 52.99435043 -45.95773697 43.22930145
v 50.93057251 -45.95773697 42.88842773
v 53.36962128 -45.95773697 42.88278198
v 51.28851318 -45.95773697 43.25281906
v 52.98797607 -45.95773697 43.25281906
v 52.98275375 -45.95773697 43.27661896
v 50.90686798 -45.95773697 42.88278198
v 51.29373550 -45.95773697 43.27661896
v 52.97869873 -45.95773697 43.30064392
v 50.88291931 -45.95773697 42.87829590
v 53.39357376 -45.95773697 42.87829590
v 51.29779434 -45.95773697 43.30064392
v 52.97581482 -45.95773697 43.32484055
v 51.30067444 -45.95773697 43.32484055
v 52.97411728 -45.95773697 43.34914398
v 51.30237579 -45.95773697 43.34914398
v 51.30288696 -45.95773697 43.37350464
v 52.97360229 -45.95773697 43.37350464
v 52.97427750 -45.95773697 43.39786148
v 51.30221176 -45.95773697 43.39786148
v 50.74084854 -45.95773697 42.85391998
v 50.81182861 -45.95773697 42.86643600
v 51.30035400 -45.95773697 43.42215729
v 52.97613907 -45.95773697 43.42215729
v 50.66998672 -45.95773697 42.84075165
v 50.65319061 -45.95773697 42.83784866
v 53.64018250 -45.95773697 42.83551788
v 53.62329865 -45.95773697 42.83784866
v 50.63630676 -45.95773697 42.83551788
v 50.61935425 -45.95773697 42.83376312
v 53.67414093 -45.95773697 42.83258820
v 53.65713882 -45.95773697 42.83376312
v 50.60234833 -45.95773697 42.83258820
v 53.69117355 -45.95773697 42.83199310
v 50.58531570 -45.95773697 42.83199310
v 51.28734970 -45.95773697 43.55073166
v 51.28520203 -45.95773697 43.58987808
v 51.28583908 -45.95773697 43.57028198
v 51.28556824 -45.95773697 43.61752319
v 51.28792572 -45.95773697 43.65858841
v 51.29533386 -45.95773697 43.74093628
v 52.97645569 -45.95773697 43.78133392
v 51.30566406 -45.95773697 43.82115555
v 52.96734238 -45.95773697 43.84288788
v 51.32561493 -45.95773697 43.93136215
v 52.95215225 -45.95773697 43.92504501
v 52.93195724 -45.95773697 44.01751709
v 50.25197983 -45.95773697 42.87829590
v 50.46491241 -45.95773697 42.84075165
v 50.39405060 -45.95773697 42.85391998
v 50.32307053 -45.95773697 42.86643600
v 51.35341644 -45.95773697 44.05389404
v 52.90837097 -45.95773697 44.10998535
v 51.39558029 -45.95773697 44.20510101
v 52.88173294 -45.95773697 44.20240402
v 52.85222626 -45.95773697 44.29473114
v 52.24722290 -45.95773697 45.13581848
v 52.62863159 -45.95773697 44.82952881
v 52.55817413 -45.95773697 44.96551895
v 52.51255798 -45.95773697 45.04845810
v 52.46512985 -45.95773697 45.13106918
v 51.45141220 -45.95773697 44.37280655
v 52.80862045 -45.95773697 44.41761780
v 51.51598740 -45.95773697 44.53997040
v 52.75407791 -45.95773697 44.55547333
v 52.69400024 -45.95773697 44.69281387
v 52.02926636 -45.95773697 45.13581848
v 51.59730530 -45.95773697 44.72482681
v 51.69878006 -45.95773697 44.92883682
v 51.81135941 -45.95773697 45.13106918
v 49.84964752 -45.95773697 43.58678436
v 49.84754562 -45.95773697 43.55073166
v 49.84897232 -45.95773697 43.56874084
v 49.84965515 -45.95773697 43.60486221
v 49.84883881 -45.95773697 43.62901306
v 49.84304810 -45.95773697 43.70547485
v 48.01799011 -45.95773697 43.02146912
v 49.97531509 -45.95773697 43.02146912
v 49.95866776 -45.95773697 43.03926086
v 48.00049973 -45.95773697 43.00450516
v 49.99280548 -45.95773697 43.00450516
v 48.03463745 -45.95773697 43.03926086
v 47.98220062 -45.95773697 42.98841858
v 50.01110458 -45.95773697 42.98841858
v 48.05039597 -45.95773697 43.05784225
v 49.94290924 -45.95773697 43.05784225
v 47.96313858 -45.95773697 42.97323990
v 50.03016663 -45.95773697 42.97323990
v 48.06523132 -45.95773697 43.07717133
v 49.92807388 -45.95773697 43.07717133
v 47.94336319 -45.95773697 42.95900726
v 50.07039261 -45.95773697 42.94575500
v 50.04994583 -45.95773697 42.95900726
v 48.07910919 -45.95773697 43.09720230
v 49.91419601 -45.95773697 43.09720230
v 47.92291260 -45.95773697 42.94575500
v 48.09199524 -45.95773697 43.11788177
v 49.90131378 -45.95773697 43.11788177
v 47.90184402 -45.95773697 42.93351746
v 50.09146118 -45.95773697 42.93351746
v 48.10385513 -45.95773697 43.13916397
v 49.88945007 -45.95773697 43.13916397
v 47.88020325 -45.95773697 42.92231750
v 50.11310196 -45.95773697 42.92231750
v 48.11466599 -45.95773697 43.16100311
v 49.87863922 -45.95773697 43.16100311
v 47.85804367 -45.95773697 42.91218948
v 50.13526154 -45.95773697 42.91218948
v 48.12439728 -45.95773697 43.18333817
v 49.86890793 -45.95773697 43.18333817
v 47.83541870 -45.95773697 42.90314865
v 50.18092728 -45.95773697 42.89522171
v 50.15788651 -45.95773697 42.90314865
v 48.13303375 -45.95773697 43.20612335
v 49.86027145 -45.95773697 43.20612335
v 47.81237793 -45.95773697 42.89522171
v 48.14054489 -45.95773697 43.22930145
v 49.85276031 -45.95773697 43.22930145
v 47.78897858 -45.95773697 42.88842773
v 50.22803116 -45.95773697 42.88278198
v 50.20432663 -45.95773697 42.88842773
v 48.14692307 -45.95773697 43.25281906
v 49.84638214 -45.95773697 43.25281906
v 47.76527405 -45.95773697 42.88278198
v 48.15214539 -45.95773697 43.27661896
v 49.84115982 -45.95773697 43.27661896
v 49.83710480 -45.95773697 43.30064392
v 47.74132538 -45.95773697 42.87829590
v 48.15620041 -45.95773697 43.30064392
v 49.83422470 -45.95773697 43.32484055
v 48.15908051 -45.95773697 43.32484055
v 48.16078186 -45.95773697 43.34914398
v 49.83252335 -45.95773697 43.34914398
v 49.83201218 -45.95773697 43.37350464
v 47.67023468 -45.95773697 42.86643600
v 48.16129303 -45.95773697 43.37350464
v 49.83268356 -45.95773697 43.39786148
v 48.16062164 -45.95773697 43.39786148
v 47.59925461 -45.95773697 42.85391998
v 48.15876007 -45.95773697 43.42215729
v 49.83454514 -45.95773697 43.42215729
v 47.52839279 -45.95773697 42.84075165
v 47.51159668 -45.95773697 42.83784866
v 50.49859238 -45.95773697 42.83551788
v 50.48170853 -45.95773697 42.83784866
v 47.49471283 -45.95773697 42.83551788
v 47.47776031 -45.95773697 42.83376312
v 50.51554489 -45.95773697 42.83376312
v 47.46075821 -45.95773697 42.83258820
v 50.54958344 -45.95773697 42.83199310
v 50.53254700 -45.95773697 42.83258820
v 47.44372177 -45.95773697 42.83199310
v 48.14575958 -45.95773697 43.55073166
v 48.14361191 -45.95773697 43.58987808
v 48.14424515 -45.95773697 43.57028198
v 48.14397812 -45.95773697 43.61752319
v 48.14633179 -45.95773697 43.65858841
v 48.15373993 -45.95773697 43.74093628
v 49.83486176 -45.95773697 43.78133392
v 48.16407013 -45.95773697 43.82115555
v 49.82574844 -45.95773697 43.84288788
v 48.18402100 -45.95773697 43.93136215
v 49.81055832 -45.95773697 43.92504501
v 49.79036713 -45.95773697 44.01751709
v 47.11038589 -45.95773697 42.87829590
v 47.25245667 -45.95773697 42.85391998
v 47.18148041 -45.95773697 42.86643600
v 48.21182251 -45.95773697 44.05389404
v 49.76677704 -45.95773697 44.10998535
v 48.25398636 -45.95773697 44.20510101
v 49.74013901 -45.95773697 44.20240402
v 49.71063232 -45.95773697 44.29473114
v 49.10563278 -45.95773697 45.13581848
v 49.48703766 -45.95773697 44.82952881
v 49.41658401 -45.95773697 44.96551895
v 49.37096786 -45.95773697 45.04845810
v 49.32353592 -45.95773697 45.13106918
v 48.30982208 -45.95773697 44.37280655
v 49.66703033 -45.95773697 44.41761780
v 48.37439346 -45.95773697 44.53997040
v 49.61248398 -45.95773697 44.55547333
v 49.55240631 -45.95773697 44.69281387
v 48.88767242 -45.95773697 45.13581848
v 48.45571136 -45.95773697 44.72482681
v 48.55718613 -45.95773697 44.92883682
v 48.66976929 -45.95773697 45.13106918
v 46.70805740 -45.95773697 43.58678436
v 46.70595551 -45.95773697 43.55073166
v 46.70738220 -45.95773697 43.56874084
v 46.70806503 -45.95773697 43.60486221
v 46.70724487 -45.95773697 43.62901306
v 46.70145416 -45.95773697 43.70547485
v 44.85890579 -45.95773697 43.00450516
v 46.85121536 -45.95773697 43.00450516
v 46.83372116 -45.95773697 43.02146912
v 44.87639999 -45.95773697 43.02146912
v 44.89304352 -45.95773697 43.03926086
v 46.81707382 -45.95773697 43.03926086
v 46.80131531 -45.95773697 43.05784225
v 44.84060669 -45.95773697 42.98841858
v 46.86951447 -45.95773697 42.98841858
v 44.90880585 -45.95773697 43.05784225
v 44.82154465 -45.95773697 42.97323990
v 46.88857269 -45.95773697 42.97323990
v 44.92364120 -45.95773697 43.07717133
v 46.78647995 -45.95773697 43.07717133
v 44.80176926 -45.95773697 42.95900726
v 46.90835190 -45.95773697 42.95900726
v 44.93751526 -45.95773697 43.09720230
v 46.77260208 -45.95773697 43.09720230
v 44.78132248 -45.95773697 42.94575500
v 46.92879868 -45.95773697 42.94575500
v 44.95040131 -45.95773697 43.11788177
v 46.75971985 -45.95773697 43.11788177
v 44.76025391 -45.95773697 42.93351746
v 46.94986725 -45.95773697 42.93351746
v 44.96226120 -45.95773697 43.13916397
v 46.74785614 -45.95773697 43.13916397
v 46.73704910 -45.95773697 43.16100311
v 44.73861313 -45.95773697 42.92231750
v 46.97150803 -45.95773697 42.92231750
v 44.97307205 -45.95773697 43.16100311
v 46.72731400 -45.95773697 43.18333817
v 44.71645355 -45.95773697 42.91218948
v 46.99366760 -45.95773697 42.91218948
v 44.98280716 -45.95773697 43.18333817
v 44.69382477 -45.95773697 42.90314865
v 47.01629639 -45.95773697 42.90314865
v 44.99143982 -45.95773697 43.20612335
v 46.71868134 -45.95773697 43.20612335
v 44.67078400 -45.95773697 42.89522171
v 47.03933716 -45.95773697 42.89522171
v 44.99895477 -45.95773697 43.22930145
v 46.71116638 -45.95773697 43.22930145
v 46.70479202 -45.95773697 43.25281906
v 44.64738464 -45.95773697 42.88842773
v 47.06273651 -45.95773697 42.88842773
v 45.00532913 -45.95773697 43.25281906
v 44.62368393 -45.95773697 42.88278198
v 47.08643723 -45.95773697 42.88278198
v 45.01055145 -45.95773697 43.27661896
v 46.69956970 -45.95773697 43.27661896
v 44.59973145 -45.95773697 42.87829590
v 45.01460648 -45.95773697 43.30064392
v 46.69551086 -45.95773697 43.30064392
v 46.69263077 -45.95773697 43.32484055
v 45.01749039 -45.95773697 43.32484055
v 45.01918793 -45.95773697 43.34914398
v 46.69092941 -45.95773697 43.34914398
v 46.69041824 -45.95773697 43.37350464
v 44.52864075 -45.95773697 42.86643600
v 45.01970291 -45.95773697 43.37350464
v 45.01902771 -45.95773697 43.39786148
v 46.69109344 -45.95773697 43.39786148
v 44.45766068 -45.95773697 42.85391998
v 47.32331848 -45.95773697 42.84075165
v 45.01716614 -45.95773697 43.42215729
v 46.69295120 -45.95773697 43.42215729
v 44.38679886 -45.95773697 42.84075165
v 44.37000656 -45.95773697 42.83784866
v 47.34011459 -45.95773697 42.83784866
v 44.35312271 -45.95773697 42.83551788
v 47.35699844 -45.95773697 42.83551788
v 44.33616638 -45.95773697 42.83376312
v 47.37395096 -45.95773697 42.83376312
v 44.31916428 -45.95773697 42.83258820
v 47.40798950 -45.95773697 42.83199310
v 47.39095688 -45.95773697 42.83258820
v 44.30213165 -45.95773697 42.83199310
v 45.00416565 -45.95773697 43.55073166
v 45.00201797 -45.95773697 43.58987808
v 45.00265121 -45.95773697 43.57028198
v 45.00238419 -45.95773697 43.61752319
v 45.00474167 -45.95773697 43.65858841
v 45.01214600 -45.95773697 43.74093628
v 46.69326782 -45.95773697 43.78133392
v 45.02248001 -45.95773697 43.82115555
v 46.68415833 -45.95773697 43.84288788
v 45.04243088 -45.95773697 43.93136215
v 46.66896820 -45.95773697 43.92504501
v 46.64877319 -45.95773697 44.01751709
v 43.96879578 -45.95773697 42.87829590
v 44.18172836 -45.95773697 42.84075165
v 44.11086655 -45.95773697 42.85391998
v 44.03988647 -45.95773697 42.86643600
v 45.07023239 -45.95773697 44.05389404
v 46.62518311 -45.95773697 44.10998535
v 45.11239624 -45.95773697 44.20510101
v 46.59854507 -45.95773697 44.20240402
v 46.56904221 -45.95773697 44.29473114
v 45.96403885 -45.95773697 45.13581848
v 46.34544754 -45.95773697 44.82952881
v 46.27499008 -45.95773697 44.96551895
v 46.22937393 -45.95773697 45.04845810
v 46.18194580 -45.95773697 45.13106918
v 45.16822815 -45.95773697 44.37280655
v 46.52543640 -45.95773697 44.41761780
v 45.23280334 -45.95773697 44.53997040
v 46.47089386 -45.95773697 44.55547333
v 46.41081619 -45.95773697 44.69281387
v 45.74608231 -45.95773697 45.13581848
v 45.31411743 -45.95773697 44.72482681
v 45.41559601 -45.95773697 44.92883682
v 45.52817535 -45.95773697 45.13106918
v 43.56646347 -45.95773697 43.58678436
v 43.56436157 -45.95773697 43.55073166
v 43.56578827 -45.95773697 43.56874084
v 43.56647110 -45.95773697 43.60486221
v 43.56565475 -45.95773697 43.62901306
v 43.55986023 -45.95773697 43.70547485
v 41.73480606 -45.95773697 43.02146912
v 43.70962143 -45.95773697 43.00450516
v 43.69212723 -45.95773697 43.02146912
v 41.71731186 -45.95773697 43.00450516
v 41.75145340 -45.95773697 43.03926086
v 43.67548370 -45.95773697 43.03926086
v 43.65972137 -45.95773697 43.05784225
v 41.69901276 -45.95773697 42.98841858
v 43.72792053 -45.95773697 42.98841858
v 41.76721191 -45.95773697 43.05784225
v 41.67995453 -45.95773697 42.97323990
v 43.74698257 -45.95773697 42.97323990
v 41.78204727 -45.95773697 43.07717133
v 43.64488602 -45.95773697 43.07717133
v 41.66017532 -45.95773697 42.95900726
v 43.76675797 -45.95773697 42.95900726
v 41.79592514 -45.95773697 43.09720230
v 43.63101196 -45.95773697 43.09720230
v 41.63972855 -45.95773697 42.94575500
v 43.80827713 -45.95773697 42.93351746
v 43.78720474 -45.95773697 42.94575500
v 41.80880737 -45.95773697 43.11788177
v 43.61812592 -45.95773697 43.11788177
v 43.60626602 -45.95773697 43.13916397
v 41.61865997 -45.95773697 42.93351746
v 41.82067108 -45.95773697 43.13916397
v 41.59701920 -45.95773697 42.92231750
v 43.82991409 -45.95773697 42.92231750
v 41.83147812 -45.95773697 43.16100311
v 43.59545517 -45.95773697 43.16100311
v 41.57485962 -45.95773697 42.91218948
v 43.85207367 -45.95773697 42.91218948
v 41.84121323 -45.95773697 43.18333817
v 43.58572006 -45.95773697 43.18333817
v 41.55223083 -45.95773697 42.90314865
v 43.87470245 -45.95773697 42.90314865
v 41.84984589 -45.95773697 43.20612335
v 43.57708740 -45.95773697 43.20612335
v 41.52919388 -45.95773697 42.89522171
v 43.92114258 -45.95773697 42.88842773
v 43.89774323 -45.95773697 42.89522171
v 41.85736084 -45.95773697 43.22930145
v 43.56957245 -45.95773697 43.22930145
v 41.50579453 -45.95773697 42.88842773
v 41.86373520 -45.95773697 43.25281906
v 43.56319809 -45.95773697 43.25281906
v 41.48209000 -45.95773697 42.88278198
v 43.94484329 -45.95773697 42.88278198
v 41.86895752 -45.95773697 43.27661896
v 43.55797577 -45.95773697 43.27661896
v 41.45814133 -45.95773697 42.87829590
v 41.87301636 -45.95773697 43.30064392
v 43.55392075 -45.95773697 43.30064392
v 43.55103683 -45.95773697 43.32484055
v 41.87589645 -45.95773697 43.32484055
v 41.87759781 -45.95773697 43.34914398
v 43.54933929 -45.95773697 43.34914398
v 43.54882431 -45.95773697 43.37350464
v 41.87810898 -45.95773697 43.37350464
v 43.54949951 -45.95773697 43.39786148
v 41.87743378 -45.95773697 43.39786148
v 41.31607056 -45.95773697 42.85391998
v 41.38705063 -45.95773697 42.86643600
v 41.87557602 -45.95773697 43.42215729
v 43.55136108 -45.95773697 43.42215729
v 41.24520874 -45.95773697 42.84075165
v 41.22841263 -45.95773697 42.83784866
v 44.19852066 -45.95773697 42.83784866
v 41.21152878 -45.95773697 42.83551788
v 44.23236084 -45.95773697 42.83376312
v 44.21540451 -45.95773697 42.83551788
v 41.19457626 -45.95773697 42.83376312
v 41.17757034 -45.95773697 42.83258820
v 44.26639557 -45.95773697 42.83199310
v 44.24936295 -45.95773697 42.83258820
v 41.16053772 -45.95773697 42.83199310
v 41.86257172 -45.95773697 43.55073166
v 41.86042404 -45.95773697 43.58987808
v 41.86106110 -45.95773697 43.57028198
v 41.86079025 -45.95773697 43.61752319
v 41.86314774 -45.95773697 43.65858841
v 41.87055588 -45.95773697 43.74093628
v 43.55167770 -45.95773697 43.78133392
v 41.88088608 -45.95773697 43.82115555
v 43.54256439 -45.95773697 43.84288788
v 40.89829254 -45.95773697 42.86643600
v 41.04013443 -45.95773697 42.84075165
v 40.96927261 -45.95773697 42.85391998
v 41.90083694 -45.95773697 43.93136215
v 43.52737427 -45.95773697 43.92504501
v 43.50717926 -45.95773697 44.01751709
v 41.92863846 -45.95773697 44.05389404
v 43.48359299 -45.95773697 44.10998535
v 41.97080231 -45.95773697 44.20510101
v 43.45695496 -45.95773697 44.20240402
v 43.42744827 -45.95773697 44.29473114
v 42.82244492 -45.95773697 45.13581848
v 43.20385361 -45.95773697 44.82952881
v 43.13339615 -45.95773697 44.96551895
v 43.08778000 -45.95773697 45.04845810
v 43.04035187 -45.95773697 45.13106918
v 42.02663422 -45.95773697 44.37280655
v 43.38384247 -45.95773697 44.41761780
v 42.09120941 -45.95773697 44.53997040
v 43.32929993 -45.95773697 44.55547333
v 43.26922226 -45.95773697 44.69281387
v 42.60448837 -45.95773697 45.13581848
v 42.17252731 -45.95773697 44.72482681
v 42.27400208 -45.95773697 44.92883682
v 42.38658142 -45.95773697 45.13106918
v 40.42486954 -45.95773697 43.58678436
v 40.42276764 -45.95773697 43.55073166
v 40.42419434 -45.95773697 43.56874084
v 40.42487717 -45.95773697 43.60486221
v 40.42406082 -45.95773697 43.62901306
v 40.41827011 -45.95773697 43.70547485
v 38.59321213 -45.95773697 43.02146912
v 40.56802750 -45.95773697 43.00450516
v 40.55053711 -45.95773697 43.02146912
v 40.53388977 -45.95773697 43.03926086
v 38.57572174 -45.95773697 43.00450516
v 40.58632660 -45.95773697 42.98841858
v 38.60985947 -45.95773697 43.03926086
v 40.51813126 -45.95773697 43.05784225
v 38.55742264 -45.95773697 42.98841858
v 38.62561798 -45.95773697 43.05784225
v 38.53836060 -45.95773697 42.97323990
v 40.60538864 -45.95773697 42.97323990
v 38.64045715 -45.95773697 43.07717133
v 40.50329590 -45.95773697 43.07717133
v 38.51858521 -45.95773697 42.95900726
v 40.64561462 -45.95773697 42.94575500
v 40.62516785 -45.95773697 42.95900726
v 38.65433121 -45.95773697 43.09720230
v 40.48941803 -45.95773697 43.09720230
v 38.49813461 -45.95773697 42.94575500
v 38.66721725 -45.95773697 43.11788177
v 40.47653580 -45.95773697 43.11788177
v 38.47706604 -45.95773697 42.93351746
v 40.66668320 -45.95773697 42.93351746
v 38.67907715 -45.95773697 43.13916397
v 40.46467209 -45.95773697 43.13916397
v 38.45542526 -45.95773697 42.92231750
v 40.71048355 -45.95773697 42.91218948
v 40.68832397 -45.95773697 42.92231750
v 38.68988800 -45.95773697 43.16100311
v 40.45386124 -45.95773697 43.16100311
v 40.44412994 -45.95773697 43.18333817
v 38.43326569 -45.95773697 42.91218948
v 38.69961929 -45.95773697 43.18333817
v 38.41064072 -45.95773697 42.90314865
v 40.73310852 -45.95773697 42.90314865
v 38.70825577 -45.95773697 43.20612335
v 40.43549347 -45.95773697 43.20612335
v 38.38759995 -45.95773697 42.89522171
v 40.77954865 -45.95773697 42.88842773
v 40.75614929 -45.95773697 42.89522171
v 38.71576691 -45.95773697 43.22930145
v 40.42798233 -45.95773697 43.22930145
v 38.36420059 -45.95773697 42.88842773
v 38.72214508 -45.95773697 43.25281906
v 40.42160416 -45.95773697 43.25281906
v 38.34049606 -45.95773697 42.88278198
v 40.80325317 -45.95773697 42.88278198
v 38.72736740 -45.95773697 43.27661896
v 40.41638184 -45.95773697 43.27661896
v 38.31654739 -45.95773697 42.87829590
v 40.82720184 -45.95773697 42.87829590
v 38.73142242 -45.95773697 43.30064392
v 40.41232681 -45.95773697 43.30064392
v 38.73430634 -45.95773697 43.32484055
v 40.40944672 -45.95773697 43.32484055
v 38.73600388 -45.95773697 43.34914398
v 40.40774536 -45.95773697 43.34914398
v 38.24545670 -45.95773697 42.86643600
v 38.73651505 -45.95773697 43.37350464
v 40.40723419 -45.95773697 43.37350464
v 40.40790558 -45.95773697 43.39786148
v 38.73584366 -45.95773697 43.39786148
v 38.73398209 -45.95773697 43.42215729
v 40.40976715 -45.95773697 43.42215729
v 38.10361481 -45.95773697 42.84075165
v 38.17447662 -45.95773697 42.85391998
v 38.08681870 -45.95773697 42.83784866
v 41.05693054 -45.95773697 42.83784866
v 38.06993484 -45.95773697 42.83551788
v 41.09076691 -45.95773697 42.83376312
v 41.07381439 -45.95773697 42.83551788
v 38.05298233 -45.95773697 42.83376312
v 38.03598022 -45.95773697 42.83258820
v 41.10776901 -45.95773697 42.83258820
v 38.72098160 -45.95773697 43.55073166
v 38.71883392 -45.95773697 43.58987808
v 38.71946716 -45.95773697 43.57028198
v 38.71920013 -45.95773697 43.61752319
v 38.72155380 -45.95773697 43.65858841
v 38.72896194 -45.95773697 43.74093628
v 40.41008377 -45.95773697 43.78133392
v 38.73929214 -45.95773697 43.82115555
v 40.40097046 -45.95773697 43.84288788
v 38.75924301 -45.95773697 43.93136215
v 40.38578033 -45.95773697 43.92504501
v 40.36558914 -45.95773697 44.01751709
v 37.68560791 -45.95773697 42.87829590
v 37.89854050 -45.95773697 42.84075165
v 37.82767868 -45.95773697 42.85391998
v 37.75670242 -45.95773697 42.86643600
v 38.78704453 -45.95773697 44.05389404
v 40.34199905 -45.95773697 44.10998535
v 38.82920837 -45.95773697 44.20510101
v 40.31536102 -45.95773697 44.20240402
v 40.28585434 -45.95773697 44.29473114
v 39.68085480 -45.95773697 45.13581848
v 40.06225967 -45.95773697 44.82952881
v 39.99180603 -45.95773697 44.96551895
v 39.94618988 -45.95773697 45.04845810
v 39.89875793 -45.95773697 45.13106918
v 38.88504410 -45.95773697 44.37280655
v 40.24225235 -45.95773697 44.41761780
v 38.94961548 -45.95773697 44.53997040
v 40.18770599 -45.95773697 44.55547333
v 40.12762833 -45.95773697 44.69281387
v 39.46289444 -45.95773697 45.13581848
v 39.03093338 -45.95773697 44.72482681
v 39.13240814 -45.95773697 44.92883682
v 39.24499130 -45.95773697 45.13106918
v 37.28327942 -45.95773697 43.58678436
v 37.28117752 -45.95773697 43.55073166
v 37.28260422 -45.95773697 43.56874084
v 37.28328705 -45.95773697 43.60486221
v 37.28246689 -45.95773697 43.62901306
v 37.27667618 -45.95773697 43.70547485
v 35.43412781 -45.95773697 43.00450516
v 37.40894318 -45.95773697 43.02146912
v 35.45162201 -45.95773697 43.02146912
v 37.42643738 -45.95773697 43.00450516
v 35.46826553 -45.95773697 43.03926086
v 37.39229584 -45.95773697 43.03926086
v 35.41582870 -45.95773697 42.98841858
v 37.44473648 -45.95773697 42.98841858
v 35.48402786 -45.95773697 43.05784225
v 37.37653732 -45.95773697 43.05784225
v 35.39676666 -45.95773697 42.97323990
v 37.46379471 -45.95773697 42.97323990
v 35.49886322 -45.95773697 43.07717133
v 37.36170197 -45.95773697 43.07717133
v 35.37699127 -45.95773697 42.95900726
v 37.48357391 -45.95773697 42.95900726
v 35.51273727 -45.95773697 43.09720230
v 37.34782410 -45.95773697 43.09720230
v 37.33494186 -45.95773697 43.11788177
v 35.35654449 -45.95773697 42.94575500
v 37.50402069 -45.95773697 42.94575500
v 35.52562332 -45.95773697 43.11788177
v 35.33547592 -45.95773697 42.93351746
v 37.52508926 -45.95773697 42.93351746
v 35.53748322 -45.95773697 43.13916397
v 37.32308197 -45.95773697 43.13916397
v 35.31383514 -45.95773697 42.92231750
v 37.56888962 -45.95773697 42.91218948
v 37.54673004 -45.95773697 42.92231750
v 35.54829407 -45.95773697 43.16100311
v 37.31227112 -45.95773697 43.16100311
v 35.29167557 -45.95773697 42.91218948
v 37.59151840 -45.95773697 42.90314865
v 35.55802917 -45.95773697 43.18333817
v 37.30253601 -45.95773697 43.18333817
v 35.26904678 -45.95773697 42.90314865
v 35.56666183 -45.95773697 43.20612335
v 37.29390335 -45.95773697 43.20612335
v 37.28638840 -45.95773697 43.22930145
v 35.24600601 -45.95773697 42.89522171
v 37.63795853 -45.95773697 42.88842773
v 37.61455917 -45.95773697 42.89522171
v 35.57417679 -45.95773697 43.22930145
v 35.22260666 -45.95773697 42.88842773
v 35.58055115 -45.95773697 43.25281906
v 37.28001404 -45.95773697 43.25281906
v 35.19890594 -45.95773697 42.88278198
v 37.66165924 -45.95773697 42.88278198
v 35.58577347 -45.95773697 43.27661896
v 37.27479172 -45.95773697 43.27661896
v 35.17495346 -45.95773697 42.87829590
v 35.58983231 -45.95773697 43.30064392
v 37.27073288 -45.95773697 43.30064392
v 37.26785278 -45.95773697 43.32484055
v 35.59271240 -45.95773697 43.32484055
v 35.59440994 -45.95773697 43.34914398
v 37.26615524 -45.95773697 43.34914398
v 35.59492493 -45.95773697 43.37350464
v 37.26564026 -45.95773697 43.37350464
v 35.59424973 -45.95773697 43.39786148
v 37.26631546 -45.95773697 43.39786148
v 35.03288269 -45.95773697 42.85391998
v 35.10386276 -45.95773697 42.86643600
v 35.59238815 -45.95773697 43.42215729
v 37.26817322 -45.95773697 43.42215729
v 34.96202087 -45.95773697 42.84075165
v 34.94522858 -45.95773697 42.83784866
v 37.91533661 -45.95773697 42.83784866
v 34.92834473 -45.95773697 42.83551788
v 37.93222046 -45.95773697 42.83551788
v 35.57938766 -45.95773697 43.55073166
v 35.57723999 -45.95773697 43.58987808
v 35.57787323 -45.95773697 43.57028198
v 35.57760620 -45.95773697 43.61752319
v 35.57996368 -45.95773697 43.65858841
v 35.58736801 -45.95773697 43.74093628
v 37.26848984 -45.95773697 43.78133392
v 35.59770203 -45.95773697 43.82115555
v 37.25938034 -45.95773697 43.84288788
v 35.61765289 -45.95773697 43.93136215
v 37.24419022 -45.95773697 43.92504501
v 37.22399521 -45.95773697 44.01751709
v 35.64545441 -45.95773697 44.05389404
v 37.20040512 -45.95773697 44.10998535
v 35.68761826 -45.95773697 44.20510101
v 37.17376709 -45.95773697 44.20240402
v 37.14426422 -45.95773697 44.29473114
v 36.53926086 -45.95773697 45.13581848
v 36.92066956 -45.95773697 44.82952881
v 36.85021210 -45.95773697 44.96551895
v 36.80459595 -45.95773697 45.04845810
v 36.75716782 -45.95773697 45.13106918
v 35.74345016 -45.95773697 44.37280655
v 37.10065842 -45.95773697 44.41761780
v 35.80802536 -45.95773697 44.53997040
v 37.04611588 -45.95773697 44.55547333
v 36.98603821 -45.95773697 44.69281387
v 36.32130432 -45.95773697 45.13581848
v 35.88933945 -45.95773697 44.72482681
v 35.99081802 -45.95773697 44.92883682
v 36.10339737 -45.95773697 45.13106918
v 34.14168549 -45.95773697 43.58678436
v 34.13958359 -45.95773697 43.55073166
v 34.14101028 -45.95773697 43.56874084
v 34.14169312 -45.95773697 43.60486221
v 34.14087677 -45.95773697 43.62901306
v 34.13508224 -45.95773697 43.70547485
v 34.89438629 -45.95773697 42.83258820
v 34.87735367 -45.95773697 42.83199310
v 37.98321152 -45.95773697 42.83199310
v 37.96617889 -45.95773697 42.83258820
v 37.94917297 -45.95773697 42.83376312
v 38.01894379 -45.95773697 42.83199310
v 41.12480545 -45.95773697 42.83199310
v 34.54401779 -45.95773697 42.87829590
v 34.52006531 -45.95773697 42.88278198
v 34.49636459 -45.95773697 42.88842773
v 34.47296524 -45.95773697 42.89522171
v 34.44992447 -45.95773697 42.90314865
v 34.42729568 -45.95773697 42.91218948
v 34.40513611 -45.95773697 42.92231750
v 34.38349915 -45.95773697 42.93351746
v 34.36242676 -45.95773697 42.94575500
v 34.34197998 -45.95773697 42.95900726
v 34.32220459 -45.95773697 42.97323990
v 34.30314255 -45.95773697 42.98841858
v 34.75695038 -45.95773697 42.84075165
v 34.68608856 -45.95773697 42.85391998
v 34.61510849 -45.95773697 42.86643600
v 34.84161758 -45.95773697 42.83199310
v 34.82458496 -45.95773697 42.83258820
v 34.80758286 -45.95773697 42.83376312
v 34.79062653 -45.95773697 42.83551788
v 34.77374268 -45.95773697 42.83784866
v 34.91138840 -45.95773697 42.83376312
v 32.31002808 -45.95773697 43.02146912
v 34.26734924 -45.95773697 43.02146912
v 34.25070572 -45.95773697 43.03926086
v 32.29253387 -45.95773697 43.00450516
v 34.28484344 -45.95773697 43.00450516
v 32.32667542 -45.95773697 43.03926086
v 34.23494339 -45.95773697 43.05784225
v 32.27423477 -45.95773697 42.98841858
v 32.34243393 -45.95773697 43.05784225
v 32.25517654 -45.95773697 42.97323990
v 32.35726929 -45.95773697 43.07717133
v 34.22010803 -45.95773697 43.07717133
v 32.23539734 -45.95773697 42.95900726
v 32.37114716 -45.95773697 43.09720230
v 34.20623398 -45.95773697 43.09720230
v 32.21495056 -45.95773697 42.94575500
v 32.38402939 -45.95773697 43.11788177
v 34.19334793 -45.95773697 43.11788177
v 32.19388199 -45.95773697 42.93351746
v 32.39589310 -45.95773697 43.13916397
v 34.18148804 -45.95773697 43.13916397
v 34.17067719 -45.95773697 43.16100311
v 32.17224121 -45.95773697 42.92231750
v 32.40670013 -45.95773697 43.16100311
v 32.15008163 -45.95773697 42.91218948
v 32.41643524 -45.95773697 43.18333817
v 34.16094208 -45.95773697 43.18333817
v 32.12745667 -45.95773697 42.90314865
v 32.42506790 -45.95773697 43.20612335
v 34.15230942 -45.95773697 43.20612335
v 34.14479446 -45.95773697 43.22930145
v 32.10441589 -45.95773697 42.89522171
v 32.43258286 -45.95773697 43.22930145
v 32.08101654 -45.95773697 42.88842773
v 32.43895721 -45.95773697 43.25281906
v 34.13842010 -45.95773697 43.25281906
v 32.05731201 -45.95773697 42.88278198
v 32.44417953 -45.95773697 43.27661896
v 34.13319778 -45.95773697 43.27661896
v 32.03336334 -45.95773697 42.87829590
v 32.44823837 -45.95773697 43.30064392
v 34.12914276 -45.95773697 43.30064392
v 32.45111847 -45.95773697 43.32484055
v 34.12625885 -45.95773697 43.32484055
v 32.45281982 -45.95773697 43.34914398
v 34.12456131 -45.95773697 43.34914398
v 31.96227074 -45.95773697 42.86643600
v 32.45333099 -45.95773697 43.37350464
v 34.12404633 -45.95773697 43.37350464
v 32.45265579 -45.95773697 43.39786148
v 34.12472153 -45.95773697 43.39786148
v 31.89129066 -45.95773697 42.85391998
v 32.45079803 -45.95773697 43.42215729
v 34.12658310 -45.95773697 43.42215729
v 31.82043076 -45.95773697 42.84075165
v 31.80363464 -45.95773697 42.83784866
v 31.78675079 -45.95773697 42.83551788
v 31.76979828 -45.95773697 42.83376312
v 31.75279427 -45.95773697 42.83258820
v 31.73575974 -45.95773697 42.83199310
v 32.43779373 -45.95773697 43.55073166
v 32.43564606 -45.95773697 43.58987808
v 32.43628311 -45.95773697 43.57028198
v 32.43601227 -45.95773697 43.61752319
v 32.43836975 -45.95773697 43.65858841
v 32.44577789 -45.95773697 43.74093628
v 34.12689972 -45.95773697 43.78133392
v 32.45610809 -45.95773697 43.82115555
v 34.11778641 -45.95773697 43.84288788
v 32.47605896 -45.95773697 43.93136215
v 34.10259628 -45.95773697 43.92504501
v 34.08240128 -45.95773697 44.01751709
v 32.50386047 -45.95773697 44.05389404
v 34.05881500 -45.95773697 44.10998535
v 32.54602432 -45.95773697 44.20510101
v 34.03217697 -45.95773697 44.20240402
v 34.00267029 -45.95773697 44.29473114
v 33.39766693 -45.95773697 45.13581848
v 33.77907562 -45.95773697 44.82952881
v 33.70861816 -45.95773697 44.96551895
v 33.66300201 -45.95773697 45.04845810
v 33.61557388 -45.95773697 45.13106918
v 32.60185623 -45.95773697 44.37280655
v 33.95906448 -45.95773697 44.41761780
v 32.66643143 -45.95773697 44.53997040
v 33.90452194 -45.95773697 44.55547333
v 33.84444427 -45.95773697 44.69281387
v 33.17971039 -45.95773697 45.13581848
v 32.74774933 -45.95773697 44.72482681
v 32.84922409 -45.95773697 44.92883682
v 32.96180344 -45.95773697 45.13106918
f 1 2 3
f 1 3 4
f 5 1 4
f 5 4 6
f 7 5 6
f 7 6 8
f 9 7 8
f 9 8 10
f 11 9 10
f 11 10 12
f 13 11 12
f 13 12 14
f 15 13 14
f 15 14 16
f 17 15 16
f 17 16 18
f 19 17 18
f 19 18 20
f 21 19 20
f 21 20 22
f 23 21 22
f 23 22 24
f 25 23 24
f 25 24 26
f 27 25 26
f 27 26 28
f 29 27 28
f 29 28 30
f 31 30 32
f 31 29 30
f 33 32 34
f 33 31 32
f 35 34 36
f 35 33 34
f 37 36 38
f 37 35 36
f 39 38 40
f 39 37 38
f 41 40 42
f 41 39 40
f 43 42 44
f 43 41 42
f 45 44 46
f 45 43 44
f 47 46 48
f 47 45 46
f 49 48 50
f 49 47 48
f 51 50 52
f 51 49 50
f 53 51 52
f 53 52 54
f 55 53 54
f 55 54 56
f 57 55 56
f 57 56 58
f 59 57 58
f 59 58 60
f 61 59 60
f 61 60 62
f 63 61 62
f 63 62 64
f 65 63 64
f 65 64 66
f 67 65 66
f 67 66 68
f 69 67 68
f 69 68 70
f 71 69 70
f 71 70 72
f 73 71 72
f 73 72 74
f 75 73 74
f 75 74 76
f 77 75 76
f 77 76 78
f 79 77 78
f 79 78 80
f 81 79 80
f 81 80 82
f 83 81 82
f 83 82 84
f 85 83 84
f 85 84 86
f 87 85 86
f 87 86 88
f 89 87 88
f 89 88 90
f 91 89 90
f 91 90 92
f 93 91 92
f 93 92 94
f 95 93 94
f 95 94 96
f 97 95 96
f 97 96 98
f 99 97 98
f 99 98 100
f 101 102 103
f 104 103 102
f 105 102 101
f 106 104 102
f 107 102 105
f 108 106 102
f 109 102 107
f 110 108 102
f 111 102 109
f 112 110 102
f 113 102 111
f 114 112 102
f 115 102 113
f 116 114 102
f 117 102 115
f 118 116 102
f 119 102 117
f 120 118 102
f 121 102 119
f 122 120 102
f 123 102 121
f 124 122 102
f 125 102 123
f 126 124 102
f 127 102 125
f 128 126 102
f 129 102 127
f 130 128 102
f 131 102 129
f 132 130 102
f 133 102 131
f 134 132 102
f 135 136 100
f 135 137 136
f 135 138 137
f 135 139 138
f 135 140 139
f 135 141 140
f 135 142 141
f 135 143 142
f 135 144 143
f 135 145 144
f 135 146 145
f 135 147 146
f 135 148 147
f 135 149 148
f 135 150 149
f 135 133 150
f 135 102 133
f 94 98 96
f 92 98 94
f 90 98 92
f 86 98 90
f 86 90 88
f 84 98 86
f 80 84 82
f 78 98 84
f 78 84 80
f 74 98 78
f 74 78 76
f 72 98 74
f 68 72 70
f 68 98 72
f 66 98 68
f 3 100 98
f 3 135 100
f 62 66 64
f 62 98 66
f 6 4 3
f 10 8 6
f 10 3 98
f 10 6 3
f 56 60 58
f 56 62 60
f 56 98 62
f 54 98 56
f 14 12 10
f 14 10 98
f 52 98 54
f 48 52 50
f 48 98 52
f 20 16 14
f 20 18 16
f 24 22 20
f 24 20 14
f 42 46 44
f 42 48 46
f 40 48 42
f 40 98 48
f 28 26 24
f 28 24 14
f 30 28 14
f 36 40 38
f 34 32 30
f 34 14 98
f 34 30 14
f 34 98 40
f 34 40 36
f 151 102 135
f 152 151 135
f 153 134 102
f 154 155 153
f 154 156 155
f 154 157 156
f 154 158 157
f 154 159 158
f 154 160 159
f 154 161 160
f 154 162 161
f 154 163 162
f 154 164 163
f 154 165 164
f 154 166 165
f 154 167 166
f 154 168 167
f 154 169 168
f 154 170 169
f 154 171 170
f 154 172 171
f 154 173 172
f 154 174 173
f 154 175 174
f 154 176 175
f 154 177 176
f 154 178 177
f 154 179 178
f 154 180 179
f 154 181 180
f 154 182 181
f 154 183 182
f 154 184 183
f 154 185 184
f 154 186 185
f 154 153 102
f 187 188 189
f 190 187 189
f 191 190 189
f 192 191 189
f 193 194 192
f 193 195 194
f 196 193 192
f 196 192 189
f 197 196 189
f 198 199 197
f 200 197 189
f 200 198 197
f 201 202 200
f 201 200 189
f 203 201 189
f 204 205 203
f 204 206 205
f 204 207 206
f 208 204 203
f 209 210 208
f 209 208 203
f 211 209 203
f 212 211 203
f 213 212 203
f 213 214 212
f 215 213 203
f 215 216 213
f 217 215 203
f 217 218 215
f 219 220 217
f 221 217 203
f 221 219 217
f 221 222 219
f 221 223 222
f 224 221 203
f 225 224 203
f 225 226 224
f 225 227 226
f 228 229 225
f 230 203 189
f 230 225 203
f 230 228 225
f 231 232 233
f 231 234 230
f 231 233 234
f 235 189 236
f 235 230 189
f 235 231 230
f 237 238 186
f 237 239 238
f 237 240 239
f 237 241 240
f 237 242 241
f 237 243 242
f 237 244 243
f 237 245 244
f 237 246 245
f 237 247 246
f 237 248 247
f 237 249 248
f 237 250 249
f 237 251 250
f 237 252 251
f 237 236 252
f 237 235 236
f 237 186 154
f 235 253 254
f 231 235 254
f 231 254 255
f 232 231 255
f 232 255 256
f 233 232 256
f 233 256 257
f 234 233 257
f 234 257 258
f 230 234 258
f 230 258 259
f 228 230 259
f 228 259 260
f 229 228 260
f 229 260 261
f 225 229 261
f 225 261 262
f 227 225 262
f 227 262 263
f 226 227 263
f 226 263 264
f 224 226 264
f 224 264 265
f 221 224 265
f 221 265 266
f 223 221 266
f 223 266 267
f 222 223 267
f 222 267 268
f 219 268 269
f 219 222 268
f 220 269 270
f 220 219 269
f 217 270 271
f 217 220 270
f 218 271 272
f 218 217 271
f 215 272 273
f 215 218 272
f 216 273 274
f 216 215 273
f 213 216 274
f 214 274 275
f 214 275 276
f 214 213 274
f 212 276 277
f 212 214 276
f 211 277 278
f 211 212 277
f 209 211 278
f 209 278 279
f 210 209 279
f 208 210 279
f 208 279 280
f 208 280 281
f 204 208 281
f 207 204 281
f 207 281 282
f 207 282 283
f 206 207 283
f 206 283 284
f 205 206 284
f 205 284 285
f 203 205 285
f 203 285 286
f 201 203 286
f 202 201 286
f 202 286 287
f 202 287 288
f 200 202 288
f 200 288 289
f 198 200 289
f 199 198 289
f 199 289 290
f 199 290 291
f 197 199 291
f 196 197 291
f 196 291 292
f 196 292 293
f 193 196 293
f 195 193 293
f 195 293 294
f 195 294 295
f 194 195 295
f 192 194 295
f 192 295 296
f 191 192 296
f 191 296 297
f 191 297 298
f 190 191 298
f 190 298 299
f 187 190 299
f 187 299 300
f 188 187 300
f 188 300 301
f 189 188 301
f 253 235 237
f 302 253 237
f 303 304 305
f 306 305 304
f 307 305 306
f 308 303 305
f 309 305 307
f 310 308 305
f 311 310 305
f 312 305 309
f 313 311 305
f 314 305 312
f 315 313 305
f 316 305 314
f 317 315 305
f 318 305 316
f 319 317 305
f 320 305 318
f 321 319 305
f 322 305 320
f 323 321 305
f 324 305 322
f 325 323 305
f 326 305 324
f 327 325 305
f 328 305 326
f 329 305 328
f 330 327 305
f 331 330 305
f 332 305 329
f 333 331 305
f 334 305 332
f 335 333 305
f 336 305 334
f 336 302 305
f 337 302 336
f 338 302 337
f 339 302 338
f 340 302 339
f 341 302 340
f 342 302 341
f 343 302 342
f 344 302 343
f 345 302 344
f 346 302 345
f 347 302 346
f 348 302 347
f 349 302 348
f 350 302 349
f 351 302 350
f 352 302 351
f 298 300 299
f 298 301 300
f 297 301 298
f 296 301 297
f 295 301 296
f 293 295 294
f 292 301 295
f 292 295 293
f 291 301 292
f 288 290 289
f 287 301 291
f 287 290 288
f 287 291 290
f 286 301 287
f 253 352 301
f 253 302 352
f 284 286 285
f 283 286 284
f 282 301 286
f 282 286 283
f 256 254 253
f 256 255 254
f 279 281 280
f 279 282 281
f 259 257 256
f 259 258 257
f 259 256 253
f 277 279 278
f 261 260 259
f 261 259 253
f 276 282 279
f 276 279 277
f 275 282 276
f 264 262 261
f 264 263 262
f 273 275 274
f 273 282 275
f 265 264 261
f 267 266 265
f 271 273 272
f 270 273 271
f 270 282 273
f 269 253 301
f 269 301 282
f 269 268 267
f 269 261 253
f 269 282 270
f 269 267 265
f 269 265 261
f 353 354 355
f 353 356 354
f 353 357 356
f 353 358 357
f 353 359 358
f 353 360 359
f 353 361 360
f 353 362 361
f 353 363 362
f 353 364 363
f 353 365 364
f 353 366 365
f 353 367 366
f 353 368 367
f 353 369 368
f 353 370 369
f 353 371 370
f 353 372 371
f 353 335 305
f 353 373 372
f 353 374 373
f 353 375 374
f 353 376 375
f 353 377 376
f 353 378 377
f 353 379 378
f 353 380 379
f 353 381 380
f 353 382 381
f 353 383 382
f 353 384 383
f 353 385 384
f 353 386 385
f 353 355 335
f 93 95 97
f 89 91 93
f 89 93 97
f 85 87 89
f 85 89 97
f 81 83 85
f 79 81 85
f 79 85 97
f 77 79 97
f 75 77 97
f 69 73 75
f 69 71 73
f 65 67 69
f 63 65 69
f 63 69 75
f 61 63 75
f 57 59 61
f 57 61 75
f 53 55 57
f 51 57 75
f 51 53 57
f 49 75 97
f 49 51 75
f 45 47 49
f 43 45 49
f 41 43 49
f 41 49 97
f 39 41 97
f 37 39 97
f 33 35 37
f 33 37 97
f 29 31 33
f 27 33 97
f 27 29 33
f 25 27 97
f 23 25 97
f 17 21 23
f 17 19 21
f 15 17 23
f 15 23 97
f 13 15 97
f 11 13 97
f 7 9 11
f 7 11 97
f 5 7 97
f 2 1 5
f 2 97 99
f 2 5 97
f 387 386 353
f 387 2 99
f 387 388 386
f 387 389 388
f 387 390 389
f 387 391 390
f 387 392 391
f 387 393 392
f 387 394 393
f 387 395 394
f 387 396 395
f 387 397 396
f 387 398 397
f 387 399 398
f 387 400 399
f 387 401 400
f 387 402 401
f 387 99 402
f 403 387 353
f 403 404 387
f 301 352 236
f 301 236 189
f 405 406 135
f 407 408 405
f 409 410 407
f 409 405 135
f 409 407 405
f 411 412 413
f 414 415 411
f 416 411 413
f 416 414 411
f 417 418 416
f 419 420 417
f 421 422 423
f 424 421 423
f 424 423 425
f 426 427 428
f 426 428 424
f 429 430 431
f 432 433 429
f 434 435 436
f 434 436 432
f 434 431 437
f 434 437 426
f 434 429 431
f 434 432 429
f 438 413 439
f 438 439 440
f 438 440 441
f 438 441 442
f 438 442 443
f 438 416 413
f 438 417 416
f 438 419 417
f 438 424 425
f 438 426 424
f 438 425 419
f 438 434 426
f 444 443 445
f 444 438 443
f 446 445 409
f 446 444 445
f 447 409 135
f 447 446 409
f 448 447 135
f 449 448 135
f 450 449 135
f 451 450 135
f 452 451 135
f 453 454 455
f 453 455 456
f 457 453 458
f 459 460 461
f 462 463 459
f 464 465 466
f 464 466 467
f 468 465 464
f 3 452 135
f 3 469 470
f 3 470 471
f 3 471 472
f 3 472 452
f 473 474 475
f 476 469 3
f 477 478 473
f 477 454 453
f 477 475 479
f 477 479 462
f 477 453 457
f 477 461 480
f 477 480 481
f 477 481 482
f 477 482 454
f 477 457 483
f 477 483 465
f 477 468 484
f 477 484 485
f 477 485 486
f 477 486 487
f 477 487 488
f 477 488 489
f 477 489 490
f 477 459 461
f 477 465 468
f 477 462 459
f 477 473 475
f 491 492 493
f 494 491 493
f 495 494 493
f 496 495 493
f 497 498 478
f 497 478 477
f 499 493 498
f 499 498 497
f 500 493 499
f 501 476 3
f 502 503 504
f 505 496 493
f 505 502 504
f 505 504 506
f 505 506 507
f 505 507 496
f 508 501 3
f 509 510 511
f 512 509 511
f 513 512 511
f 513 511 514
f 515 508 3
f 516 513 514
f 516 517 513
f 518 516 514
f 518 519 516
f 520 521 518
f 522 515 3
f 523 524 520
f 523 520 518
f 525 523 518
f 526 518 514
f 526 525 518
f 527 528 526
f 529 527 526
f 530 529 526
f 531 522 3
f 532 530 526
f 532 533 530
f 532 526 514
f 532 514 534
f 535 536 532
f 537 535 532
f 538 537 532
f 539 538 532
f 540 539 532
f 541 540 532
f 541 532 534
f 541 542 540
f 541 534 543
f 541 543 544
f 545 541 544
f 545 544 546
f 547 505 493
f 547 545 546
f 547 493 500
f 547 546 505
f 548 547 500
f 548 500 549
f 550 548 549
f 550 549 551
f 552 550 551
f 552 551 553
f 554 553 555
f 554 552 553
f 556 554 555
f 556 555 557
f 558 556 557
f 558 557 559
f 558 559 560
f 561 558 560
f 561 560 562
f 563 561 562
f 563 562 564
f 563 564 565
f 566 565 567
f 566 563 565
f 568 566 567
f 568 567 569
f 568 569 570
f 571 572 573
f 574 575 576
f 577 578 579
f 577 579 580
f 577 574 576
f 577 576 578
f 581 580 571
f 581 573 582
f 581 582 583
f 581 583 584
f 581 584 585
f 581 577 580
f 581 571 573
f 586 585 587
f 586 587 588
f 586 588 589
f 586 589 590
f 586 590 591
f 586 581 585
f 592 586 593
f 592 593 594
f 592 581 586
f 592 595 596
f 592 596 581
f 597 568 570
f 597 570 598
f 599 592 594
f 599 594 600
f 599 600 601
f 599 601 602
f 599 602 603
f 599 603 604
f 599 605 592
f 606 607 608
f 609 606 608
f 610 609 608
f 610 611 609
f 612 605 599
f 612 613 605
f 614 613 612
f 614 608 613
f 615 608 614
f 616 617 618
f 619 597 598
f 619 598 620
f 619 620 621
f 622 616 618
f 623 610 608
f 623 622 618
f 623 618 624
f 623 624 610
f 625 531 3
f 625 621 531
f 625 619 621
f 626 627 628
f 626 628 629
f 630 626 629
f 630 631 626
f 632 633 630
f 634 630 629
f 634 632 630
f 635 625 3
f 636 637 638
f 636 638 634
f 639 640 636
f 639 636 634
f 641 639 634
f 642 635 3
f 643 634 629
f 643 641 634
f 644 643 629
f 645 646 647
f 645 647 644
f 648 645 644
f 649 644 629
f 649 648 644
f 650 642 3
f 651 649 629
f 651 652 653
f 651 653 649
f 654 651 629
f 654 655 651
f 656 654 629
f 657 658 656
f 659 660 657
f 659 656 629
f 659 657 656
f 659 629 661
f 662 659 661
f 662 661 663
f 664 608 615
f 664 623 608
f 664 662 663
f 664 663 623
f 665 615 666
f 665 664 615
f 667 666 668
f 667 665 666
f 669 668 670
f 669 667 668
f 671 670 672
f 671 669 670
f 673 671 672
f 673 672 674
f 675 674 676
f 675 676 677
f 675 673 674
f 678 675 677
f 678 677 679
f 680 679 681
f 680 681 682
f 680 678 679
f 683 682 684
f 683 680 682
f 685 684 686
f 685 686 687
f 685 683 684
f 688 689 690
f 691 692 693
f 691 693 689
f 691 688 694
f 691 689 688
f 695 692 691
f 695 696 692
f 695 691 697
f 698 697 699
f 698 695 697
f 700 695 698
f 700 701 695
f 700 698 702
f 703 701 700
f 704 705 706
f 707 701 703
f 708 704 706
f 708 706 709
f 710 708 709
f 711 710 709
f 711 701 707
f 711 709 701
f 711 707 712
f 713 710 711
f 714 687 715
f 714 685 687
f 716 711 717
f 716 717 718
f 719 711 716
f 720 719 721
f 720 711 719
f 720 713 711
f 720 722 713
f 723 724 725
f 726 723 725
f 727 726 725
f 727 728 726
f 729 722 720
f 729 730 722
f 731 725 730
f 731 730 729
f 732 725 731
f 733 715 734
f 733 714 715
f 733 734 735
f 736 727 725
f 736 737 738
f 736 738 739
f 736 739 740
f 736 740 741
f 736 741 727
f 742 733 735
f 742 735 650
f 742 650 3
f 743 744 745
f 746 743 745
f 746 747 743
f 748 746 745
f 748 749 746
f 750 742 3
f 751 752 753
f 751 753 754
f 751 754 755
f 756 751 755
f 757 758 756
f 759 756 755
f 759 757 756
f 760 759 755
f 760 761 759
f 760 755 762
f 763 760 762
f 764 748 745
f 764 763 762
f 764 762 748
f 765 766 764
f 765 764 745
f 767 768 765
f 769 770 771
f 772 773 769
f 772 771 774
f 772 769 771
f 775 774 767
f 775 745 776
f 775 765 745
f 775 767 765
f 775 772 774
f 777 776 778
f 777 775 776
f 779 778 736
f 779 725 732
f 779 736 725
f 779 777 778
f 780 732 781
f 780 779 732
f 782 781 783
f 782 780 781
f 784 782 783
f 784 783 785
f 786 785 787
f 786 784 785
f 788 787 789
f 788 786 787
f 790 788 789
f 790 789 791
f 790 791 792
f 793 790 792
f 793 792 794
f 795 794 796
f 795 796 797
f 795 793 794
f 798 795 797
f 798 797 799
f 800 799 801
f 800 801 802
f 800 798 799
f 803 804 805
f 806 804 803
f 806 807 804
f 808 806 803
f 808 803 809
f 810 806 808
f 811 812 813
f 814 815 816
f 814 816 810
f 817 814 810
f 818 819 820
f 821 819 818
f 822 819 821
f 822 811 819
f 823 824 825
f 826 810 808
f 826 817 810
f 826 811 822
f 826 812 811
f 826 825 827
f 826 827 817
f 826 808 812
f 828 829 823
f 828 823 825
f 828 825 826
f 830 802 831
f 830 800 802
f 832 828 833
f 834 832 835
f 836 829 828
f 836 832 834
f 836 837 829
f 836 828 832
f 838 839 840
f 841 842 843
f 841 843 838
f 841 838 840
f 844 845 837
f 844 837 836
f 846 845 844
f 846 840 845
f 847 840 846
f 848 830 831
f 848 831 849
f 848 849 850
f 851 852 853
f 851 853 854
f 851 854 855
f 856 841 840
f 856 851 855
f 856 855 841
f 857 850 858
f 857 848 850
f 859 860 861
f 862 863 864
f 862 864 859
f 865 859 861
f 865 862 859
f 866 865 861
f 867 868 869
f 867 869 866
f 870 867 866
f 871 872 870
f 873 871 870
f 873 870 866
f 874 875 876
f 874 876 873
f 874 866 861
f 874 873 866
f 877 874 861
f 878 877 861
f 879 880 881
f 882 879 881
f 882 881 878
f 882 878 861
f 883 884 885
f 883 885 886
f 883 886 882
f 883 882 861
f 887 883 861
f 888 889 890
f 888 890 887
f 888 861 891
f 888 887 861
f 892 891 893
f 892 888 891
f 894 856 840
f 894 893 856
f 894 892 893
f 894 840 847
f 895 894 847
f 895 847 896
f 897 895 896
f 897 896 898
f 899 897 898
f 899 898 900
f 901 899 900
f 901 900 902
f 903 901 902
f 903 902 904
f 905 906 907
f 905 903 904
f 905 904 906
f 908 907 909
f 908 905 907
f 910 909 911
f 910 911 912
f 910 908 909
f 913 912 914
f 913 910 912
f 915 914 916
f 915 916 917
f 915 913 914
f 918 919 920
f 918 920 921
f 918 921 922
f 923 924 918
f 923 918 922
f 923 922 925
f 923 925 926
f 923 926 927
f 928 929 923
f 928 923 927
f 930 931 932
f 930 932 933
f 930 933 934
f 935 936 928
f 937 938 931
f 937 931 930
f 939 940 935
f 941 935 928
f 941 927 938
f 941 937 942
f 941 928 927
f 941 938 937
f 943 939 935
f 943 935 941
f 944 939 943
f 944 945 939
f 946 917 947
f 946 915 917
f 948 949 950
f 951 949 948
f 951 952 945
f 951 944 949
f 951 945 944
f 953 954 955
f 956 953 955
f 957 956 955
f 957 958 956
f 959 952 951
f 959 960 952
f 961 960 959
f 961 955 960
f 962 955 961
f 963 964 965
f 966 947 967
f 966 967 968
f 966 946 947
f 969 970 963
f 971 957 955
f 971 965 957
f 971 963 965
f 971 969 963
f 972 968 973
f 972 966 968
f 974 975 976
f 977 978 974
f 979 980 977
f 981 974 976
f 981 977 974
f 981 979 977
f 982 981 976
f 983 984 982
f 985 983 982
f 986 987 988
f 986 988 985
f 989 986 985
f 989 985 982
f 989 982 976
f 990 989 976
f 991 990 976
f 992 991 976
f 993 992 976
f 994 993 976
f 995 996 994
f 997 998 995
f 999 995 994
f 999 997 995
f 1000 1001 999
f 1000 994 976
f 1000 999 994
f 1002 1003 1000
f 1002 1004 1003
f 1005 976 1006
f 1005 1002 1000
f 1005 1000 976
f 1007 1006 1008
f 1007 1005 1006
f 1009 955 962
f 1009 1008 971
f 1009 971 955
f 1009 1007 1008
f 1010 1009 962
f 1010 962 1011
f 1012 1010 1011
f 1012 1011 1013
f 1014 1012 1013
f 1014 1013 1015
f 1016 1014 1015
f 1016 1015 1017
f 1018 1016 1017
f 1018 1017 1019
f 1020 1018 1019
f 1020 1019 1021
f 1020 1021 1022
f 1023 1020 1022
f 1023 1022 1024
f 1025 1023 1024
f 1025 1024 1026
f 1025 1026 1027
f 1028 1025 1027
f 1028 1027 1029
f 1030 1028 1029
f 1030 1029 1031
f 1030 1031 1032
f 1033 1034 1035
f 1036 1035 1037
f 1036 1037 1038
f 1036 1033 1035
f 1039 1038 1040
f 1041 1042 1036
f 1043 1044 1041
f 1043 1041 1036
f 1045 1039 1046
f 1045 1046 1047
f 1045 1038 1039
f 1045 1036 1038
f 1048 1036 1045
f 1048 1049 1050
f 1048 1050 1043
f 1048 1045 1051
f 1048 1051 1052
f 1048 1043 1036
f 1053 1049 1048
f 1053 1054 1049
f 1055 1048 1056
f 1057 1053 1048
f 1057 1058 1059
f 1057 1059 1053
f 1057 1048 1055
f 1060 1030 1032
f 1060 1032 1061
f 1062 1058 1057
f 1062 1063 1058
f 1062 1057 1064
f 1062 1064 1065
f 1062 1065 1066
f 1062 1066 1067
f 1068 1069 1070
f 1068 1070 1071
f 1072 1073 1068
f 1072 1068 1071
f 1074 1075 1063
f 1074 1063 1062
f 1076 1071 1075
f 1076 1075 1074
f 1077 1071 1076
f 1078 1079 1080
f 1081 1060 1061
f 1081 1061 1082
f 1081 1082 1083
f 1084 1080 1085
f 1084 1078 1080
f 1086 1085 1072
f 1086 1072 1071
f 1086 1084 1085
f 1087 1081 1083
f 1087 1083 1088
f 1089 1090 1091
f 1089 1091 1092
f 1093 1089 1092
f 1094 1093 1092
f 1095 1094 1092
f 1096 1095 1092
f 1097 1096 1092
f 1098 1099 1097
f 1098 1097 1092
f 1100 1101 1098
f 1100 1098 1092
f 1102 1100 1092
f 1102 1103 1104
f 1102 1104 1100
f 1105 1102 1092
f 1105 1106 1107
f 1105 1107 1102
f 1108 1109 1105
f 1110 1111 1112
f 1110 1112 1108
f 1113 1105 1092
f 1113 1108 1105
f 1113 1110 1108
f 1114 1113 1092
f 1114 1115 1113
f 1116 1117 1118
f 1116 1118 1114
f 1119 1092 1120
f 1119 1114 1092
f 1119 1121 1116
f 1119 1116 1114
f 1122 1120 1123
f 1122 1119 1120
f 1124 1123 1086
f 1124 1071 1077
f 1124 1122 1123
f 1124 1086 1071
f 1125 1077 1126
f 1125 1124 1077
f 1127 1125 1126
f 1127 1126 1128
f 1129 1128 1130
f 1129 1127 1128
f 1131 1129 1130
f 1131 1130 1132
f 1133 1132 1134
f 1133 1131 1132
f 1135 1134 1136
f 1135 1136 1137
f 1135 1133 1134
f 1138 1137 1139
f 1138 1135 1137
f 1140 1139 1141
f 1140 1141 1142
f 1140 1138 1139
f 1143 1142 1144
f 1143 1140 1142
f 1145 1144 1146
f 1145 1146 1147
f 1145 1143 1144
f 1148 1149 1150
f 1151 1149 1148
f 1151 1152 1149
f 1153 1154 1151
f 1153 1148 1155
f 1153 1155 1156
f 1153 1151 1148
f 1157 1154 1153
f 1158 1157 1153
f 1159 1160 1157
f 1159 1157 1158
f 1161 1162 1159
f 1161 1159 1158
f 1163 1164 1165
f 1166 1164 1163
f 1167 1168 1169
f 1167 1169 1170
f 1167 1170 1161
f 1167 1164 1166
f 1167 1158 1171
f 1167 1171 1172
f 1167 1172 1173
f 1167 1173 1164
f 1167 1161 1158
f 1174 1166 1175
f 1174 1167 1166
f 1176 1145 1147
f 1176 1147 1177
f 1178 1179 1180
f 1181 1182 1167
f 1181 1167 1174
f 1181 1174 1179
f 1181 1179 1178
f 1183 1184 1185
f 1186 1185 1187
f 1186 1187 1188
f 1186 1183 1185
f 1189 1190 1182
f 1189 1182 1181
f 1191 1188 1190
f 1191 1190 1189
f 1192 1188 1191
f 1193 1194 1195
f 1193 1195 1196
f 1197 1177 1198
f 1197 1198 1199
f 1197 1176 1177
f 1200 1193 1196
f 1201 1196 1186
f 1201 1200 1196
f 1201 1186 1188
f 1202 1197 1199
f 1202 1199 1203
f 1204 1205 1206
f 1204 1206 1207
f 1208 1204 1207
f 1209 1208 1207
f 1210 1209 1207
f 1211 1210 1207
f 1211 1212 1210
f 1213 1214 1211
f 1215 1216 1213
f 1217 1213 1211
f 1217 1215 1213
f 1218 1217 1211
f 1219 1220 1218
f 1221 1218 1211
f 1221 1219 1218
f 1222 1211 1207
f 1222 1223 1221
f 1222 1221 1211
f 1224 1225 1226
f 1227 1224 1226
f 1227 1228 1229
f 1227 1229 1224
f 1227 1226 1222
f 1230 1227 1222
f 1231 1230 1222
f 1231 1222 1207
f 1232 1233 1234
f 1232 1234 1231
f 1235 1231 1207
f 1235 1232 1231
f 1235 1207 1236
f 1237 1235 1236
f 1237 1236 1238
f 1239 1201 1188
f 1239 1188 1192
f 1239 1237 1238
f 1239 1238 1201
f 1240 1239 1192
f 1240 1192 1241
f 1242 1240 1241
f 1242 1241 1243
f 1244 1243 1245
f 1244 1242 1243
f 1246 1244 1245
f 1246 1245 1247
f 1248 1246 1247
f 1248 1247 1249
f 1250 1248 1249
f 1250 1249 1251
f 1250 1251 1252
f 1253 1250 1252
f 1253 1252 1254
f 1255 1253 1254
f 1255 1254 1256
f 1255 1256 1257
f 1258 1257 1259
f 1258 1255 1257
f 1260 1258 1259
f 1260 1259 1261
f 1260 1261 1262
f 1263 1264 1265
f 1263 1265 1266
f 1263 1266 1267
f 1263 1267 1268
f 1269 1270 1264
f 1269 1264 1263
f 1271 1269 1263
f 1272 1269 1271
f 1273 1274 1272
f 1275 1271 1276
f 1275 1276 1277
f 1275 1272 1271
f 1278 1272 1275
f 1279 1273 1272
f 1279 1272 1278
f 1280 1281 1282
f 1280 1282 1273
f 1280 1273 1279
f 1283 1280 1279
f 1284 1283 1285
f 1284 1280 1283
f 1284 1286 1280
f 1287 1284 1285
f 1288 1284 1287
f 1289 1288 1287
f 1289 1287 1290
f 1291 1262 1292
f 1291 1260 1262
f 1293 1289 1294
f 1295 1293 1296
f 1295 1289 1293
f 1295 1288 1289
f 1295 1297 1288
f 1298 1299 1300
f 1301 1302 1298
f 1303 1301 1298
f 1303 1298 1300
f 1304 1297 1295
f 1304 1305 1297
f 1306 1305 1304
f 1306 1300 1305
f 1307 1300 1306
f 1308 1309 1310
f 1311 1292 1312
f 1311 1312 1313
f 1311 1291 1292
f 1314 1315 1308
f 1316 1314 1308
f 1316 1303 1300
f 1316 1308 1310
f 1316 1310 1303
f 1317 1311 1313
f 1317 1313 1318
f 1319 1320 1321
f 1322 1321 1323
f 1322 1323 1324
f 1322 1324 1325
f 1322 1319 1321
f 1326 1327 1322
f 1328 1329 1326
f 1330 1322 1325
f 1330 1326 1322
f 1330 1328 1326
f 1331 1332 1333
f 1334 1331 1333
f 1335 1334 1333
f 1335 1333 1330
f 1335 1330 1325
f 1336 1335 1325
f 1336 1337 1338
f 1336 1338 1335
f 1339 1336 1325
f 1339 1340 1336
f 1341 1339 1325
f 1342 1343 1341
f 1344 1342 1341
f 1344 1345 1342
f 1346 1344 1341
f 1346 1347 1344
f 1348 1346 1341
f 1349 1341 1325
f 1349 1348 1341
f 1349 1350 1348
f 1349 1325 1351
f 1352 1349 1351
f 1352 1351 1353
f 1354 1300 1307
f 1354 1316 1300
f 1354 1352 1353
f 1354 1353 1316
f 1355 1307 1356
f 1355 1354 1307
f 1357 1356 1358
f 1357 1355 1356
f 1359 1358 1360
f 1359 1357 1358
f 1361 1359 1360
f 1361 1360 1362
f 1363 1362 1364
f 1363 1361 1362
f 1365 1364 1366
f 1365 1366 1367
f 1365 1363 1364
f 1368 1367 1369
f 1368 1365 1367
f 1370 1369 1371
f 1370 1371 1372
f 1370 1368 1369
f 1373 1370 1372
f 1373 1372 1374
f 1375 1374 1376
f 1375 1376 1377
f 1375 1373 1374
f 1378 1379 1380
f 1381 1382 1383
f 1381 1383 1384
f 1381 1384 1385
f 1381 1385 1379
f 1381 1379 1378
f 1386 1381 1378
f 1387 1381 1386
f 1387 1388 1389
f 1387 1389 1381
f 1390 1387 1386
f 1390 1386 1391
f 1390 1391 1392
f 1393 1387 1390
f 1393 1394 1395
f 1393 1395 1387
f 1396 1397 1393
f 1398 1399 1400
f 1401 1396 1393
f 1402 1390 1403
f 1402 1403 1404
f 1402 1404 1399
f 1402 1399 1398
f 1405 1390 1402
f 1406 1377 1407
f 1406 1375 1377
f 1408 1390 1405
f 1408 1393 1390
f 1409 1408 1410
f 1409 1393 1408
f 1409 1401 1393
f 1411 1401 1409
f 1411 1412 1401
f 1413 1414 1415
f 1416 1417 1413
f 1418 1413 1415
f 1418 1416 1413
f 1419 1412 1411
f 1419 1420 1412
f 1421 1420 1419
f 1421 1415 1420
f 1422 1415 1421
f 1423 1424 1425
f 1426 1407 1427
f 1426 1427 1428
f 1426 1406 1407
f 1429 1425 1430
f 1429 1423 1425
f 1431 1418 1415
f 1431 1429 1430
f 1431 1430 1418
f 1432 1428 1433
f 1432 1426 1428
f 1434 1435 1436
f 1437 1434 1436
f 1438 1439 1437
f 1440 1438 1437
f 1440 1437 1436
f 1441 1442 1440
f 1443 1444 1445
f 1443 1445 1441
f 1446 1443 1441
f 1447 1448 1446
f 1447 1446 1441
f 1449 1447 1441
f 1449 1450 1447
f 1449 1441 1440
f 1451 1449 1440
f 1451 1440 1436
f 1451 1452 1449
f 1453 1451 1436
f 1454 1453 1436
f 1455 1456 1454
f 1455 1454 1436
f 1457 1455 1436
f 1458 1457 1436
f 1459 1460 1461
f 1459 1461 1458
f 1459 1458 1436
f 1462 1463 1464
f 1462 1464 1459
f 1465 1459 1436
f 1465 1436 1466
f 1465 1462 1459
f 1467 1466 1468
f 1467 1465 1466
f 1469 1431 1415
f 1469 1468 1431
f 1469 1415 1422
f 1469 1467 1468
f 1470 1422 1471
f 1470 1469 1422
f 1472 1471 1473
f 1472 1470 1471
f 1474 1473 1475
f 1474 1472 1473
f 1476 1475 1477
f 1476 1474 1475
f 1478 1477 1479
f 1478 1476 1477
f 1480 1479 1481
f 1480 1481 1482
f 1480 1478 1479
f 1483 1482 1484
f 1483 1480 1482
f 1485 1484 1486
f 1485 1486 1487
f 1485 1483 1484
f 1488 1487 1489
f 1488 1485 1487
f 1490 1488 1489
f 1490 1489 1491
f 1490 1491 1492
f 1493 1494 1495
f 1493 1495 1496
f 1493 1496 1497
f 1498 1494 1493
f 1498 1499 1494
f 1498 1493 1500
f 1501 1498 1500
f 1502 1503 1498
f 1504 1505 1506
f 1507 1502 1498
f 1507 1498 1501
f 1507 1508 1502
f 1509 1505 1504
f 1509 1507 1501
f 1509 1501 1505
f 1509 1504 1510
f 1511 1512 1513
f 1511 1513 1507
f 1514 1511 1507
f 1515 1509 1516
f 1515 1516 1517
f 1515 1517 1518
f 1519 1492 1520
f 1519 1490 1492
f 1521 1509 1515
f 1521 1515 1522
f 1521 1522 1523
f 1524 1514 1507
f 1524 1507 1509
f 1524 1509 1521
f 1525 1526 1527
f 1525 1527 1514
f 1525 1514 1524
f 1528 1529 1530
f 1528 1530 1531
f 1532 1528 1531
f 1533 1532 1531
f 1534 1535 1526
f 1534 1526 1525
f 1536 1533 1531
f 1537 1535 1534
f 1537 1531 1535
f 1538 1531 1537
f 1539 1540 1536
f 1541 1539 1536
f 1542 1520 1543
f 1542 1543 1544
f 1542 1519 1520
f 1545 1546 1541
f 1545 1541 1536
f 1545 1536 1531
f 1547 1544 1548
f 1547 1542 1544
f 1549 1550 1551
f 1552 1549 1551
f 1552 1553 1549
f 1554 1552 1551
f 1555 1554 1551
f 1556 1555 1551
f 1557 1556 1551
f 1558 1559 1560
f 1558 1560 1557
f 1561 1562 1563
f 1561 1563 1558
f 1561 1558 1557
f 1564 1561 1557
f 1565 1557 1551
f 1565 1564 1557
f 1566 1567 1565
f 1568 1566 1565
f 1569 1570 1568
f 1569 1568 1565
f 1571 1572 1569
f 1573 1574 1571
f 1573 1571 1569
f 1573 1569 1565
f 1575 1576 1577
f 1575 1577 1573
f 1578 1575 1573
f 1579 1573 1565
f 1579 1580 1578
f 1579 1551 1581
f 1579 1578 1573
f 1579 1565 1551
f 1582 1579 1581
f 1582 1581 1583
f 1584 1545 1531
f 1584 1582 1583
f 1584 1583 1545
f 1584 1531 1538
f 1585 1584 1538
f 1585 1538 1586
f 1587 1586 1588
f 1587 1585 1586
f 1589 1588 1590
f 1589 1587 1588
f 1591 1590 1592
f 1591 1589 1590
f 1593 1592 1594
f 1593 1591 1592
f 1595 1594 1596
f 1595 1596 1597
f 1595 1593 1594
f 1598 1597 1599
f 1598 1595 1597
f 1600 1599 1601
f 1600 1601 1602
f 1600 1598 1599
f 1603 1600 1602
f 1603 1602 1604
f 1605 1604 1606
f 1605 1606 1607
f 1605 1603 1604
f 1608 1609 1610
f 1608 1610 1611
f 1612 1613 1614
f 1612 1614 1609
f 1615 1616 1612
f 1617 1615 1612
f 1618 1619 1620
f 1621 1622 1617
f 1623 1612 1609
f 1623 1609 1608
f 1623 1617 1612
f 1623 1608 1624
f 1623 1624 1625
f 1623 1625 1626
f 1623 1626 1619
f 1623 1619 1618
f 1627 1621 1617
f 1627 1617 1623
f 1628 1627 1623
f 1629 1630 1627
f 1631 1629 1627
f 1631 1628 1632
f 1631 1632 1633
f 1631 1627 1628
f 1634 1631 1633
f 1635 1607 1636
f 1635 1605 1607
f 1637 1634 1638
f 1639 1634 1637
f 1639 1631 1634
f 1640 1631 1639
f 1640 1641 1631
f 1640 1639 1642
f 1643 1644 1645
f 1646 1647 1643
f 1648 1646 1643
f 1648 1643 1645
f 1649 1641 1640
f 1649 1650 1641
f 1651 1648 1645
f 1652 1650 1649
f 1652 1645 1650
f 1653 1645 1652
f 1654 1655 1651
f 1656 1654 1651
f 1657 1636 1658
f 1657 1658 1659
f 1657 1635 1636
f 1660 1656 1651
f 1660 1651 1645
f 1660 1661 1656
f 1662 1659 1663
f 1662 1657 1659
f 1664 1665 1666
f 1664 1666 1667
f 1664 1667 1668
f 1669 1670 1664
f 1669 1664 1668
f 1671 1672 1669
f 1671 1669 1668
f 1673 1674 1675
f 1673 1675 1671
f 1676 1673 1671
f 1677 1678 1676
f 1677 1676 1671
f 1679 1677 1671
f 1680 1679 1671
f 1680 1671 1668
f 1681 1682 1680
f 1683 1680 1668
f 1683 1681 1680
f 1684 1685 1683
f 1684 1683 1668
f 1686 1687 1684
f 1688 1689 1686
f 1690 1688 1686
f 1690 1686 1684
f 1691 1684 1668
f 1691 1690 1684
f 1692 1691 1668
f 1693 1692 1668
f 1694 1695 1693
f 1694 1668 1696
f 1694 1693 1668
f 1697 1696 1698
f 1697 1694 1696
f 1699 1660 1645
f 1699 1697 1698
f 1699 1645 1653
f 1699 1698 1660
f 1700 1699 1653
f 1700 1653 1701
f 1702 1700 1701
f 1702 1701 1703
f 1704 1702 1703
f 1704 1703 1705
f 1706 1704 1705
f 1706 1705 1707
f 1708 1706 1707
f 1708 1707 1709
f 1710 1708 1709
f 1710 1709 1711
f 1710 1711 1712
f 1713 1710 1712
f 1713 1712 1714
f 1715 1713 1714
f 1715 1714 1716
f 1715 1716 1717
f 1718 1715 1717
f 1718 1717 1719
f 1720 1718 1719
f 1720 1719 1721
f 1720 1721 1722
f 1723 1724 1725
f 1723 1725 1726
f 1723 1726 1727
f 1723 1727 1728
f 1723 1728 1729
f 1730 1724 1723
f 1731 1730 1723
f 1732 1733 1730
f 1732 1730 1731
f 1734 1732 1731
f 1735 1736 1737
f 1735 1737 1738
f 1739 1735 1738
f 1740 1738 1734
f 1740 1731 1741
f 1740 1741 1742
f 1740 1742 1743
f 1740 1743 1744
f 1740 1744 1745
f 1740 1745 1746
f 1740 1746 1747
f 1740 1734 1731
f 1748 1738 1740
f 1748 1739 1738
f 1749 1748 1740
f 1750 1720 1722
f 1750 1722 1751
f 1752 1749 1753
f 1752 1748 1749
f 1754 1748 1752
f 1754 1755 1748
f 1754 1752 1756
f 1754 1756 1757
f 1758 1759 1760
f 1758 1760 1761
f 1762 1763 1758
f 1762 1758 1761
f 1764 1755 1754
f 1764 1765 1755
f 1766 1765 1764
f 1766 1761 1765
f 1767 1761 1766
f 1768 1769 1770
f 1771 1750 1751
f 1771 1751 1772
f 1771 1772 1773
f 1774 1775 1768
f 1776 1762 1761
f 1776 1770 1762
f 1776 1774 1768
f 1776 1768 1770
f 1777 1771 1773
f 1777 1773 1778
f 1779 1780 1781
f 1782 1779 1781
f 1783 1784 1782
f 1785 1783 1782
f 1785 1786 1783
f 1787 1782 1781
f 1787 1785 1782
f 1788 1789 1790
f 1788 1790 1791
f 1788 1791 1787
f 1792 1788 1787
f 1793 1794 1792
f 1793 1792 1787
f 1795 1796 1793
f 1795 1793 1787
f 1797 1787 1781
f 1797 1795 1787
f 1798 1797 1781
f 1799 1798 1781
f 1799 1800 1798
f 1801 1802 1803
f 1801 1803 1799
f 1804 1799 1781
f 1804 1801 1799
f 1804 1805 1801
f 1806 1804 1781
f 1806 1807 1804
f 1808 1781 1809
f 1808 1806 1781
f 1808 1810 1811
f 1808 1811 1806
f 1812 1809 1813
f 1812 1808 1809
f 1814 1761 1767
f 1814 1813 1776
f 1814 1776 1761
f 1814 1812 1813
f 1815 1767 1816
f 1815 1814 1767
f 1817 1816 1818
f 1817 1815 1816
f 1819 1818 1820
f 1819 1817 1818
f 1821 1820 1822
f 1821 1819 1820
f 1823 1821 1822
f 1823 1822 1824
f 1825 1824 1826
f 1825 1826 1827
f 1825 1823 1824
f 1828 1825 1827
f 1828 1827 1829
f 1830 1829 1831
f 1830 1831 1832
f 1830 1828 1829
f 1833 1830 1832
f 1833 1832 1834
f 1835 1833 1834
f 1835 1834 1836
f 1835 1836 1837
f 1838 1839 1840
f 1841 1842 1843
f 1844 1845 1839
f 1844 1839 1838
f 1846 1841 1843
f 1846 1843 1847
f 1846 1847 1845
f 1846 1845 1844
f 1848 1841 1846
f 1848 1849 1841
f 1850 1848 1846
f 1851 1852 1848
f 1853 1848 1850
f 1853 1850 1854
f 1855 1853 1856
f 1857 1858 1859
f 1857 1859 1851
f 1860 1857 1851
f 1861 1853 1855
f 1861 1855 1862
f 1863 1851 1848
f 1863 1860 1851
f 1864 1853 1861
f 1865 1835 1837
f 1865 1837 1866
f 1867 1848 1853
f 1867 1853 1864
f 1867 1864 1868
f 1867 1863 1848
f 1869 1863 1867
f 1870 1863 1869
f 1870 1871 1863
f 1870 1869 1872
f 1873 1874 1875
f 1876 1877 1873
f 1878 1873 1875
f 1878 1876 1873
f 1879 1880 1871
f 1879 1871 1870
f 1881 1878 1875
f 1882 1875 1880
f 1882 1880 1879
f 1883 1875 1882
f 1884 1885 1886
f 1884 1886 1881
f 1887 1865 1866
f 1887 1866 1888
f 1887 1888 1889
f 1890 1884 1881
f 1891 1881 1875
f 1891 1890 1881
f 1892 1887 1889
f 1892 1889 1893
f 1894 1895 1896
f 1897 1894 1896
f 1897 1898 1894
f 1899 1897 1896
f 1899 1900 1901
f 1899 1901 1897
f 1902 1903 1904
f 1905 1902 1904
f 1905 1906 1902
f 1907 1899 1896
f 1907 1905 1904
f 1907 1904 1899
f 1908 1909 1910
f 1908 1910 1907
f 1911 1908 1907
f 1911 1907 1896
f 1912 1913 1911
f 1914 1911 1896
f 1914 1912 1911
f 1915 1914 1896
f 1916 1917 1918
f 1916 1918 1915
f 1919 1916 1915
f 1919 1915 1896
f 1920 1919 1896
f 1921 1922 1920
f 1923 1921 1920
f 1924 1896 1925
f 1924 1926 1923
f 1924 1923 1920
f 1924 1920 1896
f 1927 1925 1928
f 1927 1924 1925
f 1929 1928 1891
f 1929 1891 1875
f 1929 1875 1883
f 1929 1927 1928
f 1930 1929 1883
f 1930 1883 1931
f 1932 1930 1931
f 1932 1931 1933
f 1934 1932 1933
f 1934 1933 1935
f 1936 1934 1935
f 1936 1935 1937
f 1938 1936 1937
f 1938 1937 1939
f 1940 1938 1939
f 1940 1939 1941
f 1940 1941 1942
f 1943 1940 1942
f 1943 1942 1944
f 1945 1943 1944
f 1945 1944 1946
f 1945 1946 1947
f 1948 1947 1949
f 1948 1945 1947
f 1950 1949 1951
f 1950 1951 1952
f 1950 1948 1949
f 1953 1954 1955
f 1953 1955 1956
f 1957 1958 1959
f 1960 1959 1961
f 1960 1961 1954
f 1960 1954 1953
f 1960 1957 1959
f 1962 1963 1964
f 1965 1966 1967
f 1965 1967 1968
f 1965 1968 1957
f 1965 1957 1960
f 1969 1960 1963
f 1969 1962 1970
f 1969 1963 1962
f 1969 1965 1960
f 1971 1972 1969
f 1971 1970 1973
f 1971 1969 1970
f 1974 1972 1971
f 1975 1974 1971
f 1976 1977 1974
f 1976 1974 1975
f 1978 1977 1976
f 1979 1978 1976
f 1980 1952 1981
f 1980 1950 1952
f 1982 1979 1983
f 1984 1979 1982
f 1985 1986 1978
f 1985 1984 1987
f 1985 1978 1979
f 1985 1979 1984
f 1988 1989 1990
f 1991 1992 1988
f 1993 1991 1988
f 1993 1988 1990
f 1994 1995 1986
f 1994 1986 1985
f 1996 1993 1990
f 1997 1995 1994
f 1997 1990 1995
f 1998 1990 1997
f 1999 2000 2001
f 1999 2001 1996
f 2002 1980 1981
f 2002 1981 2003
f 2002 2003 2004
f 2005 1999 1996
f 2006 1996 1990
f 2006 2005 1996
f 2007 2002 2004
f 2007 2004 2008
f 2009 2010 2011
f 2012 2009 2011
f 2012 2011 2013
f 2014 2012 2013
f 2014 2015 2016
f 2014 2016 2012
f 2017 2014 2013
f 2018 2019 2017
f 2018 2017 2013
f 2020 2018 2013
f 2021 2022 2020
f 2021 2020 2013
f 2023 2021 2013
f 2024 2023 2013
f 2024 2025 2023
f 2026 2024 2013
f 2027 2026 2013
f 2028 2027 2013
f 2029 2028 2013
f 2030 2031 2029
f 2032 2030 2029
f 2032 2029 2013
f 2032 2033 2030
f 2034 2032 2013
f 2035 2034 2013
f 2035 2036 2034
f 2037 2035 2013
f 2038 2037 2013
f 2038 2039 2040
f 2038 2040 2037
f 2038 2013 2041
f 2042 2038 2041
f 2042 2041 2043
f 2044 2006 1990
f 2044 2042 2043
f 2044 1990 1998
f 2044 2043 2006
f 2045 1998 2046
f 2045 2044 1998
f 2047 2045 2046
f 2047 2046 2048
f 2049 2047 2048
f 2049 2048 2050
f 2051 2050 2052
f 2051 2049 2050
f 2053 2052 2054
f 2053 2051 2052
f 2055 2054 2056
f 2055 2056 2057
f 2055 2053 2054
f 2058 2055 2057
f 2058 2057 2059
f 2060 2058 2059
f 2060 2059 2061
f 2060 2061 2062
f 2063 2062 2064
f 2063 2060 2062
f 2065 2064 2066
f 2065 2063 2064
f 2065 2066 2067
f 2068 2069 2070
f 2071 2069 2068
f 2072 2071 2068
f 2073 2068 2074
f 2073 2074 2075
f 2073 2072 2068
f 2076 2077 2072
f 2078 2072 2073
f 2078 2076 2072
f 2079 2073 2080
f 2079 2078 2073
f 2081 2082 2078
f 2083 2079 2084
f 2083 2078 2079
f 2083 2081 2078
f 2085 2081 2083
f 2085 2083 2086
f 2085 2086 2087
f 2085 2087 2088
f 2085 2089 2090
f 2085 2090 2091
f 2085 2091 2092
f 2085 2092 2081
f 2093 2088 2094
f 2095 2067 2096
f 2095 2065 2067
f 2097 2093 2098
f 2097 2098 2099
f 2097 2088 2093
f 2100 2097 2101
f 2100 2085 2088
f 2100 2088 2097
f 2100 2102 2085
f 2103 2104 2105
f 2103 2105 2106
f 2107 2103 2106
f 2107 2108 2103
f 2109 2102 2100
f 2109 2110 2102
f 2111 2110 2109
f 2111 2106 2110
f 2112 2106 2111
f 2113 2114 2115
f 2116 2096 2117
f 2116 2117 2118
f 2116 2095 2096
f 2119 2107 2106
f 2119 2113 2115
f 2119 2120 2121
f 2119 2121 2113
f 2119 2115 2107
f 2122 2118 2123
f 2122 2116 2118
f 2124 2125 2126
f 2127 2128 2129
f 2127 2129 2130
f 2127 2130 2124
f 2131 2127 2124
f 2131 2132 2133
f 2131 2133 2134
f 2131 2134 2127
f 2135 2131 2124
f 2135 2136 2137
f 2135 2137 2131
f 2135 2124 2126
f 2138 2139 2140
f 2138 2140 2135
f 2141 2135 2126
f 2141 2138 2135
f 2142 2141 2126
f 2142 2143 2141
f 2144 2142 2126
f 2145 2146 2144
f 2145 2144 2126
f 2147 2145 2126
f 2148 2149 2150
f 2151 2152 2148
f 2151 2150 2153
f 2151 2148 2150
f 2154 2155 2151
f 2154 2153 2147
f 2154 2147 2126
f 2154 2151 2153
f 2154 2126 2156
f 2157 2156 2158
f 2157 2154 2156
f 2159 2106 2112
f 2159 2119 2106
f 2159 2158 2119
f 2159 2157 2158
f 2160 2112 2161
f 2160 2159 2112
f 2162 2161 2163
f 2162 2160 2161
f 2164 2163 2165
f 2164 2162 2163
f 2166 2165 2167
f 2166 2164 2165
f 2168 2167 2169
f 2168 2166 2167
f 2170 2169 2171
f 2170 2171 2172
f 2170 2168 2169
f 2173 2172 2174
f 2173 2170 2172
f 2175 2174 2176
f 2175 2176 2177
f 2175 2173 2174
f 2178 2177 2179
f 2178 2175 2177
f 2180 2179 2181
f 2180 2181 2182
f 2180 2178 2179
f 2183 2184 2185
f 2183 2185 2186
f 2187 2183 2186
f 2187 2188 2183
f 2187 2186 2189
f 2190 2188 2187
f 2191 2190 2187
f 2192 2190 2191
f 2193 2192 2191
f 2193 2191 2194
f 2193 2194 2195
f 2196 2192 2193
f 2196 2197 2192
f 2198 2199 2200
f 2201 2198 2200
f 2201 2197 2196
f 2201 2202 2198
f 2201 2200 2197
f 2201 2196 2203
f 2204 2202 2201
f 2205 2204 2201
f 2205 2206 2204
f 2205 2201 2207
f 2208 2206 2205
f 2209 2208 2205
f 2210 2208 2209
f 2211 2182 2212
f 2211 2180 2182
f 2213 2208 2210
f 2213 2210 2214
f 2215 2208 2213
f 2215 2216 2208
f 2215 2213 2217
f 2218 2219 2220
f 2221 2218 2220
f 2222 2223 2221
f 2222 2221 2220
f 2224 2225 2216
f 2224 2216 2215
f 2226 2225 2224
f 2226 2220 2225
f 2227 2220 2226
f 2228 2212 2229
f 2228 2229 2230
f 2228 2211 2212
f 2231 2232 2233
f 2231 2233 2234
f 2231 2234 2235
f 2236 2231 2235
f 2236 2235 2222
f 2236 2222 2220
f 2237 2228 2230
f 2237 2230 2238
f 2239 2240 2241
f 2242 2239 2241
f 2243 2242 2241
f 2244 2245 2246
f 2247 2243 2241
f 2247 2244 2246
f 2247 2248 2249
f 2247 2249 2244
f 2247 2246 2243
f 2250 2247 2241
f 2251 2252 2250
f 2251 2250 2241
f 2253 2251 2241
f 2254 2255 2256
f 2254 2256 2257
f 2254 2257 2253
f 2254 2253 2241
f 2258 2259 2254
f 2258 2254 2241
f 2260 2258 2241
f 2261 2262 2260
f 2261 2260 2241
f 2263 2261 2241
f 2264 2263 2241
f 2265 2266 2264
f 2267 2265 2264
f 2268 2269 2267
f 2270 2268 2267
f 2270 2241 2271
f 2270 2267 2264
f 2270 2264 2241
f 2272 2270 2271
f 2272 2271 2273
f 2274 2272 2273
f 2274 2220 2227
f 2274 2273 2236
f 2274 2236 2220
f 2275 2274 2227
f 2275 2227 2276
f 2277 2276 2278
f 2277 2275 2276
f 2279 2278 2280
f 2279 2277 2278
f 2281 2280 2282
f 2281 2279 2280
f 2283 2282 2284
f 2283 2281 2282
f 2285 2284 2286
f 2285 2286 2287
f 2285 2283 2284
f 2288 2287 2289
f 2288 2285 2287
f 2290 2288 2289
f 2290 2289 2291
f 2290 2291 2292
f 2293 2292 2294
f 2293 2290 2292
f 2295 2294 2296
f 2295 2296 2297
f 2295 2293 2294
f 2298 2299 2300
f 2298 2300 2301
f 2298 2301 2302
f 2303 2299 2298
f 2304 2303 2298
f 2304 2298 2305
f 2306 2303 2304
f 2306 2307 2303
f 2308 2306 2304
f 2309 2306 2308
f 2310 2309 2308
f 2310 2308 2311
f 2312 2310 2313
f 2312 2309 2310
f 2314 2309 2312
f 2315 2316 2317
f 2315 2317 2309
f 2315 2309 2314
f 2318 2319 2320
f 2318 2320 2321
f 2322 2316 2315
f 2322 2321 2316
f 2322 2318 2321
f 2322 2315 2323
f 2324 2323 2325
f 2326 2297 2327
f 2326 2295 2297
f 2328 2322 2323
f 2328 2323 2324
f 2329 2322 2328
f 2330 2331 2322
f 2330 2329 2332
f 2330 2322 2329
f 2333 2334 2335
f 2336 2337 2333
f 2338 2333 2335
f 2338 2336 2333
f 2339 2340 2331
f 2339 2331 2330
f 2341 2340 2339
f 2341 2335 2340
f 2342 2335 2341
f 2343 2344 2345
f 2346 2343 2345
f 2347 2327 2348
f 2347 2348 2349
f 2347 2326 2327
f 2350 2338 2335
f 2350 2346 2345
f 2350 2351 2346
f 2350 2345 2338
f 2352 2349 2353
f 2352 2347 2349
f 2354 2355 2356
f 2357 2356 2358
f 2357 2354 2356
f 2359 2360 2361
f 2359 2361 2357
f 2362 2357 2358
f 2362 2359 2357
f 2363 2364 2365
f 2366 2365 2362
f 2366 2363 2365
f 2367 2366 2362
f 2368 2369 2370
f 2368 2370 2367
f 2368 2362 2358
f 2368 2367 2362
f 2371 2372 2368
f 2373 2371 2368
f 2373 2374 2375
f 2373 2375 2371
f 2373 2368 2358
f 2376 2373 2358
f 2376 2377 2373
f 2378 2376 2358
f 2379 2380 2378
f 2381 2379 2378
f 2382 2383 2381
f 2384 2382 2381
f 2385 2384 2381
f 2385 2378 2358
f 2385 2381 2378
f 2385 2358 2386
f 2387 2386 2388
f 2387 2385 2386
f 2389 2387 2388
f 2389 2335 2342
f 2389 2350 2335
f 2389 2388 2350
f 2390 2389 2342
f 2390 2342 2391
f 2392 2390 2391
f 2392 2391 2393
f 2394 2393 2395
f 2394 2392 2393
f 2396 2394 2395
f 2396 2395 2397
f 2398 2396 2397
f 2398 2397 2399
f 2400 2398 2399
f 2400 2399 2401
f 2400 2401 2402
f 2403 2400 2402
f 2403 2402 2404
f 2405 2403 2404
f 2405 2404 2406
f 2405 2406 2407
f 2408 2405 2407
f 2408 2407 2409
f 2410 2411 2412
f 2410 2408 2409
f 2410 2409 2411
f 2413 2414 2415
f 2416 2415 2417
f 2416 2413 2415
f 2418 2419 2413
f 2418 2413 2416
f 2420 2416 2421
f 2420 2421 2422
f 2420 2418 2416
f 2423 2418 2420
f 2423 2424 2425
f 2423 2425 2418
f 2423 2420 2426
f 2427 2428 2423
f 2427 2423 2426
f 2427 2426 2429
f 2430 2431 2432
f 2430 2432 2433
f 2430 2433 2434
f 2430 2434 2428
f 2430 2428 2427
f 2430 2427 2435
f 2430 2435 2436
f 2430 2436 2437
f 2430 2437 2438
f 2439 2438 2440
f 2439 2430 2438
f 2441 2412 2442
f 2441 2410 2412
f 2443 2439 2444
f 2445 2439 2443
f 2445 2430 2439
f 2446 2447 2430
f 2446 2430 2445
f 2448 2449 2450
f 2451 2448 2450
f 2452 2453 2451
f 2452 2451 2450
f 2454 2447 2446
f 2454 2455 2447
f 2456 2455 2454
f 2456 2450 2455
f 2457 2450 2456
f 2458 2442 2459
f 2458 2459 2460
f 2458 2441 2442
f 2461 2462 2463
f 2461 2463 2464
f 2465 2464 2466
f 2465 2466 2452
f 2465 2461 2464
f 2465 2452 2450
f 2467 2460 2468
f 2467 2458 2460
f 2469 2470 2471
f 2472 2473 2469
f 2472 2469 2471
f 2474 2475 2472
f 2476 2474 2472
f 2476 2477 2474
f 2478 2476 2472
f 2479 2480 2481
f 2479 2481 2478
f 2479 2478 2472
f 2482 2483 2479
f 2482 2479 2472
f 2482 2472 2471
f 2484 2482 2471
f 2485 2486 2484
f 2485 2484 2471
f 2487 2485 2471
f 2488 2487 2471
f 2489 2490 2491
f 2492 2491 2493
f 2492 2493 2488
f 2492 2488 2471
f 2492 2489 2491
f 2494 2495 2492
f 2496 2494 2492
f 2496 2492 2471
f 2496 2497 2498
f 2496 2498 2494
f 2499 2471 2500
f 2499 2496 2471
f 2499 2501 2496
f 2502 2500 2503
f 2502 2499 2500
f 2504 2465 2450
f 2504 2503 2465
f 2504 2450 2457
f 2504 2502 2503
f 2505 2504 2457
f 2505 2457 2506
f 2507 2505 2506
f 2507 2506 2508
f 2509 2507 2508
f 2509 2508 2510
f 2511 2510 2512
f 2511 2509 2510
f 2513 2511 2512
f 2513 2512 2514
f 2515 2513 2514
f 2515 2514 2516
f 2515 2516 2517
f 2518 2515 2517
f 2518 2517 2519
f 2520 2518 2519
f 2520 2519 2521
f 2520 2521 2522
f 2523 2522 2524
f 2523 2520 2522
f 2525 2524 2526
f 2525 2526 2527
f 2525 2523 2524
f 2528 2529 2530
f 2528 2530 2531
f 2528 2531 2532
f 2528 2532 2533
f 2528 2533 2534
f 2528 2534 2535
f 2536 2535 2537
f 2538 2528 2535
f 2538 2539 2540
f 2538 2540 2528
f 2541 2538 2535
f 2541 2535 2536
f 2542 2541 2536
f 2542 2536 2543
f 2544 2542 2543
f 2544 2543 2545
f 2546 2545 2547
f 2546 2547 2548
f 2549 2550 2544
f 2549 2544 2545
f 2549 2545 2546
f 2551 2550 2549
f 2552 2551 2549
f 2553 2551 2552
f 2554 2553 2552
f 2555 2527 2556
f 2555 2525 2527
f 2557 2558 2559
f 2560 2561 2553
f 2560 2558 2557
f 2560 2554 2558
f 2560 2557 2562
f 2560 2553 2554
f 2563 2564 2565
f 2566 2567 2563
f 2566 2565 2568
f 2566 2563 2565
f 2569 2570 2561
f 2569 2561 2560
f 2571 2568 2570
f 2571 2570 2569
f 2572 2568 2571
f 2573 2574 2575
f 2576 2556 2577
f 2576 2577 2578
f 2576 2555 2556
f 2579 2580 2573
f 2581 2575 2566
f 2581 2573 2575
f 2581 2566 2568
f 2581 2579 2573
f 2582 2578 2583
f 2582 2583 2584
f 2582 2576 2578
f 2585 2586 2587
f 2585 2587 2588
f 2589 2590 2591
f 2589 2591 2592
f 2593 2592 2585
f 2593 2585 2588
f 2593 2589 2592
f 2594 2582 2584
f 2595 2596 2597
f 2598 2595 2597
f 2599 2598 2597
f 2600 2599 2597
f 2600 2597 2593
f 2601 2593 2588
f 2601 2600 2593
f 2602 2601 2588
f 2603 2602 2588
f 2604 2603 2588
f 2605 2604 2588
f 2606 2605 2588
f 2606 2607 2608
f 2606 2608 2605
f 2609 2606 2588
f 2610 2609 2588
f 2610 2611 2612
f 2610 2612 2609
f 2613 2610 2588
f 2613 2614 2615
f 2613 2615 2610
f 2616 2588 2617
f 2616 2618 2613
f 2616 2613 2588
f 2619 2616 2617
f 2619 2617 2620
f 2621 2581 2568
f 2621 2619 2620
f 2621 2620 2581
f 2621 2568 2572
f 2622 2621 2572
f 2622 2572 2623
f 2624 2622 2623
f 2624 2623 2625
f 2626 2625 2627
f 2626 2624 2625
f 2628 2627 2629
f 2628 2626 2627
f 2630 2628 2629
f 2630 2629 2631
f 2632 2631 2633
f 2632 2633 2634
f 2632 2630 2631
f 2635 2632 2634
f 2635 2634 2636
f 2637 2636 2638
f 2637 2638 2639
f 2637 2635 2636
f 2640 2637 2639
f 2640 2639 2641
f 2642 2640 2641
f 2642 2641 2643
f 2642 2643 2644
f 2645 2646 2647
f 2648 2646 2645
f 2649 2645 2650
f 2649 2648 2645
f 2651 2652 2653
f 2651 2653 2648
f 2651 2648 2649
f 2654 2652 2651
f 2655 2651 2656
f 2655 2654 2651
f 2657 2658 2654
f 2657 2654 2655
f 2659 2657 2660
f 2661 2662 2663
f 2661 2663 2664
f 2661 2664 2665
f 2661 2665 2658
f 2661 2657 2659
f 2661 2658 2657
f 2666 2662 2661
f 2667 2668 2666
f 2667 2661 2669
f 2667 2666 2661
f 2670 2668 2667
f 2671 2670 2667
f 2672 2642 2644
f 2672 2644 2673
f 2674 2671 2675
f 2674 2670 2671
f 2676 2677 2670
f 2676 2674 2678
f 2676 2670 2674
f 2676 2678 2679
f 2680 2681 2682
f 2680 2682 2683
f 2684 2683 2685
f 2684 2680 2683
f 2686 2687 2677
f 2686 2677 2676
f 2688 2685 2687
f 2688 2687 2686
f 2689 2685 2688
f 2690 2673 2691
f 2690 2691 2692
f 2690 2672 2673
f 2693 2694 2695
f 2693 2695 2696
f 2697 2693 2696
f 2697 2684 2685
f 2697 2696 2698
f 2697 2698 2684
f 2699 2690 2692
f 2699 2692 2700
f 2699 2700 2701
f 2702 2703 2704
f 2705 2702 2704
f 2705 2706 2707
f 2705 2707 2702
f 2708 2709 2710
f 2708 2710 2705
f 2711 2699 2701
f 2712 2708 2705
f 2712 2713 2714
f 2712 2714 2708
f 2715 2705 2704
f 2715 2716 2717
f 2715 2717 2712
f 2715 2712 2705
f 2718 2719 2720
f 2718 2720 2715
f 2721 2718 2715
f 2721 2722 2718
f 2723 2721 2715
f 2723 2715 2704
f 2724 2723 2704
f 2724 2725 2723
f 2726 2724 2704
f 2727 2726 2704
f 2727 2728 2726
f 2729 2727 2704
f 2729 2730 2727
f 2731 2732 2733
f 2731 2733 2729
f 2734 2729 2704
f 2734 2731 2729
f 2734 2704 2735
f 2736 2734 2735
f 2736 2735 2737
f 2738 2685 2689
f 2738 2697 2685
f 2738 2736 2737
f 2738 2737 2697
f 2739 2738 2689
f 2739 2689 2740
f 2741 2739 2740
f 2741 2740 2742
f 2743 2742 2744
f 2743 2741 2742
f 2745 2743 2744
f 2745 2744 2746
f 2747 2746 2748
f 2747 2745 2746
f 2749 2747 2748
f 2749 2748 2750
f 2749 2750 2751
f 2752 2751 2753
f 2752 2749 2751
f 2754 2752 2753
f 2754 2753 2755
f 2754 2755 2756
f 2757 2756 2758
f 2757 2754 2756
f 2759 2757 2758
f 2759 2758 2760
f 2759 2760 2761
f 2762 2763 2764
f 2762 2764 2765
f 2762 2765 2766
f 2767 2768 2769
f 2767 2769 2770
f 2767 2770 2771
f 2772 2763 2762
f 2773 2771 2763
f 2773 2767 2771
f 2773 2774 2767
f 2775 2776 2773
f 2777 2772 2778
f 2777 2763 2772
f 2777 2775 2773
f 2777 2773 2763
f 2779 2780 2781
f 2782 2778 2783
f 2782 2777 2778
f 2784 2783 2780
f 2784 2779 2785
f 2784 2785 2786
f 2784 2782 2783
f 2784 2780 2779
f 2784 2787 2782
f 2788 2759 2761
f 2788 2761 2789
f 2790 2784 2791
f 2790 2791 2792
f 2790 2792 2793
f 2794 2787 2784
f 2794 2784 2790
f 2794 2795 2796
f 2794 2796 2787
f 2797 2798 2799
f 2800 2797 2799
f 2801 2800 2799
f 2801 2802 2800
f 2803 2795 2794
f 2803 2804 2795
f 2805 2804 2803
f 2805 2799 2804
f 2806 2799 2805
f 2807 2808 2809
f 2807 2809 2810
f 2811 2788 2789
f 2811 2789 2812
f 2811 2812 2813
f 2814 2807 2810
f 2815 2801 2799
f 2815 2814 2810
f 2815 2810 2801
f 2816 2813 2817
f 2816 2811 2813
f 2818 2819 2820
f 2818 2820 2821
f 2822 2818 2821
f 2823 2822 2821
f 2824 2825 2823
f 2824 2823 2821
f 2826 2816 2817
f 2826 2817 2827
f 2828 2829 2824
f 2830 2828 2824
f 2830 2831 2828
f 2832 2830 2824
f 2833 2824 2821
f 2833 2832 2824
f 2834 2835 2836
f 2834 2836 2833
f 2837 2834 2833
f 2837 2838 2834
f 2839 2837 2833
f 2839 2840 2837
f 2841 2839 2833
f 2842 2841 2833
f 2843 2842 2833
f 2843 2844 2842
f 2845 2846 2843
f 2847 2848 2845
f 2847 2845 2843
f 2849 2850 2847
f 2849 2847 2843
f 2851 2833 2821
f 2851 2843 2833
f 2851 2849 2843
f 2851 2821 2852
f 2853 2851 2852
f 2853 2852 2854
f 2855 2799 2806
f 2855 2815 2799
f 2855 2853 2854
f 2855 2854 2815
f 2856 2806 2857
f 2856 2855 2806
f 2858 2857 2859
f 2858 2856 2857
f 2860 2859 2861
f 2860 2858 2859
f 2862 2861 2863
f 2862 2860 2861
f 2864 2863 2865
f 2864 2862 2863
f 2866 2865 2867
f 2866 2867 2868
f 2866 2864 2865
f 2869 2868 2870
f 2869 2866 2868
f 2871 2870 2872
f 2871 2872 2873
f 2871 2869 2870
f 2874 2871 2873
f 2874 2873 2875
f 2876 2875 2877
f 2876 2877 2878
f 2876 2874 2875
f 2879 2880 2881
f 2882 2879 2881
f 2882 2881 2883
f 2882 2883 2884
f 2882 2884 2885
f 2882 2885 2886
f 2887 2882 2886
f 2888 2889 2890
f 2888 2890 2882
f 2891 2892 2893
f 2891 2893 2894
f 2895 2888 2882
f 2895 2896 2888
f 2897 2895 2882
f 2898 2899 2900
f 2901 2882 2887
f 2901 2892 2891
f 2901 2897 2882
f 2901 2899 2898
f 2901 2902 2903
f 2901 2903 2897
f 2901 2887 2892
f 2901 2891 2899
f 2904 2901 2898
f 2904 2898 2905
f 2906 2878 2907
f 2906 2876 2878
f 2908 2904 2909
f 2908 2909 2910
f 2911 2908 2912
f 2911 2904 2908
f 2911 2913 2901
f 2911 2901 2904
f 2914 2915 2916
f 2914 2916 2917
f 2918 2917 2919
f 2918 2914 2917
f 2920 2913 2911
f 2920 2921 2913
f 2922 2919 2921
f 2922 2921 2920
f 2923 2919 2922
f 2924 2907 2925
f 2924 2925 2926
f 2924 2906 2907
f 2927 2928 2929
f 2930 2918 2919
f 2930 2929 2931
f 2930 2931 2932
f 2930 2932 2918
f 2930 2927 2929
f 2933 2926 2934
f 2933 2924 2926
f 2935 2936 2937
f 2938 2935 2937
f 2939 2940 2941
f 2939 2941 2938
f 2942 2939 2938
f 2943 2938 2937
f 2943 2942 2938
f 2944 2933 2934
f 2944 2934 2945
f 2946 2947 2943
f 2948 2946 2943
f 2948 2949 2946
f 2950 2948 2943
f 2950 2943 2937
f 2951 2952 2950
f 2953 2954 2955
f 2956 2953 2955
f 2957 2955 2951
f 2957 2951 2950
f 2957 2956 2955
f 2958 2959 2960
f 2958 2960 2961
f 2962 2961 2957
f 2962 2958 2961
f 2963 2962 2957
f 2964 2957 2950
f 2964 2963 2957
f 2965 2950 2937
f 2965 2964 2950
f 2966 2967 2965
f 2968 2937 2969
f 2968 2965 2937
f 2968 2966 2965
f 2970 2969 2971
f 2970 2968 2969
f 2972 2970 2971
f 2972 2971 2930
f 2972 2919 2923
f 2972 2930 2919
f 2973 2923 2974
f 2973 2972 2923
f 2975 2973 2974
f 2975 2974 2976
f 2977 2975 2976
f 2977 2976 2978
f 2979 2978 2980
f 2979 2977 2978
f 2981 2979 2980
f 2981 2980 2982
f 2983 2981 2982
f 2983 2982 2984
f 2983 2984 2985
f 2986 2985 2987
f 2986 2983 2985
f 2988 2986 2987
f 2988 2987 2989
f 2988 2989 2990
f 2991 2990 2992
f 2991 2988 2990
f 2993 2992 2994
f 2993 2994 2995
f 2993 2991 2992
f 2996 2997 2998
f 2999 2996 2998
f 2999 2998 3000
f 3001 2996 2999
f 3002 3001 2999
f 3002 2999 3003
f 3004 3001 3002
f 3004 3005 3001
f 3006 3005 3004
f 3006 3007 3005
f 3008 3006 3004
f 3008 3004 3009
f 3010 3011 3012
f 3010 3012 3006
f 3010 3006 3008
f 3013 3014 3011
f 3013 3010 3015
f 3013 3011 3010
f 3016 3013 3015
f 3017 3018 3019
f 3017 3019 3013
f 3017 3013 3016
f 3017 3016 3020
f 3017 3020 3021
f 3022 3017 3021
f 3023 2995 3024
f 3023 2993 2995
f 3025 3022 3026
f 3025 3026 3027
f 3028 3022 3025
f 3029 3017 3022
f 3029 3030 3017
f 3029 3022 3028
f 3031 3032 3033
f 3034 3033 3035
f 3034 3035 3036
f 3034 3031 3033
f 3037 3038 3030
f 3037 3030 3029
f 3039 3038 3037
f 3039 3036 3038
f 3040 3036 3039
f 3041 3042 3043
f 3041 3043 3044
f 3045 3024 3046
f 3045 3046 3047
f 3045 3023 3024
f 3048 3034 3036
f 3048 3041 3044
f 3048 3049 3041
f 3048 3044 3034
f 3050 3047 3051
f 3050 3045 3047
f 3052 3053 3054
f 3055 3052 3054
f 3056 3055 3054
f 3057 3058 3056
f 3057 3056 3054
f 3059 3057 3054
f 3060 3050 3051
f 3060 3051 3061
f 3062 3063 3064
f 3065 3062 3064
f 3066 3067 3068
f 3066 3068 3065
f 3066 3064 3069
f 3066 3069 3059
f 3066 3065 3064
f 3070 3059 3054
f 3070 3066 3059
f 3071 3072 3073
f 3071 3073 3070
f 3074 3070 3054
f 3074 3071 3070
f 3075 3076 3077
f 3078 3077 3074
f 3078 3074 3054
f 3078 3075 3077
f 3079 3078 3054
f 3079 3080 3078
f 3081 3082 3079
f 3083 3084 3081
f 3085 3079 3054
f 3085 3081 3079
f 3085 3083 3081
f 3085 3054 3086
f 3087 3085 3086
f 3087 3086 3088
f 3089 3048 3036
f 3089 3088 3048
f 3089 3087 3088
f 3089 3036 3040
f 3090 3089 3040
f 3090 3040 3091
f 3092 3090 3091
f 3092 3091 3093
f 3094 3092 3093
f 3094 3093 3095
f 3096 3094 3095
f 3096 3095 3097
f 3098 3096 3097
f 3098 3097 3099
f 3100 3098 3099
f 3100 3099 3101
f 3100 3101 3102
f 3103 3102 3104
f 3103 3100 3102
f 3105 3104 3106
f 3105 3106 3107
f 3105 3103 3104
f 3108 3107 3109
f 3108 3105 3107
f 3110 3109 3111
f 3110 3111 3112
f 3110 3108 3109
f 3113 3114 3115
f 3116 3114 3113
f 3117 3118 3116
f 3117 3113 3119
f 3117 3119 3120
f 3117 3116 3113
f 3121 3122 3123
f 3124 3125 3126
f 3127 3118 3117
f 3127 3126 3128
f 3127 3128 3129
f 3127 3129 3118
f 3127 3117 3122
f 3127 3122 3121
f 3127 3124 3126
f 3130 3124 3127
f 3131 3130 3127
f 3131 3132 3130
f 3131 3127 3133
f 3131 3133 3134
f 3135 3136 3137
f 3135 3137 3132
f 3135 3132 3131
f 3135 3131 3138
f 3139 3112 3140
f 3139 3110 3112
f 3141 3142 3136
f 3141 3135 3143
f 3141 3136 3135
f 3144 3141 3145
f 3146 3142 3141
f 3146 3147 3142
f 3146 3141 3144
f 3148 3149 3150
f 3151 3148 3150
f 3152 3151 3150
f 3152 3150 3153
f 3154 3147 3146
f 3154 3155 3147
f 3156 3152 3153
f 3157 3155 3154
f 3157 3153 3155
f 3158 3153 3157
f 3159 3160 3156
f 3161 3159 3156
f 3162 3140 3163
f 3162 3163 3164
f 3162 3139 3140
f 3165 3166 3161
f 3165 3156 3153
f 3165 3161 3156
f 3167 3164 3168
f 3167 3162 3164
f 3169 3170 3171
f 3172 3169 3171
f 3173 3172 3171
f 3174 3175 3173
f 3174 3173 3171
f 3176 3177 3174
f 3176 3174 3171
f 3178 3168 3179
f 3178 3167 3168
f 3180 3181 3182
f 3183 3180 3182
f 3183 3184 3180
f 3183 3182 3176
f 3185 3186 3187
f 3185 3187 3188
f 3185 3188 3189
f 3185 3189 3183
f 3190 3191 3185
f 3190 3183 3176
f 3190 3185 3183
f 3190 3176 3171
f 3192 3193 3194
f 3195 3192 3194
f 3196 3194 3190
f 3196 3190 3171
f 3196 3195 3194
f 3197 3196 3171
f 3198 3199 3197
f 3198 3200 3199
f 3201 3198 3197
f 3202 3171 3203
f 3202 3197 3171
f 3202 3201 3197
f 3204 3203 3205
f 3204 3202 3203
f 3206 3165 3153
f 3206 3205 3165
f 3206 3153 3158
f 3206 3204 3205
f 3207 3206 3158
f 3207 3158 3208
f 3209 3207 3208
f 3209 3208 3210
f 3211 3209 3210
f 3211 3210 3212
f 3213 3211 3212
f 3213 3212 3214
f 3215 3213 3214
f 3215 3214 3216
f 3217 3215 3216
f 3217 3216 3218
f 3217 3218 3219
f 3220 3217 3219
f 3220 3219 3221
f 3222 3220 3221
f 3222 3221 3223
f 3222 3223 3224
f 3225 3224 3226
f 3225 3222 3224
f 3227 3225 3226
f 3227 3226 3228
f 3227 3228 3229
f 3230 3231 3232
f 3233 3234 3235
f 3233 3235 3231
f 3233 3231 3230
f 3236 3237 3234
f 3236 3234 3233
f 3238 3236 3233
f 3239 3236 3238
f 3240 3238 3241
f 3240 3239 3238
f 3242 3239 3240
f 3242 3240 3243
f 3244 3245 3246
f 3244 3246 3247
f 3244 3247 3248
f 3249 3244 3248
f 3249 3239 3242
f 3249 3250 3251
f 3249 3251 3244
f 3249 3248 3239
f 3249 3242 3252
f 3249 3252 3253
f 3249 3253 3254
f 3255 3250 3249
f 3256 3255 3249
f 3257 3227 3229
f 3257 3229 3258
f 3259 3256 3260
f 3261 3259 3262
f 3263 3256 3259
f 3263 3264 3255
f 3263 3259 3261
f 3263 3255 3256
f 3265 3266 3267
f 3265 3267 3268
f 3269 3268 3270
f 3269 3265 3268
f 3271 3272 3264
f 3271 3264 3263
f 3273 3270 3272
f 3273 3272 3271
f 3274 3270 3273
f 3275 3257 3258
f 3275 3258 3276
f 3275 3276 3277
f 3278 3279 3280
f 3278 3280 3281
f 3278 3281 3282
f 3278 3282 3283
f 3278 3283 3269
f 3278 3269 3270
f 3284 3275 3277
f 3284 3277 3285
f 3286 3287 3288
f 3289 3286 3288
f 3290 3291 3289
f 3292 3290 3289
f 3293 3292 3289
f 3294 3289 3288
f 3294 3293 3289
f 3295 3296 3294
f 3297 3295 3294
f 3298 3297 3294
f 3298 3299 3297
f 3300 3301 3298
f 3302 3300 3298
f 3302 3303 3300
f 3304 3298 3294
f 3304 3302 3298
f 3305 3304 3294
f 3305 3294 3288
f 3306 3307 3305
f 3308 3305 3288
f 3308 3306 3305
f 3309 3308 3288
f 3309 3310 3311
f 3309 3311 3308
f 3312 3309 3288
f 3313 3312 3288
f 3313 3314 3312
f 3315 3288 3316
f 3315 3317 3318
f 3315 3318 3313
f 3315 3313 3288
f 3319 3316 3320
f 3319 3315 3316
f 3321 3320 3278
f 3321 3270 3274
f 3321 3278 3270
f 3321 3319 3320
f 3322 3274 3323
f 3322 3321 3274
f 3324 3323 3325
f 3324 3322 3323
f 3326 3325 3327
f 3326 3324 3325
f 3328 3326 3327
f 3328 3327 3329
f 3330 3328 3329
f 3330 3329 3331
f 3332 3331 3333
f 3332 3333 3334
f 3332 3330 3331
f 3335 3334 3336
f 3335 3332 3334
f 3337 3335 3336
f 3337 3336 3338
f 3337 3338 3339
f 3340 3337 3339
f 3340 3339 3341
f 3342 3340 3341
f 3342 3341 3343
f 3342 3343 3344
f 3345 3346 3347
f 3345 3347 3348
f 3349 3346 3345
f 3349 3350 3346
f 3351 3352 3353
f 3351 3353 3350
f 3351 3349 3354
f 3351 3350 3349
f 3355 3351 3354
f 3356 3351 3355
f 3356 3357 3351
f 3358 3355 3359
f 3358 3359 3360
f 3358 3356 3355
f 3361 3358 3360
f 3362 3363 3358
f 3364 3361 3365
f 3364 3362 3358
f 3364 3358 3361
f 3366 3362 3364
f 3367 3368 3366
f 3369 3366 3364
f 3369 3364 3370
f 3369 3370 3371
f 3369 3367 3366
f 3372 3342 3344
f 3372 3344 3373
f 3374 3369 3375
f 3374 3367 3369
f 3376 3374 3377
f 3378 3379 3367
f 3378 3367 3374
f 3378 3374 3376
f 3380 3381 3382
f 3383 3380 3382
f 3384 3385 3383
f 3384 3383 3382
f 3386 3387 3379
f 3386 3379 3378
f 387 3384 3382
f 3388 3382 3387
f 3388 3387 3386
f 3389 3382 3388
f 3389 387 3382
f 3390 387 3389
f 3391 387 3390
f 3392 3372 3373
f 3392 3373 3393
f 3392 3393 3394
f 3395 387 3391
f 3396 387 3395
f 3397 387 3396
f 3398 387 3397
f 3399 3392 3394
f 3399 3394 3400
f 2 3284 3285
f 2 387 3398
f 2 3399 3400
f 2 3398 3401
f 2 3401 3402
f 2 3402 3403
f 2 3403 3404
f 2 3404 3405
f 2 3405 3406
f 2 3406 3407
f 2 3407 3408
f 2 3408 3409
f 2 3409 3410
f 2 3410 3411
f 2 3411 3412
f 2 3412 3413
f 2 3413 3399
f 2 3400 3414
f 2 3414 3415
f 2 3415 3284
f 2 3285 3416
f 2 3416 3178
f 3 2 3060
f 3060 2 3179
f 3179 2 3178
f 3 3060 3061
f 3 3061 2944
f 3 2944 2945
f 3 2945 2826
f 3 2826 2827
f 3 2827 2711
f 3 2711 2701
f 3 2701 2594
f 3 2594 2584
f 3 2584 3417
f 3 3417 2467
f 3 2467 3418
f 3418 2467 2468
f 3 3418 3419
f 3 3419 2352
f 3 2352 3420
f 3420 2352 2353
f 3 3420 3421
f 3 3421 2237
f 3 2237 3422
f 3422 2237 2238
f 3 3422 3423
f 3 3423 2122
f 3 2122 3424
f 3424 2122 2123
f 3 3424 3425
f 3 3425 2007
f 3 2007 3426
f 3426 2007 2008
f 3 3426 3427
f 3 3427 1892
f 3 1892 3428
f 3428 1892 1893
f 3 3428 3429
f 3 3429 1777
f 3 1777 3430
f 3430 1777 1778
f 3 3430 3431
f 3 3431 1662
f 3 1662 3432
f 3432 1662 1663
f 3 3432 3433
f 3 3433 1547
f 3 1547 3434
f 3434 1547 1548
f 3 3434 3435
f 3 3435 1432
f 3 1432 3436
f 3436 1432 1433
f 3 3436 3437
f 3 3437 1317
f 3 1317 1318
f 3 1318 3438
f 3 3438 3439
f 3 3439 1202
f 3 1202 1203
f 3 1203 3440
f 3 3440 3441
f 3 3441 1087
f 3 1087 1088
f 3 1088 3442
f 3 3442 3443
f 3 3443 972
f 3 972 973
f 3 973 3444
f 3 3444 3445
f 3 3445 857
f 3 857 858
f 3 858 3446
f 3 3446 750
f 353 305 154
f 353 154 102
f 305 302 237
f 305 237 154
f 351 236 352
f 351 252 236
f 350 252 351
f 350 251 252
f 349 251 350
f 349 250 251
f 348 250 349
f 348 249 250
f 347 249 348
f 347 248 249
f 346 248 347
f 346 247 248
f 345 247 346
f 345 246 247
f 344 246 345
f 344 245 246
f 343 244 245
f 343 245 344
f 342 243 244
f 342 244 343
f 341 242 243
f 341 243 342
f 340 241 242
f 340 242 341
f 339 240 241
f 339 241 340
f 338 239 240
f 338 240 339
f 337 238 239
f 337 239 338
f 336 186 238
f 336 238 337
f 334 185 186
f 334 186 336
f 332 184 185
f 332 185 334
f 329 183 184
f 329 184 332
f 328 182 183
f 328 183 329
f 326 181 182
f 326 182 328
f 324 180 181
f 324 181 326
f 322 179 180
f 322 180 324
f 320 178 179
f 320 179 322
f 318 178 320
f 318 177 178
f 316 177 318
f 316 176 177
f 314 176 316
f 314 175 176
f 312 175 314
f 312 174 175
f 309 174 312
f 309 173 174
f 307 172 173
f 307 173 309
f 306 172 307
f 306 171 172
f 304 170 171
f 304 171 306
f 303 169 170
f 303 170 304
f 308 168 169
f 308 169 303
f 310 167 168
f 310 168 308
f 311 166 167
f 311 167 310
f 313 165 166
f 313 166 311
f 315 164 165
f 315 165 313
f 317 163 164
f 317 164 315
f 319 162 163
f 319 163 317
f 321 161 162
f 321 162 319
f 323 160 161
f 323 161 321
f 325 159 160
f 325 160 323
f 327 157 158
f 327 158 159
f 327 159 325
f 330 156 157
f 330 157 327
f 331 156 330
f 333 155 156
f 333 156 331
f 335 153 155
f 335 155 333
f 335 355 134
f 335 134 153
f 355 132 134
f 354 132 355
f 354 130 132
f 356 130 354
f 356 128 130
f 357 128 356
f 357 126 128
f 358 126 357
f 358 124 126
f 359 124 358
f 359 122 124
f 360 122 359
f 360 120 122
f 361 120 360
f 361 118 120
f 362 118 361
f 362 116 118
f 363 114 116
f 363 116 362
f 364 112 114
f 364 114 363
f 365 112 364
f 366 108 110
f 366 110 112
f 366 112 365
f 367 106 108
f 367 108 366
f 368 104 106
f 368 106 367
f 369 103 104
f 369 104 368
f 370 103 369
f 371 105 101
f 371 101 103
f 371 103 370
f 372 107 105
f 372 105 371
f 373 109 107
f 373 107 372
f 374 111 109
f 374 109 373
f 375 113 111
f 375 111 374
f 376 113 375
f 377 115 113
f 377 113 376
f 378 117 115
f 378 115 377
f 379 117 378
f 379 121 119
f 379 119 117
f 380 121 379
f 381 123 121
f 381 121 380
f 382 123 381
f 382 127 125
f 382 125 123
f 383 127 382
f 383 129 127
f 384 129 383
f 385 131 129
f 385 129 384
f 386 150 133
f 386 133 131
f 386 131 385
f 388 150 386
f 389 148 149
f 389 149 150
f 389 150 388
f 390 148 389
f 391 146 147
f 391 147 148
f 391 148 390
f 392 145 146
f 392 146 391
f 393 144 145
f 393 145 392
f 394 143 144
f 394 144 393
f 395 143 394
f 396 141 142
f 396 142 143
f 396 143 395
f 397 141 396
f 398 139 140
f 398 140 141
f 398 141 397
f 399 139 398
f 400 138 139
f 400 139 399
f 401 136 137
f 401 137 138
f 401 138 400
f 402 136 401
f 99 100 136
f 99 136 402
f 3447 151 152
f 3448 151 3447
f 3449 151 3448
f 3450 151 3449
f 3451 151 3450
f 3452 151 3451
f 3453 151 3452
f 3454 151 3453
f 3455 151 3454
f 3456 151 3455
f 3457 151 3456
f 3458 151 3457
f 3459 151 3458
f 3460 151 3459
f 3461 151 3460
f 3462 151 3461
f 3463 151 3462
f 3464 151 3463
f 3465 151 3464
f 3466 151 3465
f 3467 3468 3469
f 3470 3468 3467
f 3471 3468 3470
f 3472 3468 3471
f 3473 3474 3475
f 3473 3476 3474
f 3477 3475 3474
f 3477 3474 3478
f 3479 3476 3473
f 3479 3466 3476
f 3479 151 3466
f 3480 3477 3478
f 3480 3478 3481
f 3480 3481 3482
f 3483 151 3479
f 3484 3480 3482
f 3484 3482 3485
f 3486 151 3483
f 3487 3484 3485
f 3488 151 3486
f 3489 3487 3485
f 3489 3485 3490
f 3491 151 3488
f 3492 3490 3493
f 3492 3489 3490
f 3494 151 3491
f 3495 3492 3493
f 3495 3493 3496
f 3497 151 3494
f 3498 3495 3496
f 3498 3496 3499
f 3500 151 3497
f 3501 3499 3502
f 3501 3502 3503
f 3501 3498 3499
f 3504 151 3500
f 3505 3501 3503
f 3506 151 3504
f 3507 3505 3503
f 3507 3503 3508
f 3509 151 3506
f 3510 3507 3508
f 3510 3508 3511
f 3512 151 3509
f 3513 3511 3514
f 3513 3510 3511
f 3515 3514 3516
f 3515 3516 3517
f 3515 3513 3514
f 3518 3515 3517
f 3519 151 3512
f 3520 3517 3521
f 3520 3521 3522
f 3520 3518 3517
f 3523 3522 3524
f 3523 3520 3522
f 3525 151 3519
f 3526 3524 3468
f 3526 3523 3524
f 3527 151 3525
f 3528 151 3527
f 3529 151 3528
f 3530 151 3529
f 3531 151 3530
f 3532 151 3531
f 3533 3526 3468
f 3534 151 3532
f 3535 151 3534
f 3536 3537 3533
f 3538 151 3535
f 3539 3536 3533
f 3540 151 3538
f 3541 3533 3468
f 3541 3468 3472
f 3541 3539 3533
f 3542 3472 3543
f 3542 3541 3472
f 3544 3543 3545
f 3544 3542 3543
f 3546 3547 3548
f 3549 3545 3550
f 3549 3550 3551
f 3549 3544 3545
f 3552 3547 3546
f 3553 3549 3551
f 3553 3551 3554
f 3555 3554 3556
f 3555 3556 3557
f 3555 3553 3554
f 3558 3559 3560
f 3558 3560 3561
f 3558 3561 3562
f 3563 3557 3564
f 3563 3555 3557
f 3565 3564 3566
f 3565 3566 3567
f 3565 3563 3564
f 3568 3559 3558
f 3569 3567 3559
f 3569 3565 3567
f 3570 3559 3568
f 3570 3569 3559
f 3571 3570 3568
f 3572 3573 3574
f 3575 3573 3572
f 3576 3573 3575
f 3577 3573 3576
f 3578 3579 3580
f 3581 3582 3579
f 3581 3579 3578
f 3583 3578 3580
f 3584 3585 3582
f 3584 3582 3581
f 3586 3580 3587
f 3586 3583 3580
f 3588 3589 3585
f 3588 3585 3584
f 3590 3587 3591
f 3590 3586 3587
f 3592 3593 3589
f 3592 3589 3588
f 3594 3591 3595
f 3594 3590 3591
f 3596 3597 3598
f 3596 3598 3593
f 3596 3593 3592
f 3599 3595 3600
f 3599 3600 3601
f 3599 3594 3595
f 3602 3597 3596
f 3603 3599 3601
f 3604 3605 3597
f 3604 3597 3602
f 3606 3601 3607
f 3606 3603 3601
f 3608 3609 3605
f 3608 3605 3604
f 3610 3607 3611
f 3610 3606 3607
f 3612 3613 3609
f 3612 3609 3608
f 3614 3611 3615
f 3614 3615 3616
f 3614 3610 3611
f 3617 3618 3613
f 3617 3613 3612
f 3619 3614 3616
f 3620 3621 3618
f 3620 3618 3617
f 3622 3616 3623
f 3622 3619 3616
f 3624 3552 3625
f 3624 3625 3621
f 3624 3621 3620
f 3626 3623 3627
f 3626 3622 3623
f 3628 3552 3624
f 3628 3547 3552
f 3629 3626 3627
f 3629 3627 3630
f 3629 3630 3631
f 3632 3631 3633
f 3632 3629 3631
f 3634 3632 3633
f 3635 3634 3633
f 3635 3633 3636
f 3635 3636 3637
f 3638 3635 3637
f 3638 3637 3639
f 3640 3628 3641
f 3642 3639 3573
f 3642 3638 3639
f 3643 3547 3628
f 3643 3628 3640
f 3644 3547 3643
f 3644 3540 3645
f 3644 3645 3547
f 3646 3540 3644
f 3646 151 3540
f 3647 151 3646
f 3648 151 3647
f 3649 151 3648
f 3650 3642 3573
f 3651 151 3649
f 3652 151 3651
f 3653 3654 3650
f 3655 3653 3650
f 3656 3650 3573
f 3656 3655 3650
f 3656 3573 3577
f 3657 3577 3658
f 3657 3656 3577
f 3659 3658 3660
f 3659 3657 3658
f 3661 3662 3663
f 3664 3660 3665
f 3664 3665 3666
f 3664 3659 3660
f 3667 3662 3661
f 3668 3664 3666
f 3668 3666 3669
f 3670 3669 3671
f 3670 3671 3672
f 3670 3668 3669
f 3673 3674 3675
f 3673 3675 3676
f 3673 3676 3677
f 3678 3672 3679
f 3678 3670 3672
f 3680 3678 3679
f 3680 3679 3681
f 3680 3681 3682
f 3683 3674 3673
f 3684 3682 3674
f 3684 3680 3682
f 3685 3684 3674
f 3685 3674 3683
f 3686 3685 3683
f 3687 3688 3689
f 3690 3688 3687
f 3691 3688 3690
f 3692 3688 3691
f 3693 3694 3695
f 3693 3695 3696
f 3697 3695 3698
f 3697 3696 3695
f 3699 3700 3694
f 3699 3694 3693
f 3701 3698 3702
f 3701 3702 3703
f 3701 3697 3698
f 3704 3705 3700
f 3704 3700 3699
f 3706 3701 3703
f 3707 3708 3705
f 3707 3705 3704
f 3709 3703 3710
f 3709 3706 3703
f 3711 3712 3713
f 3711 3713 3708
f 3711 3708 3707
f 3714 3709 3710
f 3714 3710 3715
f 3714 3715 3716
f 3717 3712 3711
f 3718 3714 3716
f 3719 3720 3712
f 3719 3712 3717
f 3721 3718 3716
f 3721 3716 3722
f 3721 3722 3723
f 3724 3725 3720
f 3724 3720 3719
f 3726 3721 3723
f 3727 3728 3725
f 3727 3725 3724
f 3729 3726 3723
f 3729 3723 3730
f 3729 3730 3731
f 3732 3733 3728
f 3732 3728 3727
f 3734 3729 3731
f 3735 3736 3733
f 3735 3733 3732
f 3737 3731 3738
f 3737 3734 3731
f 3739 3667 3740
f 3739 3740 3736
f 3739 3736 3735
f 3741 3738 3742
f 3741 3737 3738
f 3743 3667 3739
f 3743 3662 3667
f 3744 3741 3742
f 3744 3742 3745
f 3746 3745 3747
f 3746 3747 3748
f 3746 3744 3745
f 3749 3746 3748
f 3750 3748 3751
f 3750 3751 3752
f 3750 3749 3748
f 3753 3750 3752
f 3753 3752 3754
f 3755 3743 3756
f 3757 3753 3754
f 3758 3743 3755
f 3758 3662 3743
f 3759 3760 3761
f 3759 3761 3662
f 3759 3662 3758
f 3762 3760 3759
f 3763 3652 3764
f 3763 3764 3760
f 3763 3760 3762
f 3765 151 3652
f 3765 3652 3763
f 3766 151 3765
f 3767 3754 3688
f 3767 3757 3754
f 3768 151 3766
f 3769 3770 3767
f 3771 3769 3767
f 3772 3688 3692
f 3772 3767 3688
f 3772 3771 3767
f 3773 3772 3692
f 3773 3692 3774
f 3775 3773 3774
f 3775 3774 3776
f 3777 3775 3776
f 3777 3776 3778
f 3777 3778 3779
f 3780 3781 3782
f 3780 3782 3783
f 3784 3777 3779
f 3784 3779 3785
f 3786 3784 3785
f 3786 3785 3787
f 3786 3787 3788
f 3789 3790 3791
f 3789 3791 3792
f 3789 3792 3793
f 3794 3786 3788
f 3794 3788 3795
f 3796 3794 3795
f 3796 3795 3797
f 3796 3797 3798
f 3799 3790 3789
f 3800 3798 3790
f 3800 3796 3798
f 3801 3790 3799
f 3801 3800 3790
f 3802 3801 3799
f 3803 3804 3805
f 3806 3804 3803
f 3807 3804 3806
f 3808 3804 3807
f 3809 3810 3811
f 3812 3813 3814
f 3812 3814 3810
f 3812 3810 3809
f 3815 3811 3816
f 3815 3809 3811
f 3817 3813 3812
f 3818 3815 3816
f 3819 3813 3817
f 3819 3820 3813
f 3821 3816 3822
f 3821 3818 3816
f 3823 3820 3819
f 3823 3824 3820
f 3825 3822 3826
f 3825 3826 3827
f 3825 3821 3822
f 3828 3824 3823
f 3828 3829 3830
f 3828 3830 3824
f 3831 3825 3827
f 3832 3829 3828
f 3833 3831 3827
f 3833 3827 3834
f 3835 3829 3832
f 3835 3836 3829
f 3837 3834 3838
f 3837 3833 3834
f 3839 3836 3835
f 3839 3840 3836
f 3841 3838 3842
f 3841 3837 3838
f 3843 3840 3839
f 3843 3844 3840
f 3845 3842 3846
f 3845 3841 3842
f 3847 3844 3843
f 3847 3848 3844
f 3849 3846 3850
f 3849 3845 3846
f 3851 3848 3847
f 3851 3852 3848
f 3853 3850 3854
f 3853 3854 3855
f 3853 3849 3850
f 3856 3852 3851
f 3856 3780 3857
f 3856 3857 3852
f 3858 3853 3855
f 3859 3781 3780
f 3859 3780 3856
f 3860 3855 3861
f 3860 3858 3855
f 3862 3861 3863
f 3862 3860 3861
f 3864 3863 3865
f 3864 3862 3863
f 3866 3865 3867
f 3866 3864 3865
f 3868 3867 3869
f 3868 3869 3870
f 3868 3866 3867
f 3871 3859 3872
f 3873 3868 3870
f 3874 3781 3859
f 3874 3859 3871
f 3875 3781 3874
f 3875 3876 3781
f 3877 3876 3875
f 3877 3878 3879
f 3877 3879 3876
f 3880 3878 3877
f 3880 3881 3878
f 3882 3881 3880
f 3882 3768 3881
f 3883 3768 3882
f 3883 151 3768
f 3884 3873 3870
f 3884 3870 3804
f 3885 151 3883
f 3886 3887 3884
f 3888 3886 3884
f 3889 3884 3804
f 3889 3804 3808
f 3889 3888 3884
f 3890 3808 3891
f 3890 3889 3808
f 3892 3890 3891
f 3892 3891 3893
f 3894 3895 3896
f 3897 3893 3898
f 3897 3892 3893
f 3897 3898 3899
f 3900 3895 3894
f 3901 3897 3899
f 3901 3899 3902
f 3903 3901 3902
f 3903 3902 3904
f 3903 3904 3905
f 3906 3907 3908
f 3906 3908 3909
f 3906 3909 3910
f 3911 3903 3905
f 3911 3905 3912
f 3913 3912 3914
f 3913 3914 3915
f 3913 3911 3912
f 3916 3907 3906
f 3917 3915 3907
f 3917 3913 3915
f 3918 3907 3916
f 3918 3917 3907
f 3919 3918 3916
f 3920 3921 3922
f 3923 3921 3920
f 3924 3921 3923
f 3925 3921 3924
f 3926 3927 3928
f 3926 3929 3927
f 3930 3928 3927
f 3930 3927 3931
f 3932 3929 3926
f 3932 3933 3929
f 3934 3930 3931
f 3934 3931 3935
f 3936 3933 3932
f 3936 3937 3938
f 3936 3938 3933
f 3939 3934 3935
f 3939 3935 3940
f 3939 3940 3941
f 3942 3937 3936
f 3943 3939 3941
f 3943 3941 3944
f 3945 3937 3942
f 3945 3946 3937
f 3947 3943 3944
f 3948 3949 3946
f 3948 3946 3945
f 3950 3947 3944
f 3950 3944 3951
f 3952 3953 3949
f 3952 3949 3948
f 3954 3950 3951
f 3954 3951 3955
f 3956 3957 3953
f 3956 3953 3952
f 3958 3954 3955
f 3958 3955 3959
f 3960 3961 3957
f 3960 3957 3956
f 3962 3958 3959
f 3962 3959 3963
f 3964 3965 3961
f 3964 3961 3960
f 3966 3962 3963
f 3966 3963 3967
f 3968 3969 3965
f 3968 3965 3964
f 3970 3966 3967
f 3970 3967 3971
f 3972 3969 3968
f 3972 3973 3969
f 3974 3970 3971
f 3974 3971 3975
f 3976 3973 3972
f 3976 3895 3900
f 3976 3900 3973
f 3977 3974 3975
f 3977 3975 3978
f 3979 3977 3978
f 3979 3978 3980
f 3981 3980 3982
f 3981 3979 3980
f 3983 3982 3984
f 3983 3984 3985
f 3983 3981 3982
f 3986 3985 3987
f 3986 3983 3985
f 3988 3976 3989
f 3990 3986 3987
f 3991 3976 3988
f 3991 3895 3976
f 3992 3895 3991
f 3992 3993 3895
f 3994 3995 3996
f 3994 3996 3993
f 3994 3993 3992
f 3997 3995 3994
f 3998 3885 3999
f 3998 3999 3995
f 3998 3995 3997
f 4000 3885 3998
f 4000 151 3885
f 4001 3990 3987
f 4001 3987 3921
f 4002 151 4000
f 4003 4004 4001
f 4005 4003 4001
f 4006 4001 3921
f 4006 4005 4001
f 4006 3921 3925
f 4007 4006 3925
f 4007 3925 4008
f 4009 4008 4010
f 4009 4007 4008
f 4011 4010 4012
f 4011 4012 4013
f 4011 4009 4010
f 4014 4015 4016
f 4014 4016 4017
f 4018 4011 4013
f 4018 4013 4019
f 4020 4019 4021
f 4020 4021 4022
f 4020 4018 4019
f 4023 4024 4025
f 4023 4025 4026
f 4023 4026 4027
f 4028 4020 4022
f 4028 4022 4029
f 4030 4028 4029
f 4030 4029 4031
f 4030 4031 4032
f 4033 4024 4023
f 4034 4030 4032
f 4034 4032 4024
f 4035 4024 4033
f 4035 4034 4024
f 4036 4035 4033
f 4037 4038 4039
f 4040 4038 4037
f 4041 4038 4040
f 4042 4038 4041
f 4043 4044 4045
f 4043 4046 4044
f 4047 4045 4044
f 4047 4044 4048
f 4047 4048 4049
f 4050 4046 4043
f 4050 4051 4046
f 4052 4047 4049
f 4053 4054 4051
f 4053 4051 4050
f 4055 4049 4056
f 4055 4052 4049
f 4057 4058 4059
f 4057 4059 4054
f 4057 4054 4053
f 4060 4055 4056
f 4060 4056 4061
f 4060 4061 4062
f 4063 4058 4057
f 4064 4060 4062
f 4065 4066 4058
f 4065 4058 4063
f 4067 4064 4062
f 4067 4062 4068
f 4069 4066 4065
f 4069 4070 4071
f 4069 4071 4066
f 4072 4068 4073
f 4072 4067 4068
f 4074 4070 4069
f 4075 4072 4073
f 4075 4073 4076
f 4075 4076 4077
f 4078 4070 4074
f 4078 4079 4070
f 4080 4075 4077
f 4081 4079 4078
f 4081 4082 4079
f 4083 4080 4077
f 4083 4077 4084
f 4085 4082 4081
f 4085 4086 4082
f 4087 4083 4084
f 4087 4084 4088
f 4089 4086 4085
f 4089 4090 4086
f 4091 4088 4092
f 4091 4087 4088
f 4091 4092 4093
f 4094 4090 4089
f 4094 4014 4090
f 4094 4015 4014
f 4095 4091 4093
f 4096 4095 4093
f 4096 4093 4097
f 4098 4096 4097
f 4098 4097 4099
f 4100 4015 4094
f 4101 4098 4099
f 4101 4099 4102
f 4101 4102 4103
f 4104 4101 4103
f 4104 4103 4105
f 4106 4104 4105
f 4107 4015 4100
f 4107 4100 4108
f 4109 4015 4107
f 4109 4110 4015
f 4111 4110 4109
f 4111 4112 4110
f 4113 4112 4111
f 4113 4114 4112
f 4115 4114 4113
f 4115 4002 4116
f 4115 4116 4114
f 4117 4002 4115
f 4117 151 4002
f 4118 4106 4105
f 4118 4105 4038
f 4119 151 4117
f 4120 4121 4118
f 4122 4120 4118
f 4123 4038 4042
f 4123 4122 4118
f 4123 4118 4038
f 4124 4042 4125
f 4124 4123 4042
f 4126 4125 4127
f 4126 4124 4125
f 4128 4127 4129
f 4128 4129 4130
f 4128 4126 4127
f 4131 4132 4133
f 4131 4133 4134
f 4135 4128 4130
f 4135 4130 4136
f 4137 4135 4136
f 4137 4136 4138
f 4137 4138 4139
f 4140 4141 4142
f 4140 4142 4143
f 4140 4143 4144
f 4145 4137 4139
f 4145 4139 4146
f 4147 4145 4146
f 4147 4146 4148
f 4147 4148 4149
f 4150 4141 4140
f 4151 4147 4149
f 4151 4149 4141
f 4152 4141 4150
f 4152 4151 4141
f 4153 4152 4150
f 4154 4155 4156
f 4157 4155 4154
f 4158 4155 4157
f 4159 4155 4158
f 4160 4161 4162
f 4160 4162 4163
f 4164 4162 4165
f 4164 4165 4166
f 4164 4163 4162
f 4167 4161 4160
f 4167 4168 4169
f 4167 4169 4161
f 4170 4164 4166
f 4171 4168 4167
f 4172 4170 4166
f 4172 4166 4173
f 4174 4175 4168
f 4174 4168 4171
f 4176 4172 4173
f 4176 4173 4177
f 4176 4177 4178
f 4179 4175 4174
f 4179 4180 4175
f 4181 4176 4178
f 4182 4180 4179
f 4182 4183 4180
f 4184 4181 4178
f 4184 4178 4185
f 4184 4185 4186
f 4187 4183 4182
f 4187 4188 4189
f 4187 4189 4183
f 4190 4184 4186
f 4191 4188 4187
f 4192 4186 4193
f 4192 4193 4194
f 4192 4190 4186
f 4195 4188 4191
f 4195 4196 4197
f 4195 4197 4188
f 4198 4192 4194
f 4198 4194 4199
f 4200 4196 4195
f 4201 4198 4199
f 4202 4203 4196
f 4202 4196 4200
f 4204 4201 4199
f 4204 4199 4205
f 4204 4205 4206
f 4207 4208 4203
f 4207 4203 4202
f 4209 4204 4206
f 4209 4206 4210
f 4211 4132 4131
f 4211 4208 4207
f 4211 4131 4208
f 4212 4209 4210
f 4212 4210 4213
f 4214 4212 4213
f 4215 4214 4213
f 4215 4213 4216
f 4217 4216 4218
f 4217 4218 4219
f 4217 4215 4216
f 4220 4217 4219
f 4221 4211 4222
f 4223 4224 4155
f 4223 4219 4224
f 4223 4220 4219
f 4225 4211 4221
f 4225 4132 4211
f 4226 4227 4132
f 4226 4132 4225
f 4228 4227 4226
f 4228 4229 4230
f 4228 4230 4227
f 4231 4232 4229
f 4231 4229 4228
f 4233 4232 4231
f 4233 4119 4232
f 4234 4119 4233
f 4234 151 4119
f 4235 4223 4155
f 4236 151 4234
f 4237 4238 4235
f 4239 4237 4235
f 4240 4155 4159
f 4240 4239 4235
f 4240 4235 4155
f 4241 4240 4159
f 4241 4159 4242
f 4243 4241 4242
f 4243 4242 4244
f 4245 4246 4247
f 4248 4244 4249
f 4248 4249 4250
f 4248 4243 4244
f 4251 4246 4245
f 4252 4250 4253
f 4252 4248 4250
f 4254 4253 4255
f 4254 4255 4256
f 4254 4252 4253
f 4257 4258 4259
f 4257 4259 4260
f 4257 4260 4261
f 4262 4256 4263
f 4262 4254 4256
f 4264 4263 4265
f 4264 4265 4266
f 4264 4262 4263
f 4267 4258 4257
f 4268 4264 4266
f 4268 4266 4258
f 4269 4268 4258
f 4269 4258 4267
f 4270 4269 4267
f 4271 4272 4273
f 4274 4272 4271
f 4275 4272 4274
f 4276 4272 4275
f 4277 4278 4279
f 4280 4278 4277
f 4281 4279 4282
f 4281 4277 4279
f 4283 4284 4285
f 4283 4285 4278
f 4283 4278 4280
f 4286 4281 4282
f 4286 4282 4287
f 4288 4284 4283
f 4289 4287 4290
f 4289 4286 4287
f 4291 4284 4288
f 4291 4292 4284
f 4293 4290 4294
f 4293 4294 4295
f 4293 4289 4290
f 4296 4297 4292
f 4296 4292 4291
f 4298 4293 4295
f 4299 4300 4297
f 4299 4297 4296
f 4301 4298 4295
f 4301 4295 4302
f 4303 4300 4299
f 4303 4304 4300
f 4305 4302 4306
f 4305 4301 4302
f 4307 4308 4304
f 4307 4304 4303
f 4309 4305 4306
f 4309 4306 4310
f 4311 4308 4307
f 4311 4312 4308
f 4313 4310 4314
f 4313 4309 4310
f 4315 4316 4312
f 4315 4312 4311
f 4317 4314 4318
f 4317 4313 4314
f 4319 4320 4316
f 4319 4316 4315
f 4321 4318 4322
f 4321 4322 4323
f 4321 4317 4318
f 4324 4325 4320
f 4324 4320 4319
f 4326 4321 4323
f 4327 4251 4325
f 4327 4246 4251
f 4327 4325 4324
f 4328 4326 4323
f 4328 4323 4329
f 4330 4329 4331
f 4330 4328 4329
f 4332 4330 4331
f 4332 4331 4333
f 4334 4332 4333
f 4334 4333 4335
f 4336 4334 4335
f 4336 4335 4337
f 4338 4327 4339
f 4340 4341 4272
f 4340 4336 4337
f 4340 4337 4341
f 4342 4327 4338
f 4342 4246 4327
f 4343 4246 4342
f 4343 4344 4246
f 4345 4344 4343
f 4345 4346 4347
f 4345 4347 4344
f 4348 4346 4345
f 4349 4346 4348
f 4349 4236 4350
f 4349 4350 4346
f 4351 4236 4349
f 4351 151 4236
f 4352 4340 4272
f 4353 151 4351
f 4354 4355 4352
f 4356 4354 4352
f 4357 4352 4272
f 4357 4272 4276
f 4357 4356 4352
f 4358 4276 4359
f 4358 4357 4276
f 4360 4359 4361
f 4360 4358 4359
f 4362 4361 4363
f 4362 4363 4364
f 4362 4360 4361
f 4365 4366 4367
f 4365 4367 4368
f 4369 4364 4370
f 4369 4362 4364
f 4371 4370 4372
f 4371 4372 4373
f 4371 4369 4370
f 4374 4375 4376
f 4374 4376 4377
f 4374 4377 4378
f 4379 4371 4373
f 4379 4373 4380
f 4381 4380 4382
f 4381 4382 4383
f 4381 4379 4380
f 4384 4375 4374
f 4385 4383 4375
f 4385 4381 4383
f 4386 4375 4384
f 4386 4385 4375
f 4387 4386 4384
f 4388 4389 4390
f 4391 4389 4388
f 4392 4389 4391
f 4393 4389 4392
f 4394 4395 4396
f 4397 4395 4394
f 4398 4396 4399
f 4398 4399 4400
f 4398 4394 4396
f 4401 4402 4403
f 4401 4403 4395
f 4401 4395 4397
f 4404 4398 4400
f 4405 4406 4402
f 4405 4402 4401
f 4407 4400 4408
f 4407 4408 4409
f 4407 4404 4400
f 4410 4406 4405
f 4411 4407 4409
f 4412 4413 4414
f 4412 4414 4406
f 4412 4406 4410
f 4415 4411 4409
f 4415 4409 4416
f 4417 4418 4413
f 4417 4413 4412
f 4419 4416 4420
f 4419 4415 4416
f 4421 4418 4417
f 4422 4420 4423
f 4422 4423 4424
f 4422 4419 4420
f 4425 4426 4418
f 4425 4418 4421
f 4427 4422 4424
f 4428 4426 4425
f 4428 4429 4426
f 4430 4427 4424
f 4430 4424 4431
f 4432 4433 4434
f 4432 4434 4429
f 4432 4429 4428
f 4435 4430 4431
f 4435 4431 4436
f 4435 4436 4437
f 4438 4433 4432
f 4439 4435 4437
f 4440 4441 4433
f 4440 4433 4438
f 4442 4437 4443
f 4442 4439 4437
f 4444 4441 4440
f 4444 4365 4441
f 4444 4366 4365
f 4445 4442 4443
f 4445 4443 4446
f 4447 4445 4446
f 4447 4446 4448
f 4447 4448 4449
f 4450 4447 4449
f 4450 4449 4451
f 4452 4450 4451
f 4453 4452 4451
f 4453 4451 4454
f 4455 4444 4456
f 4457 4454 4458
f 4457 4453 4454
f 4459 4366 4444
f 4459 4444 4455
f 4460 4461 4366
f 4460 4366 4459
f 4462 4463 4461
f 4462 4461 4460
f 4464 4465 4463
f 4464 4463 4462
f 4466 4353 4467
f 4466 4467 4465
f 4466 4465 4464
f 4468 151 4353
f 4468 4353 4466
f 4469 4458 4389
f 4469 4457 4458
f 4470 151 4468
f 4471 4472 4469
f 4473 4471 4469
f 4474 4389 4393
f 4474 4473 4469
f 4474 4469 4389
f 4475 4474 4393
f 4475 4393 4476
f 4477 4475 4476
f 4477 4476 4478
f 4479 4477 4478
f 4479 4478 4480
f 4479 4480 4481
f 4482 4483 4484
f 4482 4484 4485
f 4486 4479 4481
f 4486 4481 4487
f 4488 4487 4489
f 4488 4489 4490
f 4488 4486 4487
f 4491 4492 4493
f 4491 4493 4494
f 4491 4494 4495
f 4496 4490 4497
f 4496 4488 4490
f 4498 4497 4499
f 4498 4499 4500
f 4498 4496 4497
f 4501 4492 4491
f 4502 4500 4492
f 4502 4498 4500
f 4503 4492 4501
f 4503 4502 4492
f 4504 4503 4501
f 4505 4506 4507
f 4508 4506 4505
f 4509 4506 4508
f 4510 4506 4509
f 4511 4512 4513
f 4511 4513 4514
f 4515 4513 4516
f 4515 4516 4517
f 4515 4514 4513
f 4518 4519 4512
f 4518 4512 4511
f 4520 4515 4517
f 4521 4522 4519
f 4521 4519 4518
f 4523 4517 4524
f 4523 4524 4525
f 4523 4520 4517
f 4526 4527 4528
f 4526 4528 4522
f 4526 4522 4521
f 4529 4525 4530
f 4529 4523 4525
f 4531 4527 4526
f 4532 4530 4533
f 4532 4529 4530
f 4534 4535 4536
f 4534 4536 4527
f 4534 4527 4531
f 4537 4532 4533
f 4538 4535 4534
f 4539 4533 4540
f 4539 4537 4533
f 4541 4535 4538
f 4541 4542 4543
f 4541 4543 4535
f 4544 4540 4545
f 4544 4539 4540
f 4546 4542 4541
f 4547 4545 4548
f 4547 4544 4545
f 4549 4542 4546
f 4549 4550 4542
f 4551 4548 4552
f 4551 4547 4548
f 4553 4550 4549
f 4553 4554 4550
f 4555 4552 4556
f 4555 4551 4552
f 4557 4554 4553
f 4557 4558 4554
f 4559 4556 4560
f 4559 4555 4556
f 4561 4558 4557
f 4561 4482 4558
f 4562 4559 4560
f 4562 4560 4563
f 4564 4563 4565
f 4564 4562 4563
f 4566 4565 4567
f 4566 4564 4565
f 4568 4567 4569
f 4568 4566 4567
f 4570 4568 4569
f 4570 4569 4571
f 4572 4561 4573
f 4574 4570 4571
f 4574 4571 4575
f 4576 4483 4482
f 4576 4482 4561
f 4576 4561 4572
f 4577 4578 4579
f 4577 4579 4483
f 4577 4483 4576
f 4580 4578 4577
f 4581 4582 4578
f 4581 4578 4580
f 4583 4470 4584
f 4583 4584 4582
f 4583 4582 4581
f 4585 151 4470
f 4585 4470 4583
f 4586 4574 4575
f 4586 4575 4506
f 4587 151 4585
f 4588 4589 4586
f 4590 4588 4586
f 4591 4506 4510
f 4591 4586 4506
f 4591 4590 4586
f 4592 4591 4510
f 4592 4510 4593
f 4594 4592 4593
f 4594 4593 4595
f 4596 4594 4595
f 4596 4595 4597
f 4596 4597 4598
f 4599 4596 4598
f 4599 4598 4600
f 4601 4599 4600
f 4601 4600 4602
f 4601 4602 4603
f 4604 4605 4606
f 4604 4606 4607
f 4604 4607 4608
f 4609 4601 4603
f 4609 4603 4610
f 4611 4609 4610
f 4611 4610 4612
f 4611 4612 4613
f 4614 4605 4604
f 4615 4611 4613
f 4615 4613 4605
f 4616 4605 4614
f 4616 4615 4605
f 4617 4616 4614
f 4618 4619 4620
f 4621 4619 4618
f 4622 4619 4621
f 4623 4619 4622
f 4624 4625 4626
f 4624 4627 4625
f 4628 4626 4625
f 4628 4625 4629
f 4630 4627 4624
f 4630 4631 4632
f 4630 4632 4627
f 4633 4628 4629
f 4633 4629 4634
f 4635 4631 4630
f 4636 4633 4634
f 4636 4634 4637
f 4638 4631 4635
f 4638 4639 4631
f 4640 4636 4637
f 4640 4637 4641
f 4642 4639 4638
f 4642 4643 4639
f 4644 4640 4641
f 4644 4641 4645
f 4644 4645 4646
f 4647 4643 4642
f 4647 4648 4643
f 4649 4644 4646
f 4650 4648 4647
f 4650 4651 4648
f 4652 4649 4646
f 4652 4646 4653
f 4652 4653 4654
f 4655 4651 4650
f 4655 4656 4657
f 4655 4657 4651
f 4658 4652 4654
f 4659 4656 4655
f 4660 4658 4654
f 4660 4654 4661
f 4662 4663 4664
f 4662 4664 4656
f 4662 4656 4659
f 4665 4661 4666
f 4665 4660 4661
f 4667 4663 4662
f 4668 4666 4669
f 4668 4669 4670
f 4668 4665 4666
f 4671 4672 4663
f 4671 4663 4667
f 4673 4668 4670
f 4674 4675 4676
f 4674 4676 4677
f 4674 4677 4678
f 4674 4678 4672
f 4674 4672 4671
f 4679 4670 4680
f 4679 4673 4670
f 4681 4679 4680
f 4681 4680 4682
f 4683 4682 4684
f 4683 4681 4682
f 4683 4684 4685
f 4686 4683 4685
f 4687 4685 4688
f 4687 4686 4685
f 4689 4688 4690
f 4689 4687 4688
f 4691 4674 4692
f 4691 4692 4693
f 4691 4675 4674
f 4694 4675 4691
f 4694 4695 4696
f 4694 4696 4675
f 4697 4695 4694
f 4698 4699 4700
f 4698 4700 4695
f 4698 4695 4697
f 4701 4587 4699
f 4701 4699 4698
f 4702 4587 4701
f 4702 151 4587
f 4703 4689 4690
f 4703 4690 4619
f 4704 151 4702
f 4705 4706 4703
f 4707 4705 4703
f 4708 4703 4619
f 4708 4619 4623
f 4708 4707 4703
f 4709 4623 4710
f 4709 4708 4623
f 4711 4709 4710
f 4711 4710 4712
f 4713 4712 4714
f 4713 4714 4715
f 4713 4711 4712
f 4716 4717 4718
f 4716 4718 4719
f 4720 4715 4721
f 4720 4713 4715
f 4722 4720 4721
f 4722 4721 4723
f 4722 4723 4724
f 4725 4726 4727
f 4725 4727 4728
f 4725 4728 4729
f 4730 4724 4731
f 4730 4722 4724
f 4732 4731 4733
f 4732 4733 4734
f 4732 4730 4731
f 4735 4726 4725
f 4736 4732 4734
f 4736 4734 4726
f 4737 4726 4735
f 4737 4736 4726
f 4738 4737 4735
f 4739 4740 4741
f 4742 4740 4739
f 4743 4740 4742
f 4744 4740 4743
f 4745 4746 4747
f 4745 4748 4749
f 4745 4749 4746
f 4750 4747 4746
f 4750 4746 4751
f 4752 4748 4745
f 4752 4753 4748
f 4754 4750 4751
f 4754 4751 4755
f 4756 4753 4752
f 4757 4754 4755
f 4757 4755 4758
f 4757 4758 4759
f 4760 4761 4753
f 4760 4753 4756
f 4762 4757 4759
f 4763 4764 4761
f 4763 4761 4760
f 4765 4762 4759
f 4765 4759 4766
f 4767 4764 4763
f 4767 4768 4769
f 4767 4769 4764
f 4770 4765 4766
f 4770 4766 4771
f 4772 4768 4767
f 4772 4773 4768
f 4774 4770 4771
f 4774 4771 4775
f 4776 4773 4772
f 4777 4774 4775
f 4777 4775 4778
f 4777 4778 4779
f 4780 4773 4776
f 4780 4781 4773
f 4782 4779 4783
f 4782 4777 4779
f 4784 4781 4780
f 4784 4785 4781
f 4786 4783 4787
f 4786 4782 4783
f 4788 4785 4784
f 4788 4789 4785
f 4790 4786 4787
f 4791 4789 4788
f 4791 4792 4789
f 4793 4787 4794
f 4793 4790 4787
f 4795 4792 4791
f 4795 4717 4716
f 4795 4716 4792
f 4796 4794 4797
f 4796 4793 4794
f 4798 4797 4799
f 4798 4799 4800
f 4798 4796 4797
f 4801 4798 4800
f 4802 4800 4803
f 4802 4801 4800
f 4804 4803 4805
f 4804 4802 4803
f 4806 4795 4807
f 4808 4805 4809
f 4808 4804 4805
f 4808 4809 4740
f 4810 4717 4795
f 4810 4795 4806
f 4811 4812 4813
f 4811 4813 4717
f 4811 4717 4810
f 4814 4812 4811
f 4815 4816 4817
f 4815 4817 4812
f 4815 4812 4814
f 4818 4704 4816
f 4818 4816 4815
f 4819 151 4704
f 4819 4704 4818
f 4820 4808 4740
f 4821 151 4819
f 4822 4823 4820
f 4824 4822 4820
f 4825 4820 4740
f 4825 4740 4744
f 4825 4824 4820
f 4826 4744 4827
f 4826 4825 4744
f 4828 4827 4829
f 4828 4826 4827
f 4830 4831 4832
f 4833 4829 4834
f 4833 4834 4835
f 4833 4828 4829
f 4836 4831 4830
f 4837 4835 4838
f 4837 4833 4835
f 4839 4838 4840
f 4839 4840 4841
f 4839 4837 4838
f 4842 4843 4844
f 4842 4844 4845
f 4842 4845 4846
f 4847 4841 4848
f 4847 4839 4841
f 4849 4847 4848
f 4849 4848 4850
f 4849 4850 4851
f 4852 4843 4842
f 4853 4849 4851
f 4853 4851 4843
f 4854 4843 4852
f 4854 4853 4843
f 4855 4854 4852
f 4856 4857 4858
f 4859 4857 4856
f 4860 4857 4859
f 4861 4857 4860
f 4862 4863 4864
f 4862 4865 4866
f 4862 4866 4863
f 4867 4864 4863
f 4867 4863 4868
f 4869 4865 4862
f 4869 4870 4865
f 4871 4867 4868
f 4871 4868 4872
f 4873 4870 4869
f 4873 4874 4870
f 4875 4871 4872
f 4875 4872 4876
f 4877 4874 4873
f 4878 4875 4876
f 4878 4876 4879
f 4880 4874 4877
f 4880 4881 4874
f 4882 4878 4879
f 4882 4879 4883
f 4884 4881 4880
f 4884 4885 4886
f 4884 4886 4881
f 4887 4882 4883
f 4887 4883 4888
f 4889 4885 4884
f 4890 4887 4888
f 4890 4888 4891
f 4892 4893 4885
f 4892 4885 4889
f 4894 4890 4891
f 4894 4891 4895
f 4896 4893 4892
f 4896 4897 4898
f 4896 4898 4893
f 4899 4894 4895
f 4899 4895 4900
f 4899 4900 4901
f 4902 4897 4896
f 4903 4899 4901
f 4903 4901 4904
f 4905 4897 4902
f 4905 4906 4907
f 4905 4907 4897
f 4908 4903 4904
f 4909 4906 4905
f 4910 4908 4904
f 4910 4904 4911
f 4912 4831 4836
f 4912 4906 4909
f 4912 4836 4906
f 4913 4910 4911
f 4913 4911 4914
f 4915 4913 4914
f 4915 4914 4916
f 4917 4915 4916
f 4917 4916 4918
f 4919 4917 4918
f 4919 4918 4920
f 4921 4919 4920
f 4921 4920 4922
f 4921 4922 4923
f 4924 4921 4923
f 4925 4831 4912
f 4925 4912 4926
f 4925 4926 4927
f 4928 4929 4831
f 4928 4831 4925
f 4930 4929 4928
f 4930 4931 4929
f 4932 4931 4930
f 4932 4933 4931
f 4934 4933 4932
f 4934 4821 4935
f 4934 4935 4933
f 4936 151 4821
f 4936 4821 4934
f 4937 4923 4857
f 4937 4924 4923
f 4938 151 4936
f 4939 4940 4937
f 4941 4939 4937
f 4942 4941 4937
f 4942 4937 4857
f 4942 4857 4861
f 4943 4861 4944
f 4943 4942 4861
f 4945 4943 4944
f 4945 4944 4946
f 4947 4948 4949
f 4950 4946 4951
f 4950 4951 4952
f 4950 4945 4946
f 4953 4950 4952
f 4953 4952 4954
f 4955 4953 4954
f 4955 4954 4956
f 4955 4956 4957
f 4958 4959 4960
f 4958 4960 4961
f 4958 4961 4962
f 4963 4957 4964
f 4963 4955 4957
f 4965 4964 4966
f 4965 4966 4967
f 4965 4963 4964
f 4968 4959 4958
f 4969 4967 4959
f 4969 4965 4967
f 4970 4969 4959
f 4970 4959 4968
f 4971 4970 4968
f 4972 4973 4974
f 4975 4973 4972
f 4976 4973 4975
f 4977 4973 4976
f 4978 4979 4980
f 4978 4981 4982
f 4978 4982 4979
f 4983 4980 4979
f 4983 4979 4984
f 4985 4981 4978
f 4986 4983 4984
f 4986 4984 4987
f 4988 4981 4985
f 4988 4989 4981
f 4990 4986 4987
f 4990 4987 4991
f 4992 4993 4994
f 4992 4994 4989
f 4992 4989 4988
f 4995 4990 4991
f 4995 4991 4996
f 4997 4993 4992
f 4998 4995 4996
f 4998 4996 4999
f 5000 5001 4993
f 5000 4993 4997
f 5002 4998 4999
f 5002 4999 5003
f 5004 5001 5000
f 5004 5005 5001
f 5006 5002 5003
f 5006 5003 5007
f 5008 5009 5005
f 5008 5005 5004
f 5010 5006 5007
f 5010 5007 5011
f 5010 5011 5012
f 5013 5014 5009
f 5013 5009 5008
f 5015 5010 5012
f 5016 5014 5013
f 5016 5017 5014
f 5018 5015 5012
f 5018 5012 5019
f 5020 5021 5017
f 5020 5017 5016
f 5022 5018 5019
f 5022 5019 5023
f 5024 5025 5021
f 5024 5021 5020
f 5026 5023 5027
f 5026 5022 5023
f 5028 4948 4947
f 5028 5029 5025
f 5028 4947 5029
f 5028 5025 5024
f 5030 5026 5027
f 5030 5027 5031
f 5030 5031 5032
f 5033 5030 5032
f 5034 5032 5035
f 5034 5033 5032
f 5036 5034 5035
f 5036 5035 5037
f 5038 5036 5037
f 5038 5037 5039
f 5038 5039 5040
f 5041 5038 5040
f 5042 4948 5028
f 5042 5028 5043
f 5042 5043 5044
f 5045 4948 5042
f 5045 5046 4948
f 5047 5046 5045
f 5047 5048 5049
f 5047 5049 5046
f 5050 5048 5047
f 5050 5051 5048
f 5052 5051 5050
f 5052 4938 5051
f 5053 4938 5052
f 5054 5041 5040
f 5054 5040 4973
f 5055 5056 5054
f 5057 5055 5054
f 5058 4973 4977
f 5058 5057 5054
f 5058 5054 4973
f 5059 4977 5060
f 5059 5058 4977
f 5061 5060 5062
f 5061 5059 5060
f 5063 5064 5065
f 5066 5062 5067
f 5066 5067 5068
f 5066 5061 5062
f 5069 5064 5063
f 5070 5068 5071
f 5070 5066 5068
f 5072 5071 5073
f 5072 5073 5074
f 5072 5070 5071
f 5075 5076 5077
f 5075 5077 5078
f 5075 5078 5079
f 5080 5072 5074
f 5080 5074 5081
f 5082 5080 5081
f 5082 5081 5083
f 5082 5083 5084
f 5085 5076 5075
f 5086 5084 5076
f 5086 5082 5084
f 5087 5076 5085
f 5087 5086 5076
f 5088 5087 5085
f 5089 5090 5091
f 5092 5090 5089
f 5093 5090 5092
f 5094 5090 5093
f 5095 5096 5097
f 5095 5098 5096
f 5099 5097 5096
f 5099 5096 5100
f 5101 5102 5098
f 5101 5098 5095
f 5103 5099 5100
f 5103 5100 5104
f 5105 5106 5102
f 5105 5102 5101
f 5107 5104 5108
f 5107 5103 5104
f 5109 5110 5106
f 5109 5106 5105
f 5111 5107 5108
f 5111 5108 5112
f 5113 5114 5115
f 5113 5115 5110
f 5113 5110 5109
f 5116 5112 5117
f 5116 5111 5112
f 5118 5119 5114
f 5118 5114 5113
f 5120 5116 5117
f 5120 5117 5121
f 5120 5121 5122
f 5123 5119 5118
f 5124 5120 5122
f 5125 5126 5119
f 5125 5119 5123
f 5127 5124 5122
f 5127 5122 5128
f 5129 5130 5126
f 5129 5126 5125
f 5131 5128 5132
f 5131 5127 5128
f 5133 5130 5129
f 5133 5134 5130
f 5135 5131 5132
f 5135 5132 5136
f 5135 5136 5137
f 5138 5139 5134
f 5138 5134 5133
f 5140 5135 5137
f 5141 5139 5138
f 5141 5142 5139
f 5143 5137 5144
f 5143 5140 5137
f 5145 5069 5142
f 5145 5142 5141
f 5146 5144 5147
f 5146 5143 5144
f 5148 5146 5147
f 5148 5147 5149
f 5148 5149 5150
f 5151 5148 5150
f 5152 5150 5153
f 5152 5151 5150
f 5154 5152 5153
f 5154 5153 5155
f 5156 5145 5157
f 5158 5159 5090
f 5158 5155 5159
f 5158 5154 5155
f 5160 5145 5156
f 5160 5064 5069
f 5160 5069 5145
f 5161 5064 5160
f 5161 5162 5064
f 5163 5162 5161
f 5163 5164 5162
f 5165 5164 5163
f 5165 5166 5167
f 5165 5167 5164
f 5168 5166 5165
f 5168 5169 5166
f 5170 5169 5168
f 5171 5158 5090
f 5172 5173 5171
f 5174 5172 5171
f 5175 5171 5090
f 5175 5090 5094
f 5175 5174 5171
f 5176 5094 5177
f 5176 5175 5094
f 5178 5177 5179
f 5178 5176 5177
f 5180 5179 5181
f 5180 5181 5182
f 5180 5178 5179
f 5183 5184 5185
f 5183 5185 5186
f 5187 5182 5188
f 5187 5180 5182
f 5189 5187 5188
f 5189 5188 5190
f 5189 5190 5191
f 5192 5193 5194
f 5192 5194 5195
f 5192 5195 5196
f 5197 5191 5198
f 5197 5189 5191
f 5199 5198 5200
f 5199 5200 5201
f 5199 5197 5198
f 5202 5193 5192
f 5203 5201 5193
f 5203 5199 5201
f 5204 5203 5193
f 5204 5193 5202
f 5205 5204 5202
f 5206 5207 5208
f 5209 5207 5206
f 5210 5207 5209
f 5211 5207 5210
f 5212 5213 5214
f 5212 5215 5213
f 5216 5214 5213
f 5216 5213 5217
f 5218 5219 5215
f 5218 5215 5212
f 5220 5217 5221
f 5220 5221 5222
f 5220 5216 5217
f 5223 5224 5219
f 5223 5219 5218
f 5225 5220 5222
f 5226 5227 5224
f 5226 5224 5223
f 5228 5225 5222
f 5228 5222 5229
f 5230 5227 5226
f 5230 5231 5227
f 5232 5229 5233
f 5232 5228 5229
f 5234 5235 5236
f 5234 5236 5231
f 5234 5231 5230
f 5237 5232 5233
f 5237 5233 5238
f 5239 5235 5234
f 5240 5238 5241
f 5240 5237 5238
f 5242 5235 5239
f 5242 5243 5235
f 5244 5240 5241
f 5244 5241 5245
f 5244 5245 5246
f 5247 5248 5243
f 5247 5243 5242
f 5249 5244 5246
f 5249 5246 5250
f 5251 5252 5248
f 5251 5248 5247
f 5253 5249 5250
f 5254 5255 5256
f 5254 5256 5252
f 5254 5252 5251
f 5257 5250 5258
f 5257 5253 5250
f 5259 5255 5254
f 5260 5257 5258
f 5260 5258 5261
f 5262 5183 5255
f 5262 5255 5259
f 5262 5184 5183
f 5263 5260 5261
f 5263 5261 5264
f 5265 5264 5266
f 5265 5263 5264
f 5267 5265 5266
f 5267 5266 5268
f 5269 5267 5268
f 5269 5268 5270
f 5271 5270 5272
f 5271 5272 5273
f 5271 5269 5270
f 5274 5271 5273
f 5275 5262 5276
f 5275 5276 5277
f 5275 5184 5262
f 5278 5279 5184
f 5278 5184 5275
f 5280 5281 5282
f 5280 5282 5279
f 5280 5279 5278
f 5283 5281 5280
f 5284 5285 5286
f 5284 5286 5281
f 5284 5281 5283
f 5287 5285 5284
f 5288 5273 5207
f 5288 5274 5273
f 5289 5290 5288
f 5291 5289 5288
f 5292 5288 5207
f 5292 5207 5211
f 5292 5291 5288
f 5293 5211 5294
f 5293 5292 5211
f 5295 5294 5296
f 5295 5293 5294
f 5297 5295 5296
f 5297 5296 5298
f 5297 5298 5299
f 5300 5301 5302
f 5303 5299 5304
f 5303 5297 5299
f 5305 5304 5306
f 5305 5306 5307
f 5305 5303 5304
f 5308 5309 5310
f 5308 5310 5311
f 5308 5311 5312
f 5313 5307 5314
f 5313 5305 5307
f 5315 5314 5316
f 5315 5316 5317
f 5315 5313 5314
f 5318 5309 5308
f 5319 5317 5309
f 5319 5315 5317
f 5320 5319 5309
f 5320 5309 5318
f 5321 5320 5318
f 5322 5323 5324
f 5325 5323 5322
f 5326 5323 5325
f 5327 5323 5326
f 5328 5329 5330
f 5328 5331 5332
f 5328 5332 5329
f 5333 5330 5329
f 5333 5329 5334
f 5335 5331 5328
f 5336 5334 5337
f 5336 5333 5334
f 5338 5339 5331
f 5338 5331 5335
f 5340 5337 5341
f 5340 5336 5337
f 5342 5343 5344
f 5342 5344 5339
f 5342 5339 5338
f 5345 5340 5341
f 5345 5341 5346
f 5347 5343 5342
f 5348 5346 5349
f 5348 5345 5346
f 5350 5351 5352
f 5350 5352 5343
f 5350 5343 5347
f 5353 5349 5354
f 5353 5348 5349
f 5355 5356 5351
f 5355 5351 5350
f 5357 5354 5358
f 5357 5353 5354
f 5359 5356 5355
f 5360 5358 5361
f 5360 5361 5362
f 5360 5357 5358
f 5363 5364 5356
f 5363 5356 5359
f 5365 5360 5362
f 5366 5367 5368
f 5366 5368 5364
f 5366 5364 5363
f 5369 5362 5370
f 5369 5365 5362
f 5371 5372 5367
f 5371 5367 5366
f 5373 5370 5374
f 5373 5369 5370
f 5375 5372 5371
f 5376 5374 5377
f 5376 5377 5378
f 5376 5373 5374
f 5379 5372 5375
f 5379 5300 5372
f 5380 5378 5381
f 5380 5376 5378
f 5382 5380 5381
f 5383 5382 5381
f 5383 5381 5384
f 5385 5384 5386
f 5385 5383 5384
f 5387 5385 5386
f 5387 5386 5388
f 5389 5387 5388
f 5389 5388 5390
f 5391 5301 5300
f 5391 5300 5379
f 5391 5379 5392
f 5391 5392 5393
f 5391 5394 5301
f 5395 5394 5391
f 5395 5396 5394
f 5397 5396 5395
f 5397 5398 5396
f 5399 5398 5397
f 5399 5400 5398
f 5401 5400 5399
f 5401 5402 5403
f 5401 5403 5400
f 5404 5402 5401
f 5405 5389 5390
f 5405 5390 5323
f 5406 5407 5405
f 5408 5406 5405
f 5409 5408 5405
f 5409 5405 5323
f 5409 5323 5327
f 5410 5409 5327
f 5410 5327 5411
f 5412 5410 5411
f 5412 5411 5413
f 5414 5415 5416
f 5417 5413 5418
f 5417 5418 5419
f 5417 5412 5413
f 5420 5415 5414
f 5421 5417 5419
f 5421 5419 5422
f 5423 5421 5422
f 5423 5422 5424
f 5423 5424 5425
f 5426 5427 5428
f 5426 5428 5429
f 5426 5429 5430
f 5431 5423 5425
f 5431 5425 5432
f 5433 5431 5432
f 5433 5432 5434
f 5433 5434 5435
f 5436 5427 5426
f 5437 5435 5427
f 5437 5433 5435
f 5438 5427 5436
f 5438 5437 5427
f 5439 5438 5436
f 5440 5441 5442
f 5443 5441 5440
f 5444 5441 5443
f 5445 5441 5444
f 5446 5447 5448
f 5449 5447 5446
f 5449 5450 5447
f 5451 5446 5448
f 5452 5450 5449
f 5452 5453 5454
f 5452 5454 5450
f 5455 5451 5448
f 5455 5448 5456
f 5455 5456 5457
f 5458 5453 5452
f 5459 5455 5457
f 5460 5453 5458
f 5460 5461 5453
f 5462 5463 5464
f 5462 5459 5457
f 5462 5457 5463
f 5465 5461 5460
f 5465 5466 5461
f 5467 5462 5464
f 5468 5469 5470
f 5468 5470 5466
f 5468 5466 5465
f 5471 5464 5472
f 5471 5467 5464
f 5473 5469 5468
f 5474 5472 5475
f 5474 5471 5472
f 5476 5469 5473
f 5476 5477 5469
f 5478 5475 5479
f 5478 5479 5480
f 5478 5474 5475
f 5481 5477 5476
f 5481 5482 5477
f 5483 5478 5480
f 5483 5480 5484
f 5485 5482 5481
f 5485 5486 5482
f 5487 5483 5484
f 5488 5486 5485
f 5488 5489 5486
f 5490 5487 5484
f 5490 5484 5491
f 5492 5489 5488
f 5492 5493 5489
f 5494 5491 5495
f 5494 5495 5496
f 5494 5490 5491
f 5497 5493 5492
f 5497 5420 5493
f 5498 5494 5496
f 5499 5496 5500
f 5499 5498 5496
f 5501 5500 5502
f 5501 5499 5500
f 5503 5502 5504
f 5503 5501 5502
f 5505 5504 5506
f 5505 5503 5504
f 5507 5497 5508
f 5509 5506 5510
f 5509 5505 5506
f 5509 5510 5441
f 5511 5420 5497
f 5511 5415 5420
f 5511 5497 5507
f 5512 5513 5415
f 5512 5415 5511
f 5514 5515 5516
f 5514 5516 5513
f 5514 5513 5512
f 5517 5518 5515
f 5517 5515 5514
f 5519 5520 5518
f 5519 5518 5517
f 5521 5520 5519
f 5522 5509 5441
f 5523 5524 5522
f 5525 5523 5522
f 5526 5441 5445
f 5526 5522 5441
f 5526 5525 5522
f 5527 5526 5445
f 5527 5445 5528
f 5529 5528 5530
f 5529 5527 5528
f 5531 5530 5532
f 5531 5532 5533
f 5531 5529 5530
f 5534 5535 5536
f 5534 5536 5537
f 5538 5533 5539
f 5538 5531 5533
f 5540 5539 5541
f 5540 5541 5542
f 5540 5538 5539
f 5543 5544 5545
f 5543 5545 5546
f 5543 5546 5547
f 5548 5540 5542
f 5548 5542 5549
f 5550 5548 5549
f 5550 5549 5551
f 5550 5551 5552
f 5553 5544 5543
f 5554 5550 5552
f 5554 5552 5544
f 5555 5544 5553
f 5555 5554 5544
f 5556 5555 5553
f 5557 5558 5559
f 5560 5558 5557
f 5561 5558 5560
f 5562 5558 5561
f 5563 5564 5565
f 5563 5566 5564
f 5567 5565 5564
f 5567 5564 5568
f 5569 5566 5563
f 5569 5570 5566
f 5571 5567 5568
f 5571 5568 5572
f 5571 5572 5573
f 5574 5570 5569
f 5574 5575 5570
f 5576 5571 5573
f 5577 5575 5574
f 5577 5578 5575
f 5579 5576 5573
f 5579 5573 5580
f 5579 5580 5581
f 5582 5578 5577
f 5582 5583 5578
f 5584 5579 5581
f 5585 5583 5582
f 5585 5586 5583
f 5587 5584 5581
f 5587 5581 5588
f 5589 5586 5585
f 5589 5590 5591
f 5589 5591 5586
f 5592 5587 5588
f 5592 5588 5593
f 5594 5590 5589
f 5594 5595 5590
f 5596 5593 5597
f 5596 5592 5593
f 5598 5595 5594
f 5598 5599 5595
f 5600 5596 5597
f 5600 5597 5601
f 5602 5599 5598
f 5603 5600 5601
f 5603 5601 5604
f 5605 5599 5602
f 5605 5606 5599
f 5607 5603 5604
f 5607 5604 5608
f 5609 5606 5605
f 5609 5610 5606
f 5611 5607 5608
f 5611 5608 5612
f 5613 5610 5609
f 5613 5534 5610
f 5614 5611 5612
f 5614 5612 5615
f 5616 5614 5615
f 5616 5615 5617
f 5616 5617 5618
f 5619 5616 5618
f 5620 5619 5618
f 5620 5618 5621
f 5622 5620 5621
f 5622 5621 5623
f 5624 5613 5625
f 5626 5622 5623
f 5626 5623 5627
f 5628 5534 5613
f 5628 5613 5624
f 5628 5535 5534
f 5629 5535 5628
f 5629 5630 5535
f 5631 5632 5633
f 5631 5633 5630
f 5631 5630 5629
f 5634 5632 5631
f 5635 5636 5637
f 5635 5637 5632
f 5635 5632 5634
f 5638 5636 5635
f 5639 5626 5627
f 5639 5627 5558
f 5640 5641 5639
f 5642 5640 5639
f 5643 5639 5558
f 5643 5642 5639
f 5643 5558 5562
f 5644 5643 5562
f 5644 5562 5645
f 5646 5644 5645
f 5646 5645 5647
f 5648 5649 5650
f 5651 5646 5647
f 5651 5647 5652
f 5651 5652 5653
f 5654 5653 5655
f 5654 5651 5653
f 5656 5654 5655
f 5656 5655 5657
f 5656 5657 5658
f 5659 5660 5661
f 5659 5661 5662
f 5659 5662 5663
f 5664 5658 5665
f 5664 5656 5658
f 5666 5664 5665
f 5666 5665 5667
f 5666 5667 5668
f 5669 5660 5659
f 5670 5666 5668
f 5670 5668 5660
f 5671 5660 5669
f 5671 5670 5660
f 5672 5671 5669
f 5673 5674 5675
f 5676 5674 5673
f 5677 5674 5676
f 5678 5674 5677
f 5679 5680 5681
f 5679 5682 5680
f 5683 5681 5680
f 5683 5680 5684
f 5685 5682 5679
f 5685 5686 5687
f 5685 5687 5682
f 5688 5684 5689
f 5688 5683 5684
f 5690 5686 5685
f 5690 5691 5686
f 5692 5688 5689
f 5692 5689 5693
f 5694 5691 5690
f 5694 5695 5691
f 5696 5692 5693
f 5696 5693 5697
f 5698 5695 5694
f 5699 5696 5697
f 5699 5697 5700
f 5701 5695 5698
f 5701 5702 5703
f 5701 5703 5695
f 5704 5699 5700
f 5704 5700 5705
f 5706 5702 5701
f 5706 5707 5702
f 5708 5704 5705
f 5708 5705 5709
f 5710 5707 5706
f 5711 5708 5709
f 5711 5709 5712
f 5713 5707 5710
f 5713 5714 5707
f 5715 5711 5712
f 5715 5712 5716
f 5717 5718 5719
f 5717 5719 5714
f 5717 5714 5713
f 5720 5715 5716
f 5720 5716 5721
f 5722 5723 5718
f 5722 5718 5717
f 5724 5720 5721
f 5724 5721 5725
f 5724 5725 5726
f 5727 5723 5722
f 5728 5724 5726
f 5728 5726 5729
f 5730 5649 5648
f 5730 5731 5723
f 5730 5723 5727
f 5730 5648 5731
f 5732 5728 5729
f 5732 5729 5733
f 5734 5732 5733
f 5734 5733 5735
f 5736 5734 5735
f 5737 5735 5738
f 5737 5738 5739
f 5737 5736 5735
f 5740 5737 5739
f 5741 5730 5742
f 5743 5740 5739
f 5743 5739 5744
f 5745 5730 5741
f 5745 5649 5730
f 5746 5747 5748
f 5746 5748 5649
f 5746 5649 5745
f 5749 5747 5746
f 5750 5747 5749
f 5750 5751 5752
f 5750 5752 5747
f 5753 5751 5750
f 5753 5754 5751
f 5755 5754 5753
f 5756 5744 5674
f 5756 5743 5744
f 5757 5758 5756
f 5759 5757 5756
f 5760 5674 5678
f 5760 5759 5756
f 5760 5756 5674
f 5761 5678 5762
f 5761 5760 5678
f 5763 5762 5764
f 5763 5761 5762
f 5765 5764 5766
f 5765 5766 5767
f 5765 5763 5764
f 5768 5769 5770
f 5768 5770 5771
f 5772 5767 5773
f 5772 5765 5767
f 5774 5773 5775
f 5774 5775 5776
f 5774 5772 5773
f 5777 5778 5779
f 5777 5779 5780
f 5777 5780 5781
f 5782 5774 5776
f 5782 5776 5783
f 5784 5783 5785
f 5784 5785 5786
f 5784 5782 5783
f 5787 5778 5777
f 5788 5786 5778
f 5788 5784 5786
f 5789 5788 5778
f 5789 5778 5787
f 5790 5789 5787
f 5791 5792 5793
f 5794 5792 5791
f 5795 5792 5794
f 5796 5792 5795
f 5797 5798 5799
f 5800 5801 5798
f 5800 5798 5797
f 5802 5797 5799
f 5803 5804 5801
f 5803 5801 5800
f 5805 5802 5799
f 5805 5799 5806
f 5807 5804 5803
f 5807 5808 5804
f 5809 5806 5810
f 5809 5805 5806
f 5811 5812 5813
f 5811 5813 5808
f 5811 5808 5807
f 5814 5810 5815
f 5814 5809 5810
f 5816 5812 5811
f 5817 5815 5818
f 5817 5814 5815
f 5819 5820 5812
f 5819 5812 5816
f 5821 5817 5818
f 5821 5818 5822
f 5823 5824 5820
f 5823 5820 5819
f 5825 5822 5826
f 5825 5821 5822
f 5827 5828 5824
f 5827 5824 5823
f 5829 5826 5830
f 5829 5825 5826
f 5831 5832 5833
f 5831 5833 5828
f 5831 5828 5827
f 5834 5829 5830
f 5834 5830 5835
f 5836 5832 5831
f 5837 5835 5838
f 5837 5834 5835
f 5839 5840 5841
f 5839 5841 5832
f 5839 5832 5836
f 5842 5838 5843
f 5842 5837 5838
f 5844 5840 5839
f 5845 5843 5846
f 5845 5846 5847
f 5845 5842 5843
f 5848 5768 5840
f 5848 5840 5844
f 5849 5845 5847
f 5849 5847 5850
f 5851 5849 5850
f 5852 5851 5850
f 5852 5850 5853
f 5852 5853 5854
f 5855 5768 5848
f 5856 5852 5854
f 5856 5854 5857
f 5858 5856 5857
f 5859 5769 5768
f 5859 5768 5855
f 5860 5857 5861
f 5860 5858 5857
f 5862 5769 5859
f 5863 5769 5862
f 5863 5864 5865
f 5863 5865 5769
f 5866 5864 5863
f 5867 5864 5866
f 5867 5868 5864
f 5869 5868 5867
f 5869 5870 5871
f 5869 5871 5868
f 5872 5870 5869
f 5873 5861 5792
f 5873 5860 5861
f 5874 5875 5873
f 5876 5874 5873
f 5877 5876 5873
f 5877 5873 5792
f 5877 5792 5796
f 5878 5796 5879
f 5878 5877 5796
f 5880 5879 5881
f 5880 5878 5879
f 5882 5881 5883
f 5882 5883 5884
f 5882 5880 5881
f 5885 5886 5887
f 5888 5884 5889
f 5888 5882 5884
f 5890 5889 5891
f 5890 5891 5892
f 5890 5888 5889
f 5893 5894 5895
f 5893 5895 5896
f 5893 5896 5897
f 5898 5890 5892
f 5898 5892 5899
f 5900 5899 5901
f 5900 5898 5899
f 5900 5901 5902
f 5903 5894 5893
f 5904 5900 5902
f 5904 5902 5894
f 5905 5904 5894
f 5905 5894 5903
f 5906 5905 5903
f 5907 5908 5909
f 5910 5908 5907
f 5911 5908 5910
f 5912 5908 5911
f 5913 5914 5915
f 5913 5915 5916
f 5917 5915 5918
f 5917 5918 5919
f 5917 5916 5915
f 5920 5921 5914
f 5920 5914 5913
f 5922 5917 5919
f 5923 5924 5921
f 5923 5921 5920
f 5925 5922 5919
f 5925 5919 5926
f 5927 5928 5924
f 5927 5924 5923
f 5929 5925 5926
f 5929 5926 5930
f 5931 5932 5928
f 5931 5928 5927
f 5933 5929 5930
f 5933 5930 5934
f 5935 5932 5931
f 5935 5936 5932
f 5937 5933 5934
f 5937 5934 5938
f 5937 5938 5939
f 5940 5941 5936
f 5940 5936 5935
f 5942 5939 5943
f 5942 5937 5939
f 5944 5941 5940
f 5944 5945 5941
f 5946 5942 5943
f 5947 5948 5945
f 5947 5945 5944
f 5949 5946 5943
f 5949 5943 5950
f 5951 5952 5948
f 5951 5948 5947
f 5953 5949 5950
f 5953 5950 5954
f 5953 5954 5955
f 5956 5952 5951
f 5956 5957 5952
f 5958 5953 5955
f 5959 5960 5957
f 5959 5957 5956
f 5961 5955 5962
f 5961 5958 5955
f 5963 5885 5960
f 5963 5960 5959
f 5963 5886 5885
f 5964 5961 5962
f 5964 5962 5965
f 5964 5965 5966
f 5967 5964 5966
f 5968 5967 5966
f 5968 5966 5969
f 5968 5969 5970
f 5971 5886 5963
f 5972 5968 5970
f 5973 5970 5974
f 5973 5972 5970
f 5975 5976 5886
f 5975 5886 5971
f 5977 5973 5974
f 5977 5974 5978
f 5979 5976 5975
f 5980 5976 5979
f 5980 5981 5976
f 5982 5983 5981
f 5982 5981 5980
f 5984 5985 5983
f 5984 5983 5982
f 5986 5987 5988
f 5986 5988 5985
f 5986 5985 5984
f 5989 5987 5986
f 5990 5978 5908
f 5990 5977 5978
f 5991 5992 5990
f 5993 5991 5990
f 5994 5990 5908
f 5994 5908 5912
f 5994 5993 5990
f 5995 5912 5996
f 5995 5994 5912
f 5997 5996 5998
f 5997 5995 5996
f 5999 5997 5998
f 5999 5998 6000
f 5999 6000 6001
f 6002 6003 6004
f 6002 6004 6005
f 6006 6001 6007
f 6006 5999 6001
f 6008 6007 6009
f 6008 6009 6010
f 6008 6006 6007
f 6011 6012 6013
f 6011 6013 6014
f 6011 6014 6015
f 6016 6010 6017
f 6016 6008 6010
f 6018 6017 6019
f 6018 6019 6020
f 6018 6016 6017
f 6021 6012 6011
f 6022 6018 6020
f 6022 6020 6012
f 6023 6012 6021
f 6023 6022 6012
f 6024 6023 6021
f 6025 6026 6027
f 6028 6026 6025
f 6029 6026 6028
f 6030 6026 6029
f 6031 6032 6033
f 6034 6032 6031
f 6035 6033 6036
f 6035 6036 6037
f 6035 6031 6033
f 6038 6039 6032
f 6038 6032 6034
f 6040 6035 6037
f 6041 6042 6039
f 6041 6039 6038
f 6043 6037 6044
f 6043 6040 6037
f 6045 6046 6042
f 6045 6042 6041
f 6047 6044 6048
f 6047 6043 6044
f 6049 6050 6051
f 6049 6051 6046
f 6049 6046 6045
f 6052 6047 6048
f 6052 6048 6053
f 6052 6053 6054
f 6055 6050 6049
f 6056 6052 6054
f 6057 6058 6050
f 6057 6050 6055
f 6059 6056 6054
f 6059 6054 6060
f 6061 6062 6058
f 6061 6058 6057
f 6063 6060 6064
f 6063 6059 6060
f 6065 6066 6062
f 6065 6062 6061
f 6067 6064 6068
f 6067 6063 6064
f 6069 6066 6065
f 6069 6070 6071
f 6069 6071 6066
f 6072 6068 6073
f 6072 6067 6068
f 6074 6070 6069
f 6075 6073 6076
f 6075 6072 6073
f 6077 6078 6070
f 6077 6070 6074
f 6079 6076 6080
f 6079 6075 6076
f 6081 6002 6078
f 6081 6078 6077
f 6082 6080 6083
f 6082 6083 6084
f 6082 6079 6080
f 6085 6082 6084
f 6086 6084 6087
f 6086 6087 6088
f 6086 6085 6084
f 6089 6086 6088
f 6089 6088 6090
f 6091 6089 6090
f 6092 6002 6081
f 6092 6081 6093
f 6094 6090 6095
f 6094 6091 6090
f 6096 6003 6002
f 6096 6002 6092
f 6097 6098 6003
f 6097 6003 6096
f 6099 6100 6101
f 6099 6101 6098
f 6099 6098 6097
f 6102 6100 6099
f 6103 6100 6102
f 6103 6104 6105
f 6103 6105 6100
f 6106 6104 6103
f 6107 6095 6026
f 6107 6094 6095
f 6108 6109 6107
f 6110 6108 6107
f 6111 6026 6030
f 6111 6107 6026
f 6111 6110 6107
f 6112 6111 6030
f 6112 6030 6113
f 6114 6112 6113
f 6114 6113 6115
f 6116 6117 6118
f 6119 6114 6115
f 6119 6115 6120
f 6119 6120 6121
f 6122 6119 6121
f 6122 6121 6123
f 6124 6122 6123
f 6124 6123 6125
f 6124 6125 6126
f 6127 6128 6129
f 6127 6129 6130
f 6127 6130 6131
f 6132 6124 6126
f 6132 6126 6133
f 6134 6132 6133
f 6134 6133 6135
f 6134 6135 6136
f 6137 6128 6127
f 6138 6134 6136
f 6138 6136 6128
f 6139 6128 6137
f 6139 6138 6128
f 6140 6139 6137
f 6141 6142 6143
f 6144 6142 6141
f 6145 6142 6144
f 6146 6142 6145
f 6147 6148 6149
f 6147 6149 6150
f 6151 6148 6147
f 6151 6152 6148
f 6153 6150 6154
f 6153 6147 6150
f 6155 6152 6151
f 6156 6153 6154
f 6157 6152 6155
f 6157 6158 6152
f 6159 6154 6160
f 6159 6156 6154
f 6161 6158 6157
f 6161 6162 6163
f 6161 6163 6158
f 6164 6160 6165
f 6164 6159 6160
f 6166 6162 6161
f 6167 6165 6168
f 6167 6164 6165
f 6169 6162 6166
f 6169 6170 6162
f 6171 6168 6172
f 6171 6167 6168
f 6173 6170 6169
f 6173 6174 6175
f 6173 6175 6170
f 6176 6172 6177
f 6176 6177 6178
f 6176 6171 6172
f 6179 6174 6173
f 6180 6176 6178
f 6181 6174 6179
f 6181 6182 6174
f 6183 6178 6184
f 6183 6180 6178
f 6185 6186 6187
f 6185 6187 6182
f 6185 6182 6181
f 6188 6184 6189
f 6188 6183 6184
f 6190 6186 6185
f 6191 6189 6192
f 6191 6188 6189
f 6193 6186 6190
f 6193 6194 6186
f 6195 6192 6196
f 6195 6191 6192
f 6197 6194 6193
f 6197 6117 6116
f 6197 6116 6198
f 6197 6198 6194
f 6199 6196 6200
f 6199 6195 6196
f 6201 6200 6202
f 6201 6199 6200
f 6203 6202 6204
f 6203 6201 6202
f 6205 6117 6197
f 6206 6203 6204
f 6206 6204 6207
f 6206 6207 6208
f 6209 6206 6208
f 6210 6209 6208
f 6210 6208 6211
f 6210 6211 6142
f 6212 6117 6205
f 6212 6205 6213
f 6214 6215 6117
f 6214 6117 6212
f 6216 6215 6214
f 6216 6217 6218
f 6216 6218 6215
f 6219 6217 6216
f 6220 6221 6217
f 6220 6217 6219
f 6222 6210 6142
f 6223 6224 6222
f 6225 6223 6222
f 6226 6142 6146
f 6226 6222 6142
f 6226 6225 6222
f 6227 6226 6146
f 6227 6146 6228
f 6229 6227 6228
f 6229 6228 6230
f 6231 6229 6230
f 6231 6230 6232
f 6231 6232 6233
f 6234 6235 6236
f 6234 6236 6237
f 6238 6231 6233
f 6238 6233 6239
f 6240 6239 6241
f 6240 6241 6242
f 6240 6238 6239
f 6243 6244 6245
f 6243 6245 6246
f 6243 6246 6247
f 6248 6240 6242
f 6248 6242 6249
f 6250 6248 6249
f 6250 6249 6251
f 6250 6251 6252
f 6253 6244 6243
f 6254 6250 6252
f 6254 6252 6244
f 6255 6244 6253
f 6255 6254 6244
f 6256 6255 6253
f 6257 6258 6259
f 6260 6258 6257
f 6261 6258 6260
f 6262 6258 6261
f 6263 6264 6265
f 6263 6266 6264
f 6267 6265 6264
f 6267 6264 6268
f 6269 6270 6266
f 6269 6266 6263
f 6271 6268 6272
f 6271 6267 6268
f 6273 6270 6269
f 6273 6274 6270
f 6275 6272 6276
f 6275 6271 6272
f 6277 6274 6273
f 6277 6278 6274
f 6279 6275 6276
f 6279 6276 6280
f 6279 6280 6281
f 6282 6278 6277
f 6282 6283 6278
f 6284 6279 6281
f 6285 6283 6282
f 6285 6286 6283
f 6287 6284 6281
f 6287 6281 6288
f 6289 6286 6285
f 6289 6290 6291
f 6289 6291 6286
f 6292 6287 6288
f 6292 6288 6293
f 6294 6290 6289
f 6294 6295 6290
f 6296 6292 6293
f 6296 6293 6297
f 6298 6295 6294
f 6299 6296 6297
f 6299 6297 6300
f 6299 6300 6301
f 6302 6295 6298
f 6302 6303 6304
f 6302 6304 6295
f 6305 6299 6301
f 6306 6303 6302
f 6307 6305 6301
f 6307 6301 6308
f 6309 6303 6306
f 6309 6310 6303
f 6311 6307 6308
f 6311 6308 6312
f 6313 6310 6309
f 6313 6235 6234
f 6313 6234 6310
f 6314 6311 6312
f 6314 6312 6315
f 6314 6315 6316
f 6317 6314 6316
f 6318 6317 6316
f 6318 6316 6319
f 6320 6319 6321
f 6320 6318 6319
f 6322 6321 6323
f 6322 6320 6321
f 6324 6313 6325
f 6326 6323 6327
f 6326 6322 6323
f 6326 6327 6258
f 6328 6235 6313
f 6328 6313 6324
f 6329 6235 6328
f 6329 6330 6235
f 6331 6330 6329
f 6331 6332 6330
f 6333 6326 6258
f 6334 6335 6333
f 6336 6334 6333
f 6337 6336 6333
f 6337 6333 6258
f 6337 6258 6262
f 6338 6262 6339
f 6338 6337 6262
f 6340 6339 6341
f 6340 6338 6339
f 6342 6341 6343
f 6342 6343 6344
f 6342 6340 6341
f 6345 6342 6344
f 6345 6344 6346
f 6347 6345 6346
f 6347 6346 6348
f 6347 6348 6349
f 6350 6351 6352
f 6350 6352 6353
f 6350 6353 6354
f 6355 6347 6349
f 6355 6349 6356
f 6357 6356 6358
f 6357 6358 6359
f 6357 6355 6356
f 6360 6351 6350
f 6361 6357 6359
f 6361 6359 6351
f 6362 6351 6360
f 6362 6361 6351
f 6363 6362 6360
f 6364 6365 6366
f 6367 6365 6364
f 6368 6365 6367
f 6369 6365 6368
f 403 6370 6371
f 403 5521 5636
f 403 6372 6373
f 403 6373 6374
f 403 6374 6332
f 403 6104 6106
f 403 6375 6372
f 403 6220 6375
f 403 5754 5755
f 403 5169 5170
f 403 5404 5520
f 403 6376 6221
f 403 5402 5404
f 403 6106 6376
f 403 4938 5053
f 403 6221 6220
f 403 5287 5402
f 403 5989 6104
f 403 6332 6331
f 403 5870 5872
f 403 5170 5285
f 403 5520 5521
f 403 6377 6378
f 403 6378 6379
f 403 6379 6380
f 403 5872 5987
f 403 5636 5638
f 403 6380 6381
f 403 5987 5989
f 403 6381 6382
f 403 6382 6383
f 403 6383 6384
f 403 6384 6385
f 403 6385 6386
f 403 6386 6387
f 403 6387 6388
f 403 5053 5169
f 403 5755 5870
f 403 6389 6390
f 403 5285 5287
f 403 6390 6391
f 403 6391 6377
f 403 5638 5754
f 403 6392 6393
f 403 6393 6394
f 403 151 4938
f 403 6394 6395
f 403 6395 6396
f 403 6396 6389
f 403 6371 6392
f 403 6331 6397
f 403 6397 6370
f 6398 6399 6400
f 6401 6399 6398
f 6401 6402 6399
f 6403 6398 6400
f 6403 6400 6404
f 6405 403 6388
f 6405 6402 6401
f 6405 6388 6402
f 6406 6403 6404
f 6407 403 6405
f 6408 6406 6404
f 6408 6404 6409
f 6410 403 6407
f 6411 6408 6409
f 6411 6409 6412
f 6413 403 6410
f 6414 6411 6412
f 6414 6412 6415
f 6416 403 6413
f 6417 6414 6415
f 6417 6415 6418
f 6417 6418 6419
f 6420 403 6416
f 6421 6417 6419
f 6422 403 6420
f 6423 6421 6419
f 6423 6419 6424
f 6425 403 6422
f 6426 6423 6424
f 6426 6424 6427
f 6426 6427 6428
f 6429 403 6425
f 6430 6426 6428
f 6431 403 6429
f 6432 6430 6428
f 6432 6428 6433
f 6434 403 6431
f 6435 6433 6436
f 6435 6432 6433
f 6437 403 6434
f 6438 6435 6436
f 6438 6436 6439
f 6440 6438 6439
f 6440 6439 6441
f 6442 6440 6441
f 6442 6441 6443
f 6444 403 6437
f 6445 6442 6443
f 6445 6443 6446
f 6447 6445 6446
f 6447 6446 6448
f 6449 403 6444
f 6450 6451 6365
f 6450 6447 6448
f 6450 6448 6451
f 6452 403 6449
f 6453 403 6452
f 6454 403 6453
f 6455 403 6454
f 6456 403 6455
f 6457 403 6456
f 6458 6450 6365
f 404 403 6457
f 6459 6460 6458
f 6461 6459 6458
f 6462 6365 6369
f 6462 6461 6458
f 6462 6458 6365
f 6463 6462 6369
f 6463 6369 6464
f 6465 6463 6464
f 6465 6464 6466
f 6467 6465 6466
f 6467 6466 6468
f 6467 6468 6469
f 6470 6469 6471
f 6470 6467 6469
f 6472 6470 6471
f 6472 6471 6473
f 6472 6473 6474
f 6475 6476 6477
f 6475 6477 6478
f 6475 6478 6479
f 6480 6472 6474
f 6480 6474 6481
f 6482 6480 6481
f 6482 6481 6483
f 6482 6483 6484
f 6485 6476 6475
f 6486 6482 6484
f 6486 6484 6476
f 6487 6476 6485
f 6487 6486 6476
f 6488 6487 6485
f 353 151 403
f 353 102 151
f 6457 3384 387
f 6457 387 404
f 6371 3269 3283
f 6371 3283 6392
f 6375 3152 3156
f 6375 3156 6372
f 4819 1762 1770
f 4819 1770 4821
f 152 406 3447
f 152 135 406
f 6106 3034 3044
f 6106 3044 6376
f 3532 507 3534
f 3532 496 507
f 5989 2918 2932
f 5989 2932 6104
f 3649 624 3651
f 3649 610 624
f 5872 2801 2810
f 5872 2810 5987
f 3766 741 3768
f 3766 727 741
f 5755 2684 2698
f 5755 2698 5870
f 3883 855 3885
f 3883 841 855
f 5638 2566 2575
f 5638 2575 5754
f 4000 965 4002
f 4000 957 965
f 5521 2452 2466
f 5521 2466 5636
f 4117 1085 4119
f 4117 1072 1085
f 5404 2338 2345
f 5404 2345 5520
f 4234 1196 4236
f 4234 1186 1196
f 5287 2222 2235
f 5287 2235 5402
f 4351 1310 4353
f 4351 1303 1310
f 5170 2107 2115
f 5170 2115 5285
f 4468 1430 4470
f 4468 1418 1430
f 5053 1993 1996
f 5053 1996 5169
f 4585 1536 4587
f 4585 1533 1536
f 4936 1878 1881
f 4936 1881 4938
f 4702 1651 4704
f 4702 1648 1651
f 4831 1774 1776
f 4929 1775 1774
f 4929 1774 4831
f 4931 1768 1775
f 4931 1775 4929
f 4933 1769 1768
f 4933 1768 4931
f 4935 1770 1769
f 4935 1769 4933
f 4821 1770 4935
f 4813 1660 4717
f 4813 1661 1660
f 4812 1656 1661
f 4812 1661 4813
f 4817 1654 1656
f 4817 1656 4812
f 4816 1655 1654
f 4816 1654 4817
f 4704 1651 1655
f 4704 1655 4816
f 5046 1891 4948
f 5046 1890 1891
f 5049 1884 1890
f 5049 1890 5046
f 5048 1885 1884
f 5048 1884 5049
f 5051 1886 1885
f 5051 1885 5048
f 4938 1881 1886
f 4938 1886 5051
f 4696 1545 4675
f 4696 1546 1545
f 4695 1541 1546
f 4695 1546 4696
f 4700 1539 1541
f 4700 1541 4695
f 4699 1540 1539
f 4699 1539 4700
f 4587 1536 1540
f 4587 1540 4699
f 5162 2006 5064
f 5162 2005 2006
f 5164 1999 2005
f 5164 2005 5162
f 5167 2000 1999
f 5167 1999 5164
f 5166 2001 2000
f 5166 2000 5167
f 5169 1996 2001
f 5169 2001 5166
f 4483 1429 1431
f 4579 1423 1429
f 4579 1429 4483
f 4578 1424 1423
f 4578 1423 4579
f 4582 1425 1424
f 4582 1424 4578
f 4584 1430 1425
f 4584 1425 4582
f 4470 1430 4584
f 5184 2120 2119
f 5279 2121 2120
f 5279 2120 5184
f 5282 2113 2121
f 5282 2121 5279
f 5281 2114 2113
f 5281 2113 5282
f 5286 2115 2114
f 5286 2114 5281
f 5285 2115 5286
f 4366 1314 1316
f 4461 1314 4366
f 4463 1315 1314
f 4463 1314 4461
f 4465 1308 1315
f 4465 1315 4463
f 4467 1309 1308
f 4467 1308 4465
f 4353 1310 1309
f 4353 1309 4467
f 5394 2231 2236
f 5396 2232 2231
f 5396 2231 5394
f 5398 2233 2232
f 5398 2232 5396
f 5400 2234 2233
f 5400 2233 5398
f 5403 2235 2234
f 5403 2234 5400
f 5402 2235 5403
f 4246 1200 1201
f 4344 1193 1200
f 4344 1200 4246
f 4347 1194 1193
f 4347 1193 4344
f 4346 1195 1194
f 4346 1194 4347
f 4350 1196 1195
f 4350 1195 4346
f 4236 1196 4350
f 5513 2350 5415
f 5513 2351 2350
f 5516 2346 2351
f 5516 2351 5513
f 5515 2343 2346
f 5515 2346 5516
f 5518 2344 2343
f 5518 2343 5515
f 5520 2345 2344
f 5520 2344 5518
f 4132 1084 1086
f 4227 1078 1084
f 4227 1084 4132
f 4230 1079 1078
f 4230 1078 4227
f 4229 1080 1079
f 4229 1079 4230
f 4232 1085 1080
f 4232 1080 4229
f 4119 1085 4232
f 5630 2465 5535
f 5630 2461 2465
f 5630 2462 2461
f 5633 2463 2462
f 5633 2462 5630
f 5632 2464 2463
f 5632 2463 5633
f 5637 2466 2464
f 5637 2464 5632
f 5636 2466 5637
f 4110 971 4015
f 4110 969 971
f 4112 970 969
f 4112 969 4110
f 4114 963 970
f 4114 970 4112
f 4116 964 963
f 4116 963 4114
f 4002 965 964
f 4002 964 4116
f 5748 2581 5649
f 5748 2579 2581
f 5747 2580 2579
f 5747 2579 5748
f 5752 2573 2580
f 5752 2580 5747
f 5751 2574 2573
f 5751 2573 5752
f 5754 2575 2574
f 5754 2574 5751
f 3993 856 3895
f 3993 851 856
f 3996 852 851
f 3996 851 3993
f 3995 853 852
f 3995 852 3996
f 3999 854 853
f 3999 853 3995
f 3885 855 854
f 3885 854 3999
f 5865 2697 5769
f 5865 2693 2697
f 5864 2694 2693
f 5864 2693 5865
f 5868 2695 2694
f 5868 2694 5864
f 5871 2696 2695
f 5871 2695 5868
f 5870 2698 2696
f 5870 2696 5871
f 3876 736 3781
f 3876 737 736
f 3879 738 737
f 3879 737 3876
f 3878 739 738
f 3878 738 3879
f 3881 740 739
f 3881 739 3878
f 3768 741 740
f 3768 740 3881
f 5976 2814 2815
f 5981 2814 5976
f 5983 2807 2814
f 5983 2814 5981
f 5985 2808 2807
f 5985 2807 5983
f 5988 2809 2808
f 5988 2808 5985
f 5987 2810 2809
f 5987 2809 5988
f 3761 623 3662
f 3761 622 623
f 3760 616 622
f 3760 622 3761
f 3764 617 616
f 3764 616 3760
f 3652 618 617
f 3652 617 3764
f 3651 624 618
f 3651 618 3652
f 6098 2930 6003
f 6098 2927 2930
f 6098 2928 2927
f 6101 2929 2928
f 6101 2928 6098
f 6100 2931 2929
f 6100 2929 6101
f 6105 2932 2931
f 6105 2931 6100
f 6104 2932 6105
f 3645 505 3547
f 3645 502 505
f 3540 503 502
f 3540 502 3645
f 3538 504 503
f 3538 503 3540
f 3535 506 504
f 3535 504 3538
f 3534 507 506
f 3534 506 3535
f 6117 3049 3048
f 6215 3041 3049
f 6215 3049 6117
f 6218 3042 3041
f 6218 3041 6215
f 6217 3043 3042
f 6217 3042 6218
f 6221 3043 6217
f 6376 3044 3043
f 6376 3043 6221
f 3452 410 409
f 3451 407 410
f 3451 410 3452
f 3450 408 407
f 3450 407 3451
f 3449 405 408
f 3449 408 3450
f 3448 406 405
f 3448 405 3449
f 3447 406 3448
f 6330 3165 6235
f 6330 3166 3165
f 6332 3161 3166
f 6332 3166 6330
f 6374 3159 3161
f 6374 3161 6332
f 6373 3160 3159
f 6373 3159 6374
f 6372 3156 3160
f 6372 3160 6373
f 6389 3279 3278
f 6396 3280 3279
f 6396 3279 6389
f 6395 3281 3280
f 6395 3280 6396
f 6394 3282 3281
f 6394 3281 6395
f 6393 3283 3282
f 6393 3282 6394
f 6392 3283 6393
f 3571 531 621
f 3570 620 598
f 3570 621 620
f 3570 3571 621
f 3569 598 570
f 3569 3570 598
f 3565 569 567
f 3565 570 569
f 3565 3569 570
f 3563 567 565
f 3563 3565 567
f 3555 564 562
f 3555 565 564
f 3555 3563 565
f 3553 562 560
f 3553 3555 562
f 3549 559 557
f 3549 560 559
f 3549 3553 560
f 3544 557 555
f 3544 3549 557
f 3542 555 553
f 3542 3544 555
f 3541 553 551
f 3541 3542 553
f 3539 551 549
f 3539 3541 551
f 3536 549 500
f 3536 3539 549
f 3537 500 499
f 3537 3536 500
f 3533 499 497
f 3533 3537 499
f 3562 508 515
f 3558 515 522
f 3558 3562 515
f 3568 522 531
f 3568 3558 522
f 3571 3568 531
f 3469 3468 444
f 3469 444 446
f 3467 446 447
f 3467 3469 446
f 3470 447 448
f 3470 3467 447
f 3471 448 449
f 3471 3470 448
f 3472 449 450
f 3472 3471 449
f 3543 450 451
f 3543 3472 450
f 3545 451 452
f 3545 3543 451
f 3550 3545 452
f 3551 452 472
f 3551 3550 452
f 3554 472 471
f 3554 3551 472
f 3556 3554 471
f 3557 471 470
f 3557 3556 471
f 3564 470 469
f 3564 3557 470
f 3566 3564 469
f 3567 469 476
f 3567 3566 469
f 3559 476 501
f 3559 3567 476
f 3560 3559 501
f 3561 3560 501
f 3561 501 508
f 3562 3561 508
f 3468 3524 438
f 3468 438 444
f 3524 434 438
f 3522 435 434
f 3522 434 3524
f 3521 436 435
f 3521 435 3522
f 3517 432 436
f 3517 436 3521
f 3516 433 432
f 3516 432 3517
f 3514 429 433
f 3514 433 3516
f 3511 430 429
f 3511 429 3514
f 3508 431 430
f 3508 430 3511
f 3503 431 3508
f 3503 437 431
f 3502 437 3503
f 3502 426 437
f 3499 427 426
f 3499 426 3502
f 3496 428 427
f 3496 427 3499
f 3493 424 428
f 3493 428 3496
f 3490 421 424
f 3490 424 3493
f 3485 422 421
f 3485 421 3490
f 3482 423 422
f 3482 422 3485
f 3481 425 423
f 3481 423 3482
f 3478 419 425
f 3478 425 3481
f 3474 420 419
f 3474 419 3478
f 3476 417 420
f 3476 420 3474
f 3466 418 417
f 3466 417 3476
f 3465 416 418
f 3465 418 3466
f 3464 414 416
f 3464 416 3465
f 3463 415 414
f 3463 414 3464
f 3462 411 415
f 3462 415 3463
f 3461 412 411
f 3461 411 3462
f 3460 412 3461
f 3459 413 412
f 3459 439 413
f 3459 412 3460
f 3458 440 439
f 3458 439 3459
f 3457 441 440
f 3457 440 3458
f 3456 441 3457
f 3455 442 441
f 3455 441 3456
f 3453 3452 409
f 3453 409 445
f 3454 445 443
f 3454 3453 445
f 3455 443 442
f 3455 3454 443
f 3532 495 496
f 3531 494 495
f 3531 495 3532
f 3530 491 494
f 3530 494 3531
f 3529 492 491
f 3529 491 3530
f 3528 493 492
f 3528 492 3529
f 3527 493 3528
f 3519 3512 473
f 3519 473 478
f 3525 478 498
f 3525 3519 478
f 3527 498 493
f 3527 3525 498
f 3512 474 473
f 3509 475 474
f 3509 474 3512
f 3506 479 475
f 3506 475 3509
f 3504 462 479
f 3504 479 3506
f 3500 463 462
f 3500 462 3504
f 3497 459 463
f 3497 463 3500
f 3494 460 459
f 3494 459 3497
f 3491 461 460
f 3491 460 3494
f 3488 461 3491
f 3488 480 461
f 3486 480 3488
f 3486 481 480
f 3483 482 481
f 3483 481 3486
f 3479 454 482
f 3479 482 3483
f 3473 455 454
f 3473 454 3479
f 3475 456 455
f 3475 455 3473
f 3477 453 456
f 3477 456 3475
f 3480 458 453
f 3480 453 3477
f 3484 457 458
f 3484 458 3480
f 3487 483 457
f 3487 457 3484
f 3489 465 483
f 3489 483 3487
f 3492 466 465
f 3492 465 3489
f 3495 467 466
f 3495 466 3492
f 3498 464 467
f 3498 467 3495
f 3501 468 464
f 3501 464 3498
f 3505 484 468
f 3505 468 3501
f 3507 485 484
f 3507 484 3505
f 3510 486 485
f 3510 485 3507
f 3513 487 486
f 3513 486 3510
f 3515 488 487
f 3515 487 3513
f 3518 489 488
f 3518 488 3515
f 3520 490 489
f 3520 489 3518
f 3523 477 490
f 3523 490 3520
f 3526 477 3523
f 3526 3533 497
f 3526 497 477
f 3686 650 735
f 3685 734 715
f 3685 735 734
f 3685 3686 735
f 3684 715 687
f 3684 3685 715
f 3680 686 684
f 3680 687 686
f 3680 3684 687
f 3678 684 682
f 3678 3680 684
f 3670 681 679
f 3670 682 681
f 3670 3678 682
f 3668 679 677
f 3668 3670 679
f 3664 676 674
f 3664 677 676
f 3664 3668 677
f 3659 674 672
f 3659 3664 674
f 3657 672 670
f 3657 3659 672
f 3656 670 668
f 3656 3657 670
f 3655 668 666
f 3655 3656 668
f 3653 666 615
f 3653 3655 666
f 3654 615 614
f 3654 3653 615
f 3650 614 612
f 3650 3654 614
f 3673 3677 625
f 3673 625 635
f 3683 635 642
f 3683 3673 635
f 3686 642 650
f 3686 3683 642
f 3574 3573 545
f 3574 545 547
f 3572 547 548
f 3572 3574 547
f 3575 548 550
f 3575 3572 548
f 3576 550 552
f 3576 3575 550
f 3577 552 554
f 3577 3576 552
f 3658 554 556
f 3658 3577 554
f 3660 556 558
f 3660 3658 556
f 3665 3660 558
f 3666 558 561
f 3666 3665 558
f 3669 561 563
f 3669 3666 561
f 3671 3669 563
f 3672 563 566
f 3672 3671 563
f 3679 566 568
f 3679 3672 566
f 3681 3679 568
f 3682 568 597
f 3682 3681 568
f 3674 597 619
f 3674 3682 597
f 3675 3674 619
f 3676 3675 619
f 3676 619 625
f 3677 3676 625
f 3573 3639 541
f 3573 541 545
f 3637 542 541
f 3637 541 3639
f 3636 540 542
f 3636 542 3637
f 3633 539 540
f 3633 540 3636
f 3631 538 539
f 3631 539 3633
f 3630 537 538
f 3630 538 3631
f 3627 535 537
f 3627 537 3630
f 3623 536 535
f 3623 535 3627
f 3616 536 3623
f 3616 532 536
f 3615 532 3616
f 3615 533 532
f 3611 530 533
f 3611 533 3615
f 3607 529 530
f 3607 530 3611
f 3601 527 529
f 3601 529 3607
f 3600 528 527
f 3600 527 3601
f 3595 526 528
f 3595 528 3600
f 3591 525 526
f 3591 526 3595
f 3587 523 525
f 3587 525 3591
f 3580 524 523
f 3580 523 3587
f 3579 520 524
f 3579 524 3580
f 3582 521 520
f 3582 520 3579
f 3585 518 521
f 3585 521 3582
f 3589 519 518
f 3589 518 3585
f 3593 516 519
f 3593 519 3589
f 3598 517 516
f 3598 516 3593
f 3597 513 517
f 3597 517 3598
f 3605 512 513
f 3605 513 3597
f 3609 509 512
f 3609 512 3605
f 3613 510 509
f 3613 509 3609
f 3618 511 510
f 3618 510 3613
f 3621 514 511
f 3621 511 3618
f 3625 534 514
f 3625 514 3621
f 3552 543 534
f 3552 534 3625
f 3548 3547 505
f 3548 505 546
f 3546 546 544
f 3546 3548 546
f 3552 544 543
f 3552 3546 544
f 3648 611 610
f 3648 610 3649
f 3647 609 611
f 3647 611 3648
f 3646 606 609
f 3646 609 3647
f 3644 607 606
f 3644 606 3646
f 3643 608 607
f 3643 607 3644
f 3628 592 605
f 3641 605 613
f 3641 3628 605
f 3640 613 608
f 3640 3641 613
f 3643 3640 608
f 3628 595 592
f 3624 596 595
f 3624 595 3628
f 3620 581 596
f 3620 596 3624
f 3617 577 581
f 3617 581 3620
f 3612 574 577
f 3612 577 3617
f 3608 575 574
f 3608 574 3612
f 3604 576 575
f 3604 575 3608
f 3602 578 576
f 3602 576 3604
f 3596 578 3602
f 3596 579 578
f 3592 579 3596
f 3592 580 579
f 3588 571 580
f 3588 580 3592
f 3584 572 571
f 3584 571 3588
f 3581 573 572
f 3581 572 3584
f 3578 582 573
f 3578 573 3581
f 3583 583 582
f 3583 582 3578
f 3586 584 583
f 3586 583 3583
f 3590 585 584
f 3590 584 3586
f 3594 587 585
f 3594 585 3590
f 3599 588 587
f 3599 587 3594
f 3603 589 588
f 3603 588 3599
f 3606 590 589
f 3606 589 3603
f 3610 591 590
f 3610 590 3606
f 3614 586 591
f 3614 591 3610
f 3619 593 586
f 3619 586 3614
f 3622 594 593
f 3622 593 3619
f 3626 600 594
f 3626 594 3622
f 3629 601 600
f 3629 600 3626
f 3632 602 601
f 3632 601 3629
f 3634 603 602
f 3634 602 3632
f 3635 604 603
f 3635 603 3634
f 3638 599 604
f 3638 604 3635
f 3642 599 3638
f 3642 3650 612
f 3642 612 599
f 3802 858 850
f 3801 849 831
f 3801 850 849
f 3801 3802 850
f 3800 831 802
f 3800 3801 831
f 3796 801 799
f 3796 802 801
f 3796 3800 802
f 3794 799 797
f 3794 3796 799
f 3786 796 794
f 3786 797 796
f 3786 3794 797
f 3784 794 792
f 3784 3786 794
f 3777 791 789
f 3777 792 791
f 3777 3784 792
f 3775 789 787
f 3775 3777 789
f 3773 787 785
f 3773 3775 787
f 3772 785 783
f 3772 3773 785
f 3771 783 781
f 3771 3772 783
f 3769 781 732
f 3769 3771 781
f 3770 732 731
f 3770 3769 732
f 3767 731 729
f 3767 3770 731
f 3793 742 750
f 3789 750 3446
f 3789 3793 750
f 3799 3446 858
f 3799 3789 3446
f 3802 3799 858
f 3689 3688 662
f 3689 662 664
f 3687 664 665
f 3687 3689 664
f 3690 665 667
f 3690 3687 665
f 3691 667 669
f 3691 3690 667
f 3692 669 671
f 3692 3691 669
f 3774 671 673
f 3774 3692 671
f 3776 673 675
f 3776 3774 673
f 3778 3776 675
f 3779 675 678
f 3779 3778 675
f 3785 678 680
f 3785 3779 678
f 3787 3785 680
f 3788 680 683
f 3788 3787 680
f 3795 683 685
f 3795 3788 683
f 3797 3795 685
f 3798 685 714
f 3798 3797 685
f 3790 714 733
f 3790 3798 714
f 3791 3790 733
f 3792 3791 733
f 3792 733 742
f 3793 3792 742
f 3688 3754 659
f 3688 659 662
f 3752 660 659
f 3752 659 3754
f 3751 657 660
f 3751 660 3752
f 3748 658 657
f 3748 657 3751
f 3747 656 658
f 3747 658 3748
f 3745 654 656
f 3745 656 3747
f 3742 655 654
f 3742 654 3745
f 3738 651 655
f 3738 655 3742
f 3731 651 3738
f 3731 652 651
f 3730 652 3731
f 3730 653 652
f 3723 649 653
f 3723 653 3730
f 3722 648 649
f 3722 649 3723
f 3716 645 648
f 3716 648 3722
f 3715 646 645
f 3715 645 3716
f 3710 647 646
f 3710 646 3715
f 3703 644 647
f 3703 647 3710
f 3702 643 644
f 3702 644 3703
f 3698 641 643
f 3698 643 3702
f 3695 639 641
f 3695 641 3698
f 3694 640 639
f 3694 639 3695
f 3700 636 640
f 3700 640 3694
f 3705 637 636
f 3705 636 3700
f 3708 638 637
f 3708 637 3705
f 3713 634 638
f 3713 638 3708
f 3712 632 634
f 3712 634 3713
f 3720 633 632
f 3720 632 3712
f 3725 630 633
f 3725 633 3720
f 3728 631 630
f 3728 630 3725
f 3733 626 631
f 3733 631 3728
f 3736 627 626
f 3736 626 3733
f 3740 628 627
f 3740 627 3736
f 3667 629 628
f 3667 628 3740
f 3662 623 663
f 3663 663 661
f 3663 3662 663
f 3661 661 629
f 3661 3663 661
f 3667 3661 629
f 3766 728 727
f 3765 726 728
f 3765 728 3766
f 3763 723 726
f 3763 726 3765
f 3762 724 723
f 3762 723 3763
f 3759 725 724
f 3759 724 3762
f 3758 725 3759
f 3756 3743 713
f 3756 713 722
f 3755 722 730
f 3755 3756 722
f 3758 730 725
f 3758 3755 730
f 3743 710 713
f 3739 708 710
f 3739 710 3743
f 3735 704 708
f 3735 708 3739
f 3732 705 704
f 3732 704 3735
f 3727 706 705
f 3727 705 3732
f 3724 709 706
f 3724 706 3727
f 3719 701 709
f 3719 709 3724
f 3717 695 701
f 3717 701 3719
f 3711 695 3717
f 3711 696 695
f 3707 696 3711
f 3707 692 696
f 3704 693 692
f 3704 692 3707
f 3699 689 693
f 3699 693 3704
f 3693 690 689
f 3693 689 3699
f 3696 688 690
f 3696 690 3693
f 3697 694 688
f 3697 688 3696
f 3701 691 694
f 3701 694 3697
f 3706 697 691
f 3706 691 3701
f 3709 699 697
f 3709 697 3706
f 3714 698 699
f 3714 699 3709
f 3718 702 698
f 3718 698 3714
f 3721 700 702
f 3721 702 3718
f 3726 703 700
f 3726 700 3721
f 3729 707 703
f 3729 703 3726
f 3734 712 707
f 3734 707 3729
f 3737 711 712
f 3737 712 3734
f 3741 717 711
f 3741 711 3737
f 3744 718 717
f 3744 717 3741
f 3746 716 718
f 3746 718 3744
f 3749 719 716
f 3749 716 3746
f 3750 721 719
f 3750 719 3749
f 3753 720 721
f 3753 721 3750
f 3757 720 3753
f 3757 3767 729
f 3757 729 720
f 3919 973 968
f 3918 967 947
f 3918 968 967
f 3918 3919 968
f 3917 947 917
f 3917 3918 947
f 3913 916 914
f 3913 917 916
f 3913 3917 917
f 3911 914 912
f 3911 3913 914
f 3903 911 909
f 3903 912 911
f 3903 3911 912
f 3901 909 907
f 3901 3903 909
f 3897 906 904
f 3897 907 906
f 3897 3901 907
f 3892 904 902
f 3892 3897 904
f 3890 902 900
f 3890 3892 902
f 3889 900 898
f 3889 3890 900
f 3888 898 896
f 3888 3889 898
f 3886 896 847
f 3886 3888 896
f 3887 847 846
f 3887 3886 847
f 3884 846 844
f 3884 3887 846
f 3906 3910 857
f 3906 857 3445
f 3916 3445 3444
f 3916 3906 3445
f 3919 3444 973
f 3919 3916 3444
f 3805 3804 777
f 3805 777 779
f 3803 779 780
f 3803 3805 779
f 3806 780 782
f 3806 3803 780
f 3807 782 784
f 3807 3806 782
f 3808 784 786
f 3808 3807 784
f 3891 786 788
f 3891 3808 786
f 3893 788 790
f 3893 3891 788
f 3898 3893 790
f 3899 790 793
f 3899 3898 790
f 3902 793 795
f 3902 3899 793
f 3904 3902 795
f 3905 795 798
f 3905 3904 795
f 3912 798 800
f 3912 3905 798
f 3914 3912 800
f 3915 800 830
f 3915 3914 800
f 3907 830 848
f 3907 3915 830
f 3908 3907 848
f 3909 3908 848
f 3909 848 857
f 3910 3909 857
f 3804 3870 775
f 3804 775 777
f 3870 772 775
f 3869 773 772
f 3869 772 3870
f 3867 769 773
f 3867 773 3869
f 3865 770 769
f 3865 769 3867
f 3863 771 770
f 3863 770 3865
f 3861 774 771
f 3861 771 3863
f 3855 767 774
f 3855 774 3861
f 3854 768 767
f 3854 767 3855
f 3850 768 3854
f 3850 765 768
f 3846 765 3850
f 3846 766 765
f 3842 764 766
f 3842 766 3846
f 3838 763 764
f 3838 764 3842
f 3834 760 763
f 3834 763 3838
f 3827 760 3834
f 3826 761 760
f 3826 759 761
f 3826 760 3827
f 3822 757 759
f 3822 759 3826
f 3816 758 757
f 3816 757 3822
f 3811 756 758
f 3811 758 3816
f 3810 751 756
f 3810 756 3811
f 3814 752 751
f 3814 751 3810
f 3813 752 3814
f 3820 753 752
f 3820 754 753
f 3820 752 3813
f 3824 754 3820
f 3830 755 754
f 3830 754 3824
f 3829 762 755
f 3829 748 762
f 3829 755 3830
f 3836 748 3829
f 3840 749 748
f 3840 746 749
f 3840 748 3836
f 3844 746 3840
f 3848 747 746
f 3848 743 747
f 3848 746 3844
f 3852 744 743
f 3852 743 3848
f 3857 744 3852
f 3780 745 744
f 3780 744 3857
f 3782 3781 736
f 3782 736 778
f 3783 778 776
f 3783 3782 778
f 3780 776 745
f 3780 3783 776
f 3882 842 841
f 3882 841 3883
f 3880 843 842
f 3880 842 3882
f 3877 838 843
f 3877 843 3880
f 3875 839 838
f 3875 838 3877
f 3874 840 839
f 3874 839 3875
f 3872 3859 829
f 3872 829 837
f 3871 837 845
f 3871 3872 837
f 3874 845 840
f 3874 3871 845
f 3859 823 829
f 3856 824 823
f 3856 823 3859
f 3851 825 824
f 3851 824 3856
f 3847 827 825
f 3847 825 3851
f 3843 817 827
f 3843 827 3847
f 3839 814 817
f 3839 817 3843
f 3835 815 814
f 3835 814 3839
f 3832 816 815
f 3832 815 3835
f 3828 816 3832
f 3828 810 816
f 3823 810 3828
f 3823 806 810
f 3819 807 806
f 3819 806 3823
f 3817 804 807
f 3817 807 3819
f 3812 805 804
f 3812 804 3817
f 3809 803 805
f 3809 805 3812
f 3815 809 803
f 3815 803 3809
f 3818 808 809
f 3818 809 3815
f 3821 812 808
f 3821 808 3818
f 3825 813 812
f 3825 812 3821
f 3831 811 813
f 3831 813 3825
f 3833 819 811
f 3833 811 3831
f 3837 820 819
f 3837 819 3833
f 3841 818 820
f 3841 820 3837
f 3845 821 818
f 3845 818 3841
f 3849 822 821
f 3849 821 3845
f 3853 826 822
f 3853 822 3849
f 3858 828 826
f 3858 826 3853
f 3860 833 828
f 3860 828 3858
f 3862 832 833
f 3862 833 3860
f 3864 835 832
f 3864 832 3862
f 3866 834 835
f 3866 835 3864
f 3868 836 834
f 3868 834 3866
f 3873 836 3868
f 3873 3884 844
f 3873 844 836
f 4036 1088 1083
f 4035 1082 1061
f 4035 1083 1082
f 4035 4036 1083
f 4034 1061 1032
f 4034 4035 1061
f 4030 1031 1029
f 4030 1032 1031
f 4030 4034 1032
f 4028 1029 1027
f 4028 4030 1029
f 4020 1026 1024
f 4020 1027 1026
f 4020 4028 1027
f 4018 1024 1022
f 4018 4020 1024
f 4011 1021 1019
f 4011 1022 1021
f 4011 4018 1022
f 4009 1019 1017
f 4009 4011 1019
f 4007 1017 1015
f 4007 4009 1017
f 4006 1015 1013
f 4006 4007 1015
f 4005 1013 1011
f 4005 4006 1013
f 4003 1011 962
f 4003 4005 1011
f 4004 962 961
f 4004 4003 962
f 4001 961 959
f 4001 4004 961
f 4023 4027 972
f 4023 972 3443
f 4033 3443 3442
f 4033 4023 3443
f 4036 3442 1088
f 4036 4033 3442
f 3922 3921 892
f 3922 892 894
f 3920 894 895
f 3920 3922 894
f 3923 895 897
f 3923 3920 895
f 3924 897 899
f 3924 3923 897
f 3925 899 901
f 3925 3924 899
f 4008 901 903
f 4008 3925 901
f 4010 903 905
f 4010 4008 903
f 4012 4010 905
f 4013 905 908
f 4013 4012 905
f 4019 908 910
f 4019 4013 908
f 4021 4019 910
f 4022 910 913
f 4022 4021 910
f 4029 913 915
f 4029 4022 913
f 4031 4029 915
f 4032 915 946
f 4032 4031 915
f 4024 946 966
f 4024 4032 946
f 4025 4024 966
f 4026 4025 966
f 4026 966 972
f 4027 4026 972
f 3921 3987 888
f 3921 888 892
f 3987 889 888
f 3985 890 889
f 3985 889 3987
f 3984 887 890
f 3984 890 3985
f 3982 883 887
f 3982 887 3984
f 3980 884 883
f 3980 883 3982
f 3978 885 884
f 3978 884 3980
f 3975 886 885
f 3975 885 3978
f 3971 882 886
f 3971 886 3975
f 3967 882 3971
f 3967 879 882
f 3963 879 3967
f 3963 880 879
f 3959 881 880
f 3959 880 3963
f 3955 878 881
f 3955 881 3959
f 3951 877 878
f 3951 878 3955
f 3944 877 3951
f 3941 874 877
f 3941 875 874
f 3941 877 3944
f 3940 876 875
f 3940 875 3941
f 3935 873 876
f 3935 876 3940
f 3931 871 873
f 3931 873 3935
f 3927 872 871
f 3927 871 3931
f 3929 870 872
f 3929 872 3927
f 3933 870 3929
f 3938 867 870
f 3938 868 867
f 3938 870 3933
f 3937 868 3938
f 3946 869 868
f 3946 868 3937
f 3949 866 869
f 3949 865 866
f 3949 869 3946
f 3953 865 3949
f 3957 862 865
f 3957 863 862
f 3957 865 3953
f 3961 863 3957
f 3965 864 863
f 3965 859 864
f 3965 863 3961
f 3969 860 859
f 3969 859 3965
f 3973 860 3969
f 3900 861 860
f 3900 860 3973
f 3895 856 893
f 3896 893 891
f 3896 3895 893
f 3894 891 861
f 3894 3896 891
f 3900 3894 861
f 4000 958 957
f 3998 956 958
f 3998 958 4000
f 3997 953 956
f 3997 956 3998
f 3994 954 953
f 3994 953 3997
f 3992 955 954
f 3992 954 3994
f 3991 955 3992
f 3976 945 952
f 3989 952 960
f 3989 3976 952
f 3988 960 955
f 3988 3989 960
f 3991 3988 955
f 3976 939 945
f 3972 940 939
f 3972 939 3976
f 3968 935 940
f 3968 940 3972
f 3964 936 935
f 3964 935 3968
f 3960 928 936
f 3960 936 3964
f 3956 929 928
f 3956 928 3960
f 3952 923 929
f 3952 929 3956
f 3948 924 923
f 3948 923 3952
f 3945 924 3948
f 3945 918 924
f 3942 918 3945
f 3942 919 918
f 3936 920 919
f 3936 919 3942
f 3932 921 920
f 3932 920 3936
f 3926 922 921
f 3926 921 3932
f 3928 925 922
f 3928 922 3926
f 3930 926 925
f 3930 925 3928
f 3934 927 926
f 3934 926 3930
f 3939 938 927
f 3939 927 3934
f 3943 931 938
f 3943 938 3939
f 3947 932 931
f 3947 931 3943
f 3950 933 932
f 3950 932 3947
f 3954 934 933
f 3954 933 3950
f 3958 930 934
f 3958 934 3954
f 3962 937 930
f 3962 930 3958
f 3966 942 937
f 3966 937 3962
f 3970 941 942
f 3970 942 3966
f 3974 943 941
f 3974 941 3970
f 3977 944 943
f 3977 943 3974
f 3979 949 944
f 3979 944 3977
f 3981 950 949
f 3981 949 3979
f 3983 948 950
f 3983 950 3981
f 3986 951 948
f 3986 948 3983
f 3990 951 3986
f 3990 4001 959
f 3990 959 951
f 4153 1203 1199
f 4152 1198 1177
f 4152 1199 1198
f 4152 4153 1199
f 4151 1177 1147
f 4151 4152 1177
f 4147 1146 1144
f 4147 1147 1146
f 4147 4151 1147
f 4145 1144 1142
f 4145 4147 1144
f 4137 1141 1139
f 4137 1142 1141
f 4137 4145 1142
f 4135 1139 1137
f 4135 4137 1139
f 4128 1136 1134
f 4128 1137 1136
f 4128 4135 1137
f 4126 1134 1132
f 4126 4128 1134
f 4124 1132 1130
f 4124 4126 1132
f 4123 1130 1128
f 4123 4124 1130
f 4122 1128 1126
f 4122 4123 1128
f 4120 1126 1077
f 4120 4122 1126
f 4121 1077 1076
f 4121 4120 1077
f 4118 1076 1074
f 4118 4121 1076
f 4140 4144 1087
f 4140 1087 3441
f 4150 3441 3440
f 4150 4140 3441
f 4153 3440 1203
f 4153 4150 3440
f 4039 4038 1007
f 4039 1007 1009
f 4037 1009 1010
f 4037 4039 1009
f 4040 1010 1012
f 4040 4037 1010
f 4041 1012 1014
f 4041 4040 1012
f 4042 1014 1016
f 4042 4041 1014
f 4125 1016 1018
f 4125 4042 1016
f 4127 1018 1020
f 4127 4125 1018
f 4129 4127 1020
f 4130 1020 1023
f 4130 4129 1020
f 4136 1023 1025
f 4136 4130 1023
f 4138 4136 1025
f 4139 1025 1028
f 4139 4138 1025
f 4146 1028 1030
f 4146 4139 1028
f 4148 4146 1030
f 4149 1030 1060
f 4149 4148 1030
f 4141 1060 1081
f 4141 4149 1060
f 4142 4141 1081
f 4143 4142 1081
f 4143 1081 1087
f 4144 4143 1087
f 4038 4105 1005
f 4038 1005 1007
f 4103 1002 1005
f 4103 1005 4105
f 4102 1004 1002
f 4102 1002 4103
f 4099 1003 1004
f 4099 1004 4102
f 4097 1000 1003
f 4097 1003 4099
f 4093 1001 1000
f 4093 1000 4097
f 4092 999 1001
f 4092 1001 4093
f 4088 997 999
f 4088 999 4092
f 4084 997 4088
f 4084 998 997
f 4077 998 4084
f 4077 995 998
f 4076 996 995
f 4076 995 4077
f 4073 994 996
f 4073 996 4076
f 4068 993 994
f 4068 994 4073
f 4062 992 993
f 4062 993 4068
f 4061 991 992
f 4061 992 4062
f 4056 990 991
f 4056 991 4061
f 4049 989 990
f 4049 990 4056
f 4048 986 989
f 4048 989 4049
f 4044 987 986
f 4044 986 4048
f 4046 988 987
f 4046 987 4044
f 4051 985 988
f 4051 988 4046
f 4054 983 985
f 4054 985 4051
f 4059 984 983
f 4059 983 4054
f 4058 982 984
f 4058 984 4059
f 4066 981 982
f 4066 982 4058
f 4071 979 981
f 4071 981 4066
f 4070 980 979
f 4070 979 4071
f 4079 977 980
f 4079 980 4070
f 4082 978 977
f 4082 977 4079
f 4086 974 978
f 4086 978 4082
f 4090 975 974
f 4090 976 975
f 4090 974 4086
f 4014 976 4090
f 4016 4015 971
f 4016 971 1008
f 4017 1008 1006
f 4017 4016 1008
f 4014 1006 976
f 4014 4017 1006
f 4115 1073 1072
f 4115 1072 4117
f 4113 1068 1073
f 4113 1073 4115
f 4111 1069 1068
f 4111 1068 4113
f 4109 1070 1069
f 4109 1069 4111
f 4107 1071 1070
f 4107 1070 4109
f 4100 4094 1058
f 4100 1058 1063
f 4108 1063 1075
f 4108 4100 1063
f 4107 1075 1071
f 4107 4108 1075
f 4089 1059 1058
f 4089 1058 4094
f 4085 1053 1059
f 4085 1059 4089
f 4081 1054 1053
f 4081 1053 4085
f 4078 1049 1054
f 4078 1054 4081
f 4074 1050 1049
f 4074 1049 4078
f 4069 1043 1050
f 4069 1050 4074
f 4065 1044 1043
f 4065 1043 4069
f 4063 1044 4065
f 4063 1041 1044
f 4057 1041 4063
f 4057 1042 1041
f 4053 1036 1042
f 4053 1042 4057
f 4050 1033 1036
f 4050 1036 4053
f 4043 1034 1033
f 4043 1033 4050
f 4045 1035 1034
f 4045 1034 4043
f 4047 1037 1035
f 4047 1035 4045
f 4052 1038 1037
f 4052 1037 4047
f 4055 1040 1038
f 4055 1038 4052
f 4060 1039 1040
f 4060 1040 4055
f 4064 1046 1039
f 4064 1039 4060
f 4067 1047 1046
f 4067 1046 4064
f 4072 1045 1047
f 4072 1047 4067
f 4075 1051 1045
f 4075 1045 4072
f 4080 1052 1051
f 4080 1048 1052
f 4080 1051 4075
f 4083 1048 4080
f 4087 1056 1048
f 4087 1048 4083
f 4091 1055 1056
f 4091 1056 4087
f 4095 1057 1055
f 4095 1055 4091
f 4096 1064 1057
f 4096 1057 4095
f 4098 1065 1064
f 4098 1064 4096
f 4101 1066 1065
f 4101 1067 1066
f 4101 1065 4098
f 4104 1067 4101
f 4106 1062 1067
f 4106 1067 4104
f 4106 4118 1074
f 4106 1074 1062
f 4270 1318 1313
f 4269 1312 1292
f 4269 1313 1312
f 4269 4270 1313
f 4268 1292 1262
f 4268 4269 1292
f 4264 1261 1259
f 4264 1262 1261
f 4264 4268 1262
f 4262 1259 1257
f 4262 4264 1259
f 4254 1256 1254
f 4254 1257 1256
f 4254 4262 1257
f 4252 1254 1252
f 4252 4254 1254
f 4248 1251 1249
f 4248 1252 1251
f 4248 4252 1252
f 4243 1249 1247
f 4243 4248 1249
f 4241 1247 1245
f 4241 4243 1247
f 4240 1245 1243
f 4240 4241 1245
f 4239 1243 1241
f 4239 4240 1243
f 4237 1241 1192
f 4237 4239 1241
f 4238 1192 1191
f 4238 4237 1192
f 4235 1191 1189
f 4235 4238 1191
f 4257 4261 1202
f 4257 1202 3439
f 4267 3439 3438
f 4267 4257 3439
f 4270 3438 1318
f 4270 4267 3438
f 4156 4155 1122
f 4156 1122 1124
f 4154 1124 1125
f 4154 4156 1124
f 4157 1125 1127
f 4157 4154 1125
f 4158 1127 1129
f 4158 4157 1127
f 4159 1129 1131
f 4159 4158 1129
f 4242 1131 1133
f 4242 4159 1131
f 4244 1133 1135
f 4244 4242 1133
f 4249 4244 1135
f 4250 1135 1138
f 4250 4249 1135
f 4253 1138 1140
f 4253 4250 1138
f 4255 4253 1140
f 4256 1140 1143
f 4256 4255 1140
f 4263 1143 1145
f 4263 4256 1143
f 4265 4263 1145
f 4266 1145 1176
f 4266 4265 1145
f 4258 1176 1197
f 4258 4266 1176
f 4259 4258 1197
f 4260 4259 1197
f 4260 1197 1202
f 4261 4260 1202
f 4155 4224 1119
f 4155 1119 1122
f 4219 1121 1119
f 4219 1119 4224
f 4218 1116 1121
f 4218 1121 4219
f 4216 1117 1116
f 4216 1116 4218
f 4213 1118 1117
f 4213 1117 4216
f 4210 1114 1118
f 4210 1118 4213
f 4206 1115 1114
f 4206 1114 4210
f 4205 1113 1115
f 4205 1115 4206
f 4199 1113 4205
f 4199 1110 1113
f 4194 1110 4199
f 4194 1111 1110
f 4193 1112 1111
f 4193 1111 4194
f 4186 1108 1112
f 4186 1112 4193
f 4185 1109 1108
f 4185 1108 4186
f 4178 1105 1109
f 4178 1109 4185
f 4177 1106 1105
f 4177 1105 4178
f 4173 1107 1106
f 4173 1106 4177
f 4166 1102 1107
f 4166 1107 4173
f 4165 1103 1102
f 4165 1102 4166
f 4162 1104 1103
f 4162 1103 4165
f 4161 1100 1104
f 4161 1104 4162
f 4169 1101 1100
f 4169 1100 4161
f 4168 1098 1101
f 4168 1101 4169
f 4175 1099 1098
f 4175 1098 4168
f 4180 1097 1099
f 4180 1099 4175
f 4183 1096 1097
f 4183 1097 4180
f 4189 1095 1096
f 4189 1096 4183
f 4188 1094 1095
f 4188 1095 4189
f 4197 1093 1094
f 4197 1094 4188
f 4196 1089 1093
f 4196 1093 4197
f 4203 1090 1089
f 4203 1089 4196
f 4208 1091 1090
f 4208 1092 1091
f 4208 1090 4203
f 4131 1092 4208
f 4133 4132 1086
f 4133 1086 1123
f 4134 1123 1120
f 4134 4133 1123
f 4131 1120 1092
f 4131 4134 1120
f 4234 1183 1186
f 4233 1184 1183
f 4233 1183 4234
f 4231 1185 1184
f 4231 1184 4233
f 4228 1187 1185
f 4228 1185 4231
f 4226 1188 1187
f 4226 1187 4228
f 4225 1188 4226
f 4222 4211 1167
f 4222 1167 1182
f 4221 1182 1190
f 4221 4222 1182
f 4225 1190 1188
f 4225 4221 1190
f 4207 1168 1167
f 4207 1167 4211
f 4202 1169 1168
f 4202 1168 4207
f 4200 1170 1169
f 4200 1169 4202
f 4195 1161 1170
f 4195 1170 4200
f 4191 1162 1161
f 4191 1161 4195
f 4187 1159 1162
f 4187 1162 4191
f 4182 1160 1159
f 4182 1159 4187
f 4179 1160 4182
f 4179 1157 1160
f 4174 1157 4179
f 4174 1154 1157
f 4171 1151 1154
f 4171 1154 4174
f 4167 1152 1151
f 4167 1151 4171
f 4160 1149 1152
f 4160 1152 4167
f 4163 1150 1149
f 4163 1149 4160
f 4164 1148 1150
f 4164 1150 4163
f 4170 1155 1148
f 4170 1148 4164
f 4172 1156 1155
f 4172 1155 4170
f 4176 1153 1156
f 4176 1156 4172
f 4181 1158 1153
f 4181 1153 4176
f 4184 1171 1158
f 4184 1158 4181
f 4190 1172 1171
f 4190 1171 4184
f 4192 1173 1172
f 4192 1172 4190
f 4198 1164 1173
f 4198 1165 1164
f 4198 1173 4192
f 4201 1165 4198
f 4204 1163 1165
f 4204 1165 4201
f 4209 1166 1163
f 4209 1163 4204
f 4212 1175 1166
f 4212 1166 4209
f 4214 1174 1175
f 4214 1175 4212
f 4215 1179 1174
f 4215 1174 4214
f 4217 1180 1179
f 4217 1178 1180
f 4217 1179 4215
f 4220 1178 4217
f 4223 1181 1178
f 4223 1178 4220
f 4223 4235 1189
f 4223 1189 1181
f 4387 1433 1428
f 4386 1427 1407
f 4386 1428 1427
f 4386 4387 1428
f 4385 1407 1377
f 4385 4386 1407
f 4381 1376 1374
f 4381 1377 1376
f 4381 4385 1377
f 4379 1374 1372
f 4379 4381 1374
f 4371 1371 1369
f 4371 1372 1371
f 4371 4379 1372
f 4369 1369 1367
f 4369 4371 1369
f 4362 1366 1364
f 4362 1367 1366
f 4362 4369 1367
f 4360 1364 1362
f 4360 4362 1364
f 4358 1362 1360
f 4358 4360 1362
f 4357 1360 1358
f 4357 4358 1360
f 4356 1358 1356
f 4356 4357 1358
f 4354 1356 1307
f 4354 4356 1356
f 4355 1307 1306
f 4355 4354 1307
f 4352 1306 1304
f 4352 4355 1306
f 4374 4378 1317
f 4374 1317 3437
f 4384 3437 3436
f 4384 4374 3437
f 4387 3436 1433
f 4387 4384 3436
f 4273 4272 1237
f 4273 1237 1239
f 4271 1239 1240
f 4271 4273 1239
f 4274 1240 1242
f 4274 4271 1240
f 4275 1242 1244
f 4275 4274 1242
f 4276 1244 1246
f 4276 4275 1244
f 4359 1246 1248
f 4359 4276 1246
f 4361 1248 1250
f 4361 4359 1248
f 4363 4361 1250
f 4364 1250 1253
f 4364 4363 1250
f 4370 1253 1255
f 4370 4364 1253
f 4372 4370 1255
f 4373 1255 1258
f 4373 4372 1255
f 4380 1258 1260
f 4380 4373 1258
f 4382 4380 1260
f 4383 1260 1291
f 4383 4382 1260
f 4375 1291 1311
f 4375 4383 1291
f 4376 4375 1311
f 4377 4376 1311
f 4377 1311 1317
f 4378 4377 1317
f 4272 4341 1235
f 4272 1235 1237
f 4337 1232 1235
f 4337 1235 4341
f 4335 1233 1232
f 4335 1232 4337
f 4333 1234 1233
f 4333 1233 4335
f 4331 1231 1234
f 4331 1234 4333
f 4329 1230 1231
f 4329 1231 4331
f 4323 1227 1230
f 4323 1230 4329
f 4322 1228 1227
f 4322 1227 4323
f 4318 1228 4322
f 4318 1229 1228
f 4314 1229 4318
f 4314 1224 1229
f 4310 1225 1224
f 4310 1224 4314
f 4306 1226 1225
f 4306 1225 4310
f 4302 1222 1226
f 4302 1226 4306
f 4295 1223 1222
f 4295 1222 4302
f 4294 1221 1223
f 4294 1223 4295
f 4290 1219 1221
f 4290 1221 4294
f 4287 1220 1219
f 4287 1219 4290
f 4282 1218 1220
f 4282 1220 4287
f 4279 1217 1218
f 4279 1218 4282
f 4278 1215 1217
f 4278 1217 4279
f 4285 1216 1215
f 4285 1215 4278
f 4284 1213 1216
f 4284 1216 4285
f 4292 1214 1213
f 4292 1213 4284
f 4297 1211 1214
f 4297 1214 4292
f 4300 1212 1211
f 4300 1211 4297
f 4304 1210 1212
f 4304 1212 4300
f 4308 1209 1210
f 4308 1210 4304
f 4312 1208 1209
f 4312 1209 4308
f 4316 1204 1208
f 4316 1208 4312
f 4320 1205 1204
f 4320 1204 4316
f 4325 1206 1205
f 4325 1207 1206
f 4325 1205 4320
f 4251 1207 4325
f 4247 4246 1201
f 4247 1201 1238
f 4245 1238 1236
f 4245 4247 1238
f 4251 1236 1207
f 4251 4245 1236
f 4351 1301 1303
f 4349 1302 1301
f 4349 1301 4351
f 4348 1298 1302
f 4348 1302 4349
f 4345 1299 1298
f 4345 1298 4348
f 4343 1300 1299
f 4343 1299 4345
f 4342 1300 4343
f 4339 4327 1288
f 4339 1288 1297
f 4338 1297 1305
f 4338 4339 1297
f 4342 1305 1300
f 4342 4338 1305
f 4324 1284 1288
f 4324 1288 4327
f 4319 1286 1284
f 4319 1284 4324
f 4315 1280 1286
f 4315 1286 4319
f 4311 1281 1280
f 4311 1280 4315
f 4307 1282 1281
f 4307 1281 4311
f 4303 1273 1282
f 4303 1282 4307
f 4299 1274 1273
f 4299 1273 4303
f 4296 1274 4299
f 4296 1272 1274
f 4291 1272 4296
f 4291 1269 1272
f 4288 1270 1269
f 4288 1269 4291
f 4283 1264 1270
f 4283 1270 4288
f 4280 1265 1264
f 4280 1264 4283
f 4277 1266 1265
f 4277 1265 4280
f 4281 1267 1266
f 4281 1266 4277
f 4286 1268 1267
f 4286 1267 4281
f 4289 1263 1268
f 4289 1268 4286
f 4293 1271 1263
f 4293 1263 4289
f 4298 1276 1271
f 4298 1271 4293
f 4301 1277 1276
f 4301 1276 4298
f 4305 1275 1277
f 4305 1277 4301
f 4309 1278 1275
f 4309 1275 4305
f 4313 1279 1278
f 4313 1283 1279
f 4313 1278 4309
f 4317 1283 4313
f 4321 1285 1283
f 4321 1283 4317
f 4326 1287 1285
f 4326 1285 4321
f 4328 1290 1287
f 4328 1287 4326
f 4330 1289 1290
f 4330 1290 4328
f 4332 1294 1289
f 4332 1289 4330
f 4334 1293 1294
f 4334 1296 1293
f 4334 1294 4332
f 4336 1296 4334
f 4340 1295 1296
f 4340 1296 4336
f 4340 4352 1304
f 4340 1304 1295
f 4504 1548 1544
f 4503 1543 1520
f 4503 1544 1543
f 4503 4504 1544
f 4502 1520 1492
f 4502 4503 1520
f 4498 1491 1489
f 4498 1492 1491
f 4498 4502 1492
f 4496 1489 1487
f 4496 4498 1489
f 4488 1486 1484
f 4488 1487 1486
f 4488 4496 1487
f 4486 1484 1482
f 4486 4488 1484
f 4479 1481 1479
f 4479 1482 1481
f 4479 4486 1482
f 4477 1479 1477
f 4477 4479 1479
f 4475 1477 1475
f 4475 4477 1477
f 4474 1475 1473
f 4474 4475 1475
f 4473 1473 1471
f 4473 4474 1473
f 4471 1471 1422
f 4471 4473 1471
f 4472 1422 1421
f 4472 4471 1422
f 4469 1421 1419
f 4469 4472 1421
f 4491 4495 1432
f 4491 3435 3434
f 4491 1432 3435
f 4501 3434 1548
f 4501 4491 3434
f 4504 4501 1548
f 4390 4389 1352
f 4390 1352 1354
f 4388 1354 1355
f 4388 4390 1354
f 4391 1355 1357
f 4391 4388 1355
f 4392 1357 1359
f 4392 4391 1357
f 4393 1359 1361
f 4393 4392 1359
f 4476 1361 1363
f 4476 4393 1361
f 4478 1363 1365
f 4478 4476 1363
f 4480 4478 1365
f 4481 1365 1368
f 4481 4480 1365
f 4487 1368 1370
f 4487 4481 1368
f 4489 4487 1370
f 4490 1370 1373
f 4490 4489 1370
f 4497 1373 1375
f 4497 4490 1373
f 4499 4497 1375
f 4500 1375 1406
f 4500 4499 1375
f 4492 1406 1426
f 4492 4500 1406
f 4493 4492 1426
f 4494 4493 1426
f 4494 1426 1432
f 4495 4494 1432
f 4389 4458 1349
f 4389 1349 1352
f 4458 1350 1349
f 4454 1348 1350
f 4454 1350 4458
f 4451 1346 1348
f 4451 1348 4454
f 4449 1347 1346
f 4449 1346 4451
f 4448 1344 1347
f 4448 1347 4449
f 4446 1345 1344
f 4446 1344 4448
f 4443 1342 1345
f 4443 1345 4446
f 4437 1343 1342
f 4437 1342 4443
f 4436 1343 4437
f 4436 1341 1343
f 4431 1341 4436
f 4431 1339 1341
f 4424 1340 1339
f 4424 1339 4431
f 4423 1336 1340
f 4423 1340 4424
f 4420 1337 1336
f 4420 1336 4423
f 4416 1338 1337
f 4416 1337 4420
f 4409 1335 1338
f 4409 1338 4416
f 4408 1334 1335
f 4408 1335 4409
f 4400 1331 1334
f 4400 1334 4408
f 4399 1332 1331
f 4399 1331 4400
f 4396 1333 1332
f 4396 1332 4399
f 4395 1330 1333
f 4395 1333 4396
f 4403 1328 1330
f 4403 1330 4395
f 4402 1329 1328
f 4402 1328 4403
f 4406 1326 1329
f 4406 1329 4402
f 4414 1327 1326
f 4414 1326 4406
f 4413 1322 1327
f 4413 1327 4414
f 4418 1319 1322
f 4418 1322 4413
f 4426 1320 1319
f 4426 1319 4418
f 4429 1321 1320
f 4429 1320 4426
f 4434 1323 1321
f 4434 1321 4429
f 4433 1323 4434
f 4441 1324 1323
f 4441 1325 1324
f 4441 1323 4433
f 4365 1325 4441
f 4366 1316 1353
f 4367 4366 1353
f 4368 1353 1351
f 4368 4367 1353
f 4365 1351 1325
f 4365 4368 1351
f 4466 1416 1418
f 4466 1418 4468
f 4464 1417 1416
f 4464 1416 4466
f 4462 1413 1417
f 4462 1417 4464
f 4460 1414 1413
f 4460 1413 4462
f 4459 1415 1414
f 4459 1414 4460
f 4456 4444 1401
f 4456 1401 1412
f 4455 1412 1420
f 4455 4456 1412
f 4459 1420 1415
f 4459 4455 1420
f 4440 1396 1401
f 4440 1401 4444
f 4438 1397 1396
f 4438 1396 4440
f 4432 1393 1397
f 4432 1397 4438
f 4428 1394 1393
f 4428 1393 4432
f 4425 1395 1394
f 4425 1394 4428
f 4421 1387 1395
f 4421 1395 4425
f 4417 1388 1387
f 4417 1387 4421
f 4412 1388 4417
f 4412 1389 1388
f 4410 1389 4412
f 4410 1381 1389
f 4405 1382 1381
f 4405 1381 4410
f 4401 1383 1382
f 4401 1382 4405
f 4397 1384 1383
f 4397 1383 4401
f 4394 1385 1384
f 4394 1384 4397
f 4398 1379 1385
f 4398 1385 4394
f 4404 1380 1379
f 4404 1379 4398
f 4407 1378 1380
f 4407 1380 4404
f 4411 1386 1378
f 4411 1378 4407
f 4415 1391 1386
f 4415 1386 4411
f 4419 1392 1391
f 4419 1391 4415
f 4422 1390 1392
f 4422 1392 4419
f 4427 1403 1390
f 4427 1390 4422
f 4430 1404 1403
f 4430 1399 1404
f 4430 1403 4427
f 4435 1399 4430
f 4439 1400 1399
f 4439 1399 4435
f 4442 1398 1400
f 4442 1400 4439
f 4445 1402 1398
f 4445 1398 4442
f 4447 1405 1402
f 4447 1402 4445
f 4450 1408 1405
f 4450 1405 4447
f 4452 1410 1408
f 4452 1409 1410
f 4452 1408 4450
f 4453 1409 4452
f 4457 1411 1409
f 4457 1409 4453
f 4457 4469 1419
f 4457 1419 1411
f 4617 1663 1659
f 4616 1658 1636
f 4616 1659 1658
f 4616 4617 1659
f 4615 1636 1607
f 4615 4616 1636
f 4611 1606 1604
f 4611 1607 1606
f 4611 4615 1607
f 4609 1604 1602
f 4609 4611 1604
f 4601 1601 1599
f 4601 1602 1601
f 4601 4609 1602
f 4599 1599 1597
f 4599 4601 1599
f 4596 1596 1594
f 4596 1597 1596
f 4596 4599 1597
f 4594 1594 1592
f 4594 4596 1594
f 4592 1592 1590
f 4592 4594 1592
f 4591 1590 1588
f 4591 4592 1590
f 4590 1588 1586
f 4590 4591 1588
f 4588 1586 1538
f 4588 4590 1586
f 4589 1538 1537
f 4589 4588 1538
f 4586 1537 1534
f 4586 4589 1537
f 4604 4608 1547
f 4604 1547 3433
f 4614 3433 3432
f 4614 4604 3433
f 4617 3432 1663
f 4617 4614 3432
f 4507 4506 1467
f 4507 1467 1469
f 4505 1469 1470
f 4505 4507 1469
f 4508 1470 1472
f 4508 4505 1470
f 4509 1472 1474
f 4509 4508 1472
f 4510 1474 1476
f 4510 4509 1474
f 4593 1476 1478
f 4593 4510 1476
f 4595 1478 1480
f 4595 4593 1478
f 4597 4595 1480
f 4598 1480 1483
f 4598 4597 1480
f 4600 1483 1485
f 4600 4598 1483
f 4602 4600 1485
f 4603 1485 1488
f 4603 4602 1485
f 4610 1488 1490
f 4610 4603 1488
f 4612 4610 1490
f 4613 1490 1519
f 4613 4612 1490
f 4605 1519 1542
f 4605 4613 1519
f 4606 4605 1542
f 4607 4606 1542
f 4607 1542 1547
f 4608 4607 1547
f 4506 4575 1465
f 4506 1465 1467
f 4571 1462 1465
f 4571 1465 4575
f 4569 1463 1462
f 4569 1462 4571
f 4567 1464 1463
f 4567 1459 1464
f 4567 1463 4569
f 4565 1459 4567
f 4563 1460 1459
f 4563 1459 4565
f 4560 1461 1460
f 4560 1460 4563
f 4556 1458 1461
f 4556 1457 1458
f 4556 1461 4560
f 4552 1457 4556
f 4548 1457 4552
f 4548 1455 1457
f 4545 1456 1455
f 4545 1455 4548
f 4540 1454 1456
f 4540 1453 1454
f 4540 1456 4545
f 4533 1453 4540
f 4530 1451 1453
f 4530 1453 4533
f 4525 1452 1451
f 4525 1449 1452
f 4525 1451 4530
f 4524 1450 1449
f 4524 1449 4525
f 4517 1450 4524
f 4516 1447 1450
f 4516 1448 1447
f 4516 1450 4517
f 4513 1446 1448
f 4513 1448 4516
f 4512 1446 4513
f 4519 1443 1446
f 4519 1444 1443
f 4519 1446 4512
f 4522 1444 4519
f 4528 1445 1444
f 4528 1441 1445
f 4528 1444 4522
f 4527 1442 1441
f 4527 1441 4528
f 4536 1440 1442
f 4536 1442 4527
f 4535 1440 4536
f 4543 1438 1440
f 4543 1439 1438
f 4543 1440 4535
f 4542 1439 4543
f 4550 1437 1439
f 4550 1434 1437
f 4550 1439 4542
f 4554 1434 4550
f 4558 1435 1434
f 4558 1434 4554
f 4482 1436 1435
f 4482 1435 4558
f 4483 1431 1468
f 4484 4483 1468
f 4485 1468 1466
f 4485 4484 1468
f 4482 1466 1436
f 4482 4485 1466
f 4583 1532 1533
f 4583 1533 4585
f 4581 1528 1532
f 4581 1532 4583
f 4580 1529 1528
f 4580 1528 4581
f 4577 1530 1529
f 4577 1529 4580
f 4576 1531 1530
f 4576 1530 4577
f 4573 4561 1527
f 4573 1527 1526
f 4572 1526 1535
f 4572 4573 1526
f 4576 1535 1531
f 4576 4572 1535
f 4557 1514 1527
f 4557 1527 4561
f 4553 1511 1514
f 4553 1514 4557
f 4549 1512 1511
f 4549 1511 4553
f 4546 1513 1512
f 4546 1512 4549
f 4541 1507 1513
f 4541 1513 4546
f 4538 1508 1507
f 4538 1507 4541
f 4534 1502 1508
f 4534 1508 4538
f 4531 1502 4534
f 4531 1503 1502
f 4526 1503 4531
f 4526 1498 1503
f 4521 1499 1498
f 4521 1498 4526
f 4518 1494 1499
f 4518 1499 4521
f 4511 1495 1494
f 4511 1494 4518
f 4514 1496 1495
f 4514 1495 4511
f 4515 1497 1496
f 4515 1496 4514
f 4520 1493 1497
f 4520 1497 4515
f 4523 1500 1493
f 4523 1493 4520
f 4529 1501 1500
f 4529 1500 4523
f 4532 1505 1501
f 4532 1501 4529
f 4537 1506 1505
f 4537 1505 4532
f 4539 1504 1506
f 4539 1506 4537
f 4544 1510 1504
f 4544 1504 4539
f 4547 1509 1510
f 4547 1516 1509
f 4547 1510 4544
f 4551 1516 4547
f 4555 1517 1516
f 4555 1516 4551
f 4559 1518 1517
f 4559 1517 4555
f 4562 1515 1518
f 4562 1518 4559
f 4564 1522 1515
f 4564 1515 4562
f 4566 1523 1522
f 4566 1522 4564
f 4568 1521 1523
f 4568 1524 1521
f 4568 1523 4566
f 4570 1524 4568
f 4574 1525 1524
f 4574 1524 4570
f 4574 4586 1534
f 4574 1534 1525
f 4738 1778 1773
f 4737 1772 1751
f 4737 1773 1772
f 4737 4738 1773
f 4736 1751 1722
f 4736 4737 1751
f 4732 1721 1719
f 4732 1722 1721
f 4732 4736 1722
f 4730 1719 1717
f 4730 4732 1719
f 4722 1716 1714
f 4722 1717 1716
f 4722 4730 1717
f 4720 1714 1712
f 4720 4722 1714
f 4713 1711 1709
f 4713 1712 1711
f 4713 4720 1712
f 4711 1709 1707
f 4711 4713 1709
f 4709 1707 1705
f 4709 4711 1707
f 4708 1705 1703
f 4708 4709 1705
f 4707 1703 1701
f 4707 4708 1703
f 4705 1701 1653
f 4705 4707 1701
f 4706 1653 1652
f 4706 4705 1653
f 4703 1652 1649
f 4703 4706 1652
f 4725 4729 1662
f 4725 1662 3431
f 4735 3431 3430
f 4735 4725 3431
f 4738 3430 1778
f 4738 4735 3430
f 4620 4619 1582
f 4620 1582 1584
f 4618 1584 1585
f 4618 4620 1584
f 4621 1585 1587
f 4621 4618 1585
f 4622 1587 1589
f 4622 4621 1587
f 4623 1589 1591
f 4623 4622 1589
f 4710 1591 1593
f 4710 4623 1591
f 4712 1593 1595
f 4712 4710 1593
f 4714 4712 1595
f 4715 1595 1598
f 4715 4714 1595
f 4721 1598 1600
f 4721 4715 1598
f 4723 4721 1600
f 4724 1600 1603
f 4724 4723 1600
f 4731 1603 1605
f 4731 4724 1603
f 4733 4731 1605
f 4734 1605 1635
f 4734 4733 1605
f 4726 1635 1657
f 4726 4734 1635
f 4727 4726 1657
f 4728 4727 1657
f 4728 1657 1662
f 4729 4728 1662
f 4619 4690 1579
f 4619 1579 1582
f 4690 1580 1579
f 4688 1578 1580
f 4688 1580 4690
f 4685 1575 1578
f 4685 1578 4688
f 4684 1576 1575
f 4684 1575 4685
f 4682 1577 1576
f 4682 1576 4684
f 4680 1573 1577
f 4680 1577 4682
f 4670 1574 1573
f 4670 1573 4680
f 4669 1571 1574
f 4669 1574 4670
f 4666 1571 4669
f 4666 1572 1571
f 4661 1572 4666
f 4661 1569 1572
f 4654 1570 1569
f 4654 1569 4661
f 4653 1568 1570
f 4653 1570 4654
f 4646 1566 1568
f 4646 1568 4653
f 4645 1567 1566
f 4645 1566 4646
f 4641 1565 1567
f 4641 1567 4645
f 4637 1564 1565
f 4637 1565 4641
f 4634 1564 4637
f 4629 1561 1564
f 4629 1562 1561
f 4629 1564 4634
f 4625 1563 1562
f 4625 1562 4629
f 4627 1563 4625
f 4632 1558 1563
f 4632 1559 1558
f 4632 1563 4627
f 4631 1559 4632
f 4639 1560 1559
f 4639 1557 1560
f 4639 1559 4631
f 4643 1556 1557
f 4643 1557 4639
f 4648 1555 1556
f 4648 1556 4643
f 4651 1555 4648
f 4657 1554 1555
f 4657 1552 1554
f 4657 1555 4651
f 4656 1552 4657
f 4664 1553 1552
f 4664 1549 1553
f 4664 1552 4656
f 4663 1549 4664
f 4672 1550 1549
f 4672 1549 4663
f 4678 1551 1550
f 4678 1550 4672
f 4676 4675 1545
f 4676 1545 1583
f 4677 1583 1581
f 4677 4676 1583
f 4678 1581 1551
f 4678 4677 1581
f 4701 1646 1648
f 4701 1648 4702
f 4698 1647 1646
f 4698 1646 4701
f 4697 1643 1647
f 4697 1647 4698
f 4694 1644 1643
f 4694 1643 4697
f 4691 1645 1644
f 4691 1644 4694
f 4692 4674 1631
f 4692 1631 1641
f 4693 1641 1650
f 4693 4692 1641
f 4691 1650 1645
f 4691 4693 1650
f 4671 1629 1631
f 4671 1631 4674
f 4667 1630 1629
f 4667 1629 4671
f 4662 1627 1630
f 4662 1630 4667
f 4659 1621 1627
f 4659 1627 4662
f 4655 1622 1621
f 4655 1621 4659
f 4650 1617 1622
f 4650 1622 4655
f 4647 1615 1617
f 4647 1617 4650
f 4642 1615 4647
f 4642 1616 1615
f 4638 1616 4642
f 4638 1612 1616
f 4635 1613 1612
f 4635 1612 4638
f 4630 1614 1613
f 4630 1613 4635
f 4624 1609 1614
f 4624 1614 4630
f 4626 1610 1609
f 4626 1609 4624
f 4628 1611 1610
f 4628 1610 4626
f 4633 1608 1611
f 4633 1611 4628
f 4636 1624 1608
f 4636 1608 4633
f 4640 1625 1624
f 4640 1624 4636
f 4644 1626 1625
f 4644 1625 4640
f 4649 1619 1626
f 4649 1626 4644
f 4652 1620 1619
f 4652 1619 4649
f 4658 1618 1620
f 4658 1620 4652
f 4660 1623 1618
f 4660 1628 1623
f 4660 1618 4658
f 4665 1628 4660
f 4668 1632 1628
f 4668 1628 4665
f 4673 1633 1632
f 4673 1632 4668
f 4679 1634 1633
f 4679 1633 4673
f 4681 1638 1634
f 4681 1634 4679
f 4683 1637 1638
f 4683 1638 4681
f 4686 1639 1637
f 4686 1642 1639
f 4686 1637 4683
f 4687 1642 4686
f 4689 1640 1642
f 4689 1642 4687
f 4689 4703 1649
f 4689 1649 1640
f 4855 1893 1889
f 4854 1888 1866
f 4854 1889 1888
f 4854 4855 1889
f 4853 1866 1837
f 4853 4854 1866
f 4849 1836 1834
f 4849 1837 1836
f 4849 4853 1837
f 4847 1834 1832
f 4847 4849 1834
f 4839 1831 1829
f 4839 1832 1831
f 4839 4847 1832
f 4837 1829 1827
f 4837 4839 1829
f 4833 1826 1824
f 4833 1827 1826
f 4833 4837 1827
f 4828 1824 1822
f 4828 4833 1824
f 4826 1822 1820
f 4826 4828 1822
f 4825 1820 1818
f 4825 4826 1820
f 4824 1818 1816
f 4824 4825 1818
f 4822 1816 1767
f 4822 4824 1816
f 4823 1767 1766
f 4823 4822 1767
f 4820 1766 1764
f 4820 4823 1766
f 4842 4846 1777
f 4842 3429 3428
f 4842 1777 3429
f 4852 3428 1893
f 4852 4842 3428
f 4855 4852 1893
f 4741 4740 1697
f 4741 1697 1699
f 4739 1699 1700
f 4739 4741 1699
f 4742 1700 1702
f 4742 4739 1700
f 4743 1702 1704
f 4743 4742 1702
f 4744 1704 1706
f 4744 4743 1704
f 4827 1706 1708
f 4827 4744 1706
f 4829 1708 1710
f 4829 4827 1708
f 4834 4829 1710
f 4835 1710 1713
f 4835 4834 1710
f 4838 1713 1715
f 4838 4835 1713
f 4840 4838 1715
f 4841 1715 1718
f 4841 4840 1715
f 4848 1718 1720
f 4848 4841 1718
f 4850 4848 1720
f 4851 1720 1750
f 4851 4850 1720
f 4843 1750 1771
f 4843 4851 1750
f 4844 4843 1771
f 4845 4844 1771
f 4845 1771 1777
f 4846 4845 1777
f 4740 4809 1694
f 4740 1694 1697
f 4809 1695 1694
f 4805 1693 1695
f 4805 1695 4809
f 4803 1692 1693
f 4803 1693 4805
f 4800 1691 1692
f 4800 1692 4803
f 4799 1690 1691
f 4799 1691 4800
f 4797 1688 1690
f 4797 1690 4799
f 4794 1689 1688
f 4794 1688 4797
f 4787 1686 1689
f 4787 1689 4794
f 4783 1686 4787
f 4779 1686 4783
f 4779 1687 1686
f 4779 1684 1687
f 4778 1685 1684
f 4778 1684 4779
f 4775 1685 4778
f 4771 1685 4775
f 4771 1683 1685
f 4771 1681 1683
f 4766 1682 1681
f 4766 1681 4771
f 4759 1680 1682
f 4759 1682 4766
f 4758 1679 1680
f 4758 1680 4759
f 4755 1677 1679
f 4755 1679 4758
f 4751 1678 1677
f 4751 1677 4755
f 4746 1676 1678
f 4746 1678 4751
f 4749 1676 4746
f 4748 1673 1676
f 4748 1676 4749
f 4753 1674 1673
f 4753 1673 4748
f 4761 1675 1674
f 4761 1671 1675
f 4761 1674 4753
f 4764 1672 1671
f 4764 1671 4761
f 4769 1669 1672
f 4769 1672 4764
f 4768 1669 4769
f 4773 1670 1669
f 4773 1669 4768
f 4781 1664 1670
f 4781 1665 1664
f 4781 1670 4773
f 4785 1666 1665
f 4785 1665 4781
f 4789 1666 4785
f 4792 1667 1666
f 4792 1666 4789
f 4716 1668 1667
f 4716 1667 4792
f 4718 4717 1660
f 4718 1660 1698
f 4719 1698 1696
f 4719 4718 1698
f 4716 1696 1668
f 4716 4719 1696
f 4818 1763 1762
f 4818 1762 4819
f 4815 1758 1763
f 4815 1763 4818
f 4814 1759 1758
f 4814 1758 4815
f 4811 1760 1759
f 4811 1759 4814
f 4810 1761 1760
f 4810 1760 4811
f 4807 4795 1748
f 4807 1748 1755
f 4806 1755 1765
f 4806 4807 1755
f 4810 1765 1761
f 4810 4806 1765
f 4791 1739 1748
f 4791 1748 4795
f 4788 1735 1739
f 4788 1739 4791
f 4784 1736 1735
f 4784 1735 4788
f 4780 1737 1736
f 4780 1736 4784
f 4776 1738 1737
f 4776 1737 4780
f 4772 1734 1738
f 4772 1738 4776
f 4767 1732 1734
f 4767 1734 4772
f 4763 1732 4767
f 4763 1733 1732
f 4760 1733 4763
f 4760 1730 1733
f 4756 1724 1730
f 4756 1730 4760
f 4752 1725 1724
f 4752 1724 4756
f 4745 1726 1725
f 4745 1725 4752
f 4747 1727 1726
f 4747 1726 4745
f 4750 1728 1727
f 4750 1727 4747
f 4754 1729 1728
f 4754 1728 4750
f 4757 1723 1729
f 4757 1729 4754
f 4762 1731 1723
f 4762 1723 4757
f 4765 1741 1731
f 4765 1731 4762
f 4770 1742 1741
f 4770 1741 4765
f 4774 1743 1742
f 4774 1742 4770
f 4777 1744 1743
f 4777 1743 4774
f 4782 1745 1744
f 4782 1744 4777
f 4786 1746 1745
f 4786 1745 4782
f 4790 1747 1746
f 4790 1746 4786
f 4793 1740 1747
f 4793 1747 4790
f 4796 1749 1740
f 4796 1740 4793
f 4798 1753 1749
f 4798 1749 4796
f 4801 1752 1753
f 4801 1753 4798
f 4802 1756 1752
f 4802 1752 4801
f 4804 1757 1756
f 4804 1756 4802
f 4808 1754 1757
f 4808 1757 4804
f 4808 4820 1764
f 4808 1764 1754
f 4971 2008 2004
f 4970 2003 1981
f 4970 2004 2003
f 4970 4971 2004
f 4969 1981 1952
f 4969 4970 1981
f 4965 1951 1949
f 4965 1952 1951
f 4965 4969 1952
f 4963 1949 1947
f 4963 4965 1949
f 4955 1946 1944
f 4955 1947 1946
f 4955 4963 1947
f 4953 1944 1942
f 4953 4955 1944
f 4950 1941 1939
f 4950 1942 1941
f 4950 4953 1942
f 4945 1939 1937
f 4945 4950 1939
f 4943 1937 1935
f 4943 4945 1937
f 4942 1935 1933
f 4942 4943 1935
f 4941 1933 1931
f 4941 4942 1933
f 4939 1931 1883
f 4939 4941 1931
f 4940 1883 1882
f 4940 4939 1883
f 4937 1882 1879
f 4937 4940 1882
f 4958 4962 1892
f 4958 3427 3426
f 4958 1892 3427
f 4968 3426 2008
f 4968 4958 3426
f 4971 4968 2008
f 4858 4857 1812
f 4858 1812 1814
f 4856 1814 1815
f 4856 4858 1814
f 4859 1815 1817
f 4859 4856 1815
f 4860 1817 1819
f 4860 4859 1817
f 4861 1819 1821
f 4861 4860 1819
f 4944 1821 1823
f 4944 4861 1821
f 4946 1823 1825
f 4946 4944 1823
f 4951 4946 1825
f 4952 1825 1828
f 4952 4951 1825
f 4954 1828 1830
f 4954 4952 1828
f 4956 4954 1830
f 4957 1830 1833
f 4957 4956 1830
f 4964 1833 1835
f 4964 4957 1833
f 4966 4964 1835
f 4967 1835 1865
f 4967 4966 1835
f 4959 1865 1887
f 4959 4967 1865
f 4960 4959 1887
f 4961 4960 1887
f 4961 1887 1892
f 4962 4961 1892
f 4857 4923 1808
f 4857 1808 1812
f 4923 1810 1808
f 4922 1811 1810
f 4922 1810 4923
f 4920 1806 1811
f 4920 1811 4922
f 4918 1807 1806
f 4918 1806 4920
f 4916 1804 1807
f 4916 1807 4918
f 4914 1805 1804
f 4914 1804 4916
f 4911 1801 1805
f 4911 1805 4914
f 4904 1802 1801
f 4904 1801 4911
f 4901 1802 4904
f 4901 1803 1802
f 4900 1803 4901
f 4900 1799 1803
f 4895 1800 1799
f 4895 1799 4900
f 4891 1798 1800
f 4891 1800 4895
f 4888 1797 1798
f 4888 1798 4891
f 4883 1795 1797
f 4883 1797 4888
f 4879 1796 1795
f 4879 1795 4883
f 4876 1793 1796
f 4876 1796 4879
f 4872 1793 4876
f 4868 1794 1793
f 4868 1792 1794
f 4868 1793 4872
f 4863 1788 1792
f 4863 1792 4868
f 4866 1788 4863
f 4865 1789 1788
f 4865 1790 1789
f 4865 1788 4866
f 4870 1790 4865
f 4874 1791 1790
f 4874 1787 1791
f 4874 1790 4870
f 4881 1785 1787
f 4881 1787 4874
f 4886 1786 1785
f 4886 1785 4881
f 4885 1786 4886
f 4893 1783 1786
f 4893 1784 1783
f 4893 1786 4885
f 4898 1784 4893
f 4897 1782 1784
f 4897 1779 1782
f 4897 1784 4898
f 4907 1779 4897
f 4906 1780 1779
f 4906 1779 4907
f 4836 1781 1780
f 4836 1780 4906
f 4832 4831 1776
f 4832 1776 1813
f 4830 1813 1809
f 4830 4832 1813
f 4836 1809 1781
f 4836 4830 1809
f 4934 1876 1878
f 4934 1878 4936
f 4932 1877 1876
f 4932 1876 4934
f 4930 1873 1877
f 4930 1877 4932
f 4928 1874 1873
f 4928 1873 4930
f 4925 1875 1874
f 4925 1874 4928
f 4912 1863 1871
f 4926 1871 1880
f 4926 4912 1871
f 4927 1880 1875
f 4927 4926 1880
f 4925 4927 1875
f 4909 1860 1863
f 4909 1863 4912
f 4905 1857 1860
f 4905 1860 4909
f 4902 1858 1857
f 4902 1857 4905
f 4896 1859 1858
f 4896 1858 4902
f 4892 1851 1859
f 4892 1859 4896
f 4889 1852 1851
f 4889 1851 4892
f 4884 1848 1852
f 4884 1852 4889
f 4880 1848 4884
f 4880 1849 1848
f 4877 1849 4880
f 4877 1841 1849
f 4873 1842 1841
f 4873 1841 4877
f 4869 1843 1842
f 4869 1842 4873
f 4862 1847 1843
f 4862 1843 4869
f 4864 1845 1847
f 4864 1847 4862
f 4867 1839 1845
f 4867 1845 4864
f 4871 1840 1839
f 4871 1839 4867
f 4875 1838 1840
f 4875 1840 4871
f 4878 1844 1838
f 4878 1838 4875
f 4882 1846 1844
f 4882 1844 4878
f 4887 1850 1846
f 4887 1846 4882
f 4890 1854 1850
f 4890 1850 4887
f 4894 1853 1854
f 4894 1854 4890
f 4899 1856 1853
f 4899 1855 1856
f 4899 1853 4894
f 4903 1855 4899
f 4908 1862 1855
f 4908 1855 4903
f 4910 1861 1862
f 4910 1862 4908
f 4913 1864 1861
f 4913 1861 4910
f 4915 1868 1864
f 4915 1864 4913
f 4917 1867 1868
f 4917 1868 4915
f 4919 1869 1867
f 4919 1872 1869
f 4919 1867 4917
f 4921 1872 4919
f 4924 1870 1872
f 4924 1872 4921
f 4924 4937 1879
f 4924 1879 1870
f 5088 2123 2118
f 5087 2117 2096
f 5087 2118 2117
f 5087 5088 2118
f 5086 2096 2067
f 5086 5087 2096
f 5082 2066 2064
f 5082 2067 2066
f 5082 5086 2067
f 5080 2064 2062
f 5080 5082 2064
f 5072 2061 2059
f 5072 2062 2061
f 5072 5080 2062
f 5070 2059 2057
f 5070 5072 2059
f 5066 2056 2054
f 5066 2057 2056
f 5066 5070 2057
f 5061 2054 2052
f 5061 5066 2054
f 5059 2052 2050
f 5059 5061 2052
f 5058 2050 2048
f 5058 5059 2050
f 5057 2048 2046
f 5057 5058 2048
f 5055 2046 1998
f 5055 5057 2046
f 5056 1998 1997
f 5056 5055 1998
f 5054 1997 1994
f 5054 5056 1997
f 5075 5079 2007
f 5075 2007 3425
f 5085 3425 3424
f 5085 5075 3425
f 5088 3424 2123
f 5088 5085 3424
f 4974 4973 1927
f 4974 1927 1929
f 4972 1929 1930
f 4972 4974 1929
f 4975 1930 1932
f 4975 4972 1930
f 4976 1932 1934
f 4976 4975 1932
f 4977 1934 1936
f 4977 4976 1934
f 5060 1936 1938
f 5060 4977 1936
f 5062 1938 1940
f 5062 5060 1938
f 5067 5062 1940
f 5068 1940 1943
f 5068 5067 1940
f 5071 1943 1945
f 5071 5068 1943
f 5073 5071 1945
f 5074 1945 1948
f 5074 5073 1945
f 5081 1948 1950
f 5081 5074 1948
f 5083 5081 1950
f 5084 1950 1980
f 5084 5083 1950
f 5076 1980 2002
f 5076 5084 1980
f 5077 5076 2002
f 5078 5077 2002
f 5078 2002 2007
f 5079 5078 2007
f 4973 5040 1924
f 4973 1924 1927
f 5040 1926 1924
f 5039 1923 1926
f 5039 1926 5040
f 5037 1921 1923
f 5037 1923 5039
f 5035 1922 1921
f 5035 1921 5037
f 5032 1920 1922
f 5032 1922 5035
f 5031 1919 1920
f 5031 1920 5032
f 5027 1916 1919
f 5027 1919 5031
f 5023 1917 1916
f 5023 1916 5027
f 5019 1917 5023
f 5019 1918 1917
f 5012 1918 5019
f 5012 1915 1918
f 5011 1914 1915
f 5011 1915 5012
f 5007 1912 1914
f 5007 1914 5011
f 5003 1913 1912
f 5003 1912 5007
f 4999 1911 1913
f 4999 1913 5003
f 4996 1908 1911
f 4996 1911 4999
f 4991 1909 1908
f 4991 1908 4996
f 4987 1909 4991
f 4984 1910 1909
f 4984 1907 1910
f 4984 1909 4987
f 4979 1905 1907
f 4979 1907 4984
f 4982 1905 4979
f 4981 1906 1905
f 4981 1902 1906
f 4981 1905 4982
f 4989 1902 4981
f 4994 1903 1902
f 4994 1904 1903
f 4994 1902 4989
f 4993 1899 1904
f 4993 1904 4994
f 5001 1900 1899
f 5001 1899 4993
f 5005 1900 5001
f 5009 1901 1900
f 5009 1897 1901
f 5009 1900 5005
f 5014 1897 5009
f 5017 1898 1897
f 5017 1894 1898
f 5017 1897 5014
f 5021 1894 5017
f 5025 1895 1894
f 5025 1894 5021
f 5029 1896 1895
f 5029 1895 5025
f 4948 1891 1928
f 4949 1928 1925
f 4949 4948 1928
f 4947 1925 1896
f 4947 4949 1925
f 5029 4947 1896
f 5052 1991 1993
f 5052 1993 5053
f 5050 1992 1991
f 5050 1991 5052
f 5047 1988 1992
f 5047 1992 5050
f 5045 1989 1988
f 5045 1988 5047
f 5042 1990 1989
f 5042 1989 5045
f 5028 1978 1986
f 5043 1986 1995
f 5043 5028 1986
f 5044 1995 1990
f 5044 5043 1995
f 5042 5044 1990
f 5024 1977 1978
f 5024 1978 5028
f 5020 1974 1977
f 5020 1977 5024
f 5016 1972 1974
f 5016 1974 5020
f 5013 1969 1972
f 5013 1972 5016
f 5008 1965 1969
f 5008 1969 5013
f 5004 1966 1965
f 5004 1965 5008
f 5000 1967 1966
f 5000 1966 5004
f 4997 1967 5000
f 4997 1968 1967
f 4992 1968 4997
f 4992 1957 1968
f 4988 1958 1957
f 4988 1957 4992
f 4985 1959 1958
f 4985 1958 4988
f 4978 1961 1959
f 4978 1959 4985
f 4980 1954 1961
f 4980 1961 4978
f 4983 1955 1954
f 4983 1954 4980
f 4986 1956 1955
f 4986 1955 4983
f 4990 1953 1956
f 4990 1956 4986
f 4995 1960 1953
f 4995 1953 4990
f 4998 1963 1960
f 4998 1960 4995
f 5002 1964 1963
f 5002 1963 4998
f 5006 1962 1964
f 5006 1964 5002
f 5010 1970 1962
f 5010 1962 5006
f 5015 1973 1970
f 5015 1971 1973
f 5015 1970 5010
f 5018 1971 5015
f 5022 1975 1971
f 5022 1971 5018
f 5026 1976 1975
f 5026 1975 5022
f 5030 1979 1976
f 5030 1976 5026
f 5033 1983 1979
f 5033 1979 5030
f 5034 1982 1983
f 5034 1983 5033
f 5036 1984 1982
f 5036 1987 1984
f 5036 1982 5034
f 5038 1987 5036
f 5041 1985 1987
f 5041 1987 5038
f 5041 5054 1994
f 5041 1994 1985
f 5205 2238 2230
f 5204 2229 2212
f 5204 2230 2229
f 5204 5205 2230
f 5203 2212 2182
f 5203 5204 2212
f 5199 2181 2179
f 5199 2182 2181
f 5199 5203 2182
f 5197 2179 2177
f 5197 5199 2179
f 5189 2176 2174
f 5189 2177 2176
f 5189 5197 2177
f 5187 2174 2172
f 5187 5189 2174
f 5180 2171 2169
f 5180 2172 2171
f 5180 5187 2172
f 5178 2169 2167
f 5178 5180 2169
f 5176 2167 2165
f 5176 5178 2167
f 5175 2165 2163
f 5175 5176 2165
f 5174 2163 2161
f 5174 5175 2163
f 5172 2161 2112
f 5172 5174 2161
f 5173 2112 2111
f 5173 5172 2112
f 5171 2111 2109
f 5171 5173 2111
f 5192 5196 2122
f 5192 2122 3423
f 5202 3423 3422
f 5202 5192 3423
f 5205 3422 2238
f 5205 5202 3422
f 5091 5090 2042
f 5091 2042 2044
f 5089 2044 2045
f 5089 5091 2044
f 5092 2045 2047
f 5092 5089 2045
f 5093 2047 2049
f 5093 5092 2047
f 5094 2049 2051
f 5094 5093 2049
f 5177 2051 2053
f 5177 5094 2051
f 5179 2053 2055
f 5179 5177 2053
f 5181 5179 2055
f 5182 2055 2058
f 5182 5181 2055
f 5188 2058 2060
f 5188 5182 2058
f 5190 5188 2060
f 5191 2060 2063
f 5191 5190 2060
f 5198 2063 2065
f 5198 5191 2063
f 5200 5198 2065
f 5201 2065 2095
f 5201 5200 2065
f 5193 2095 2116
f 5193 5201 2095
f 5194 5193 2116
f 5195 5194 2116
f 5195 2116 2122
f 5196 5195 2122
f 5090 5159 2038
f 5090 2038 2042
f 5155 2039 2038
f 5155 2038 5159
f 5153 2040 2039
f 5153 2039 5155
f 5150 2037 2040
f 5150 2040 5153
f 5149 2035 2037
f 5149 2037 5150
f 5147 2036 2035
f 5147 2035 5149
f 5144 2034 2036
f 5144 2036 5147
f 5137 2032 2034
f 5137 2034 5144
f 5136 2032 5137
f 5136 2033 2032
f 5136 2030 2033
f 5132 2030 5136
f 5132 2031 2030
f 5128 2031 5132
f 5122 2029 2031
f 5122 2031 5128
f 5121 2028 2029
f 5121 2027 2028
f 5121 2029 5122
f 5117 2027 5121
f 5112 2026 2027
f 5112 2024 2026
f 5112 2027 5117
f 5108 2025 2024
f 5108 2024 5112
f 5104 2025 5108
f 5100 2023 2025
f 5100 2021 2023
f 5100 2025 5104
f 5096 2022 2021
f 5096 2021 5100
f 5098 2020 2022
f 5098 2022 5096
f 5102 2018 2020
f 5102 2020 5098
f 5106 2019 2018
f 5106 2018 5102
f 5110 2017 2019
f 5110 2019 5106
f 5115 2017 5110
f 5114 2014 2017
f 5114 2015 2014
f 5114 2017 5115
f 5119 2016 2015
f 5119 2015 5114
f 5126 2012 2016
f 5126 2016 5119
f 5130 2009 2012
f 5130 2012 5126
f 5134 2010 2009
f 5134 2009 5130
f 5139 2011 2010
f 5139 2010 5134
f 5142 2011 5139
f 5069 2013 2011
f 5069 2011 5142
f 5065 5064 2006
f 5065 2006 2043
f 5063 2043 2041
f 5063 5065 2043
f 5069 2041 2013
f 5069 5063 2041
f 5168 2108 2107
f 5168 2107 5170
f 5165 2103 2108
f 5165 2108 5168
f 5163 2104 2103
f 5163 2103 5165
f 5161 2105 2104
f 5161 2104 5163
f 5160 2106 2105
f 5160 2105 5161
f 5145 2085 2102
f 5157 2102 2110
f 5157 5145 2102
f 5156 2110 2106
f 5156 5157 2110
f 5160 5156 2106
f 5141 2089 2085
f 5141 2085 5145
f 5138 2090 2089
f 5138 2089 5141
f 5133 2091 2090
f 5133 2090 5138
f 5129 2092 2091
f 5129 2091 5133
f 5125 2081 2092
f 5125 2092 5129
f 5123 2082 2081
f 5123 2081 5125
f 5118 2078 2082
f 5118 2082 5123
f 5113 2078 5118
f 5113 2076 2078
f 5109 2076 5113
f 5109 2077 2076
f 5105 2072 2077
f 5105 2077 5109
f 5101 2071 2072
f 5101 2072 5105
f 5095 2069 2071
f 5095 2071 5101
f 5097 2070 2069
f 5097 2069 5095
f 5099 2068 2070
f 5099 2070 5097
f 5103 2074 2068
f 5103 2068 5099
f 5107 2075 2074
f 5107 2074 5103
f 5111 2073 2075
f 5111 2075 5107
f 5116 2080 2073
f 5116 2073 5111
f 5120 2079 2080
f 5120 2080 5116
f 5124 2084 2079
f 5124 2079 5120
f 5127 2083 2084
f 5127 2084 5124
f 5131 2086 2083
f 5131 2087 2086
f 5131 2083 5127
f 5135 2087 5131
f 5140 2088 2087
f 5140 2087 5135
f 5143 2094 2088
f 5143 2088 5140
f 5146 2093 2094
f 5146 2094 5143
f 5148 2098 2093
f 5148 2093 5146
f 5151 2099 2098
f 5151 2098 5148
f 5152 2097 2099
f 5152 2101 2097
f 5152 2099 5151
f 5154 2101 5152
f 5158 2100 2101
f 5158 2101 5154
f 5158 5171 2109
f 5158 2109 2100
f 5321 2353 2349
f 5320 2348 2327
f 5320 2349 2348
f 5320 5321 2349
f 5319 2327 2297
f 5319 5320 2327
f 5315 2296 2294
f 5315 2297 2296
f 5315 5319 2297
f 5313 2294 2292
f 5313 5315 2294
f 5305 2291 2289
f 5305 2292 2291
f 5305 5313 2292
f 5303 2289 2287
f 5303 5305 2289
f 5297 2286 2284
f 5297 2287 2286
f 5297 5303 2287
f 5295 2284 2282
f 5295 5297 2284
f 5293 2282 2280
f 5293 5295 2282
f 5292 2280 2278
f 5292 5293 2280
f 5291 2278 2276
f 5291 5292 2278
f 5289 2276 2227
f 5289 5291 2276
f 5290 2227 2226
f 5290 5289 2227
f 5288 2226 2224
f 5288 5290 2226
f 5308 5312 2237
f 5308 2237 3421
f 5318 3421 3420
f 5318 5308 3421
f 5321 3420 2353
f 5321 5318 3420
f 5208 5207 2157
f 5208 2157 2159
f 5206 2159 2160
f 5206 5208 2159
f 5209 2160 2162
f 5209 5206 2160
f 5210 2162 2164
f 5210 5209 2162
f 5211 2164 2166
f 5211 5210 2164
f 5294 2166 2168
f 5294 5211 2166
f 5296 2168 2170
f 5296 5294 2168
f 5298 5296 2170
f 5299 2170 2173
f 5299 5298 2170
f 5304 2173 2175
f 5304 5299 2173
f 5306 5304 2175
f 5307 2175 2178
f 5307 5306 2175
f 5314 2178 2180
f 5314 5307 2178
f 5316 5314 2180
f 5317 2180 2211
f 5317 5316 2180
f 5309 2211 2228
f 5309 5317 2211
f 5310 5309 2228
f 5311 5310 2228
f 5311 2228 2237
f 5312 5311 2237
f 5207 5273 2154
f 5207 2154 2157
f 5272 2155 2154
f 5272 2154 5273
f 5270 2151 2155
f 5270 2155 5272
f 5268 2152 2151
f 5268 2151 5270
f 5266 2148 2152
f 5266 2152 5268
f 5264 2149 2148
f 5264 2148 5266
f 5261 2150 2149
f 5261 2149 5264
f 5258 2153 2150
f 5258 2150 5261
f 5250 2153 5258
f 5250 2147 2153
f 5250 2145 2147
f 5246 2145 5250
f 5246 2146 2145
f 5245 2146 5246
f 5241 2144 2146
f 5241 2146 5245
f 5238 2142 2144
f 5238 2143 2142
f 5238 2144 5241
f 5233 2143 5238
f 5229 2141 2143
f 5229 2138 2141
f 5229 2143 5233
f 5222 2139 2138
f 5222 2138 5229
f 5221 2139 5222
f 5217 2140 2139
f 5217 2135 2140
f 5217 2139 5221
f 5213 2136 2135
f 5213 2135 5217
f 5215 2137 2136
f 5215 2136 5213
f 5219 2131 2137
f 5219 2137 5215
f 5224 2132 2131
f 5224 2131 5219
f 5227 2133 2132
f 5227 2132 5224
f 5231 2133 5227
f 5236 2134 2133
f 5236 2127 2134
f 5236 2133 5231
f 5235 2128 2127
f 5235 2127 5236
f 5243 2129 2128
f 5243 2128 5235
f 5248 2130 2129
f 5248 2129 5243
f 5252 2124 2130
f 5252 2130 5248
f 5256 2125 2124
f 5256 2124 5252
f 5255 2125 5256
f 5183 2126 2125
f 5183 2125 5255
f 5185 5184 2119
f 5185 2119 2158
f 5186 2158 2156
f 5186 5185 2158
f 5183 2156 2126
f 5183 5186 2156
f 5287 2223 2222
f 5284 2221 2223
f 5284 2223 5287
f 5283 2218 2221
f 5283 2221 5284
f 5280 2219 2218
f 5280 2218 5283
f 5278 2220 2219
f 5278 2219 5280
f 5275 2220 5278
f 5262 2208 2216
f 5276 2216 2225
f 5276 5262 2216
f 5277 2225 2220
f 5277 5276 2225
f 5275 5277 2220
f 5259 2206 2208
f 5259 2208 5262
f 5254 2204 2206
f 5254 2206 5259
f 5251 2202 2204
f 5251 2204 5254
f 5247 2198 2202
f 5247 2202 5251
f 5242 2199 2198
f 5242 2198 5247
f 5239 2200 2199
f 5239 2199 5242
f 5234 2197 2200
f 5234 2192 2197
f 5234 2200 5239
f 5230 2192 5234
f 5230 2190 2192
f 5226 2190 5230
f 5226 2188 2190
f 5223 2183 2188
f 5223 2188 5226
f 5218 2184 2183
f 5218 2183 5223
f 5212 2185 2184
f 5212 2184 5218
f 5214 2186 2185
f 5214 2185 5212
f 5216 2189 2186
f 5216 2186 5214
f 5220 2187 2189
f 5220 2189 5216
f 5225 2191 2187
f 5225 2187 5220
f 5228 2194 2191
f 5228 2191 5225
f 5232 2195 2194
f 5232 2194 5228
f 5237 2193 2195
f 5237 2195 5232
f 5240 2196 2193
f 5240 2193 5237
f 5244 2203 2196
f 5244 2196 5240
f 5249 2201 2203
f 5249 2203 5244
f 5253 2207 2201
f 5253 2201 5249
f 5257 2205 2207
f 5257 2207 5253
f 5260 2209 2205
f 5260 2205 5257
f 5263 2210 2209
f 5263 2209 5260
f 5265 2214 2210
f 5265 2210 5263
f 5267 2213 2214
f 5267 2214 5265
f 5269 2217 2213
f 5269 2213 5267
f 5271 2217 5269
f 5274 2215 2217
f 5274 2217 5271
f 5274 5288 2224
f 5274 2224 2215
f 5439 2468 2460
f 5438 2459 2442
f 5438 2460 2459
f 5438 5439 2460
f 5437 2442 2412
f 5437 5438 2442
f 5433 2411 2409
f 5433 2412 2411
f 5433 5437 2412
f 5431 2409 2407
f 5431 5433 2409
f 5423 2406 2404
f 5423 2407 2406
f 5423 5431 2407
f 5421 2404 2402
f 5421 5423 2404
f 5417 2401 2399
f 5417 2402 2401
f 5417 5421 2402
f 5412 2399 2397
f 5412 5417 2399
f 5410 2397 2395
f 5410 5412 2397
f 5409 2395 2393
f 5409 5410 2395
f 5408 2393 2391
f 5408 5409 2393
f 5406 2391 2342
f 5406 5408 2391
f 5407 2342 2341
f 5407 5406 2342
f 5405 2341 2339
f 5405 5407 2341
f 5426 5430 2352
f 5426 3419 3418
f 5426 2352 3419
f 5436 3418 2468
f 5436 5426 3418
f 5439 5436 2468
f 5324 5323 2272
f 5324 2272 2274
f 5322 2274 2275
f 5322 5324 2274
f 5325 2275 2277
f 5325 5322 2275
f 5326 2277 2279
f 5326 5325 2277
f 5327 2279 2281
f 5327 5326 2279
f 5411 2281 2283
f 5411 5327 2281
f 5413 2283 2285
f 5413 5411 2283
f 5418 5413 2285
f 5419 2285 2288
f 5419 5418 2285
f 5422 2288 2290
f 5422 5419 2288
f 5424 5422 2290
f 5425 2290 2293
f 5425 5424 2290
f 5432 2293 2295
f 5432 5425 2293
f 5434 5432 2295
f 5435 2295 2326
f 5435 5434 2295
f 5427 2326 2347
f 5427 5435 2326
f 5428 5427 2347
f 5429 5428 2347
f 5429 2347 2352
f 5430 5429 2352
f 5323 5390 2270
f 5323 2270 2272
f 5388 2268 2270
f 5388 2270 5390
f 5386 2269 2268
f 5386 2268 5388
f 5384 2267 2269
f 5384 2269 5386
f 5381 2265 2267
f 5381 2267 5384
f 5378 2266 2265
f 5378 2265 5381
f 5377 2264 2266
f 5377 2266 5378
f 5374 2263 2264
f 5374 2264 5377
f 5370 2263 5374
f 5370 2261 2263
f 5362 2261 5370
f 5362 2262 2261
f 5361 2260 2262
f 5361 2262 5362
f 5358 2258 2260
f 5358 2260 5361
f 5354 2259 2258
f 5354 2258 5358
f 5349 2254 2259
f 5349 2259 5354
f 5346 2255 2254
f 5346 2254 5349
f 5341 2256 2255
f 5341 2255 5346
f 5337 2257 2256
f 5337 2256 5341
f 5334 2253 2257
f 5334 2257 5337
f 5329 2251 2253
f 5329 2253 5334
f 5332 2252 2251
f 5332 2251 5329
f 5331 2250 2252
f 5331 2252 5332
f 5339 2247 2250
f 5339 2250 5331
f 5344 2248 2247
f 5344 2247 5339
f 5343 2249 2248
f 5343 2248 5344
f 5352 2244 2249
f 5352 2249 5343
f 5351 2245 2244
f 5351 2244 5352
f 5356 2246 2245
f 5356 2245 5351
f 5364 2243 2246
f 5364 2246 5356
f 5368 2242 2243
f 5368 2243 5364
f 5367 2239 2242
f 5367 2242 5368
f 5372 2240 2239
f 5372 2239 5367
f 5300 2241 2240
f 5300 2240 5372
f 5301 5394 2236
f 5301 2236 2273
f 5302 2273 2271
f 5302 5301 2273
f 5300 2271 2241
f 5300 5302 2271
f 5401 2336 2338
f 5401 2338 5404
f 5399 2337 2336
f 5399 2336 5401
f 5397 2333 2337
f 5397 2337 5399
f 5395 2334 2333
f 5395 2333 5397
f 5391 2335 2334
f 5391 2334 5395
f 5392 5379 2322
f 5392 2322 2331
f 5393 2331 2340
f 5393 5392 2331
f 5391 2340 2335
f 5391 5393 2340
f 5375 2318 2322
f 5375 2322 5379
f 5371 2319 2318
f 5371 2318 5375
f 5366 2320 2319
f 5366 2319 5371
f 5363 2321 2320
f 5363 2320 5366
f 5359 2316 2321
f 5359 2321 5363
f 5355 2317 2316
f 5355 2316 5359
f 5350 2309 2317
f 5350 2306 2309
f 5350 2317 5355
f 5347 2306 5350
f 5347 2307 2306
f 5342 2307 5347
f 5342 2303 2307
f 5338 2299 2303
f 5338 2303 5342
f 5335 2300 2299
f 5335 2299 5338
f 5328 2301 2300
f 5328 2300 5335
f 5330 2302 2301
f 5330 2301 5328
f 5333 2298 2302
f 5333 2302 5330
f 5336 2305 2298
f 5336 2298 5333
f 5340 2304 2305
f 5340 2305 5336
f 5345 2308 2304
f 5345 2304 5340
f 5348 2311 2308
f 5348 2308 5345
f 5353 2310 2311
f 5353 2311 5348
f 5357 2313 2310
f 5357 2310 5353
f 5360 2312 2313
f 5360 2313 5357
f 5365 2314 2312
f 5365 2312 5360
f 5369 2315 2314
f 5369 2314 5365
f 5373 2323 2315
f 5373 2315 5369
f 5376 2325 2323
f 5376 2323 5373
f 5380 2324 2325
f 5380 2325 5376
f 5382 2328 2324
f 5382 2324 5380
f 5383 2329 2328
f 5383 2328 5382
f 5385 2332 2329
f 5385 2329 5383
f 5387 2332 5385
f 5389 2330 2332
f 5389 2332 5387
f 5389 5405 2339
f 5389 2339 2330
f 5556 2583 2578
f 5555 2577 2556
f 5555 2578 2577
f 5555 5556 2578
f 5554 2556 2527
f 5554 5555 2556
f 5550 2526 2524
f 5550 2527 2526
f 5550 5554 2527
f 5548 2524 2522
f 5548 5550 2524
f 5540 2521 2519
f 5540 2522 2521
f 5540 5548 2522
f 5538 2519 2517
f 5538 5540 2519
f 5531 2516 2514
f 5531 2517 2516
f 5531 5538 2517
f 5529 2514 2512
f 5529 5531 2514
f 5527 2512 2510
f 5527 5529 2512
f 5526 2510 2508
f 5526 5527 2510
f 5525 2508 2506
f 5525 5526 2508
f 5523 2506 2457
f 5523 5525 2506
f 5524 2457 2456
f 5524 5523 2457
f 5522 2456 2454
f 5522 5524 2456
f 5543 5547 2467
f 5543 2467 3417
f 5553 3417 2584
f 5553 5543 3417
f 5556 2584 2583
f 5556 5553 2584
f 5442 5441 2387
f 5442 2387 2389
f 5440 2389 2390
f 5440 5442 2389
f 5443 2390 2392
f 5443 5440 2390
f 5444 2392 2394
f 5444 5443 2392
f 5445 2394 2396
f 5445 5444 2394
f 5528 2396 2398
f 5528 5445 2396
f 5530 2398 2400
f 5530 5528 2398
f 5532 5530 2400
f 5533 2400 2403
f 5533 5532 2400
f 5539 2403 2405
f 5539 5533 2403
f 5541 5539 2405
f 5542 2405 2408
f 5542 5541 2405
f 5549 2408 2410
f 5549 5542 2408
f 5551 5549 2410
f 5552 2410 2441
f 5552 5551 2410
f 5544 2441 2458
f 5544 5552 2441
f 5545 5544 2458
f 5546 5545 2458
f 5546 2458 2467
f 5547 5546 2467
f 5441 5510 2385
f 5441 2385 2387
f 5506 2384 2385
f 5506 2385 5510
f 5504 2382 2384
f 5504 2384 5506
f 5502 2383 2382
f 5502 2382 5504
f 5500 2381 2383
f 5500 2383 5502
f 5496 2379 2381
f 5496 2381 5500
f 5495 2380 2379
f 5495 2379 5496
f 5491 2378 2380
f 5491 2376 2378
f 5491 2380 5495
f 5484 2376 5491
f 5480 2376 5484
f 5480 2377 2376
f 5479 2373 2377
f 5479 2377 5480
f 5475 2374 2373
f 5475 2375 2374
f 5475 2373 5479
f 5472 2375 5475
f 5464 2371 2375
f 5464 2375 5472
f 5463 2372 2371
f 5463 2371 5464
f 5457 2368 2372
f 5457 2372 5463
f 5456 2369 2368
f 5456 2370 2369
f 5456 2368 5457
f 5448 2370 5456
f 5447 2367 2370
f 5447 2366 2367
f 5447 2370 5448
f 5450 2363 2366
f 5450 2366 5447
f 5454 2364 2363
f 5454 2363 5450
f 5453 2364 5454
f 5461 2365 2364
f 5461 2364 5453
f 5466 2362 2365
f 5466 2365 5461
f 5470 2359 2362
f 5470 2362 5466
f 5469 2360 2359
f 5469 2359 5470
f 5477 2361 2360
f 5477 2360 5469
f 5482 2357 2361
f 5482 2361 5477
f 5486 2354 2357
f 5486 2357 5482
f 5489 2355 2354
f 5489 2354 5486
f 5493 2356 2355
f 5493 2355 5489
f 5420 2358 2356
f 5420 2356 5493
f 5416 5415 2350
f 5416 2350 2388
f 5414 2388 2386
f 5414 5416 2388
f 5420 2386 2358
f 5420 5414 2386
f 5521 2453 2452
f 5519 2451 2453
f 5519 2453 5521
f 5517 2448 2451
f 5517 2451 5519
f 5514 2449 2448
f 5514 2448 5517
f 5512 2449 5514
f 5511 2450 2449
f 5511 2449 5512
f 5497 2430 2447
f 5508 2447 2455
f 5508 5497 2447
f 5507 2455 2450
f 5507 5508 2455
f 5511 5507 2450
f 5492 2431 2430
f 5492 2430 5497
f 5488 2432 2431
f 5488 2431 5492
f 5485 2433 2432
f 5485 2432 5488
f 5481 2434 2433
f 5481 2433 5485
f 5476 2428 2434
f 5476 2434 5481
f 5473 2423 2428
f 5473 2428 5476
f 5468 2424 2423
f 5468 2425 2424
f 5468 2423 5473
f 5465 2425 5468
f 5465 2418 2425
f 5460 2418 5465
f 5460 2419 2418
f 5458 2413 2419
f 5458 2419 5460
f 5452 2414 2413
f 5452 2413 5458
f 5449 2415 2414
f 5449 2414 5452
f 5446 2417 2415
f 5446 2415 5449
f 5451 2416 2417
f 5451 2417 5446
f 5455 2421 2416
f 5455 2416 5451
f 5459 2422 2421
f 5459 2421 5455
f 5462 2420 2422
f 5462 2422 5459
f 5467 2426 2420
f 5467 2420 5462
f 5471 2429 2426
f 5471 2426 5467
f 5474 2427 2429
f 5474 2429 5471
f 5478 2435 2427
f 5478 2427 5474
f 5483 2436 2435
f 5483 2435 5478
f 5487 2437 2436
f 5487 2436 5483
f 5490 2438 2437
f 5490 2437 5487
f 5494 2440 2438
f 5494 2438 5490
f 5498 2439 2440
f 5498 2440 5494
f 5499 2444 2439
f 5499 2439 5498
f 5501 2443 2444
f 5501 2444 5499
f 5503 2445 2443
f 5503 2443 5501
f 5505 2445 5503
f 5509 2446 2445
f 5509 2445 5505
f 5509 5522 2454
f 5509 2454 2446
f 5672 2700 2692
f 5671 2691 2673
f 5671 2692 2691
f 5671 5672 2692
f 5670 2673 2644
f 5670 5671 2673
f 5666 2643 2641
f 5666 2644 2643
f 5666 5670 2644
f 5664 2641 2639
f 5664 5666 2641
f 5656 2638 2636
f 5656 2639 2638
f 5656 5664 2639
f 5654 2636 2634
f 5654 5656 2636
f 5651 2633 2631
f 5651 2634 2633
f 5651 5654 2634
f 5646 2631 2629
f 5646 5651 2631
f 5644 2629 2627
f 5644 5646 2629
f 5643 2627 2625
f 5643 5644 2627
f 5642 2625 2623
f 5642 5643 2625
f 5640 2623 2572
f 5640 5642 2623
f 5641 2572 2571
f 5641 5640 2572
f 5639 2571 2569
f 5639 5641 2571
f 5659 5663 2582
f 5659 2594 2701
f 5659 2582 2594
f 5669 2701 2700
f 5669 5659 2701
f 5672 5669 2700
f 5559 5558 2502
f 5559 2502 2504
f 5557 2504 2505
f 5557 5559 2504
f 5560 2505 2507
f 5560 5557 2505
f 5561 2507 2509
f 5561 5560 2507
f 5562 2509 2511
f 5562 5561 2509
f 5645 2511 2513
f 5645 5562 2511
f 5647 2513 2515
f 5647 5645 2513
f 5652 5647 2515
f 5653 2515 2518
f 5653 5652 2515
f 5655 2518 2520
f 5655 5653 2518
f 5657 5655 2520
f 5658 2520 2523
f 5658 5657 2520
f 5665 2523 2525
f 5665 5658 2523
f 5667 5665 2525
f 5668 2525 2555
f 5668 5667 2525
f 5660 2555 2576
f 5660 5668 2555
f 5661 5660 2576
f 5662 5661 2576
f 5662 2576 2582
f 5663 5662 2582
f 5558 5627 2499
f 5558 2499 2502
f 5623 2501 2499
f 5623 2499 5627
f 5621 2496 2501
f 5621 2501 5623
f 5618 2497 2496
f 5618 2496 5621
f 5617 2498 2497
f 5617 2497 5618
f 5615 2494 2498
f 5615 2498 5617
f 5612 2495 2494
f 5612 2494 5615
f 5608 2492 2495
f 5608 2489 2492
f 5608 2495 5612
f 5604 2489 5608
f 5601 2489 5604
f 5601 2490 2489
f 5597 2491 2490
f 5597 2490 5601
f 5593 2493 2491
f 5593 2488 2493
f 5593 2491 5597
f 5588 2488 5593
f 5581 2487 2488
f 5581 2488 5588
f 5580 2485 2487
f 5580 2487 5581
f 5573 2486 2485
f 5573 2485 5580
f 5572 2484 2486
f 5572 2482 2484
f 5572 2486 5573
f 5568 2482 5572
f 5564 2483 2482
f 5564 2479 2483
f 5564 2482 5568
f 5566 2480 2479
f 5566 2479 5564
f 5570 2481 2480
f 5570 2480 5566
f 5575 2481 5570
f 5578 2478 2481
f 5578 2481 5575
f 5583 2476 2478
f 5583 2478 5578
f 5586 2477 2476
f 5586 2476 5583
f 5591 2474 2477
f 5591 2477 5586
f 5590 2475 2474
f 5590 2474 5591
f 5595 2472 2475
f 5595 2475 5590
f 5599 2473 2472
f 5599 2472 5595
f 5606 2469 2473
f 5606 2473 5599
f 5610 2470 2469
f 5610 2469 5606
f 5534 2471 2470
f 5534 2470 5610
f 5536 5535 2465
f 5536 2465 2503
f 5537 2503 2500
f 5537 5536 2503
f 5534 2500 2471
f 5534 5537 2500
f 5635 2567 2566
f 5635 2566 5638
f 5634 2563 2567
f 5634 2567 5635
f 5631 2564 2563
f 5631 2563 5634
f 5629 2565 2564
f 5629 2564 5631
f 5628 2568 2565
f 5628 2565 5629
f 5625 5613 2553
f 5625 2553 2561
f 5624 2561 2570
f 5624 5625 2561
f 5628 2570 2568
f 5628 5624 2570
f 5609 2551 2553
f 5609 2553 5613
f 5605 2550 2551
f 5605 2551 5609
f 5602 2544 2550
f 5602 2550 5605
f 5598 2542 2544
f 5598 2544 5602
f 5594 2541 2542
f 5594 2542 5598
f 5589 2538 2541
f 5589 2541 5594
f 5585 2539 2538
f 5585 2540 2539
f 5585 2538 5589
f 5582 2540 5585
f 5582 2528 2540
f 5577 2528 5582
f 5577 2529 2528
f 5574 2530 2529
f 5574 2529 5577
f 5569 2531 2530
f 5569 2530 5574
f 5563 2532 2531
f 5563 2531 5569
f 5565 2533 2532
f 5565 2532 5563
f 5567 2534 2533
f 5567 2533 5565
f 5571 2535 2534
f 5571 2534 5567
f 5576 2537 2535
f 5576 2535 5571
f 5579 2536 2537
f 5579 2537 5576
f 5584 2543 2536
f 5584 2536 5579
f 5587 2545 2543
f 5587 2543 5584
f 5592 2547 2545
f 5592 2545 5587
f 5596 2548 2547
f 5596 2547 5592
f 5600 2546 2548
f 5600 2548 5596
f 5603 2549 2546
f 5603 2546 5600
f 5607 2552 2549
f 5607 2549 5603
f 5611 2554 2552
f 5611 2552 5607
f 5614 2558 2554
f 5614 2554 5611
f 5616 2559 2558
f 5616 2558 5614
f 5619 2557 2559
f 5619 2559 5616
f 5620 2562 2557
f 5620 2557 5619
f 5622 2562 5620
f 5626 2560 2562
f 5626 2562 5622
f 5626 5639 2569
f 5626 2569 2560
f 5790 2817 2813
f 5789 2812 2789
f 5789 2813 2812
f 5789 5790 2813
f 5788 2789 2761
f 5788 5789 2789
f 5784 2760 2758
f 5784 2761 2760
f 5784 5788 2761
f 5782 2758 2756
f 5782 5784 2758
f 5774 2755 2753
f 5774 2756 2755
f 5774 5782 2756
f 5772 2753 2751
f 5772 5774 2753
f 5765 2750 2748
f 5765 2751 2750
f 5765 5772 2751
f 5763 2748 2746
f 5763 5765 2748
f 5761 2746 2744
f 5761 5763 2746
f 5760 2744 2742
f 5760 5761 2744
f 5759 2742 2740
f 5759 5760 2742
f 5757 2740 2689
f 5757 5759 2740
f 5758 2689 2688
f 5758 5757 2689
f 5756 2688 2686
f 5756 5758 2688
f 5777 5781 2699
f 5777 2699 2711
f 5787 2711 2827
f 5787 5777 2711
f 5790 2827 2817
f 5790 5787 2827
f 5675 5674 2619
f 5675 2619 2621
f 5673 2621 2622
f 5673 5675 2621
f 5676 2622 2624
f 5676 5673 2622
f 5677 2624 2626
f 5677 5676 2624
f 5678 2626 2628
f 5678 5677 2626
f 5762 2628 2630
f 5762 5678 2628
f 5764 2630 2632
f 5764 5762 2630
f 5766 5764 2632
f 5767 2632 2635
f 5767 5766 2632
f 5773 2635 2637
f 5773 5767 2635
f 5775 5773 2637
f 5776 2637 2640
f 5776 5775 2637
f 5783 2640 2642
f 5783 5776 2640
f 5785 5783 2642
f 5786 2642 2672
f 5786 5785 2642
f 5778 2672 2690
f 5778 5786 2672
f 5779 5778 2690
f 5780 5779 2690
f 5780 2690 2699
f 5781 5780 2699
f 5674 5744 2616
f 5674 2616 2619
f 5739 2618 2616
f 5739 2616 5744
f 5738 2613 2618
f 5738 2618 5739
f 5735 2614 2613
f 5735 2613 5738
f 5733 2615 2614
f 5733 2614 5735
f 5729 2610 2615
f 5729 2615 5733
f 5726 2611 2610
f 5726 2610 5729
f 5725 2612 2611
f 5725 2611 5726
f 5721 2612 5725
f 5721 2609 2612
f 5716 2609 5721
f 5716 2606 2609
f 5712 2607 2606
f 5712 2606 5716
f 5709 2608 2607
f 5709 2607 5712
f 5705 2605 2608
f 5705 2608 5709
f 5700 2604 2605
f 5700 2605 5705
f 5697 2603 2604
f 5697 2604 5700
f 5693 2602 2603
f 5693 2603 5697
f 5689 2601 2602
f 5689 2602 5693
f 5684 2600 2601
f 5684 2601 5689
f 5680 2599 2600
f 5680 2600 5684
f 5682 2598 2599
f 5682 2599 5680
f 5687 2595 2598
f 5687 2598 5682
f 5686 2596 2595
f 5686 2595 5687
f 5691 2597 2596
f 5691 2596 5686
f 5695 2593 2597
f 5695 2597 5691
f 5703 2589 2593
f 5703 2593 5695
f 5702 2590 2589
f 5702 2589 5703
f 5707 2591 2590
f 5707 2590 5702
f 5714 2592 2591
f 5714 2591 5707
f 5719 2585 2592
f 5719 2592 5714
f 5718 2586 2585
f 5718 2585 5719
f 5723 2587 2586
f 5723 2588 2587
f 5723 2586 5718
f 5731 2588 5723
f 5650 5649 2581
f 5650 2581 2620
f 5648 2620 2617
f 5648 5650 2620
f 5731 2617 2588
f 5731 5648 2617
f 5753 2680 2684
f 5753 2684 5755
f 5750 2681 2680
f 5750 2680 5753
f 5749 2682 2681
f 5749 2681 5750
f 5746 2683 2682
f 5746 2682 5749
f 5745 2685 2683
f 5745 2683 5746
f 5742 5730 2670
f 5742 2670 2677
f 5741 2677 2687
f 5741 5742 2677
f 5745 2687 2685
f 5745 5741 2687
f 5727 2668 2670
f 5727 2670 5730
f 5722 2666 2668
f 5722 2668 5727
f 5717 2662 2666
f 5717 2666 5722
f 5713 2663 2662
f 5713 2662 5717
f 5710 2664 2663
f 5710 2663 5713
f 5706 2665 2664
f 5706 2664 5710
f 5701 2658 2665
f 5701 2665 5706
f 5698 2658 5701
f 5698 2654 2658
f 5694 2654 5698
f 5694 2652 2654
f 5690 2653 2652
f 5690 2652 5694
f 5685 2648 2653
f 5685 2653 5690
f 5679 2646 2648
f 5679 2648 5685
f 5681 2647 2646
f 5681 2646 5679
f 5683 2645 2647
f 5683 2647 5681
f 5688 2650 2645
f 5688 2645 5683
f 5692 2649 2650
f 5692 2650 5688
f 5696 2651 2649
f 5696 2649 5692
f 5699 2656 2651
f 5699 2651 5696
f 5704 2655 2656
f 5704 2656 5699
f 5708 2657 2655
f 5708 2655 5704
f 5711 2660 2657
f 5711 2659 2660
f 5711 2657 5708
f 5715 2661 2659
f 5715 2659 5711
f 5720 2661 5715
f 5724 2669 2661
f 5724 2667 2669
f 5724 2661 5720
f 5728 2671 2667
f 5728 2667 5724
f 5732 2671 5728
f 5734 2675 2671
f 5734 2674 2675
f 5734 2671 5732
f 5736 2674 5734
f 5737 2678 2674
f 5737 2674 5736
f 5740 2679 2678
f 5740 2678 5737
f 5743 2676 2679
f 5743 2679 5740
f 5743 5756 2686
f 5743 2686 2676
f 5906 2934 2926
f 5905 2925 2907
f 5905 2926 2925
f 5905 5906 2926
f 5904 2907 2878
f 5904 5905 2907
f 5900 2877 2875
f 5900 2878 2877
f 5900 5904 2878
f 5898 2875 2873
f 5898 5900 2875
f 5890 2872 2870
f 5890 2873 2872
f 5890 5898 2873
f 5888 2870 2868
f 5888 5890 2870
f 5882 2867 2865
f 5882 2868 2867
f 5882 5888 2868
f 5880 2865 2863
f 5880 5882 2865
f 5878 2863 2861
f 5878 5880 2863
f 5877 2861 2859
f 5877 5878 2861
f 5876 2859 2857
f 5876 5877 2859
f 5874 2857 2806
f 5874 5876 2857
f 5875 2806 2805
f 5875 5874 2806
f 5873 2805 2803
f 5873 5875 2805
f 5893 5897 2816
f 5893 2826 2945
f 5893 2816 2826
f 5903 2945 2934
f 5903 5893 2945
f 5906 5903 2934
f 5793 5792 2736
f 5793 2736 2738
f 5791 2738 2739
f 5791 5793 2738
f 5794 2739 2741
f 5794 5791 2739
f 5795 2741 2743
f 5795 5794 2741
f 5796 2743 2745
f 5796 5795 2743
f 5879 2745 2747
f 5879 5796 2745
f 5881 2747 2749
f 5881 5879 2747
f 5883 5881 2749
f 5884 2749 2752
f 5884 5883 2749
f 5889 2752 2754
f 5889 5884 2752
f 5891 5889 2754
f 5892 2754 2757
f 5892 5891 2754
f 5899 2757 2759
f 5899 5892 2757
f 5901 5899 2759
f 5902 2759 2788
f 5902 5901 2759
f 5894 2788 2811
f 5894 5902 2788
f 5895 5894 2811
f 5896 5895 2811
f 5896 2811 2816
f 5897 5896 2816
f 5792 5861 2734
f 5792 2734 2736
f 5861 2731 2734
f 5857 2732 2731
f 5857 2731 5861
f 5854 2733 2732
f 5854 2732 5857
f 5853 2729 2733
f 5853 2733 5854
f 5850 2730 2729
f 5850 2729 5853
f 5847 2727 2730
f 5847 2730 5850
f 5846 2728 2727
f 5846 2727 5847
f 5843 2726 2728
f 5843 2728 5846
f 5838 2726 5843
f 5838 2724 2726
f 5835 2724 5838
f 5835 2725 2724
f 5830 2723 2725
f 5830 2725 5835
f 5826 2721 2723
f 5826 2723 5830
f 5822 2721 5826
f 5818 2722 2721
f 5818 2718 2722
f 5818 2721 5822
f 5815 2719 2718
f 5815 2718 5818
f 5810 2720 2719
f 5810 2719 5815
f 5806 2715 2720
f 5806 2720 5810
f 5799 2715 5806
f 5798 2716 2715
f 5798 2717 2716
f 5798 2715 5799
f 5801 2712 2717
f 5801 2717 5798
f 5804 2712 5801
f 5808 2713 2712
f 5808 2712 5804
f 5813 2714 2713
f 5813 2708 2714
f 5813 2713 5808
f 5812 2708 5813
f 5820 2709 2708
f 5820 2708 5812
f 5824 2710 2709
f 5824 2709 5820
f 5828 2705 2710
f 5828 2710 5824
f 5833 2706 2705
f 5833 2707 2706
f 5833 2705 5828
f 5832 2707 5833
f 5841 2702 2707
f 5841 2707 5832
f 5840 2703 2702
f 5840 2702 5841
f 5768 2704 2703
f 5768 2703 5840
f 5770 5769 2697
f 5770 2697 2737
f 5771 2737 2735
f 5771 5770 2737
f 5768 2735 2704
f 5768 5771 2735
f 5872 2802 2801
f 5869 2800 2802
f 5869 2802 5872
f 5867 2797 2800
f 5867 2800 5869
f 5866 2798 2797
f 5866 2797 5867
f 5863 2799 2798
f 5863 2798 5866
f 5862 2799 5863
f 5855 5848 2796
f 5855 2796 2795
f 5859 2795 2804
f 5859 5855 2795
f 5862 2804 2799
f 5862 5859 2804
f 5844 2787 2796
f 5844 2796 5848
f 5839 2782 2787
f 5839 2787 5844
f 5836 2777 2782
f 5836 2782 5839
f 5831 2775 2777
f 5831 2777 5836
f 5827 2776 2775
f 5827 2775 5831
f 5823 2773 2776
f 5823 2774 2773
f 5823 2776 5827
f 5819 2767 2774
f 5819 2774 5823
f 5816 2767 5819
f 5816 2768 2767
f 5811 2768 5816
f 5811 2769 2768
f 5807 2770 2769
f 5807 2769 5811
f 5803 2771 2770
f 5803 2770 5807
f 5800 2763 2771
f 5800 2771 5803
f 5797 2764 2763
f 5797 2763 5800
f 5802 2765 2764
f 5802 2764 5797
f 5805 2766 2765
f 5805 2765 5802
f 5809 2762 2766
f 5809 2766 5805
f 5814 2772 2762
f 5814 2762 5809
f 5817 2778 2772
f 5817 2772 5814
f 5821 2783 2778
f 5821 2778 5817
f 5825 2780 2783
f 5825 2783 5821
f 5829 2781 2780
f 5829 2780 5825
f 5834 2779 2781
f 5834 2781 5829
f 5837 2785 2779
f 5837 2779 5834
f 5842 2786 2785
f 5842 2785 5837
f 5845 2784 2786
f 5845 2786 5842
f 5849 2791 2784
f 5849 2784 5845
f 5851 2792 2791
f 5851 2791 5849
f 5852 2793 2792
f 5852 2792 5851
f 5856 2790 2793
f 5856 2793 5852
f 5858 2794 2790
f 5858 2790 5856
f 5860 2794 5858
f 5860 5873 2803
f 5860 2803 2794
f 6024 3051 3047
f 6023 3046 3024
f 6023 3047 3046
f 6023 6024 3047
f 6022 3024 2995
f 6022 6023 3024
f 6018 2994 2992
f 6018 2995 2994
f 6018 6022 2995
f 6016 2992 2990
f 6016 6018 2992
f 6008 2989 2987
f 6008 2990 2989
f 6008 6016 2990
f 6006 2987 2985
f 6006 6008 2987
f 5999 2984 2982
f 5999 2985 2984
f 5999 6006 2985
f 5997 2982 2980
f 5997 5999 2982
f 5995 2980 2978
f 5995 5997 2980
f 5994 2978 2976
f 5994 5995 2978
f 5993 2976 2974
f 5993 5994 2976
f 5991 2974 2923
f 5991 5993 2974
f 5992 2923 2922
f 5992 5991 2923
f 5990 2922 2920
f 5990 5992 2922
f 6011 6015 2933
f 6011 2944 3061
f 6011 2933 2944
f 6021 3061 3051
f 6021 6011 3061
f 6024 6021 3051
f 5909 5908 2853
f 5909 2853 2855
f 5907 2855 2856
f 5907 5909 2855
f 5910 2856 2858
f 5910 5907 2856
f 5911 2858 2860
f 5911 5910 2858
f 5912 2860 2862
f 5912 5911 2860
f 5996 2862 2864
f 5996 5912 2862
f 5998 2864 2866
f 5998 5996 2864
f 6000 5998 2866
f 6001 2866 2869
f 6001 6000 2866
f 6007 2869 2871
f 6007 6001 2869
f 6009 6007 2871
f 6010 2871 2874
f 6010 6009 2871
f 6017 2874 2876
f 6017 6010 2874
f 6019 6017 2876
f 6020 2876 2906
f 6020 6019 2876
f 6012 2906 2924
f 6012 6020 2906
f 6013 6012 2924
f 6014 6013 2924
f 6014 2924 2933
f 6015 6014 2933
f 5908 5978 2851
f 5908 2851 2853
f 5974 2849 2851
f 5974 2851 5978
f 5970 2850 2849
f 5970 2849 5974
f 5969 2847 2850
f 5969 2850 5970
f 5966 2848 2847
f 5966 2847 5969
f 5965 2845 2848
f 5965 2848 5966
f 5962 2846 2845
f 5962 2845 5965
f 5955 2843 2846
f 5955 2846 5962
f 5954 2843 5955
f 5954 2844 2843
f 5950 2844 5954
f 5950 2842 2844
f 5943 2841 2842
f 5943 2842 5950
f 5939 2839 2841
f 5939 2841 5943
f 5938 2840 2839
f 5938 2839 5939
f 5934 2837 2840
f 5934 2840 5938
f 5930 2838 2837
f 5930 2837 5934
f 5926 2834 2838
f 5926 2838 5930
f 5919 2835 2834
f 5919 2834 5926
f 5918 2836 2835
f 5918 2835 5919
f 5915 2833 2836
f 5915 2836 5918
f 5914 2832 2833
f 5914 2833 5915
f 5921 2830 2832
f 5921 2832 5914
f 5924 2831 2830
f 5924 2830 5921
f 5928 2828 2831
f 5928 2831 5924
f 5932 2829 2828
f 5932 2828 5928
f 5936 2824 2829
f 5936 2829 5932
f 5941 2825 2824
f 5941 2824 5936
f 5945 2823 2825
f 5945 2825 5941
f 5948 2822 2823
f 5948 2823 5945
f 5952 2818 2822
f 5952 2822 5948
f 5957 2819 2818
f 5957 2818 5952
f 5960 2820 2819
f 5960 2819 5957
f 5885 2821 2820
f 5885 2820 5960
f 5886 5976 2815
f 5886 2815 2854
f 5887 2854 2852
f 5887 5886 2854
f 5885 2852 2821
f 5885 5887 2852
f 5989 2914 2918
f 5986 2915 2914
f 5986 2914 5989
f 5984 2916 2915
f 5984 2915 5986
f 5982 2917 2916
f 5982 2916 5984
f 5980 2919 2917
f 5980 2917 5982
f 5979 2919 5980
f 5971 5963 2901
f 5971 2901 2913
f 5975 2913 2921
f 5975 5971 2913
f 5979 2921 2919
f 5979 5975 2921
f 5959 2902 2901
f 5959 2901 5963
f 5956 2903 2902
f 5956 2902 5959
f 5951 2897 2903
f 5951 2903 5956
f 5947 2895 2897
f 5947 2897 5951
f 5944 2896 2895
f 5944 2895 5947
f 5940 2888 2896
f 5940 2889 2888
f 5940 2896 5944
f 5935 2890 2889
f 5935 2889 5940
f 5931 2890 5935
f 5931 2882 2890
f 5927 2882 5931
f 5927 2879 2882
f 5923 2880 2879
f 5923 2879 5927
f 5920 2881 2880
f 5920 2880 5923
f 5913 2883 2881
f 5913 2881 5920
f 5916 2884 2883
f 5916 2883 5913
f 5917 2885 2884
f 5917 2884 5916
f 5922 2886 2885
f 5922 2885 5917
f 5925 2887 2886
f 5925 2886 5922
f 5929 2892 2887
f 5929 2887 5925
f 5933 2893 2892
f 5933 2892 5929
f 5937 2894 2893
f 5937 2893 5933
f 5942 2891 2894
f 5942 2894 5937
f 5946 2899 2891
f 5946 2891 5942
f 5949 2900 2899
f 5949 2899 5946
f 5953 2898 2900
f 5953 2900 5949
f 5958 2905 2898
f 5958 2898 5953
f 5961 2904 2905
f 5961 2905 5958
f 5964 2909 2904
f 5964 2904 5961
f 5967 2910 2909
f 5967 2909 5964
f 5968 2908 2910
f 5968 2910 5967
f 5972 2912 2908
f 5972 2908 5968
f 5973 2911 2912
f 5973 2912 5972
f 5977 2911 5973
f 5977 5990 2920
f 5977 2920 2911
f 6140 3168 3164
f 6139 3163 3140
f 6139 3164 3163
f 6139 6140 3164
f 6138 3140 3112
f 6138 6139 3140
f 6134 3111 3109
f 6134 3112 3111
f 6134 6138 3112
f 6132 3109 3107
f 6132 6134 3109
f 6124 3106 3104
f 6124 3107 3106
f 6124 6132 3107
f 6122 3104 3102
f 6122 6124 3104
f 6119 3101 3099
f 6119 3102 3101
f 6119 6122 3102
f 6114 3099 3097
f 6114 6119 3099
f 6112 3097 3095
f 6112 6114 3097
f 6111 3095 3093
f 6111 6112 3095
f 6110 3093 3091
f 6110 6111 3093
f 6108 3091 3040
f 6108 6110 3091
f 6109 3040 3039
f 6109 6108 3040
f 6107 3039 3037
f 6107 6109 3039
f 6127 6131 3050
f 6127 3060 3179
f 6127 3050 3060
f 6137 3179 3168
f 6137 6127 3179
f 6140 6137 3168
f 6027 6026 2970
f 6027 2970 2972
f 6025 2972 2973
f 6025 6027 2972
f 6028 2973 2975
f 6028 6025 2973
f 6029 2975 2977
f 6029 6028 2975
f 6030 2977 2979
f 6030 6029 2977
f 6113 2979 2981
f 6113 6030 2979
f 6115 2981 2983
f 6115 6113 2981
f 6120 6115 2983
f 6121 2983 2986
f 6121 6120 2983
f 6123 2986 2988
f 6123 6121 2986
f 6125 6123 2988
f 6126 2988 2991
f 6126 6125 2988
f 6133 2991 2993
f 6133 6126 2991
f 6135 6133 2993
f 6136 2993 3023
f 6136 6135 2993
f 6128 3023 3045
f 6128 6136 3023
f 6129 6128 3045
f 6130 6129 3045
f 6130 3045 3050
f 6131 6130 3050
f 6026 6095 2968
f 6026 2968 2970
f 6090 2966 2968
f 6090 2968 6095
f 6088 2967 2966
f 6088 2966 6090
f 6087 2965 2967
f 6087 2967 6088
f 6084 2964 2965
f 6084 2965 6087
f 6083 2963 2964
f 6083 2964 6084
f 6080 2962 2963
f 6080 2963 6083
f 6076 2958 2962
f 6076 2962 6080
f 6073 2958 6076
f 6073 2959 2958
f 6068 2959 6073
f 6068 2960 2959
f 6064 2961 2960
f 6064 2960 6068
f 6060 2957 2961
f 6060 2961 6064
f 6054 2956 2957
f 6054 2957 6060
f 6053 2953 2956
f 6053 2956 6054
f 6048 2954 2953
f 6048 2953 6053
f 6044 2955 2954
f 6044 2954 6048
f 6037 2951 2955
f 6037 2955 6044
f 6036 2952 2951
f 6036 2951 6037
f 6033 2950 2952
f 6033 2952 6036
f 6032 2948 2950
f 6032 2950 6033
f 6039 2949 2948
f 6039 2948 6032
f 6042 2946 2949
f 6042 2949 6039
f 6046 2947 2946
f 6046 2946 6042
f 6051 2943 2947
f 6051 2947 6046
f 6050 2942 2943
f 6050 2943 6051
f 6058 2939 2942
f 6058 2942 6050
f 6062 2940 2939
f 6062 2939 6058
f 6066 2941 2940
f 6066 2940 6062
f 6071 2938 2941
f 6071 2941 6066
f 6070 2935 2938
f 6070 2938 6071
f 6078 2936 2935
f 6078 2935 6070
f 6002 2937 2936
f 6002 2936 6078
f 6004 6003 2930
f 6004 2930 2971
f 6005 2971 2969
f 6005 6004 2971
f 6002 2969 2937
f 6002 6005 2969
f 6103 3031 3034
f 6103 3034 6106
f 6102 3032 3031
f 6102 3031 6103
f 6099 3033 3032
f 6099 3032 6102
f 6097 3035 3033
f 6097 3033 6099
f 6096 3036 3035
f 6096 3035 6097
f 6093 6081 3017
f 6093 3017 3030
f 6092 3030 3038
f 6092 6093 3030
f 6096 3038 3036
f 6096 6092 3038
f 6077 3018 3017
f 6077 3017 6081
f 6074 3019 3018
f 6074 3018 6077
f 6069 3013 3019
f 6069 3019 6074
f 6065 3014 3013
f 6065 3013 6069
f 6061 3011 3014
f 6061 3014 6065
f 6057 3012 3011
f 6057 3011 6061
f 6055 3006 3012
f 6055 3012 6057
f 6049 3006 6055
f 6049 3007 3006
f 6045 3007 6049
f 6045 3005 3007
f 6041 3001 3005
f 6041 3005 6045
f 6041 2996 3001
f 6038 2996 6041
f 6034 2996 6038
f 6034 2997 2996
f 6031 2998 2997
f 6031 2997 6034
f 6035 3000 2998
f 6035 2998 6031
f 6040 2999 3000
f 6040 3003 2999
f 6040 3000 6035
f 6043 3002 3003
f 6043 3003 6040
f 6047 3002 6043
f 6052 3004 3002
f 6052 3009 3004
f 6052 3002 6047
f 6056 3009 6052
f 6059 3008 3009
f 6059 3010 3008
f 6059 3009 6056
f 6063 3015 3010
f 6063 3010 6059
f 6067 3015 6063
f 6072 3016 3015
f 6072 3020 3016
f 6072 3015 6067
f 6075 3020 6072
f 6079 3021 3020
f 6079 3022 3021
f 6079 3020 6075
f 6082 3026 3022
f 6082 3022 6079
f 6085 3027 3026
f 6085 3026 6082
f 6086 3025 3027
f 6086 3027 6085
f 6089 3025 6086
f 6091 3028 3025
f 6091 3025 6089
f 6094 3029 3028
f 6094 3028 6091
f 6094 6107 3037
f 6094 3037 3029
f 6256 3285 3277
f 6255 3276 3258
f 6255 3277 3276
f 6255 6256 3277
f 6254 3258 3229
f 6254 6255 3258
f 6250 3228 3226
f 6250 3229 3228
f 6250 6254 3229
f 6248 3226 3224
f 6248 6250 3226
f 6240 3223 3221
f 6240 3224 3223
f 6240 6248 3224
f 6238 3221 3219
f 6238 6240 3221
f 6231 3218 3216
f 6231 3219 3218
f 6231 6238 3219
f 6229 3216 3214
f 6229 6231 3216
f 6227 3214 3212
f 6227 6229 3214
f 6226 3212 3210
f 6226 6227 3212
f 6225 3210 3208
f 6225 6226 3210
f 6223 3208 3158
f 6223 6225 3208
f 6224 3158 3157
f 6224 6223 3158
f 6222 3157 3154
f 6222 6224 3157
f 6243 6247 3167
f 6243 3178 3416
f 6243 3167 3178
f 6253 3416 3285
f 6253 6243 3416
f 6256 6253 3285
f 6143 6142 3087
f 6143 3087 3089
f 6141 3089 3090
f 6141 6143 3089
f 6144 3090 3092
f 6144 6141 3090
f 6145 3092 3094
f 6145 6144 3092
f 6146 3094 3096
f 6146 6145 3094
f 6228 3096 3098
f 6228 6146 3096
f 6230 3098 3100
f 6230 6228 3098
f 6232 6230 3100
f 6233 3100 3103
f 6233 6232 3100
f 6239 3103 3105
f 6239 6233 3103
f 6241 6239 3105
f 6242 3105 3108
f 6242 6241 3105
f 6249 3108 3110
f 6249 6242 3108
f 6251 6249 3110
f 6252 3110 3139
f 6252 6251 3110
f 6244 3139 3162
f 6244 6252 3139
f 6245 6244 3162
f 6246 6245 3162
f 6246 3162 3167
f 6247 6246 3167
f 6142 6211 3085
f 6142 3085 3087
f 6208 3083 3085
f 6208 3085 6211
f 6207 3084 3083
f 6207 3083 6208
f 6204 3081 3084
f 6204 3084 6207
f 6202 3082 3081
f 6202 3081 6204
f 6200 3079 3082
f 6200 3082 6202
f 6196 3080 3079
f 6196 3079 6200
f 6192 3078 3080
f 6192 3080 6196
f 6189 3078 6192
f 6189 3075 3078
f 6184 3075 6189
f 6184 3076 3075
f 6178 3077 3076
f 6178 3076 6184
f 6177 3074 3077
f 6177 3077 6178
f 6172 3071 3074
f 6172 3074 6177
f 6168 3072 3071
f 6168 3071 6172
f 6165 3073 3072
f 6165 3072 6168
f 6160 3070 3073
f 6160 3073 6165
f 6154 3066 3070
f 6154 3070 6160
f 6150 3067 3066
f 6150 3066 6154
f 6149 3068 3067
f 6149 3067 6150
f 6148 3065 3068
f 6148 3068 6149
f 6152 3062 3065
f 6152 3065 6148
f 6158 3063 3062
f 6158 3062 6152
f 6163 3064 3063
f 6163 3063 6158
f 6162 3069 3064
f 6162 3064 6163
f 6170 3059 3069
f 6170 3069 6162
f 6175 3057 3059
f 6175 3059 6170
f 6174 3058 3057
f 6174 3057 6175
f 6182 3056 3058
f 6182 3058 6174
f 6187 3055 3056
f 6187 3056 6182
f 6186 3052 3055
f 6186 3055 6187
f 6194 3053 3052
f 6194 3052 6186
f 6198 3054 3053
f 6198 3053 6194
f 6118 6117 3048
f 6118 3048 3088
f 6116 3088 3086
f 6116 6118 3088
f 6198 3086 3054
f 6198 6116 3086
f 6220 3151 3152
f 6220 3152 6375
f 6219 3148 3151
f 6219 3151 6220
f 6216 3149 3148
f 6216 3150 3149
f 6216 3148 6219
f 6214 3153 3150
f 6214 3150 6216
f 6212 3153 6214
f 6205 6197 3142
f 6205 3142 3147
f 6213 3147 3155
f 6213 6205 3147
f 6212 3155 3153
f 6212 6213 3155
f 6197 3136 3142
f 6193 3137 3136
f 6193 3136 6197
f 6190 3132 3137
f 6190 3137 6193
f 6185 3130 3132
f 6185 3132 6190
f 6181 3124 3130
f 6181 3130 6185
f 6179 3125 3124
f 6179 3124 6181
f 6173 3126 3125
f 6173 3125 6179
f 6169 3128 3126
f 6169 3126 6173
f 6166 3128 6169
f 6166 3129 3128
f 6161 3129 6166
f 6161 3118 3129
f 6157 3116 3118
f 6157 3118 6161
f 6155 3114 3116
f 6155 3116 6157
f 6151 3115 3114
f 6151 3114 6155
f 6147 3113 3115
f 6147 3115 6151
f 6153 3119 3113
f 6153 3113 6147
f 6156 3120 3119
f 6156 3119 6153
f 6159 3117 3120
f 6159 3120 6156
f 6164 3122 3117
f 6164 3117 6159
f 6167 3123 3122
f 6167 3122 6164
f 6171 3121 3123
f 6171 3123 6167
f 6176 3127 3121
f 6176 3121 6171
f 6180 3133 3127
f 6180 3127 6176
f 6183 3134 3133
f 6183 3133 6180
f 6188 3131 3134
f 6188 3134 6183
f 6191 3138 3131
f 6191 3131 6188
f 6195 3135 3138
f 6195 3138 6191
f 6199 3143 3135
f 6199 3135 6195
f 6201 3141 3143
f 6201 3143 6199
f 6203 3145 3141
f 6203 3141 6201
f 6206 3144 3145
f 6206 3145 6203
f 6209 3146 3144
f 6209 3144 6206
f 6210 3146 6209
f 6210 6222 3154
f 6210 3154 3146
f 6363 3400 3394
f 6362 3393 3373
f 6362 3394 3393
f 6362 6363 3394
f 6361 3373 3344
f 6361 6362 3373
f 6357 3343 3341
f 6357 3344 3343
f 6357 6361 3344
f 6355 3341 3339
f 6355 6357 3341
f 6347 3338 3336
f 6347 3339 3338
f 6347 6355 3339
f 6345 3336 3334
f 6345 6347 3336
f 6342 3333 3331
f 6342 3334 3333
f 6342 6345 3334
f 6340 3331 3329
f 6340 6342 3331
f 6338 3329 3327
f 6338 6340 3329
f 6337 3327 3325
f 6337 6338 3327
f 6336 3325 3323
f 6336 6337 3325
f 6334 3323 3274
f 6334 6336 3323
f 6335 3274 3273
f 6335 6334 3274
f 6333 3273 3271
f 6333 6335 3273
f 6350 6354 3284
f 6350 3284 3415
f 6360 3415 3414
f 6360 6350 3415
f 6363 3414 3400
f 6363 6360 3414
f 6259 6258 3204
f 6259 3204 3206
f 6257 3206 3207
f 6257 6259 3206
f 6260 3207 3209
f 6260 6257 3207
f 6261 3209 3211
f 6261 6260 3209
f 6262 3211 3213
f 6262 6261 3211
f 6339 3213 3215
f 6339 6262 3213
f 6341 3215 3217
f 6341 6339 3215
f 6343 6341 3217
f 6344 3217 3220
f 6344 6343 3217
f 6346 3220 3222
f 6346 6344 3220
f 6348 6346 3222
f 6349 3222 3225
f 6349 6348 3222
f 6356 3225 3227
f 6356 6349 3225
f 6358 6356 3227
f 6359 3227 3257
f 6359 6358 3227
f 6351 3257 3275
f 6351 6359 3257
f 6352 6351 3275
f 6353 6352 3275
f 6353 3275 3284
f 6354 6353 3284
f 6258 6327 3202
f 6258 3202 3204
f 6323 3201 3202
f 6323 3202 6327
f 6321 3198 3201
f 6321 3201 6323
f 6319 3200 3198
f 6319 3198 6321
f 6316 3199 3200
f 6316 3200 6319
f 6315 3197 3199
f 6315 3199 6316
f 6312 3196 3197
f 6312 3197 6315
f 6308 3195 3196
f 6308 3196 6312
f 6301 3195 6308
f 6301 3192 3195
f 6300 3192 6301
f 6300 3193 3192
f 6297 3194 3193
f 6297 3193 6300
f 6293 3190 3194
f 6293 3194 6297
f 6288 3191 3190
f 6288 3190 6293
f 6281 3185 3191
f 6281 3191 6288
f 6280 3186 3185
f 6280 3185 6281
f 6276 3187 3186
f 6276 3186 6280
f 6272 3188 3187
f 6272 3187 6276
f 6268 3189 3188
f 6268 3188 6272
f 6264 3183 3189
f 6264 3189 6268
f 6266 3184 3183
f 6266 3183 6264
f 6270 3180 3184
f 6270 3184 6266
f 6274 3181 3180
f 6274 3180 6270
f 6278 3182 3181
f 6278 3181 6274
f 6283 3176 3182
f 6283 3182 6278
f 6286 3177 3176
f 6286 3176 6283
f 6291 3174 3177
f 6291 3177 6286
f 6290 3175 3174
f 6290 3174 6291
f 6295 3173 3175
f 6295 3175 6290
f 6304 3172 3173
f 6304 3173 6295
f 6303 3169 3172
f 6303 3172 6304
f 6310 3170 3169
f 6310 3169 6303
f 6234 3171 3170
f 6234 3170 6310
f 6235 3165 3205
f 6236 3205 3203
f 6236 6235 3205
f 6237 3203 3171
f 6237 6236 3203
f 6234 6237 3171
f 6370 3265 3269
f 6370 3266 3265
f 6370 3269 6371
f 6397 3267 3266
f 6397 3266 6370
f 6331 3268 3267
f 6331 3267 6397
f 6329 3270 3268
f 6329 3268 6331
f 6328 3270 6329
f 6325 6313 3255
f 6325 3255 3264
f 6324 3264 3272
f 6324 6325 3264
f 6328 3272 3270
f 6328 6324 3272
f 6313 3250 3255
f 6309 3251 3250
f 6309 3250 6313
f 6306 3244 3251
f 6306 3251 6309
f 6302 3245 3244
f 6302 3244 6306
f 6298 3246 3245
f 6298 3245 6302
f 6294 3247 3246
f 6294 3246 6298
f 6289 3248 3247
f 6289 3247 6294
f 6285 3239 3248
f 6285 3248 6289
f 6282 3239 6285
f 6282 3236 3239
f 6277 3236 6282
f 6277 3237 3236
f 6273 3234 3237
f 6273 3237 6277
f 6269 3235 3234
f 6269 3234 6273
f 6263 3231 3235
f 6263 3235 6269
f 6265 3232 3231
f 6265 3231 6263
f 6267 3230 3232
f 6267 3232 6265
f 6271 3233 3230
f 6271 3230 6267
f 6275 3238 3233
f 6275 3233 6271
f 6279 3241 3238
f 6279 3238 6275
f 6284 3240 3241
f 6284 3241 6279
f 6287 3243 3240
f 6287 3240 6284
f 6292 3242 3243
f 6292 3243 6287
f 6296 3252 3242
f 6296 3242 6292
f 6299 3253 3252
f 6299 3252 6296
f 6305 3254 3253
f 6305 3253 6299
f 6307 3249 3254
f 6307 3254 6305
f 6311 3256 3249
f 6311 3249 6307
f 6314 3260 3256
f 6314 3256 6311
f 6317 3259 3260
f 6317 3260 6314
f 6318 3262 3259
f 6318 3259 6317
f 6320 3261 3262
f 6320 3262 6318
f 6322 3261 6320
f 6326 3263 3261
f 6326 3261 6322
f 6326 6333 3271
f 6326 3271 3263
f 6488 3411 3410
f 6487 3409 3408
f 6487 3410 3409
f 6487 6488 3410
f 6486 3408 3407
f 6486 6487 3408
f 6482 3406 3405
f 6482 3407 3406
f 6482 6486 3407
f 6480 3405 3404
f 6480 6482 3405
f 6472 3403 3402
f 6472 3404 3403
f 6472 6480 3404
f 6470 3402 3401
f 6470 6472 3402
f 6467 3398 3397
f 6467 3401 3398
f 6467 6470 3401
f 6465 3397 3396
f 6465 6467 3397
f 6463 3396 3395
f 6463 6465 3396
f 6462 3395 3391
f 6462 6463 3395
f 6461 3391 3390
f 6461 6462 3391
f 6459 3390 3389
f 6459 6461 3390
f 6460 3389 3388
f 6460 6459 3389
f 6458 3388 3386
f 6458 6460 3388
f 6475 6479 3399
f 6475 3413 3412
f 6475 3399 3413
f 6485 3412 3411
f 6485 6475 3412
f 6488 6485 3411
f 6366 6365 3319
f 6366 3319 3321
f 6364 3321 3322
f 6364 6366 3321
f 6367 3322 3324
f 6367 6364 3322
f 6368 3324 3326
f 6368 6367 3324
f 6369 3326 3328
f 6369 6368 3326
f 6464 3328 3330
f 6464 6369 3328
f 6466 3330 3332
f 6466 6464 3330
f 6468 6466 3332
f 6469 3332 3335
f 6469 6468 3332
f 6471 3335 3337
f 6471 6469 3335
f 6473 6471 3337
f 6474 3337 3340
f 6474 6473 3337
f 6481 3340 3342
f 6481 6474 3340
f 6483 6481 3342
f 6484 3342 3372
f 6484 6483 3342
f 6476 3372 3392
f 6476 6484 3372
f 6477 6476 3392
f 6478 6477 3392
f 6478 3392 3399
f 6479 6478 3399
f 6365 6451 3315
f 6365 3315 3319
f 6448 3317 3315
f 6448 3315 6451
f 6446 3318 3317
f 6446 3317 6448
f 6443 3313 3318
f 6443 3318 6446
f 6441 3314 3313
f 6441 3313 6443
f 6439 3312 3314
f 6439 3314 6441
f 6436 3309 3312
f 6436 3312 6439
f 6433 3310 3309
f 6433 3309 6436
f 6428 3310 6433
f 6428 3311 3310
f 6427 3311 6428
f 6427 3308 3311
f 6424 3306 3308
f 6424 3308 6427
f 6419 3307 3306
f 6419 3306 6424
f 6418 3305 3307
f 6418 3307 6419
f 6415 3304 3305
f 6415 3305 6418
f 6412 3302 3304
f 6412 3304 6415
f 6409 3303 3302
f 6409 3302 6412
f 6404 3300 3303
f 6404 3303 6409
f 6400 3301 3300
f 6400 3300 6404
f 6399 3298 3301
f 6399 3301 6400
f 6402 3299 3298
f 6402 3298 6399
f 6388 3297 3299
f 6388 3299 6402
f 6387 3295 3297
f 6387 3297 6388
f 6386 3296 3295
f 6386 3295 6387
f 6385 3294 3296
f 6385 3296 6386
f 6384 3293 3294
f 6384 3294 6385
f 6383 3292 3293
f 6383 3293 6384
f 6382 3290 3292
f 6382 3292 6383
f 6381 3291 3290
f 6381 3290 6382
f 6380 3289 3291
f 6380 3291 6381
f 6379 3286 3289
f 6379 3289 6380
f 6378 3287 3286
f 6378 3286 6379
f 6377 3288 3287
f 6377 3287 6378
f 6390 6389 3278
f 6390 3278 3320
f 6391 3320 3316
f 6391 6390 3320
f 6377 3316 3288
f 6377 6391 3316
f 6456 3385 3384
f 6456 3383 3385
f 6456 3384 6457
f 6455 3380 3383
f 6455 3383 6456
f 6454 3381 3380
f 6454 3380 6455
f 6453 3382 3381
f 6453 3381 6454
f 6452 3382 6453
f 6444 6437 3367
f 6444 3367 3379
f 6449 3379 3387
f 6449 6444 3379
f 6452 3387 3382
f 6452 6449 3387
f 6437 3368 3367
f 6434 3366 3368
f 6434 3368 6437
f 6431 3362 3366
f 6431 3366 6434
f 6429 3363 3362
f 6429 3362 6431
f 6425 3358 3363
f 6425 3363 6429
f 6422 3356 3358
f 6422 3358 6425
f 6420 3357 3356
f 6420 3356 6422
f 6416 3351 3357
f 6416 3357 6420
f 6413 3351 6416
f 6413 3352 3351
f 6410 3352 6413
f 6410 3353 3352
f 6407 3350 3353
f 6407 3353 6410
f 6405 3346 3350
f 6405 3350 6407
f 6401 3347 3346
f 6401 3346 6405
f 6398 3348 3347
f 6398 3347 6401
f 6403 3345 3348
f 6403 3348 6398
f 6406 3349 3345
f 6406 3345 6403
f 6408 3354 3349
f 6408 3349 6406
f 6411 3355 3354
f 6411 3354 6408
f 6414 3359 3355
f 6414 3355 6411
f 6417 3360 3359
f 6417 3359 6414
f 6421 3361 3360
f 6421 3360 6417
f 6423 3365 3361
f 6423 3361 6421
f 6426 3364 3365
f 6426 3365 6423
f 6430 3370 3364
f 6430 3364 6426
f 6432 3371 3370
f 6432 3370 6430
f 6435 3369 3371
f 6435 3371 6432
f 6438 3375 3369
f 6438 3369 6435
f 6440 3374 3375
f 6440 3375 6438
f 6442 3377 3374
f 6442 3374 6440
f 6445 3376 3377
f 6445 3377 6442
f 6447 3376 6445
f 6450 3378 3376
f 6450 3376 6447
f 6450 6458 3386
f 6450 3386 3378

