# https://github.com/mikedh/trimesh
v 11.14493895 -31.70710678 638.61010524
v 11.15833347 -31.76774307 638.67826090
v 11.16200325 -31.80578218 638.72496854
v 11.15958582 -31.85595593 638.79258629
v 11.14984528 -31.89452761 638.85104959
v 11.13564175 -31.92412105 638.90139760
v 11.09858754 -31.96485087 638.98489402
v 11.04458444 -31.99102802 639.06293526
v 10.97588627 -32.00000000 639.13011081
v 10.97588627 -35.00000000 639.13011081
v 11.04232935 -35.00000000 638.41576411
v 11.07118607 -35.00000000 638.45292290
v 11.09642244 -35.00000000 638.49262946
v 11.11781502 -35.00000000 638.53453224
v 11.13517441 -35.00000000 638.57826023
v 11.14834690 -35.00000000 638.62342627
v 11.15721587 -35.00000000 638.66963046
v 11.16170279 -35.00000000 638.71646370
v 11.16176793 -35.00000000 638.76351135
v 11.15741072 -35.00000000 638.81035685
v 11.14866974 -35.00000000 638.85658542
v 11.13562237 -35.00000000 638.90178776
v 11.11838414 -35.00000000 638.94556366
v 11.09710768 -35.00000000 638.98752552
v 11.07198136 -35.00000000 639.02730181
v 11.04322765 -35.00000000 639.06454037
v 11.01110114 -35.00000000 639.09891147
v 11.04232935 -31.61827400 638.41576411
v 11.07486265 -31.64044349 638.45836802
v 11.10340347 -31.66297635 638.50553353
v 11.12705198 -31.68536495 638.55640230
v 17.36753321 -35.00000000 627.64913711
v 17.19405540 -35.00000000 628.75798388
v 16.94985679 -35.00000000 629.85343024
v 16.63594179 -35.00000000 630.93097053
v 16.25360156 -35.00000000 631.98617271
v 15.80440870 -35.00000000 633.01469664
v 15.29021079 -35.00000000 634.01231190
v 14.71312278 -35.00000000 634.97491520
v 14.07551828 -35.00000000 635.89854727
v 13.38001981 -35.00000000 636.77940911
v 12.62948804 -35.00000000 637.61387765
v 11.82700997 -35.00000000 638.39852066
v 10.76923077 -32.00000000 639.29397218
v 10.83839004 -32.00000000 639.23969801
v 10.90727579 -32.00000000 639.18507709
v 10.76923077 -41.00000000 639.29397218
v 9.91247337 -41.29289322 639.92195797
v 10.14892152 -41.16029749 639.75656477
v 10.27263308 -41.10485325 639.66767482
v 10.40077391 -41.05859771 639.57390098
v 10.55083298 -41.02074504 639.46177427
v 10.65779955 -41.00540098 639.38026956
v 8.36660027 -41.84814920 640.87042615
v 9.06713474 -41.56936482 640.46786793
v 9.49360769 -41.41758951 640.20107816
v 8.00000000 -42.00000000 641.06438242
v 6.52957154 -42.00000000 641.73621555
v 5.00342009 -42.00000000 642.26948978
v 3.43456975 -42.00000000 642.65965415
v 1.83640900 -42.00000000 642.90337904
v 0.22257643 -42.00000000 642.99858451
v -1.39315559 -42.00000000 642.94445807
v -2.99699850 -42.00000000 642.74146166
v -4.57526520 -42.00000000 642.39132761
v -6.11448685 -42.00000000 641.89704396
v -7.60152783 -42.00000000 641.26282889
v -9.02369782 -42.00000000 640.49409476
v -10.76923077 -41.00000000 639.29397218
v -10.62664662 -41.00884634 639.40414288
v -10.49121497 -41.03355367 639.50662924
v -10.36183906 -41.07137447 639.60258000
v -10.23742515 -41.11957819 639.69313854
v -10.11701944 -41.17616650 639.77923102
v -9.96138246 -41.26277416 639.88823409
v -9.79094684 -41.37257931 640.00474108
v -9.56857622 -41.53456699 640.15247060
v -9.29597786 -41.75749314 640.32691419
v -10.76923077 -32.00000000 639.29397218
v -10.97588627 -32.00000000 639.13011081
v -10.90727579 -32.00000000 639.18507709
v -10.83839004 -32.00000000 639.23969801
v -10.97588627 -35.00000000 639.13011081
v -11.82700997 -35.00000000 638.39852066
v -12.62948804 -35.00000000 637.61387765
v -13.38001981 -35.00000000 636.77940911
v -14.07551828 -35.00000000 635.89854727
v -14.71312278 -35.00000000 634.97491520
v -15.29021079 -35.00000000 634.01231190
v -15.80440870 -35.00000000 633.01469664
v -16.25360156 -35.00000000 631.98617271
v -16.63594179 -35.00000000 630.93097053
v -16.94985679 -35.00000000 629.85343024
v -17.19405540 -35.00000000 628.75798388
v -17.36753321 -35.00000000 627.64913711
v -17.36753321 -32.00000000 627.64913711
v -17.36753321 -32.00000000 623.35086289
v -17.48526493 -32.00000000 624.78200951
v -17.48526493 -32.00000000 626.21799049
v -17.36753321 -35.00000000 623.35086289
v -17.10778996 -35.00000000 621.81577379
v -16.71263875 -35.00000000 620.30984529
v -16.18520721 -35.00000000 618.84499681
v -15.52966995 -35.00000000 617.43282260
v -14.75121554 -35.00000000 616.08450001
v -13.85600543 -35.00000000 614.81070098
v -12.85112520 -35.00000000 613.62150763
v -11.74452847 -35.00000000 612.52633240
v -10.54497394 -35.00000000 611.53384360
v -10.54497394 -32.00000000 611.53384360
v -6.82255927 -32.00000000 609.38470649
v -8.12083446 -32.00000000 609.99832113
v -9.36443047 -32.00000000 610.71631163
v -6.82255927 -35.00000000 609.38470649
v -5.36326149 -35.00000000 608.84210619
v -3.86151355 -35.00000000 608.43135292
v -2.32920179 -35.00000000 608.15569779
v -0.77845441 -35.00000000 608.01732261
v 0.77845441 -35.00000000 608.01732261
v 2.32920179 -35.00000000 608.15569779
v 3.86151355 -35.00000000 608.43135292
v 5.36326149 -35.00000000 608.84210619
v 6.82255927 -35.00000000 609.38470649
v 6.82255927 -32.00000000 609.38470649
v 10.54497394 -32.00000000 611.53384360
v 9.36443047 -32.00000000 610.71631163
v 8.12083446 -32.00000000 609.99832113
v 10.54497394 -35.00000000 611.53384360
v 11.74452847 -35.00000000 612.52633240
v 12.85112520 -35.00000000 613.62150763
v 13.85600543 -35.00000000 614.81070098
v 14.75121554 -35.00000000 616.08450001
v 15.52966995 -35.00000000 617.43282260
v 16.18520721 -35.00000000 618.84499681
v 16.71263875 -35.00000000 620.30984529
v 17.10778996 -35.00000000 621.81577379
v 17.36753321 -35.00000000 623.35086289
v 17.36753321 -32.00000000 623.35086289
v 17.50000000 -32.00000000 625.50000000
v 17.48526493 -32.00000000 624.78200951
v 17.44108453 -32.00000000 624.06522811
v 17.50000000 -43.00000000 625.50000000
v 17.41303857 -43.00000000 623.75756268
v 17.15301854 -43.00000000 622.03244249
v 16.72252410 -43.00000000 620.34178445
v 16.12583371 -43.00000000 618.70239107
v 15.36887753 -43.00000000 617.13055537
v 14.45917855 -43.00000000 615.64189898
v 13.40577775 -43.00000000 614.25121683
v 12.21914432 -43.00000000 612.97233014
v 10.91107153 -43.00000000 611.81794906
v 9.49455962 -43.00000000 610.79954634
v 7.98368650 -43.00000000 609.92724335
v 6.39346793 -43.00000000 609.20970940
v 4.73970819 -43.00000000 608.65407568
v 3.03884311 -43.00000000 608.26586432
v 1.30777664 -43.00000000 608.04893355
v -0.43628711 -43.00000000 608.00543931
v -2.17601483 -43.00000000 608.13581388
v -3.89411634 -43.00000000 608.43876154
v -5.57351638 -43.00000000 608.91127144
v -7.19752430 -43.00000000 609.54864758
v -8.75000000 -43.00000000 610.34455543
v -10.21551426 -43.00000000 611.29108490
v -11.57950216 -43.00000000 612.37882895
v -12.82840776 -43.00000000 613.59697709
v -13.94981888 -43.00000000 614.93342282
v -14.93259043 -43.00000000 616.37488394
v -15.76695519 -43.00000000 617.90703457
v -16.44462086 -43.00000000 619.51464749
v -16.95885251 -43.00000000 621.18174554
v -17.30453946 -43.00000000 622.89176034
v -17.47824612 -43.00000000 624.62769700
v -17.47824612 -43.00000000 626.37230300
v -17.30453946 -43.00000000 628.10823966
v -16.95885251 -43.00000000 629.81825446
v -16.44462086 -43.00000000 631.48535251
v -15.76695519 -43.00000000 633.09296543
v -14.93259043 -43.00000000 634.62511606
v -13.94981888 -43.00000000 636.06657718
v -12.82840776 -43.00000000 637.40302291
v -11.57950216 -43.00000000 638.62117105
v -10.21551426 -43.00000000 639.70891510
v -8.75000000 -43.00000000 640.65544457
v -7.19752430 -43.00000000 641.45135242
v -5.57351638 -43.00000000 642.08872856
v -3.89411634 -43.00000000 642.56123846
v -2.17601483 -43.00000000 642.86418612
v -0.43628711 -43.00000000 642.99456069
v 1.30777664 -43.00000000 642.95106645
v 3.03884311 -43.00000000 642.73413568
v 4.73970819 -43.00000000 642.34592432
v 6.39346793 -43.00000000 641.79029060
v 7.98368650 -43.00000000 641.07275665
v 9.49455962 -43.00000000 640.20045366
v 10.91107153 -43.00000000 639.18205094
v 12.21914432 -43.00000000 638.02766986
v 13.40577775 -43.00000000 636.74878317
v 14.45917855 -43.00000000 635.35810102
v 15.36887753 -43.00000000 633.86944463
v 16.12583371 -43.00000000 632.29760893
v 16.72252410 -43.00000000 630.65821555
v 17.15301854 -43.00000000 628.96755751
v 17.41303857 -43.00000000 627.24243732
v 17.36753321 -32.00000000 627.64913711
v 17.44108453 -32.00000000 626.93477189
v 17.48526493 -32.00000000 626.21799049
v 10.58898879 -31.70710678 639.06310585
v 10.77639751 -31.70710678 638.91468525
v 10.96172616 -31.70710678 638.76367534
v 10.07236367 -31.00000000 637.28123466
v 9.89655944 -31.00000000 637.42929635
v 9.71857901 -31.00000000 637.57473486
v 9.53846154 -31.00000000 637.71751822
v -11.02074223 -31.99641281 639.08924883
v -11.06027313 -31.98576178 639.04334602
v -11.09710713 -31.96593683 638.98751860
v -11.12342282 -31.94128662 638.93383541
v -11.14122593 -31.91419561 638.88384371
v -11.15254731 -31.88659765 638.83845773
v -11.16193580 -31.83175382 638.75899269
v -11.16003896 -31.78100511 638.69419213
v -11.14821530 -31.71908496 638.62304085
v -11.12587880 -31.65159950 638.55343691
v -11.09648052 -31.58647994 638.49292180
v -11.07076324 -31.53898068 638.45241749
v -11.04232935 -31.49264547 638.41576411
v -11.04232935 -35.00000000 638.41576411
v -11.01110114 -35.00000000 639.09891147
v -11.04322765 -35.00000000 639.06454037
v -11.07198136 -35.00000000 639.02730181
v -11.09710768 -35.00000000 638.98752552
v -11.11838414 -35.00000000 638.94556366
v -11.13562237 -35.00000000 638.90178776
v -11.14866974 -35.00000000 638.85658542
v -11.15741072 -35.00000000 638.81035685
v -11.16176793 -35.00000000 638.76351135
v -11.16170279 -35.00000000 638.71646370
v -11.15721587 -35.00000000 638.66963046
v -11.14834690 -35.00000000 638.62342627
v -11.13517441 -35.00000000 638.57826023
v -11.11781502 -35.00000000 638.53453224
v -11.09642244 -35.00000000 638.49262946
v -11.07118607 -35.00000000 638.45292290
v -10.15384615 -31.00000000 638.50574520
v -10.34558411 -31.00000000 638.35375001
v -10.53504714 -31.00000000 638.19892837
v -10.72219359 -31.00000000 638.04131431
v -16.22227765 -31.00000000 628.51458253
v -16.33523427 -31.11303281 628.52542702
v -16.45273842 -31.22818175 628.52319705
v -16.57224472 -31.34278925 628.50670237
v -16.69121172 -31.45425244 628.47493388
v -16.79572632 -31.54995380 628.43336926
v -16.88613259 -31.63094307 628.38579372
v -16.97169162 -31.70583754 628.32887408
v -17.04596336 -31.76919055 628.26767290
v -17.11062439 -31.82287987 628.20344050
v -17.16553166 -31.86714974 628.13862428
v -17.21546600 -31.90599347 628.06833277
v -17.26040481 -31.93927358 627.99131576
v -17.28643260 -31.95750478 627.93796660
v -17.31972400 -31.97902937 627.85449087
v -17.33569951 -31.98816654 627.80422251
v -17.34903251 -31.99472402 627.75307845
v -17.35966355 -31.99867684 627.70130217
v -16.19237335 -35.00000000 628.50949252
v -16.28742065 -35.00000000 628.52247778
v -16.38327485 -35.00000000 628.52629588
v -16.47905384 -35.00000000 628.52091169
v -16.57387621 -35.00000000 628.50637474
v -16.66686935 -35.00000000 628.48281882
v -16.75717748 -35.00000000 628.45046070
v -16.84396952 -35.00000000 628.40959817
v -16.92644677 -35.00000000 628.36060726
v -17.00385021 -35.00000000 628.30393883
v -17.07546755 -35.00000000 628.24011435
v -17.14063970 -35.00000000 628.16972120
v -17.19876691 -35.00000000 628.09340716
v -17.24931427 -35.00000000 628.01187453
v -17.29181661 -35.00000000 627.92587362
v -17.32588279 -35.00000000 627.83619586
v -17.35119931 -35.00000000 627.74366652
v -16.19237335 -31.00000000 628.50949252
v -16.20232412 -31.00000000 628.51128996
v -16.21229256 -31.00000000 628.51298669
v -16.43042272 -31.00000000 627.01367413
v -16.50000000 -31.00000000 625.50000000
v -16.43042272 -31.00000000 623.98632587
v -16.22227765 -31.00000000 622.48541747
v -17.35175808 -31.99588070 623.25896023
v -17.33651252 -31.98860003 623.19860655
v -17.30761026 -31.97150234 623.11252989
v -17.27097823 -31.94679261 623.02940492
v -17.22642523 -31.91428102 622.94902819
v -17.17547948 -31.87501124 622.87438404
v -17.12629153 -31.83565013 622.81396275
v -17.06078026 -31.78162283 622.74605990
v -16.98494931 -31.71726734 622.68117278
v -16.89792714 -31.64137537 622.62130899
v -16.79676973 -31.55089836 622.56711497
v -16.69116162 -31.45420606 622.52504935
v -16.57092079 -31.34153385 622.49303278
v -16.44583658 -31.22148514 622.47629488
v -16.33187862 -31.10970868 622.47470929
v -11.12321107 -31.00000000 627.56734491
v -10.73302126 -31.00000000 627.51453738
v -10.33952999 -31.00000000 627.50034816
v -9.94655009 -31.00000000 627.52491476
v -9.55788946 -31.00000000 627.58799911
v -9.17731415 -31.00000000 627.68898995
v -8.80851184 -31.00000000 627.82690870
v -8.45505617 -31.00000000 628.00041894
v -8.12037204 -31.00000000 628.20783941
v -7.80770247 -31.00000000 628.44716024
v -7.52007717 -31.00000000 628.71606247
v -7.26028317 -31.00000000 629.01194047
v -7.03083781 -31.00000000 629.33192726
v -6.83396438 -31.00000000 629.67292224
v -6.67157054 -31.00000000 630.03162122
v -6.54522985 -31.00000000 630.40454849
v -6.45616653 -31.00000000 630.78809046
v -6.40524359 -31.00000000 631.17853069
v -6.39295445 -31.00000000 631.57208589
v -6.41941819 -31.00000000 631.96494259
v -6.48437839 -31.00000000 632.35329410
v -6.58720560 -31.00000000 632.73337736
v -6.72690343 -31.00000000 633.10150944
v -6.90211826 -31.00000000 633.45412323
v -7.11115228 -31.00000000 633.78780196
v -7.35197999 -31.00000000 634.09931237
v -9.00000000 -31.00000000 640.87042615
v -9.01235636 -31.00000000 640.59842345
v -9.04932364 -31.00000000 640.32866140
v -9.11059734 -31.00000000 640.06336218
v -9.19567269 -31.00000000 639.80471120
v -9.30384890 -31.00000000 639.55483912
v -9.43423484 -31.00000000 639.31580429
v -9.58575645 -31.00000000 639.08957576
v -9.75716557 -31.00000000 638.87801712
v -9.94705020 -31.00000000 638.68287109
v -9.00000000 -31.00000000 644.91648784
v -8.38095238 -31.00000000 645.84108250
v -8.46988190 -31.00000000 645.79921713
v -8.55427181 -31.00000000 645.74882357
v -8.63330680 -31.00000000 645.69038867
v -8.70622331 -31.00000000 645.62447699
v -8.77231688 -31.00000000 645.55172530
v -8.83094897 -31.00000000 645.47283648
v -8.88155312 -31.00000000 645.38857268
v -8.92364044 -31.00000000 645.29974799
v -8.95680431 -31.00000000 645.20722056
v -8.98072433 -31.00000000 645.11188431
v -8.99516942 -31.00000000 645.01466031
v -3.25925926 -31.00000000 647.25723395
v -5.00277447 -31.00000000 646.92363759
v -6.71371860 -31.00000000 646.45056043
v 1.00000000 -31.00000000 652.20205985
v 0.97754604 -31.00000000 651.72873604
v 0.91038583 -31.00000000 651.25966344
v 0.79912258 -31.00000000 650.79905505
v 0.64475560 -31.00000000 650.35104786
v 0.44867137 -31.00000000 649.91966569
v 0.21263101 -31.00000000 649.50878304
v -0.06124544 -31.00000000 649.12209028
v -0.37049815 -31.00000000 648.76306052
v -0.71234954 -31.00000000 648.43491843
v -1.08372923 -31.00000000 648.14061124
v -1.48130166 -31.00000000 647.88278228
v -1.90149598 -31.00000000 647.66374729
v -2.34053820 -31.00000000 647.48547352
v -2.79448501 -31.00000000 647.34956218
v 1.00000000 -31.00000000 662.00000000
v 6.00000000 -31.00000000 662.00000000
v 6.00000000 -31.00000000 649.67641679
v 7.50000000 -31.00000000 645.70778983
v 7.16030587 -31.00000000 646.12995930
v 6.86008472 -31.00000000 646.58105399
v 6.60178516 -31.00000000 647.05739473
v 6.38751392 -31.00000000 647.55509645
v 6.21901861 -31.00000000 648.07009984
v 6.09767349 -31.00000000 648.59820449
v 6.02446826 -31.00000000 649.13510314
v 8.00000000 -31.00000000 644.38491417
v 7.99184391 -31.00000000 644.56535205
v 7.96744217 -31.00000000 644.74431827
v 7.92699380 -31.00000000 644.92035315
v 7.87082869 -31.00000000 645.09202095
v 7.79940495 -31.00000000 645.25792152
v 7.71330509 -31.00000000 645.41670177
v 7.61323138 -31.00000000 645.56706667
v 8.00000000 -31.00000000 640.87042615
v 9.26273360 -31.00000000 637.95368607
v 9.00955410 -31.00000000 638.21388078
v 8.78100861 -31.00000000 638.49595897
v 8.57897978 -31.00000000 638.79759700
v 8.40513186 -31.00000000 639.11631011
v 8.26089693 -31.00000000 639.44947288
v 8.14746312 -31.00000000 639.79434085
v 8.06576486 -31.00000000 640.14807315
v 8.01647514 -31.00000000 640.50775589
v 7.35203385 -31.00000000 634.09937536
v 7.11119829 -31.00000000 633.78786796
v 6.90215638 -31.00000000 633.45419131
v 6.72693370 -31.00000000 633.10157872
v 6.58722816 -31.00000000 632.73344697
v 6.48439348 -31.00000000 632.35336322
v 6.41942613 -31.00000000 631.96501046
v 6.39295563 -31.00000000 631.57215178
v 6.40523849 -31.00000000 631.17859396
v 6.45615567 -31.00000000 630.78815054
v 6.54521380 -31.00000000 630.40460488
v 6.67154991 -31.00000000 630.03167350
v 6.83393982 -31.00000000 629.67297008
v 7.03080998 -31.00000000 629.33197042
v 7.26025274 -31.00000000 629.01197878
v 7.52004481 -31.00000000 628.71609586
v 7.80766883 -31.00000000 628.44718872
v 8.12033776 -31.00000000 628.20786307
v 8.45502185 -31.00000000 628.00043794
v 8.80847805 -31.00000000 627.82692327
v 9.17728139 -31.00000000 627.68900039
v 9.55785821 -31.00000000 627.58800578
v 9.94652074 -31.00000000 627.52491805
v 10.33950289 -31.00000000 627.50034852
v 10.73299668 -31.00000000 627.51453527
v 11.12318919 -31.00000000 627.56734084
v 16.19237335 -31.00000000 628.50949252
v 16.22227765 -31.00000000 628.51458253
v 16.21229256 -31.00000000 628.51298669
v 16.20232412 -31.00000000 628.51128996
v 16.22227765 -31.00000000 622.48541747
v 16.43042272 -31.00000000 623.98632587
v 16.50000000 -31.00000000 625.50000000
v 16.43042272 -31.00000000 627.01367413
v 16.19237335 -31.00000000 622.49050748
v 16.20232412 -31.00000000 622.48871004
v 16.21229256 -31.00000000 622.48701331
v 11.12322270 -31.00000000 623.43265293
v 10.73303438 -31.00000000 623.48546150
v 10.33954449 -31.00000000 623.49965203
v 9.94656583 -31.00000000 623.47508701
v 9.55790626 -31.00000000 623.41200447
v 9.17733178 -31.00000000 623.31101567
v 8.80853007 -31.00000000 623.17309916
v 8.45507471 -31.00000000 622.99959132
v 8.12039058 -31.00000000 622.79217338
v 7.80772068 -31.00000000 622.55285517
v 7.52009471 -31.00000000 622.28395562
v 7.26029967 -31.00000000 621.98808030
v 7.03085292 -31.00000000 621.66809615
v 6.83397772 -31.00000000 621.32710374
v 6.67158175 -31.00000000 620.96840719
v 6.54523858 -31.00000000 620.59548216
v 6.45617244 -31.00000000 620.21194222
v 6.40524636 -31.00000000 619.82150374
v 6.39295380 -31.00000000 619.42794998
v 6.41941386 -31.00000000 619.03509437
v 6.48437017 -31.00000000 618.64674357
v 6.58719330 -31.00000000 618.26666059
v 6.72688693 -31.00000000 617.89852833
v 6.90209747 -31.00000000 617.54591390
v 7.11112717 -31.00000000 617.21223404
v 7.35195060 -31.00000000 616.90072201
v 10.70248365 -31.00000000 612.98173959
v 10.72184388 -31.00000000 612.95838671
v 10.71546929 -31.00000000 612.96623613
v 10.70901567 -31.00000000 612.97402069
v 5.50043377 -31.00000000 609.94380418
v 6.90433110 -31.00000000 610.51399947
v 8.25000000 -31.00000000 611.21058084
v 9.52609161 -31.00000000 612.02767360
v 5.48988970 -31.00000000 609.97224707
v 5.49330846 -31.00000000 609.96273073
v 5.49682327 -31.00000000 609.95324944
v 3.77125592 -31.00000000 614.83327747
v 3.62189845 -31.00000000 615.19760172
v 3.43744484 -31.00000000 615.54547623
v 3.21968242 -31.00000000 615.87353009
v 2.97072132 -31.00000000 616.17858448
v 2.69297397 -31.00000000 616.45768342
v 2.38913173 -31.00000000 616.70812243
v 2.06213884 -31.00000000 616.92747479
v 1.71516384 -31.00000000 617.11361495
v 1.35156893 -31.00000000 617.26473922
v 0.97487733 -31.00000000 617.37938322
v 0.58873918 -31.00000000 617.45643605
v 0.19689615 -31.00000000 617.49515105
v -0.19685479 -31.00000000 617.49515309
v -0.58869822 -31.00000000 617.45644214
v -0.97483717 -31.00000000 617.37939332
v -1.35152995 -31.00000000 617.26475322
v -1.71512643 -31.00000000 617.11363270
v -2.06210336 -31.00000000 616.92749613
v -2.38909852 -31.00000000 616.70814717
v -2.69294335 -31.00000000 616.45771129
v -2.97069359 -31.00000000 616.17861523
v -3.21965785 -31.00000000 615.87356342
v -3.43742366 -31.00000000 615.54551181
v -3.62188088 -31.00000000 615.19763922
v -3.77124211 -31.00000000 614.83331652
v -5.48988970 -31.00000000 609.97224707
v -5.50043377 -31.00000000 609.94380418
v -5.49682327 -31.00000000 609.95324944
v -5.49330846 -31.00000000 609.96273073
v -10.72184388 -31.00000000 612.95838671
v -9.52609161 -31.00000000 612.02767360
v -8.25000000 -31.00000000 611.21058084
v -6.90433110 -31.00000000 610.51399947
v -10.70248365 -31.00000000 612.98173959
v -10.70901567 -31.00000000 612.97402069
v -10.71546929 -31.00000000 612.96623613
v -7.35203813 -31.00000000 616.90061963
v -7.11120118 -31.00000000 617.21212790
v -6.90215809 -31.00000000 617.54580564
v -6.72693449 -31.00000000 617.89841949
v -6.58722829 -31.00000000 618.26655264
v -6.48439324 -31.00000000 618.64663789
v -6.41942582 -31.00000000 619.03499221
v -6.39295556 -31.00000000 619.42785244
v -6.40523895 -31.00000000 619.82141179
v -6.45615697 -31.00000000 620.21185666
v -6.54521622 -31.00000000 620.59540365
v -6.67155373 -31.00000000 620.96833618
v -6.83394528 -31.00000000 621.32704055
v -7.03081729 -31.00000000 621.66804092
v -7.26026209 -31.00000000 621.98803299
v -7.52005635 -31.00000000 622.28391605
v -7.80768267 -31.00000000 622.55282299
v -8.12035395 -31.00000000 622.79214810
v -8.45504041 -31.00000000 622.99957233
v -8.80849895 -31.00000000 623.17308574
v -9.17730455 -31.00000000 623.31100699
v -9.55788349 -31.00000000 623.41199962
v -9.94654797 -31.00000000 623.47508501
v -10.33953182 -31.00000000 623.49965186
v -10.73302705 -31.00000000 623.48546213
v -11.12322068 -31.00000000 623.43265331
v -16.19237335 -31.00000000 622.49050748
v -16.21229256 -31.00000000 622.48701331
v -16.20232412 -31.00000000 622.48871004
v 4.00000000 -31.00000000 637.50000000
v 3.98012310 -31.00000000 637.89827139
v 3.92068995 -31.00000000 638.29258457
v 3.82229122 -31.00000000 638.67902070
v 3.68590485 -31.00000000 639.05373919
v 3.51288629 -31.00000000 639.41301591
v 3.30495510 -31.00000000 639.75328023
v 3.06417777 -31.00000000 640.07115044
v 2.79294727 -31.00000000 640.36346740
v 2.49395921 -31.00000000 640.62732593
v 2.17018506 -31.00000000 640.86010369
v 1.82484263 -31.00000000 641.05948724
v 1.46136410 -31.00000000 641.22349499
v 1.08336187 -31.00000000 641.35049699
v 0.69459271 -31.00000000 641.43923101
v 0.29892037 -31.00000000 641.48881519
v -0.09972277 -31.00000000 641.49875673
v -0.49737482 -31.00000000 641.46895683
v -0.89008374 -31.00000000 641.39971165
v -1.27394660 -31.00000000 641.29170938
v -1.64514841 -31.00000000 641.14602341
v -2.00000000 -31.00000000 640.96410162
v -2.33497469 -31.00000000 640.74775202
v -2.64674335 -31.00000000 640.49912481
v -2.93220749 -31.00000000 640.22069095
v -3.18853003 -31.00000000 639.91521764
v -3.41316353 -31.00000000 639.58574081
v -3.60387547 -31.00000000 639.23553496
v -3.75877048 -31.00000000 638.86808057
v -3.87630914 -31.00000000 638.48702959
v -3.95532330 -31.00000000 638.09616906
v -3.99502768 -31.00000000 637.69938354
v -3.99502768 -31.00000000 637.30061646
v -3.95532330 -31.00000000 636.90383094
v -3.87630914 -31.00000000 636.51297041
v -3.75877048 -31.00000000 636.13191943
v -3.60387547 -31.00000000 635.76446504
v -3.41316353 -31.00000000 635.41425919
v -3.18853003 -31.00000000 635.08478236
v -2.93220749 -31.00000000 634.77930905
v -2.64674335 -31.00000000 634.50087519
v -2.33497469 -31.00000000 634.25224798
v -2.00000000 -31.00000000 634.03589838
v -1.64514841 -31.00000000 633.85397659
v -1.27394660 -31.00000000 633.70829062
v -0.89008374 -31.00000000 633.60028835
v -0.49737482 -31.00000000 633.53104317
v -0.09972277 -31.00000000 633.50124327
v 0.29892037 -31.00000000 633.51118481
v 0.69459271 -31.00000000 633.56076899
v 1.08336187 -31.00000000 633.64950301
v 1.46136410 -31.00000000 633.77650501
v 1.82484263 -31.00000000 633.94051276
v 2.17018506 -31.00000000 634.13989631
v 2.49395921 -31.00000000 634.37267407
v 2.79294727 -31.00000000 634.63653260
v 3.06417777 -31.00000000 634.92884956
v 3.30495510 -31.00000000 635.24671977
v 3.51288629 -31.00000000 635.58698409
v 3.68590485 -31.00000000 635.94626081
v 3.82229122 -31.00000000 636.32097930
v 3.92068995 -31.00000000 636.70741543
v 3.98012310 -31.00000000 637.10172861
v 16.19237335 -35.00000000 628.50949252
v 17.35119931 -35.00000000 627.74366652
v 17.32588279 -35.00000000 627.83619586
v 17.29181661 -35.00000000 627.92587362
v 17.24931427 -35.00000000 628.01187453
v 17.19876691 -35.00000000 628.09340716
v 17.14063970 -35.00000000 628.16972120
v 17.07546755 -35.00000000 628.24011435
v 17.00385021 -35.00000000 628.30393883
v 16.92644677 -35.00000000 628.36060726
v 16.84396952 -35.00000000 628.40959817
v 16.75717748 -35.00000000 628.45046070
v 16.66686935 -35.00000000 628.48281882
v 16.57387621 -35.00000000 628.50637474
v 16.47905384 -35.00000000 628.52091169
v 16.38327485 -35.00000000 628.52629588
v 16.28742065 -35.00000000 628.52247778
v 17.35175808 -31.99588070 627.74103977
v 17.33651252 -31.98860003 627.80139345
v 17.30761026 -31.97150234 627.88747011
v 17.27097823 -31.94679261 627.97059508
v 17.22642523 -31.91428102 628.05097181
v 17.17547948 -31.87501124 628.12561596
v 17.12629153 -31.83565013 628.18603725
v 17.06078026 -31.78162283 628.25394010
v 16.98494931 -31.71726734 628.31882722
v 16.89792714 -31.64137537 628.37869101
v 16.79676973 -31.55089836 628.43288503
v 16.69116162 -31.45420606 628.47495065
v 16.57092079 -31.34153385 628.50696722
v 16.44583658 -31.22148514 628.52370512
v 16.33187862 -31.10970868 628.52529071
v 11.12318919 -35.00000000 627.56734084
v 10.70248365 -35.00000000 612.98173959
v 10.61867186 -35.00000000 611.59525387
v 10.68614636 -35.00000000 611.66344330
v 10.74677649 -35.00000000 611.73778435
v 10.80000429 -35.00000000 611.81759291
v 10.84533994 -35.00000000 611.90213452
v 10.88236623 -35.00000000 611.99063119
v 10.91074241 -35.00000000 612.08226850
v 10.93020736 -35.00000000 612.17620316
v 10.94058194 -35.00000000 612.27157073
v 10.94177069 -35.00000000 612.36749358
v 10.93376266 -35.00000000 612.46308896
v 10.91663155 -35.00000000 612.55747715
v 10.89053500 -35.00000000 612.64978953
v 10.85571318 -35.00000000 612.73917659
v 10.81248654 -35.00000000 612.82481573
v 10.76125287 -35.00000000 612.90591885
v 10.61667641 -31.99588070 611.59345659
v 10.66132145 -31.98860003 611.63683647
v 10.72141490 -31.97150234 611.70490489
v 10.77508722 -31.94679261 611.77819165
v 10.82241901 -31.91428102 611.85696404
v 10.86158986 -31.87501124 611.93840643
v 10.88932226 -31.83565013 612.01121509
v 10.91537222 -31.78162283 612.10190093
v 10.93365063 -31.71726734 612.20001603
v 10.94198312 -31.64137537 612.30531133
v 10.93833780 -31.55089836 612.42001322
v 10.92196365 -31.45420606 612.53250534
v 10.88957040 -31.34153385 612.65264524
v 10.84152374 -31.22148514 612.76934029
v 10.78591792 -31.10970868 612.86882358
v 7.35195060 -35.00000000 616.90072201
v 16.33523427 -31.11303281 622.47457298
v 16.45273842 -31.22818175 622.47680295
v 16.57224472 -31.34278925 622.49329763
v 16.69121172 -31.45425244 622.52506612
v 16.79572632 -31.54995380 622.56663074
v 16.88613259 -31.63094307 622.61420628
v 16.97169162 -31.70583754 622.67112592
v 17.04596336 -31.76919055 622.73232710
v 17.11062439 -31.82287987 622.79655950
v 17.16553166 -31.86714974 622.86137572
v 17.21546600 -31.90599347 622.93166723
v 17.26040481 -31.93927358 623.00868424
v 17.28643260 -31.95750478 623.06203340
v 17.31972400 -31.97902937 623.14550913
v 17.33569951 -31.98816654 623.19577749
v 17.34903251 -31.99472402 623.24692155
v 17.35966355 -31.99867684 623.29869783
v 16.19237335 -35.00000000 622.49050748
v 16.28742065 -35.00000000 622.47752222
v 16.38327485 -35.00000000 622.47370412
v 16.47905384 -35.00000000 622.47908831
v 16.57387621 -35.00000000 622.49362526
v 16.66686935 -35.00000000 622.51718118
v 16.75717748 -35.00000000 622.54953930
v 16.84396952 -35.00000000 622.59040183
v 16.92644677 -35.00000000 622.63939274
v 17.00385021 -35.00000000 622.69606117
v 17.07546755 -35.00000000 622.75988565
v 17.14063970 -35.00000000 622.83027880
v 17.19876691 -35.00000000 622.90659284
v 17.24931427 -35.00000000 622.98812547
v 17.29181661 -35.00000000 623.07412638
v 17.32588279 -35.00000000 623.16380414
v 17.35119931 -35.00000000 623.25633348
v 5.54752048 -31.11303281 609.84055864
v 5.60820376 -31.22818175 609.73991205
v 5.68224173 -31.34278925 609.64466389
v 5.76923754 -31.45425244 609.55751969
v 5.85749086 -31.54995380 609.48778970
v 5.94389563 -31.63094307 609.43328335
v 6.03596899 -31.70583754 609.38764687
v 6.12610664 -31.76919055 609.35392625
v 6.21406404 -31.82287987 609.33004436
v 6.29765017 -31.86714974 609.31490137
v 6.38349157 -31.90599347 609.30680272
v 6.47265967 -31.93927358 609.30639308
v 6.53187529 -31.95750478 609.31052693
v 6.62081310 -31.97902937 609.32343360
v 6.67233453 -31.98816654 609.33473258
v 6.72329308 -31.99472402 609.34875789
v 6.77344818 -31.99867684 609.36543928
v 5.48988970 -35.00000000 609.97224707
v 5.52616778 -35.00000000 609.88344107
v 5.57078831 -35.00000000 609.79851984
v 5.62334066 -35.00000000 609.71826490
v 5.68334121 -35.00000000 609.64341479
v 5.75023780 -35.00000000 609.57465833
v 5.82341482 -35.00000000 609.51262826
v 5.90219883 -35.00000000 609.45789541
v 5.98586482 -35.00000000 609.41096347
v 6.07364285 -35.00000000 609.37226434
v 6.16472513 -35.00000000 609.34215415
v 6.25827347 -35.00000000 609.32090999
v 6.35342697 -35.00000000 609.30872736
v 6.44930998 -35.00000000 609.30571838
v 6.54504012 -35.00000000 609.31191073
v 6.63973643 -35.00000000 609.32724743
v 6.73252745 -35.00000000 609.35158735
v -5.48988970 -35.00000000 609.97224707
v -6.73252745 -35.00000000 609.35158735
v -6.63973643 -35.00000000 609.32724743
v -6.54504012 -35.00000000 609.31191073
v -6.44930998 -35.00000000 609.30571838
v -6.35342697 -35.00000000 609.30872736
v -6.25827347 -35.00000000 609.32090999
v -6.16472513 -35.00000000 609.34215415
v -6.07364285 -35.00000000 609.37226434
v -5.98586482 -35.00000000 609.41096347
v -5.90219883 -35.00000000 609.45789541
v -5.82341482 -35.00000000 609.51262826
v -5.75023780 -35.00000000 609.57465833
v -5.68334121 -35.00000000 609.64341479
v -5.62334066 -35.00000000 609.71826490
v -5.57078831 -35.00000000 609.79851984
v -5.52616778 -35.00000000 609.88344107
v -6.73508167 -31.99588070 609.35241682
v -6.67519107 -31.98860003 609.33544302
v -6.58619536 -31.97150234 609.31743478
v -6.49589101 -31.94679261 609.30759657
v -6.40400623 -31.91428102 609.30599223
v -6.31388962 -31.87501124 609.31279047
v -6.23696927 -31.83565013 609.32517783
v -6.14540804 -31.78162283 609.34796083
v -6.05129867 -31.71726734 609.38118881
v -5.95594402 -31.64137537 609.42662032
v -5.85843193 -31.55089836 609.48712820
v -5.76919798 -31.45420606 609.55755469
v -5.68135040 -31.34153385 609.64567802
v -5.60431284 -31.22148514 609.74563517
v -5.54596070 -31.10970868 609.84353287
v -10.78771379 -31.11303281 612.86598566
v -10.84453465 -31.22818175 612.76310909
v -10.89000299 -31.34278925 612.65136626
v -10.92197418 -31.45425244 612.53245357
v -10.93823546 -31.54995380 612.42115896
v -10.94223696 -31.63094307 612.31907706
v -10.93572263 -31.70583754 612.21652095
v -10.91985672 -31.76919055 612.12159915
v -10.89656035 -31.82287987 612.03348486
v -10.86788149 -31.86714974 611.95352566
v -10.83197443 -31.90599347 611.87513549
v -10.78774514 -31.93927358 611.79770883
v -10.75455731 -31.95750478 611.74849353
v -10.69891090 -31.97902937 611.67792447
v -10.66336498 -31.98816654 611.63895508
v -10.62573943 -31.99472402 611.60183635
v -10.58621537 -31.99867684 611.56674145
v -10.70248365 -35.00000000 612.98173959
v -10.76125287 -35.00000000 612.90591885
v -10.81248654 -35.00000000 612.82481573
v -10.85571318 -35.00000000 612.73917659
v -10.89053500 -35.00000000 612.64978953
v -10.91663155 -35.00000000 612.55747715
v -10.93376266 -35.00000000 612.46308896
v -10.94177069 -35.00000000 612.36749358
v -10.94058194 -35.00000000 612.27157073
v -10.93020736 -35.00000000 612.17620316
v -10.91074241 -35.00000000 612.08226850
v -10.88236623 -35.00000000 611.99063119
v -10.84533994 -35.00000000 611.90213452
v -10.80000429 -35.00000000 611.81759291
v -10.74677649 -35.00000000 611.73778435
v -10.68614636 -35.00000000 611.66344330
v -10.61867186 -35.00000000 611.59525387
v -16.19237335 -35.00000000 622.49050748
v -17.35119931 -35.00000000 623.25633348
v -17.32588279 -35.00000000 623.16380414
v -17.29181661 -35.00000000 623.07412638
v -17.24931427 -35.00000000 622.98812547
v -17.19876691 -35.00000000 622.90659284
v -17.14063970 -35.00000000 622.83027880
v -17.07546755 -35.00000000 622.75988565
v -17.00385021 -35.00000000 622.69606117
v -16.92644677 -35.00000000 622.63939274
v -16.84396952 -35.00000000 622.59040183
v -16.75717748 -35.00000000 622.54953930
v -16.66686935 -35.00000000 622.51718118
v -16.57387621 -35.00000000 622.49362526
v -16.47905384 -35.00000000 622.47908831
v -16.38327485 -35.00000000 622.47370412
v -16.28742065 -35.00000000 622.47752222
v -11.12322068 -35.00000000 623.43265331
v 3.00000000 -49.50000000 655.50000000
v 3.00000000 -48.73836537 655.46580845
v 3.00000000 -47.98285815 655.36350887
v 3.00000000 -47.23955644 655.19392427
v 3.00000000 -46.51444016 654.95841896
v 4.00000000 -49.50000000 654.50000000
v 4.00000000 -47.91420997 654.33043450
v 4.00000000 -48.43834448 654.42447894
v 4.00000000 -48.96783088 654.48109591
v 3.64010426 -47.47579435 654.59478966
v 3.45540992 -47.22805151 654.71710378
v 3.27878575 -46.97226154 654.82300052
v 3.13545421 -46.74695600 654.89853321
v 4.00000000 -87.50000000 654.50000000
v 3.00000000 -87.50000000 655.50000000
v 4.00000000 -87.50000000 669.50000000
v 3.00000000 -87.50000000 668.50000000
v 3.00000000 -88.13711141 668.46870072
v 3.00000000 -88.76808709 668.37510432
v 3.00000000 -89.38685040 668.22011218
v 3.00000000 -89.98744231 668.00521696
v 3.00000000 -90.56407879 667.73248822
v 3.00000000 -91.11120651 667.40455248
v 3.00000000 -91.62355635 667.02456795
v 3.00000000 -92.09619408 666.59619408
v 3.00000000 -92.52456795 666.12355635
v 3.00000000 -92.90455248 665.61120651
v 3.00000000 -93.23248822 665.06407879
v 3.00000000 -93.50521696 664.48744231
v 3.00000000 -93.72011218 663.88685040
v 3.00000000 -93.87510432 663.26808709
v 3.00000000 -93.96870072 662.63711141
v 3.00000000 -94.00000000 662.00000000
v 3.00000000 -93.96870072 661.36288859
v 3.00000000 -93.87510432 660.73191291
v 3.00000000 -93.72011218 660.11314960
v 3.00000000 -93.50521696 659.51255769
v 3.00000000 -93.23248822 658.93592121
v 3.00000000 -92.90455248 658.38879349
v 3.00000000 -92.52456795 657.87644365
v 3.00000000 -92.09619408 657.40380592
v 3.00000000 -91.62355635 656.97543205
v 3.00000000 -91.11120651 656.59544752
v 3.00000000 -90.56407879 656.26751178
v 3.00000000 -89.98744231 655.99478304
v 3.00000000 -89.38685040 655.77988782
v 3.00000000 -88.76808709 655.62489568
v 3.00000000 -88.13711141 655.53129928
v 4.00000000 -88.23512855 654.53611455
v 4.00000000 -88.96317742 654.64411040
v 4.00000000 -89.67713508 654.82294748
v 4.00000000 -90.37012574 655.07090351
v 4.00000000 -91.03547553 655.38559052
v 4.00000000 -91.66677675 655.76397791
v 4.00000000 -92.25794963 656.20242160
v 4.00000000 -92.80330086 656.69669914
v 4.00000000 -93.29757840 657.24205037
v 4.00000000 -93.73602209 657.83322325
v 4.00000000 -94.11440948 658.46452447
v 4.00000000 -94.42909649 659.12987426
v 4.00000000 -94.67705252 659.82286492
v 4.00000000 -94.85588960 660.53682258
v 4.00000000 -94.96388545 661.26487145
v 4.00000000 -95.00000000 662.00000000
v 4.00000000 -94.96388545 662.73512855
v 4.00000000 -94.85588960 663.46317742
v 4.00000000 -94.67705252 664.17713508
v 4.00000000 -94.42909649 664.87012574
v 4.00000000 -94.11440948 665.53547553
v 4.00000000 -93.73602209 666.16677675
v 4.00000000 -93.29757840 666.75794963
v 4.00000000 -92.80330086 667.30330086
v 4.00000000 -92.25794963 667.79757840
v 4.00000000 -91.66677675 668.23602209
v 4.00000000 -91.03547553 668.61440948
v 4.00000000 -90.37012574 668.92909649
v 4.00000000 -89.67713508 669.17705252
v 4.00000000 -88.96317742 669.35588960
v 4.00000000 -88.23512855 669.46388545
v 3.00000000 -39.83811033 668.50000000
v 3.24374416 -40.14862371 668.74374416
v 3.53570761 -40.45913709 669.03570761
v 3.75713841 -40.66614601 669.25713841
v 4.00000000 -40.87315493 669.50000000
v 3.00000000 -39.83781666 669.50000000
v 6.00000000 -87.50000000 669.50000000
v 6.00000000 -38.50000000 669.50000000
v 2.00619121 -38.50000000 669.50000000
v 2.32786185 -39.08324964 669.50000000
v 2.18138402 -38.88620941 669.50000000
v 2.10867341 -38.77025807 669.50000000
v 2.06235919 -38.68032823 669.50000000
v 2.02623516 -38.58656269 669.50000000
v 6.00000000 -87.50000000 654.50000000
v 6.00000000 -88.23512855 669.46388545
v 6.00000000 -88.96317742 669.35588960
v 6.00000000 -89.67713508 669.17705252
v 6.00000000 -90.37012574 668.92909649
v 6.00000000 -91.03547553 668.61440948
v 6.00000000 -91.66677675 668.23602209
v 6.00000000 -92.25794963 667.79757840
v 6.00000000 -92.80330086 667.30330086
v 6.00000000 -93.29757840 666.75794963
v 6.00000000 -93.73602209 666.16677675
v 6.00000000 -94.11440948 665.53547553
v 6.00000000 -94.42909649 664.87012574
v 6.00000000 -94.67705252 664.17713508
v 6.00000000 -94.85588960 663.46317742
v 6.00000000 -94.96388545 662.73512855
v 6.00000000 -95.00000000 662.00000000
v 6.00000000 -94.96388545 661.26487145
v 6.00000000 -94.85588960 660.53682258
v 6.00000000 -94.67705252 659.82286492
v 6.00000000 -94.42909649 659.12987426
v 6.00000000 -94.11440948 658.46452447
v 6.00000000 -93.73602209 657.83322325
v 6.00000000 -93.29757840 657.24205037
v 6.00000000 -92.80330086 656.69669914
v 6.00000000 -92.25794963 656.20242160
v 6.00000000 -91.66677675 655.76397791
v 6.00000000 -91.03547553 655.38559052
v 6.00000000 -90.37012574 655.07090351
v 6.00000000 -89.67713508 654.82294748
v 6.00000000 -88.96317742 654.64411040
v 6.00000000 -88.23512855 654.53611455
v 6.00000000 -49.50000000 654.50000000
v 6.00000000 -48.80528768 654.46775567
v 6.00000000 -48.11654884 654.37129995
v 6.00000000 -47.43970559 654.21146219
v 6.00000000 -46.78057775 653.98961677
v 6.00000000 -46.14483283 653.70767123
v 6.00000000 -45.53793727 653.36804985
v 6.00000000 -44.96510946 652.97367289
v 6.00000000 -44.43127484 652.52793137
v 6.00000000 -43.94102359 652.03465801
v 6.00000000 -43.49857113 651.49809420
v 6.00000000 -43.10772187 650.92285360
v 6.00000000 -42.77183654 650.31388238
v 6.00000000 -42.49380323 649.67641679
v 6.01727348 -42.33877458 649.22864319
v 6.05684651 -42.23594523 648.86466235
v 6.12089431 -42.15078300 648.49170352
v 6.20994970 -42.08405230 648.11429009
v 6.32454549 -42.03651750 647.73694546
v 6.46514588 -42.00885012 647.36417820
v 6.63099010 -42.00000000 647.00000000
v -4.67324422 -42.00000000 647.00000000
v -3.28124098 -42.00447055 647.25891736
v -3.25753685 -42.00459619 647.26252938
v -2.81318385 -42.00798918 647.35133655
v -2.37446170 -42.01502748 647.48176741
v -1.94801311 -42.02809831 647.65249457
v -1.54042078 -42.04958885 647.86199955
v -1.15739036 -42.08188628 648.10597196
v -0.80396307 -42.12737774 648.37798614
v -0.48430045 -42.18862946 648.67243585
v -0.18194170 -42.27301994 649.00528559
v -0.00460686 -42.33928209 649.23046732
v 0.15794744 -42.41592216 649.46271969
v 0.28956372 -42.49234987 649.67273041
v 0.40580723 -42.57407103 649.87859318
v 0.50756241 -42.66127620 650.07992781
v 0.62893037 -42.79238026 650.35496779
v 0.74544311 -42.95925435 650.66941989
v 0.83941191 -43.14497426 650.98296022
v 0.90090914 -43.31700033 651.24506110
v 0.94630649 -43.49901838 651.49869088
v 0.97753784 -43.69491304 651.74864289
v 0.99473487 -43.89552328 651.98382390
v 1.00000000 -44.09735497 652.20205985
v 1.00000000 -44.59377372 652.67264874
v 1.00000000 -45.13100230 653.09605274
v 1.00000000 -45.70457203 653.46875000
v 2.00000000 -45.70457203 653.46875000
v 3.00000000 -46.94392469 654.05099135
v 2.44986801 -46.39890174 653.82886003
v 2.21566261 -46.14059130 653.70557291
v 2.14222756 -46.04621104 653.65742842
v 2.07746056 -45.94859319 653.60587579
v 2.03932648 -45.87470355 653.56560992
v 2.01116944 -45.79459083 653.52074991
v 2.00295959 -45.75107007 653.49581808
v 3.00000000 -46.40527338 655.05775616
v 3.00000000 -46.28687226 655.14588357
v 3.00000000 -46.16038321 655.22194791
v 3.00000000 -46.02703093 655.28521270
v 3.00000000 -45.88810658 655.33506539
v 3.00000000 -45.74495529 655.37102329
v 3.00000000 -45.59896308 655.39273825
v 3.00000000 -45.45154350 655.40000000
v 2.00000000 -45.45154350 654.40000000
v 2.00000000 -45.49981976 654.39766395
v 2.00000000 -45.54764492 654.39067761
v 2.00000000 -45.59457208 654.37910628
v 2.00000000 -45.64016276 654.36305807
v 2.00000000 -45.68399093 654.34268295
v 2.00000000 -45.72564706 654.31817130
v 2.00000000 -45.76474191 654.28975217
v 2.00000000 -45.80091017 654.25769111
v 2.00000000 -45.83381387 654.22228771
v 2.00000000 -45.86314555 654.18387278
v 2.00000000 -45.88863113 654.14280528
v 2.00000000 -45.91003247 654.09946896
v 2.00000000 -45.92714959 654.05426875
v 2.00000000 -45.93982255 654.00762702
v 2.00000000 -45.94793291 653.95997961
v 2.00000000 -45.95140491 653.91177173
v 2.00000000 -45.95020609 653.86345385
v 2.00000000 -45.94434767 653.81547747
v 2.00000000 -45.93388437 653.76829088
v 2.00000000 -45.91891397 653.72233502
v 2.00000000 -45.89957636 653.67803929
v 2.00000000 -45.87605224 653.63581762
v 2.00000000 -45.84856142 653.59606452
v 2.00000000 -45.81736077 653.55915146
v 2.00000000 -45.78274184 653.52542336
v 2.00000000 -45.74502813 653.49519539
v 2.50000000 -45.63696322 654.88265942
v 2.50000000 -45.81595236 654.83123906
v 2.50000000 -45.98230338 654.74752224
v 2.50000000 -46.13024703 654.63441237
v 2.50000000 -46.25465245 654.49583221
v 2.50000000 -46.35120511 654.33658790
v 2.50000000 -46.41655646 654.16220221
v 3.00000000 -46.65620692 654.79374832
v 2.50000000 -46.44844003 653.97872304
v 3.00000000 -46.80103591 654.55488185
v 3.00000000 -46.89906293 654.29330332
v 3.50000000 -47.38156941 654.42440442
v 3.00000000 -42.50000000 655.40000000
v 2.00000000 -42.50000000 654.40000000
v 3.00000000 -41.86195968 655.43091296
v 3.00000000 -41.22989625 655.52336226
v 3.00000000 -40.60973059 655.67648187
v 3.00000000 -40.00727215 655.88883744
v 3.00000000 -39.42816450 656.15843971
v 3.00000000 -38.87783246 656.48276316
v 3.00000000 -38.36143130 656.85876968
v 3.00000000 -37.88379845 657.28293701
v 3.00000000 -37.44940816 657.75129172
v 3.00000000 -37.06232961 658.25944647
v 3.00000000 -36.72618878 658.80264109
v 3.00000000 -36.44413449 659.37578718
v 3.00000000 -36.21880891 659.97351574
v 3.00000000 -36.05232278 660.59022753
v 3.00000000 -35.94623567 661.22014545
v 3.00000000 -35.90154137 661.85736870
v 3.00000000 -35.91865854 662.49592807
v 3.00000000 -35.99742685 663.12984179
v 3.00000000 -36.13710843 663.75317165
v 3.00000000 -36.33639479 664.36007857
v 3.00000000 -36.59341912 664.94487730
v 3.00000000 -36.90577372 665.50208970
v 3.00000000 -37.27053258 666.02649606
v 3.00000000 -37.68427881 666.51318396
v 3.00000000 -38.14313662 666.95759432
v 3.00000000 -38.64280762 667.35556411
v 3.00000000 -39.17861111 667.70336531
v 2.00000000 -38.67537037 668.56751157
v 2.00000000 -38.05838453 668.16701322
v 2.00000000 -37.48300580 667.70874498
v 2.00000000 -36.95462409 667.19699971
v 2.00000000 -36.47818903 666.63657122
v 2.00000000 -36.05816367 666.03270935
v 2.00000000 -35.69848262 665.39107083
v 2.00000000 -35.40251522 664.71766623
v 2.00000000 -35.17303395 664.01880372
v 2.00000000 -35.01218850 663.30102994
v 2.00000000 -34.92148560 662.57106868
v 2.00000000 -34.90177491 661.83575790
v 2.00000000 -34.95324108 661.10198567
v 2.00000000 -35.07540198 660.37662564
v 2.00000000 -35.26711329 659.66647268
v 2.00000000 -35.52657911 658.97817917
v 2.00000000 -35.85136890 658.31819277
v 2.00000000 -36.23844016 657.69269593
v 2.00000000 -36.68416697 657.10754804
v 2.00000000 -37.18437398 656.56823049
v 2.00000000 -37.73437544 656.07979539
v 2.00000000 -38.32901920 655.64681819
v 2.00000000 -38.96273488 655.27335481
v 2.00000000 -39.62958611 654.96290371
v 2.00000000 -40.32332614 654.71837306
v 2.00000000 -41.03745629 654.54205351
v 2.00000000 -41.76528691 654.43559674
v 2.00000000 -38.41830357 669.49955503
v 2.00000000 -38.46686358 669.49772245
v 2.00000000 -38.51501634 669.49118459
v 2.00000000 -38.56230703 669.48000321
v 2.00000000 -38.60828895 669.46428393
v 2.00000000 -38.65252776 669.44417522
v 2.00000000 -38.69460560 669.41986704
v 2.00000000 -38.73412501 669.39158897
v 2.00000000 -38.77071270 669.35960815
v 2.00000000 -38.80402308 669.32422663
v 2.00000000 -38.83374149 669.28577864
v 2.00000000 -38.85958724 669.24462734
v 2.00000000 -38.88131619 669.20116143
v 2.00000000 -38.89872309 669.15579148
v 2.00000000 -38.91164353 669.10894604
v 2.00000000 -38.91995545 669.06106761
v 2.00000000 -38.92358035 669.01260843
v 2.00000000 -38.92248399 668.96402622
v 2.00000000 -38.91667672 668.91577989
v 2.00000000 -38.90621340 668.86832516
v 2.00000000 -38.89119286 668.82211028
v 2.00000000 -38.87175698 668.77757176
v 2.00000000 -38.84808935 668.73513033
v 2.00000000 -38.82041352 668.69518685
v 2.00000000 -38.78899092 668.65811864
v 2.00000000 -38.75411835 668.62427582
v 2.00000000 -38.71612521 668.59397807
v 3.00000000 -39.28959625 667.77471317
v 3.00000000 -39.39388235 667.85553784
v 3.00000000 -39.49066255 667.94521398
v 3.00000000 -39.57918806 668.04304778
v 3.00000000 -39.65877397 668.14828228
v 3.00000000 -39.72880451 668.26010331
v 3.00000000 -39.78873786 668.37764569
v 2.50000000 -39.38775551 669.26546695
v 2.50000000 -39.42042184 669.08110308
v 2.50000000 -39.41814772 668.89388142
v 3.00000000 -39.86975827 669.39840807
v 2.50000000 -39.38101287 668.71036540
v 3.00000000 -39.91875776 669.12186227
v 2.50000000 -39.31031914 668.53698859
v 3.00000000 -39.91534657 668.84102977
v 2.50000000 -39.20854485 668.37982906
v 3.00000000 -39.85964430 668.56575576
v 2.50000000 -39.07925790 668.24439639
v 3.50000000 -40.41709368 669.16262146
v 3.00000000 -44.15000000 662.00000000
v 3.00000000 -44.14180078 661.83571305
v 3.00000000 -44.11728460 661.67305886
v 3.00000000 -44.07669513 661.51365396
v 3.00000000 -44.02043575 661.35908259
v 3.00000000 -43.94906560 661.21088094
v 3.00000000 -43.86329398 661.07052190
v 3.00000000 -43.76397333 660.93940044
v 3.00000000 -43.65209075 660.81881970
v 3.00000000 -43.52875817 660.70997805
v 3.00000000 -43.39520134 660.61395723
v 3.00000000 -43.25274758 660.53171152
v 3.00000000 -43.10281269 660.46405831
v 3.00000000 -42.94688677 660.41166999
v 3.00000000 -42.78651949 660.37506721
v 3.00000000 -42.62330465 660.35461373
v 3.00000000 -42.45886436 660.35051285
v 3.00000000 -42.29483289 660.36280531
v 3.00000000 -42.13284046 660.39136894
v 3.00000000 -41.97449703 660.43591988
v 3.00000000 -41.82137628 660.49601534
v 3.00000000 -41.67500000 660.57105808
v 3.00000000 -41.53682294 660.66030229
v 3.00000000 -41.40821837 660.76286102
v 3.00000000 -41.29046441 660.87771498
v 3.00000000 -41.18473136 661.00372272
v 3.00000000 -41.09207005 661.13963191
v 3.00000000 -41.01340137 661.28409183
v 3.00000000 -40.94950718 661.43566676
v 3.00000000 -40.90102248 661.59285029
v 3.00000000 -40.86842914 661.75408026
v 3.00000000 -40.85205108 661.91775429
v 3.00000000 -40.85205108 662.08224571
v 3.00000000 -40.86842914 662.24591974
v 3.00000000 -40.90102248 662.40714971
v 3.00000000 -40.94950718 662.56433324
v 3.00000000 -41.01340137 662.71590817
v 3.00000000 -41.09207005 662.86036809
v 3.00000000 -41.18473136 662.99627728
v 3.00000000 -41.29046441 663.12228502
v 3.00000000 -41.40821837 663.23713898
v 3.00000000 -41.53682294 663.33969771
v 3.00000000 -41.67500000 663.42894192
v 3.00000000 -41.82137628 663.50398466
v 3.00000000 -41.97449703 663.56408012
v 3.00000000 -42.13284046 663.60863106
v 3.00000000 -42.29483289 663.63719469
v 3.00000000 -42.45886436 663.64948715
v 3.00000000 -42.62330465 663.64538627
v 3.00000000 -42.78651949 663.62493279
v 3.00000000 -42.94688677 663.58833001
v 3.00000000 -43.10281269 663.53594169
v 3.00000000 -43.25274758 663.46828848
v 3.00000000 -43.39520134 663.38604277
v 3.00000000 -43.52875817 663.29002195
v 3.00000000 -43.65209075 663.18118030
v 3.00000000 -43.76397333 663.06059956
v 3.00000000 -43.86329398 662.92947810
v 3.00000000 -43.94906560 662.78911906
v 3.00000000 -44.02043575 662.64091741
v 3.00000000 -44.07669513 662.48634604
v 3.00000000 -44.11728460 662.32694114
v 3.00000000 -44.14180078 662.16428695
v 3.00000000 -89.15000000 662.00000000
v 3.00000000 -89.14180078 661.83571305
v 3.00000000 -89.11728460 661.67305886
v 3.00000000 -89.07669513 661.51365396
v 3.00000000 -89.02043575 661.35908259
v 3.00000000 -88.94906560 661.21088094
v 3.00000000 -88.86329398 661.07052190
v 3.00000000 -88.76397333 660.93940044
v 3.00000000 -88.65209075 660.81881970
v 3.00000000 -88.52875817 660.70997805
v 3.00000000 -88.39520134 660.61395723
v 3.00000000 -88.25274758 660.53171152
v 3.00000000 -88.10281269 660.46405831
v 3.00000000 -87.94688677 660.41166999
v 3.00000000 -87.78651949 660.37506721
v 3.00000000 -87.62330465 660.35461373
v 3.00000000 -87.45886436 660.35051285
v 3.00000000 -87.29483289 660.36280531
v 3.00000000 -87.13284046 660.39136894
v 3.00000000 -86.97449703 660.43591988
v 3.00000000 -86.82137628 660.49601534
v 3.00000000 -86.67500000 660.57105808
v 3.00000000 -86.53682294 660.66030229
v 3.00000000 -86.40821837 660.76286102
v 3.00000000 -86.29046441 660.87771498
v 3.00000000 -86.18473136 661.00372272
v 3.00000000 -86.09207005 661.13963191
v 3.00000000 -86.01340137 661.28409183
v 3.00000000 -85.94950718 661.43566676
v 3.00000000 -85.90102248 661.59285029
v 3.00000000 -85.86842914 661.75408026
v 3.00000000 -85.85205108 661.91775429
v 3.00000000 -85.85205108 662.08224571
v 3.00000000 -85.86842914 662.24591974
v 3.00000000 -85.90102248 662.40714971
v 3.00000000 -85.94950718 662.56433324
v 3.00000000 -86.01340137 662.71590817
v 3.00000000 -86.09207005 662.86036809
v 3.00000000 -86.18473136 662.99627728
v 3.00000000 -86.29046441 663.12228502
v 3.00000000 -86.40821837 663.23713898
v 3.00000000 -86.53682294 663.33969771
v 3.00000000 -86.67500000 663.42894192
v 3.00000000 -86.82137628 663.50398466
v 3.00000000 -86.97449703 663.56408012
v 3.00000000 -87.13284046 663.60863106
v 3.00000000 -87.29483289 663.63719469
v 3.00000000 -87.45886436 663.64948715
v 3.00000000 -87.62330465 663.64538627
v 3.00000000 -87.78651949 663.62493279
v 3.00000000 -87.94688677 663.58833001
v 3.00000000 -88.10281269 663.53594169
v 3.00000000 -88.25274758 663.46828848
v 3.00000000 -88.39520134 663.38604277
v 3.00000000 -88.52875817 663.29002195
v 3.00000000 -88.65209075 663.18118030
v 3.00000000 -88.76397333 663.06059956
v 3.00000000 -88.86329398 662.92947810
v 3.00000000 -88.94906560 662.78911906
v 3.00000000 -89.02043575 662.64091741
v 3.00000000 -89.07669513 662.48634604
v 3.00000000 -89.11728460 662.32694114
v 3.00000000 -89.14180078 662.16428695
v 0.06495406 -45.45154350 654.40000000
v 0.10837489 -45.53090059 654.39362033
v 0.14053522 -45.57979270 654.38326664
v 0.19557149 -45.65083825 654.35849927
v 0.25383328 -45.71383252 654.32558784
v 0.31821688 -45.77252096 654.28336979
v 0.38176872 -45.82102373 654.23677341
v 0.44651606 -45.86221468 654.18506859
v 0.51108727 -45.89569118 654.12963431
v 0.57593962 -45.92164570 654.07009190
v 0.64241010 -45.94031112 654.00502889
v 0.70578382 -45.95003227 653.93884250
v 0.77198528 -45.95022761 653.86450220
v 0.83016584 -45.94004380 653.79360899
v 0.87408520 -45.92363523 653.73529460
v 0.90748414 -45.90374151 653.68679367
v 0.93330775 -45.88188765 653.64560551
v 0.96912558 -45.83462758 653.57868597
v 0.99203784 -45.77439560 653.51837274
v -0.00000000 -43.37700229 652.89566783
v -0.00000000 -45.31789527 654.40000000
v -0.00000000 -44.62340665 653.96195643
v -0.00000000 -43.97442368 653.45894777
v 1.00000000 -38.41830357 669.49955503
v 0.99373643 -38.50000000 669.49373643
v 0.97535078 -38.57752463 669.47535078
v 0.94488428 -38.65114454 669.44488428
v 0.90680581 -38.71387232 669.40680581
v 0.85863612 -38.77171850 669.35863612
v 0.80112686 -38.82258872 669.30112686
v 0.74212747 -38.86098335 669.24212747
v 0.67816453 -38.89077167 669.17816453
v 0.60996620 -38.91141374 669.10996620
v 0.53962493 -38.92214420 669.03962493
v 0.47142298 -38.92295629 668.97142298
v 0.40534601 -38.91478877 668.90534601
v 0.33665615 -38.89645952 668.83665615
v 0.27046933 -38.86816664 668.77046933
v 0.22952530 -38.84454439 668.72952530
v 0.16682009 -38.79693590 668.66682009
v 0.11236546 -38.74007462 668.61236546
v 0.06751157 -38.67537037 668.56751157
v -0.00000000 -42.50000000 654.40000000
v -0.00000000 -38.56172627 668.50000000
v -0.00000000 -37.93321887 668.07490824
v -0.00000000 -37.35023100 667.58926464
v -0.00000000 -36.81857361 667.04790988
v -0.00000000 -36.34354601 666.45623993
v -0.00000000 -35.92988306 665.82015227
v -0.00000000 -35.58170794 665.14598712
v -0.00000000 -35.30249111 664.44046425
v -0.00000000 -35.09501567 663.71061598
v -0.00000000 -34.96134963 662.96371710
v -0.00000000 -34.90282532 662.20721233
v -0.00000000 -34.92002609 661.44864217
v -0.00000000 -35.01278047 660.69556769
v -0.00000000 -35.18016394 659.95549517
v -0.00000000 -35.42050809 659.23580132
v -0.00000000 -35.73141730 658.54365970
v -0.00000000 -36.10979257 657.88596926
v -0.00000000 -36.55186241 657.26928554
v -0.00000000 -37.05322051 656.69975537
v -0.00000000 -37.60886954 656.18305555
v -0.00000000 -38.21327106 655.72433629
v -0.00000000 -38.86040068 655.32816991
v -0.00000000 -39.54380812 654.99850519
v -0.00000000 -40.25668150 654.73862808
v -0.00000000 -40.99191522 654.55112893
v -0.00000000 -41.74218081 654.43787662
v 0.01706304 -38.59002694 668.51706304
v 0.03400286 -38.61840154 668.53400286
v 0.05081914 -38.64684953 668.55081914
v -0.00000000 -38.50000000 668.50000000
v 1.00000000 -37.68868800 669.45598906
v 1.00000000 -36.96677790 669.34160950
v 1.00000000 -36.25942965 669.15750267
v 1.00000000 -35.57336131 668.90541715
v 1.00000000 -34.91508885 668.58774711
v 1.00000000 -34.29086425 668.20750966
v 1.00000000 -33.70661610 667.76831611
v 1.00000000 -33.16789332 667.27433772
v 1.00000000 -32.67981247 666.73026607
v 1.00000000 -32.24700911 666.14126851
v 1.00000000 -31.87359380 665.51293907
v 1.00000000 -31.56311309 664.85124534
v 1.00000000 -31.31851576 664.16247177
v 1.00000000 -31.14212490 663.45316003
v 1.00000000 -31.03561579 662.73004684
v -0.00000000 -32.00000000 662.00000000
v -0.00000000 -32.03129928 662.63711141
v -0.00000000 -32.12489568 663.26808709
v -0.00000000 -32.27988782 663.88685040
v -0.00000000 -32.49478304 664.48744231
v -0.00000000 -32.76751178 665.06407879
v -0.00000000 -33.09544752 665.61120651
v -0.00000000 -33.47543205 666.12355635
v -0.00000000 -33.90380592 666.59619408
v -0.00000000 -34.37644365 667.02456795
v -0.00000000 -34.88879349 667.40455248
v -0.00000000 -35.43592121 667.73248822
v -0.00000000 -36.01255769 668.00521696
v -0.00000000 -36.61314960 668.22011218
v -0.00000000 -37.23191291 668.37510432
v -0.00000000 -37.86288859 668.46870072
v 7.51338413 -42.00000000 645.69245709
v 8.80513829 -41.29289322 646.80851477
v 8.78076010 -41.29291375 646.83647820
v 7.50022346 -42.00000000 645.70753640
v 8.36081223 -41.52860158 646.45230254
v 7.93271778 -41.76430079 646.07741573
v 8.00000000 -42.00000000 644.38491417
v 9.70710678 -41.29289322 644.38491417
v 9.69241149 -41.29289322 644.71466879
v 9.64844211 -41.29289322 645.04180905
v 9.57554724 -41.29289322 645.36374133
v 9.47430481 -41.29289322 645.67791331
v 9.34551749 -41.29289322 645.98183415
v 9.19020631 -41.29289322 646.27309434
v 9.00960263 -41.29289322 646.54938471
v 7.62369352 -42.00000000 645.55265530
v 7.72112998 -42.00000000 645.40359547
v 7.80492103 -42.00000000 645.24645935
v 7.87440234 -42.00000000 645.08249275
v 7.92902306 -42.00000000 644.91299562
v 7.96835016 -42.00000000 644.73931177
v 7.99207183 -42.00000000 644.56281820
v 8.21082209 -41.76429774 645.69342843
v 8.40770316 -41.76429774 645.28096627
v 8.70051420 -41.52859548 645.98326138
v 8.52838081 -41.76429774 644.84014420
v 8.94100399 -41.52859548 645.47943979
v 9.08841146 -41.52859548 644.94097662
v 9.70710678 -41.29289322 641.06438242
v 8.15578383 -41.32121654 647.79861839
v 8.03256378 -41.35062102 648.08419236
v 7.92886424 -41.39341578 648.37767182
v 7.84556062 -41.45028578 648.67604015
v 7.78245235 -41.52069561 648.97578905
v 7.73927853 -41.60404396 649.27339282
v 7.71577825 -41.69972957 649.56532573
v 7.47556982 -41.57894392 647.93258183
v 6.94948092 -41.79675909 647.69992745
v 9.70710678 -31.70710678 640.87042615
v 9.71655072 -31.70710678 640.66253510
v 9.74480473 -31.70710678 640.45635658
v 9.79163608 -31.70710678 640.25358898
v 9.85665898 -31.70710678 640.05590262
v 9.93933781 -31.70710678 639.86492596
v 10.03899149 -31.70710678 639.68223217
v 10.15479911 -31.70710678 639.50932622
v 10.28580672 -31.70710678 639.34763243
v 10.43093511 -31.70710678 639.19848276
v 9.86038918 -31.47140452 638.96971521
v 9.55232092 -31.47140452 639.38735378
v 9.43497164 -31.23570226 638.59179800
v 9.32473829 -31.47140452 639.85375937
v 9.06565035 -31.23570226 639.09247539
v 9.18512477 -31.47140452 640.35359544
v 8.79281761 -31.23570226 639.65161613
v 8.62544482 -31.23570226 640.25083429
v 9.70710678 -31.70710678 644.38491417
v 8.78033009 -31.70710678 646.83693483
v 8.99021049 -31.70710678 646.57609694
v 9.17570247 -31.70710678 646.29738758
v 9.33529314 -31.70710678 646.00307991
v 9.46768087 -31.70710678 645.69557434
v 9.57178589 -31.70710678 645.37737891
v 9.64675911 -31.70710678 645.05108886
v 9.69198904 -31.70710678 644.71936542
v 8.52721448 -31.23570226 644.84657513
v 8.40311275 -31.23570226 645.29320541
v 9.08698679 -31.47140452 644.94883199
v 8.20077089 -31.23570226 645.71026371
v 8.93539681 -31.47140452 645.49438988
v 8.68823668 -31.47140452 646.00382564
v 7.70710678 -31.70710678 649.67641679
v 7.72461339 -31.70710678 649.28911651
v 7.77699042 -31.70710678 648.90497508
v 7.86381070 -31.70710678 648.52712560
v 7.98436609 -31.70710678 648.15864984
v 8.13767335 -31.70710678 647.80255312
v 8.32248209 -31.70710678 647.46173979
v 8.53728498 -31.70710678 647.13898957
v 7.59128340 -31.35355339 647.02139689
v 7.18594001 -31.35355339 647.85687314
v 6.93733196 -31.35355339 648.75158979
v 7.70710678 -31.70710678 662.00000000
v 7.70710678 -38.50000000 668.79289322
v 7.70710678 -37.83418003 668.76018358
v 7.70710678 -37.17477227 668.66236968
v 7.70710678 -36.52812718 668.50039352
v 7.70710678 -35.90047231 668.27581501
v 7.70710678 -35.29785230 667.99079698
v 7.70710678 -34.72607073 667.64808429
v 7.70710678 -34.19063416 667.25097747
v 7.70710678 -33.69669914 666.80330086
v 7.70710678 -33.24902253 666.30936584
v 7.70710678 -32.85191571 665.77392927
v 7.70710678 -32.50920302 665.20214770
v 7.70710678 -32.22418499 664.59952769
v 7.70710678 -31.99960648 663.97187282
v 7.70710678 -31.83763032 663.32522773
v 7.70710678 -31.73981642 662.66581997
v 6.00000000 -31.03611455 662.73512855
v 6.00000000 -31.14411040 663.46317742
v 6.00000000 -31.32294748 664.17713508
v 6.00000000 -31.57090351 664.87012574
v 6.00000000 -31.88559052 665.53547553
v 6.00000000 -32.26397791 666.16677675
v 6.00000000 -32.70242160 666.75794963
v 6.00000000 -33.19669914 667.30330086
v 6.00000000 -33.74205037 667.79757840
v 6.00000000 -34.33322325 668.23602209
v 6.00000000 -34.96452447 668.61440948
v 6.00000000 -35.62987426 668.92909649
v 6.00000000 -36.32286492 669.17705252
v 6.00000000 -37.03682258 669.35588960
v 6.00000000 -37.76487145 669.46388545
v 6.85355339 -37.10579743 669.00912964
v 6.85355339 -35.76517328 668.60245575
v 6.85355339 -34.52964699 667.94205319
v 6.85355339 -33.44669914 667.05330086
v 6.85355339 -32.55794681 665.97035301
v 6.85355339 -31.89754425 664.73482672
v 6.85355339 -31.49087036 663.39420257
v 7.70710678 -87.50000000 668.79289322
v 7.70710678 -87.50000000 655.20710678
v 7.70710678 -88.16581997 655.23981642
v 7.70710678 -88.82522773 655.33763032
v 7.70710678 -89.47187282 655.49960648
v 7.70710678 -90.09952769 655.72418499
v 7.70710678 -90.70214770 656.00920302
v 7.70710678 -91.27392927 656.35191571
v 7.70710678 -91.80936584 656.74902253
v 7.70710678 -92.30330086 657.19669914
v 7.70710678 -92.75097747 657.69063416
v 7.70710678 -93.14808429 658.22607073
v 7.70710678 -93.49079698 658.79785230
v 7.70710678 -93.77581501 659.40047231
v 7.70710678 -94.00039352 660.02812718
v 7.70710678 -94.16236968 660.67477227
v 7.70710678 -94.26018358 661.33418003
v 7.70710678 -94.29289322 662.00000000
v 7.70710678 -94.26018358 662.66581997
v 7.70710678 -94.16236968 663.32522773
v 7.70710678 -94.00039352 663.97187282
v 7.70710678 -93.77581501 664.59952769
v 7.70710678 -93.49079698 665.20214770
v 7.70710678 -93.14808429 665.77392927
v 7.70710678 -92.75097747 666.30936584
v 7.70710678 -92.30330086 666.80330086
v 7.70710678 -91.80936584 667.25097747
v 7.70710678 -91.27392927 667.64808429
v 7.70710678 -90.70214770 667.99079698
v 7.70710678 -90.09952769 668.27581501
v 7.70710678 -89.47187282 668.50039352
v 7.70710678 -88.82522773 668.66236968
v 7.70710678 -88.16581997 668.76018358
v 6.85355339 -88.89420257 654.99087036
v 6.85355339 -90.23482672 655.39754425
v 6.85355339 -91.47035301 656.05794681
v 6.85355339 -92.55330086 656.94669914
v 6.85355339 -93.44205319 658.02964699
v 6.85355339 -94.10245575 659.26517328
v 6.85355339 -94.50912964 660.60579743
v 6.85355339 -94.64644661 662.00000000
v 6.85355339 -94.50912964 663.39420257
v 6.85355339 -94.10245575 664.73482672
v 6.85355339 -93.44205319 665.97035301
v 6.85355339 -92.55330086 667.05330086
v 6.85355339 -91.47035301 667.94205319
v 6.85355339 -90.23482672 668.60245575
v 6.85355339 -88.89420257 669.00912964
v 7.70710678 -49.50000000 655.20710678
v 7.70710678 -41.83325267 649.92875179
v 7.70710678 -42.13749920 650.62631821
v 7.70710678 -42.50505211 651.29270378
v 7.70710678 -42.93275099 651.92217859
v 7.70710678 -43.41691827 652.50933012
v 7.70710678 -43.95339085 653.04910974
v 7.70710678 -44.53755588 653.53687617
v 7.70710678 -45.16439041 653.96843535
v 7.70710678 -45.82850464 654.34007653
v 7.70710678 -46.52418816 654.64860416
v 7.70710678 -47.24545917 654.89136537
v 7.70710678 -47.98611582 655.06627277
v 7.70710678 -48.73978958 655.17182243
v 6.85355339 -42.75254160 651.01871946
v 6.85355339 -43.54130674 652.11588462
v 6.85355339 -44.50647277 653.06159935
v 6.85355339 -45.61946698 653.82786675
v 6.85355339 -46.84734032 654.39200227
v 6.85355339 -48.15374289 654.73730526
v 7.13931804 -42.00528347 649.71604933
v 6.57058936 -42.22244738 649.62302101
v 6.90198149 -42.00000000 646.51295705
v 8.35784325 -41.30041049 647.41836731
v 8.25267612 -41.30803584 647.60541243
v 7.71842115 -41.54119275 647.39095887
v 7.79349305 -41.53659987 647.25226267
v 7.21741382 -41.77059638 647.11274362
v 7.30014292 -41.76829994 646.96219005
v 7.49799561 -42.00000000 645.71006375
v 8.77891413 -41.29291719 646.83857743
v 8.63666128 -41.29374250 647.01007309
v 8.50326416 -41.29587437 647.19130266
v 8.37998879 -41.29948871 647.38145928
v 6.93170051 -42.00000000 646.46547478
v 7.17085628 -42.00000000 646.11565273
v 7.33081565 -42.00000000 645.90831130
v 8.03852687 -41.53058292 646.86122186
v 8.19051537 -41.52916167 646.65640301
v 7.57378958 -41.76529146 646.53114105
v 7.74436946 -41.76458083 646.30273292
v 7.88074279 -41.53338925 647.10305429
v 7.39629187 -41.76669463 646.80007424
v 8.78034600 -41.29291449 646.83694895
v 7.49999974 -42.00000000 645.70779012
v 8.35368079 -41.52860949 646.46042987
v 7.92687756 -41.76430474 646.08406771
v 8.35248209 -41.52861086 646.46179158
v 7.92557282 -41.76430543 646.08554865
v 9.70710678 -41.29289322 640.87042615
v 9.13807119 -41.52859548 640.99973033
v 8.56903559 -41.76429774 640.99973033
v 9.83926229 -41.29289322 640.10324178
v 9.78176087 -41.29289322 640.29010341
v 9.74038718 -41.29289322 640.48118428
v 9.71544203 -41.29289322 640.67509514
v 8.00000000 -87.50000000 668.50000000
v 8.00000000 -38.50000000 668.50000000
v 8.00000000 -87.50000000 655.50000000
v 8.00000000 -88.13711141 655.53129928
v 8.00000000 -88.76808709 655.62489568
v 8.00000000 -89.38685040 655.77988782
v 8.00000000 -89.98744231 655.99478304
v 8.00000000 -90.56407879 656.26751178
v 8.00000000 -91.11120651 656.59544752
v 8.00000000 -91.62355635 656.97543205
v 8.00000000 -92.09619408 657.40380592
v 8.00000000 -92.52456795 657.87644365
v 8.00000000 -92.90455248 658.38879349
v 8.00000000 -93.23248822 658.93592121
v 8.00000000 -93.50521696 659.51255769
v 8.00000000 -93.72011218 660.11314960
v 8.00000000 -93.87510432 660.73191291
v 8.00000000 -93.96870072 661.36288859
v 8.00000000 -94.00000000 662.00000000
v 8.00000000 -93.96870072 662.63711141
v 8.00000000 -93.87510432 663.26808709
v 8.00000000 -93.72011218 663.88685040
v 8.00000000 -93.50521696 664.48744231
v 8.00000000 -93.23248822 665.06407879
v 8.00000000 -92.90455248 665.61120651
v 8.00000000 -92.52456795 666.12355635
v 8.00000000 -92.09619408 666.59619408
v 8.00000000 -91.62355635 667.02456795
v 8.00000000 -91.11120651 667.40455248
v 8.00000000 -90.56407879 667.73248822
v 8.00000000 -89.98744231 668.00521696
v 8.00000000 -89.38685040 668.22011218
v 8.00000000 -88.76808709 668.37510432
v 8.00000000 -88.13711141 668.46870072
v 8.00000000 -49.50000000 655.50000000
v 8.00000000 -41.55964366 650.03327236
v 8.00000000 -41.87474808 650.75573337
v 8.00000000 -42.25541812 651.44590074
v 8.00000000 -42.69838061 652.09784010
v 8.00000000 -43.19982673 652.70594574
v 8.00000000 -43.75544482 653.26498889
v 8.00000000 -44.36045738 653.77016260
v 8.00000000 -45.00966224 654.21712317
v 8.00000000 -45.69747721 654.60202739
v 8.00000000 -46.41798812 654.92156568
v 8.00000000 -47.16499967 655.17299048
v 8.00000000 -47.93208869 655.35413994
v 8.00000000 -48.71265938 655.46345643
v 8.00000000 -41.43244211 649.67641679
v 7.80603243 -41.65469222 649.72382995
v 7.90301621 -41.56405625 649.76047217
v 8.58998554 -41.02088028 647.58553148
v 8.41266953 -41.04982839 647.90723498
v 8.26405451 -41.09356266 648.24723819
v 8.17672808 -41.13518778 648.50088194
v 8.10468087 -41.18799289 648.76967239
v 8.05157661 -41.25012413 649.04076151
v 8.01718027 -41.32117988 649.31131483
v 8.00428243 -41.37487083 649.49511600
v 8.15848485 -41.19267594 648.25560873
v 8.07423872 -41.28315040 648.20705942
v 8.99797254 -41.00006739 647.03296618
v 8.85404467 -41.00262035 647.20605156
v 8.71757540 -41.00934307 647.39049680
v 8.70348745 -41.19735509 647.08165767
v 8.77876606 -41.09998772 647.14385461
v 8.56279709 -41.20276523 647.27118567
v 8.64018625 -41.10605415 647.33084123
v 9.00000000 -41.00005832 647.03066548
v 8.92560799 -41.09768219 646.96742492
v 8.85256789 -41.19530009 646.90265064
v 9.02676826 -41.00000000 647.00000000
v 8.87064157 -41.19526740 646.88200186
v 8.94425487 -41.09763697 646.94613388
v 10.00000000 -41.00000000 644.38491417
v 9.98414365 -41.00000000 644.74072223
v 9.93670031 -41.00000000 645.09370937
v 9.85804613 -41.00000000 645.44107707
v 9.74880468 -41.00000000 645.78007132
v 9.60984205 -41.00000000 646.10800452
v 9.44225996 -41.00000000 646.42227676
v 9.24738704 -41.00000000 646.72039644
v 10.00000000 -41.00000000 640.87042615
v 10.63136680 -41.00000000 639.41205611
v 10.50477705 -41.00000000 639.54215346
v 10.39050430 -41.00000000 639.68319256
v 10.28948989 -41.00000000 639.83401157
v 10.20256593 -41.00000000 639.99336813
v 10.13044846 -41.00000000 640.15994951
v 10.07373156 -41.00000000 640.33238350
v 10.03288243 -41.00000000 640.50924965
v 10.00823757 -41.00000000 640.68909102
v -7.81484700 -42.00000000 646.06521739
v -6.43850248 -42.00000000 646.53680347
v -5.56077160 -42.00000000 646.78631325
v -8.38095238 -42.00000000 645.84108250
v -8.19294252 -42.00000000 645.91753396
v -8.00423538 -42.00000000 645.99224771
v -9.00000000 -42.00000000 644.91648784
v -8.99516942 -42.00000000 645.01466031
v -8.98072433 -42.00000000 645.11188431
v -8.95680431 -42.00000000 645.20722056
v -8.92364044 -42.00000000 645.29974799
v -8.88155312 -42.00000000 645.38857268
v -8.83094897 -42.00000000 645.47283648
v -8.77231688 -42.00000000 645.55172530
v -8.70622331 -42.00000000 645.62447699
v -8.63330680 -42.00000000 645.69038867
v -8.55427181 -42.00000000 645.74882357
v -8.46988190 -42.00000000 645.79921713
v -9.00000000 -42.00000000 640.87042615
v -9.01054008 -42.00000000 640.61917052
v -9.00263618 -42.00000000 640.74468784
v -10.00000000 -41.00000000 640.87042615
v -10.00823757 -41.00000000 640.68909102
v -10.03288243 -41.00000000 640.50924965
v -10.07373156 -41.00000000 640.33238350
v -10.13044846 -41.00000000 640.15994951
v -10.20256593 -41.00000000 639.99336813
v -10.28948989 -41.00000000 639.83401157
v -10.39050430 -41.00000000 639.68319256
v -10.50477705 -41.00000000 639.54215346
v -10.63136680 -41.00000000 639.41205611
v -9.81885654 -41.33333333 640.04153674
v -9.70502950 -41.33333333 640.44905357
v -9.37717657 -41.66666667 640.38885748
v -10.00000000 -41.00000000 644.91648784
v -8.76190476 -41.00000000 646.76567716
v -8.93976379 -41.00000000 646.68194642
v -9.10854361 -41.00000000 646.58115930
v -9.26661360 -41.00000000 646.46428950
v -9.41244663 -41.00000000 646.33246613
v -9.54463377 -41.00000000 646.18696276
v -9.66189794 -41.00000000 646.02918512
v -9.76310624 -41.00000000 645.86065752
v -9.84728087 -41.00000000 645.68300814
v -9.91360862 -41.00000000 645.49795328
v -9.96144867 -41.00000000 645.30728078
v -9.99033883 -41.00000000 645.11283277
v -9.30763244 -41.66666667 645.17701647
v -9.23152058 -41.66666667 645.42750137
v -9.63454056 -41.33333333 645.24214863
v -9.10793196 -41.66666667 645.65828603
v -9.53940073 -41.33333333 645.55525476
v -8.94163108 -41.66666667 645.86047337
v -9.38491495 -41.33333333 645.84373557
v -8.73902907 -41.66666667 646.02626881
v -9.17703885 -41.33333333 646.09646975
v -8.92378634 -41.33333333 646.30371405
v -8.17006732 -41.00000000 647.00000000
v -8.36806426 -41.00000000 646.92371351
v -8.56534900 -41.00000000 646.84560368
v -4.85981415 -41.06400754 647.98070743
v -3.40740741 -41.10394597 648.24619913
v -4.32090420 -41.38537295 647.75200867
v -4.26564502 -41.69299288 647.42417974
v -3.84334681 -41.39486879 647.83977799
v -3.79479205 -41.69854393 647.51123064
v -6.34472953 -41.02419735 647.60744724
v -7.26289838 -41.00674339 647.32308165
v -6.98209142 -41.33967373 647.06443202
v -6.88412843 -41.66983687 646.74579665
v -5.89574207 -41.35549673 647.38658036
v -5.81647081 -41.67774836 647.06291502
v -0.00000000 -42.77913496 652.20205984
v -0.01859466 -42.50137599 651.81606528
v -0.07044699 -42.27252638 651.45690916
v -0.14608188 -42.08686402 651.13266157
v -0.24785840 -41.92242124 650.81552600
v -0.37728840 -41.77796042 650.50652393
v -0.54354036 -41.64426054 650.18953789
v -0.67909675 -41.56060871 649.97278930
v -0.84075824 -41.48089966 649.74918107
v -1.01234261 -41.41268253 649.54215406
v -1.17595895 -41.35957962 649.36868225
v -1.33719853 -41.31625583 649.21699367
v -1.50845694 -41.27774470 649.07302826
v -1.68869987 -41.24380669 648.93776398
v -1.87689304 -41.21420230 648.81217879
v -2.07200216 -41.18869200 648.69725066
v -2.27299161 -41.16703331 648.59392065
v -2.47880769 -41.14894280 648.50261898
v -2.68838343 -41.13410711 648.42340261
v -2.90065157 -41.12221223 648.35632003
v -3.11454485 -41.11294413 648.30141971
v -3.24866325 -41.10834332 648.27329873
v -3.38273880 -41.10457025 648.24997323
v 0.58044728 -43.00644816 651.37800553
v 0.28258962 -42.76622297 651.61514921
v 0.19189144 -42.35278967 650.18747826
v -0.05238326 -42.10729470 650.43863202
v -0.73338116 -41.91026493 648.88709058
v -0.91710557 -41.64647243 649.16633596
v -1.90582506 -41.75028550 648.03921159
v -2.02678582 -41.46515995 648.34787445
v -3.35723423 -41.40427369 647.91833485
v -3.31528697 -41.70439301 647.58922957
v -0.00000000 -43.06002384 652.54763942
v 0.32584595 -43.21488958 652.21423724
v 0.33157829 -43.41521645 652.44695241
v 0.65169190 -43.45490131 651.98144007
v 0.66315658 -43.65536986 652.21538816
v -10.63136680 -32.00000000 639.41205611
v -10.50477705 -32.00000000 639.54215346
v -10.39050430 -32.00000000 639.68319256
v -10.28948989 -32.00000000 639.83401157
v -10.20256593 -32.00000000 639.99336813
v -10.13044846 -32.00000000 640.15994951
v -10.07373156 -32.00000000 640.33238350
v -10.03288243 -32.00000000 640.50924965
v -10.00823757 -32.00000000 640.68909102
v -10.00000000 -32.00000000 640.87042615
v -10.00000000 -32.00000000 644.91648784
v -8.76190476 -32.00000000 646.76567716
v -9.99033883 -32.00000000 645.11283277
v -9.96144867 -32.00000000 645.30728078
v -9.91360862 -32.00000000 645.49795328
v -9.84728087 -32.00000000 645.68300814
v -9.76310624 -32.00000000 645.86065752
v -9.66189794 -32.00000000 646.02918512
v -9.54463377 -32.00000000 646.18696276
v -9.41244663 -32.00000000 646.33246613
v -9.26661360 -32.00000000 646.46428950
v -9.10854361 -32.00000000 646.58115930
v -8.93976379 -32.00000000 646.68194642
v -3.40740741 -32.00000000 648.24619913
v -7.01888763 -32.00000000 647.40285864
v -5.23017331 -32.00000000 647.89743930
v -3.03558801 -32.00000000 648.32006171
v -2.67243056 -32.00000000 648.42879079
v -2.32119679 -32.00000000 648.57140980
v -1.98504133 -32.00000000 648.74663780
v -1.66698338 -32.00000000 648.95290096
v -1.36987963 -32.00000000 649.18834671
v -1.09639852 -32.00000000 649.45086039
v -0.84899635 -32.00000000 649.73808419
v -0.62989519 -32.00000000 650.04743840
v -0.44106291 -32.00000000 650.37614452
v -0.28419552 -32.00000000 650.72125026
v -0.16070194 -32.00000000 651.07965601
v -0.07169134 -32.00000000 651.44814272
v -0.01796317 -32.00000000 651.82340080
v -0.00000000 -32.00000000 652.20205985
v 11.12322270 -35.00000000 623.43265293
v -7.35203813 -35.00000000 616.90061963
v -9.70502950 -31.66666667 640.44905357
v -9.81885654 -31.66666667 640.04153674
v -9.37717657 -31.33333333 640.38885748
v -10.00440487 -31.66666667 639.66127581
v -9.50726462 -31.33333333 639.92312397
v -10.25557322 -31.66666667 639.32077468
v -9.71931986 -31.33333333 639.48854005
v -10.00636940 -31.33333333 639.09939590
v -8.73902907 -31.33333333 646.02626881
v -8.94163108 -31.33333333 645.86047337
v -8.92378634 -31.66666667 646.30371405
v -9.10793196 -31.33333333 645.65828603
v -9.17703885 -31.66666667 646.09646975
v -9.23152058 -31.33333333 645.42750137
v -9.38491495 -31.66666667 645.84373557
v -9.30763244 -31.33333333 645.17701647
v -9.53940073 -31.66666667 645.55525476
v -9.63454056 -31.66666667 645.24214863
v 0.42908805 -31.50000000 651.40633439
v 0.21858711 -31.50000000 650.63568735
v -0.12486860 -31.50000000 649.91440676
v -0.59045458 -31.50000000 649.26522481
v -1.16349722 -31.50000000 648.70860139
v -1.82593628 -31.50000000 648.26207927
v -2.55689404 -31.50000000 647.93973124
v -7.35197999 -35.00000000 634.09931237
v 10.00000000 -32.00000000 640.87042615
v 10.00823757 -32.00000000 640.68909102
v 10.03288243 -32.00000000 640.50924965
v 10.07373156 -32.00000000 640.33238350
v 10.13044846 -32.00000000 640.15994951
v 10.20256593 -32.00000000 639.99336813
v 10.28948989 -32.00000000 639.83401157
v 10.39050430 -32.00000000 639.68319256
v 10.50477705 -32.00000000 639.54215346
v 10.63136680 -32.00000000 639.41205611
v 10.00000000 -32.00000000 644.38491417
v 9.00000000 -32.00000000 647.03066548
v 9.22646275 -32.00000000 646.74921917
v 9.42661019 -32.00000000 646.44848937
v 9.59880989 -32.00000000 646.13092888
v 9.74165739 -32.00000000 645.79912773
v 9.85398759 -32.00000000 645.45579214
v 9.93488434 -32.00000000 645.10372237
v 9.98368782 -32.00000000 644.74578994
v 8.00000000 -32.00000000 649.67641679
v 8.01631218 -32.00000000 649.31554103
v 8.06511566 -32.00000000 648.95760859
v 8.14601241 -32.00000000 648.60553882
v 8.25834261 -32.00000000 648.26220323
v 8.40119011 -32.00000000 647.93040209
v 8.57338981 -32.00000000 647.61284159
v 8.77353725 -32.00000000 647.31211180
v 8.00000000 -32.00000000 662.00000000
v 8.00000000 -37.86288859 668.46870072
v 8.00000000 -37.23191291 668.37510432
v 8.00000000 -36.61314960 668.22011218
v 8.00000000 -36.01255769 668.00521696
v 8.00000000 -35.43592121 667.73248822
v 8.00000000 -34.88879349 667.40455248
v 8.00000000 -34.37644365 667.02456795
v 8.00000000 -33.90380592 666.59619408
v 8.00000000 -33.47543205 666.12355635
v 8.00000000 -33.09544752 665.61120651
v 8.00000000 -32.76751178 665.06407879
v 8.00000000 -32.49478304 664.48744231
v 8.00000000 -32.27988782 663.88685040
v 8.00000000 -32.12489568 663.26808709
v 8.00000000 -32.03129928 662.63711141
v 7.35203385 -35.00000000 634.09937536
v 8.00000000 -90.75000000 662.00000000
v 6.00000000 -90.75000000 662.00000000
v 6.00000000 -90.73385002 662.32359550
v 6.00000000 -90.68556059 662.64397497
v 6.00000000 -90.60561162 662.95795432
v 6.00000000 -90.49479769 663.26241309
v 6.00000000 -90.35422011 663.55432543
v 6.00000000 -90.18527602 663.83079019
v 6.00000000 -89.98964444 664.08905973
v 6.00000000 -89.76926966 664.32656726
v 6.00000000 -89.52634186 664.54095232
v 6.00000000 -89.26327536 664.73008425
v 6.00000000 -88.98268464 664.89208338
v 6.00000000 -88.68735833 665.02533968
v 6.00000000 -88.38023152 665.12852880
v 6.00000000 -88.06435658 665.20062520
v 6.00000000 -87.74287280 665.24091234
v 6.00000000 -87.41897525 665.24898984
v 6.00000000 -87.09588296 665.22477742
v 6.00000000 -86.77680696 665.16851571
v 6.00000000 -86.46491839 665.08076388
v 6.00000000 -86.16331691 664.96239402
v 6.00000000 -85.87500000 664.81458256
v 6.00000000 -85.60283307 664.63879852
v 6.00000000 -85.34952103 664.43678891
v 6.00000000 -85.11758142 664.21056140
v 6.00000000 -84.90931935 663.96236433
v 6.00000000 -84.72680463 663.69466441
v 6.00000000 -84.57185118 663.41012215
v 6.00000000 -84.44599898 663.11156547
v 6.00000000 -84.35049882 662.80196154
v 6.00000000 -84.28629981 662.48438737
v 6.00000000 -84.25404001 662.16199913
v 6.00000000 -84.25404001 661.83800087
v 6.00000000 -84.28629981 661.51561263
v 6.00000000 -84.35049882 661.19803846
v 6.00000000 -84.44599898 660.88843453
v 6.00000000 -84.57185118 660.58987785
v 6.00000000 -84.72680463 660.30533559
v 6.00000000 -84.90931935 660.03763567
v 6.00000000 -85.11758142 659.78943860
v 6.00000000 -85.34952103 659.56321109
v 6.00000000 -85.60283307 659.36120148
v 6.00000000 -85.87500000 659.18541744
v 6.00000000 -86.16331691 659.03760598
v 6.00000000 -86.46491839 658.91923612
v 6.00000000 -86.77680696 658.83148429
v 6.00000000 -87.09588296 658.77522258
v 6.00000000 -87.41897525 658.75101016
v 6.00000000 -87.74287280 658.75908766
v 6.00000000 -88.06435658 658.79937480
v 6.00000000 -88.38023152 658.87147120
v 6.00000000 -88.68735833 658.97466032
v 6.00000000 -88.98268464 659.10791662
v 6.00000000 -89.26327536 659.26991575
v 6.00000000 -89.52634186 659.45904768
v 6.00000000 -89.76926966 659.67343274
v 6.00000000 -89.98964444 659.91094027
v 6.00000000 -90.18527602 660.16920981
v 6.00000000 -90.35422011 660.44567457
v 6.00000000 -90.49479769 660.73758691
v 6.00000000 -90.60561162 661.04204568
v 6.00000000 -90.68556059 661.35602503
v 6.00000000 -90.73385002 661.67640450
v 8.00000000 -90.73385002 662.32359550
v 8.00000000 -90.68556059 662.64397497
v 8.00000000 -90.60561162 662.95795432
v 8.00000000 -90.49479769 663.26241309
v 8.00000000 -90.35422011 663.55432543
v 8.00000000 -90.18527602 663.83079019
v 8.00000000 -89.98964444 664.08905973
v 8.00000000 -89.76926966 664.32656726
v 8.00000000 -89.52634186 664.54095232
v 8.00000000 -89.26327536 664.73008425
v 8.00000000 -88.98268464 664.89208338
v 8.00000000 -88.68735833 665.02533968
v 8.00000000 -88.38023152 665.12852880
v 8.00000000 -88.06435658 665.20062520
v 8.00000000 -87.74287280 665.24091234
v 8.00000000 -87.41897525 665.24898984
v 8.00000000 -87.09588296 665.22477742
v 8.00000000 -86.77680696 665.16851571
v 8.00000000 -86.46491839 665.08076388
v 8.00000000 -86.16331691 664.96239402
v 8.00000000 -85.87500000 664.81458256
v 8.00000000 -85.60283307 664.63879852
v 8.00000000 -85.34952103 664.43678891
v 8.00000000 -85.11758142 664.21056140
v 8.00000000 -84.90931935 663.96236433
v 8.00000000 -84.72680463 663.69466441
v 8.00000000 -84.57185118 663.41012215
v 8.00000000 -84.44599898 663.11156547
v 8.00000000 -84.35049882 662.80196154
v 8.00000000 -84.28629981 662.48438737
v 8.00000000 -84.25404001 662.16199913
v 8.00000000 -84.25404001 661.83800087
v 8.00000000 -84.28629981 661.51561263
v 8.00000000 -84.35049882 661.19803846
v 8.00000000 -84.44599898 660.88843453
v 8.00000000 -84.57185118 660.58987785
v 8.00000000 -84.72680463 660.30533559
v 8.00000000 -84.90931935 660.03763567
v 8.00000000 -85.11758142 659.78943860
v 8.00000000 -85.34952103 659.56321109
v 8.00000000 -85.60283307 659.36120148
v 8.00000000 -85.87500000 659.18541744
v 8.00000000 -86.16331691 659.03760598
v 8.00000000 -86.46491839 658.91923612
v 8.00000000 -86.77680696 658.83148429
v 8.00000000 -87.09588296 658.77522258
v 8.00000000 -87.41897525 658.75101016
v 8.00000000 -87.74287280 658.75908766
v 8.00000000 -88.06435658 658.79937480
v 8.00000000 -88.38023152 658.87147120
v 8.00000000 -88.68735833 658.97466032
v 8.00000000 -88.98268464 659.10791662
v 8.00000000 -89.26327536 659.26991575
v 8.00000000 -89.52634186 659.45904768
v 8.00000000 -89.76926966 659.67343274
v 8.00000000 -89.98964444 659.91094027
v 8.00000000 -90.18527602 660.16920981
v 8.00000000 -90.35422011 660.44567457
v 8.00000000 -90.49479769 660.73758691
v 8.00000000 -90.60561162 661.04204568
v 8.00000000 -90.68556059 661.35602503
v 8.00000000 -90.73385002 661.67640450
v 6.00000000 -89.15000000 662.00000000
v 6.00000000 -89.14180078 661.83571305
v 6.00000000 -89.11728460 661.67305886
v 6.00000000 -89.07669513 661.51365396
v 6.00000000 -89.02043575 661.35908259
v 6.00000000 -88.94906560 661.21088094
v 6.00000000 -88.86329398 661.07052190
v 6.00000000 -88.76397333 660.93940044
v 6.00000000 -88.65209075 660.81881970
v 6.00000000 -88.52875817 660.70997805
v 6.00000000 -88.39520134 660.61395723
v 6.00000000 -88.25274758 660.53171152
v 6.00000000 -88.10281269 660.46405831
v 6.00000000 -87.94688677 660.41166999
v 6.00000000 -87.78651949 660.37506721
v 6.00000000 -87.62330465 660.35461373
v 6.00000000 -87.45886436 660.35051285
v 6.00000000 -87.29483289 660.36280531
v 6.00000000 -87.13284046 660.39136894
v 6.00000000 -86.97449703 660.43591988
v 6.00000000 -86.82137628 660.49601534
v 6.00000000 -86.67500000 660.57105808
v 6.00000000 -86.53682294 660.66030229
v 6.00000000 -86.40821837 660.76286102
v 6.00000000 -86.29046441 660.87771498
v 6.00000000 -86.18473136 661.00372272
v 6.00000000 -86.09207005 661.13963191
v 6.00000000 -86.01340137 661.28409183
v 6.00000000 -85.94950718 661.43566676
v 6.00000000 -85.90102248 661.59285029
v 6.00000000 -85.86842914 661.75408026
v 6.00000000 -85.85205108 661.91775429
v 6.00000000 -85.85205108 662.08224571
v 6.00000000 -85.86842914 662.24591974
v 6.00000000 -85.90102248 662.40714971
v 6.00000000 -85.94950718 662.56433324
v 6.00000000 -86.01340137 662.71590817
v 6.00000000 -86.09207005 662.86036809
v 6.00000000 -86.18473136 662.99627728
v 6.00000000 -86.29046441 663.12228502
v 6.00000000 -86.40821837 663.23713898
v 6.00000000 -86.53682294 663.33969771
v 6.00000000 -86.67500000 663.42894192
v 6.00000000 -86.82137628 663.50398466
v 6.00000000 -86.97449703 663.56408012
v 6.00000000 -87.13284046 663.60863106
v 6.00000000 -87.29483289 663.63719469
v 6.00000000 -87.45886436 663.64948715
v 6.00000000 -87.62330465 663.64538627
v 6.00000000 -87.78651949 663.62493279
v 6.00000000 -87.94688677 663.58833001
v 6.00000000 -88.10281269 663.53594169
v 6.00000000 -88.25274758 663.46828848
v 6.00000000 -88.39520134 663.38604277
v 6.00000000 -88.52875817 663.29002195
v 6.00000000 -88.65209075 663.18118030
v 6.00000000 -88.76397333 663.06059956
v 6.00000000 -88.86329398 662.92947810
v 6.00000000 -88.94906560 662.78911906
v 6.00000000 -89.02043575 662.64091741
v 6.00000000 -89.07669513 662.48634604
v 6.00000000 -89.11728460 662.32694114
v 6.00000000 -89.14180078 662.16428695
v 8.00000000 -45.75000000 662.00000000
v 6.00000000 -45.75000000 662.00000000
v 6.00000000 -45.73385002 662.32359550
v 6.00000000 -45.68556059 662.64397497
v 6.00000000 -45.60561162 662.95795432
v 6.00000000 -45.49479769 663.26241309
v 6.00000000 -45.35422011 663.55432543
v 6.00000000 -45.18527602 663.83079019
v 6.00000000 -44.98964444 664.08905973
v 6.00000000 -44.76926966 664.32656726
v 6.00000000 -44.52634186 664.54095232
v 6.00000000 -44.26327536 664.73008425
v 6.00000000 -43.98268464 664.89208338
v 6.00000000 -43.68735833 665.02533968
v 6.00000000 -43.38023152 665.12852880
v 6.00000000 -43.06435658 665.20062520
v 6.00000000 -42.74287280 665.24091234
v 6.00000000 -42.41897525 665.24898984
v 6.00000000 -42.09588296 665.22477742
v 6.00000000 -41.77680696 665.16851571
v 6.00000000 -41.46491839 665.08076388
v 6.00000000 -41.16331691 664.96239402
v 6.00000000 -40.87500000 664.81458256
v 6.00000000 -40.60283307 664.63879852
v 6.00000000 -40.34952103 664.43678891
v 6.00000000 -40.11758142 664.21056140
v 6.00000000 -39.90931935 663.96236433
v 6.00000000 -39.72680463 663.69466441
v 6.00000000 -39.57185118 663.41012215
v 6.00000000 -39.44599898 663.11156547
v 6.00000000 -39.35049882 662.80196154
v 6.00000000 -39.28629981 662.48438737
v 6.00000000 -39.25404001 662.16199913
v 6.00000000 -39.25404001 661.83800087
v 6.00000000 -39.28629981 661.51561263
v 6.00000000 -39.35049882 661.19803846
v 6.00000000 -39.44599898 660.88843453
v 6.00000000 -39.57185118 660.58987785
v 6.00000000 -39.72680463 660.30533559
v 6.00000000 -39.90931935 660.03763567
v 6.00000000 -40.11758142 659.78943860
v 6.00000000 -40.34952103 659.56321109
v 6.00000000 -40.60283307 659.36120148
v 6.00000000 -40.87500000 659.18541744
v 6.00000000 -41.16331691 659.03760598
v 6.00000000 -41.46491839 658.91923612
v 6.00000000 -41.77680696 658.83148429
v 6.00000000 -42.09588296 658.77522258
v 6.00000000 -42.41897525 658.75101016
v 6.00000000 -42.74287280 658.75908766
v 6.00000000 -43.06435658 658.79937480
v 6.00000000 -43.38023152 658.87147120
v 6.00000000 -43.68735833 658.97466032
v 6.00000000 -43.98268464 659.10791662
v 6.00000000 -44.26327536 659.26991575
v 6.00000000 -44.52634186 659.45904768
v 6.00000000 -44.76926966 659.67343274
v 6.00000000 -44.98964444 659.91094027
v 6.00000000 -45.18527602 660.16920981
v 6.00000000 -45.35422011 660.44567457
v 6.00000000 -45.49479769 660.73758691
v 6.00000000 -45.60561162 661.04204568
v 6.00000000 -45.68556059 661.35602503
v 6.00000000 -45.73385002 661.67640450
v 8.00000000 -45.73385002 662.32359550
v 8.00000000 -45.68556059 662.64397497
v 8.00000000 -45.60561162 662.95795432
v 8.00000000 -45.49479769 663.26241309
v 8.00000000 -45.35422011 663.55432543
v 8.00000000 -45.18527602 663.83079019
v 8.00000000 -44.98964444 664.08905973
v 8.00000000 -44.76926966 664.32656726
v 8.00000000 -44.52634186 664.54095232
v 8.00000000 -44.26327536 664.73008425
v 8.00000000 -43.98268464 664.89208338
v 8.00000000 -43.68735833 665.02533968
v 8.00000000 -43.38023152 665.12852880
v 8.00000000 -43.06435658 665.20062520
v 8.00000000 -42.74287280 665.24091234
v 8.00000000 -42.41897525 665.24898984
v 8.00000000 -42.09588296 665.22477742
v 8.00000000 -41.77680696 665.16851571
v 8.00000000 -41.46491839 665.08076388
v 8.00000000 -41.16331691 664.96239402
v 8.00000000 -40.87500000 664.81458256
v 8.00000000 -40.60283307 664.63879852
v 8.00000000 -40.34952103 664.43678891
v 8.00000000 -40.11758142 664.21056140
v 8.00000000 -39.90931935 663.96236433
v 8.00000000 -39.72680463 663.69466441
v 8.00000000 -39.57185118 663.41012215
v 8.00000000 -39.44599898 663.11156547
v 8.00000000 -39.35049882 662.80196154
v 8.00000000 -39.28629981 662.48438737
v 8.00000000 -39.25404001 662.16199913
v 8.00000000 -39.25404001 661.83800087
v 8.00000000 -39.28629981 661.51561263
v 8.00000000 -39.35049882 661.19803846
v 8.00000000 -39.44599898 660.88843453
v 8.00000000 -39.57185118 660.58987785
v 8.00000000 -39.72680463 660.30533559
v 8.00000000 -39.90931935 660.03763567
v 8.00000000 -40.11758142 659.78943860
v 8.00000000 -40.34952103 659.56321109
v 8.00000000 -40.60283307 659.36120148
v 8.00000000 -40.87500000 659.18541744
v 8.00000000 -41.16331691 659.03760598
v 8.00000000 -41.46491839 658.91923612
v 8.00000000 -41.77680696 658.83148429
v 8.00000000 -42.09588296 658.77522258
v 8.00000000 -42.41897525 658.75101016
v 8.00000000 -42.74287280 658.75908766
v 8.00000000 -43.06435658 658.79937480
v 8.00000000 -43.38023152 658.87147120
v 8.00000000 -43.68735833 658.97466032
v 8.00000000 -43.98268464 659.10791662
v 8.00000000 -44.26327536 659.26991575
v 8.00000000 -44.52634186 659.45904768
v 8.00000000 -44.76926966 659.67343274
v 8.00000000 -44.98964444 659.91094027
v 8.00000000 -45.18527602 660.16920981
v 8.00000000 -45.35422011 660.44567457
v 8.00000000 -45.49479769 660.73758691
v 8.00000000 -45.60561162 661.04204568
v 8.00000000 -45.68556059 661.35602503
v 8.00000000 -45.73385002 661.67640450
v 6.00000000 -44.15000000 662.00000000
v 6.00000000 -44.14180078 661.83571305
v 6.00000000 -44.11728460 661.67305886
v 6.00000000 -44.07669513 661.51365396
v 6.00000000 -44.02043575 661.35908259
v 6.00000000 -43.94906560 661.21088094
v 6.00000000 -43.86329398 661.07052190
v 6.00000000 -43.76397333 660.93940044
v 6.00000000 -43.65209075 660.81881970
v 6.00000000 -43.52875817 660.70997805
v 6.00000000 -43.39520134 660.61395723
v 6.00000000 -43.25274758 660.53171152
v 6.00000000 -43.10281269 660.46405831
v 6.00000000 -42.94688677 660.41166999
v 6.00000000 -42.78651949 660.37506721
v 6.00000000 -42.62330465 660.35461373
v 6.00000000 -42.45886436 660.35051285
v 6.00000000 -42.29483289 660.36280531
v 6.00000000 -42.13284046 660.39136894
v 6.00000000 -41.97449703 660.43591988
v 6.00000000 -41.82137628 660.49601534
v 6.00000000 -41.67500000 660.57105808
v 6.00000000 -41.53682294 660.66030229
v 6.00000000 -41.40821837 660.76286102
v 6.00000000 -41.29046441 660.87771498
v 6.00000000 -41.18473136 661.00372272
v 6.00000000 -41.09207005 661.13963191
v 6.00000000 -41.01340137 661.28409183
v 6.00000000 -40.94950718 661.43566676
v 6.00000000 -40.90102248 661.59285029
v 6.00000000 -40.86842914 661.75408026
v 6.00000000 -40.85205108 661.91775429
v 6.00000000 -40.85205108 662.08224571
v 6.00000000 -40.86842914 662.24591974
v 6.00000000 -40.90102248 662.40714971
v 6.00000000 -40.94950718 662.56433324
v 6.00000000 -41.01340137 662.71590817
v 6.00000000 -41.09207005 662.86036809
v 6.00000000 -41.18473136 662.99627728
v 6.00000000 -41.29046441 663.12228502
v 6.00000000 -41.40821837 663.23713898
v 6.00000000 -41.53682294 663.33969771
v 6.00000000 -41.67500000 663.42894192
v 6.00000000 -41.82137628 663.50398466
v 6.00000000 -41.97449703 663.56408012
v 6.00000000 -42.13284046 663.60863106
v 6.00000000 -42.29483289 663.63719469
v 6.00000000 -42.45886436 663.64948715
v 6.00000000 -42.62330465 663.64538627
v 6.00000000 -42.78651949 663.62493279
v 6.00000000 -42.94688677 663.58833001
v 6.00000000 -43.10281269 663.53594169
v 6.00000000 -43.25274758 663.46828848
v 6.00000000 -43.39520134 663.38604277
v 6.00000000 -43.52875817 663.29002195
v 6.00000000 -43.65209075 663.18118030
v 6.00000000 -43.76397333 663.06059956
v 6.00000000 -43.86329398 662.92947810
v 6.00000000 -43.94906560 662.78911906
v 6.00000000 -44.02043575 662.64091741
v 6.00000000 -44.07669513 662.48634604
v 6.00000000 -44.11728460 662.32694114
v 6.00000000 -44.14180078 662.16428695
v 10.73303438 -35.00000000 623.48546150
v 10.33954449 -35.00000000 623.49965203
v 9.94656583 -35.00000000 623.47508701
v 9.55790626 -35.00000000 623.41200447
v 9.17733178 -35.00000000 623.31101567
v 8.80853007 -35.00000000 623.17309916
v 8.45507471 -35.00000000 622.99959132
v 8.12039058 -35.00000000 622.79217338
v 7.80772068 -35.00000000 622.55285517
v 7.52009471 -35.00000000 622.28395562
v 7.26029967 -35.00000000 621.98808030
v 7.03085292 -35.00000000 621.66809615
v 6.83397772 -35.00000000 621.32710374
v 6.67158175 -35.00000000 620.96840719
v 6.54523858 -35.00000000 620.59548216
v 6.45617244 -35.00000000 620.21194222
v 6.40524636 -35.00000000 619.82150374
v 6.39295380 -35.00000000 619.42794998
v 6.41941386 -35.00000000 619.03509437
v 6.48437017 -35.00000000 618.64674357
v 6.58719330 -35.00000000 618.26666059
v 6.72688693 -35.00000000 617.89852833
v 6.90209747 -35.00000000 617.54591390
v 7.11112717 -35.00000000 617.21223404
v 12.54230485 -35.00000000 619.50000000
v 12.53162101 -35.00000000 619.28592913
v 12.49967569 -35.00000000 619.07398579
v 12.44678638 -35.00000000 618.86627638
v 12.37347870 -35.00000000 618.66486519
v 12.28048123 -35.00000000 618.47175395
v 12.16871821 -35.00000000 618.28886188
v 12.03930040 -35.00000000 618.11800664
v 11.89351400 -35.00000000 617.96088627
v 11.73280792 -35.00000000 617.81906231
v 11.55877931 -35.00000000 617.69394427
v 11.37315776 -35.00000000 617.58677561
v 11.17778805 -35.00000000 617.49862144
v 10.97461185 -35.00000000 617.43035787
v 10.76564843 -35.00000000 617.38266333
v 10.55297455 -35.00000000 617.35601184
v 10.33870386 -35.00000000 617.35066826
v 10.12496588 -35.00000000 617.36668571
v 9.91388484 -35.00000000 617.40390499
v 9.70755855 -35.00000000 617.46195621
v 9.50803757 -35.00000000 617.54026242
v 9.31730485 -35.00000000 617.63804538
v 9.13725595 -35.00000000 617.75433329
v 8.96968029 -35.00000000 617.88797041
v 8.81624332 -35.00000000 618.03762861
v 8.67846995 -35.00000000 618.20182052
v 8.55772945 -35.00000000 618.37891431
v 8.45522178 -35.00000000 618.56714996
v 8.37196571 -35.00000000 618.76465669
v 8.30878868 -35.00000000 618.96947159
v 8.26631857 -35.00000000 619.17955913
v 8.24497746 -35.00000000 619.39283135
v 8.24497746 -35.00000000 619.60716865
v 8.26631857 -35.00000000 619.82044087
v 8.30878868 -35.00000000 620.03052841
v 8.37196571 -35.00000000 620.23534331
v 8.45522178 -35.00000000 620.43285004
v 8.55772945 -35.00000000 620.62108569
v 8.67846995 -35.00000000 620.79817948
v 8.81624332 -35.00000000 620.96237139
v 8.96968029 -35.00000000 621.11202959
v 9.13725595 -35.00000000 621.24566671
v 9.31730485 -35.00000000 621.36195462
v 9.50803757 -35.00000000 621.45973758
v 9.70755855 -35.00000000 621.53804379
v 9.91388484 -35.00000000 621.59609501
v 10.12496588 -35.00000000 621.63331429
v 10.33870386 -35.00000000 621.64933174
v 10.55297455 -35.00000000 621.64398816
v 10.76564843 -35.00000000 621.61733667
v 10.97461185 -35.00000000 621.56964213
v 11.17778805 -35.00000000 621.50137856
v 11.37315776 -35.00000000 621.41322439
v 11.55877931 -35.00000000 621.30605573
v 11.73280792 -35.00000000 621.18093769
v 11.89351400 -35.00000000 621.03911373
v 12.03930040 -35.00000000 620.88199336
v 12.16871821 -35.00000000 620.71113812
v 12.28048123 -35.00000000 620.52824605
v 12.37347870 -35.00000000 620.33513481
v 12.44678638 -35.00000000 620.13372362
v 12.49967569 -35.00000000 619.92601421
v 12.53162101 -35.00000000 619.71407087
v 7.11119829 -35.00000000 633.78786796
v 6.90215638 -35.00000000 633.45419131
v 6.72693370 -35.00000000 633.10157872
v 6.58722816 -35.00000000 632.73344697
v 6.48439348 -35.00000000 632.35336322
v 6.41942613 -35.00000000 631.96501046
v 6.39295563 -35.00000000 631.57215178
v 6.40523849 -35.00000000 631.17859396
v 6.45615567 -35.00000000 630.78815054
v 6.54521380 -35.00000000 630.40460488
v 6.67154991 -35.00000000 630.03167350
v 6.83393982 -35.00000000 629.67297008
v 7.03080998 -35.00000000 629.33197042
v 7.26025274 -35.00000000 629.01197878
v 7.52004481 -35.00000000 628.71609586
v 7.80766883 -35.00000000 628.44718872
v 8.12033776 -35.00000000 628.20786307
v 8.45502185 -35.00000000 628.00043794
v 8.80847805 -35.00000000 627.82692327
v 9.17728139 -35.00000000 627.68900039
v 9.55785821 -35.00000000 627.58800578
v 9.94652074 -35.00000000 627.52491805
v 10.33950289 -35.00000000 627.50034852
v 10.73299668 -35.00000000 627.51453527
v 12.54230485 -35.00000000 631.50000000
v 12.53162101 -35.00000000 631.28592913
v 12.49967569 -35.00000000 631.07398579
v 12.44678638 -35.00000000 630.86627638
v 12.37347870 -35.00000000 630.66486519
v 12.28048123 -35.00000000 630.47175395
v 12.16871821 -35.00000000 630.28886188
v 12.03930040 -35.00000000 630.11800664
v 11.89351400 -35.00000000 629.96088627
v 11.73280792 -35.00000000 629.81906231
v 11.55877931 -35.00000000 629.69394427
v 11.37315776 -35.00000000 629.58677561
v 11.17778805 -35.00000000 629.49862144
v 10.97461185 -35.00000000 629.43035787
v 10.76564843 -35.00000000 629.38266333
v 10.55297455 -35.00000000 629.35601184
v 10.33870386 -35.00000000 629.35066826
v 10.12496588 -35.00000000 629.36668571
v 9.91388484 -35.00000000 629.40390499
v 9.70755855 -35.00000000 629.46195621
v 9.50803757 -35.00000000 629.54026242
v 9.31730485 -35.00000000 629.63804538
v 9.13725595 -35.00000000 629.75433329
v 8.96968029 -35.00000000 629.88797041
v 8.81624332 -35.00000000 630.03762861
v 8.67846995 -35.00000000 630.20182052
v 8.55772945 -35.00000000 630.37891431
v 8.45522178 -35.00000000 630.56714996
v 8.37196571 -35.00000000 630.76465669
v 8.30878868 -35.00000000 630.96947159
v 8.26631857 -35.00000000 631.17955913
v 8.24497746 -35.00000000 631.39283135
v 8.24497746 -35.00000000 631.60716865
v 8.26631857 -35.00000000 631.82044087
v 8.30878868 -35.00000000 632.03052841
v 8.37196571 -35.00000000 632.23534331
v 8.45522178 -35.00000000 632.43285004
v 8.55772945 -35.00000000 632.62108569
v 8.67846995 -35.00000000 632.79817948
v 8.81624332 -35.00000000 632.96237139
v 8.96968029 -35.00000000 633.11202959
v 9.13725595 -35.00000000 633.24566671
v 9.31730485 -35.00000000 633.36195462
v 9.50803757 -35.00000000 633.45973758
v 9.70755855 -35.00000000 633.53804379
v 9.91388484 -35.00000000 633.59609501
v 10.12496588 -35.00000000 633.63331429
v 10.33870386 -35.00000000 633.64933174
v 10.55297455 -35.00000000 633.64398816
v 10.76564843 -35.00000000 633.61733667
v 10.97461185 -35.00000000 633.56964213
v 11.17778805 -35.00000000 633.50137856
v 11.37315776 -35.00000000 633.41322439
v 11.55877931 -35.00000000 633.30605573
v 11.73280792 -35.00000000 633.18093769
v 11.89351400 -35.00000000 633.03911373
v 12.03930040 -35.00000000 632.88199336
v 12.16871821 -35.00000000 632.71113812
v 12.28048123 -35.00000000 632.52824605
v 12.37347870 -35.00000000 632.33513481
v 12.44678638 -35.00000000 632.13372362
v 12.49967569 -35.00000000 631.92601421
v 12.53162101 -35.00000000 631.71407087
v 3.77125592 -35.00000000 614.83327747
v -3.77124211 -35.00000000 614.83331652
v 3.62189845 -35.00000000 615.19760172
v 3.43744484 -35.00000000 615.54547623
v 3.21968242 -35.00000000 615.87353009
v 2.97072132 -35.00000000 616.17858448
v 2.69297397 -35.00000000 616.45768342
v 2.38913173 -35.00000000 616.70812243
v 2.06213884 -35.00000000 616.92747479
v 1.71516384 -35.00000000 617.11361495
v 1.35156893 -35.00000000 617.26473922
v 0.97487733 -35.00000000 617.37938322
v 0.58873918 -35.00000000 617.45643605
v 0.19689615 -35.00000000 617.49515105
v -0.19685479 -35.00000000 617.49515309
v -0.58869822 -35.00000000 617.45644214
v -0.97483717 -35.00000000 617.37939332
v -1.35152995 -35.00000000 617.26475322
v -1.71512643 -35.00000000 617.11363270
v -2.06210336 -35.00000000 616.92749613
v -2.38909852 -35.00000000 616.70814717
v -2.69294335 -35.00000000 616.45771129
v -2.97069359 -35.00000000 616.17861523
v -3.21965785 -35.00000000 615.87356342
v -3.43742366 -35.00000000 615.54551181
v -3.62188088 -35.00000000 615.19763922
v 2.15000000 -35.00000000 613.50000000
v 2.13931617 -35.00000000 613.28592913
v 2.10737085 -35.00000000 613.07398579
v 2.05448153 -35.00000000 612.86627638
v 1.98117386 -35.00000000 612.66486519
v 1.88817638 -35.00000000 612.47175395
v 1.77641336 -35.00000000 612.28886188
v 1.64699555 -35.00000000 612.11800664
v 1.50120916 -35.00000000 611.96088627
v 1.34050307 -35.00000000 611.81906231
v 1.16647447 -35.00000000 611.69394427
v 0.98085291 -35.00000000 611.58677561
v 0.78548320 -35.00000000 611.49862144
v 0.58230701 -35.00000000 611.43035787
v 0.37334358 -35.00000000 611.38266333
v 0.16066970 -35.00000000 611.35601184
v -0.05360099 -35.00000000 611.35066826
v -0.26733896 -35.00000000 611.36668571
v -0.47842001 -35.00000000 611.40390499
v -0.68474630 -35.00000000 611.46195621
v -0.88426727 -35.00000000 611.54026242
v -1.07500000 -35.00000000 611.63804538
v -1.25504890 -35.00000000 611.75433329
v -1.42262455 -35.00000000 611.88797041
v -1.57606152 -35.00000000 612.03762861
v -1.71383489 -35.00000000 612.20182052
v -1.83457540 -35.00000000 612.37891431
v -1.93708307 -35.00000000 612.56714996
v -2.02033913 -35.00000000 612.76465669
v -2.08351617 -35.00000000 612.96947159
v -2.12598628 -35.00000000 613.17955913
v -2.14732738 -35.00000000 613.39283135
v -2.14732738 -35.00000000 613.60716865
v -2.12598628 -35.00000000 613.82044087
v -2.08351617 -35.00000000 614.03052841
v -2.02033913 -35.00000000 614.23534331
v -1.93708307 -35.00000000 614.43285004
v -1.83457540 -35.00000000 614.62108569
v -1.71383489 -35.00000000 614.79817948
v -1.57606152 -35.00000000 614.96237139
v -1.42262455 -35.00000000 615.11202959
v -1.25504890 -35.00000000 615.24566671
v -1.07500000 -35.00000000 615.36195462
v -0.88426727 -35.00000000 615.45973758
v -0.68474630 -35.00000000 615.53804379
v -0.47842001 -35.00000000 615.59609501
v -0.26733896 -35.00000000 615.63331429
v -0.05360099 -35.00000000 615.64933174
v 0.16066970 -35.00000000 615.64398816
v 0.37334358 -35.00000000 615.61733667
v 0.58230701 -35.00000000 615.56964213
v 0.78548320 -35.00000000 615.50137856
v 0.98085291 -35.00000000 615.41322439
v 1.16647447 -35.00000000 615.30605573
v 1.34050307 -35.00000000 615.18093769
v 1.50120916 -35.00000000 615.03911373
v 1.64699555 -35.00000000 614.88199336
v 1.77641336 -35.00000000 614.71113812
v 1.88817638 -35.00000000 614.52824605
v 1.98117386 -35.00000000 614.33513481
v 2.05448153 -35.00000000 614.13372362
v 2.10737085 -35.00000000 613.92601421
v 2.13931617 -35.00000000 613.71407087
v -7.11120118 -35.00000000 617.21212790
v -6.90215809 -35.00000000 617.54580564
v -6.72693449 -35.00000000 617.89841949
v -6.58722829 -35.00000000 618.26655264
v -6.48439324 -35.00000000 618.64663789
v -6.41942582 -35.00000000 619.03499221
v -6.39295556 -35.00000000 619.42785244
v -6.40523895 -35.00000000 619.82141179
v -6.45615697 -35.00000000 620.21185666
v -6.54521622 -35.00000000 620.59540365
v -6.67155373 -35.00000000 620.96833618
v -6.83394528 -35.00000000 621.32704055
v -7.03081729 -35.00000000 621.66804092
v -7.26026209 -35.00000000 621.98803299
v -7.52005635 -35.00000000 622.28391605
v -7.80768267 -35.00000000 622.55282299
v -8.12035395 -35.00000000 622.79214810
v -8.45504041 -35.00000000 622.99957233
v -8.80849895 -35.00000000 623.17308574
v -9.17730455 -35.00000000 623.31100699
v -9.55788349 -35.00000000 623.41199962
v -9.94654797 -35.00000000 623.47508501
v -10.33953182 -35.00000000 623.49965186
v -10.73302705 -35.00000000 623.48546213
v -8.24230485 -35.00000000 619.50000000
v -8.25298868 -35.00000000 619.28592913
v -8.28493400 -35.00000000 619.07398579
v -8.33782331 -35.00000000 618.86627638
v -8.41113099 -35.00000000 618.66486519
v -8.50412846 -35.00000000 618.47175395
v -8.61589148 -35.00000000 618.28886188
v -8.74530929 -35.00000000 618.11800664
v -8.89109569 -35.00000000 617.96088627
v -9.05180177 -35.00000000 617.81906231
v -9.22583038 -35.00000000 617.69394427
v -9.41145193 -35.00000000 617.58677561
v -9.60682164 -35.00000000 617.49862144
v -9.80999784 -35.00000000 617.43035787
v -10.01896126 -35.00000000 617.38266333
v -10.23163514 -35.00000000 617.35601184
v -10.44590583 -35.00000000 617.35066826
v -10.65964381 -35.00000000 617.36668571
v -10.87072485 -35.00000000 617.40390499
v -11.07705114 -35.00000000 617.46195621
v -11.27657212 -35.00000000 617.54026242
v -11.46730485 -35.00000000 617.63804538
v -11.64735374 -35.00000000 617.75433329
v -11.81492940 -35.00000000 617.88797041
v -11.96836637 -35.00000000 618.03762861
v -12.10613974 -35.00000000 618.20182052
v -12.22688024 -35.00000000 618.37891431
v -12.32938791 -35.00000000 618.56714996
v -12.41264398 -35.00000000 618.76465669
v -12.47582101 -35.00000000 618.96947159
v -12.51829112 -35.00000000 619.17955913
v -12.53963223 -35.00000000 619.39283135
v -12.53963223 -35.00000000 619.60716865
v -12.51829112 -35.00000000 619.82044087
v -12.47582101 -35.00000000 620.03052841
v -12.41264398 -35.00000000 620.23534331
v -12.32938791 -35.00000000 620.43285004
v -12.22688024 -35.00000000 620.62108569
v -12.10613974 -35.00000000 620.79817948
v -11.96836637 -35.00000000 620.96237139
v -11.81492940 -35.00000000 621.11202959
v -11.64735374 -35.00000000 621.24566671
v -11.46730485 -35.00000000 621.36195462
v -11.27657212 -35.00000000 621.45973758
v -11.07705114 -35.00000000 621.53804379
v -10.87072485 -35.00000000 621.59609501
v -10.65964381 -35.00000000 621.63331429
v -10.44590583 -35.00000000 621.64933174
v -10.23163514 -35.00000000 621.64398816
v -10.01896126 -35.00000000 621.61733667
v -9.80999784 -35.00000000 621.56964213
v -9.60682164 -35.00000000 621.50137856
v -9.41145193 -35.00000000 621.41322439
v -9.22583038 -35.00000000 621.30605573
v -9.05180177 -35.00000000 621.18093769
v -8.89109569 -35.00000000 621.03911373
v -8.74530929 -35.00000000 620.88199336
v -8.61589148 -35.00000000 620.71113812
v -8.50412846 -35.00000000 620.52824605
v -8.41113099 -35.00000000 620.33513481
v -8.33782331 -35.00000000 620.13372362
v -8.28493400 -35.00000000 619.92601421
v -8.25298868 -35.00000000 619.71407087
v -11.12321107 -35.00000000 627.56734491
v -10.73302126 -35.00000000 627.51453738
v -10.33952999 -35.00000000 627.50034816
v -9.94655009 -35.00000000 627.52491476
v -9.55788946 -35.00000000 627.58799911
v -9.17731415 -35.00000000 627.68898995
v -8.80851184 -35.00000000 627.82690870
v -8.45505617 -35.00000000 628.00041894
v -8.12037204 -35.00000000 628.20783941
v -7.80770247 -35.00000000 628.44716024
v -7.52007717 -35.00000000 628.71606247
v -7.26028317 -35.00000000 629.01194047
v -7.03083781 -35.00000000 629.33192726
v -6.83396438 -35.00000000 629.67292224
v -6.67157054 -35.00000000 630.03162122
v -6.54522985 -35.00000000 630.40454849
v -6.45616653 -35.00000000 630.78809046
v -6.40524359 -35.00000000 631.17853069
v -6.39295445 -35.00000000 631.57208589
v -6.41941819 -35.00000000 631.96494259
v -6.48437839 -35.00000000 632.35329410
v -6.58720560 -35.00000000 632.73337736
v -6.72690343 -35.00000000 633.10150944
v -6.90211826 -35.00000000 633.45412323
v -7.11115228 -35.00000000 633.78780196
v -8.24230485 -35.00000000 631.50000000
v -8.25298868 -35.00000000 631.28592913
v -8.28493400 -35.00000000 631.07398579
v -8.33782331 -35.00000000 630.86627638
v -8.41113099 -35.00000000 630.66486519
v -8.50412846 -35.00000000 630.47175395
v -8.61589148 -35.00000000 630.28886188
v -8.74530929 -35.00000000 630.11800664
v -8.89109569 -35.00000000 629.96088627
v -9.05180177 -35.00000000 629.81906231
v -9.22583038 -35.00000000 629.69394427
v -9.41145193 -35.00000000 629.58677561
v -9.60682164 -35.00000000 629.49862144
v -9.80999784 -35.00000000 629.43035787
v -10.01896126 -35.00000000 629.38266333
v -10.23163514 -35.00000000 629.35601184
v -10.44590583 -35.00000000 629.35066826
v -10.65964381 -35.00000000 629.36668571
v -10.87072485 -35.00000000 629.40390499
v -11.07705114 -35.00000000 629.46195621
v -11.27657212 -35.00000000 629.54026242
v -11.46730485 -35.00000000 629.63804538
v -11.64735374 -35.00000000 629.75433329
v -11.81492940 -35.00000000 629.88797041
v -11.96836637 -35.00000000 630.03762861
v -12.10613974 -35.00000000 630.20182052
v -12.22688024 -35.00000000 630.37891431
v -12.32938791 -35.00000000 630.56714996
v -12.41264398 -35.00000000 630.76465669
v -12.47582101 -35.00000000 630.96947159
v -12.51829112 -35.00000000 631.17955913
v -12.53963223 -35.00000000 631.39283135
v -12.53963223 -35.00000000 631.60716865
v -12.51829112 -35.00000000 631.82044087
v -12.47582101 -35.00000000 632.03052841
v -12.41264398 -35.00000000 632.23534331
v -12.32938791 -35.00000000 632.43285004
v -12.22688024 -35.00000000 632.62108569
v -12.10613974 -35.00000000 632.79817948
v -11.96836637 -35.00000000 632.96237139
v -11.81492940 -35.00000000 633.11202959
v -11.64735374 -35.00000000 633.24566671
v -11.46730485 -35.00000000 633.36195462
v -11.27657212 -35.00000000 633.45973758
v -11.07705114 -35.00000000 633.53804379
v -10.87072485 -35.00000000 633.59609501
v -10.65964381 -35.00000000 633.63331429
v -10.44590583 -35.00000000 633.64933174
v -10.23163514 -35.00000000 633.64398816
v -10.01896126 -35.00000000 633.61733667
v -9.80999784 -35.00000000 633.56964213
v -9.60682164 -35.00000000 633.50137856
v -9.41145193 -35.00000000 633.41322439
v -9.22583038 -35.00000000 633.30605573
v -9.05180177 -35.00000000 633.18093769
v -8.89109569 -35.00000000 633.03911373
v -8.74530929 -35.00000000 632.88199336
v -8.61589148 -35.00000000 632.71113812
v -8.50412846 -35.00000000 632.52824605
v -8.41113099 -35.00000000 632.33513481
v -8.33782331 -35.00000000 632.13372362
v -8.28493400 -35.00000000 631.92601421
v -8.25298868 -35.00000000 631.71407087
v 4.00000000 -35.00000000 637.50000000
v 3.98012310 -35.00000000 637.89827139
v 3.92068995 -35.00000000 638.29258457
v 3.82229122 -35.00000000 638.67902070
v 3.68590485 -35.00000000 639.05373919
v 3.51288629 -35.00000000 639.41301591
v 3.30495510 -35.00000000 639.75328023
v 3.06417777 -35.00000000 640.07115044
v 2.79294727 -35.00000000 640.36346740
v 2.49395921 -35.00000000 640.62732593
v 2.17018506 -35.00000000 640.86010369
v 1.82484263 -35.00000000 641.05948724
v 1.46136410 -35.00000000 641.22349499
v 1.08336187 -35.00000000 641.35049699
v 0.69459271 -35.00000000 641.43923101
v 0.29892037 -35.00000000 641.48881519
v -0.09972277 -35.00000000 641.49875673
v -0.49737482 -35.00000000 641.46895683
v -0.89008374 -35.00000000 641.39971165
v -1.27394660 -35.00000000 641.29170938
v -1.64514841 -35.00000000 641.14602341
v -2.00000000 -35.00000000 640.96410162
v -2.33497469 -35.00000000 640.74775202
v -2.64674335 -35.00000000 640.49912481
v -2.93220749 -35.00000000 640.22069095
v -3.18853003 -35.00000000 639.91521764
v -3.41316353 -35.00000000 639.58574081
v -3.60387547 -35.00000000 639.23553496
v -3.75877048 -35.00000000 638.86808057
v -3.87630914 -35.00000000 638.48702959
v -3.95532330 -35.00000000 638.09616906
v -3.99502768 -35.00000000 637.69938354
v -3.99502768 -35.00000000 637.30061646
v -3.95532330 -35.00000000 636.90383094
v -3.87630914 -35.00000000 636.51297041
v -3.75877048 -35.00000000 636.13191943
v -3.60387547 -35.00000000 635.76446504
v -3.41316353 -35.00000000 635.41425919
v -3.18853003 -35.00000000 635.08478236
v -2.93220749 -35.00000000 634.77930905
v -2.64674335 -35.00000000 634.50087519
v -2.33497469 -35.00000000 634.25224798
v -2.00000000 -35.00000000 634.03589838
v -1.64514841 -35.00000000 633.85397659
v -1.27394660 -35.00000000 633.70829062
v -0.89008374 -35.00000000 633.60028835
v -0.49737482 -35.00000000 633.53104317
v -0.09972277 -35.00000000 633.50124327
v 0.29892037 -35.00000000 633.51118481
v 0.69459271 -35.00000000 633.56076899
v 1.08336187 -35.00000000 633.64950301
v 1.46136410 -35.00000000 633.77650501
v 1.82484263 -35.00000000 633.94051276
v 2.17018506 -35.00000000 634.13989631
v 2.49395921 -35.00000000 634.37267407
v 2.79294727 -35.00000000 634.63653260
v 3.06417777 -35.00000000 634.92884956
v 3.30495510 -35.00000000 635.24671977
v 3.51288629 -35.00000000 635.58698409
v 3.68590485 -35.00000000 635.94626081
v 3.82229122 -35.00000000 636.32097930
v 3.92068995 -35.00000000 636.70741543
v 3.98012310 -35.00000000 637.10172861
v 2.15000000 -35.00000000 637.50000000
v 2.13931617 -35.00000000 637.28592913
v 2.10737085 -35.00000000 637.07398579
v 2.05448153 -35.00000000 636.86627638
v 1.98117386 -35.00000000 636.66486519
v 1.88817638 -35.00000000 636.47175395
v 1.77641336 -35.00000000 636.28886188
v 1.64699555 -35.00000000 636.11800664
v 1.50120916 -35.00000000 635.96088627
v 1.34050307 -35.00000000 635.81906231
v 1.16647447 -35.00000000 635.69394427
v 0.98085291 -35.00000000 635.58677561
v 0.78548320 -35.00000000 635.49862144
v 0.58230701 -35.00000000 635.43035787
v 0.37334358 -35.00000000 635.38266333
v 0.16066970 -35.00000000 635.35601184
v -0.05360099 -35.00000000 635.35066826
v -0.26733896 -35.00000000 635.36668571
v -0.47842001 -35.00000000 635.40390499
v -0.68474630 -35.00000000 635.46195621
v -0.88426727 -35.00000000 635.54026242
v -1.07500000 -35.00000000 635.63804538
v -1.25504890 -35.00000000 635.75433329
v -1.42262455 -35.00000000 635.88797041
v -1.57606152 -35.00000000 636.03762861
v -1.71383489 -35.00000000 636.20182052
v -1.83457540 -35.00000000 636.37891431
v -1.93708307 -35.00000000 636.56714996
v -2.02033913 -35.00000000 636.76465669
v -2.08351617 -35.00000000 636.96947159
v -2.12598628 -35.00000000 637.17955913
v -2.14732738 -35.00000000 637.39283135
v -2.14732738 -35.00000000 637.60716865
v -2.12598628 -35.00000000 637.82044087
v -2.08351617 -35.00000000 638.03052841
v -2.02033913 -35.00000000 638.23534331
v -1.93708307 -35.00000000 638.43285004
v -1.83457540 -35.00000000 638.62108569
v -1.71383489 -35.00000000 638.79817948
v -1.57606152 -35.00000000 638.96237139
v -1.42262455 -35.00000000 639.11202959
v -1.25504890 -35.00000000 639.24566671
v -1.07500000 -35.00000000 639.36195462
v -0.88426727 -35.00000000 639.45973758
v -0.68474630 -35.00000000 639.53804379
v -0.47842001 -35.00000000 639.59609501
v -0.26733896 -35.00000000 639.63331429
v -0.05360099 -35.00000000 639.64933174
v 0.16066970 -35.00000000 639.64398816
v 0.37334358 -35.00000000 639.61733667
v 0.58230701 -35.00000000 639.56964213
v 0.78548320 -35.00000000 639.50137856
v 0.98085291 -35.00000000 639.41322439
v 1.16647447 -35.00000000 639.30605573
v 1.34050307 -35.00000000 639.18093769
v 1.50120916 -35.00000000 639.03911373
v 1.64699555 -35.00000000 638.88199336
v 1.77641336 -35.00000000 638.71113812
v 1.88817638 -35.00000000 638.52824605
v 1.98117386 -35.00000000 638.33513481
v 2.05448153 -35.00000000 638.13372362
v 2.10737085 -35.00000000 637.92601421
v 2.13931617 -35.00000000 637.71407087
v -7.30000000 -40.00000000 625.50000000
v -7.31093229 -40.00000000 625.28095074
v -7.34362053 -40.00000000 625.06407848
v -7.39773983 -40.00000000 624.85153862
v -7.47275233 -40.00000000 624.64544345
v -7.56791254 -40.00000000 624.44784125
v -7.68227470 -40.00000000 624.26069587
v -7.81470223 -40.00000000 624.08586726
v -7.96387900 -40.00000000 623.92509293
v -8.12832244 -40.00000000 623.77997074
v -8.30639822 -40.00000000 623.65194297
v -8.49633655 -40.00000000 623.54228202
v -8.69624975 -40.00000000 623.45207775
v -8.90415097 -40.00000000 623.38222666
v -9.11797401 -40.00000000 623.33342294
v -9.33559379 -40.00000000 623.30615165
v -9.55484752 -40.00000000 623.30068380
v -9.77355615 -40.00000000 623.31707375
v -9.98954605 -40.00000000 623.35515859
v -10.20067063 -40.00000000 623.41455984
v -10.40483163 -40.00000000 623.49468712
v -10.60000000 -40.00000000 623.59474411
v -10.78423608 -40.00000000 623.71373639
v -10.95570884 -40.00000000 623.85048135
v -11.11271412 -40.00000000 624.00361998
v -11.25369152 -40.00000000 624.17163030
v -11.37723994 -40.00000000 624.35284255
v -11.48213151 -40.00000000 624.54545577
v -11.56732377 -40.00000000 624.74755568
v -11.63197003 -40.00000000 624.95713373
v -11.67542782 -40.00000000 625.17210701
v -11.69726523 -40.00000000 625.39033905
v -11.69726523 -40.00000000 625.60966095
v -11.67542782 -40.00000000 625.82789299
v -11.63197003 -40.00000000 626.04286627
v -11.56732377 -40.00000000 626.25244432
v -11.48213151 -40.00000000 626.45454423
v -11.37723994 -40.00000000 626.64715745
v -11.25369152 -40.00000000 626.82836970
v -11.11271412 -40.00000000 626.99638002
v -10.95570884 -40.00000000 627.14951865
v -10.78423608 -40.00000000 627.28626361
v -10.60000000 -40.00000000 627.40525589
v -10.40483163 -40.00000000 627.50531288
v -10.20067063 -40.00000000 627.58544016
v -9.98954605 -40.00000000 627.64484141
v -9.77355615 -40.00000000 627.68292625
v -9.55484752 -40.00000000 627.69931620
v -9.33559379 -40.00000000 627.69384835
v -9.11797401 -40.00000000 627.66657706
v -8.90415097 -40.00000000 627.61777334
v -8.69624975 -40.00000000 627.54792225
v -8.49633655 -40.00000000 627.45771798
v -8.30639822 -40.00000000 627.34805703
v -8.12832244 -40.00000000 627.22002926
v -7.96387900 -40.00000000 627.07490707
v -7.81470223 -40.00000000 626.91413274
v -7.68227470 -40.00000000 626.73930413
v -7.56791254 -40.00000000 626.55215875
v -7.47275233 -40.00000000 626.35455655
v -7.39773983 -40.00000000 626.14846138
v -7.34362053 -40.00000000 625.93592152
v -7.31093229 -40.00000000 625.71904926
v 6.95000000 -40.00000000 617.27275866
v 6.93906771 -40.00000000 617.05370940
v 6.90637947 -40.00000000 616.83683715
v 6.85226017 -40.00000000 616.62429728
v 6.77724767 -40.00000000 616.41820211
v 6.68208746 -40.00000000 616.22059991
v 6.56772530 -40.00000000 616.03345454
v 6.43529777 -40.00000000 615.85862592
v 6.28612100 -40.00000000 615.69785160
v 6.12167756 -40.00000000 615.55272940
v 5.94360178 -40.00000000 615.42470163
v 5.75366345 -40.00000000 615.31504068
v 5.55375025 -40.00000000 615.22483642
v 5.34584903 -40.00000000 615.15498532
v 5.13202599 -40.00000000 615.10618161
v 4.91440621 -40.00000000 615.07891031
v 4.69515248 -40.00000000 615.07344246
v 4.47644385 -40.00000000 615.08983241
v 4.26045395 -40.00000000 615.12791726
v 4.04932937 -40.00000000 615.18731850
v 3.84516837 -40.00000000 615.26744579
v 3.65000000 -40.00000000 615.36750278
v 3.46576392 -40.00000000 615.48649505
v 3.29429116 -40.00000000 615.62324002
v 3.13728588 -40.00000000 615.77637864
v 2.99630848 -40.00000000 615.94438896
v 2.87276006 -40.00000000 616.12560122
v 2.76786849 -40.00000000 616.31821444
v 2.68267623 -40.00000000 616.52031435
v 2.61802997 -40.00000000 616.72989239
v 2.57457218 -40.00000000 616.94486568
v 2.55273477 -40.00000000 617.16309772
v 2.55273477 -40.00000000 617.38241961
v 2.57457218 -40.00000000 617.60065165
v 2.61802997 -40.00000000 617.81562494
v 2.68267623 -40.00000000 618.02520298
v 2.76786849 -40.00000000 618.22730289
v 2.87276006 -40.00000000 618.41991611
v 2.99630848 -40.00000000 618.60112837
v 3.13728588 -40.00000000 618.76913869
v 3.29429116 -40.00000000 618.92227731
v 3.46576392 -40.00000000 619.05902228
v 3.65000000 -40.00000000 619.17801455
v 3.84516837 -40.00000000 619.27807154
v 4.04932937 -40.00000000 619.35819883
v 4.26045395 -40.00000000 619.41760007
v 4.47644385 -40.00000000 619.45568492
v 4.69515248 -40.00000000 619.47207486
v 4.91440621 -40.00000000 619.46660702
v 5.13202599 -40.00000000 619.43933572
v 5.34584903 -40.00000000 619.39053201
v 5.55375025 -40.00000000 619.32068091
v 5.75366345 -40.00000000 619.23047664
v 5.94360178 -40.00000000 619.12081569
v 6.12167756 -40.00000000 618.99278793
v 6.28612100 -40.00000000 618.84766573
v 6.43529777 -40.00000000 618.68689141
v 6.56772530 -40.00000000 618.51206279
v 6.68208746 -40.00000000 618.32491742
v 6.77724767 -40.00000000 618.12731522
v 6.85226017 -40.00000000 617.92122005
v 6.90637947 -40.00000000 617.70868018
v 6.93906771 -40.00000000 617.49180793
v 6.95000000 -40.00000000 633.72724134
v 6.93906771 -40.00000000 633.50819207
v 6.90637947 -40.00000000 633.29131982
v 6.85226017 -40.00000000 633.07877995
v 6.77724767 -40.00000000 632.87268478
v 6.68208746 -40.00000000 632.67508258
v 6.56772530 -40.00000000 632.48793721
v 6.43529777 -40.00000000 632.31310859
v 6.28612100 -40.00000000 632.15233427
v 6.12167756 -40.00000000 632.00721207
v 5.94360178 -40.00000000 631.87918430
v 5.75366345 -40.00000000 631.76952336
v 5.55375025 -40.00000000 631.67931909
v 5.34584903 -40.00000000 631.60946799
v 5.13202599 -40.00000000 631.56066428
v 4.91440621 -40.00000000 631.53339298
v 4.69515248 -40.00000000 631.52792514
v 4.47644385 -40.00000000 631.54431508
v 4.26045395 -40.00000000 631.58239993
v 4.04932937 -40.00000000 631.64180117
v 3.84516837 -40.00000000 631.72192846
v 3.65000000 -40.00000000 631.82198545
v 3.46576392 -40.00000000 631.94097772
v 3.29429116 -40.00000000 632.07772269
v 3.13728588 -40.00000000 632.23086131
v 2.99630848 -40.00000000 632.39887163
v 2.87276006 -40.00000000 632.58008389
v 2.76786849 -40.00000000 632.77269711
v 2.68267623 -40.00000000 632.97479702
v 2.61802997 -40.00000000 633.18437506
v 2.57457218 -40.00000000 633.39934835
v 2.55273477 -40.00000000 633.61758039
v 2.55273477 -40.00000000 633.83690228
v 2.57457218 -40.00000000 634.05513432
v 2.61802997 -40.00000000 634.27010761
v 2.68267623 -40.00000000 634.47968565
v 2.76786849 -40.00000000 634.68178556
v 2.87276006 -40.00000000 634.87439878
v 2.99630848 -40.00000000 635.05561104
v 3.13728588 -40.00000000 635.22362136
v 3.29429116 -40.00000000 635.37675998
v 3.46576392 -40.00000000 635.51350495
v 3.65000000 -40.00000000 635.63249722
v 3.84516837 -40.00000000 635.73255421
v 4.04932937 -40.00000000 635.81268150
v 4.26045395 -40.00000000 635.87208274
v 4.47644385 -40.00000000 635.91016759
v 4.69515248 -40.00000000 635.92655754
v 4.91440621 -40.00000000 635.92108969
v 5.13202599 -40.00000000 635.89381839
v 5.34584903 -40.00000000 635.84501468
v 5.55375025 -40.00000000 635.77516358
v 5.75366345 -40.00000000 635.68495932
v 5.94360178 -40.00000000 635.57529837
v 6.12167756 -40.00000000 635.44727060
v 6.28612100 -40.00000000 635.30214840
v 6.43529777 -40.00000000 635.14137408
v 6.56772530 -40.00000000 634.96654546
v 6.68208746 -40.00000000 634.77940009
v 6.77724767 -40.00000000 634.58179789
v 6.85226017 -40.00000000 634.37570272
v 6.90637947 -40.00000000 634.16316285
v 6.93906771 -40.00000000 633.94629060
v 12.54230485 -43.00000000 619.50000000
v 12.53162101 -43.00000000 619.71407087
v 12.49967569 -43.00000000 619.92601421
v 12.44678638 -43.00000000 620.13372362
v 12.37347870 -43.00000000 620.33513481
v 12.28048123 -43.00000000 620.52824605
v 12.16871821 -43.00000000 620.71113812
v 12.03930040 -43.00000000 620.88199336
v 11.89351400 -43.00000000 621.03911373
v 11.73280792 -43.00000000 621.18093769
v 11.55877931 -43.00000000 621.30605573
v 11.37315776 -43.00000000 621.41322439
v 11.17778805 -43.00000000 621.50137856
v 10.97461185 -43.00000000 621.56964213
v 10.76564843 -43.00000000 621.61733667
v 10.55297455 -43.00000000 621.64398816
v 10.33870386 -43.00000000 621.64933174
v 10.12496588 -43.00000000 621.63331429
v 9.91388484 -43.00000000 621.59609501
v 9.70755855 -43.00000000 621.53804379
v 9.50803757 -43.00000000 621.45973758
v 9.31730485 -43.00000000 621.36195462
v 9.13725595 -43.00000000 621.24566671
v 8.96968029 -43.00000000 621.11202959
v 8.81624332 -43.00000000 620.96237139
v 8.67846995 -43.00000000 620.79817948
v 8.55772945 -43.00000000 620.62108569
v 8.45522178 -43.00000000 620.43285004
v 8.37196571 -43.00000000 620.23534331
v 8.30878868 -43.00000000 620.03052841
v 8.26631857 -43.00000000 619.82044087
v 8.24497746 -43.00000000 619.60716865
v 8.24497746 -43.00000000 619.39283135
v 8.26631857 -43.00000000 619.17955913
v 8.30878868 -43.00000000 618.96947159
v 8.37196571 -43.00000000 618.76465669
v 8.45522178 -43.00000000 618.56714996
v 8.55772945 -43.00000000 618.37891431
v 8.67846995 -43.00000000 618.20182052
v 8.81624332 -43.00000000 618.03762861
v 8.96968029 -43.00000000 617.88797041
v 9.13725595 -43.00000000 617.75433329
v 9.31730485 -43.00000000 617.63804538
v 9.50803757 -43.00000000 617.54026242
v 9.70755855 -43.00000000 617.46195621
v 9.91388484 -43.00000000 617.40390499
v 10.12496588 -43.00000000 617.36668571
v 10.33870386 -43.00000000 617.35066826
v 10.55297455 -43.00000000 617.35601184
v 10.76564843 -43.00000000 617.38266333
v 10.97461185 -43.00000000 617.43035787
v 11.17778805 -43.00000000 617.49862144
v 11.37315776 -43.00000000 617.58677561
v 11.55877931 -43.00000000 617.69394427
v 11.73280792 -43.00000000 617.81906231
v 11.89351400 -43.00000000 617.96088627
v 12.03930040 -43.00000000 618.11800664
v 12.16871821 -43.00000000 618.28886188
v 12.28048123 -43.00000000 618.47175395
v 12.37347870 -43.00000000 618.66486519
v 12.44678638 -43.00000000 618.86627638
v 12.49967569 -43.00000000 619.07398579
v 12.53162101 -43.00000000 619.28592913
v 2.15000000 -43.00000000 637.50000000
v 2.13931617 -43.00000000 637.71407087
v 2.10737085 -43.00000000 637.92601421
v 2.05448153 -43.00000000 638.13372362
v 1.98117386 -43.00000000 638.33513481
v 1.88817638 -43.00000000 638.52824605
v 1.77641336 -43.00000000 638.71113812
v 1.64699555 -43.00000000 638.88199336
v 1.50120916 -43.00000000 639.03911373
v 1.34050307 -43.00000000 639.18093769
v 1.16647447 -43.00000000 639.30605573
v 0.98085291 -43.00000000 639.41322439
v 0.78548320 -43.00000000 639.50137856
v 0.58230701 -43.00000000 639.56964213
v 0.37334358 -43.00000000 639.61733667
v 0.16066970 -43.00000000 639.64398816
v -0.05360099 -43.00000000 639.64933174
v -0.26733896 -43.00000000 639.63331429
v -0.47842001 -43.00000000 639.59609501
v -0.68474630 -43.00000000 639.53804379
v -0.88426727 -43.00000000 639.45973758
v -1.07500000 -43.00000000 639.36195462
v -1.25504890 -43.00000000 639.24566671
v -1.42262455 -43.00000000 639.11202959
v -1.57606152 -43.00000000 638.96237139
v -1.71383489 -43.00000000 638.79817948
v -1.83457540 -43.00000000 638.62108569
v -1.93708307 -43.00000000 638.43285004
v -2.02033913 -43.00000000 638.23534331
v -2.08351617 -43.00000000 638.03052841
v -2.12598628 -43.00000000 637.82044087
v -2.14732738 -43.00000000 637.60716865
v -2.14732738 -43.00000000 637.39283135
v -2.12598628 -43.00000000 637.17955913
v -2.08351617 -43.00000000 636.96947159
v -2.02033913 -43.00000000 636.76465669
v -1.93708307 -43.00000000 636.56714996
v -1.83457540 -43.00000000 636.37891431
v -1.71383489 -43.00000000 636.20182052
v -1.57606152 -43.00000000 636.03762861
v -1.42262455 -43.00000000 635.88797041
v -1.25504890 -43.00000000 635.75433329
v -1.07500000 -43.00000000 635.63804538
v -0.88426727 -43.00000000 635.54026242
v -0.68474630 -43.00000000 635.46195621
v -0.47842001 -43.00000000 635.40390499
v -0.26733896 -43.00000000 635.36668571
v -0.05360099 -43.00000000 635.35066826
v 0.16066970 -43.00000000 635.35601184
v 0.37334358 -43.00000000 635.38266333
v 0.58230701 -43.00000000 635.43035787
v 0.78548320 -43.00000000 635.49862144
v 0.98085291 -43.00000000 635.58677561
v 1.16647447 -43.00000000 635.69394427
v 1.34050307 -43.00000000 635.81906231
v 1.50120916 -43.00000000 635.96088627
v 1.64699555 -43.00000000 636.11800664
v 1.77641336 -43.00000000 636.28886188
v 1.88817638 -43.00000000 636.47175395
v 1.98117386 -43.00000000 636.66486519
v 2.05448153 -43.00000000 636.86627638
v 2.10737085 -43.00000000 637.07398579
v 2.13931617 -43.00000000 637.28592913
v -8.24230485 -43.00000000 631.50000000
v -8.25298868 -43.00000000 631.71407087
v -8.28493400 -43.00000000 631.92601421
v -8.33782331 -43.00000000 632.13372362
v -8.41113099 -43.00000000 632.33513481
v -8.50412846 -43.00000000 632.52824605
v -8.61589148 -43.00000000 632.71113812
v -8.74530929 -43.00000000 632.88199336
v -8.89109569 -43.00000000 633.03911373
v -9.05180177 -43.00000000 633.18093769
v -9.22583038 -43.00000000 633.30605573
v -9.41145193 -43.00000000 633.41322439
v -9.60682164 -43.00000000 633.50137856
v -9.80999784 -43.00000000 633.56964213
v -10.01896126 -43.00000000 633.61733667
v -10.23163514 -43.00000000 633.64398816
v -10.44590583 -43.00000000 633.64933174
v -10.65964381 -43.00000000 633.63331429
v -10.87072485 -43.00000000 633.59609501
v -11.07705114 -43.00000000 633.53804379
v -11.27657212 -43.00000000 633.45973758
v -11.46730485 -43.00000000 633.36195462
v -11.64735374 -43.00000000 633.24566671
v -11.81492940 -43.00000000 633.11202959
v -11.96836637 -43.00000000 632.96237139
v -12.10613974 -43.00000000 632.79817948
v -12.22688024 -43.00000000 632.62108569
v -12.32938791 -43.00000000 632.43285004
v -12.41264398 -43.00000000 632.23534331
v -12.47582101 -43.00000000 632.03052841
v -12.51829112 -43.00000000 631.82044087
v -12.53963223 -43.00000000 631.60716865
v -12.53963223 -43.00000000 631.39283135
v -12.51829112 -43.00000000 631.17955913
v -12.47582101 -43.00000000 630.96947159
v -12.41264398 -43.00000000 630.76465669
v -12.32938791 -43.00000000 630.56714996
v -12.22688024 -43.00000000 630.37891431
v -12.10613974 -43.00000000 630.20182052
v -11.96836637 -43.00000000 630.03762861
v -11.81492940 -43.00000000 629.88797041
v -11.64735374 -43.00000000 629.75433329
v -11.46730485 -43.00000000 629.63804538
v -11.27657212 -43.00000000 629.54026242
v -11.07705114 -43.00000000 629.46195621
v -10.87072485 -43.00000000 629.40390499
v -10.65964381 -43.00000000 629.36668571
v -10.44590583 -43.00000000 629.35066826
v -10.23163514 -43.00000000 629.35601184
v -10.01896126 -43.00000000 629.38266333
v -9.80999784 -43.00000000 629.43035787
v -9.60682164 -43.00000000 629.49862144
v -9.41145193 -43.00000000 629.58677561
v -9.22583038 -43.00000000 629.69394427
v -9.05180177 -43.00000000 629.81906231
v -8.89109569 -43.00000000 629.96088627
v -8.74530929 -43.00000000 630.11800664
v -8.61589148 -43.00000000 630.28886188
v -8.50412846 -43.00000000 630.47175395
v -8.41113099 -43.00000000 630.66486519
v -8.33782331 -43.00000000 630.86627638
v -8.28493400 -43.00000000 631.07398579
v -8.25298868 -43.00000000 631.28592913
v 6.95000000 -43.00000000 617.27275866
v 6.93906771 -43.00000000 617.49180793
v 6.90637947 -43.00000000 617.70868018
v 6.85226017 -43.00000000 617.92122005
v 6.77724767 -43.00000000 618.12731522
v 6.68208746 -43.00000000 618.32491742
v 6.56772530 -43.00000000 618.51206279
v 6.43529777 -43.00000000 618.68689141
v 6.28612100 -43.00000000 618.84766573
v 6.12167756 -43.00000000 618.99278793
v 5.94360178 -43.00000000 619.12081569
v 5.75366345 -43.00000000 619.23047664
v 5.55375025 -43.00000000 619.32068091
v 5.34584903 -43.00000000 619.39053201
v 5.13202599 -43.00000000 619.43933572
v 4.91440621 -43.00000000 619.46660702
v 4.69515248 -43.00000000 619.47207486
v 4.47644385 -43.00000000 619.45568492
v 4.26045395 -43.00000000 619.41760007
v 4.04932937 -43.00000000 619.35819883
v 3.84516837 -43.00000000 619.27807154
v 3.65000000 -43.00000000 619.17801455
v 3.46576392 -43.00000000 619.05902228
v 3.29429116 -43.00000000 618.92227731
v 3.13728588 -43.00000000 618.76913869
v 2.99630848 -43.00000000 618.60112837
v 2.87276006 -43.00000000 618.41991611
v 2.76786849 -43.00000000 618.22730289
v 2.68267623 -43.00000000 618.02520298
v 2.61802997 -43.00000000 617.81562494
v 2.57457218 -43.00000000 617.60065165
v 2.55273477 -43.00000000 617.38241961
v 2.55273477 -43.00000000 617.16309772
v 2.57457218 -43.00000000 616.94486568
v 2.61802997 -43.00000000 616.72989239
v 2.68267623 -43.00000000 616.52031435
v 2.76786849 -43.00000000 616.31821444
v 2.87276006 -43.00000000 616.12560122
v 2.99630848 -43.00000000 615.94438896
v 3.13728588 -43.00000000 615.77637864
v 3.29429116 -43.00000000 615.62324002
v 3.46576392 -43.00000000 615.48649505
v 3.65000000 -43.00000000 615.36750278
v 3.84516837 -43.00000000 615.26744579
v 4.04932937 -43.00000000 615.18731850
v 4.26045395 -43.00000000 615.12791726
v 4.47644385 -43.00000000 615.08983241
v 4.69515248 -43.00000000 615.07344246
v 4.91440621 -43.00000000 615.07891031
v 5.13202599 -43.00000000 615.10618161
v 5.34584903 -43.00000000 615.15498532
v 5.55375025 -43.00000000 615.22483642
v 5.75366345 -43.00000000 615.31504068
v 5.94360178 -43.00000000 615.42470163
v 6.12167756 -43.00000000 615.55272940
v 6.28612100 -43.00000000 615.69785160
v 6.43529777 -43.00000000 615.85862592
v 6.56772530 -43.00000000 616.03345454
v 6.68208746 -43.00000000 616.22059991
v 6.77724767 -43.00000000 616.41820211
v 6.85226017 -43.00000000 616.62429728
v 6.90637947 -43.00000000 616.83683715
v 6.93906771 -43.00000000 617.05370940
v 2.15000000 -43.00000000 613.50000000
v 2.13931617 -43.00000000 613.71407087
v 2.10737085 -43.00000000 613.92601421
v 2.05448153 -43.00000000 614.13372362
v 1.98117386 -43.00000000 614.33513481
v 1.88817638 -43.00000000 614.52824605
v 1.77641336 -43.00000000 614.71113812
v 1.64699555 -43.00000000 614.88199336
v 1.50120916 -43.00000000 615.03911373
v 1.34050307 -43.00000000 615.18093769
v 1.16647447 -43.00000000 615.30605573
v 0.98085291 -43.00000000 615.41322439
v 0.78548320 -43.00000000 615.50137856
v 0.58230701 -43.00000000 615.56964213
v 0.37334358 -43.00000000 615.61733667
v 0.16066970 -43.00000000 615.64398816
v -0.05360099 -43.00000000 615.64933174
v -0.26733896 -43.00000000 615.63331429
v -0.47842001 -43.00000000 615.59609501
v -0.68474630 -43.00000000 615.53804379
v -0.88426727 -43.00000000 615.45973758
v -1.07500000 -43.00000000 615.36195462
v -1.25504890 -43.00000000 615.24566671
v -1.42262455 -43.00000000 615.11202959
v -1.57606152 -43.00000000 614.96237139
v -1.71383489 -43.00000000 614.79817948
v -1.83457540 -43.00000000 614.62108569
v -1.93708307 -43.00000000 614.43285004
v -2.02033913 -43.00000000 614.23534331
v -2.08351617 -43.00000000 614.03052841
v -2.12598628 -43.00000000 613.82044087
v -2.14732738 -43.00000000 613.60716865
v -2.14732738 -43.00000000 613.39283135
v -2.12598628 -43.00000000 613.17955913
v -2.08351617 -43.00000000 612.96947159
v -2.02033913 -43.00000000 612.76465669
v -1.93708307 -43.00000000 612.56714996
v -1.83457540 -43.00000000 612.37891431
v -1.71383489 -43.00000000 612.20182052
v -1.57606152 -43.00000000 612.03762861
v -1.42262455 -43.00000000 611.88797041
v -1.25504890 -43.00000000 611.75433329
v -1.07500000 -43.00000000 611.63804538
v -0.88426727 -43.00000000 611.54026242
v -0.68474630 -43.00000000 611.46195621
v -0.47842001 -43.00000000 611.40390499
v -0.26733896 -43.00000000 611.36668571
v -0.05360099 -43.00000000 611.35066826
v 0.16066970 -43.00000000 611.35601184
v 0.37334358 -43.00000000 611.38266333
v 0.58230701 -43.00000000 611.43035787
v 0.78548320 -43.00000000 611.49862144
v 0.98085291 -43.00000000 611.58677561
v 1.16647447 -43.00000000 611.69394427
v 1.34050307 -43.00000000 611.81906231
v 1.50120916 -43.00000000 611.96088627
v 1.64699555 -43.00000000 612.11800664
v 1.77641336 -43.00000000 612.28886188
v 1.88817638 -43.00000000 612.47175395
v 1.98117386 -43.00000000 612.66486519
v 2.05448153 -43.00000000 612.86627638
v 2.10737085 -43.00000000 613.07398579
v 2.13931617 -43.00000000 613.28592913
v -8.24230485 -43.00000000 619.50000000
v -8.25298868 -43.00000000 619.71407087
v -8.28493400 -43.00000000 619.92601421
v -8.33782331 -43.00000000 620.13372362
v -8.41113099 -43.00000000 620.33513481
v -8.50412846 -43.00000000 620.52824605
v -8.61589148 -43.00000000 620.71113812
v -8.74530929 -43.00000000 620.88199336
v -8.89109569 -43.00000000 621.03911373
v -9.05180177 -43.00000000 621.18093769
v -9.22583038 -43.00000000 621.30605573
v -9.41145193 -43.00000000 621.41322439
v -9.60682164 -43.00000000 621.50137856
v -9.80999784 -43.00000000 621.56964213
v -10.01896126 -43.00000000 621.61733667
v -10.23163514 -43.00000000 621.64398816
v -10.44590583 -43.00000000 621.64933174
v -10.65964381 -43.00000000 621.63331429
v -10.87072485 -43.00000000 621.59609501
v -11.07705114 -43.00000000 621.53804379
v -11.27657212 -43.00000000 621.45973758
v -11.46730485 -43.00000000 621.36195462
v -11.64735374 -43.00000000 621.24566671
v -11.81492940 -43.00000000 621.11202959
v -11.96836637 -43.00000000 620.96237139
v -12.10613974 -43.00000000 620.79817948
v -12.22688024 -43.00000000 620.62108569
v -12.32938791 -43.00000000 620.43285004
v -12.41264398 -43.00000000 620.23534331
v -12.47582101 -43.00000000 620.03052841
v -12.51829112 -43.00000000 619.82044087
v -12.53963223 -43.00000000 619.60716865
v -12.53963223 -43.00000000 619.39283135
v -12.51829112 -43.00000000 619.17955913
v -12.47582101 -43.00000000 618.96947159
v -12.41264398 -43.00000000 618.76465669
v -12.32938791 -43.00000000 618.56714996
v -12.22688024 -43.00000000 618.37891431
v -12.10613974 -43.00000000 618.20182052
v -11.96836637 -43.00000000 618.03762861
v -11.81492940 -43.00000000 617.88797041
v -11.64735374 -43.00000000 617.75433329
v -11.46730485 -43.00000000 617.63804538
v -11.27657212 -43.00000000 617.54026242
v -11.07705114 -43.00000000 617.46195621
v -10.87072485 -43.00000000 617.40390499
v -10.65964381 -43.00000000 617.36668571
v -10.44590583 -43.00000000 617.35066826
v -10.23163514 -43.00000000 617.35601184
v -10.01896126 -43.00000000 617.38266333
v -9.80999784 -43.00000000 617.43035787
v -9.60682164 -43.00000000 617.49862144
v -9.41145193 -43.00000000 617.58677561
v -9.22583038 -43.00000000 617.69394427
v -9.05180177 -43.00000000 617.81906231
v -8.89109569 -43.00000000 617.96088627
v -8.74530929 -43.00000000 618.11800664
v -8.61589148 -43.00000000 618.28886188
v -8.50412846 -43.00000000 618.47175395
v -8.41113099 -43.00000000 618.66486519
v -8.33782331 -43.00000000 618.86627638
v -8.28493400 -43.00000000 619.07398579
v -8.25298868 -43.00000000 619.28592913
v -7.30000000 -43.00000000 625.50000000
v -7.31093229 -43.00000000 625.71904926
v -7.34362053 -43.00000000 625.93592152
v -7.39773983 -43.00000000 626.14846138
v -7.47275233 -43.00000000 626.35455655
v -7.56791254 -43.00000000 626.55215875
v -7.68227470 -43.00000000 626.73930413
v -7.81470223 -43.00000000 626.91413274
v -7.96387900 -43.00000000 627.07490707
v -8.12832244 -43.00000000 627.22002926
v -8.30639822 -43.00000000 627.34805703
v -8.49633655 -43.00000000 627.45771798
v -8.69624975 -43.00000000 627.54792225
v -8.90415097 -43.00000000 627.61777334
v -9.11797401 -43.00000000 627.66657706
v -9.33559379 -43.00000000 627.69384835
v -9.55484752 -43.00000000 627.69931620
v -9.77355615 -43.00000000 627.68292625
v -9.98954605 -43.00000000 627.64484141
v -10.20067063 -43.00000000 627.58544016
v -10.40483163 -43.00000000 627.50531288
v -10.60000000 -43.00000000 627.40525589
v -10.78423608 -43.00000000 627.28626361
v -10.95570884 -43.00000000 627.14951865
v -11.11271412 -43.00000000 626.99638002
v -11.25369152 -43.00000000 626.82836970
v -11.37723994 -43.00000000 626.64715745
v -11.48213151 -43.00000000 626.45454423
v -11.56732377 -43.00000000 626.25244432
v -11.63197003 -43.00000000 626.04286627
v -11.67542782 -43.00000000 625.82789299
v -11.69726523 -43.00000000 625.60966095
v -11.69726523 -43.00000000 625.39033905
v -11.67542782 -43.00000000 625.17210701
v -11.63197003 -43.00000000 624.95713373
v -11.56732377 -43.00000000 624.74755568
v -11.48213151 -43.00000000 624.54545577
v -11.37723994 -43.00000000 624.35284255
v -11.25369152 -43.00000000 624.17163030
v -11.11271412 -43.00000000 624.00361998
v -10.95570884 -43.00000000 623.85048135
v -10.78423608 -43.00000000 623.71373639
v -10.60000000 -43.00000000 623.59474411
v -10.40483163 -43.00000000 623.49468712
v -10.20067063 -43.00000000 623.41455984
v -9.98954605 -43.00000000 623.35515859
v -9.77355615 -43.00000000 623.31707375
v -9.55484752 -43.00000000 623.30068380
v -9.33559379 -43.00000000 623.30615165
v -9.11797401 -43.00000000 623.33342294
v -8.90415097 -43.00000000 623.38222666
v -8.69624975 -43.00000000 623.45207775
v -8.49633655 -43.00000000 623.54228202
v -8.30639822 -43.00000000 623.65194297
v -8.12832244 -43.00000000 623.77997074
v -7.96387900 -43.00000000 623.92509293
v -7.81470223 -43.00000000 624.08586726
v -7.68227470 -43.00000000 624.26069587
v -7.56791254 -43.00000000 624.44784125
v -7.47275233 -43.00000000 624.64544345
v -7.39773983 -43.00000000 624.85153862
v -7.34362053 -43.00000000 625.06407848
v -7.31093229 -43.00000000 625.28095074
v 6.95000000 -43.00000000 633.72724134
v 6.93906771 -43.00000000 633.94629060
v 6.90637947 -43.00000000 634.16316285
v 6.85226017 -43.00000000 634.37570272
v 6.77724767 -43.00000000 634.58179789
v 6.68208746 -43.00000000 634.77940009
v 6.56772530 -43.00000000 634.96654546
v 6.43529777 -43.00000000 635.14137408
v 6.28612100 -43.00000000 635.30214840
v 6.12167756 -43.00000000 635.44727060
v 5.94360178 -43.00000000 635.57529837
v 5.75366345 -43.00000000 635.68495932
v 5.55375025 -43.00000000 635.77516358
v 5.34584903 -43.00000000 635.84501468
v 5.13202599 -43.00000000 635.89381839
v 4.91440621 -43.00000000 635.92108969
v 4.69515248 -43.00000000 635.92655754
v 4.47644385 -43.00000000 635.91016759
v 4.26045395 -43.00000000 635.87208274
v 4.04932937 -43.00000000 635.81268150
v 3.84516837 -43.00000000 635.73255421
v 3.65000000 -43.00000000 635.63249722
v 3.46576392 -43.00000000 635.51350495
v 3.29429116 -43.00000000 635.37675998
v 3.13728588 -43.00000000 635.22362136
v 2.99630848 -43.00000000 635.05561104
v 2.87276006 -43.00000000 634.87439878
v 2.76786849 -43.00000000 634.68178556
v 2.68267623 -43.00000000 634.47968565
v 2.61802997 -43.00000000 634.27010761
v 2.57457218 -43.00000000 634.05513432
v 2.55273477 -43.00000000 633.83690228
v 2.55273477 -43.00000000 633.61758039
v 2.57457218 -43.00000000 633.39934835
v 2.61802997 -43.00000000 633.18437506
v 2.68267623 -43.00000000 632.97479702
v 2.76786849 -43.00000000 632.77269711
v 2.87276006 -43.00000000 632.58008389
v 2.99630848 -43.00000000 632.39887163
v 3.13728588 -43.00000000 632.23086131
v 3.29429116 -43.00000000 632.07772269
v 3.46576392 -43.00000000 631.94097772
v 3.65000000 -43.00000000 631.82198545
v 3.84516837 -43.00000000 631.72192846
v 4.04932937 -43.00000000 631.64180117
v 4.26045395 -43.00000000 631.58239993
v 4.47644385 -43.00000000 631.54431508
v 4.69515248 -43.00000000 631.52792514
v 4.91440621 -43.00000000 631.53339298
v 5.13202599 -43.00000000 631.56066428
v 5.34584903 -43.00000000 631.60946799
v 5.55375025 -43.00000000 631.67931909
v 5.75366345 -43.00000000 631.76952336
v 5.94360178 -43.00000000 631.87918430
v 6.12167756 -43.00000000 632.00721207
v 6.28612100 -43.00000000 632.15233427
v 6.43529777 -43.00000000 632.31310859
v 6.56772530 -43.00000000 632.48793721
v 6.68208746 -43.00000000 632.67508258
v 6.77724767 -43.00000000 632.87268478
v 6.85226017 -43.00000000 633.07877995
v 6.90637947 -43.00000000 633.29131982
v 6.93906771 -43.00000000 633.50819207
v 12.54230485 -43.00000000 631.50000000
v 12.53162101 -43.00000000 631.71407087
v 12.49967569 -43.00000000 631.92601421
v 12.44678638 -43.00000000 632.13372362
v 12.37347870 -43.00000000 632.33513481
v 12.28048123 -43.00000000 632.52824605
v 12.16871821 -43.00000000 632.71113812
v 12.03930040 -43.00000000 632.88199336
v 11.89351400 -43.00000000 633.03911373
v 11.73280792 -43.00000000 633.18093769
v 11.55877931 -43.00000000 633.30605573
v 11.37315776 -43.00000000 633.41322439
v 11.17778805 -43.00000000 633.50137856
v 10.97461185 -43.00000000 633.56964213
v 10.76564843 -43.00000000 633.61733667
v 10.55297455 -43.00000000 633.64398816
v 10.33870386 -43.00000000 633.64933174
v 10.12496588 -43.00000000 633.63331429
v 9.91388484 -43.00000000 633.59609501
v 9.70755855 -43.00000000 633.53804379
v 9.50803757 -43.00000000 633.45973758
v 9.31730485 -43.00000000 633.36195462
v 9.13725595 -43.00000000 633.24566671
v 8.96968029 -43.00000000 633.11202959
v 8.81624332 -43.00000000 632.96237139
v 8.67846995 -43.00000000 632.79817948
v 8.55772945 -43.00000000 632.62108569
v 8.45522178 -43.00000000 632.43285004
v 8.37196571 -43.00000000 632.23534331
v 8.30878868 -43.00000000 632.03052841
v 8.26631857 -43.00000000 631.82044087
v 8.24497746 -43.00000000 631.60716865
v 8.24497746 -43.00000000 631.39283135
v 8.26631857 -43.00000000 631.17955913
v 8.30878868 -43.00000000 630.96947159
v 8.37196571 -43.00000000 630.76465669
v 8.45522178 -43.00000000 630.56714996
v 8.55772945 -43.00000000 630.37891431
v 8.67846995 -43.00000000 630.20182052
v 8.81624332 -43.00000000 630.03762861
v 8.96968029 -43.00000000 629.88797041
v 9.13725595 -43.00000000 629.75433329
v 9.31730485 -43.00000000 629.63804538
v 9.50803757 -43.00000000 629.54026242
v 9.70755855 -43.00000000 629.46195621
v 9.91388484 -43.00000000 629.40390499
v 10.12496588 -43.00000000 629.36668571
v 10.33870386 -43.00000000 629.35066826
v 10.55297455 -43.00000000 629.35601184
v 10.76564843 -43.00000000 629.38266333
v 10.97461185 -43.00000000 629.43035787
v 11.17778805 -43.00000000 629.49862144
v 11.37315776 -43.00000000 629.58677561
v 11.55877931 -43.00000000 629.69394427
v 11.73280792 -43.00000000 629.81906231
v 11.89351400 -43.00000000 629.96088627
v 12.03930040 -43.00000000 630.11800664
v 12.16871821 -43.00000000 630.28886188
v 12.28048123 -43.00000000 630.47175395
v 12.37347870 -43.00000000 630.66486519
v 12.44678638 -43.00000000 630.86627638
v 12.49967569 -43.00000000 631.07398579
v 12.53162101 -43.00000000 631.28592913
v 3.00000000 -44.15000000 662.00000000
v 3.00000000 -44.14180078 661.83571305
v 3.00000000 -44.11728460 661.67305886
v 3.00000000 -44.07669513 661.51365396
v 3.00000000 -44.02043575 661.35908259
v 3.00000000 -43.94906560 661.21088094
v 3.00000000 -43.86329398 661.07052190
v 3.00000000 -43.76397333 660.93940044
v 3.00000000 -43.65209075 660.81881970
v 3.00000000 -43.52875817 660.70997805
v 3.00000000 -43.39520134 660.61395723
v 3.00000000 -43.25274758 660.53171152
v 3.00000000 -43.10281269 660.46405831
v 3.00000000 -42.94688677 660.41166999
v 3.00000000 -42.78651949 660.37506721
v 3.00000000 -42.62330465 660.35461373
v 3.00000000 -42.45886436 660.35051285
v 3.00000000 -42.29483289 660.36280531
v 3.00000000 -42.13284046 660.39136894
v 3.00000000 -41.97449703 660.43591988
v 3.00000000 -41.82137628 660.49601534
v 3.00000000 -41.67500000 660.57105808
v 3.00000000 -41.53682294 660.66030229
v 3.00000000 -41.40821837 660.76286102
v 3.00000000 -41.29046441 660.87771498
v 3.00000000 -41.18473136 661.00372272
v 3.00000000 -41.09207005 661.13963191
v 3.00000000 -41.01340137 661.28409183
v 3.00000000 -40.94950718 661.43566676
v 3.00000000 -40.90102248 661.59285029
v 3.00000000 -40.86842914 661.75408026
v 3.00000000 -40.85205108 661.91775429
v 3.00000000 -40.85205108 662.08224571
v 3.00000000 -40.86842914 662.24591974
v 3.00000000 -40.90102248 662.40714971
v 3.00000000 -40.94950718 662.56433324
v 3.00000000 -41.01340137 662.71590817
v 3.00000000 -41.09207005 662.86036809
v 3.00000000 -41.18473136 662.99627728
v 3.00000000 -41.29046441 663.12228502
v 3.00000000 -41.40821837 663.23713898
v 3.00000000 -41.53682294 663.33969771
v 3.00000000 -41.67500000 663.42894192
v 3.00000000 -41.82137628 663.50398466
v 3.00000000 -41.97449703 663.56408012
v 3.00000000 -42.13284046 663.60863106
v 3.00000000 -42.29483289 663.63719469
v 3.00000000 -42.45886436 663.64948715
v 3.00000000 -42.62330465 663.64538627
v 3.00000000 -42.78651949 663.62493279
v 3.00000000 -42.94688677 663.58833001
v 3.00000000 -43.10281269 663.53594169
v 3.00000000 -43.25274758 663.46828848
v 3.00000000 -43.39520134 663.38604277
v 3.00000000 -43.52875817 663.29002195
v 3.00000000 -43.65209075 663.18118030
v 3.00000000 -43.76397333 663.06059956
v 3.00000000 -43.86329398 662.92947810
v 3.00000000 -43.94906560 662.78911906
v 3.00000000 -44.02043575 662.64091741
v 3.00000000 -44.07669513 662.48634604
v 3.00000000 -44.11728460 662.32694114
v 3.00000000 -44.14180078 662.16428695
v 3.00000000 -89.15000000 662.00000000
v 3.00000000 -89.14180078 661.83571305
v 3.00000000 -89.11728460 661.67305886
v 3.00000000 -89.07669513 661.51365396
v 3.00000000 -89.02043575 661.35908259
v 3.00000000 -88.94906560 661.21088094
v 3.00000000 -88.86329398 661.07052190
v 3.00000000 -88.76397333 660.93940044
v 3.00000000 -88.65209075 660.81881970
v 3.00000000 -88.52875817 660.70997805
v 3.00000000 -88.39520134 660.61395723
v 3.00000000 -88.25274758 660.53171152
v 3.00000000 -88.10281269 660.46405831
v 3.00000000 -87.94688677 660.41166999
v 3.00000000 -87.78651949 660.37506721
v 3.00000000 -87.62330465 660.35461373
v 3.00000000 -87.45886436 660.35051285
v 3.00000000 -87.29483289 660.36280531
v 3.00000000 -87.13284046 660.39136894
v 3.00000000 -86.97449703 660.43591988
v 3.00000000 -86.82137628 660.49601534
v 3.00000000 -86.67500000 660.57105808
v 3.00000000 -86.53682294 660.66030229
v 3.00000000 -86.40821837 660.76286102
v 3.00000000 -86.29046441 660.87771498
v 3.00000000 -86.18473136 661.00372272
v 3.00000000 -86.09207005 661.13963191
v 3.00000000 -86.01340137 661.28409183
v 3.00000000 -85.94950718 661.43566676
v 3.00000000 -85.90102248 661.59285029
v 3.00000000 -85.86842914 661.75408026
v 3.00000000 -85.85205108 661.91775429
v 3.00000000 -85.85205108 662.08224571
v 3.00000000 -85.86842914 662.24591974
v 3.00000000 -85.90102248 662.40714971
v 3.00000000 -85.94950718 662.56433324
v 3.00000000 -86.01340137 662.71590817
v 3.00000000 -86.09207005 662.86036809
v 3.00000000 -86.18473136 662.99627728
v 3.00000000 -86.29046441 663.12228502
v 3.00000000 -86.40821837 663.23713898
v 3.00000000 -86.53682294 663.33969771
v 3.00000000 -86.67500000 663.42894192
v 3.00000000 -86.82137628 663.50398466
v 3.00000000 -86.97449703 663.56408012
v 3.00000000 -87.13284046 663.60863106
v 3.00000000 -87.29483289 663.63719469
v 3.00000000 -87.45886436 663.64948715
v 3.00000000 -87.62330465 663.64538627
v 3.00000000 -87.78651949 663.62493279
v 3.00000000 -87.94688677 663.58833001
v 3.00000000 -88.10281269 663.53594169
v 3.00000000 -88.25274758 663.46828848
v 3.00000000 -88.39520134 663.38604277
v 3.00000000 -88.52875817 663.29002195
v 3.00000000 -88.65209075 663.18118030
v 3.00000000 -88.76397333 663.06059956
v 3.00000000 -88.86329398 662.92947810
v 3.00000000 -88.94906560 662.78911906
v 3.00000000 -89.02043575 662.64091741
v 3.00000000 -89.07669513 662.48634604
v 3.00000000 -89.11728460 662.32694114
v 3.00000000 -89.14180078 662.16428695
v 3.00000000 -88.37141909 654.26276742
v 3.55013199 -88.93515530 654.09367031
v 3.78433739 -89.20405368 653.99560066
v 3.85777244 -89.30259824 653.95668415
v 3.92253944 -89.40469091 653.91468408
v 3.96067352 -89.48208642 653.88165449
v 3.98883056 -89.56611509 653.84464570
v 3.99704041 -89.61181680 653.82398156
v 4.00000000 -89.66068609 653.80147509
v 3.00000000 -88.37931934 654.40885418
v 3.00000000 -88.40141341 654.55347646
v 3.00000000 -88.43749113 654.69525853
v 3.00000000 -88.48720929 654.83285162
v 3.00000000 -88.55009494 654.96494685
v 3.00000000 -88.62554986 655.09028762
v 3.00000000 -88.71285626 655.20768160
v 3.00000000 -88.81118362 655.31601205
v 3.00000000 -88.91959656 655.41424843
v 3.00000000 -89.03706380 655.50145625
v 3.00000000 -89.16246787 655.57680592
v 3.00000000 -89.29461584 655.63958065
v 3.00000000 -89.43225062 655.68918329
v 4.00000000 -89.72501587 654.73299894
v 4.00000000 -89.67968876 654.71669392
v 4.00000000 -89.63614102 654.69610278
v 4.00000000 -89.59477685 654.67141663
v 4.00000000 -89.55598017 654.64286460
v 4.00000000 -89.52011108 654.61071171
v 4.00000000 -89.48750250 654.57525637
v 4.00000000 -89.45845709 654.53682767
v 4.00000000 -89.43324444 654.49578230
v 4.00000000 -89.41209855 654.45250122
v 4.00000000 -89.39521571 654.40738614
v 4.00000000 -89.38275261 654.36085581
v 4.00000000 -89.37482492 654.31334210
v 4.00000000 -89.37150623 654.26528602
v 4.00000000 -89.37282735 654.21713360
v 4.00000000 -89.37877600 654.16933178
v 4.00000000 -89.38929698 654.12232424
v 4.00000000 -89.40429263 654.07654727
v 4.00000000 -89.42362377 654.03242576
v 4.00000000 -89.44711098 653.99036923
v 4.00000000 -89.47453626 653.95076803
v 4.00000000 -89.50564506 653.91398973
v 4.00000000 -89.54014863 653.88037569
v 4.00000000 -89.57772673 653.85023789
v 4.00000000 -89.61803058 653.82385607
v 3.75000000 -89.52342830 654.91929878
v 3.75000000 -89.40695134 654.84379457
v 3.50000000 -89.40743823 655.14076278
v 3.75000000 -89.30638347 654.74811871
v 3.50000000 -89.25213562 655.04009050
v 3.75000000 -89.22516951 654.63554846
v 3.25000000 -89.29144817 655.36222678
v 3.50000000 -89.11804512 654.91252269
v 3.75000000 -89.16609136 654.50993979
v 3.25000000 -89.09731990 655.23638643
v 3.50000000 -89.00975985 654.76242903
v 3.75000000 -89.13117266 654.37559526
v 3.25000000 -88.92970678 655.07692667
v 3.50000000 -88.93098898 654.59495079
v 3.75000000 -89.12160951 654.23711669
v 3.25000000 -88.79435018 654.88930959
v 3.50000000 -88.88443071 654.41582476
v 3.75000000 -89.13772950 654.09924750
v 3.25000000 -88.69588660 654.67996180
v 3.50000000 -88.87167985 654.23118667
v 3.25000000 -88.63768877 654.45605425
v 3.00000000 -90.03159691 655.90483658
v 3.00000000 -90.60736364 656.17726085
v 3.00000000 -91.15418807 656.50391871
v 3.00000000 -91.66697701 656.88176763
v 3.00000000 -92.14095431 657.30728830
v 3.00000000 -92.57170527 657.77651736
v 3.00000000 -92.95521786 658.28508437
v 3.00000000 -93.28791999 658.82825249
v 3.00000000 -93.56671283 659.40096259
v 3.00000000 -93.78899969 659.99788040
v 3.00000000 -93.95271016 660.61344615
v 3.00000000 -94.05631943 661.24192640
v 3.00000000 -94.09886246 661.87746743
v 3.00000000 -94.07994301 662.51414974
v 3.00000000 -93.99973730 663.14604321
v 3.00000000 -93.85899237 663.76726231
v 3.00000000 -93.65901913 664.37202095
v 3.00000000 -93.40168015 664.95468635
v 3.00000000 -93.08937232 665.50983149
v 3.00000000 -92.72500450 666.03228570
v 3.00000000 -92.31197045 666.51718279
v 3.00000000 -91.85411722 666.96000638
v 3.00000000 -91.35570929 667.35663195
v 3.00000000 -90.82138889 667.70336531
v 4.00000000 -91.32462963 668.56751157
v 4.00000000 -91.93990767 668.16824285
v 4.00000000 -92.51383195 667.71152249
v 4.00000000 -93.04105688 667.20160443
v 4.00000000 -93.51667185 666.64323808
v 4.00000000 -93.93624691 666.04162414
v 4.00000000 -94.29587411 665.40236610
v 4.00000000 -94.59220384 664.73141807
v 4.00000000 -94.82247606 664.03502933
v 4.00000000 -94.98454598 663.31968612
v 4.00000000 -95.07690407 662.59205122
v 4.00000000 -95.09869011 661.85890189
v 4.00000000 -95.04970116 661.12706677
v 4.00000000 -94.93039352 660.40336223
v 4.00000000 -94.74187843 659.69452894
v 4.00000000 -94.48591174 659.00716905
v 4.00000000 -94.16487756 658.34768469
v 4.00000000 -93.78176602 657.72221837
v 4.00000000 -93.34014547 657.13659575
v 4.00000000 -92.84412920 656.59627137
v 4.00000000 -92.29833717 656.10627788
v 4.00000000 -91.70785293 655.67117912
v 4.00000000 -91.07817631 655.29502765
v 4.00000000 -90.41517220 654.98132697
v 3.99380879 -91.50000000 669.50000000
v 4.00000000 -91.58169643 669.49955503
v 4.00000000 -91.53313642 669.49772245
v 4.00000000 -91.48498366 669.49118459
v 4.00000000 -91.43769297 669.48000321
v 4.00000000 -91.39171105 669.46428393
v 4.00000000 -91.34747224 669.44417522
v 4.00000000 -91.30539440 669.41986704
v 4.00000000 -91.26587499 669.39158897
v 4.00000000 -91.22928730 669.35960815
v 4.00000000 -91.19597692 669.32422663
v 4.00000000 -91.16625851 669.28577864
v 4.00000000 -91.14041276 669.24462734
v 4.00000000 -91.11868381 669.20116143
v 4.00000000 -91.10127691 669.15579148
v 4.00000000 -91.08835647 669.10894604
v 4.00000000 -91.08004455 669.06106761
v 4.00000000 -91.07641965 669.01260843
v 4.00000000 -91.07751601 668.96402622
v 4.00000000 -91.08332328 668.91577989
v 4.00000000 -91.09378660 668.86832516
v 4.00000000 -91.10880714 668.82211028
v 4.00000000 -91.12824302 668.77757176
v 4.00000000 -91.15191065 668.73513033
v 4.00000000 -91.17958648 668.69518685
v 4.00000000 -91.21100908 668.65811864
v 4.00000000 -91.24588165 668.62427582
v 4.00000000 -91.28387479 668.59397807
v 3.00000000 -90.69717877 667.78416964
v 3.00000000 -90.58154741 667.87683506
v 3.00000000 -90.47562323 667.98045727
v 3.00000000 -90.38043995 668.09402502
v 3.00000000 -90.29692644 668.21643003
v 3.00000000 -90.22589770 668.34647776
v 3.00000000 -90.16804690 668.48289908
v 3.00000000 -90.12393859 668.62436268
v 3.00000000 -90.09400322 668.76948803
v 3.00000000 -90.07853293 668.91685886
v 3.00000000 -90.07767868 669.06503701
v 3.00000000 -90.09144882 669.21257641
v 3.00000000 -90.11970897 669.35803725
v 3.00000000 -90.16218334 669.50000000
v 3.67213815 -90.91675036 669.50000000
v 3.81861598 -91.11379059 669.50000000
v 3.89132659 -91.22974193 669.50000000
v 3.93764081 -91.31967177 669.50000000
v 3.97376484 -91.41343731 669.50000000
v 3.75000000 -90.97653722 669.44996741
v 3.75000000 -90.90309205 669.33027848
v 3.75000000 -90.85324586 669.19899638
v 3.75000000 -90.82874612 669.06072348
v 3.50000000 -90.61224449 669.26546695
v 3.75000000 -90.83045171 668.92030724
v 3.50000000 -90.57957816 669.08110308
v 3.75000000 -90.85830285 668.78267023
v 3.25000000 -90.37124311 669.33193751
v 3.50000000 -90.58185228 668.89388142
v 3.75000000 -90.91132315 668.65263762
v 3.25000000 -90.33041020 669.10148268
v 3.50000000 -90.61898713 668.71036540
v 3.75000000 -90.98765386 668.53476797
v 3.25000000 -90.33325286 668.86745560
v 3.50000000 -90.68968086 668.53698859
v 3.75000000 -91.08461907 668.43319346
v 3.25000000 -90.37967141 668.63806058
v 3.50000000 -90.79145515 668.37982906
v 3.25000000 -90.46803858 668.42133956
v 3.50000000 -90.92074210 668.24439639
v 3.25000000 -90.59525644 668.22489015
v 3.25000000 -90.75686512 668.05559931
v 3.00000000 -42.50000000 669.50000000
v 3.00000000 -41.76487145 669.46388545
v 3.00000000 -41.03682258 669.35588960
v 3.00000000 -40.32286492 669.17705252
v 3.00000000 -39.62987426 668.92909649
v 3.00000000 -38.96452447 668.61440948
v 3.00000000 -38.33322325 668.23602209
v 3.00000000 -37.74205037 667.79757840
v 3.00000000 -37.19669914 667.30330086
v 3.00000000 -36.70242160 666.75794963
v 3.00000000 -36.26397791 666.16677675
v 3.00000000 -35.88559052 665.53547553
v 3.00000000 -35.57090351 664.87012574
v 3.00000000 -35.32294748 664.17713508
v 3.00000000 -35.14411040 663.46317742
v 3.00000000 -35.03611455 662.73512855
v 3.00000000 -35.00000000 662.00000000
v 3.00000000 -35.03611455 661.26487145
v 3.00000000 -35.14411040 660.53682258
v 3.00000000 -35.32294748 659.82286492
v 3.00000000 -35.57090351 659.12987426
v 3.00000000 -35.88559052 658.46452447
v 3.00000000 -36.26397791 657.83322325
v 3.00000000 -36.70242160 657.24205037
v 3.00000000 -37.19669914 656.69669914
v 3.00000000 -37.74205037 656.20242160
v 3.00000000 -38.33322325 655.76397791
v 3.00000000 -38.96452447 655.38559052
v 3.00000000 -39.62987426 655.07090351
v 3.00000000 -40.32286492 654.82294748
v 3.00000000 -41.03682258 654.64411040
v 3.00000000 -41.76487145 654.53611455
v 3.00000000 -42.50000000 654.50000000
v 3.00000000 -86.50000000 654.50000000
v 3.00000000 -87.75500400 654.39425216
v 3.00000000 -87.12972566 654.47351628
v 7.87854403 -89.72501587 654.73299894
v 7.83228273 -89.66208131 654.70896771
v 7.79884417 -89.62304357 654.68878675
v 7.73986097 -89.56386956 654.64905519
v 7.67499458 -89.51017324 654.60061797
v 7.61182425 -89.46752458 654.54954143
v 7.54765286 -89.43253981 654.49433178
v 7.47686042 -89.40300925 654.42986152
v 7.40557240 -89.38291542 654.36118078
v 7.34108655 -89.37312247 654.29574361
v 7.27339650 -89.37241178 654.22322322
v 7.21134222 -89.38205782 654.15252509
v 7.15716100 -89.40065183 654.08649225
v 7.11644454 -89.42328676 654.03310896
v 7.08510400 -89.44826730 653.98866980
v 7.06109845 -89.47393414 653.95168361
v 7.02816283 -89.52634338 653.89307348
v 7.00725196 -89.58972879 653.84194604
v 7.00000000 -89.66068609 653.80147509
v 7.00000000 -94.00000000 647.00000000
v 7.00000000 -93.96643139 647.70880339
v 7.00000000 -93.86602607 648.41126183
v 7.00000000 -93.69968282 649.10108718
v 7.00000000 -93.46889068 649.77210437
v 7.00000000 -93.17571563 650.41830672
v 7.00000000 -92.82278205 651.03390966
v 7.00000000 -92.41324927 651.61340254
v 7.00000000 -91.95078329 652.15159796
v 7.00000000 -91.43952392 652.64367818
v 7.00000000 -90.88404777 653.08523830
v 7.00000000 -90.28932725 653.47232562
v 8.00000000 -95.00000000 647.00000000
v 8.00000000 -89.90192480 654.78953835
v 8.00000000 -90.63726046 654.42516504
v 8.00000000 -91.33403019 653.99157723
v 8.00000000 -91.98573896 653.49281665
v 8.00000000 -92.58631181 652.93353255
v 8.00000000 -93.13015042 652.31893837
v 8.00000000 -93.61218535 651.65476311
v 8.00000000 -94.02792324 650.94719795
v 8.00000000 -94.37348876 650.20283855
v 8.00000000 -94.64566067 649.42862354
v 8.00000000 -94.84190189 648.63176983
v 8.00000000 -94.96038315 647.81970540
v 8.00000000 -90.60232098 655.06201726
v 8.00000000 -91.27238147 655.40233844
v 8.00000000 -91.90555416 655.80717411
v 8.00000000 -92.49564764 656.27256562
v 8.00000000 -93.03689175 656.79396219
v 8.00000000 -93.52399400 657.36626540
v 8.00000000 -93.95219131 657.98387907
v 8.00000000 -94.31729660 658.64076391
v 8.00000000 -94.61573973 659.33049666
v 8.00000000 -94.84460241 660.04633284
v 8.00000000 -95.00164674 660.78127274
v 8.00000000 -95.08533707 661.52812982
v 8.00000000 -95.09485505 662.27960102
v 8.00000000 -95.03010761 663.02833819
v 8.00000000 -94.89172786 663.76701986
v 8.00000000 -94.68106895 664.48842293
v 8.00000000 -94.40019078 665.18549325
v 8.00000000 -94.05183988 665.85141458
v 8.00000000 -93.63942255 666.47967529
v 8.00000000 -93.16697159 667.06413201
v 8.00000000 -92.63910679 667.59906969
v 8.00000000 -92.06098982 668.07925751
v 8.00000000 -91.43827373 668.50000000
v 7.98293696 -91.40997306 668.51706304
v 7.96599714 -91.38159846 668.53400286
v 7.94918086 -91.35315047 668.55081914
v 7.93248843 -91.32462963 668.56751157
v 7.00000000 -91.58169643 669.49955503
v 7.00626357 -91.50000000 669.49373643
v 7.02464922 -91.42247537 669.47535078
v 7.05511572 -91.34885546 669.44488428
v 7.09319419 -91.28612768 669.40680581
v 7.14136388 -91.22828150 669.35863612
v 7.19887314 -91.17741128 669.30112686
v 7.25787253 -91.13901665 669.24212747
v 7.32183547 -91.10922833 669.17816453
v 7.39003380 -91.08858626 669.10996620
v 7.46037507 -91.07785580 669.03962493
v 7.52857702 -91.07704371 668.97142298
v 7.59465399 -91.08521123 668.90534601
v 7.66334385 -91.10354048 668.83665615
v 7.72953067 -91.13183336 668.77046933
v 7.77047470 -91.15545561 668.72952530
v 7.83317991 -91.20306410 668.66682009
v 7.88763454 -91.25992538 668.61236546
v 8.00000000 -91.50000000 668.50000000
v 7.00000000 -92.31131200 669.45598906
v 7.00000000 -93.03322210 669.34160950
v 7.00000000 -93.74057035 669.15750267
v 7.00000000 -94.42663869 668.90541715
v 7.00000000 -95.08491115 668.58774711
v 7.00000000 -95.70913575 668.20750966
v 7.00000000 -96.29338390 667.76831611
v 7.00000000 -96.83210668 667.27433772
v 7.00000000 -97.32018753 666.73026607
v 7.00000000 -97.75299089 666.14126851
v 7.00000000 -98.12640620 665.51293907
v 7.00000000 -98.43688691 664.85124534
v 7.00000000 -98.68148424 664.16247177
v 7.00000000 -98.85787510 663.45316003
v 7.00000000 -98.96438421 662.73004684
v 7.00000000 -99.00000000 662.00000000
v 8.00000000 -98.00000000 662.00000000
v 8.00000000 -97.96870072 662.63711141
v 8.00000000 -97.87510432 663.26808709
v 8.00000000 -97.72011218 663.88685040
v 8.00000000 -97.50521696 664.48744231
v 8.00000000 -97.23248822 665.06407879
v 8.00000000 -96.90455248 665.61120651
v 8.00000000 -96.52456795 666.12355635
v 8.00000000 -96.09619408 666.59619408
v 8.00000000 -95.62355635 667.02456795
v 8.00000000 -95.11120651 667.40455248
v 8.00000000 -94.56407879 667.73248822
v 8.00000000 -93.98744231 668.00521696
v 8.00000000 -93.38685040 668.22011218
v 8.00000000 -92.76808709 668.37510432
v 8.00000000 -92.13711141 668.46870072
v 8.00000000 -95.00000000 642.24066904
v 7.00000000 -94.00000000 642.24066904
v 8.46153846 -94.00000000 639.66518150
v 8.22695844 -94.00000000 639.82068482
v 8.00798298 -94.00000000 639.99748644
v 7.80653927 -94.00000000 640.19403033
v 7.62440023 -94.00000000 640.40858670
v 7.46316885 -94.00000000 640.63926724
v 7.32426415 -94.00000000 640.88404173
v 7.20890862 -94.00000000 641.14075591
v 7.11811750 -94.00000000 641.40715043
v 7.05268986 -94.00000000 641.68088075
v 7.01320151 -94.00000000 641.95953778
v 8.97435897 -95.00000000 640.52367735
v 8.00880101 -95.00000000 642.05324820
v 8.03512657 -95.00000000 641.86747685
v 8.07874500 -95.00000000 641.68498997
v 8.13927241 -95.00000000 641.50739362
v 8.21617610 -95.00000000 641.33625083
v 8.30877924 -95.00000000 641.17306784
v 8.41626682 -95.00000000 641.01928081
v 8.53769285 -95.00000000 640.87624323
v 8.67198865 -95.00000000 640.74521397
v 8.81797230 -95.00000000 640.62734623
v 8.47813127 -94.66666667 640.47195199
v 8.19778441 -94.66666667 640.75862201
v 8.26072145 -94.33333333 640.21927813
v 7.97065685 -94.66666667 641.08905677
v 7.94032504 -94.33333333 640.54690100
v 7.80345565 -94.66666667 641.45349856
v 7.68075069 -94.33333333 640.92454073
v 7.70111825 -94.66666667 641.84118544
v 7.48966360 -94.33333333 641.34104564
v 7.37270657 -94.33333333 641.78411635
v -1.79487179 -95.00000000 642.90771195
v -1.69230769 -94.00000000 641.91298555
v -3.30596282 -94.00000000 641.66541400
v -4.88725443 -94.00000000 641.25959213
v -6.42070257 -94.00000000 640.69949271
v -7.89129563 -94.00000000 639.99059879
v -9.28463734 -94.00000000 639.13985005
v -10.58708767 -94.00000000 638.15557484
v -11.78589636 -94.00000000 637.04740867
v -12.86932775 -94.00000000 635.82619985
v -13.82677565 -94.00000000 634.50390333
v -14.64886718 -94.00000000 633.09346366
v -15.32755453 -94.00000000 631.60868825
v -15.85619373 -94.00000000 630.06411221
v -16.22960971 -94.00000000 628.47485608
v -16.44414692 -94.00000000 626.85647778
v -16.49770518 -94.00000000 625.22482032
v -16.38976017 -94.00000000 623.59585672
v -16.12136861 -94.00000000 621.98553361
v -15.69515792 -94.00000000 620.40961515
v -15.11530044 -94.00000000 618.88352870
v -14.38747267 -94.00000000 617.42221378
v -13.51879962 -94.00000000 616.03997586
v -12.51778512 -94.00000000 614.75034625
v -11.39422853 -94.00000000 613.56594972
v -10.15912885 -94.00000000 612.49838083
v -8.82457701 -94.00000000 611.55809050
v -7.40363751 -94.00000000 610.75428362
v -5.91022056 -94.00000000 610.09482902
v -4.35894588 -94.00000000 609.58618239
v -2.76499956 -94.00000000 609.23332310
v -1.14398545 -94.00000000 609.03970543
v 0.48822764 -94.00000000 609.00722480
v 2.11566125 -94.00000000 609.13619917
v 3.72238372 -94.00000000 609.42536596
v 5.29266615 -94.00000000 609.87189439
v 6.81113636 -94.00000000 610.47141319
v 8.26292936 -94.00000000 611.21805341
v 9.63383293 -94.00000000 612.10450587
v 10.91042668 -94.00000000 613.12209268
v 12.08021349 -94.00000000 614.26085226
v 13.13174180 -94.00000000 615.50963677
v 14.05471773 -94.00000000 616.85622134
v 14.84010587 -94.00000000 618.28742363
v 15.48021771 -94.00000000 619.78923300
v 15.96878691 -94.00000000 621.34694757
v 16.30103067 -94.00000000 622.94531819
v 16.47369649 -94.00000000 624.56869771
v 16.48509408 -94.00000000 626.20119415
v 16.33511186 -94.00000000 627.82682630
v 16.02521807 -94.00000000 629.42968013
v 15.55844640 -94.00000000 630.99406459
v 14.93936628 -94.00000000 632.50466525
v 14.17403815 -94.00000000 633.94669417
v 13.26995416 -94.00000000 635.30603470
v 12.23596477 -94.00000000 636.56937966
v 11.08219216 -94.00000000 637.72436162
v 9.81993112 -94.00000000 638.75967394
v 10.41507846 -95.00000000 639.56329054
v 11.75384017 -95.00000000 638.46523202
v 12.97753839 -95.00000000 637.24025116
v 14.07419381 -95.00000000 635.90033984
v 15.03307077 -95.00000000 634.45861503
v 15.84478241 -95.00000000 632.92919042
v 16.50138254 -95.00000000 631.32703820
v 16.99644341 -95.00000000 629.66784256
v 17.32511864 -95.00000000 627.96784608
v 17.48419069 -95.00000000 626.24369077
v 17.47210234 -95.00000000 624.51225514
v 17.28897192 -95.00000000 622.79048899
v 16.93659218 -95.00000000 621.09524742
v 16.41841272 -95.00000000 619.44312591
v 15.73950622 -95.00000000 617.85029779
v 14.90651880 -95.00000000 616.33235596
v 13.92760494 -95.00000000 614.90416022
v 12.81234764 -95.00000000 613.57969179
v 11.57166466 -95.00000000 612.37191648
v 10.21770159 -95.00000000 611.29265774
v 8.76371296 -95.00000000 610.35248089
v 7.22393250 -95.00000000 609.56058975
v 5.61343380 -95.00000000 608.92473647
v 3.94798274 -95.00000000 608.45114572
v 2.24388314 -95.00000000 608.14445367
v 0.51781719 -95.00000000 608.00766267
v -1.21331790 -95.00000000 608.04211182
v -2.93257529 -95.00000000 608.24746389
v -4.62312442 -95.00000000 608.62170860
v -6.26841575 -95.00000000 609.16118230
v -7.85234282 -95.00000000 609.86060384
v -9.35939986 -95.00000000 610.71312628
v -10.77483363 -95.00000000 611.71040391
v -12.08478784 -95.00000000 612.84267394
v -13.27643876 -95.00000000 614.09885209
v -14.33812081 -95.00000000 615.46664106
v -15.25944071 -95.00000000 616.93265098
v -16.03137926 -95.00000000 618.48253043
v -16.64637961 -95.00000000 620.10110697
v -17.09842126 -95.00000000 621.77253564
v -17.38307897 -95.00000000 623.48045409
v -17.49756610 -95.00000000 625.20814276
v -17.44076189 -95.00000000 626.93868855
v -17.21322242 -95.00000000 628.65515039
v -16.81717517 -95.00000000 630.34072507
v -16.25649723 -95.00000000 631.97891178
v -15.53667731 -95.00000000 633.55367358
v -14.66476205 -95.00000000 635.04959444
v -13.64928701 -95.00000000 636.45203014
v -12.50019311 -95.00000000 637.74725162
v -11.22872935 -95.00000000 638.92257938
v -9.84734264 -95.00000000 639.96650763
v -8.36955597 -95.00000000 640.86881690
v -6.80983606 -95.00000000 641.62067408
v -5.18345167 -95.00000000 642.21471893
v -3.50632420 -95.00000000 642.64513606
v 1.00000000 -94.00000000 644.89716474
v 0.98564363 -94.00000000 644.60402293
v 0.94271192 -94.00000000 644.31368676
v 0.87161577 -94.00000000 644.02893501
v 0.77303563 -94.00000000 643.75249300
v 0.64791501 -94.00000000 643.48700656
v 0.49745142 -94.00000000 643.23501661
v 0.32308494 -94.00000000 642.99893494
v 0.12648441 -94.00000000 642.78102107
v -0.09046852 -94.00000000 642.58336062
v -0.32569740 -94.00000000 642.40784539
v -0.57695090 -94.00000000 642.25615523
v -0.84182427 -94.00000000 642.12974194
v -1.11778244 -94.00000000 642.02981541
v -1.40218425 -94.00000000 641.95733204
v -0.00000000 -95.00000000 644.89716474
v -1.60145616 -95.00000000 642.93727627
v -1.41185496 -95.00000000 642.98559852
v -1.22788285 -95.00000000 643.05221620
v -1.05130060 -95.00000000 643.13649173
v -0.88379827 -95.00000000 643.23761851
v -0.72697901 -95.00000000 643.35462866
v -0.58234373 -95.00000000 643.48640229
v -0.45127671 -95.00000000 643.63167821
v -0.33503239 -95.00000000 643.78906599
v -0.23472333 -95.00000000 643.95705928
v -0.15130958 -95.00000000 644.13405025
v -0.08558949 -95.00000000 644.31834492
v -0.03819205 -95.00000000 644.50817942
v -0.00957091 -95.00000000 644.70173687
v 0.29415641 -94.66666667 644.47138214
v 0.17794120 -94.66666667 644.05989741
v 0.62189304 -94.33333333 644.41055605
v -0.01140976 -94.66666667 643.67652831
v 0.48907565 -94.33333333 643.94028779
v -0.26753802 -94.66666667 643.33414844
v 0.27267456 -94.33333333 643.50215167
v -0.58184274 -94.66666667 643.04425502
v -0.02004345 -94.33333333 643.11086040
v -0.94376950 -94.66666667 642.81658271
v -0.37924885 -94.33333333 642.77955363
v -1.34116471 -94.66666667 642.65877681
v -0.79287943 -94.33333333 642.51935671
v -1.24704539 -94.33333333 642.33900711
v -0.00000000 -95.00000000 647.00000000
v 1.00000000 -94.00000000 647.00000000
v -0.00000000 -94.95907018 647.83314569
v -0.00000000 -94.83667488 648.65826774
v -0.00000000 -94.63399285 649.46741976
v -0.00000000 -94.35297603 650.25280918
v -0.00000000 -93.99633075 651.00687226
v -0.00000000 -93.56749170 651.72234698
v -0.00000000 -93.07058885 652.39234292
v -0.00000000 -92.51040764 653.01040764
v -0.00000000 -91.89234292 653.57058885
v -0.00000000 -91.22234698 654.06749170
v -0.00000000 -90.50687226 654.49633075
v -0.00000000 -89.75280918 654.85297603
v -0.00000000 -88.96741976 655.13399285
v -0.00000000 -88.15826774 655.33667488
v -0.00000000 -87.33314569 655.45907018
v -0.00000000 -86.50000000 655.50000000
v 1.00000000 -86.50000000 654.50000000
v 1.00000000 -87.23512855 654.46388545
v 1.00000000 -87.96317742 654.35588960
v 1.00000000 -88.67713508 654.17705252
v 1.00000000 -89.37012574 653.92909649
v 1.00000000 -90.03547553 653.61440948
v 1.00000000 -90.66677675 653.23602209
v 1.00000000 -91.25794963 652.79757840
v 1.00000000 -91.80330086 652.30330086
v 1.00000000 -92.29757840 651.75794963
v 1.00000000 -92.73602209 651.16677675
v 1.00000000 -93.11440948 650.53547553
v 1.00000000 -93.42909649 649.87012574
v 1.00000000 -93.67705252 649.17713508
v 1.00000000 -93.85588960 648.46317742
v 1.00000000 -93.96388545 647.73512855
v -0.00000000 -42.50000000 655.50000000
v 1.00000000 -42.50000000 654.50000000
v -0.00000000 -42.50000000 668.50000000
v 1.00000000 -42.50000000 669.50000000
v 1.00000000 -41.76487145 669.46388545
v 1.00000000 -41.03682258 669.35588960
v 1.00000000 -40.32286492 669.17705252
v 1.00000000 -39.62987426 668.92909649
v 1.00000000 -38.96452447 668.61440948
v 1.00000000 -38.33322325 668.23602209
v 1.00000000 -37.74205037 667.79757840
v 1.00000000 -37.19669914 667.30330086
v 1.00000000 -36.70242160 666.75794963
v 1.00000000 -36.26397791 666.16677675
v 1.00000000 -35.88559052 665.53547553
v 1.00000000 -35.57090351 664.87012574
v 1.00000000 -35.32294748 664.17713508
v 1.00000000 -35.14411040 663.46317742
v 1.00000000 -35.03611455 662.73512855
v 1.00000000 -35.00000000 662.00000000
v 1.00000000 -35.03611455 661.26487145
v 1.00000000 -35.14411040 660.53682258
v 1.00000000 -35.32294748 659.82286492
v 1.00000000 -35.57090351 659.12987426
v 1.00000000 -35.88559052 658.46452447
v 1.00000000 -36.26397791 657.83322325
v 1.00000000 -36.70242160 657.24205037
v 1.00000000 -37.19669914 656.69669914
v 1.00000000 -37.74205037 656.20242160
v 1.00000000 -38.33322325 655.76397791
v 1.00000000 -38.96452447 655.38559052
v 1.00000000 -39.62987426 655.07090351
v 1.00000000 -40.32286492 654.82294748
v 1.00000000 -41.03682258 654.64411040
v 1.00000000 -41.76487145 654.53611455
v -0.00000000 -41.86288859 655.53129928
v -0.00000000 -41.23191291 655.62489568
v -0.00000000 -40.61314960 655.77988782
v -0.00000000 -40.01255769 655.99478304
v -0.00000000 -39.43592121 656.26751178
v -0.00000000 -38.88879349 656.59544752
v -0.00000000 -38.37644365 656.97543205
v -0.00000000 -37.90380592 657.40380592
v -0.00000000 -37.47543205 657.87644365
v -0.00000000 -37.09544752 658.38879349
v -0.00000000 -36.76751178 658.93592121
v -0.00000000 -36.49478304 659.51255769
v -0.00000000 -36.27988782 660.11314960
v -0.00000000 -36.12489568 660.73191291
v -0.00000000 -36.03129928 661.36288859
v -0.00000000 -36.00000000 662.00000000
v -0.00000000 -36.03129928 662.63711141
v -0.00000000 -36.12489568 663.26808709
v -0.00000000 -36.27988782 663.88685040
v -0.00000000 -36.49478304 664.48744231
v -0.00000000 -36.76751178 665.06407879
v -0.00000000 -37.09544752 665.61120651
v -0.00000000 -37.47543205 666.12355635
v -0.00000000 -37.90380592 666.59619408
v -0.00000000 -38.37644365 667.02456795
v -0.00000000 -38.88879349 667.40455248
v -0.00000000 -39.43592121 667.73248822
v -0.00000000 -40.01255769 668.00521696
v -0.00000000 -40.61314960 668.22011218
v -0.00000000 -41.23191291 668.37510432
v -0.00000000 -41.86288859 668.46870072
v -0.00000000 -91.50000000 668.50000000
v 1.00000000 -91.50000000 669.50000000
v -0.00000000 -98.00000000 662.00000000
v 1.00000000 -99.00000000 662.00000000
v 1.00000000 -98.96388545 662.73512855
v 1.00000000 -98.85588960 663.46317742
v 1.00000000 -98.67705252 664.17713508
v 1.00000000 -98.42909649 664.87012574
v 1.00000000 -98.11440948 665.53547553
v 1.00000000 -97.73602209 666.16677675
v 1.00000000 -97.29757840 666.75794963
v 1.00000000 -96.80330086 667.30330086
v 1.00000000 -96.25794963 667.79757840
v 1.00000000 -95.66677675 668.23602209
v 1.00000000 -95.03547553 668.61440948
v 1.00000000 -94.37012574 668.92909649
v 1.00000000 -93.67713508 669.17705252
v 1.00000000 -92.96317742 669.35588960
v 1.00000000 -92.23512855 669.46388545
v -0.00000000 -92.13711141 668.46870072
v -0.00000000 -92.76808709 668.37510432
v -0.00000000 -93.38685040 668.22011218
v -0.00000000 -93.98744231 668.00521696
v -0.00000000 -94.56407879 667.73248822
v -0.00000000 -95.11120651 667.40455248
v -0.00000000 -95.62355635 667.02456795
v -0.00000000 -96.09619408 666.59619408
v -0.00000000 -96.52456795 666.12355635
v -0.00000000 -96.90455248 665.61120651
v -0.00000000 -97.23248822 665.06407879
v -0.00000000 -97.50521696 664.48744231
v -0.00000000 -97.72011218 663.88685040
v -0.00000000 -97.87510432 663.26808709
v -0.00000000 -97.96870072 662.63711141
v -0.00000000 -98.00000000 644.89716474
v 1.00000000 -99.00000000 644.89716474
v -1.69230769 -99.00000000 641.91298555
v -1.40218425 -99.00000000 641.95733204
v -1.11778244 -99.00000000 642.02981541
v -0.84182427 -99.00000000 642.12974194
v -0.57695090 -99.00000000 642.25615523
v -0.32569740 -99.00000000 642.40784539
v -0.09046852 -99.00000000 642.58336062
v 0.12648441 -99.00000000 642.78102107
v 0.32308494 -99.00000000 642.99893494
v 0.49745142 -99.00000000 643.23501661
v 0.64791501 -99.00000000 643.48700656
v 0.77303563 -99.00000000 643.75249300
v 0.87161577 -99.00000000 644.02893501
v 0.94271192 -99.00000000 644.31368676
v 0.98564363 -99.00000000 644.60402293
v -1.79487179 -98.00000000 642.90771195
v -0.00957091 -98.00000000 644.70173687
v -0.03819205 -98.00000000 644.50817942
v -0.08558949 -98.00000000 644.31834492
v -0.15130958 -98.00000000 644.13405025
v -0.23472333 -98.00000000 643.95705928
v -0.33503239 -98.00000000 643.78906599
v -0.45127671 -98.00000000 643.63167821
v -0.58234373 -98.00000000 643.48640229
v -0.72697901 -98.00000000 643.35462866
v -0.88379827 -98.00000000 643.23761851
v -1.05130060 -98.00000000 643.13649173
v -1.22788285 -98.00000000 643.05221620
v -1.41185496 -98.00000000 642.98559852
v -1.60145616 -98.00000000 642.93727627
v -1.34116471 -98.33333333 642.65877681
v -0.94376950 -98.33333333 642.81658271
v -1.24704539 -98.66666667 642.33900711
v -0.58184274 -98.33333333 643.04425502
v -0.79287943 -98.66666667 642.51935671
v -0.26753802 -98.33333333 643.33414844
v -0.37924885 -98.66666667 642.77955363
v -0.01140976 -98.33333333 643.67652831
v -0.02004345 -98.66666667 643.11086040
v 0.17794120 -98.33333333 644.05989741
v 0.27267456 -98.66666667 643.50215167
v 0.29415641 -98.33333333 644.47138214
v 0.48907565 -98.66666667 643.94028779
v 0.62189304 -98.66666667 644.41055605
v 8.97435897 -98.00000000 640.52367735
v 8.46153846 -99.00000000 639.66518150
v 9.81993112 -99.00000000 638.75967394
v 11.08219216 -99.00000000 637.72436162
v 12.23596477 -99.00000000 636.56937966
v 13.26995416 -99.00000000 635.30603470
v 14.17403815 -99.00000000 633.94669417
v 14.93936628 -99.00000000 632.50466525
v 15.55844640 -99.00000000 630.99406459
v 16.02521807 -99.00000000 629.42968013
v 16.33511186 -99.00000000 627.82682630
v 16.48509408 -99.00000000 626.20119415
v 16.47369649 -99.00000000 624.56869771
v 16.30103067 -99.00000000 622.94531819
v 15.96878691 -99.00000000 621.34694757
v 15.48021771 -99.00000000 619.78923300
v 14.84010587 -99.00000000 618.28742363
v 14.05471773 -99.00000000 616.85622134
v 13.13174180 -99.00000000 615.50963677
v 12.08021349 -99.00000000 614.26085226
v 10.91042668 -99.00000000 613.12209268
v 9.63383293 -99.00000000 612.10450587
v 8.26292936 -99.00000000 611.21805341
v 6.81113636 -99.00000000 610.47141319
v 5.29266615 -99.00000000 609.87189439
v 3.72238372 -99.00000000 609.42536596
v 2.11566125 -99.00000000 609.13619917
v 0.48822764 -99.00000000 609.00722480
v -1.14398545 -99.00000000 609.03970543
v -2.76499956 -99.00000000 609.23332310
v -4.35894588 -99.00000000 609.58618239
v -5.91022056 -99.00000000 610.09482902
v -7.40363751 -99.00000000 610.75428362
v -8.82457701 -99.00000000 611.55809050
v -10.15912885 -99.00000000 612.49838083
v -11.39422853 -99.00000000 613.56594972
v -12.51778512 -99.00000000 614.75034625
v -13.51879962 -99.00000000 616.03997586
v -14.38747267 -99.00000000 617.42221378
v -15.11530044 -99.00000000 618.88352870
v -15.69515792 -99.00000000 620.40961515
v -16.12136861 -99.00000000 621.98553361
v -16.38976017 -99.00000000 623.59585672
v -16.49770518 -99.00000000 625.22482032
v -16.44414692 -99.00000000 626.85647778
v -16.22960971 -99.00000000 628.47485608
v -15.85619373 -99.00000000 630.06411221
v -15.32755453 -99.00000000 631.60868825
v -14.64886718 -99.00000000 633.09346366
v -13.82677565 -99.00000000 634.50390333
v -12.86932775 -99.00000000 635.82619985
v -11.78589636 -99.00000000 637.04740867
v -10.58708767 -99.00000000 638.15557484
v -9.28463734 -99.00000000 639.13985005
v -7.89129563 -99.00000000 639.99059879
v -6.42070257 -99.00000000 640.69949271
v -4.88725443 -99.00000000 641.25959213
v -3.30596282 -99.00000000 641.66541400
v -3.50632420 -98.00000000 642.64513606
v -5.18345167 -98.00000000 642.21471893
v -6.80983606 -98.00000000 641.62067408
v -8.36955597 -98.00000000 640.86881690
v -9.84734264 -98.00000000 639.96650763
v -11.22872935 -98.00000000 638.92257938
v -12.50019311 -98.00000000 637.74725162
v -13.64928701 -98.00000000 636.45203014
v -14.66476205 -98.00000000 635.04959444
v -15.53667731 -98.00000000 633.55367358
v -16.25649723 -98.00000000 631.97891178
v -16.81717517 -98.00000000 630.34072507
v -17.21322242 -98.00000000 628.65515039
v -17.44076189 -98.00000000 626.93868855
v -17.49756610 -98.00000000 625.20814276
v -17.38307897 -98.00000000 623.48045409
v -17.09842126 -98.00000000 621.77253564
v -16.64637961 -98.00000000 620.10110697
v -16.03137926 -98.00000000 618.48253043
v -15.25944071 -98.00000000 616.93265098
v -14.33812081 -98.00000000 615.46664106
v -13.27643876 -98.00000000 614.09885209
v -12.08478784 -98.00000000 612.84267394
v -10.77483363 -98.00000000 611.71040391
v -9.35939986 -98.00000000 610.71312628
v -7.85234282 -98.00000000 609.86060384
v -6.26841575 -98.00000000 609.16118230
v -4.62312442 -98.00000000 608.62170860
v -2.93257529 -98.00000000 608.24746389
v -1.21331790 -98.00000000 608.04211182
v 0.51781719 -98.00000000 608.00766267
v 2.24388314 -98.00000000 608.14445367
v 3.94798274 -98.00000000 608.45114572
v 5.61343380 -98.00000000 608.92473647
v 7.22393250 -98.00000000 609.56058975
v 8.76371296 -98.00000000 610.35248089
v 10.21770159 -98.00000000 611.29265774
v 11.57166466 -98.00000000 612.37191648
v 12.81234764 -98.00000000 613.57969179
v 13.92760494 -98.00000000 614.90416022
v 14.90651880 -98.00000000 616.33235596
v 15.73950622 -98.00000000 617.85029779
v 16.41841272 -98.00000000 619.44312591
v 16.93659218 -98.00000000 621.09524742
v 17.28897192 -98.00000000 622.79048899
v 17.47210234 -98.00000000 624.51225514
v 17.48419069 -98.00000000 626.24369077
v 17.32511864 -98.00000000 627.96784608
v 16.99644341 -98.00000000 629.66784256
v 16.50138254 -98.00000000 631.32703820
v 15.84478241 -98.00000000 632.92919042
v 15.03307077 -98.00000000 634.45861503
v 14.07419381 -98.00000000 635.90033984
v 12.97753839 -98.00000000 637.24025116
v 11.75384017 -98.00000000 638.46523202
v 10.41507846 -98.00000000 639.56329054
v 7.00000000 -99.00000000 642.24066904
v 7.01320151 -99.00000000 641.95953778
v 7.05268986 -99.00000000 641.68088075
v 7.11811750 -99.00000000 641.40715043
v 7.20890862 -99.00000000 641.14075591
v 7.32426415 -99.00000000 640.88404173
v 7.46316885 -99.00000000 640.63926724
v 7.62440023 -99.00000000 640.40858670
v 7.80653927 -99.00000000 640.19403033
v 8.00798298 -99.00000000 639.99748644
v 8.22695844 -99.00000000 639.82068482
v 8.00000000 -98.00000000 642.24066904
v 8.81797230 -98.00000000 640.62734623
v 8.67198865 -98.00000000 640.74521397
v 8.53769285 -98.00000000 640.87624323
v 8.41626682 -98.00000000 641.01928081
v 8.30877924 -98.00000000 641.17306784
v 8.21617610 -98.00000000 641.33625083
v 8.13927241 -98.00000000 641.50739362
v 8.07874500 -98.00000000 641.68498997
v 8.03512657 -98.00000000 641.86747685
v 8.00880101 -98.00000000 642.05324820
v 7.70111825 -98.33333333 641.84118544
v 7.80345565 -98.33333333 641.45349856
v 7.37270657 -98.66666667 641.78411635
v 7.97065685 -98.33333333 641.08905677
v 7.48966360 -98.66666667 641.34104564
v 8.19778441 -98.33333333 640.75862201
v 7.68075069 -98.66666667 640.92454073
v 8.47813127 -98.33333333 640.47195199
v 7.94032504 -98.66666667 640.54690100
v 8.26072145 -98.66666667 640.21927813
v -6.25000000 -94.00000000 625.50000000
v -6.21894235 -94.00000000 626.12229904
v -6.12607805 -94.00000000 626.73841339
v -5.97233004 -94.00000000 627.34221984
v -5.75922632 -94.00000000 627.92771748
v -5.48888483 -94.00000000 628.48908737
v -5.16399234 -94.00000000 629.02075036
v -4.78777777 -94.00000000 629.51742256
v -4.36398011 -94.00000000 629.97416781
v -3.89681126 -94.00000000 630.38644677
v -3.39091415 -94.00000000 630.75016202
v -2.85131661 -94.00000000 631.06169881
v -2.28338140 -94.00000000 631.31796093
v -1.69275293 -94.00000000 631.51640154
v -1.08530111 -94.00000000 631.65504846
v -0.46706308 -94.00000000 631.73252373
v 0.15581682 -94.00000000 631.74805739
v 0.77714815 -94.00000000 631.70149504
v 1.39075584 -94.00000000 631.59329945
v 1.99054156 -94.00000000 631.42454591
v 2.57054439 -94.00000000 631.19691158
v 3.12500000 -94.00000000 630.91265877
v 3.64839795 -94.00000000 630.57461254
v 4.13553648 -94.00000000 630.18613252
v 4.58157420 -94.00000000 629.75107961
v 4.98207817 -94.00000000 629.27377756
v 5.33306801 -94.00000000 628.75897002
v 5.63105542 -94.00000000 628.21177337
v 5.87307888 -94.00000000 627.63762590
v 6.05673304 -94.00000000 627.04223374
v 6.18019266 -94.00000000 626.43151416
v 6.24223076 -94.00000000 625.81153679
v 6.24223076 -94.00000000 625.18846321
v 6.18019266 -94.00000000 624.56848584
v 6.05673304 -94.00000000 623.95776626
v 5.87307888 -94.00000000 623.36237410
v 5.63105542 -94.00000000 622.78822663
v 5.33306801 -94.00000000 622.24102998
v 4.98207817 -94.00000000 621.72622244
v 4.58157420 -94.00000000 621.24892039
v 4.13553648 -94.00000000 620.81386748
v 3.64839795 -94.00000000 620.42538746
v 3.12500000 -94.00000000 620.08734123
v 2.57054439 -94.00000000 619.80308842
v 1.99054156 -94.00000000 619.57545409
v 1.39075584 -94.00000000 619.40670055
v 0.77714815 -94.00000000 619.29850496
v 0.15581682 -94.00000000 619.25194261
v -0.46706308 -94.00000000 619.26747627
v -1.08530111 -94.00000000 619.34495154
v -1.69275293 -94.00000000 619.48359846
v -2.28338140 -94.00000000 619.68203907
v -2.85131661 -94.00000000 619.93830119
v -3.39091415 -94.00000000 620.24983798
v -3.89681126 -94.00000000 620.61355323
v -4.36398011 -94.00000000 621.02583219
v -4.78777777 -94.00000000 621.48257744
v -5.16399234 -94.00000000 621.97924964
v -5.48888483 -94.00000000 622.51091263
v -5.75922632 -94.00000000 623.07228252
v -5.97233004 -94.00000000 623.65778016
v -6.12607805 -94.00000000 624.26158661
v -6.21894235 -94.00000000 624.87770096
v -0.00000000 -89.15000000 662.00000000
v -0.00000000 -89.14180078 662.16428695
v -0.00000000 -89.11728460 662.32694114
v -0.00000000 -89.07669513 662.48634604
v -0.00000000 -89.02043575 662.64091741
v -0.00000000 -88.94906560 662.78911906
v -0.00000000 -88.86329398 662.92947810
v -0.00000000 -88.76397333 663.06059956
v -0.00000000 -88.65209075 663.18118030
v -0.00000000 -88.52875817 663.29002195
v -0.00000000 -88.39520134 663.38604277
v -0.00000000 -88.25274758 663.46828848
v -0.00000000 -88.10281269 663.53594169
v -0.00000000 -87.94688677 663.58833001
v -0.00000000 -87.78651949 663.62493279
v -0.00000000 -87.62330465 663.64538627
v -0.00000000 -87.45886436 663.64948715
v -0.00000000 -87.29483289 663.63719469
v -0.00000000 -87.13284046 663.60863106
v -0.00000000 -86.97449703 663.56408012
v -0.00000000 -86.82137628 663.50398466
v -0.00000000 -86.67500000 663.42894192
v -0.00000000 -86.53682294 663.33969771
v -0.00000000 -86.40821837 663.23713898
v -0.00000000 -86.29046441 663.12228502
v -0.00000000 -86.18473136 662.99627728
v -0.00000000 -86.09207005 662.86036809
v -0.00000000 -86.01340137 662.71590817
v -0.00000000 -85.94950718 662.56433324
v -0.00000000 -85.90102248 662.40714971
v -0.00000000 -85.86842914 662.24591974
v -0.00000000 -85.85205108 662.08224571
v -0.00000000 -85.85205108 661.91775429
v -0.00000000 -85.86842914 661.75408026
v -0.00000000 -85.90102248 661.59285029
v -0.00000000 -85.94950718 661.43566676
v -0.00000000 -86.01340137 661.28409183
v -0.00000000 -86.09207005 661.13963191
v -0.00000000 -86.18473136 661.00372272
v -0.00000000 -86.29046441 660.87771498
v -0.00000000 -86.40821837 660.76286102
v -0.00000000 -86.53682294 660.66030229
v -0.00000000 -86.67500000 660.57105808
v -0.00000000 -86.82137628 660.49601534
v -0.00000000 -86.97449703 660.43591988
v -0.00000000 -87.13284046 660.39136894
v -0.00000000 -87.29483289 660.36280531
v -0.00000000 -87.45886436 660.35051285
v -0.00000000 -87.62330465 660.35461373
v -0.00000000 -87.78651949 660.37506721
v -0.00000000 -87.94688677 660.41166999
v -0.00000000 -88.10281269 660.46405831
v -0.00000000 -88.25274758 660.53171152
v -0.00000000 -88.39520134 660.61395723
v -0.00000000 -88.52875817 660.70997805
v -0.00000000 -88.65209075 660.81881970
v -0.00000000 -88.76397333 660.93940044
v -0.00000000 -88.86329398 661.07052190
v -0.00000000 -88.94906560 661.21088094
v -0.00000000 -89.02043575 661.35908259
v -0.00000000 -89.07669513 661.51365396
v -0.00000000 -89.11728460 661.67305886
v -0.00000000 -89.14180078 661.83571305
v -0.00000000 -44.15000000 662.00000000
v -0.00000000 -44.14180078 662.16428695
v -0.00000000 -44.11728460 662.32694114
v -0.00000000 -44.07669513 662.48634604
v -0.00000000 -44.02043575 662.64091741
v -0.00000000 -43.94906560 662.78911906
v -0.00000000 -43.86329398 662.92947810
v -0.00000000 -43.76397333 663.06059956
v -0.00000000 -43.65209075 663.18118030
v -0.00000000 -43.52875817 663.29002195
v -0.00000000 -43.39520134 663.38604277
v -0.00000000 -43.25274758 663.46828848
v -0.00000000 -43.10281269 663.53594169
v -0.00000000 -42.94688677 663.58833001
v -0.00000000 -42.78651949 663.62493279
v -0.00000000 -42.62330465 663.64538627
v -0.00000000 -42.45886436 663.64948715
v -0.00000000 -42.29483289 663.63719469
v -0.00000000 -42.13284046 663.60863106
v -0.00000000 -41.97449703 663.56408012
v -0.00000000 -41.82137628 663.50398466
v -0.00000000 -41.67500000 663.42894192
v -0.00000000 -41.53682294 663.33969771
v -0.00000000 -41.40821837 663.23713898
v -0.00000000 -41.29046441 663.12228502
v -0.00000000 -41.18473136 662.99627728
v -0.00000000 -41.09207005 662.86036809
v -0.00000000 -41.01340137 662.71590817
v -0.00000000 -40.94950718 662.56433324
v -0.00000000 -40.90102248 662.40714971
v -0.00000000 -40.86842914 662.24591974
v -0.00000000 -40.85205108 662.08224571
v -0.00000000 -40.85205108 661.91775429
v -0.00000000 -40.86842914 661.75408026
v -0.00000000 -40.90102248 661.59285029
v -0.00000000 -40.94950718 661.43566676
v -0.00000000 -41.01340137 661.28409183
v -0.00000000 -41.09207005 661.13963191
v -0.00000000 -41.18473136 661.00372272
v -0.00000000 -41.29046441 660.87771498
v -0.00000000 -41.40821837 660.76286102
v -0.00000000 -41.53682294 660.66030229
v -0.00000000 -41.67500000 660.57105808
v -0.00000000 -41.82137628 660.49601534
v -0.00000000 -41.97449703 660.43591988
v -0.00000000 -42.13284046 660.39136894
v -0.00000000 -42.29483289 660.36280531
v -0.00000000 -42.45886436 660.35051285
v -0.00000000 -42.62330465 660.35461373
v -0.00000000 -42.78651949 660.37506721
v -0.00000000 -42.94688677 660.41166999
v -0.00000000 -43.10281269 660.46405831
v -0.00000000 -43.25274758 660.53171152
v -0.00000000 -43.39520134 660.61395723
v -0.00000000 -43.52875817 660.70997805
v -0.00000000 -43.65209075 660.81881970
v -0.00000000 -43.76397333 660.93940044
v -0.00000000 -43.86329398 661.07052190
v -0.00000000 -43.94906560 661.21088094
v -0.00000000 -44.02043575 661.35908259
v -0.00000000 -44.07669513 661.51365396
v -0.00000000 -44.11728460 661.67305886
v -0.00000000 -44.14180078 661.83571305
v -6.25000000 -93.00000000 625.50000000
v -6.21894235 -93.00000000 624.87770096
v -6.12607805 -93.00000000 624.26158661
v -5.97233004 -93.00000000 623.65778016
v -5.75922632 -93.00000000 623.07228252
v -5.48888483 -93.00000000 622.51091263
v -5.16399234 -93.00000000 621.97924964
v -4.78777777 -93.00000000 621.48257744
v -4.36398011 -93.00000000 621.02583219
v -3.89681126 -93.00000000 620.61355323
v -3.39091415 -93.00000000 620.24983798
v -2.85131661 -93.00000000 619.93830119
v -2.28338140 -93.00000000 619.68203907
v -1.69275293 -93.00000000 619.48359846
v -1.08530111 -93.00000000 619.34495154
v -0.46706308 -93.00000000 619.26747627
v 0.15581682 -93.00000000 619.25194261
v 0.77714815 -93.00000000 619.29850496
v 1.39075584 -93.00000000 619.40670055
v 1.99054156 -93.00000000 619.57545409
v 2.57054439 -93.00000000 619.80308842
v 3.12500000 -93.00000000 620.08734123
v 3.64839795 -93.00000000 620.42538746
v 4.13553648 -93.00000000 620.81386748
v 4.58157420 -93.00000000 621.24892039
v 4.98207817 -93.00000000 621.72622244
v 5.33306801 -93.00000000 622.24102998
v 5.63105542 -93.00000000 622.78822663
v 5.87307888 -93.00000000 623.36237410
v 6.05673304 -93.00000000 623.95776626
v 6.18019266 -93.00000000 624.56848584
v 6.24223076 -93.00000000 625.18846321
v 6.24223076 -93.00000000 625.81153679
v 6.18019266 -93.00000000 626.43151416
v 6.05673304 -93.00000000 627.04223374
v 5.87307888 -93.00000000 627.63762590
v 5.63105542 -93.00000000 628.21177337
v 5.33306801 -93.00000000 628.75897002
v 4.98207817 -93.00000000 629.27377756
v 4.58157420 -93.00000000 629.75107961
v 4.13553648 -93.00000000 630.18613252
v 3.64839795 -93.00000000 630.57461254
v 3.12500000 -93.00000000 630.91265877
v 2.57054439 -93.00000000 631.19691158
v 1.99054156 -93.00000000 631.42454591
v 1.39075584 -93.00000000 631.59329945
v 0.77714815 -93.00000000 631.70149504
v 0.15581682 -93.00000000 631.74805739
v -0.46706308 -93.00000000 631.73252373
v -1.08530111 -93.00000000 631.65504846
v -1.69275293 -93.00000000 631.51640154
v -2.28338140 -93.00000000 631.31796093
v -2.85131661 -93.00000000 631.06169881
v -3.39091415 -93.00000000 630.75016202
v -3.89681126 -93.00000000 630.38644677
v -4.36398011 -93.00000000 629.97416781
v -4.78777777 -93.00000000 629.51742256
v -5.16399234 -93.00000000 629.02075036
v -5.48888483 -93.00000000 628.48908737
v -5.75922632 -93.00000000 627.92771748
v -5.97233004 -93.00000000 627.34221984
v -6.12607805 -93.00000000 626.73841339
v -6.21894235 -93.00000000 626.12229904
v -5.00000000 -93.00000000 625.50000000
v -4.97515388 -93.00000000 625.99783923
v -4.90086244 -93.00000000 626.49073072
v -4.77786403 -93.00000000 626.97377587
v -4.60738106 -93.00000000 627.44217398
v -4.39110787 -93.00000000 627.89126989
v -4.13119387 -93.00000000 628.31660029
v -3.83022222 -93.00000000 628.71393805
v -3.49118409 -93.00000000 629.07933425
v -3.11744901 -93.00000000 629.40915741
v -2.71273132 -93.00000000 629.70012962
v -2.28105329 -93.00000000 629.94935904
v -1.82670512 -93.00000000 630.15436874
v -1.35420234 -93.00000000 630.31312123
v -0.86824089 -93.00000000 630.42403877
v -0.37365047 -93.00000000 630.48601899
v 0.12465346 -93.00000000 630.49844591
v 0.62171852 -93.00000000 630.46119603
v 1.11260467 -93.00000000 630.37463956
v 1.59243325 -93.00000000 630.23963673
v 2.05643552 -93.00000000 630.05752926
v 2.50000000 -93.00000000 629.83012702
v 2.91871836 -93.00000000 629.55969003
v 3.30842919 -93.00000000 629.24890601
v 3.66525936 -93.00000000 628.90086369
v 3.98566254 -93.00000000 628.51902205
v 4.26645441 -93.00000000 628.10717602
v 4.50484434 -93.00000000 627.66941870
v 4.69846310 -93.00000000 627.21010072
v 4.84538643 -93.00000000 626.73378699
v 4.94415413 -93.00000000 626.24521133
v 4.99378461 -93.00000000 625.74922943
v 4.99378461 -93.00000000 625.25077057
v 4.94415413 -93.00000000 624.75478867
v 4.84538643 -93.00000000 624.26621301
v 4.69846310 -93.00000000 623.78989928
v 4.50484434 -93.00000000 623.33058130
v 4.26645441 -93.00000000 622.89282398
v 3.98566254 -93.00000000 622.48097795
v 3.66525936 -93.00000000 622.09913631
v 3.30842919 -93.00000000 621.75109399
v 2.91871836 -93.00000000 621.44030997
v 2.50000000 -93.00000000 621.16987298
v 2.05643552 -93.00000000 620.94247074
v 1.59243325 -93.00000000 620.76036327
v 1.11260467 -93.00000000 620.62536044
v 0.62171852 -93.00000000 620.53880397
v 0.12465346 -93.00000000 620.50155409
v -0.37365047 -93.00000000 620.51398101
v -0.86824089 -93.00000000 620.57596123
v -1.35420234 -93.00000000 620.68687877
v -1.82670512 -93.00000000 620.84563126
v -2.28105329 -93.00000000 621.05064096
v -2.71273132 -93.00000000 621.29987038
v -3.11744901 -93.00000000 621.59084259
v -3.49118409 -93.00000000 621.92066575
v -3.83022222 -93.00000000 622.28606195
v -4.13119387 -93.00000000 622.68339971
v -4.39110787 -93.00000000 623.10873011
v -4.60738106 -93.00000000 623.55782602
v -4.77786403 -93.00000000 624.02622413
v -4.90086244 -93.00000000 624.50926928
v -4.97515388 -93.00000000 625.00216077
v -5.00000000 -87.00000763 625.50000000
v -4.97515388 -87.00000763 625.99783923
v -4.90086244 -87.00000763 626.49073072
v -4.77786403 -87.00000763 626.97377587
v -4.60738106 -87.00000763 627.44217398
v -4.39110787 -87.00000763 627.89126989
v -4.13119387 -87.00000763 628.31660029
v -3.83022222 -87.00000763 628.71393805
v -3.49118409 -87.00000763 629.07933425
v -3.11744901 -87.00000763 629.40915741
v -2.71273132 -87.00000763 629.70012962
v -2.28105329 -87.00000763 629.94935904
v -1.82670512 -87.00000763 630.15436874
v -1.35420234 -87.00000763 630.31312123
v -0.86824089 -87.00000763 630.42403877
v -0.37365047 -87.00000763 630.48601899
v 0.12465346 -87.00000763 630.49844591
v 0.62171852 -87.00000763 630.46119603
v 1.11260467 -87.00000763 630.37463956
v 1.59243325 -87.00000763 630.23963673
v 2.05643552 -87.00000763 630.05752926
v 2.50000000 -87.00000763 629.83012702
v 2.91871836 -87.00000763 629.55969003
v 3.30842919 -87.00000763 629.24890601
v 3.66525936 -87.00000763 628.90086369
v 3.98566254 -87.00000763 628.51902205
v 4.26645441 -87.00000763 628.10717602
v 4.50484434 -87.00000763 627.66941870
v 4.69846310 -87.00000763 627.21010072
v 4.84538643 -87.00000763 626.73378699
v 4.94415413 -87.00000763 626.24521133
v 4.99378461 -87.00000763 625.74922943
v 4.99378461 -87.00000763 625.25077057
v 4.94415413 -87.00000763 624.75478867
v 4.84538643 -87.00000763 624.26621301
v 4.69846310 -87.00000763 623.78989928
v 4.50484434 -87.00000763 623.33058130
v 4.26645441 -87.00000763 622.89282398
v 3.98566254 -87.00000763 622.48097795
v 3.66525936 -87.00000763 622.09913631
v 3.30842919 -87.00000763 621.75109399
v 2.91871836 -87.00000763 621.44030997
v 2.50000000 -87.00000763 621.16987298
v 2.05643552 -87.00000763 620.94247074
v 1.59243325 -87.00000763 620.76036327
v 1.11260467 -87.00000763 620.62536044
v 0.62171852 -87.00000763 620.53880397
v 0.12465346 -87.00000763 620.50155409
v -0.37365047 -87.00000763 620.51398101
v -0.86824089 -87.00000763 620.57596123
v -1.35420234 -87.00000763 620.68687877
v -1.82670512 -87.00000763 620.84563126
v -2.28105329 -87.00000763 621.05064096
v -2.71273132 -87.00000763 621.29987038
v -3.11744901 -87.00000763 621.59084259
v -3.49118409 -87.00000763 621.92066575
v -3.83022222 -87.00000763 622.28606195
v -4.13119387 -87.00000763 622.68339971
v -4.39110787 -87.00000763 623.10873011
v -4.60738106 -87.00000763 623.55782602
v -4.77786403 -87.00000763 624.02622413
v -4.90086244 -87.00000763 624.50926928
v -4.97515388 -87.00000763 625.00216077
v 16.70000000 -28.69676430 664.19999859
v 16.70000000 -28.69676430 659.79999859
v 16.70000000 -36.69676430 664.19999859
v 16.70000000 -36.69676430 659.79999859
v 16.56247568 -28.69676430 665.14999859
v 16.63864346 -28.69676430 664.83821814
v 16.68462559 -28.69676430 664.52057963
v 10.13752432 -28.69676430 665.14999859
v 10.24386346 -28.59517854 665.45475586
v 10.37903868 -28.49747566 665.74786449
v 10.54179506 -28.40456270 666.02660338
v 10.73062165 -28.31730222 666.28838483
v 10.94376545 -28.23650430 666.53077857
v 11.17924773 -28.16291905 666.75153432
v 11.43488237 -28.09722960 666.94860269
v 11.70829616 -28.04004578 667.12015415
v 11.99695085 -27.99189846 667.26459612
v 12.26755874 -27.95666331 667.37030156
v 12.51812560 -27.93174067 667.44506946
v 12.77376071 -27.91340832 667.50006651
v 13.03290661 -27.90177795 667.53495763
v 13.29398443 -27.89692042 667.54953024
v 13.55540353 -27.89886531 667.54369556
v 13.81557119 -27.90760079 667.51748913
v 14.07290232 -27.92307362 667.47107062
v 14.32582911 -27.94518955 667.40472285
v 14.57281058 -27.97381382 667.31885003
v 14.81234198 -28.00877204 667.21397535
v 15.04296395 -28.04985123 667.09073778
v 15.26327139 -28.09680111 666.94988815
v 15.47192207 -28.14933563 666.79228459
v 15.66764477 -28.20713472 666.61888733
v 15.84924703 -28.26984623 666.43075278
v 16.01562243 -28.33708810 666.22902719
v 16.16575731 -28.40845064 666.01493957
v 16.29873696 -28.48349907 665.78979428
v 16.41375119 -28.56177615 665.55496304
v 16.49463909 -28.62847137 665.35487738
v 10.00000000 -28.69676430 664.19999859
v 10.01537441 -28.69676430 664.52057963
v 10.06135654 -28.69676430 664.83821814
v 10.00000000 -36.69676430 664.19999859
v 16.68386883 -36.69676430 664.52835601
v 16.63563069 -36.69676430 664.85355117
v 16.55575012 -36.69676430 665.17245226
v 16.44499643 -36.69676430 665.48198809
v 16.30443624 -36.69676430 665.77917766
v 16.13542320 -36.69676430 666.06115887
v 15.93958502 -36.69676430 666.32521609
v 15.71880772 -36.69676430 666.56880631
v 15.47521750 -36.69676430 666.78958361
v 15.21116028 -36.69676430 666.98542179
v 14.92917907 -36.69676430 667.15443483
v 14.63198950 -36.69676430 667.29499503
v 14.32245367 -36.69676430 667.40574872
v 14.00355258 -36.69676430 667.48562928
v 13.67835742 -36.69676430 667.53386743
v 13.35000000 -36.69676430 667.54999859
v 13.02164258 -36.69676430 667.53386743
v 12.69644742 -36.69676430 667.48562928
v 12.37754633 -36.69676430 667.40574872
v 12.06801050 -36.69676430 667.29499503
v 11.77082093 -36.69676430 667.15443483
v 11.48883972 -36.69676430 666.98542179
v 11.22478250 -36.69676430 666.78958361
v 10.98119228 -36.69676430 666.56880631
v 10.76041498 -36.69676430 666.32521609
v 10.56457680 -36.69676430 666.06115887
v 10.39556376 -36.69676430 665.77917766
v 10.25500357 -36.69676430 665.48198809
v 10.14424988 -36.69676430 665.17245226
v 10.06436931 -36.69676430 664.85355117
v 10.01613117 -36.69676430 664.52835601
v 10.00000000 -28.69676430 659.79999859
v 10.00000000 -36.69676430 659.79999859
v 16.68462559 -28.69676430 659.47941755
v 16.63864346 -28.69676430 659.16177904
v 16.56247568 -28.69676430 658.84999859
v 10.01613117 -36.69676430 659.47164117
v 10.06436931 -36.69676430 659.14644601
v 10.14424988 -36.69676430 658.82754492
v 10.25500357 -36.69676430 658.51800909
v 10.39556376 -36.69676430 658.22081952
v 10.56457680 -36.69676430 657.93883831
v 10.76041498 -36.69676430 657.67478109
v 10.98119228 -36.69676430 657.43119087
v 11.22478250 -36.69676430 657.21041357
v 11.48883972 -36.69676430 657.01457539
v 11.77082093 -36.69676430 656.84556236
v 12.06801050 -36.69676430 656.70500216
v 12.37754633 -36.69676430 656.59424847
v 12.69644742 -36.69676430 656.51436790
v 13.02164258 -36.69676430 656.46612976
v 13.35000000 -36.69676430 656.44999859
v 13.67835742 -36.69676430 656.46612976
v 14.00355258 -36.69676430 656.51436790
v 14.32245367 -36.69676430 656.59424847
v 14.63198950 -36.69676430 656.70500216
v 14.92917907 -36.69676430 656.84556236
v 15.21116028 -36.69676430 657.01457539
v 15.47521750 -36.69676430 657.21041357
v 15.71880772 -36.69676430 657.43119087
v 15.93958502 -36.69676430 657.67478109
v 16.13542320 -36.69676430 657.93883831
v 16.30443624 -36.69676430 658.22081952
v 16.44499643 -36.69676430 658.51800909
v 16.55575012 -36.69676430 658.82754492
v 16.63563069 -36.69676430 659.14644601
v 16.68386883 -36.69676430 659.47164117
v 10.13752432 -28.69676430 658.84999859
v 10.06135654 -28.69676430 659.16177904
v 10.01537441 -28.69676430 659.47941755
v 16.45613654 -28.59517854 658.54524132
v 16.32096132 -28.49747566 658.25213269
v 16.15820494 -28.40456270 657.97339381
v 15.96937835 -28.31730222 657.71161236
v 15.75623455 -28.23650430 657.46921861
v 15.52075227 -28.16291905 657.24846286
v 15.26511763 -28.09722960 657.05139450
v 14.99170384 -28.04004578 656.87984303
v 14.70304915 -27.99189846 656.73540107
v 14.43244126 -27.95666331 656.62969562
v 14.18187440 -27.93174067 656.55492772
v 13.92623929 -27.91340832 656.49993067
v 13.66709339 -27.90177795 656.46503955
v 13.40601557 -27.89692042 656.45046694
v 13.14459647 -27.89886531 656.45630163
v 12.88442881 -27.90760079 656.48250805
v 12.62709768 -27.92307362 656.52892656
v 12.37417089 -27.94518955 656.59527434
v 12.12718942 -27.97381382 656.68114716
v 11.88765802 -28.00877204 656.78602183
v 11.65703605 -28.04985123 656.90925940
v 11.43672861 -28.09680111 657.05010903
v 11.22807793 -28.14933563 657.20771259
v 11.03235523 -28.20713472 657.38110986
v 10.85075297 -28.26984623 657.56924440
v 10.68437757 -28.33708810 657.77096999
v 10.53424269 -28.40845064 657.98505761
v 10.40126304 -28.48349907 658.21020290
v 10.28624881 -28.56177615 658.44503415
v 10.20536091 -28.62847137 658.64511980
v -0.60000000 -28.69676430 658.84999859
v -0.61264513 -28.61475026 658.60395647
v -0.65044727 -28.53360045 658.36050704
v -0.71300808 -28.45417000 658.12221569
v -0.79966831 -28.37729591 657.89159342
v -0.90951478 -28.30378825 657.67107045
v -1.02724900 -28.24115073 657.48315789
v -1.14764065 -28.18808793 657.32396949
v -1.28084287 -28.13854304 657.17533482
v -1.42593446 -28.09285871 657.03828181
v -1.58191200 -28.05135087 656.91375831
v -1.74769677 -28.01430660 656.80262549
v -1.92214225 -27.98198207 656.70565192
v -2.10404198 -27.95460085 656.62350825
v -2.29213800 -27.93235229 656.55676258
v -2.48512946 -27.91539027 656.50587651
v -2.68168167 -27.90383209 656.47120195
v -2.88043531 -27.89775767 656.45297872
v -3.08001584 -27.89720904 656.45133282
v -3.27904299 -27.90218999 656.46627566
v -3.47614034 -27.91266606 656.49770389
v -3.66994478 -27.92856482 656.54540015
v -3.85911601 -27.94977630 656.60903459
v -4.04234576 -27.97615381 656.68816712
v -4.21836683 -28.00751493 656.78225047
v -4.38596190 -28.04364277 656.89063400
v -4.54397192 -28.08428747 657.01256812
v -4.69130411 -28.12916796 657.14720958
v -4.82693955 -28.17797384 657.29362721
v -4.94994022 -28.23036757 657.45080842
v -5.05945546 -28.28598682 657.61766616
v -5.15472789 -28.34444693 657.79304650
v -5.23509861 -28.40534360 657.97573651
v -5.30001181 -28.46825569 658.16447276
v -5.34901855 -28.53274810 658.35794999
v -5.38177992 -28.59837481 658.55483013
v -5.39544065 -28.64747592 658.70213345
v -5.40000000 -28.69676430 658.84999859
v -6.70000000 -28.69676430 658.84999859
v -6.70000000 -27.69676430 655.84999859
v 18.10000000 -27.69676430 655.84999859
v 18.10000000 -28.69676430 658.84999859
v -0.60000000 -28.69676430 665.14999859
v -0.60000000 -29.69676430 665.14999859
v -0.61155666 -29.69676430 665.38523973
v -0.64611533 -29.69676430 665.61821536
v -0.70334319 -29.69676430 665.84668182
v -0.78268912 -29.69676430 666.06843883
v -0.88338897 -29.69676430 666.28135076
v -1.00447293 -29.69676430 666.48336715
v -1.14477491 -29.69676430 666.67254247
v -1.30294373 -29.69676430 666.84705487
v -1.47745612 -29.69676430 667.00522368
v -1.66663144 -29.69676430 667.14552566
v -1.86864783 -29.69676430 667.26660963
v -2.08155976 -29.69676430 667.36730947
v -2.30331677 -29.69676430 667.44665540
v -2.53178323 -29.69676430 667.50388326
v -2.76475886 -29.69676430 667.53844194
v -3.00000000 -29.69676430 667.54999859
v -3.23524114 -29.69676430 667.53844194
v -3.46821677 -29.69676430 667.50388326
v -3.69668323 -29.69676430 667.44665540
v -3.91844024 -29.69676430 667.36730947
v -4.13135217 -29.69676430 667.26660963
v -4.33336856 -29.69676430 667.14552566
v -4.52254388 -29.69676430 667.00522368
v -4.69705627 -29.69676430 666.84705487
v -4.85522509 -29.69676430 666.67254247
v -4.99552707 -29.69676430 666.48336715
v -5.11661103 -29.69676430 666.28135076
v -5.21731088 -29.69676430 666.06843883
v -5.29665681 -29.69676430 665.84668182
v -5.35388467 -29.69676430 665.61821536
v -5.38844334 -29.69676430 665.38523973
v -5.40000000 -29.69676430 665.14999859
v -5.40000000 -29.69676430 658.84999859
v -5.38844334 -29.69676430 658.61475745
v -5.35388467 -29.69676430 658.38178182
v -5.29665681 -29.69676430 658.15331537
v -5.21731088 -29.69676430 657.93155835
v -5.11661103 -29.69676430 657.71864642
v -4.99552707 -29.69676430 657.51663003
v -4.85522509 -29.69676430 657.32745471
v -4.69705627 -29.69676430 657.15294232
v -4.52254388 -29.69676430 656.99477350
v -4.33336856 -29.69676430 656.85447152
v -4.13135217 -29.69676430 656.73338756
v -3.91844024 -29.69676430 656.63268771
v -3.69668323 -29.69676430 656.55334179
v -3.46821677 -29.69676430 656.49611392
v -3.23524114 -29.69676430 656.46155525
v -3.00000000 -29.69676430 656.44999859
v -2.76475886 -29.69676430 656.46155525
v -2.53178323 -29.69676430 656.49611392
v -2.30331677 -29.69676430 656.55334179
v -2.08155976 -29.69676430 656.63268771
v -1.86864783 -29.69676430 656.73338756
v -1.66663144 -29.69676430 656.85447152
v -1.47745612 -29.69676430 656.99477350
v -1.30294373 -29.69676430 657.15294232
v -1.14477491 -29.69676430 657.32745471
v -1.00447293 -29.69676430 657.51663003
v -0.88338897 -29.69676430 657.71864642
v -0.78268912 -29.69676430 657.93155835
v -0.70334319 -29.69676430 658.15331537
v -0.64611533 -29.69676430 658.38178182
v -0.61155666 -29.69676430 658.61475745
v -0.60000000 -29.69676430 658.84999859
v -2.80000000 -29.69676430 657.84999859
v -2.70198286 -29.69676430 657.85481386
v -2.60490968 -29.69676430 657.86921331
v -2.50971532 -29.69676430 657.89305826
v -2.41731657 -29.69676430 657.92611906
v -2.32860326 -29.69676430 657.96807733
v -2.24442977 -29.69676430 658.01852898
v -2.16560672 -29.69676430 658.07698814
v -2.09289322 -29.69676430 658.14289181
v -2.02698955 -29.69676430 658.21560531
v -1.96853039 -29.69676430 658.29442836
v -1.91807874 -29.69676430 658.37860185
v -1.87612047 -29.69676430 658.46731516
v -1.84305966 -29.69676430 658.55971391
v -1.81921472 -29.69676430 658.65490827
v -1.80481527 -29.69676430 658.75198145
v -1.80000000 -29.69676430 658.84999859
v -3.20000000 -29.69676430 657.84999859
v -4.20000000 -29.69676430 658.84999859
v -4.19518473 -29.69676430 658.75198145
v -4.18078528 -29.69676430 658.65490827
v -4.15694034 -29.69676430 658.55971391
v -4.12387953 -29.69676430 658.46731516
v -4.08192126 -29.69676430 658.37860185
v -4.03146961 -29.69676430 658.29442836
v -3.97301045 -29.69676430 658.21560531
v -3.90710678 -29.69676430 658.14289181
v -3.83439328 -29.69676430 658.07698814
v -3.75557023 -29.69676430 658.01852898
v -3.67139674 -29.69676430 657.96807733
v -3.58268343 -29.69676430 657.92611906
v -3.49028468 -29.69676430 657.89305826
v -3.39509032 -29.69676430 657.86921331
v -3.29801714 -29.69676430 657.85481386
v -4.20000000 -29.69676430 665.14999859
v -3.20000000 -29.69676430 666.14999859
v -3.29801714 -29.69676430 666.14518332
v -3.39509032 -29.69676430 666.13078387
v -3.49028468 -29.69676430 666.10693893
v -3.58268343 -29.69676430 666.07387812
v -3.67139674 -29.69676430 666.03191986
v -3.75557023 -29.69676430 665.98146820
v -3.83439328 -29.69676430 665.92300904
v -3.90710678 -29.69676430 665.85710537
v -3.97301045 -29.69676430 665.78439188
v -4.03146961 -29.69676430 665.70556882
v -4.08192126 -29.69676430 665.62139533
v -4.12387953 -29.69676430 665.53268202
v -4.15694034 -29.69676430 665.44028327
v -4.18078528 -29.69676430 665.34508891
v -4.19518473 -29.69676430 665.24801573
v -2.80000000 -29.69676430 666.14999859
v -1.80000000 -29.69676430 665.14999859
v -1.80481527 -29.69676430 665.24801573
v -1.81921472 -29.69676430 665.34508891
v -1.84305966 -29.69676430 665.44028327
v -1.87612047 -29.69676430 665.53268202
v -1.91807874 -29.69676430 665.62139533
v -1.96853039 -29.69676430 665.70556882
v -2.02698955 -29.69676430 665.78439188
v -2.09289322 -29.69676430 665.85710537
v -2.16560672 -29.69676430 665.92300904
v -2.24442977 -29.69676430 665.98146820
v -2.32860326 -29.69676430 666.03191986
v -2.41731657 -29.69676430 666.07387812
v -2.50971532 -29.69676430 666.10693893
v -2.60490968 -29.69676430 666.13078387
v -2.70198286 -29.69676430 666.14518332
v -5.40000000 -28.69676430 665.14999859
v -5.38735487 -28.61475026 665.39604071
v -5.34955273 -28.53360045 665.63949014
v -5.28699192 -28.45417000 665.87778150
v -5.20033169 -28.37729591 666.10840376
v -5.09048522 -28.30378825 666.32892673
v -4.97275100 -28.24115073 666.51683929
v -4.85235935 -28.18808793 666.67602770
v -4.71915713 -28.13854304 666.82466236
v -4.57406554 -28.09285871 666.96171537
v -4.41808800 -28.05135087 667.08623887
v -4.25230323 -28.01430660 667.19737170
v -4.07785775 -27.98198207 667.29434527
v -3.89595802 -27.95460085 667.37648893
v -3.70786200 -27.93235229 667.44323460
v -3.51487054 -27.91539027 667.49412067
v -3.31831833 -27.90383209 667.52879523
v -3.11956469 -27.89775767 667.54701847
v -2.91998416 -27.89720904 667.54866436
v -2.72095701 -27.90218999 667.53372152
v -2.52385966 -27.91266606 667.50229330
v -2.33005522 -27.92856482 667.45459704
v -2.14088399 -27.94977630 667.39096260
v -1.95765424 -27.97615381 667.31183007
v -1.78163317 -28.00751493 667.21774671
v -1.61403810 -28.04364277 667.10936318
v -1.45602808 -28.08428747 666.98742906
v -1.30869589 -28.12916796 666.85278760
v -1.17306045 -28.17797384 666.70636997
v -1.05005978 -28.23036757 666.54918877
v -0.94054454 -28.28598682 666.38233102
v -0.84527211 -28.34444693 666.20695069
v -0.76490139 -28.40534360 666.02426067
v -0.69998819 -28.46825569 665.83552442
v -0.65098145 -28.53274810 665.64204720
v -0.61822008 -28.59837481 665.44516706
v -0.60455935 -28.64747592 665.29786373
v -1.80000000 -36.69676430 665.14999859
v -1.80000000 -36.69676430 658.84999859
v -2.80000000 -36.69676430 666.14999859
v -1.80481527 -36.69676430 665.24801573
v -1.81921472 -36.69676430 665.34508891
v -1.84305966 -36.69676430 665.44028327
v -1.87612047 -36.69676430 665.53268202
v -1.91807874 -36.69676430 665.62139533
v -1.96853039 -36.69676430 665.70556882
v -2.02698955 -36.69676430 665.78439188
v -2.09289322 -36.69676430 665.85710537
v -2.16560672 -36.69676430 665.92300904
v -2.24442977 -36.69676430 665.98146820
v -2.32860326 -36.69676430 666.03191986
v -2.41731657 -36.69676430 666.07387812
v -2.50971532 -36.69676430 666.10693893
v -2.60490968 -36.69676430 666.13078387
v -2.70198286 -36.69676430 666.14518332
v -3.20000000 -36.69676430 666.14999859
v -4.20000000 -36.69676430 665.14999859
v -3.29801714 -36.69676430 666.14518332
v -3.39509032 -36.69676430 666.13078387
v -3.49028468 -36.69676430 666.10693893
v -3.58268343 -36.69676430 666.07387812
v -3.67139674 -36.69676430 666.03191986
v -3.75557023 -36.69676430 665.98146820
v -3.83439328 -36.69676430 665.92300904
v -3.90710678 -36.69676430 665.85710537
v -3.97301045 -36.69676430 665.78439188
v -4.03146961 -36.69676430 665.70556882
v -4.08192126 -36.69676430 665.62139533
v -4.12387953 -36.69676430 665.53268202
v -4.15694034 -36.69676430 665.44028327
v -4.18078528 -36.69676430 665.34508891
v -4.19518473 -36.69676430 665.24801573
v -6.70000000 -28.69676430 665.14999859
v 18.10000000 -28.69676430 665.14999859
v 18.10000000 -27.69676430 668.14999859
v -6.70000000 -27.69676430 668.14999859
v -4.20000000 -36.69676430 658.84999859
v -2.80000000 -36.69676430 657.84999859
v -2.70198286 -36.69676430 657.85481386
v -2.60490968 -36.69676430 657.86921331
v -2.50971532 -36.69676430 657.89305826
v -2.41731657 -36.69676430 657.92611906
v -2.32860326 -36.69676430 657.96807733
v -2.24442977 -36.69676430 658.01852898
v -2.16560672 -36.69676430 658.07698814
v -2.09289322 -36.69676430 658.14289181
v -2.02698955 -36.69676430 658.21560531
v -1.96853039 -36.69676430 658.29442836
v -1.91807874 -36.69676430 658.37860185
v -1.87612047 -36.69676430 658.46731516
v -1.84305966 -36.69676430 658.55971391
v -1.81921472 -36.69676430 658.65490827
v -1.80481527 -36.69676430 658.75198145
v -3.20000000 -36.69676430 657.84999859
v -4.19518473 -36.69676430 658.75198145
v -4.18078528 -36.69676430 658.65490827
v -4.15694034 -36.69676430 658.55971391
v -4.12387953 -36.69676430 658.46731516
v -4.08192126 -36.69676430 658.37860185
v -4.03146961 -36.69676430 658.29442836
v -3.97301045 -36.69676430 658.21560531
v -3.90710678 -36.69676430 658.14289181
v -3.83439328 -36.69676430 658.07698814
v -3.75557023 -36.69676430 658.01852898
v -3.67139674 -36.69676430 657.96807733
v -3.58268343 -36.69676430 657.92611906
v -3.49028468 -36.69676430 657.89305826
v -3.39509032 -36.69676430 657.86921331
v -3.29801714 -36.69676430 657.85481386
v -6.70000000 -22.29676430 665.14999859
v -6.70000000 -23.29676430 668.14999859
v 18.10000000 -23.29676430 668.14999859
v 18.10000000 -22.29676430 665.14999859
v -6.70000000 -22.29676430 658.84999859
v 18.10000000 -22.29676430 658.84999859
v 18.10000000 -23.29676430 655.84999859
v -6.70000000 -23.29676430 655.84999859
f 3 4 19
f 3 19 18
f 4 5 20
f 4 20 19
f 5 6 21
f 5 21 20
f 6 7 23
f 6 23 22
f 6 22 21
f 135 136 145
f 136 137 144
f 136 144 145
f 138 141 137
f 141 140 137
f 1 16 15
f 1 2 16
f 31 1 15
f 130 149 150
f 131 132 148
f 131 148 149
f 132 147 148
f 132 133 147
f 133 146 147
f 133 134 146
f 134 145 146
f 134 135 145
f 7 25 24
f 7 24 23
f 8 9 27
f 8 27 26
f 8 26 25
f 2 3 18
f 113 112 163
f 112 111 114
f 112 114 163
f 114 115 161
f 114 162 163
f 114 161 162
f 115 116 160
f 115 160 161
f 116 117 160
f 117 118 159
f 117 159 160
f 118 119 158
f 118 158 159
f 119 120 157
f 119 157 158
f 120 121 156
f 102 103 170
f 103 169 170
f 103 104 169
f 104 168 169
f 104 105 168
f 105 167 168
f 105 106 167
f 106 166 167
f 106 107 166
f 107 108 166
f 108 109 165
f 108 165 166
f 110 113 109
f 109 113 163
f 109 164 165
f 109 163 164
f 92 93 176
f 93 94 176
f 94 175 176
f 94 95 175
f 96 99 95
f 95 174 175
f 95 99 174
f 99 98 174
f 98 97 100
f 98 173 174
f 98 100 173
f 100 172 173
f 100 101 172
f 101 171 172
f 101 102 171
f 102 170 171
f 72 71 183
f 71 70 183
f 70 69 183
f 183 69 182
f 85 86 181
f 86 87 180
f 86 180 181
f 87 88 180
f 88 89 179
f 88 179 180
f 89 90 178
f 89 178 179
f 90 91 178
f 91 92 177
f 91 177 178
f 92 176 177
f 67 68 184
f 79 82 83
f 82 81 83
f 81 80 83
f 68 78 184
f 184 78 183
f 83 84 69
f 78 77 183
f 77 76 183
f 76 75 183
f 75 74 183
f 74 73 183
f 73 72 183
f 84 182 69
f 84 85 181
f 84 181 182
f 59 60 192
f 192 60 191
f 60 61 191
f 191 61 190
f 61 62 190
f 190 62 189
f 62 63 189
f 189 63 188
f 63 64 188
f 188 64 187
f 64 65 187
f 187 65 186
f 65 66 186
f 186 66 185
f 66 67 185
f 185 67 184
f 47 53 196
f 53 52 196
f 52 51 196
f 196 49 195
f 196 51 50
f 196 50 49
f 49 48 195
f 48 56 195
f 56 55 195
f 195 54 194
f 195 55 54
f 54 57 194
f 57 58 194
f 194 58 193
f 58 59 193
f 193 59 192
f 37 200 201
f 37 38 200
f 38 39 200
f 39 199 200
f 39 40 199
f 40 41 198
f 40 198 199
f 41 42 198
f 42 43 197
f 42 197 198
f 43 47 197
f 43 10 47
f 9 46 10
f 46 45 10
f 45 44 10
f 197 47 196
f 210 2 1
f 69 79 83
f 44 47 10
f 139 207 142
f 207 206 32
f 207 32 142
f 206 205 32
f 32 204 142
f 32 203 204
f 32 33 203
f 33 34 203
f 34 202 203
f 34 35 202
f 35 36 202
f 36 201 202
f 36 37 201
f 210 29 28
f 28 213 214
f 28 212 213
f 28 211 212
f 44 45 208
f 45 46 209
f 45 209 208
f 46 9 209
f 9 8 209
f 8 7 209
f 7 6 210
f 7 210 209
f 6 5 210
f 5 4 210
f 4 3 210
f 210 3 2
f 234 218 219
f 233 232 217
f 233 217 218
f 232 231 217
f 231 230 216
f 231 216 217
f 230 229 215
f 230 215 216
f 229 83 80
f 229 80 215
f 208 209 28
f 208 28 214
f 209 210 28
f 210 1 31
f 210 31 30
f 210 30 29
f 243 242 225
f 242 241 224
f 242 224 225
f 241 240 223
f 241 223 224
f 240 239 223
f 239 238 222
f 239 222 223
f 238 237 221
f 238 221 222
f 237 236 221
f 236 235 220
f 236 220 221
f 235 234 219
f 235 219 220
f 234 233 218
f 222 81 223
f 216 215 80
f 223 82 224
f 223 81 82
f 224 82 225
f 225 82 226
f 226 82 245
f 226 245 227
f 82 79 245
f 227 247 248
f 227 246 247
f 227 245 246
f 228 244 226
f 228 226 227
f 244 243 225
f 244 225 226
f 261 281 280
f 262 263 281
f 263 264 282
f 263 282 281
f 264 265 283
f 264 283 282
f 265 266 283
f 266 95 283
f 266 96 95
f 219 80 220
f 219 218 80
f 220 81 221
f 220 80 81
f 218 217 80
f 221 81 222
f 217 216 80
f 253 273 272
f 254 255 274
f 254 274 273
f 255 256 275
f 255 275 274
f 256 257 276
f 256 276 275
f 257 258 277
f 257 277 276
f 258 259 278
f 258 278 277
f 259 260 279
f 259 279 278
f 260 261 280
f 260 280 279
f 261 262 281
f 287 252 251
f 287 251 250
f 287 250 249
f 284 285 267
f 285 286 267
f 286 249 267
f 249 268 267
f 249 250 268
f 250 269 268
f 250 251 269
f 251 270 269
f 251 252 270
f 252 253 272
f 252 272 271
f 252 271 270
f 253 254 273
f 99 287 288
f 96 260 287
f 96 266 265
f 96 265 264
f 96 264 263
f 96 263 262
f 96 262 261
f 96 261 260
f 260 259 287
f 259 258 287
f 258 257 287
f 287 257 256
f 287 256 255
f 287 255 254
f 287 254 253
f 287 253 252
f 299 289 300
f 295 97 289
f 295 294 97
f 300 289 301
f 294 293 97
f 301 289 302
f 293 292 97
f 292 291 97
f 302 289 303
f 303 289 304
f 97 98 289
f 304 289 305
f 305 289 290
f 98 99 288
f 98 288 289
f 99 96 287
f 476 470 473
f 464 472 471
f 464 465 472
f 433 432 438
f 433 438 437
f 433 437 436
f 473 470 474
f 474 470 475
f 475 470 469
f 472 465 468
f 472 468 467
f 472 467 466
f 297 289 298
f 297 296 289
f 298 289 299
f 296 295 289
f 481 459 460
f 480 460 461
f 480 461 479
f 479 462 478
f 479 461 462
f 428 431 435
f 439 433 436
f 439 434 433
f 431 430 435
f 430 429 435
f 478 462 463
f 478 463 477
f 477 463 464
f 477 464 476
f 476 471 470
f 476 464 471
f 426 427 440
f 427 428 435
f 427 434 439
f 427 439 440
f 427 435 434
f 486 454 455
f 486 455 485
f 485 456 484
f 485 455 456
f 484 456 457
f 484 457 483
f 483 458 482
f 483 457 458
f 482 458 459
f 482 459 481
f 481 460 480
f 422 423 444
f 422 444 445
f 423 424 443
f 423 443 444
f 424 442 443
f 424 425 442
f 509 502 505
f 509 505 504
f 509 504 503
f 488 452 453
f 488 453 487
f 425 426 441
f 425 441 442
f 487 453 454
f 487 454 486
f 426 440 441
f 512 507 506
f 415 416 451
f 416 417 450
f 416 450 451
f 417 418 449
f 417 449 450
f 418 448 449
f 418 419 448
f 419 447 448
f 419 420 447
f 420 421 446
f 420 446 447
f 508 501 509
f 421 422 445
f 421 445 446
f 501 502 509
f 519 495 496
f 518 497 517
f 518 496 497
f 517 498 516
f 517 497 498
f 516 499 515
f 516 498 499
f 515 500 514
f 515 499 500
f 514 501 513
f 514 500 501
f 513 501 508
f 513 507 510
f 513 508 507
f 510 507 511
f 511 507 512
f 214 213 402
f 525 489 490
f 525 490 524
f 213 212 402
f 524 490 491
f 524 491 523
f 212 211 402
f 523 491 492
f 523 492 522
f 522 492 493
f 522 493 521
f 521 493 494
f 521 494 520
f 520 494 495
f 520 495 519
f 519 496 518
f 594 595 409
f 594 409 410
f 600 404 599
f 600 403 404
f 595 596 408
f 595 408 409
f 599 405 598
f 599 404 405
f 596 597 407
f 596 407 408
f 598 406 597
f 598 405 406
f 597 406 407
f 395 394 402
f 394 393 402
f 393 214 402
f 542 396 395
f 542 395 604
f 590 591 413
f 590 413 414
f 604 402 603
f 604 395 402
f 591 592 412
f 591 412 413
f 603 402 602
f 592 411 412
f 592 593 411
f 602 402 601
f 593 594 410
f 593 410 411
f 601 403 600
f 601 402 403
f 546 401 400
f 545 399 544
f 545 400 399
f 544 398 543
f 544 399 398
f 543 398 397
f 543 397 542
f 589 488 489
f 589 489 525
f 589 451 452
f 589 452 488
f 589 525 526
f 589 414 415
f 589 590 414
f 589 415 451
f 542 397 396
f 313 314 531
f 313 531 532
f 548 392 547
f 318 589 526
f 318 526 527
f 318 527 317
f 314 315 530
f 314 530 531
f 317 528 316
f 317 527 528
f 315 316 529
f 315 529 530
f 316 528 529
f 547 401 546
f 547 392 401
f 546 400 545
f 322 585 586
f 322 586 321
f 388 387 386
f 310 311 534
f 310 534 535
f 549 392 548
f 321 587 320
f 321 586 587
f 311 312 533
f 311 533 534
f 320 587 588
f 320 588 319
f 312 313 532
f 312 532 533
f 319 588 589
f 319 589 318
f 376 391 390
f 376 390 385
f 376 385 384
f 551 384 550
f 324 583 584
f 324 584 323
f 308 309 536
f 390 389 385
f 323 584 585
f 323 585 322
f 550 384 392
f 550 392 549
f 309 310 535
f 309 535 536
f 389 386 385
f 389 388 386
f 554 378 553
f 378 377 553
f 327 580 581
f 327 581 326
f 553 377 552
f 377 384 552
f 377 376 384
f 326 581 582
f 326 582 325
f 306 537 538
f 306 307 537
f 552 384 551
f 325 582 583
f 325 583 324
f 307 536 537
f 307 308 536
f 331 577 330
f 331 576 577
f 331 575 576
f 331 574 575
f 330 577 578
f 330 578 329
f 379 378 554
f 379 554 555
f 289 539 541
f 289 541 540
f 289 540 290
f 289 538 539
f 329 578 579
f 329 579 328
f 328 579 580
f 328 580 327
f 248 247 331
f 338 573 339
f 247 246 331
f 246 245 331
f 339 574 331
f 339 573 574
f 339 331 340
f 245 341 331
f 340 331 341
f 249 286 287
f 286 285 287
f 285 284 287
f 284 306 287
f 287 306 288
f 288 538 289
f 288 306 538
f 364 382 381
f 364 381 365
f 368 367 556
f 368 556 557
f 365 381 380
f 365 380 366
f 335 570 571
f 335 571 336
f 367 555 556
f 367 366 555
f 366 380 379
f 366 379 555
f 336 571 572
f 336 572 337
f 337 572 573
f 337 573 338
f 332 568 569
f 332 567 568
f 332 566 567
f 371 559 560
f 371 370 559
f 362 383 363
f 362 375 383
f 333 569 570
f 333 570 334
f 370 558 559
f 370 369 558
f 363 383 382
f 363 382 364
f 334 570 335
f 369 368 557
f 369 557 558
f 357 565 566
f 357 566 332
f 357 356 565
f 356 564 565
f 356 563 564
f 356 355 563
f 358 375 359
f 359 375 360
f 355 372 561
f 355 562 563
f 355 561 562
f 360 375 361
f 372 371 560
f 372 560 561
f 361 375 362
f 332 569 333
f 32 205 622
f 373 374 358
f 374 375 358
f 347 349 348
f 347 346 345
f 347 345 343
f 347 343 349
f 349 352 351
f 349 351 350
f 349 343 342
f 349 342 352
f 345 344 343
f 343 357 342
f 352 342 354
f 352 354 353
f 342 357 332
f 613 612 629
f 613 629 630
f 612 611 628
f 612 628 629
f 611 610 627
f 611 627 628
f 610 609 626
f 610 626 627
f 609 608 625
f 609 625 626
f 608 607 624
f 608 624 625
f 607 606 623
f 607 623 624
f 606 32 622
f 606 622 623
f 605 429 430
f 621 636 429
f 621 620 636
f 620 635 636
f 620 619 635
f 619 618 634
f 619 634 635
f 618 617 634
f 617 616 633
f 617 633 634
f 616 615 632
f 616 632 633
f 615 614 631
f 615 631 632
f 614 613 630
f 614 630 631
f 643 642 659
f 643 659 660
f 642 641 658
f 642 658 659
f 641 640 657
f 641 657 658
f 640 639 656
f 640 656 657
f 639 128 655
f 639 655 656
f 128 125 655
f 428 427 605
f 427 637 605
f 605 621 429
f 605 431 428
f 605 430 431
f 652 667 668
f 651 650 667
f 650 649 666
f 650 666 667
f 649 648 665
f 649 665 666
f 648 647 664
f 648 664 665
f 647 646 663
f 647 663 664
f 646 645 662
f 646 662 663
f 645 644 661
f 645 661 662
f 644 643 660
f 644 660 661
f 685 686 704
f 685 704 703
f 686 687 704
f 687 137 704
f 687 138 137
f 465 464 638
f 464 670 638
f 638 654 466
f 638 468 465
f 638 467 468
f 638 466 467
f 654 669 466
f 654 653 669
f 653 668 669
f 653 652 668
f 652 651 667
f 676 696 695
f 677 678 697
f 677 697 696
f 678 679 698
f 678 698 697
f 679 680 699
f 679 699 698
f 680 681 700
f 680 700 699
f 681 682 701
f 681 701 700
f 682 683 702
f 682 702 701
f 683 684 702
f 684 685 703
f 684 703 702
f 437 438 688
f 438 432 688
f 432 689 688
f 432 671 689
f 671 690 689
f 671 672 690
f 672 691 690
f 672 673 691
f 673 674 693
f 673 693 692
f 673 692 691
f 674 675 694
f 674 694 693
f 675 676 695
f 675 695 694
f 676 677 696
f 138 685 684
f 138 684 683
f 138 683 682
f 138 682 681
f 681 680 433
f 680 679 433
f 679 678 433
f 433 678 677
f 433 677 676
f 433 676 675
f 433 675 674
f 433 674 673
f 433 673 672
f 433 672 671
f 433 671 432
f 436 437 688
f 623 622 205
f 633 435 634
f 634 435 635
f 205 206 435
f 635 435 636
f 636 435 429
f 206 207 435
f 207 139 434
f 207 434 435
f 139 140 434
f 140 141 433
f 140 433 434
f 141 138 433
f 138 681 433
f 138 687 686
f 138 686 685
f 719 720 738
f 719 738 737
f 720 721 738
f 721 123 738
f 721 124 123
f 628 435 629
f 628 627 435
f 629 435 630
f 627 626 435
f 630 435 631
f 626 625 205
f 626 205 435
f 631 435 632
f 625 624 205
f 632 435 633
f 624 623 205
f 710 730 729
f 711 712 731
f 711 731 730
f 712 713 732
f 712 732 731
f 713 714 733
f 713 733 732
f 714 715 734
f 714 734 733
f 715 716 735
f 715 735 734
f 716 717 736
f 716 736 735
f 717 718 736
f 718 719 737
f 718 737 736
f 474 475 722
f 475 469 722
f 469 723 722
f 469 705 723
f 705 724 723
f 705 706 724
f 706 725 724
f 706 707 725
f 707 708 727
f 707 727 726
f 707 726 725
f 708 709 728
f 708 728 727
f 709 710 729
f 709 729 728
f 710 711 730
f 124 719 718
f 124 718 717
f 124 717 716
f 124 716 715
f 715 714 470
f 714 713 470
f 713 712 470
f 470 712 711
f 470 711 710
f 470 710 709
f 470 709 708
f 470 708 707
f 470 707 706
f 470 706 705
f 470 705 469
f 473 474 722
f 658 657 125
f 665 472 666
f 657 656 125
f 656 655 125
f 666 472 667
f 667 472 668
f 125 126 472
f 668 472 669
f 669 472 466
f 126 127 471
f 126 471 472
f 127 124 470
f 127 470 471
f 124 715 470
f 124 721 720
f 124 720 719
f 743 759 760
f 742 741 758
f 742 758 759
f 741 740 757
f 741 757 758
f 740 114 756
f 740 756 757
f 114 111 756
f 661 472 662
f 661 660 472
f 662 472 663
f 660 659 472
f 663 472 664
f 659 125 472
f 659 658 125
f 664 472 665
f 751 767 768
f 750 749 766
f 750 766 767
f 749 748 765
f 749 765 766
f 748 747 764
f 748 764 765
f 747 746 763
f 747 763 764
f 746 745 762
f 746 762 763
f 745 744 761
f 745 761 762
f 744 743 760
f 744 760 761
f 743 742 759
f 507 774 773
f 507 773 772
f 507 772 771
f 507 771 506
f 739 755 503
f 739 505 502
f 739 504 505
f 739 503 504
f 755 770 503
f 755 754 770
f 754 769 770
f 754 753 769
f 753 752 768
f 753 768 769
f 752 751 768
f 751 750 767
f 113 110 507
f 113 507 508
f 110 781 507
f 110 787 786
f 110 786 785
f 110 785 784
f 110 784 783
f 110 783 782
f 110 782 781
f 781 780 507
f 780 779 507
f 779 778 507
f 507 778 777
f 507 777 776
f 507 776 775
f 507 775 774
f 761 760 509
f 764 509 765
f 760 111 509
f 760 759 111
f 765 509 766
f 759 758 111
f 766 509 767
f 758 757 111
f 757 756 111
f 767 509 768
f 768 509 769
f 111 112 509
f 769 509 770
f 770 509 503
f 112 113 508
f 112 508 509
f 780 800 799
f 781 782 801
f 781 801 800
f 782 783 802
f 782 802 801
f 783 784 802
f 784 785 803
f 784 803 802
f 785 786 804
f 785 804 803
f 786 787 804
f 787 109 804
f 787 110 109
f 762 509 763
f 762 761 509
f 763 509 764
f 773 774 793
f 773 793 792
f 773 792 791
f 774 775 794
f 774 794 793
f 775 776 795
f 775 795 794
f 776 777 796
f 776 796 795
f 777 778 797
f 777 797 796
f 778 779 798
f 778 798 797
f 779 780 799
f 779 799 798
f 780 781 800
f 808 807 293
f 808 293 294
f 807 806 292
f 807 292 293
f 806 100 291
f 806 291 292
f 100 97 291
f 510 511 788
f 511 512 788
f 512 506 788
f 506 789 788
f 506 771 789
f 771 790 789
f 771 772 790
f 772 791 790
f 772 773 791
f 816 815 301
f 816 301 302
f 815 814 300
f 815 300 301
f 814 813 299
f 814 299 300
f 813 812 298
f 813 298 299
f 812 811 297
f 812 297 298
f 811 810 296
f 811 296 297
f 810 809 295
f 810 295 296
f 809 808 294
f 809 294 295
f 831 828 823
f 539 538 805
f 538 822 805
f 805 821 290
f 805 541 539
f 805 540 541
f 805 290 540
f 821 305 290
f 821 820 305
f 820 304 305
f 820 819 304
f 819 818 303
f 819 303 304
f 818 817 303
f 817 816 302
f 817 302 303
f 900 841 842
f 901 838 840
f 901 840 841
f 838 839 840
f 823 828 836
f 823 836 837
f 835 826 827
f 834 826 835
f 833 825 826
f 834 833 826
f 832 825 833
f 830 824 825
f 832 830 825
f 829 830 832
f 831 823 824
f 830 831 824
f 892 849 850
f 893 848 849
f 893 894 848
f 894 847 848
f 894 895 847
f 895 896 846
f 895 846 847
f 896 897 845
f 896 845 846
f 897 898 844
f 897 844 845
f 898 899 843
f 898 843 844
f 899 900 842
f 899 842 843
f 900 901 841
f 884 857 858
f 885 886 856
f 885 856 857
f 886 887 855
f 886 855 856
f 887 888 854
f 887 854 855
f 888 889 853
f 888 853 854
f 889 890 852
f 889 852 853
f 890 891 851
f 890 851 852
f 891 892 850
f 891 850 851
f 892 893 849
f 876 865 866
f 877 878 864
f 877 864 865
f 878 879 863
f 878 863 864
f 879 880 862
f 879 862 863
f 880 881 861
f 880 861 862
f 881 882 860
f 881 860 861
f 882 883 859
f 882 859 860
f 883 884 858
f 883 858 859
f 884 885 857
f 906 839 838
f 905 904 839
f 904 903 839
f 903 902 839
f 836 871 837
f 871 872 870
f 871 870 837
f 872 873 869
f 872 869 870
f 873 874 868
f 873 868 869
f 874 875 867
f 874 867 868
f 875 876 866
f 875 866 867
f 876 877 865
f 919 918 900
f 919 900 899
f 918 917 901
f 918 901 900
f 917 908 838
f 917 838 901
f 908 909 906
f 908 906 838
f 906 909 907
f 909 910 911
f 909 911 907
f 911 910 912
f 912 910 913
f 913 910 914
f 914 910 915
f 906 905 839
f 927 892 891
f 927 926 892
f 926 893 892
f 926 925 893
f 925 894 893
f 925 924 894
f 924 895 894
f 924 923 895
f 923 922 896
f 923 896 895
f 922 921 897
f 922 897 896
f 921 920 898
f 921 898 897
f 920 919 899
f 920 899 898
f 935 934 884
f 935 884 883
f 934 933 885
f 934 885 884
f 933 932 886
f 933 886 885
f 932 931 887
f 932 887 886
f 931 930 888
f 931 888 887
f 930 929 889
f 930 889 888
f 929 928 890
f 929 890 889
f 928 927 891
f 928 891 890
f 943 942 876
f 943 876 875
f 942 941 877
f 942 877 876
f 941 940 878
f 941 878 877
f 940 939 879
f 940 879 878
f 939 938 880
f 939 880 879
f 938 937 881
f 938 881 880
f 937 936 882
f 937 882 881
f 936 935 883
f 936 883 882
f 949 830 950
f 949 831 830
f 949 948 831
f 948 828 831
f 948 916 828
f 828 916 836
f 916 947 871
f 916 871 836
f 947 946 872
f 947 872 871
f 946 945 873
f 946 873 872
f 945 944 874
f 945 874 873
f 944 943 875
f 944 875 874
f 955 954 994
f 954 996 994
f 954 1004 996
f 954 1003 1004
f 954 1002 1003
f 953 1001 1002
f 954 953 1002
f 953 1000 1001
f 953 999 1000
f 953 998 999
f 952 997 998
f 953 952 998
f 951 829 997
f 952 951 997
f 950 829 951
f 950 830 829
f 961 960 984
f 960 986 985
f 959 987 986
f 960 959 986
f 959 988 987
f 958 989 988
f 959 958 988
f 958 990 989
f 957 991 990
f 958 957 990
f 957 992 991
f 956 993 992
f 957 956 992
f 955 994 993
f 956 955 993
f 996 995 994
f 967 966 974
f 966 976 975
f 965 977 976
f 966 965 976
f 964 978 977
f 965 964 977
f 963 979 978
f 964 963 978
f 962 980 979
f 963 962 979
f 962 981 980
f 961 982 981
f 962 961 981
f 961 983 982
f 961 984 983
f 960 985 984
f 1001 1034 1035
f 1001 1000 1034
f 1000 1033 1034
f 1000 1032 1033
f 1000 999 1032
f 998 1030 999
f 998 1029 1030
f 999 1031 1032
f 999 1030 1031
f 968 970 969
f 968 971 970
f 968 972 971
f 967 973 972
f 968 967 972
f 967 974 973
f 966 975 974
f 1041 1040 1016
f 1040 1015 1016
f 1040 1014 1015
f 1040 1013 1014
f 1040 1012 1013
f 1040 1011 1012
f 1040 1010 1011
f 1040 1009 1010
f 996 1004 1039
f 1039 1004 1038
f 1004 1003 1038
f 1038 1003 1037
f 1003 1002 1037
f 1037 1002 1036
f 1002 1035 1036
f 1002 1001 1035
f 1043 1005 1042
f 1043 1021 1022
f 1043 1020 1021
f 1043 827 1005
f 1043 1042 1020
f 1042 1041 1018
f 1042 1007 1041
f 1042 1019 1020
f 1042 1018 1019
f 1042 1006 1007
f 1042 1005 1006
f 1041 1009 1040
f 1041 1017 1018
f 1041 1016 1017
f 1041 1008 1009
f 1041 1007 1008
f 1048 1027 1028
f 1048 1029 998
f 1048 997 1046
f 1048 1046 1027
f 1048 998 997
f 1047 827 1044
f 1047 835 827
f 1046 1045 1026
f 1046 1026 1027
f 1045 1044 1024
f 1045 1025 1026
f 1045 1024 1025
f 1044 827 1043
f 1044 1043 1022
f 1044 1023 1024
f 1044 1022 1023
f 1053 1013 1012
f 1051 833 1050
f 1051 1050 997
f 1051 832 833
f 1051 829 832
f 1051 997 829
f 1050 834 1049
f 1050 1049 1046
f 1050 1046 997
f 1050 833 834
f 1049 835 1047
f 1049 1045 1046
f 1049 1047 1044
f 1049 834 835
f 1049 1044 1045
f 1048 1028 1029
f 1072 1073 1089
f 1074 1087 1088
f 1073 1074 1088
f 1075 1086 1087
f 1074 1075 1087
f 1076 1085 1086
f 1075 1076 1086
f 1077 1084 1085
f 1076 1077 1085
f 1078 1083 1084
f 1077 1078 1084
f 1079 1082 1083
f 1078 1079 1083
f 1080 1081 1082
f 1079 1080 1082
f 1052 1053 1012
f 1064 1065 1097
f 1066 1095 1096
f 1065 1066 1096
f 1067 1094 1095
f 1066 1067 1095
f 1068 1093 1094
f 1067 1068 1094
f 1068 1069 1093
f 1069 1092 1093
f 1069 1070 1092
f 1070 1091 1092
f 1070 1071 1091
f 1071 1090 1091
f 1072 1089 1090
f 1071 1072 1090
f 1073 1088 1089
f 1056 1057 1105
f 1058 1103 1104
f 1057 1058 1104
f 1059 1102 1103
f 1058 1059 1103
f 1060 1101 1102
f 1059 1060 1102
f 1061 1100 1101
f 1060 1061 1101
f 1062 1099 1100
f 1061 1062 1100
f 1063 1098 1099
f 1062 1063 1099
f 1064 1097 1098
f 1063 1064 1098
f 1065 1096 1097
f 913 1114 1115
f 1114 914 1113
f 914 915 1112
f 914 1112 1113
f 1112 915 1111
f 915 910 1110
f 915 1110 1111
f 1110 910 1109
f 910 1108 1109
f 1052 1107 1053
f 1055 1106 1107
f 1054 1055 1107
f 1052 1054 1107
f 1056 1105 1106
f 1055 1056 1106
f 1057 1104 1105
f 1143 1142 1122
f 1143 1123 1124
f 1143 1122 1123
f 1142 911 1120
f 1142 907 911
f 1142 1121 1122
f 1142 1120 1121
f 906 907 905
f 911 912 1117
f 911 1119 1120
f 911 1118 1119
f 911 1117 1118
f 912 913 1115
f 912 1116 1117
f 912 1115 1116
f 913 914 1114
f 1148 1141 1146
f 1148 1146 1128
f 1148 1140 1141
f 1148 1139 1140
f 1148 1129 1130
f 1148 1128 1129
f 1147 1145 1142
f 1147 1142 1143
f 1146 1141 902
f 1146 1127 1128
f 1146 1126 1127
f 1146 1144 1126
f 1145 907 1142
f 1144 1143 1124
f 1144 1125 1126
f 1144 1124 1125
f 1152 1132 1133
f 1152 1150 1132
f 1151 1146 902
f 1151 903 1149
f 1151 902 903
f 1151 1149 1144
f 1151 1144 1146
f 1150 1139 1148
f 1150 1148 1130
f 1150 1138 1139
f 1150 1137 1138
f 1150 1131 1132
f 1150 1130 1131
f 1149 1147 1143
f 1149 1143 1144
f 1149 903 1147
f 1177 1178 1061
f 1177 1061 1060
f 1178 1062 1061
f 1153 1145 1147
f 1153 904 905
f 1153 903 904
f 1153 1147 903
f 1153 907 1145
f 1153 905 907
f 1152 1137 1150
f 1152 1136 1137
f 1152 1135 1136
f 1152 1080 1135
f 1152 1081 1080
f 1152 1134 1081
f 1152 1133 1134
f 1173 1174 1057
f 1173 1057 1056
f 1182 1065 1181
f 1182 1066 1065
f 1174 1175 1058
f 1174 1058 1057
f 1181 1064 1180
f 1181 1065 1064
f 1175 1176 1059
f 1175 1059 1058
f 1180 1063 1179
f 1180 1064 1063
f 1176 1177 1060
f 1176 1060 1059
f 1179 1062 1178
f 1179 1063 1062
f 1170 1054 1052
f 1185 1068 1184
f 1185 1069 1068
f 1171 1172 1055
f 1171 1055 1054
f 1184 1067 1183
f 1184 1068 1067
f 1172 1173 1056
f 1172 1056 1055
f 1183 1066 1182
f 1183 1067 1066
f 826 1009 1008
f 826 1008 1007
f 826 1007 1006
f 826 1006 1005
f 826 1005 827
f 1190 1074 1073
f 1166 1052 1012
f 1166 1167 1052
f 1189 1073 1072
f 1189 1072 1188
f 1167 1168 1052
f 825 1009 826
f 1188 1071 1187
f 1188 1072 1071
f 1168 1169 1052
f 1187 1070 1186
f 1187 1071 1070
f 1169 1170 1052
f 1186 1070 1069
f 1186 1069 1185
f 1170 1171 1054
f 1160 1010 1009
f 1161 1011 1010
f 1161 1162 1011
f 1194 1077 1193
f 1162 1012 1011
f 1162 1163 1012
f 1193 1077 1076
f 1193 1076 1192
f 1163 1164 1012
f 1192 1075 1191
f 1192 1076 1075
f 1164 1165 1012
f 1191 1075 1074
f 1191 1074 1190
f 1165 1166 1012
f 1190 1073 1189
f 1214 1215 823
f 1215 1216 823
f 1216 1154 823
f 1154 1155 823
f 1079 1078 1195
f 1155 1156 823
f 1156 1157 824
f 1156 824 823
f 1157 1158 824
f 1158 1159 825
f 1158 825 824
f 1159 1160 825
f 1078 1077 1194
f 1078 1194 1195
f 1160 1161 1010
f 1160 1009 825
f 1140 1201 1202
f 1140 1139 1201
f 1139 1138 1200
f 1139 1200 1201
f 1138 1137 1199
f 1138 1199 1200
f 1137 1136 1198
f 1137 1198 1199
f 1136 1135 1197
f 1136 1197 1198
f 1135 1080 1196
f 1135 1196 1197
f 1080 1079 1195
f 1080 1195 1196
f 1212 1213 823
f 1213 1214 823
f 1244 837 1243
f 1238 1239 837
f 1243 837 1242
f 1239 1240 837
f 1242 837 1241
f 1240 1241 837
f 902 1209 1210
f 902 1208 1209
f 902 1207 1208
f 902 1206 1207
f 902 1205 1206
f 902 1204 1205
f 902 1203 1204
f 902 1202 1203
f 902 1141 1202
f 1141 1140 1202
f 1231 1232 870
f 1231 870 869
f 1250 823 1249
f 1232 837 870
f 1232 1233 837
f 1249 823 1248
f 1233 1234 837
f 1248 823 1247
f 1234 1235 837
f 1247 823 1246
f 1235 1236 837
f 1246 823 1245
f 1236 1237 837
f 1245 823 1244
f 1237 1238 837
f 1244 823 837
f 862 1224 863
f 1224 1225 863
f 863 1225 864
f 1225 1226 864
f 1226 865 864
f 1226 1227 865
f 1227 866 865
f 1227 1228 866
f 1228 867 866
f 1228 1229 867
f 1229 1230 868
f 1229 868 867
f 1252 823 1251
f 1230 1231 869
f 1230 869 868
f 1251 823 1250
f 839 1211 1212
f 839 1210 1211
f 839 902 1210
f 856 1218 857
f 856 1217 1218
f 857 1218 1219
f 857 1219 858
f 858 1219 1220
f 858 1220 859
f 859 1221 860
f 859 1220 1221
f 860 1222 861
f 860 1221 1222
f 861 1222 1223
f 861 1223 862
f 862 1223 1224
f 855 1217 856
f 839 1212 823
f 839 823 1252
f 839 1264 1265
f 839 1263 1264
f 839 1262 1263
f 839 1261 1262
f 839 1260 1261
f 839 1259 1260
f 839 1258 1259
f 839 1257 1258
f 839 1256 1257
f 839 1255 1256
f 839 1254 1255
f 839 1253 1254
f 839 1252 1253
f 851 1277 852
f 851 1276 1277
f 843 1268 1269
f 843 842 1268
f 842 1267 1268
f 842 841 1267
f 852 1278 853
f 852 1277 1278
f 853 1279 854
f 853 1278 1279
f 841 840 1266
f 841 1266 1267
f 840 1265 1266
f 840 839 1265
f 854 1217 855
f 854 1279 1217
f 995 996 1039
f 847 1272 1273
f 847 846 1272
f 847 1273 848
f 848 1274 849
f 848 1273 1274
f 846 1271 1272
f 846 845 1271
f 849 1275 850
f 849 1274 1275
f 845 844 1270
f 845 1270 1271
f 850 1275 1276
f 850 1276 851
f 844 1269 1270
f 844 843 1269
f 1292 1031 1030
f 1292 1030 1029
f 1293 1294 1032
f 1293 1032 1031
f 1294 1295 1033
f 1294 1033 1032
f 1295 1296 1034
f 1295 1034 1033
f 1296 1297 1036
f 1296 1036 1035
f 1296 1035 1034
f 1297 1298 1037
f 1297 1037 1036
f 1037 1298 1038
f 1298 995 1039
f 1298 1039 1038
f 1285 1020 1019
f 1286 1287 1022
f 1286 1022 1021
f 1287 1024 1023
f 1287 1023 1022
f 1287 1288 1024
f 1288 1289 1025
f 1288 1025 1024
f 1289 1290 1026
f 1289 1026 1025
f 1290 1291 1028
f 1290 1028 1027
f 1290 1027 1026
f 1291 1292 1029
f 1291 1029 1028
f 1292 1293 1031
f 1294 1293 995
f 1293 1292 995
f 1292 1291 995
f 1280 1281 1014
f 1280 1014 1013
f 1281 1282 1015
f 1281 1015 1014
f 1282 1283 1016
f 1282 1016 1015
f 1283 1284 1018
f 1283 1018 1017
f 1283 1017 1016
f 1284 1285 1019
f 1284 1019 1018
f 1285 1286 1021
f 1285 1021 1020
f 1286 1285 1301
f 1285 1284 1301
f 1280 1300 1301
f 994 995 1301
f 1284 1283 1280
f 1283 1282 1280
f 1282 1281 1280
f 995 1287 1286
f 995 1288 1287
f 995 1289 1288
f 995 1290 1289
f 995 1291 1290
f 1298 1297 995
f 1297 1296 995
f 1296 1295 995
f 1295 1294 995
f 1114 1113 1306
f 1114 1306 1307
f 1113 1112 1306
f 1112 1111 1305
f 1112 1305 1306
f 1111 1110 1304
f 1111 1304 1305
f 1110 1109 1304
f 1109 1303 1304
f 1109 1108 1303
f 993 1302 1299
f 992 993 1299
f 994 1301 1302
f 993 994 1302
f 1284 1280 1301
f 995 1286 1301
f 1124 1123 1313
f 1123 1312 1313
f 1123 1122 1312
f 1122 1121 1312
f 1121 1120 1311
f 1121 1311 1312
f 1120 1119 1310
f 1120 1310 1311
f 1119 1118 1310
f 1118 1117 1309
f 1118 1309 1310
f 1117 1116 1308
f 1117 1308 1309
f 1116 1115 1308
f 1115 1114 1307
f 1115 1307 1308
f 1133 1319 1320
f 1133 1132 1319
f 1132 1131 1319
f 1131 1318 1319
f 1131 1130 1318
f 1130 1317 1318
f 1130 1129 1317
f 1129 1128 1317
f 1128 1316 1317
f 1128 1127 1316
f 1127 1315 1316
f 1127 1126 1315
f 1126 1314 1315
f 1126 1125 1314
f 1125 1124 1314
f 1124 1313 1314
f 1342 1343 1101
f 1344 1103 1102
f 1343 1344 1102
f 1345 1104 1103
f 1344 1345 1103
f 1346 1105 1104
f 1345 1346 1104
f 1347 1106 1105
f 1346 1347 1105
f 1348 1107 1106
f 1347 1348 1106
f 1348 1322 1107
f 1322 1053 1107
f 1081 1134 1321
f 1134 1320 1321
f 1134 1133 1320
f 1334 1335 1093
f 1335 1336 1094
f 1336 1095 1094
f 1337 1096 1095
f 1336 1337 1095
f 1337 1338 1096
f 1338 1097 1096
f 1338 1339 1097
f 1339 1098 1097
f 1340 1099 1098
f 1339 1340 1098
f 1341 1100 1099
f 1340 1341 1099
f 1342 1101 1100
f 1341 1342 1100
f 1343 1102 1101
f 1326 1327 1085
f 1328 1087 1086
f 1327 1328 1086
f 1329 1088 1087
f 1328 1329 1087
f 1330 1089 1088
f 1329 1330 1088
f 1331 1090 1089
f 1330 1331 1089
f 1332 1091 1090
f 1331 1332 1090
f 1333 1092 1091
f 1332 1333 1091
f 1334 1093 1092
f 1333 1334 1092
f 1335 1094 1093
f 1352 1323 1349
f 1352 1321 1320
f 1352 1320 1319
f 1352 1319 1318
f 1350 1082 1081
f 1321 1351 1081
f 1351 1350 1081
f 1324 1083 1082
f 1350 1349 1082
f 1349 1323 1082
f 1323 1324 1082
f 1325 1084 1083
f 1324 1325 1083
f 1326 1085 1084
f 1325 1326 1084
f 1327 1086 1085
f 1304 1314 1313
f 1304 1313 1312
f 1304 1312 1311
f 1304 1311 1310
f 1304 1310 1309
f 1304 1309 1308
f 1304 1308 1307
f 1304 1307 1306
f 1304 1306 1305
f 1314 1352 1315
f 1315 1352 1316
f 1316 1352 1317
f 1317 1352 1318
f 1352 1351 1321
f 1352 1350 1351
f 1352 1349 1350
f 1360 1375 1376
f 1361 1362 1374
f 1361 1374 1375
f 1362 1363 1373
f 1362 1373 1374
f 1363 1364 1372
f 1363 1372 1373
f 1364 1365 1371
f 1364 1371 1372
f 1365 1366 1370
f 1365 1370 1371
f 1366 1367 1369
f 1366 1369 1370
f 1367 1368 1369
f 1367 373 1368
f 1304 1352 1314
f 1303 1353 1383
f 1353 1354 1382
f 1353 1382 1383
f 1354 1355 1381
f 1354 1381 1382
f 1355 1356 1380
f 1355 1380 1381
f 1356 1357 1379
f 1356 1379 1380
f 1357 1358 1378
f 1357 1378 1379
f 1358 1359 1377
f 1358 1377 1378
f 1359 1360 1376
f 1359 1376 1377
f 1360 1361 1375
f 1408 1397 1398
f 1408 1396 1397
f 1407 1406 1401
f 1407 1402 1403
f 1407 1401 1402
f 1406 1400 1401
f 1406 1399 1400
f 1406 1384 1399
f 1389 1388 1387
f 1389 1385 1388
f 1389 1387 1384
f 1389 1384 1385
f 1388 1386 1387
f 1388 1385 1386
f 1304 1303 1352
f 1303 1383 1352
f 1411 1393 1394
f 1411 1392 1393
f 1411 1391 1392
f 1410 1406 1407
f 1410 1396 1408
f 1410 1408 1406
f 1410 1395 1396
f 1410 1394 1395
f 1409 1407 1403
f 1409 1405 1390
f 1409 1404 1405
f 1409 1403 1404
f 1409 1390 1391
f 1408 1384 1406
f 1408 1385 1384
f 1408 1398 1385
f 1421 964 965
f 1421 968 1413
f 1420 1416 1417
f 1420 1415 1416
f 1420 1414 1415
f 1420 1413 1414
f 964 1418 963
f 964 1417 1418
f 963 1418 962
f 962 1418 1419
f 1412 1390 57
f 1412 1391 1390
f 1411 1407 1409
f 1411 1394 1410
f 1411 1410 1407
f 1411 1409 1391
f 208 214 1434
f 394 395 1434
f 393 394 1434
f 214 393 1434
f 1429 1432 1433
f 1428 1429 1433
f 1427 1428 1433
f 1431 208 1432
f 1430 1431 1432
f 1429 1430 1432
f 1421 1420 1417
f 1421 1417 964
f 1421 1413 1420
f 1421 967 968
f 1421 966 967
f 1421 965 966
f 398 399 1438
f 397 398 1438
f 1425 1435 1437
f 392 1422 1437
f 1424 1425 1437
f 1423 1424 1437
f 1422 1423 1437
f 1434 395 1436
f 1433 1432 1436
f 1432 1434 1436
f 396 397 1436
f 395 396 1436
f 1427 1433 1435
f 1426 1427 1435
f 1425 1426 1435
f 1432 208 1434
f 1450 387 388
f 1449 386 387
f 1449 385 386
f 1449 384 385
f 1440 1422 384
f 384 1422 392
f 1437 1435 1439
f 1435 1438 1439
f 1438 399 1439
f 392 1437 1439
f 401 392 1439
f 400 401 1439
f 399 400 1439
f 1435 1433 1438
f 1433 1436 1438
f 1436 397 1438
f 1453 1451 1449
f 1453 1449 1450
f 1453 1445 1446
f 1453 1444 1445
f 1452 1450 389
f 1452 391 376
f 1452 390 391
f 1452 389 390
f 1452 376 1441
f 1451 384 1449
f 1451 1440 384
f 1451 1448 1440
f 1451 1447 1448
f 1451 1446 1447
f 1450 1449 387
f 1450 388 389
f 379 380 1464
f 1462 1441 1463
f 1461 1462 1463
f 1460 1461 1463
f 1441 376 1463
f 378 379 1463
f 377 378 1463
f 376 377 1463
f 1454 1444 1453
f 1454 1452 1441
f 1454 1450 1452
f 1454 1453 1450
f 1454 1443 1444
f 1454 1442 1443
f 1454 1441 1442
f 1453 1446 1451
f 1466 375 374
f 1466 1455 375
f 1458 1464 1465
f 1464 381 1465
f 375 1455 1465
f 1457 1458 1465
f 1456 1457 1465
f 1455 1456 1465
f 383 375 1465
f 382 383 1465
f 381 382 1465
f 1460 1463 1464
f 1463 379 1464
f 1459 1460 1464
f 1458 1459 1464
f 380 381 1464
f 1500 1472 1473
f 1499 1495 1498
f 1499 1498 1470
f 1499 1494 1495
f 1499 1493 1494
f 1499 1471 1472
f 1499 1470 1471
f 1498 1497 1468
f 1498 1496 1497
f 1498 1495 1496
f 1498 1469 1470
f 1498 1468 1469
f 374 1483 1466
f 1483 1482 1466
f 1497 1467 1468
f 1497 909 1467
f 1502 1489 1501
f 1502 1488 1489
f 1502 1487 1488
f 1502 1477 1478
f 1502 1476 1477
f 1501 1500 1474
f 1501 1490 1491
f 1501 1489 1490
f 1501 1475 1476
f 1501 1474 1475
f 1501 1491 1500
f 1500 1493 1499
f 1500 1499 1472
f 1500 1492 1493
f 1500 1491 1492
f 1500 1473 1474
f 1467 909 908
f 1467 908 1505
f 1504 1482 1483
f 1504 1485 1503
f 1504 1503 1480
f 1504 1484 1485
f 1504 1483 1484
f 1504 1481 1482
f 1504 1480 1481
f 1503 1502 1478
f 1503 1487 1502
f 1503 1486 1487
f 1503 1485 1486
f 1503 1479 1480
f 1503 1478 1479
f 1502 1501 1476
f 1540 943 1539
f 1539 945 1538
f 1539 1538 1509
f 1539 944 945
f 1539 943 944
f 1539 1510 1511
f 1539 1509 1510
f 1538 947 1507
f 1538 946 947
f 1538 945 946
f 1538 1508 1509
f 1538 1507 1508
f 908 917 1537
f 908 1537 1505
f 947 916 1507
f 916 1506 1507
f 1542 1541 1515
f 1542 938 939
f 1542 937 938
f 1542 1516 1517
f 1542 1515 1516
f 1541 940 941
f 1541 939 940
f 1541 941 1540
f 1541 1540 1513
f 1541 1514 1515
f 1541 1513 1514
f 1540 1539 1511
f 1540 942 943
f 1540 941 942
f 1540 1512 1513
f 1540 1511 1512
f 1545 931 932
f 1545 1522 1523
f 1545 1521 1522
f 1544 1543 1519
f 1544 935 1543
f 1544 934 935
f 1544 933 934
f 1544 1520 1521
f 1544 1519 1520
f 1543 937 1542
f 1543 1542 1517
f 1543 936 937
f 1543 935 936
f 1543 1518 1519
f 1543 1517 1518
f 1542 939 1541
f 1548 1527 1528
f 1547 1546 1525
f 1547 929 1546
f 1547 928 929
f 1547 927 928
f 1547 1526 1527
f 1547 1525 1526
f 1546 930 931
f 1546 929 930
f 1546 1545 1523
f 1546 1524 1525
f 1546 1523 1524
f 1546 931 1545
f 1545 1544 1521
f 1545 933 1544
f 1545 932 933
f 1550 1549 1531
f 1550 922 923
f 1550 921 922
f 1550 1532 1533
f 1550 1531 1532
f 1549 1548 1529
f 1549 925 1548
f 1549 924 925
f 1549 923 924
f 1549 1530 1531
f 1549 1529 1530
f 1548 927 1547
f 1548 926 927
f 1548 925 926
f 1548 1547 1527
f 1548 1528 1529
f 948 1553 916
f 1553 1506 916
f 1552 1537 917
f 1552 918 919
f 1552 917 918
f 1552 1536 1537
f 1552 1535 1536
f 1552 919 1551
f 1552 1551 1535
f 1551 920 921
f 1551 919 920
f 1551 1534 1535
f 1551 1533 1534
f 1551 1550 1533
f 1551 921 1550
f 1550 923 1549
f 1560 1561 1569
f 1559 1560 1569
f 955 956 1569
f 958 1567 1568
f 1567 1557 1568
f 1558 1559 1568
f 1557 1558 1568
f 957 958 1568
f 956 957 1568
f 961 1554 1567
f 1556 1557 1567
f 1555 1556 1567
f 1554 1555 1567
f 960 961 1567
f 959 960 1567
f 958 959 1567
f 950 951 1572
f 949 950 1572
f 948 949 1572
f 953 1570 1571
f 1570 1562 1571
f 1563 1564 1571
f 1562 1563 1571
f 952 953 1571
f 951 952 1571
f 1569 1561 1570
f 955 1569 1570
f 1561 1562 1570
f 954 955 1570
f 953 954 1570
f 1568 1559 1569
f 956 1568 1569
f 1580 1413 968
f 1579 1577 1578
f 1579 1576 1577
f 1578 1577 1413
f 1574 1573 961
f 1574 1419 1573
f 1574 961 962
f 1574 962 1419
f 1573 1554 961
f 1573 1419 1554
f 1571 1564 1572
f 951 1571 1572
f 1566 1553 1572
f 1565 1566 1572
f 1564 1565 1572
f 1553 948 1572
f 1593 1588 1589
f 1593 1582 1583
f 1592 1590 1586
f 1592 1587 1588
f 1592 1586 1587
f 1591 1584 1590
f 1591 1583 1584
f 1590 1585 1586
f 1590 1584 1585
f 1581 1579 1578
f 1581 1580 968
f 1581 1578 1580
f 1581 1576 1579
f 1581 968 1575
f 1581 1575 1576
f 1580 1578 1413
f 1599 1386 1598
f 1599 1597 1387
f 1599 1596 1597
f 1599 1387 1386
f 1598 1386 1596
f 1595 1594 1576
f 1595 1587 1594
f 1595 1575 1587
f 1595 1576 1575
f 1594 1586 1576
f 1594 1587 1586
f 1593 1591 1590
f 1593 1592 1588
f 1593 1583 1591
f 1593 1590 1592
f 1593 1589 1582
f 1607 1608 55
f 1606 1607 56
f 1605 1606 56
f 1604 54 1603
f 1604 1603 57
f 1604 57 54
f 1603 1412 57
f 1603 1602 1412
f 1603 54 1602
f 1601 1600 1583
f 1601 1597 1600
f 1601 1582 1597
f 1601 1583 1582
f 1600 1596 1583
f 1600 1597 1596
f 1599 1598 1596
f 1511 1510 1615
f 1511 1615 1616
f 1510 1509 1614
f 1510 1614 1615
f 1509 1508 1613
f 1509 1613 1614
f 1508 1507 1612
f 1508 1612 1613
f 1507 1506 1612
f 1612 1506 1611
f 1610 1505 1609
f 1610 1467 1505
f 55 1602 54
f 1605 56 48
f 56 1607 55
f 1608 1602 55
f 1519 1623 1624
f 1519 1518 1623
f 1518 1622 1623
f 1518 1517 1622
f 1517 1621 1622
f 1517 1516 1621
f 1516 1620 1621
f 1516 1515 1620
f 1515 1619 1620
f 1515 1514 1619
f 1514 1513 1618
f 1514 1618 1619
f 1513 1512 1617
f 1513 1617 1618
f 1512 1511 1616
f 1512 1616 1617
f 1527 1631 1632
f 1527 1526 1631
f 1526 1630 1631
f 1526 1525 1630
f 1525 1629 1630
f 1525 1524 1629
f 1524 1628 1629
f 1524 1523 1628
f 1523 1627 1628
f 1523 1522 1627
f 1522 1626 1627
f 1522 1521 1626
f 1521 1625 1626
f 1521 1520 1625
f 1520 1624 1625
f 1520 1519 1624
f 1535 1534 1639
f 1535 1639 1640
f 1534 1533 1638
f 1534 1638 1639
f 1533 1532 1637
f 1533 1637 1638
f 1532 1531 1636
f 1532 1636 1637
f 1531 1530 1635
f 1531 1635 1636
f 1530 1529 1634
f 1530 1634 1635
f 1529 1528 1634
f 1634 1528 1633
f 1528 1527 1632
f 1528 1632 1633
f 1558 1647 1648
f 1557 1647 1558
f 1557 1646 1647
f 1556 1646 1557
f 1556 1645 1646
f 1555 1645 1556
f 1555 1644 1645
f 1554 1644 1555
f 1553 1643 1506
f 1643 1611 1506
f 1505 1537 1642
f 1505 1642 1609
f 1537 1536 1641
f 1537 1641 1642
f 1536 1535 1641
f 1641 1535 1640
f 1566 1655 1656
f 1565 1655 1566
f 1565 1654 1655
f 1564 1654 1565
f 1564 1653 1654
f 1563 1653 1564
f 1563 1652 1653
f 1562 1652 1563
f 1562 1651 1652
f 1561 1651 1562
f 1561 1650 1651
f 1560 1650 1561
f 1560 1649 1650
f 1559 1649 1560
f 1559 1648 1649
f 1558 1648 1559
f 1415 1663 1664
f 1416 1665 1417
f 1416 1664 1665
f 1417 1666 1418
f 1417 1665 1666
f 1418 1667 1419
f 1418 1666 1667
f 1419 1667 1657
f 1659 1644 1658
f 1659 1658 1419
f 1659 1657 1644
f 1659 1419 1657
f 1658 1644 1554
f 1658 1554 1419
f 1553 1656 1643
f 1566 1656 1553
f 1673 1583 1670
f 1673 1585 1584
f 1673 1584 1583
f 1660 1576 1586
f 1669 1414 1668
f 1669 1668 1415
f 1669 1415 1414
f 1668 1413 1661
f 1668 1663 1415
f 1668 1662 1663
f 1668 1661 1662
f 1668 1414 1413
f 1576 1660 1577
f 1577 1661 1413
f 1577 1660 1661
f 1415 1664 1416
f 1679 1386 1677
f 1679 1596 1386
f 1679 1583 1596
f 1678 1670 1583
f 1678 1677 1670
f 1676 1660 1586
f 1676 1675 1673
f 1676 1586 1675
f 1676 1673 1674
f 1676 1674 1671
f 1676 1672 1660
f 1676 1671 1672
f 1675 1585 1673
f 1675 1586 1585
f 1674 1673 1670
f 1674 1670 1671
f 1687 1395 1394
f 1688 1689 1396
f 1688 1396 1395
f 1689 1690 1397
f 1689 1397 1396
f 1690 1680 1398
f 1690 1398 1397
f 1680 1385 1398
f 1682 1681 1680
f 1682 1386 1681
f 1682 1677 1386
f 1682 1680 1677
f 1681 1385 1680
f 1681 1386 1385
f 1679 1677 1678
f 1679 1678 1583
f 1698 1699 1606
f 1700 1608 1607
f 1699 1700 1607
f 1700 1691 1608
f 1691 1602 1608
f 1691 1683 1412
f 1691 1412 1602
f 1412 1683 1391
f 1683 1684 1391
f 1684 1685 1392
f 1684 1392 1391
f 1685 1686 1393
f 1685 1393 1392
f 1686 1687 1394
f 1686 1394 1393
f 1687 1688 1395
f 1390 58 57
f 1692 53 47
f 1692 52 53
f 1693 52 1692
f 1693 51 52
f 1694 51 1693
f 1694 50 51
f 1695 49 50
f 1694 1695 50
f 1696 48 49
f 1695 1696 49
f 1697 1605 48
f 1696 1697 48
f 1698 1606 1605
f 1697 1698 1605
f 1699 1607 1606
f 1587 59 1588
f 1587 60 59
f 1588 59 1589
f 1589 59 1582
f 1582 1390 1597
f 1582 59 1390
f 1597 1390 1387
f 1387 1390 1384
f 1384 1390 1399
f 1399 1402 1400
f 1399 1390 1402
f 1400 1402 1401
f 59 58 1390
f 1402 1405 1403
f 1402 1390 1405
f 1403 1405 1404
f 1707 1719 67
f 1701 66 1702
f 1702 66 65
f 1702 65 1703
f 1703 65 969
f 969 65 64
f 969 64 63
f 969 63 62
f 969 62 968
f 1719 1721 67
f 1721 1720 67
f 1720 68 67
f 62 61 968
f 61 60 968
f 968 60 1575
f 1575 60 1587
f 1715 1714 1712
f 1715 1712 1717
f 1715 1717 1716
f 1714 1713 1712
f 1717 1712 1718
f 1712 1708 1704
f 1712 1711 1708
f 1712 1704 1718
f 1711 1710 1709
f 1711 1709 1708
f 1704 1707 1705
f 1704 1708 1707
f 1705 1707 1706
f 1706 1707 1701
f 1707 67 66
f 1707 66 1701
f 1726 75 1732
f 76 77 1732
f 75 76 1732
f 1725 1726 1732
f 78 68 1720
f 1727 74 75
f 1726 1727 75
f 1728 73 74
f 1727 1728 74
f 1729 72 73
f 1728 1729 73
f 1730 71 72
f 1729 1730 72
f 1731 70 71
f 1730 1731 71
f 1731 69 70
f 1748 1707 1708
f 1748 1735 1707
f 1735 1719 1707
f 1735 1722 1719
f 78 1720 1734
f 1733 77 1734
f 1722 1733 1734
f 77 78 1734
f 1721 1719 1734
f 1720 1721 1734
f 1719 1722 1734
f 1725 1732 1733
f 1732 77 1733
f 1724 1725 1733
f 1723 1724 1733
f 1722 1723 1733
f 1752 1750 1748
f 1752 1745 1750
f 1752 1744 1745
f 1752 1743 1744
f 1751 1749 1712
f 1751 1713 1714
f 1751 1712 1713
f 1750 1735 1748
f 1750 1747 1735
f 1750 1746 1747
f 1750 1745 1746
f 1749 1748 1710
f 1749 1711 1712
f 1749 1710 1711
f 1748 1709 1710
f 1748 1708 1709
f 1756 1740 1741
f 1756 1739 1740
f 1755 1753 1716
f 1755 1718 1704
f 1755 1717 1718
f 1755 1716 1717
f 1755 1704 1736
f 1754 1749 1751
f 1754 1743 1752
f 1754 1752 1749
f 1754 1742 1743
f 1754 1741 1742
f 1753 1751 1714
f 1753 1715 1716
f 1753 1714 1715
f 1752 1748 1749
f 1758 1759 1701
f 1759 1760 1706
f 1759 1706 1701
f 1760 1736 1705
f 1760 1705 1706
f 1736 1704 1705
f 1757 1753 1755
f 1757 1755 1736
f 1757 1756 1753
f 1757 1739 1756
f 1757 1738 1739
f 1757 1737 1738
f 1757 1736 1737
f 1756 1754 1751
f 1756 1741 1754
f 1756 1751 1753
f 1771 1761 1767
f 1770 1769 1701
f 1770 1701 1702
f 1769 1758 1701
f 1769 1768 1758
f 1769 1767 1768
f 1766 1762 1765
f 1766 1763 1764
f 1766 1764 970
f 1766 1765 1763
f 1766 970 1762
f 1765 1761 1763
f 1765 1762 1761
f 1764 1763 969
f 1764 969 970
f 1763 1761 969
f 1792 972 973
f 1792 973 1791
f 1786 976 1785
f 1780 980 1779
f 1780 979 980
f 1779 980 981
f 1776 986 1775
f 1776 985 986
f 1772 1761 1771
f 1772 1771 1769
f 1772 1769 1770
f 1772 1770 1702
f 1772 1703 969
f 1772 1702 1703
f 1772 969 1761
f 1771 1767 1769
f 1798 983 984
f 1798 982 983
f 1798 981 982
f 1797 986 1796
f 1797 1796 989
f 1797 1775 986
f 1797 1774 1775
f 1797 1773 1774
f 1797 989 1773
f 1796 988 989
f 1796 987 988
f 1796 986 987
f 1795 971 1794
f 1794 971 972
f 1794 972 1793
f 1793 972 1792
f 1801 1782 1783
f 1801 1781 1782
f 1801 1780 1781
f 1800 1785 976
f 1800 979 1780
f 1800 978 979
f 1800 977 978
f 1800 976 977
f 1799 1798 1776
f 1799 1779 1798
f 1799 1778 1779
f 1799 1777 1778
f 1799 1776 1777
f 1798 1779 981
f 1798 985 1776
f 1798 984 985
f 1803 1791 1802
f 1803 1802 1786
f 1803 1790 1791
f 1803 1789 1790
f 1803 1788 1789
f 1803 1787 1788
f 1803 1786 1787
f 1802 975 976
f 1802 974 975
f 1802 973 974
f 1802 1791 973
f 1802 976 1786
f 1801 1800 1780
f 1801 1785 1800
f 1801 1784 1785
f 1801 1783 1784
f 1810 1299 1808
f 1810 991 992
f 1810 992 1299
f 1809 1807 989
f 1809 990 991
f 1809 989 990
f 1808 1806 1807
f 1808 1299 1806
f 1807 1773 989
f 1807 1806 1773
f 1805 1804 970
f 1805 1795 1804
f 1805 970 971
f 1805 971 1795
f 1804 1762 970
f 1804 1795 1762
f 1729 1728 1813
f 1727 1815 1814
f 1728 1727 1814
f 1726 1816 1815
f 1727 1726 1815
f 1725 1817 1816
f 1726 1725 1816
f 1724 1818 1817
f 1725 1724 1817
f 1723 1819 1818
f 1724 1723 1818
f 1723 1722 1819
f 1722 1820 1819
f 1810 1808 1807
f 1810 1809 991
f 1810 1807 1809
f 1740 1831 1830
f 1739 1738 1832
f 1739 1832 1831
f 1738 1737 1833
f 1738 1833 1832
f 1737 1822 1833
f 1737 1736 1822
f 1722 1735 1820
f 1735 1821 1820
f 1731 1811 79
f 69 1731 79
f 1730 1812 1811
f 1731 1730 1811
f 1729 1813 1812
f 1730 1729 1812
f 1728 1814 1813
f 1735 1823 1821
f 1747 1746 1824
f 1747 1824 1823
f 1746 1745 1825
f 1746 1825 1824
f 1745 1744 1826
f 1745 1826 1825
f 1744 1743 1827
f 1744 1827 1826
f 1743 1742 1828
f 1743 1828 1827
f 1742 1741 1829
f 1742 1829 1828
f 1741 1740 1830
f 1741 1830 1829
f 1740 1739 1831
f 1838 1837 1792
f 1837 1794 1793
f 1834 1795 1794
f 1837 1834 1794
f 1834 1762 1795
f 1736 1760 1822
f 1760 1759 1822
f 1759 1758 1822
f 1758 1768 1835
f 1758 1835 1822
f 1768 1767 1835
f 1767 1761 1836
f 1767 1836 1835
f 1761 1834 1836
f 1761 1762 1834
f 1735 1747 1823
f 1844 1843 1782
f 1842 1784 1783
f 1843 1842 1783
f 1842 1785 1784
f 1841 1786 1785
f 1842 1841 1785
f 1841 1787 1786
f 1840 1788 1787
f 1841 1840 1787
f 1839 1789 1788
f 1840 1839 1788
f 1839 1790 1789
f 1838 1791 1790
f 1839 1838 1790
f 1838 1792 1791
f 1837 1793 1792
f 1851 1850 1774
f 1850 1775 1774
f 1849 1776 1775
f 1850 1849 1775
f 1849 1848 1776
f 1848 1777 1776
f 1848 1847 1777
f 1847 1778 1777
f 1847 1846 1778
f 1846 1779 1778
f 1845 1780 1779
f 1846 1845 1779
f 1844 1781 1780
f 1845 1844 1780
f 1844 1782 1781
f 1843 1783 1782
f 1851 1341 1340
f 1773 1345 1851
f 1345 1344 1851
f 1344 1343 1851
f 1343 1342 1851
f 1342 1341 1851
f 1773 1346 1345
f 1773 1347 1346
f 1773 1348 1347
f 1806 1322 1348
f 1773 1806 1348
f 1806 1299 1322
f 1299 1302 1322
f 1302 1301 1322
f 1301 1300 1322
f 1851 1774 1773
f 1332 1331 1371
f 1324 1383 1382
f 1325 1324 1382
f 1369 1332 1370
f 1324 1352 1383
f 1368 1333 1369
f 1333 1332 1369
f 1323 1352 1324
f 1851 1337 1368
f 1337 1336 1368
f 1336 1335 1368
f 1335 1334 1368
f 1334 1333 1368
f 1851 1338 1337
f 1851 1339 1338
f 1851 1340 1339
f 1329 1328 1376
f 1328 1378 1377
f 1374 1330 1375
f 1330 1329 1375
f 1327 1379 1378
f 1328 1327 1378
f 1373 1330 1374
f 1326 1380 1379
f 1327 1326 1379
f 1372 1331 1373
f 1331 1330 1373
f 1326 1381 1380
f 1371 1331 1372
f 1325 1382 1381
f 1326 1325 1381
f 1370 1332 1371
f 1817 1854 1855
f 1816 1817 1855
f 1815 1816 1855
f 1819 1820 1854
f 1818 1819 1854
f 1817 1818 1854
f 1820 332 1854
f 510 788 1853
f 513 510 1853
f 436 688 1852
f 439 436 1852
f 1300 1013 1053
f 1322 1300 1053
f 1300 1280 1013
f 1328 1377 1376
f 1375 1329 1376
f 245 79 1859
f 1812 1813 1859
f 1811 1812 1859
f 79 1811 1859
f 1856 335 1858
f 1854 1856 1858
f 1855 1854 1858
f 336 337 1858
f 335 336 1858
f 1815 1855 1857
f 1814 1815 1857
f 1813 1814 1857
f 1854 332 1856
f 334 335 1856
f 333 334 1856
f 332 333 1856
f 1862 1822 343
f 342 332 1821
f 1821 332 1820
f 1860 339 1861
f 1857 1860 1861
f 1859 1857 1861
f 245 1859 1861
f 341 245 1861
f 340 341 1861
f 339 340 1861
f 1857 1855 1860
f 1855 1858 1860
f 1858 337 1860
f 338 339 1860
f 337 338 1860
f 1813 1857 1859
f 1866 1864 1862
f 1866 1830 1831
f 1866 1829 1830
f 1865 1863 348
f 1865 349 350
f 1865 348 349
f 1864 1822 1862
f 1864 1833 1822
f 1864 1832 1833
f 1864 1831 1832
f 1863 1862 346
f 1863 347 348
f 1863 346 347
f 1862 345 346
f 1862 344 345
f 1862 343 344
f 1870 1825 1826
f 1869 1867 352
f 1869 354 342
f 1869 353 354
f 1869 352 353
f 1869 342 1821
f 1868 1829 1866
f 1868 1866 1863
f 1868 1863 1865
f 1868 1828 1829
f 1868 1827 1828
f 1867 1865 350
f 1867 351 352
f 1867 350 351
f 1866 1831 1864
f 1866 1862 1863
f 343 1835 357
f 1835 1836 357
f 357 1836 356
f 1836 1834 356
f 356 1834 355
f 1871 1825 1870
f 1871 1869 1821
f 1871 1870 1869
f 1871 1824 1825
f 1871 1823 1824
f 1871 1821 1823
f 1870 1868 1865
f 1870 1827 1868
f 1870 1867 1869
f 1870 1865 1867
f 1870 1826 1827
f 364 365 1874
f 363 364 1874
f 1848 1872 1873
f 1872 361 1873
f 1847 1848 1873
f 1846 1847 1873
f 362 363 1873
f 361 362 1873
f 1850 1851 1872
f 1849 1850 1872
f 1848 1849 1872
f 1851 358 1872
f 360 361 1872
f 359 360 1872
f 358 359 1872
f 1822 1835 343
f 369 370 1877
f 368 369 1877
f 1875 366 1876
f 1843 1875 1876
f 1842 1843 1876
f 1841 1842 1876
f 367 368 1876
f 366 367 1876
f 1874 365 1875
f 1844 1874 1875
f 1843 1844 1875
f 365 366 1875
f 1873 363 1874
f 1846 1873 1874
f 1845 1846 1874
f 1844 1845 1874
f 331 1879 248
f 373 1851 1368
f 373 358 1851
f 1877 370 1878
f 1839 1877 1878
f 355 1834 1878
f 1838 1839 1878
f 1837 1838 1878
f 1834 1837 1878
f 372 355 1878
f 371 372 1878
f 370 371 1878
f 1841 1876 1877
f 1876 368 1877
f 1840 1841 1877
f 1839 1840 1877
f 1884 1426 1425
f 1883 1884 1425
f 1885 1427 1426
f 1884 1885 1426
f 1886 1428 1427
f 1885 1886 1427
f 1887 1429 1428
f 1886 1887 1428
f 1888 1430 1429
f 1887 1888 1429
f 1889 1431 1430
f 1888 1889 1430
f 1889 44 1431
f 44 208 1431
f 248 1879 228
f 227 248 228
f 1895 1445 1444
f 1896 1897 1447
f 1896 1447 1446
f 1896 1446 1445
f 1897 1898 1448
f 1897 1448 1447
f 1898 1890 1448
f 1890 1440 1448
f 1422 1890 1880
f 1422 1440 1890
f 1880 1423 1422
f 1882 1424 1423
f 1881 1882 1423
f 1880 1881 1423
f 1883 1425 1424
f 1882 1883 1424
f 1904 1460 1459
f 1903 1904 1459
f 1905 1461 1460
f 1904 1905 1460
f 1906 1462 1461
f 1905 1906 1461
f 1906 1891 1462
f 1891 1441 1462
f 1891 1892 1441
f 1892 1893 1442
f 1892 1442 1441
f 1893 1894 1443
f 1893 1443 1442
f 1894 1895 1444
f 1894 1444 1443
f 1895 1896 1445
f 1470 1469 1910
f 1910 1469 1909
f 1469 1468 1909
f 1909 1468 1908
f 1468 1467 1908
f 1908 1467 1610
f 1455 1466 1899
f 1899 1466 1907
f 1899 1456 1455
f 1901 1457 1456
f 1900 1901 1456
f 1899 1900 1456
f 1902 1458 1457
f 1901 1902 1457
f 1903 1459 1458
f 1902 1903 1458
f 1478 1477 1918
f 1918 1477 1917
f 1477 1476 1917
f 1917 1476 1916
f 1476 1475 1915
f 1476 1915 1916
f 1475 1474 1915
f 1915 1474 1914
f 1474 1473 1914
f 1914 1473 1913
f 1473 1472 1913
f 1913 1472 1912
f 1472 1471 1912
f 1912 1471 1911
f 1471 1470 1911
f 1911 1470 1910
f 1354 1496 1495
f 1353 1108 1497
f 1353 1303 1108
f 1353 1497 1496
f 1108 909 1497
f 1108 910 909
f 1466 1482 1907
f 1907 1482 1922
f 1482 1481 1922
f 1922 1481 1921
f 1481 1480 1921
f 1921 1480 1920
f 1480 1479 1919
f 1480 1919 1920
f 1479 1478 1919
f 1919 1478 1918
f 1362 1488 1487
f 1361 1360 1489
f 1361 1489 1488
f 1360 1359 1490
f 1360 1490 1489
f 1359 1358 1491
f 1359 1491 1490
f 1358 1357 1492
f 1358 1492 1491
f 1357 1356 1493
f 1357 1493 1492
f 1356 1355 1494
f 1356 1494 1493
f 1355 1354 1495
f 1355 1495 1494
f 1354 1353 1496
f 1684 1683 1890
f 211 11 1923
f 402 211 1923
f 211 28 11
f 373 1367 374
f 1367 1366 1483
f 1367 1483 374
f 1366 1484 1483
f 1366 1365 1484
f 1365 1364 1485
f 1365 1485 1484
f 1364 1363 1486
f 1364 1486 1485
f 1363 1362 1487
f 1363 1487 1486
f 1362 1361 1488
f 1677 1680 1891
f 1680 1690 1892
f 1680 1892 1891
f 1690 1689 1893
f 1690 1893 1892
f 1689 1688 1894
f 1689 1894 1893
f 1688 1687 1895
f 1688 1895 1894
f 1687 1686 1896
f 1687 1896 1895
f 1686 1685 1897
f 1686 1897 1896
f 1685 1684 1898
f 1685 1898 1897
f 1684 1890 1898
f 1666 1665 1900
f 1664 1902 1901
f 1665 1664 1901
f 1663 1903 1902
f 1664 1663 1902
f 1662 1904 1903
f 1663 1662 1903
f 1661 1905 1904
f 1662 1661 1904
f 1672 1906 1905
f 1661 1660 1905
f 1660 1672 1905
f 1671 1891 1906
f 1672 1671 1906
f 1670 1677 1891
f 1671 1670 1891
f 1993 1992 1931
f 1992 1930 1931
f 1992 1991 1930
f 1991 1929 1930
f 1991 1990 1929
f 1990 1928 1929
f 1990 1989 1928
f 1989 1927 1928
f 1989 1988 1927
f 1988 1926 1927
f 1988 1924 1926
f 1924 1925 1926
f 1667 1900 1899
f 1657 1667 1899
f 1665 1901 1900
f 1667 1666 1900
f 2000 1938 1939
f 2001 2000 1939
f 1999 1937 1938
f 2000 1999 1938
f 1998 1936 1937
f 1999 1998 1937
f 1998 1997 1936
f 1997 1935 1936
f 1997 1996 1935
f 1996 1934 1935
f 1996 1995 1934
f 1995 1933 1934
f 1995 1994 1933
f 1994 1932 1933
f 1994 1993 1932
f 1993 1931 1932
f 2009 2008 1947
f 2008 1946 1947
f 2008 2007 1946
f 2007 1945 1946
f 2007 2006 1945
f 2006 1944 1945
f 2006 2005 1944
f 2005 1943 1944
f 2005 2004 1943
f 2004 1942 1943
f 2003 1941 1942
f 2004 2003 1942
f 2002 1940 1941
f 2003 2002 1941
f 2001 1939 1940
f 2002 2001 1940
f 2017 2016 1955
f 2016 1954 1955
f 2016 2015 1954
f 2015 1953 1954
f 2015 2014 1953
f 2014 1952 1953
f 2014 2013 1952
f 2013 1951 1952
f 2013 2012 1951
f 2012 1950 1951
f 2012 2011 1950
f 2011 1949 1950
f 2011 2010 1949
f 2010 1948 1949
f 2010 2009 1948
f 2009 1947 1948
f 2024 1962 1963
f 2025 2024 1963
f 2023 1961 1962
f 2024 2023 1962
f 2022 1960 1961
f 2023 2022 1961
f 2022 2021 1960
f 2021 1959 1960
f 2021 2020 1959
f 2020 1958 1959
f 2020 2019 1958
f 2019 1957 1958
f 2019 2018 1957
f 2018 1956 1957
f 2018 2017 1956
f 2017 1955 1956
f 2032 1970 1971
f 2033 2032 1971
f 2032 2031 1970
f 2031 1969 1970
f 2031 2030 1969
f 2030 1968 1969
f 2030 2029 1968
f 2029 1967 1968
f 2028 1966 1967
f 2029 2028 1967
f 2027 1965 1966
f 2028 2027 1966
f 2026 1964 1965
f 2027 2026 1965
f 2025 1963 1964
f 2026 2025 1964
f 2040 1978 1979
f 2041 2040 1979
f 2039 1977 1978
f 2040 2039 1978
f 2038 1976 1977
f 2039 2038 1977
f 2037 1975 1976
f 2038 2037 1976
f 2036 1974 1975
f 2037 2036 1975
f 2035 1973 1974
f 2036 2035 1974
f 2034 1972 1973
f 2035 2034 1973
f 2033 1971 1972
f 2034 2033 1972
f 2048 1986 1987
f 2049 2048 1987
f 2047 1985 1986
f 2048 2047 1986
f 2046 1984 1985
f 2047 2046 1985
f 2045 1983 1984
f 2046 2045 1984
f 2044 1982 1983
f 2045 2044 1983
f 2043 1981 1982
f 2044 2043 1982
f 2042 1980 1981
f 2043 2042 1981
f 2041 1979 1980
f 2042 2041 1980
f 2054 1984 2055
f 2061 2060 1978
f 2061 1978 1977
f 2055 1984 1983
f 2055 1983 2056
f 2060 2059 1979
f 2060 1979 1978
f 2056 1982 2057
f 2056 1983 1982
f 2059 1980 1979
f 2059 2058 1980
f 2057 1981 2058
f 2057 1982 1981
f 2058 1981 1980
f 1924 2049 1925
f 2049 1987 1925
f 2050 1925 2051
f 2065 2064 1974
f 2065 1974 1973
f 2051 1987 2052
f 2051 1925 1987
f 2064 2063 1975
f 2064 1975 1974
f 2052 1986 2053
f 2052 1987 1986
f 2063 2062 1976
f 2063 1976 1975
f 2053 1986 1985
f 2053 1985 2054
f 2062 2061 1977
f 2062 1977 1976
f 2054 1985 1984
f 2109 1928 2110
f 2109 1929 1928
f 2069 2068 1970
f 2069 1970 1969
f 2110 1927 2111
f 2110 1928 1927
f 2068 2067 1971
f 2068 1971 1970
f 2111 1927 1926
f 2111 1926 2112
f 2067 1972 1971
f 2067 2066 1972
f 2112 1925 2050
f 2112 1926 1925
f 2066 1973 1972
f 2066 2065 1973
f 1933 1932 2105
f 2105 1932 2106
f 2073 1966 1965
f 2073 2072 1966
f 2106 1931 2107
f 2106 1932 1931
f 2072 1967 1966
f 2072 2071 1967
f 2107 1930 2108
f 2107 1931 1930
f 2071 1968 1967
f 2071 2070 1968
f 2108 1929 2109
f 2108 1930 1929
f 2070 1969 1968
f 2070 2069 1969
f 1961 2078 2077
f 1961 2077 1962
f 1936 1935 2102
f 1936 2102 2101
f 1962 2077 2076
f 1962 2076 1963
f 1935 1934 2103
f 1935 2103 2102
f 1963 2076 2075
f 1963 2075 1964
f 1934 1933 2104
f 1934 2104 2103
f 2075 2074 1964
f 2104 1933 2105
f 1964 2074 1965
f 2074 2073 1965
f 1941 2097 2096
f 1957 2081 1958
f 1940 1939 2098
f 1940 2098 2097
f 1958 2081 2080
f 1958 2080 1959
f 1939 1938 2099
f 1939 2099 2098
f 1959 2079 1960
f 1959 2080 2079
f 1938 2100 2099
f 1938 1937 2100
f 1960 2079 2078
f 1960 2078 1961
f 1937 1936 2101
f 1937 2101 2100
f 1945 2093 2092
f 1953 2085 2084
f 1953 2084 1954
f 1944 1943 2094
f 1944 2094 2093
f 1954 2084 2083
f 1954 2083 1955
f 1943 1942 2095
f 1943 2095 2094
f 1955 2083 2082
f 1955 2082 1956
f 1942 1941 2096
f 1942 2096 2095
f 1956 2082 2081
f 1956 2081 1957
f 1941 1940 2097
f 1949 2088 1950
f 1949 1948 2089
f 1949 2089 2088
f 1948 1947 2090
f 1948 2090 2089
f 1950 2087 1951
f 1950 2088 2087
f 1947 1946 2091
f 1947 2091 2090
f 1951 2087 2086
f 1951 2086 1952
f 1946 1945 2092
f 1946 2092 2091
f 1952 2086 2085
f 1952 2085 1953
f 1945 1944 2093
f 2184 2183 2122
f 2183 2121 2122
f 2183 2182 2121
f 2182 2120 2121
f 2182 2181 2120
f 2181 2119 2120
f 2181 2118 2119
f 2181 2180 2118
f 2180 2179 2118
f 2179 2117 2118
f 2179 2178 2117
f 2178 2116 2117
f 2178 2177 2116
f 2177 2115 2116
f 2177 2114 2115
f 2177 2113 2114
f 2191 2129 2130
f 2192 2191 2130
f 2190 2128 2129
f 2191 2190 2129
f 2190 2127 2128
f 2188 2126 2127
f 2190 2189 2127
f 2189 2188 2127
f 2187 2125 2126
f 2188 2187 2126
f 2187 2186 2125
f 2186 2124 2125
f 2186 2185 2124
f 2185 2123 2124
f 2185 2184 2123
f 2184 2122 2123
f 2200 2137 2138
f 2200 2199 2137
f 2199 2198 2137
f 2198 2136 2137
f 2198 2197 2136
f 2197 2135 2136
f 2197 2196 2135
f 2196 2134 2135
f 2196 2195 2134
f 2195 2133 2134
f 2195 2194 2133
f 2194 2132 2133
f 2194 2193 2132
f 2193 2131 2132
f 2192 2130 2131
f 2193 2192 2131
f 2208 2145 2146
f 2208 2207 2145
f 2207 2206 2145
f 2206 2144 2145
f 2206 2143 2144
f 2206 2205 2143
f 2205 2204 2143
f 2204 2142 2143
f 2204 2141 2142
f 2204 2203 2141
f 2203 2202 2141
f 2202 2140 2141
f 2202 2201 2140
f 2201 2139 2140
f 2201 2138 2139
f 2201 2200 2138
f 2217 2216 2154
f 2216 2215 2154
f 2215 2152 2153
f 2213 2151 2152
f 2215 2214 2152
f 2214 2213 2152
f 2212 2150 2151
f 2213 2212 2151
f 2212 2149 2150
f 2211 2210 2149
f 2210 2148 2149
f 2212 2211 2149
f 2210 2209 2148
f 2209 2147 2148
f 2209 2146 2147
f 2209 2208 2146
f 2224 2161 2162
f 2223 2160 2161
f 2224 2223 2161
f 2221 2159 2160
f 2223 2222 2160
f 2222 2221 2160
f 2221 2158 2159
f 2220 2157 2158
f 2221 2220 2158
f 2220 2219 2157
f 2219 2156 2157
f 2217 2155 2156
f 2219 2218 2156
f 2218 2217 2156
f 2217 2154 2155
f 2215 2153 2154
f 2233 2232 2170
f 2232 2231 2170
f 2231 2168 2169
f 2229 2167 2168
f 2231 2230 2168
f 2230 2229 2168
f 2229 2166 2167
f 2227 2165 2166
f 2229 2228 2166
f 2228 2227 2166
f 2227 2164 2165
f 2225 2163 2164
f 2227 2226 2164
f 2226 2225 2164
f 2224 2162 2163
f 2225 2224 2163
f 2246 2170 2247
f 2247 2170 2169
f 2113 2176 2114
f 2237 2175 2176
f 2113 2238 2176
f 2238 2237 2176
f 2237 2174 2175
f 2236 2173 2174
f 2237 2236 2174
f 2235 2172 2173
f 2236 2235 2173
f 2233 2171 2172
f 2235 2234 2172
f 2234 2233 2172
f 2233 2170 2171
f 2231 2169 2170
f 2242 2175 2174
f 2251 2250 2166
f 2251 2166 2165
f 2243 2173 2244
f 2243 2174 2173
f 2250 2249 2167
f 2250 2167 2166
f 2244 2172 2245
f 2244 2173 2172
f 2249 2248 2168
f 2249 2168 2167
f 2245 2171 2246
f 2245 2172 2171
f 2248 2169 2168
f 2248 2247 2169
f 2246 2171 2170
f 2301 2114 2239
f 2301 2115 2114
f 2255 2254 2162
f 2255 2162 2161
f 2239 2114 2240
f 2254 2253 2163
f 2254 2163 2162
f 2240 2176 2241
f 2240 2114 2176
f 2253 2252 2164
f 2253 2164 2163
f 2241 2175 2242
f 2241 2176 2175
f 2252 2251 2165
f 2252 2165 2164
f 2242 2174 2243
f 2297 2118 2298
f 2297 2119 2118
f 2259 2158 2157
f 2259 2258 2158
f 2298 2118 2117
f 2298 2117 2299
f 2258 2257 2159
f 2258 2159 2158
f 2299 2116 2300
f 2299 2117 2116
f 2257 2160 2159
f 2257 2256 2160
f 2300 2115 2301
f 2300 2116 2115
f 2256 2255 2161
f 2256 2161 2160
f 2264 2263 2153
f 2293 2122 2294
f 2153 2263 2154
f 2263 2262 2154
f 2122 2121 2294
f 2294 2121 2295
f 2262 2155 2154
f 2262 2261 2155
f 2295 2120 2296
f 2295 2121 2120
f 2261 2156 2155
f 2261 2260 2156
f 2296 2119 2297
f 2296 2120 2119
f 2260 2157 2156
f 2260 2259 2157
f 2149 2267 2150
f 2149 2268 2267
f 2126 2125 2290
f 2126 2290 2289
f 2150 2267 2266
f 2150 2266 2151
f 2125 2124 2291
f 2125 2291 2290
f 2151 2266 2265
f 2151 2265 2152
f 2124 2123 2292
f 2124 2292 2291
f 2152 2265 2264
f 2152 2264 2153
f 2123 2122 2293
f 2123 2293 2292
f 2131 2285 2284
f 2145 2271 2270
f 2145 2270 2146
f 2130 2129 2286
f 2130 2286 2285
f 2146 2270 2147
f 2129 2128 2287
f 2129 2287 2286
f 2147 2270 2269
f 2147 2269 2148
f 2128 2127 2288
f 2128 2288 2287
f 2148 2269 2268
f 2148 2268 2149
f 2127 2289 2288
f 2127 2126 2289
f 2135 2281 2280
f 2141 2275 2274
f 2141 2274 2142
f 2134 2133 2282
f 2134 2282 2281
f 2142 2274 2273
f 2142 2273 2143
f 2133 2132 2283
f 2133 2283 2282
f 2143 2273 2272
f 2143 2272 2144
f 2132 2284 2283
f 2132 2131 2284
f 2144 2272 2271
f 2144 2271 2145
f 2131 2130 2285
f 1157 1156 2241
f 1155 2239 2240
f 1156 1155 2240
f 1155 1154 2239
f 2138 2277 2139
f 2138 2137 2278
f 2138 2278 2277
f 2137 2136 2279
f 2137 2279 2278
f 2139 2276 2140
f 2139 2277 2276
f 2136 2135 2280
f 2136 2280 2279
f 2140 2276 2275
f 2140 2275 2141
f 2135 2134 2281
f 1165 1164 2249
f 1163 2247 2248
f 1164 1163 2248
f 1162 2246 2247
f 1163 1162 2247
f 1161 2245 2246
f 1162 1161 2246
f 1160 2244 2245
f 1161 1160 2245
f 1159 2243 2244
f 1160 1159 2244
f 1158 2242 2243
f 1159 1158 2243
f 1157 2241 2242
f 1158 1157 2242
f 1156 2240 2241
f 1172 2256 2257
f 1171 2255 2256
f 1172 1171 2256
f 1170 2254 2255
f 1171 1170 2255
f 1169 2253 2254
f 1170 1169 2254
f 1168 2252 2253
f 1169 1168 2253
f 1167 2251 2252
f 1168 1167 2252
f 1166 2250 2251
f 1167 1166 2251
f 1165 2249 2250
f 1166 1165 2250
f 1164 2248 2249
f 1181 1180 2265
f 1179 2263 2264
f 1180 1179 2264
f 1178 2262 2263
f 1179 1178 2263
f 1177 2261 2262
f 1178 1177 2262
f 1177 1176 2261
f 1176 2260 2261
f 1176 1175 2260
f 1175 2259 2260
f 1175 1174 2259
f 1174 2258 2259
f 1174 1173 2258
f 1173 2257 2258
f 1173 1172 2257
f 1189 1188 2273
f 1187 2271 2272
f 1188 1187 2272
f 1186 2270 2271
f 1187 1186 2271
f 1185 2269 2270
f 1186 1185 2270
f 1184 2268 2269
f 1185 1184 2269
f 1183 2267 2268
f 1184 1183 2268
f 1182 2266 2267
f 1183 1182 2267
f 1181 2265 2266
f 1182 1181 2266
f 1180 2264 2265
f 1197 1196 2281
f 1195 2279 2280
f 1196 1195 2280
f 1194 2278 2279
f 1195 1194 2279
f 1193 2277 2278
f 1194 1193 2278
f 1192 2276 2277
f 1193 1192 2277
f 1191 2275 2276
f 1192 1191 2276
f 1190 2274 2275
f 1191 1190 2275
f 1189 2273 2274
f 1190 1189 2274
f 1188 2272 2273
f 1204 2288 2289
f 1204 1203 2288
f 1203 2287 2288
f 1203 1202 2287
f 1202 2286 2287
f 1202 1201 2286
f 1201 2285 2286
f 1201 1200 2285
f 1200 2284 2285
f 1200 1199 2284
f 1199 2283 2284
f 1199 1198 2283
f 1198 2282 2283
f 1198 1197 2282
f 1197 2281 2282
f 1196 2280 2281
f 1213 1212 2297
f 1211 2295 2296
f 1212 1211 2296
f 1211 1210 2295
f 1210 2294 2295
f 1210 1209 2294
f 1209 2293 2294
f 1209 1208 2293
f 1208 2292 2293
f 1208 1207 2292
f 1207 2291 2292
f 1207 1206 2291
f 1206 2290 2291
f 1206 1205 2290
f 1205 2289 2290
f 1205 1204 2289
f 1221 1220 2053
f 1219 2051 2052
f 1220 1219 2052
f 1218 2050 2051
f 1219 1218 2051
f 1218 1217 2050
f 1216 2301 2239
f 1154 1216 2239
f 1216 2300 2301
f 1215 2299 2300
f 1216 1215 2300
f 1214 2298 2299
f 1215 1214 2299
f 1213 2297 2298
f 1214 1213 2298
f 1212 2296 2297
f 1229 1228 2061
f 1227 2059 2060
f 1228 1227 2060
f 1226 2058 2059
f 1227 1226 2059
f 1225 2057 2058
f 1226 1225 2058
f 1224 2056 2057
f 1225 1224 2057
f 1223 2055 2056
f 1224 1223 2056
f 1222 2054 2055
f 1223 1222 2055
f 1221 2053 2054
f 1222 1221 2054
f 1220 2052 2053
f 1236 2068 2069
f 1236 1235 2068
f 1235 2067 2068
f 1234 2066 2067
f 1235 1234 2067
f 1233 2065 2066
f 1234 1233 2066
f 1232 2064 2065
f 1233 1232 2065
f 1231 2063 2064
f 1232 1231 2064
f 1230 2062 2063
f 1231 1230 2063
f 1229 2061 2062
f 1230 1229 2062
f 1228 2060 2061
f 1245 1244 2077
f 1243 2075 2076
f 1244 1243 2076
f 1242 2074 2075
f 1243 1242 2075
f 1241 2073 2074
f 1242 1241 2074
f 1240 2072 2073
f 1241 1240 2073
f 1240 1239 2072
f 1239 2071 2072
f 1239 1238 2071
f 1238 2070 2071
f 1238 1237 2070
f 1237 2069 2070
f 1237 1236 2069
f 1253 1252 2085
f 1251 2083 2084
f 1252 1251 2084
f 1250 2082 2083
f 1251 1250 2083
f 1249 2081 2082
f 1250 1249 2082
f 1248 2080 2081
f 1249 1248 2081
f 1247 2079 2080
f 1248 1247 2080
f 1246 2078 2079
f 1247 1246 2079
f 1245 2077 2078
f 1246 1245 2078
f 1244 2076 2077
f 1260 2092 2093
f 1259 2091 2092
f 1260 1259 2092
f 1258 2090 2091
f 1259 1258 2091
f 1257 2089 2090
f 1258 1257 2090
f 1256 2088 2089
f 1257 1256 2089
f 1255 2087 2088
f 1256 1255 2088
f 1254 2086 2087
f 1255 1254 2087
f 1253 2085 2086
f 1254 1253 2086
f 1252 2084 2085
f 1268 2100 2101
f 1268 1267 2100
f 1267 2099 2100
f 1267 1266 2099
f 1266 2098 2099
f 1266 1265 2098
f 1265 2097 2098
f 1265 1264 2097
f 1264 2096 2097
f 1264 1263 2096
f 1263 2095 2096
f 1263 1262 2095
f 1262 2094 2095
f 1262 1261 2094
f 1261 2093 2094
f 1261 1260 2093
f 1277 1276 2109
f 1275 2107 2108
f 1276 1275 2108
f 1274 2106 2107
f 1275 1274 2107
f 1274 1273 2106
f 1273 2105 2106
f 1273 1272 2105
f 1272 2104 2105
f 1272 1271 2104
f 1271 2103 2104
f 1271 1270 2103
f 1270 2102 2103
f 1270 1269 2102
f 1269 2101 2102
f 1269 1268 2101
f 2040 1617 1616
f 2044 1620 2043
f 2044 1621 1620
f 2041 1618 1617
f 2041 2042 1618
f 2043 1619 2042
f 2043 1620 1619
f 2042 1619 1618
f 1217 2112 2050
f 1279 2111 2112
f 1217 1279 2112
f 1278 2110 2111
f 1279 1278 2111
f 1277 2109 2110
f 1278 1277 2110
f 1276 2108 2109
f 2036 1613 1612
f 2048 1624 2047
f 2048 1625 1624
f 2037 2038 1614
f 2037 1614 1613
f 2047 1623 2046
f 2047 1624 1623
f 2038 2039 1615
f 2038 1615 1614
f 2046 1622 2045
f 2046 1623 1622
f 2039 1616 1615
f 2039 2040 1616
f 2045 1621 2044
f 2045 1622 1621
f 2040 2041 1617
f 1990 1631 1630
f 2032 2033 1611
f 1989 1629 1988
f 1989 1630 1629
f 2033 2034 1611
f 1988 1628 1924
f 1988 1629 1628
f 2034 2035 1611
f 1924 1626 2049
f 1924 1628 1627
f 1924 1627 1626
f 2035 2036 1612
f 2035 1612 1611
f 2049 1625 2048
f 2049 1626 1625
f 2036 2037 1613
f 2026 2027 1611
f 1995 1635 1994
f 1635 1634 1994
f 2027 2028 1611
f 1994 1634 1993
f 2028 2029 1611
f 1993 1633 1992
f 1993 1634 1633
f 2029 2030 1611
f 1992 1632 1991
f 1992 1633 1632
f 2030 2031 1611
f 1991 1631 1990
f 1991 1632 1631
f 2031 2032 1611
f 1990 1630 1989
f 1609 1642 2002
f 1642 1641 2001
f 1642 2001 2002
f 1641 1640 2000
f 1641 2000 2001
f 1640 1999 2000
f 1640 1639 1999
f 1639 1998 1999
f 1639 1638 1998
f 1638 1997 1998
f 1638 1637 1997
f 1637 1996 1997
f 1637 1636 1996
f 1636 1995 1996
f 1636 1635 1995
f 2025 2026 1611
f 1643 2021 2022
f 1643 2020 2021
f 1643 2019 2020
f 1643 2018 2019
f 1643 2017 2018
f 1643 2016 2017
f 1609 2011 2012
f 1609 2010 2011
f 1609 2009 2010
f 1609 2008 2009
f 1609 2007 2008
f 1609 2006 2007
f 1609 2005 2006
f 1609 2004 2005
f 1609 2003 2004
f 1609 2002 2003
f 2235 1643 1656
f 2235 1656 2234
f 2228 1653 1652
f 2228 2229 1653
f 2234 1656 2233
f 2229 2230 1653
f 2233 1656 1655
f 2233 1655 2232
f 2230 2231 1654
f 2230 1654 1653
f 2232 1654 2231
f 2232 1655 1654
f 1643 2025 1611
f 1643 2024 2025
f 1643 2023 2024
f 1643 2022 2023
f 2221 1649 1648
f 2178 1643 2177
f 2222 2223 1649
f 2177 1643 2113
f 2223 1650 1649
f 2223 2224 1650
f 2113 1643 2238
f 2224 2225 1651
f 2224 1651 1650
f 2238 1643 2237
f 2225 2226 1651
f 2237 1643 2236
f 2226 1652 1651
f 2226 2227 1652
f 2236 1643 2235
f 2227 2228 1652
f 2218 1647 1646
f 2218 2219 1647
f 2181 2014 2180
f 2181 2013 2014
f 2219 2220 1648
f 2219 1648 1647
f 2180 2014 2015
f 2180 2015 2179
f 1899 1646 1645
f 1899 1645 1644
f 1899 1644 1657
f 2220 2221 1648
f 2179 2016 1643
f 2179 1643 2178
f 2179 2015 2016
f 2221 2222 1649
f 1907 2213 2214
f 1907 2212 2213
f 1907 2211 2212
f 1907 2210 2211
f 2186 1609 2185
f 2214 2215 1899
f 2185 1609 2184
f 2215 2216 1899
f 2184 1609 2183
f 2216 2217 1899
f 2183 1609 2182
f 2217 1646 1899
f 2217 2218 1646
f 2182 1609 2012
f 2182 2012 2013
f 2182 2013 2181
f 1610 2198 2199
f 1610 2197 2198
f 1610 2196 2197
f 1610 2195 2196
f 1610 2194 2195
f 1610 2193 2194
f 1610 2192 2193
f 1610 2191 2192
f 1610 2190 2191
f 1610 2189 2190
f 1610 2188 2189
f 1610 2187 2188
f 1907 2209 2210
f 1907 2208 2209
f 1907 2207 2208
f 1907 2214 1899
f 1918 2205 2206
f 1918 2206 1919
f 1912 2202 2203
f 1912 1911 2202
f 1919 2206 1920
f 1911 1910 2202
f 1920 2206 1921
f 1910 2201 2202
f 1910 1909 2201
f 1921 2206 2207
f 1921 2207 1922
f 1909 1908 2201
f 1922 2207 1907
f 1908 2200 2201
f 1908 1610 2200
f 1610 2199 2200
f 443 442 2304
f 441 2302 2303
f 442 441 2303
f 440 1852 2302
f 441 440 2302
f 440 439 1852
f 2187 1609 2186
f 1610 1609 2187
f 1915 2204 1916
f 1915 1914 2204
f 1916 2204 2205
f 1916 2205 1917
f 1914 2203 2204
f 1914 1913 2203
f 1917 2205 1918
f 1913 1912 2203
f 450 2311 2312
f 449 2310 2311
f 450 449 2311
f 447 2309 2310
f 449 448 2310
f 448 447 2310
f 447 2308 2309
f 446 2307 2308
f 447 446 2308
f 445 2306 2307
f 446 445 2307
f 444 2305 2306
f 445 444 2306
f 443 2304 2305
f 444 443 2305
f 442 2303 2304
f 458 2319 2320
f 458 457 2319
f 457 2318 2319
f 457 456 2318
f 456 455 2318
f 455 2317 2318
f 455 454 2317
f 454 2316 2317
f 454 453 2316
f 453 2315 2316
f 453 2314 2315
f 453 452 2314
f 452 2313 2314
f 452 451 2313
f 451 450 2313
f 450 2312 2313
f 643 129 642
f 642 129 641
f 641 129 640
f 640 129 639
f 464 463 670
f 463 2325 670
f 463 462 2325
f 462 2324 2325
f 462 461 2324
f 461 2323 2324
f 461 2322 2323
f 461 460 2322
f 460 2321 2322
f 460 459 2321
f 459 458 2321
f 458 2320 2321
f 700 136 699
f 697 698 136
f 699 136 698
f 638 129 654
f 638 130 129
f 654 129 653
f 653 129 652
f 652 129 651
f 651 129 650
f 650 129 649
f 649 129 648
f 648 129 647
f 647 129 646
f 646 129 645
f 645 129 644
f 644 129 643
f 2336 2335 131
f 2332 132 2333
f 690 691 136
f 2335 2334 132
f 2335 132 131
f 2333 132 2334
f 691 692 136
f 692 693 136
f 704 136 703
f 693 694 136
f 703 136 702
f 694 695 136
f 702 136 701
f 695 696 136
f 701 136 700
f 696 697 136
f 2327 134 2328
f 2340 130 638
f 2340 2339 130
f 2328 134 133
f 2328 133 2329
f 2339 2338 130
f 2329 133 2330
f 2338 131 130
f 2338 2337 131
f 688 136 135
f 688 689 136
f 2330 133 2331
f 2337 2336 131
f 2331 133 132
f 2331 132 2332
f 689 690 136
f 2381 688 2382
f 2382 688 2383
f 2383 688 2384
f 2384 688 2385
f 2385 688 2386
f 2345 2344 638
f 2386 135 2387
f 2386 688 135
f 2344 2343 638
f 2387 134 2388
f 2387 135 134
f 2343 2342 638
f 2388 134 2326
f 2342 2341 638
f 2326 134 2327
f 2341 2340 638
f 2321 2355 2322
f 2322 2355 2354
f 2322 2354 2323
f 2323 2354 2353
f 2323 2353 2324
f 2324 2353 2352
f 2324 2352 2325
f 2325 2351 670
f 2325 2352 2351
f 670 2351 2350
f 670 2350 2349
f 670 2349 2348
f 670 2348 2347
f 670 2347 2346
f 670 2346 2345
f 670 2345 638
f 2303 2302 2374
f 2303 2374 2373
f 2319 2357 2320
f 2319 2358 2357
f 2302 1852 2375
f 2302 2375 2374
f 2320 2356 2321
f 2320 2357 2356
f 1852 688 2381
f 1852 2381 2380
f 1852 2380 2379
f 1852 2379 2378
f 1852 2378 2377
f 1852 2377 2376
f 1852 2376 2375
f 2321 2356 2355
f 2307 2306 2370
f 2307 2370 2369
f 2315 2361 2316
f 2315 2362 2361
f 2306 2305 2371
f 2306 2371 2370
f 2316 2360 2317
f 2316 2361 2360
f 2305 2304 2372
f 2305 2372 2371
f 2317 2359 2318
f 2317 2360 2359
f 2304 2303 2373
f 2304 2373 2372
f 2318 2358 2319
f 2318 2359 2358
f 129 128 639
f 2311 2310 2366
f 2311 2365 2312
f 2311 2366 2365
f 2310 2309 2367
f 2310 2367 2366
f 2312 2364 2313
f 2312 2365 2364
f 2309 2308 2368
f 2309 2368 2367
f 2313 2363 2314
f 2313 2364 2363
f 2308 2307 2369
f 2308 2369 2368
f 2314 2362 2315
f 2314 2363 2362
f 410 409 2396
f 408 2394 2395
f 409 408 2395
f 407 2393 2394
f 408 407 2394
f 406 2392 2393
f 407 406 2393
f 405 2391 2392
f 406 405 2392
f 404 2390 2391
f 405 404 2391
f 403 2389 2390
f 404 403 2390
f 403 402 2389
f 402 1923 2389
f 137 136 704
f 418 417 2403
f 417 2402 2403
f 417 416 2402
f 416 415 2402
f 415 2401 2402
f 415 414 2401
f 414 2400 2401
f 414 413 2400
f 413 2399 2400
f 413 412 2399
f 412 2398 2399
f 411 2397 2398
f 412 411 2398
f 410 2396 2397
f 411 410 2397
f 409 2395 2396
f 426 425 2411
f 425 424 2411
f 424 2410 2411
f 424 423 2410
f 423 2409 2410
f 423 422 2409
f 422 2408 2409
f 422 421 2408
f 421 2407 2408
f 421 420 2407
f 420 2406 2407
f 420 419 2406
f 419 2405 2406
f 419 418 2405
f 418 2404 2405
f 418 2403 2404
f 34 33 618
f 618 33 617
f 617 33 616
f 616 33 615
f 615 33 614
f 33 613 614
f 33 612 613
f 33 611 612
f 33 610 611
f 33 609 610
f 33 608 609
f 33 607 608
f 33 606 607
f 426 2412 637
f 427 426 637
f 426 2411 2412
f 2416 35 605
f 2416 605 2417
f 2425 2424 637
f 2417 605 2418
f 2424 2423 637
f 2418 605 2419
f 2423 2422 637
f 2419 605 2420
f 2422 2421 637
f 2420 605 2421
f 2421 605 637
f 35 34 605
f 34 621 605
f 34 620 621
f 34 619 620
f 34 618 619
f 2474 37 2475
f 2430 2410 2409
f 2430 2429 2410
f 2475 37 36
f 2475 36 2413
f 2429 2428 2411
f 2429 2411 2410
f 2413 36 2414
f 2428 2412 2411
f 2428 2427 2412
f 2414 36 2415
f 2427 637 2412
f 2427 2426 637
f 2415 36 35
f 2415 35 2416
f 2426 2425 637
f 2404 2435 2405
f 2435 2434 2405
f 2470 39 38
f 2470 38 2471
f 2434 2433 2406
f 2434 2406 2405
f 2471 38 2472
f 2433 2432 2407
f 2433 2407 2406
f 2472 38 2473
f 2432 2408 2407
f 2432 2431 2408
f 2473 38 37
f 2473 37 2474
f 2431 2430 2409
f 2431 2409 2408
f 2399 2441 2440
f 2400 2440 2439
f 2400 2439 2401
f 2401 2439 2438
f 2401 2438 2402
f 2465 40 2466
f 40 39 2467
f 40 2467 2466
f 2402 2438 2437
f 2402 2437 2403
f 2467 39 2468
f 2437 2436 2403
f 2403 2436 2404
f 2468 39 2469
f 2436 2435 2404
f 2469 39 2470
f 2394 2446 2445
f 2395 2444 2396
f 2395 2445 2444
f 42 41 2463
f 42 2463 2462
f 42 2462 2461
f 2396 2443 2397
f 2396 2444 2443
f 2397 2442 2398
f 2397 2443 2442
f 2398 2441 2399
f 2398 2442 2441
f 41 40 2465
f 41 2465 2464
f 41 2464 2463
f 2399 2440 2400
f 1923 2456 2455
f 1923 2455 2454
f 1923 2454 2453
f 1923 2453 2452
f 1923 2452 2451
f 2389 2450 2390
f 2389 2451 2450
f 2390 2449 2391
f 2390 2450 2449
f 2391 2448 2392
f 2391 2449 2448
f 2392 2447 2393
f 2392 2448 2447
f 2393 2446 2394
f 2393 2447 2446
f 2394 2445 2395
f 18 43 17
f 17 43 16
f 16 43 15
f 15 43 14
f 14 43 13
f 13 43 12
f 12 43 11
f 11 43 42
f 11 2458 1923
f 11 2461 2460
f 11 2460 2459
f 11 2459 2458
f 11 42 2461
f 1923 2451 2389
f 1923 2458 2457
f 1923 2457 2456
f 476 2476 2478
f 502 2477 739
f 501 2477 502
f 473 722 2476
f 476 473 2476
f 10 43 27
f 33 32 606
f 27 43 26
f 26 43 25
f 25 43 24
f 24 43 23
f 23 43 22
f 22 43 21
f 21 43 20
f 20 43 19
f 19 43 18
f 485 484 2486
f 484 2484 2485
f 483 2483 2484
f 484 483 2484
f 482 2482 2483
f 483 482 2483
f 481 2481 2482
f 482 481 2482
f 480 2480 2481
f 481 480 2481
f 479 2479 2480
f 480 479 2480
f 478 2478 2479
f 479 478 2479
f 478 477 2478
f 477 476 2478
f 492 2493 2494
f 492 491 2493
f 491 2492 2493
f 491 490 2492
f 490 2491 2492
f 490 489 2491
f 489 2490 2491
f 489 2489 2490
f 489 488 2489
f 488 2488 2489
f 488 487 2488
f 487 486 2488
f 486 2487 2488
f 486 2486 2487
f 484 2485 2486
f 486 485 2486
f 501 500 2477
f 500 499 2501
f 499 2500 2501
f 499 498 2500
f 498 2499 2500
f 498 497 2499
f 497 2498 2499
f 497 2497 2498
f 497 496 2497
f 496 495 2497
f 495 2496 2497
f 495 2495 2496
f 495 494 2495
f 494 493 2495
f 493 2494 2495
f 493 492 2494
f 723 724 122
f 724 725 122
f 725 726 122
f 726 727 122
f 727 728 122
f 728 729 122
f 729 730 122
f 122 737 738
f 122 736 737
f 122 735 736
f 122 734 735
f 122 733 734
f 122 732 733
f 122 731 732
f 122 730 731
f 500 2501 2477
f 2504 722 2505
f 2515 2514 119
f 2505 722 2506
f 2514 2513 120
f 2514 120 119
f 2506 722 2507
f 2513 2512 120
f 2507 722 2508
f 2512 2511 120
f 2508 722 2509
f 2511 2510 121
f 2511 121 120
f 2509 121 2510
f 2509 722 121
f 121 722 122
f 722 723 122
f 2561 2476 2562
f 2561 2478 2476
f 2521 118 117
f 2521 2520 118
f 2562 2476 2563
f 2520 2519 118
f 2563 2476 2564
f 2519 2518 118
f 2564 2476 2502
f 2518 2517 119
f 2518 119 118
f 2502 2476 2503
f 2517 2516 119
f 2503 2476 2504
f 2476 722 2504
f 2516 2515 119
f 2483 2556 2555
f 2556 2482 2557
f 2482 2481 2557
f 2526 2525 116
f 2557 2481 2558
f 2525 2524 117
f 2525 117 116
f 2558 2480 2559
f 2558 2481 2480
f 2524 2523 117
f 2559 2479 2560
f 2559 2480 2479
f 2523 2522 117
f 2560 2478 2561
f 2560 2479 2478
f 2522 2521 117
f 739 2527 2526
f 739 2526 116
f 739 116 115
f 747 748 115
f 755 115 754
f 2485 2484 2554
f 2485 2554 2553
f 748 749 115
f 754 115 753
f 749 750 115
f 753 115 752
f 750 751 115
f 752 115 751
f 2484 2483 2555
f 2484 2555 2554
f 2483 2482 2556
f 2487 2486 2552
f 2487 2552 2551
f 740 741 115
f 741 742 115
f 2486 2485 2553
f 2486 2553 2552
f 742 743 115
f 743 744 115
f 744 745 115
f 745 746 115
f 746 747 115
f 739 2531 2530
f 739 2530 2529
f 739 2529 2528
f 739 2528 2527
f 739 115 755
f 2477 2531 739
f 2477 2537 2536
f 2477 2536 2535
f 2477 2535 2534
f 2477 2534 2533
f 2477 2533 2532
f 2492 2491 2547
f 2492 2547 2546
f 2491 2490 2548
f 2491 2548 2547
f 2490 2489 2549
f 2490 2549 2548
f 2489 2488 2550
f 2489 2550 2549
f 2488 2487 2551
f 2488 2551 2550
f 2498 2541 2540
f 2496 2495 2543
f 2496 2543 2542
f 2499 2539 2500
f 2499 2540 2539
f 2495 2494 2544
f 2495 2544 2543
f 2500 2538 2501
f 2500 2539 2538
f 2494 2493 2545
f 2494 2545 2544
f 2501 2537 2477
f 2501 2538 2537
f 2493 2492 2546
f 2493 2546 2545
f 2477 2532 2531
f 519 518 2569
f 517 2567 2568
f 518 517 2568
f 516 2566 2567
f 517 516 2567
f 515 2565 2566
f 516 515 2566
f 514 1853 2565
f 515 514 2565
f 514 513 1853
f 123 122 738
f 115 114 740
f 2497 2541 2498
f 2497 2496 2542
f 2497 2542 2541
f 2498 2540 2499
f 526 2576 2577
f 526 525 2576
f 525 2575 2576
f 525 524 2575
f 524 2574 2575
f 523 2573 2574
f 524 523 2574
f 522 2572 2573
f 523 522 2573
f 521 2571 2572
f 522 521 2572
f 520 2570 2571
f 521 520 2571
f 519 2569 2570
f 520 519 2570
f 518 2568 2569
f 534 2584 2585
f 534 533 2584
f 533 2583 2584
f 533 532 2583
f 532 2582 2583
f 532 531 2582
f 531 2581 2582
f 531 530 2581
f 530 2580 2581
f 530 529 2580
f 529 2579 2580
f 529 528 2579
f 528 2578 2579
f 528 527 2578
f 527 2577 2578
f 527 526 2577
f 108 795 796
f 108 794 795
f 108 793 794
f 108 792 793
f 108 791 792
f 108 790 791
f 108 789 790
f 108 788 789
f 538 2588 822
f 538 537 2588
f 537 2587 2588
f 536 2586 2587
f 537 536 2587
f 536 535 2586
f 535 2585 2586
f 535 534 2585
f 2594 2566 2595
f 2599 2598 1853
f 2595 2565 2596
f 2595 2566 2565
f 2598 2597 1853
f 2596 1853 2597
f 2596 2565 1853
f 107 788 108
f 108 803 804
f 108 802 803
f 108 801 802
f 108 800 801
f 108 799 800
f 108 798 799
f 108 797 798
f 108 796 797
f 2589 2572 2571
f 2604 2603 788
f 2590 2570 2591
f 2590 2571 2570
f 2603 2602 788
f 2591 2569 2592
f 2591 2570 2569
f 2602 1853 788
f 2602 2601 1853
f 2592 2568 2593
f 2592 2569 2568
f 2601 2600 1853
f 2593 2567 2594
f 2593 2568 2567
f 2600 2599 1853
f 2594 2567 2566
f 2609 2608 106
f 2648 2575 2649
f 2648 2576 2575
f 106 2608 107
f 2608 2607 107
f 2649 2574 2650
f 2649 2575 2574
f 2607 788 107
f 2607 2606 788
f 2650 2573 2651
f 2650 2574 2573
f 2606 2605 788
f 2651 2572 2589
f 2651 2573 2572
f 2605 2604 788
f 2589 2571 2590
f 105 2615 2614
f 105 2614 2613
f 105 2613 2612
f 105 2612 106
f 2580 2579 2644
f 2580 2644 2643
f 2644 2579 2645
f 2579 2578 2645
f 2612 2611 106
f 2645 2578 2646
f 2611 2610 106
f 2646 2577 2647
f 2646 2578 2577
f 2610 2609 106
f 2647 2576 2648
f 2647 2577 2576
f 2586 2585 2638
f 2585 2584 2639
f 2585 2639 2638
f 104 2619 2618
f 104 2618 2617
f 104 2617 2616
f 104 2616 2615
f 104 2615 105
f 2584 2640 2639
f 2584 2583 2640
f 2583 2582 2641
f 2583 2641 2640
f 2582 2581 2642
f 2582 2642 2641
f 2581 2580 2643
f 2581 2643 2642
f 103 2619 104
f 103 2622 2621
f 103 2621 2620
f 103 2620 2619
f 822 2588 2635
f 822 2635 2634
f 822 2634 2633
f 822 2633 2632
f 822 2632 2631
f 822 2631 2630
f 822 2630 2629
f 2588 2587 2636
f 2588 2636 2635
f 2587 2586 2637
f 2587 2637 2636
f 2586 2638 2637
f 817 818 101
f 818 819 101
f 819 820 101
f 101 821 805
f 101 820 821
f 101 805 102
f 805 2624 102
f 805 822 2629
f 805 2629 2628
f 805 2628 2627
f 805 2627 2626
f 805 2626 2625
f 805 2625 2624
f 102 2622 103
f 102 2624 2623
f 102 2623 2622
f 306 2652 2653
f 284 267 2652
f 306 284 2652
f 109 108 804
f 101 100 806
f 806 807 101
f 807 808 101
f 808 809 101
f 809 810 101
f 810 811 101
f 811 812 101
f 812 813 101
f 813 814 101
f 814 815 101
f 815 816 101
f 816 817 101
f 315 314 2661
f 313 2659 2660
f 314 313 2660
f 312 2658 2659
f 313 312 2659
f 311 2657 2658
f 312 311 2658
f 310 2656 2657
f 311 310 2657
f 309 2655 2656
f 310 309 2656
f 308 2654 2655
f 309 308 2655
f 307 2653 2654
f 308 307 2654
f 307 306 2653
f 322 2668 2669
f 322 321 2668
f 321 2667 2668
f 321 320 2667
f 320 2666 2667
f 320 319 2666
f 319 2665 2666
f 319 318 2665
f 318 2664 2665
f 318 317 2664
f 317 2663 2664
f 317 316 2663
f 316 2662 2663
f 315 2661 2662
f 316 315 2662
f 314 2660 2661
f 330 2676 1879
f 330 329 2676
f 329 2675 2676
f 329 328 2675
f 328 2674 2675
f 328 327 2674
f 327 2673 2674
f 327 326 2673
f 326 2672 2673
f 326 325 2672
f 325 2671 2672
f 325 324 2671
f 324 2670 2671
f 324 323 2670
f 323 2669 2670
f 323 322 2669
f 2681 2665 2682
f 2681 2666 2665
f 2688 2687 2659
f 2688 2659 2658
f 2682 2664 2683
f 2682 2665 2664
f 2687 2686 2660
f 2687 2660 2659
f 2683 2663 2684
f 2683 2664 2663
f 2686 2685 2661
f 2686 2661 2660
f 2684 2662 2685
f 2684 2663 2662
f 2685 2662 2661
f 331 330 1879
f 2677 2669 2678
f 2677 2670 2669
f 2692 2655 2654
f 2692 2691 2655
f 2678 2668 2679
f 2678 2669 2668
f 2691 2690 2656
f 2691 2656 2655
f 2679 2667 2680
f 2679 2668 2667
f 2690 2689 2657
f 2690 2657 2656
f 2680 2666 2681
f 2680 2667 2666
f 2689 2688 2658
f 2689 2658 2657
f 2735 2674 2736
f 2697 2696 2652
f 2736 2674 2673
f 2736 2673 2737
f 2696 2695 2652
f 2737 2672 2738
f 2737 2673 2672
f 2695 2694 2652
f 2738 2671 2739
f 2738 2672 2671
f 2694 2693 2653
f 2694 2653 2652
f 2739 2670 2677
f 2739 2671 2670
f 2693 2692 2654
f 2693 2654 2653
f 267 2700 2652
f 267 2705 2704
f 2727 1879 2728
f 2728 1879 2729
f 2729 1879 2730
f 2730 1879 2731
f 2731 1879 2732
f 2732 1879 2733
f 2700 2699 2652
f 2733 2676 2734
f 2733 1879 2676
f 2699 2698 2652
f 2734 2676 2675
f 2734 2675 2735
f 2698 2697 2652
f 2735 2675 2674
f 94 282 283
f 94 281 282
f 94 280 281
f 94 279 280
f 94 278 279
f 94 277 278
f 94 276 277
f 94 275 276
f 94 274 275
f 94 273 274
f 94 272 273
f 94 271 272
f 267 2704 2703
f 267 2703 2702
f 267 2702 2701
f 267 2701 2700
f 90 2709 91
f 90 2712 2711
f 90 2711 2710
f 90 2710 2709
f 91 2707 92
f 91 2709 2708
f 91 2708 2707
f 92 267 93
f 92 2705 267
f 92 2707 2706
f 92 2706 2705
f 93 271 94
f 93 270 271
f 93 269 270
f 93 268 269
f 93 267 268
f 87 2717 88
f 87 2720 2719
f 87 2719 2718
f 87 2718 2717
f 88 2714 89
f 88 2717 2716
f 88 2716 2715
f 88 2715 2714
f 228 1879 2727
f 228 2727 2726
f 228 2726 2725
f 228 2725 2724
f 228 2724 2723
f 89 2712 90
f 89 2714 2713
f 89 2713 2712
f 84 241 242
f 84 240 241
f 84 239 240
f 84 238 239
f 84 237 238
f 84 236 237
f 84 235 236
f 84 234 235
f 84 233 234
f 84 232 233
f 84 231 232
f 84 230 231
f 84 229 230
f 86 2720 87
f 86 2722 2721
f 86 2721 2720
f 545 2743 2744
f 545 544 2743
f 544 2742 2743
f 544 2741 2742
f 544 543 2741
f 543 542 2741
f 542 2740 2741
f 95 94 283
f 84 83 229
f 85 228 2723
f 85 2722 86
f 85 84 228
f 85 2723 2722
f 84 244 228
f 84 243 244
f 84 242 243
f 554 553 2752
f 553 2750 2751
f 553 552 2750
f 552 551 2750
f 551 2749 2750
f 551 550 2749
f 550 2748 2749
f 550 2747 2748
f 550 549 2747
f 549 548 2747
f 548 2746 2747
f 548 547 2746
f 547 2745 2746
f 547 546 2745
f 546 2744 2745
f 546 545 2744
f 561 2759 2760
f 561 560 2759
f 560 2758 2759
f 560 559 2758
f 559 2757 2758
f 559 558 2757
f 558 2756 2757
f 558 2755 2756
f 556 2754 2755
f 558 557 2755
f 557 556 2755
f 555 2753 2754
f 556 555 2754
f 555 2752 2753
f 553 2751 2752
f 555 554 2752
f 569 2767 2768
f 569 568 2767
f 568 2766 2767
f 568 2765 2766
f 568 567 2765
f 567 566 2765
f 566 2764 2765
f 566 565 2764
f 565 2763 2764
f 565 2762 2763
f 565 564 2762
f 564 563 2762
f 563 2761 2762
f 563 562 2761
f 562 2760 2761
f 562 561 2760
f 578 577 2776
f 577 2774 2775
f 577 576 2774
f 576 575 2774
f 575 2773 2774
f 575 574 2773
f 574 2772 2773
f 574 2771 2772
f 574 573 2771
f 573 572 2771
f 572 2770 2771
f 572 571 2770
f 571 2769 2770
f 571 570 2769
f 570 2768 2769
f 570 569 2768
f 585 2783 2784
f 585 584 2783
f 584 2782 2783
f 583 2781 2782
f 584 583 2782
f 583 2780 2781
f 581 2779 2780
f 583 582 2780
f 582 581 2780
f 580 2778 2779
f 581 580 2779
f 579 2777 2778
f 580 579 2778
f 579 2776 2777
f 577 2775 2776
f 579 578 2776
f 594 593 2792
f 592 2790 2791
f 593 592 2791
f 591 2789 2790
f 592 591 2790
f 590 2788 2789
f 591 590 2789
f 589 2787 2788
f 590 589 2788
f 588 2786 2787
f 589 588 2787
f 588 2785 2786
f 587 2784 2785
f 588 587 2785
f 587 586 2784
f 586 585 2784
f 602 601 2800
f 600 2798 2799
f 601 600 2799
f 599 2797 2798
f 600 599 2798
f 598 2796 2797
f 599 598 2797
f 597 2795 2796
f 598 597 2796
f 596 2794 2795
f 597 596 2795
f 595 2793 2794
f 596 595 2794
f 594 2792 2793
f 595 594 2793
f 593 2791 2792
f 2813 2794 2793
f 2813 2812 2794
f 2809 2797 2810
f 2809 2798 2797
f 2812 2795 2794
f 2812 2811 2795
f 2810 2797 2796
f 2810 2796 2811
f 2811 2796 2795
f 542 604 2740
f 604 2802 2740
f 603 2801 2802
f 604 603 2802
f 602 2800 2801
f 603 602 2801
f 601 2799 2800
f 2804 2801 2805
f 2817 2816 2790
f 2817 2790 2789
f 2805 2801 2800
f 2805 2800 2806
f 2816 2815 2791
f 2816 2791 2790
f 2806 2800 2799
f 2806 2799 2807
f 2815 2814 2792
f 2815 2792 2791
f 2807 2799 2808
f 2814 2793 2792
f 2814 2813 2793
f 2808 2798 2809
f 2808 2799 2798
f 2863 2743 2742
f 2821 2786 2785
f 2821 2820 2786
f 2864 2742 2741
f 2864 2741 2865
f 2820 2819 2787
f 2820 2787 2786
f 2865 2740 2803
f 2865 2741 2740
f 2819 2818 2788
f 2819 2788 2787
f 2803 2740 2802
f 2803 2802 2804
f 2818 2817 2789
f 2818 2789 2788
f 2804 2802 2801
f 2859 2747 2746
f 2825 2782 2781
f 2825 2824 2782
f 2860 2745 2861
f 2860 2746 2745
f 2824 2783 2782
f 2824 2823 2783
f 2861 2744 2862
f 2861 2745 2744
f 2823 2784 2783
f 2823 2822 2784
f 2862 2743 2863
f 2862 2744 2743
f 2822 2785 2784
f 2822 2821 2785
f 2863 2742 2864
f 2777 2829 2778
f 2750 2749 2856
f 2750 2856 2855
f 2778 2829 2828
f 2778 2828 2779
f 2856 2749 2857
f 2749 2748 2857
f 2828 2827 2779
f 2857 2748 2858
f 2779 2827 2780
f 2827 2826 2780
f 2748 2747 2858
f 2858 2747 2859
f 2826 2781 2780
f 2826 2825 2781
f 2859 2746 2860
f 2773 2832 2774
f 2773 2833 2832
f 2754 2753 2852
f 2754 2852 2851
f 2774 2832 2775
f 2753 2853 2852
f 2753 2752 2853
f 2775 2832 2831
f 2775 2831 2830
f 2775 2830 2776
f 2752 2751 2854
f 2752 2854 2853
f 2776 2830 2777
f 2751 2750 2855
f 2751 2855 2854
f 2777 2830 2829
f 2769 2837 2836
f 2769 2836 2770
f 2758 2757 2848
f 2758 2848 2847
f 2770 2836 2835
f 2770 2835 2771
f 2757 2756 2849
f 2757 2849 2848
f 2771 2835 2834
f 2771 2834 2772
f 2756 2755 2850
f 2756 2850 2849
f 2772 2834 2833
f 2772 2833 2773
f 2755 2754 2851
f 2755 2851 2850
f 2765 2840 2766
f 2765 2841 2840
f 2762 2761 2844
f 2762 2844 2843
f 2766 2840 2839
f 2766 2839 2767
f 2761 2760 2845
f 2761 2845 2844
f 2767 2839 2838
f 2767 2838 2768
f 2760 2846 2845
f 2760 2759 2846
f 2768 2838 2837
f 2768 2837 2769
f 2759 2758 2847
f 2759 2847 2846
f 1885 1697 1696
f 1886 1885 1696
f 1884 1698 1697
f 1885 1884 1697
f 1883 1699 1698
f 1884 1883 1698
f 1882 1700 1699
f 1883 1882 1699
f 1881 1691 1700
f 1882 1881 1700
f 1881 1880 1691
f 2764 2763 2842
f 2764 2841 2765
f 2764 2842 2841
f 2763 2843 2842
f 2763 2762 2843
f 2886 2885 2884
f 2893 2892 2894
f 2888 2887 2886
f 2891 2889 2892
f 2890 2889 2891
f 1683 1691 1890
f 1691 1880 1890
f 44 1692 47
f 1889 1693 1692
f 44 1889 1692
f 1888 1694 1693
f 1889 1888 1693
f 1887 1695 1694
f 1888 1887 1694
f 1886 1696 1695
f 1887 1886 1695
f 2888 2886 2875
f 2889 2888 2875
f 2886 2876 2875
f 2903 2901 2904
f 2886 2884 2876
f 2884 2878 2876
f 2878 2877 2876
f 2902 2901 2903
f 2884 2882 2878
f 2882 2881 2878
f 2881 2880 2878
f 2880 2879 2878
f 2900 2899 2901
f 2897 2896 2898
f 2896 2895 2898
f 2884 2883 2882
f 2895 2869 2866
f 2869 2868 2867
f 2911 2910 2912
f 2894 2871 2869
f 2895 2894 2869
f 2871 2870 2869
f 2909 2906 2910
f 2908 2907 2909
f 2907 2906 2909
f 2894 2872 2871
f 2894 2892 2872
f 2892 2889 2872
f 2875 2873 2872
f 2889 2875 2872
f 2875 2874 2873
f 2905 2904 2906
f 2917 2916 2920
f 2918 2917 2919
f 2899 2925 2924
f 2901 2899 2924
f 2927 2926 2925
f 2899 2927 2925
f 2914 2912 2916
f 2915 2914 2916
f 2912 2910 2916
f 2910 2906 2916
f 2866 2928 2927
f 2898 2866 2927
f 2899 2898 2927
f 2913 2912 2914
f 2898 2895 2866
f 2869 2867 2866
f 2955 2954 2961
f 2959 2958 2960
f 2949 2947 2946
f 2950 2949 2946
f 2949 2948 2947
f 2957 2956 2958
f 2953 2952 2950
f 2952 2951 2950
f 2924 2922 2921
f 2920 2906 2921
f 2906 2904 2921
f 2901 2924 2921
f 2904 2901 2921
f 2924 2923 2922
f 2919 2917 2920
f 2916 2906 2920
f 2969 2968 2970
f 2939 2938 2937
f 2961 2954 2968
f 2965 2961 2968
f 2967 2966 2968
f 2966 2965 2968
f 2941 2940 2939
f 2962 2961 2965
f 2964 2962 2965
f 2944 2943 2941
f 2943 2942 2941
f 2963 2962 2964
f 2946 2945 2944
f 2960 2958 2961
f 2958 2956 2961
f 2956 2955 2961
f 2976 2974 2977
f 2935 2930 2929
f 2975 2974 2976
f 2934 2932 2930
f 2935 2934 2930
f 2932 2931 2930
f 2950 2946 2974
f 2973 2950 2974
f 2934 2933 2932
f 2972 2971 2973
f 2971 2950 2973
f 2953 2950 2971
f 2970 2968 2971
f 2954 2953 2971
f 2968 2954 2971
f 2937 2936 2935
f 2937 2935 2984
f 2929 2986 2984
f 2941 2939 2984
f 2939 2937 2984
f 2988 2987 2986
f 2929 2988 2986
f 2980 2941 2981
f 2929 2990 2988
f 2990 2989 2988
f 2946 2944 2980
f 2978 2946 2980
f 2979 2978 2980
f 2944 2941 2980
f 2929 2991 2990
f 2977 2946 2978
f 2974 2946 2977
f 3007 3003 3002
f 3007 3006 3003
f 3006 3005 3003
f 3005 3004 3003
f 3025 3024 3026
f 3024 3023 3026
f 3022 3021 3023
f 3021 3020 3023
f 3019 3018 3020
f 3018 3017 3020
f 3014 3013 3012
f 2981 2941 2984
f 2986 2985 2984
f 2983 2982 2984
f 2935 2929 2984
f 2982 2981 2984
f 3033 3032 3034
f 3032 3026 3034
f 3001 3000 2998
f 3000 2999 2998
f 3031 3030 3032
f 3028 3027 3032
f 3027 3026 3032
f 3030 3028 3032
f 3014 3012 3001
f 3012 3011 3001
f 3011 3010 3001
f 3010 3002 3001
f 3029 3028 3030
f 3010 3009 3002
f 3009 3008 3002
f 3008 3007 3002
f 2993 3054 3053
f 2994 2993 3053
f 2993 2992 3054
f 3037 3034 3038
f 3034 3026 3038
f 2996 2995 2994
f 3036 3034 3037
f 3035 3034 3036
f 3023 3020 2996
f 3020 3017 2996
f 3017 3016 2996
f 3016 3015 2996
f 3015 3014 2996
f 3001 2998 2996
f 2998 2997 2996
f 3014 3001 2996
f 3046 3045 3047
f 3038 3026 3047
f 2996 3050 3047
f 3023 2996 3047
f 3026 3023 3047
f 3050 3049 3048
f 3042 3039 3045
f 3044 3043 3045
f 3043 3042 3045
f 3039 3038 3045
f 2994 3053 3050
f 3053 3052 3050
f 3052 3051 3050
f 2996 2994 3050
f 3041 3040 3042
f 3040 3039 3042
f 3110 3111 2333
f 3112 2331 2332
f 3111 3112 2332
f 3112 3113 2331
f 3113 2330 2331
f 3113 3114 2330
f 3114 2329 2330
f 3114 3115 2329
f 3115 2328 2329
f 3115 3116 2328
f 3116 2327 2328
f 3116 3117 2327
f 3117 2326 2327
f 3117 3055 2326
f 3050 3048 3047
f 3045 3038 3047
f 3102 3103 2341
f 3104 2339 2340
f 3103 3104 2340
f 3105 2338 2339
f 3104 3105 2339
f 3106 2337 2338
f 3105 3106 2338
f 3107 2336 2337
f 3106 3107 2337
f 3108 2335 2336
f 3107 3108 2336
f 3109 2334 2335
f 3108 3109 2335
f 3110 2333 2334
f 3109 3110 2334
f 3111 2332 2333
f 3095 2348 2349
f 3095 3096 2348
f 3096 2347 2348
f 3096 3097 2347
f 3097 2346 2347
f 3097 3098 2346
f 3098 2345 2346
f 3098 3099 2345
f 3099 2344 2345
f 3099 3100 2344
f 3100 2343 2344
f 3100 3101 2343
f 3101 2342 2343
f 3102 2341 2342
f 3101 3102 2342
f 3103 2340 2341
f 3086 3087 2357
f 3088 2355 2356
f 3087 3088 2356
f 3089 2354 2355
f 3088 3089 2355
f 3089 3090 2354
f 3090 2353 2354
f 3091 2352 2353
f 3090 3091 2353
f 3092 2351 2352
f 3091 3092 2352
f 3092 3093 2351
f 3093 2350 2351
f 3093 3094 2350
f 3094 2349 2350
f 3094 3095 2349
f 3078 3079 2365
f 3080 2363 2364
f 3079 3080 2364
f 3081 2362 2363
f 3080 3081 2363
f 3082 2361 2362
f 3081 3082 2362
f 3083 2360 2361
f 3082 3083 2361
f 3084 2359 2360
f 3083 3084 2360
f 3085 2358 2359
f 3084 3085 2359
f 3086 2357 2358
f 3085 3086 2358
f 3087 2356 2357
f 3071 2372 2373
f 3071 3072 2372
f 3072 2371 2372
f 3072 3073 2371
f 3073 2370 2371
f 3073 3074 2370
f 3074 2369 2370
f 3075 2368 2369
f 3074 3075 2369
f 3076 2367 2368
f 3075 3076 2368
f 3077 2366 2367
f 3076 3077 2367
f 3078 2365 2366
f 3077 3078 2366
f 3079 2364 2365
f 3062 3063 2381
f 3064 2379 2380
f 3063 3064 2380
f 3065 2378 2379
f 3064 3065 2379
f 3066 2377 2378
f 3065 3066 2378
f 3067 2376 2377
f 3066 3067 2377
f 3068 2375 2376
f 3067 3068 2376
f 3069 2374 2375
f 3068 3069 2375
f 3070 2373 2374
f 3069 3070 2374
f 3070 3071 2373
f 3055 2388 2326
f 3056 2387 2388
f 3055 3056 2388
f 3057 2386 2387
f 3056 3057 2387
f 3058 2385 2386
f 3057 3058 2386
f 3059 2384 2385
f 3058 3059 2385
f 3060 2383 2384
f 3059 3060 2384
f 3061 2382 2383
f 3060 3061 2383
f 3062 2381 2382
f 3061 3062 2382
f 3063 2380 2381
f 3174 2810 2811
f 3173 3174 2811
f 3175 2809 2810
f 3174 3175 2810
f 3176 2808 2809
f 3175 3176 2809
f 3176 3177 2808
f 3177 2807 2808
f 3177 3178 2807
f 3178 2806 2807
f 3178 3179 2806
f 3179 2805 2806
f 3179 3180 2805
f 3180 2804 2805
f 3180 3118 2804
f 3118 2803 2804
f 3166 2818 2819
f 3165 3166 2819
f 3167 2817 2818
f 3166 3167 2818
f 3168 2816 2817
f 3167 3168 2817
f 3169 2815 2816
f 3168 3169 2816
f 3170 2814 2815
f 3169 3170 2815
f 3171 2813 2814
f 3170 3171 2814
f 3172 2812 2813
f 3171 3172 2813
f 3173 2811 2812
f 3172 3173 2812
f 3157 3158 2827
f 3158 2826 2827
f 3158 3159 2826
f 3159 2825 2826
f 3159 3160 2825
f 3160 2824 2825
f 3160 3161 2824
f 3161 2823 2824
f 3161 3162 2823
f 3162 2822 2823
f 3162 3163 2822
f 3163 2821 2822
f 3163 3164 2821
f 3164 2820 2821
f 3165 2819 2820
f 3164 3165 2820
f 3150 2834 2835
f 3149 3150 2835
f 3151 2833 2834
f 3150 3151 2834
f 3152 2832 2833
f 3151 3152 2833
f 3152 3153 2832
f 3153 2831 2832
f 3154 2830 2831
f 3153 3154 2831
f 3155 2829 2830
f 3154 3155 2830
f 3155 3156 2829
f 3156 2828 2829
f 3156 3157 2828
f 3157 2827 2828
f 3142 2842 2843
f 3141 3142 2843
f 3143 2841 2842
f 3142 3143 2842
f 3144 2840 2841
f 3143 3144 2841
f 3145 2839 2840
f 3144 3145 2840
f 3146 2838 2839
f 3145 3146 2839
f 3147 2837 2838
f 3146 3147 2838
f 3148 2836 2837
f 3147 3148 2837
f 3149 2835 2836
f 3148 3149 2836
f 3134 2850 2851
f 3133 3134 2851
f 3134 3135 2850
f 3135 2849 2850
f 3135 3136 2849
f 3136 2848 2849
f 3136 3137 2848
f 3137 2847 2848
f 3137 3138 2847
f 3138 2846 2847
f 3138 3139 2846
f 3139 2845 2846
f 3140 2844 2845
f 3139 3140 2845
f 3141 2843 2844
f 3140 3141 2844
f 3126 2858 2859
f 3125 3126 2859
f 3127 2857 2858
f 3126 3127 2858
f 3128 2856 2857
f 3127 3128 2857
f 3129 2855 2856
f 3128 3129 2856
f 3130 2854 2855
f 3129 3130 2855
f 3131 2853 2854
f 3130 3131 2854
f 3132 2852 2853
f 3131 3132 2853
f 3132 3133 2852
f 3133 2851 2852
f 3243 3181 2678
f 3181 2677 2678
f 3119 2865 2803
f 3118 3119 2803
f 3120 2864 2865
f 3119 3120 2865
f 3121 2863 2864
f 3120 3121 2864
f 3122 2862 2863
f 3121 3122 2863
f 3123 2861 2862
f 3122 3123 2862
f 3124 2860 2861
f 3123 3124 2861
f 3125 2859 2860
f 3124 3125 2860
f 3236 2685 2686
f 3235 3236 2686
f 3237 2684 2685
f 3236 3237 2685
f 3238 2683 2684
f 3237 3238 2684
f 3239 2682 2683
f 3238 3239 2683
f 3239 3240 2682
f 3240 2681 2682
f 3240 3241 2681
f 3241 2680 2681
f 3241 3242 2680
f 3242 2679 2680
f 3242 3243 2679
f 3243 2678 2679
f 3228 2693 2694
f 3227 3228 2694
f 3229 2692 2693
f 3228 3229 2693
f 3230 2691 2692
f 3229 3230 2692
f 3231 2690 2691
f 3230 3231 2691
f 3232 2689 2690
f 3231 3232 2690
f 3233 2688 2689
f 3232 3233 2689
f 3234 2687 2688
f 3233 3234 2688
f 3235 2686 2687
f 3234 3235 2687
f 3219 3220 2702
f 3220 2701 2702
f 3220 3221 2701
f 3221 2700 2701
f 3221 3222 2700
f 3222 2699 2700
f 3222 3223 2699
f 3223 2698 2699
f 3223 3224 2698
f 3224 2697 2698
f 3224 3225 2697
f 3225 2696 2697
f 3225 3226 2696
f 3226 2695 2696
f 3226 3227 2695
f 3227 2694 2695
f 3212 2709 2710
f 3211 3212 2710
f 3213 2708 2709
f 3212 3213 2709
f 3214 2707 2708
f 3213 3214 2708
f 3215 2706 2707
f 3214 3215 2707
f 3215 3216 2706
f 3216 2705 2706
f 3217 2704 2705
f 3216 3217 2705
f 3218 2703 2704
f 3217 3218 2704
f 3218 3219 2703
f 3219 2702 2703
f 3204 2717 2718
f 3203 3204 2718
f 3205 2716 2717
f 3204 3205 2717
f 3206 2715 2716
f 3205 3206 2716
f 3207 2714 2715
f 3206 3207 2715
f 3208 2713 2714
f 3207 3208 2714
f 3209 2712 2713
f 3208 3209 2713
f 3210 2711 2712
f 3209 3210 2712
f 3211 2710 2711
f 3210 3211 2711
f 3195 3196 2726
f 3196 2725 2726
f 3197 2724 2725
f 3196 3197 2725
f 3197 3198 2724
f 3198 2723 2724
f 3198 3199 2723
f 3199 2722 2723
f 3199 3200 2722
f 3200 2721 2722
f 3200 3201 2721
f 3201 2720 2721
f 3201 3202 2720
f 3202 2719 2720
f 3203 2718 2719
f 3202 3203 2719
f 3188 2733 2734
f 3187 3188 2734
f 3189 2732 2733
f 3188 3189 2733
f 3190 2731 2732
f 3189 3190 2732
f 3191 2730 2731
f 3190 3191 2731
f 3192 2729 2730
f 3191 3192 2730
f 3193 2728 2729
f 3192 3193 2729
f 3194 2727 2728
f 3193 3194 2728
f 3195 2726 2727
f 3194 3195 2727
f 3305 3306 2931
f 3306 2930 2931
f 3306 3244 2930
f 3244 2929 2930
f 3182 2739 2677
f 3181 3182 2677
f 3183 2738 2739
f 3182 3183 2739
f 3184 2737 2738
f 3183 3184 2738
f 3185 2736 2737
f 3184 3185 2737
f 3186 2735 2736
f 3185 3186 2736
f 3187 2734 2735
f 3186 3187 2735
f 3298 2938 2939
f 3297 3298 2939
f 3299 2937 2938
f 3298 3299 2938
f 3300 2936 2937
f 3299 3300 2937
f 3301 2935 2936
f 3300 3301 2936
f 3302 2934 2935
f 3301 3302 2935
f 3302 3303 2934
f 3303 2933 2934
f 3303 3304 2933
f 3304 2932 2933
f 3304 3305 2932
f 3305 2931 2932
f 3289 3290 2947
f 3290 2946 2947
f 3291 2945 2946
f 3290 3291 2946
f 3292 2944 2945
f 3291 3292 2945
f 3293 2943 2944
f 3292 3293 2944
f 3294 2942 2943
f 3293 3294 2943
f 3295 2941 2942
f 3294 3295 2942
f 3296 2940 2941
f 3295 3296 2941
f 3297 2939 2940
f 3296 3297 2940
f 3281 3282 2955
f 3282 2954 2955
f 3282 3283 2954
f 3283 2953 2954
f 3283 3284 2953
f 3284 2952 2953
f 3284 3285 2952
f 3285 2951 2952
f 3285 3286 2951
f 3286 2950 2951
f 3286 3287 2950
f 3287 2949 2950
f 3287 3288 2949
f 3288 2948 2949
f 3288 3289 2948
f 3289 2947 2948
f 3274 2962 2963
f 3273 3274 2963
f 3275 2961 2962
f 3274 3275 2962
f 3276 2960 2961
f 3275 3276 2961
f 3277 2959 2960
f 3276 3277 2960
f 3278 2958 2959
f 3277 3278 2959
f 3278 3279 2958
f 3279 2957 2958
f 3280 2956 2957
f 3279 3280 2957
f 3281 2955 2956
f 3280 3281 2956
f 3266 2970 2971
f 3265 3266 2971
f 3267 2969 2970
f 3266 3267 2970
f 3268 2968 2969
f 3267 3268 2969
f 3269 2967 2968
f 3268 3269 2968
f 3270 2966 2967
f 3269 3270 2967
f 3271 2965 2966
f 3270 3271 2966
f 3272 2964 2965
f 3271 3272 2965
f 3273 2963 2964
f 3272 3273 2964
f 3258 2978 2979
f 3257 3258 2979
f 3258 3259 2978
f 3259 2977 2978
f 3260 2976 2977
f 3259 3260 2977
f 3260 3261 2976
f 3261 2975 2976
f 3261 3262 2975
f 3262 2974 2975
f 3262 3263 2974
f 3263 2973 2974
f 3263 3264 2973
f 3264 2972 2973
f 3264 3265 2972
f 3265 2971 2972
f 3250 2986 2987
f 3249 3250 2987
f 3251 2985 2986
f 3250 3251 2986
f 3252 2984 2985
f 3251 3252 2985
f 3253 2983 2984
f 3252 3253 2984
f 3254 2982 2983
f 3253 3254 2983
f 3255 2981 2982
f 3254 3255 2982
f 3256 2980 2981
f 3255 3256 2981
f 3257 2979 2980
f 3256 3257 2980
f 3367 2504 2505
f 3367 3368 2504
f 3368 2503 2504
f 3368 3369 2503
f 3369 2502 2503
f 3369 3307 2502
f 3245 2991 2929
f 3244 3245 2929
f 3246 2990 2991
f 3245 3246 2991
f 3247 2989 2990
f 3246 3247 2990
f 3248 2988 2989
f 3247 3248 2989
f 3249 2987 2988
f 3248 3249 2988
f 3358 3359 2513
f 3360 2511 2512
f 3359 3360 2512
f 3361 2510 2511
f 3360 3361 2511
f 3362 2509 2510
f 3361 3362 2510
f 3363 2508 2509
f 3362 3363 2509
f 3364 2507 2508
f 3363 3364 2508
f 3364 3365 2507
f 3365 2506 2507
f 3365 3366 2506
f 3366 2505 2506
f 3366 3367 2505
f 3351 2520 2521
f 3351 3352 2520
f 3352 2519 2520
f 3352 3353 2519
f 3353 2518 2519
f 3354 2517 2518
f 3353 3354 2518
f 3355 2516 2517
f 3354 3355 2517
f 3356 2515 2516
f 3355 3356 2516
f 3357 2514 2515
f 3356 3357 2515
f 3358 2513 2514
f 3357 3358 2514
f 3359 2512 2513
f 3342 3343 2529
f 3344 2527 2528
f 3343 3344 2528
f 3344 3345 2527
f 3345 2526 2527
f 3345 3346 2526
f 3346 2525 2526
f 3346 3347 2525
f 3347 2524 2525
f 3347 3348 2524
f 3348 2523 2524
f 3348 3349 2523
f 3349 2522 2523
f 3349 3350 2522
f 3350 2521 2522
f 3350 3351 2521
f 3334 3335 2537
f 3336 2535 2536
f 3335 3336 2536
f 3337 2534 2535
f 3336 3337 2535
f 3338 2533 2534
f 3337 3338 2534
f 3339 2532 2533
f 3338 3339 2533
f 3340 2531 2532
f 3339 3340 2532
f 3341 2530 2531
f 3340 3341 2531
f 3341 3342 2530
f 3342 2529 2530
f 3343 2528 2529
f 3326 3327 2545
f 3328 2543 2544
f 3327 3328 2544
f 3329 2542 2543
f 3328 3329 2543
f 3330 2541 2542
f 3329 3330 2542
f 3331 2540 2541
f 3330 3331 2541
f 3332 2539 2540
f 3331 3332 2540
f 3333 2538 2539
f 3332 3333 2539
f 3334 2537 2538
f 3333 3334 2538
f 3335 2536 2537
f 3318 3319 2553
f 3320 2551 2552
f 3319 3320 2552
f 3321 2550 2551
f 3320 3321 2551
f 3322 2549 2550
f 3321 3322 2550
f 3322 3323 2549
f 3323 2548 2549
f 3323 3324 2548
f 3324 2547 2548
f 3324 3325 2547
f 3325 2546 2547
f 3325 3326 2546
f 3326 2545 2546
f 3327 2544 2545
f 3310 3311 2561
f 3312 2559 2560
f 3311 3312 2560
f 3313 2558 2559
f 3312 3313 2559
f 3314 2557 2558
f 3313 3314 2558
f 3315 2556 2557
f 3314 3315 2557
f 3316 2555 2556
f 3315 3316 2556
f 3317 2554 2555
f 3316 3317 2555
f 3318 2553 2554
f 3317 3318 2554
f 3319 2552 2553
f 3429 3430 2593
f 3430 2592 2593
f 3430 3431 2592
f 3431 2591 2592
f 3431 3432 2591
f 3432 2590 2591
f 3432 3370 2590
f 3370 2589 2590
f 3307 2564 2502
f 3308 2563 2564
f 3307 3308 2564
f 3309 2562 2563
f 3308 3309 2563
f 3310 2561 2562
f 3309 3310 2562
f 3311 2560 2561
f 3422 2600 2601
f 3421 3422 2601
f 3423 2599 2600
f 3422 3423 2600
f 3424 2598 2599
f 3423 3424 2599
f 3425 2597 2598
f 3424 3425 2598
f 3426 2596 2597
f 3425 3426 2597
f 3427 2595 2596
f 3426 3427 2596
f 3428 2594 2595
f 3427 3428 2595
f 3428 3429 2594
f 3429 2593 2594
f 3413 3414 2609
f 3414 2608 2609
f 3414 3415 2608
f 3415 2607 2608
f 3415 3416 2607
f 3416 2606 2607
f 3417 2605 2606
f 3416 3417 2606
f 3418 2604 2605
f 3417 3418 2605
f 3419 2603 2604
f 3418 3419 2604
f 3420 2602 2603
f 3419 3420 2603
f 3421 2601 2602
f 3420 3421 2602
f 3406 2616 2617
f 3405 3406 2617
f 3407 2615 2616
f 3406 3407 2616
f 3407 3408 2615
f 3408 2614 2615
f 3408 3409 2614
f 3409 2613 2614
f 3409 3410 2613
f 3410 2612 2613
f 3410 3411 2612
f 3411 2611 2612
f 3411 3412 2611
f 3412 2610 2611
f 3412 3413 2610
f 3413 2609 2610
f 3398 2624 2625
f 3397 3398 2625
f 3399 2623 2624
f 3398 3399 2624
f 3400 2622 2623
f 3399 3400 2623
f 3401 2621 2622
f 3400 3401 2622
f 3402 2620 2621
f 3401 3402 2621
f 3403 2619 2620
f 3402 3403 2620
f 3404 2618 2619
f 3403 3404 2619
f 3404 3405 2618
f 3405 2617 2618
f 3389 3390 2633
f 3390 2632 2633
f 3390 3391 2632
f 3391 2631 2632
f 3392 2630 2631
f 3391 3392 2631
f 3393 2629 2630
f 3392 3393 2630
f 3394 2628 2629
f 3393 3394 2629
f 3395 2627 2628
f 3394 3395 2628
f 3396 2626 2627
f 3395 3396 2627
f 3397 2625 2626
f 3396 3397 2626
f 3382 2640 2641
f 3381 3382 2641
f 3383 2639 2640
f 3382 3383 2640
f 3384 2638 2639
f 3383 3384 2639
f 3384 3385 2638
f 3385 2637 2638
f 3386 2636 2637
f 3385 3386 2637
f 3386 3387 2636
f 3387 2635 2636
f 3387 3388 2635
f 3388 2634 2635
f 3388 3389 2634
f 3389 2633 2634
f 3374 2648 2649
f 3373 3374 2649
f 3375 2647 2648
f 3374 3375 2648
f 3376 2646 2647
f 3375 3376 2647
f 3377 2645 2646
f 3376 3377 2646
f 3378 2644 2645
f 3377 3378 2645
f 3379 2643 2644
f 3378 3379 2644
f 3380 2642 2643
f 3379 3380 2643
f 3381 2641 2642
f 3380 3381 2642
f 3491 2870 2871
f 3491 3492 2870
f 3492 2869 2870
f 3492 3493 2869
f 3493 2868 2869
f 3493 3494 2868
f 3494 2867 2868
f 3494 3495 2867
f 3495 2866 2867
f 3495 3433 2866
f 3371 2651 2589
f 3370 3371 2589
f 3372 2650 2651
f 3371 3372 2651
f 3373 2649 2650
f 3372 3373 2650
f 3482 3483 2879
f 3484 2877 2878
f 3483 3484 2878
f 3485 2876 2877
f 3484 3485 2877
f 3486 2875 2876
f 3485 3486 2876
f 3487 2874 2875
f 3486 3487 2875
f 3488 2873 2874
f 3487 3488 2874
f 3489 2872 2873
f 3488 3489 2873
f 3490 2871 2872
f 3489 3490 2872
f 3490 3491 2871
f 3475 2886 2887
f 3475 3476 2886
f 3476 2885 2886
f 3476 3477 2885
f 3477 2884 2885
f 3477 3478 2884
f 3478 2883 2884
f 3478 3479 2883
f 3479 2882 2883
f 3480 2881 2882
f 3479 3480 2882
f 3481 2880 2881
f 3480 3481 2881
f 3482 2879 2880
f 3481 3482 2880
f 3483 2878 2879
f 3466 3467 2895
f 3467 3468 2894
f 3468 2893 2894
f 3469 2892 2893
f 3468 3469 2893
f 3470 2891 2892
f 3469 3470 2892
f 3470 3471 2891
f 3471 2890 2891
f 3471 3472 2890
f 3472 2889 2890
f 3472 3473 2889
f 3473 2888 2889
f 3473 3474 2888
f 3474 2887 2888
f 3474 3475 2887
f 3458 3459 2903
f 3460 2901 2902
f 3459 3460 2902
f 3461 2900 2901
f 3460 3461 2901
f 3462 2899 2900
f 3461 3462 2900
f 3463 2898 2899
f 3462 3463 2899
f 3464 2897 2898
f 3463 3464 2898
f 3465 2896 2897
f 3464 3465 2897
f 3466 2895 2896
f 3465 3466 2896
f 3467 2894 2895
f 3451 2910 2911
f 3451 3452 2910
f 3452 2909 2910
f 3453 2908 2909
f 3452 3453 2909
f 3454 2907 2908
f 3453 3454 2908
f 3455 2906 2907
f 3454 3455 2907
f 3456 2905 2906
f 3455 3456 2906
f 3457 2904 2905
f 3456 3457 2905
f 3458 2903 2904
f 3457 3458 2904
f 3459 2902 2903
f 3442 3443 2919
f 3444 2917 2918
f 3443 3444 2918
f 3445 2916 2917
f 3444 3445 2917
f 3446 2915 2916
f 3445 3446 2916
f 3447 2914 2915
f 3446 3447 2915
f 3448 2913 2914
f 3447 3448 2914
f 3448 3449 2913
f 3449 2912 2913
f 3449 3450 2912
f 3450 2911 2912
f 3450 3451 2911
f 3434 3435 2927
f 3436 2925 2926
f 3435 3436 2926
f 3437 2924 2925
f 3436 3437 2925
f 3438 2923 2924
f 3437 3438 2924
f 3439 2922 2923
f 3438 3439 2923
f 3440 2921 2922
f 3439 3440 2922
f 3441 2920 2921
f 3440 3441 2921
f 3442 2919 2920
f 3441 3442 2920
f 3443 2918 2919
f 3554 2997 2998
f 3553 3554 2998
f 3554 3555 2997
f 3555 2996 2997
f 3555 3556 2996
f 3556 2995 2996
f 3556 3557 2995
f 3557 2994 2995
f 3557 3558 2994
f 3558 2993 2994
f 3558 3496 2993
f 3496 2992 2993
f 3433 2928 2866
f 3434 2927 2928
f 3433 3434 2928
f 3435 2926 2927
f 3546 3005 3006
f 3545 3546 3006
f 3547 3004 3005
f 3546 3547 3005
f 3548 3003 3004
f 3547 3548 3004
f 3549 3002 3003
f 3548 3549 3003
f 3550 3001 3002
f 3549 3550 3002
f 3551 3000 3001
f 3550 3551 3001
f 3552 2999 3000
f 3551 3552 3000
f 3553 2998 2999
f 3552 3553 2999
f 3537 3538 3014
f 3538 3013 3014
f 3538 3539 3013
f 3539 3012 3013
f 3539 3540 3012
f 3540 3011 3012
f 3540 3541 3011
f 3541 3010 3011
f 3541 3542 3010
f 3542 3009 3010
f 3543 3008 3009
f 3542 3543 3009
f 3544 3007 3008
f 3543 3544 3008
f 3545 3006 3007
f 3544 3545 3007
f 3530 3021 3022
f 3529 3530 3022
f 3530 3531 3021
f 3531 3020 3021
f 3532 3019 3020
f 3531 3532 3020
f 3533 3018 3019
f 3532 3533 3019
f 3533 3534 3018
f 3534 3017 3018
f 3534 3535 3017
f 3535 3016 3017
f 3535 3536 3016
f 3536 3015 3016
f 3536 3537 3015
f 3537 3014 3015
f 3522 3029 3030
f 3521 3522 3030
f 3523 3028 3029
f 3522 3523 3029
f 3524 3027 3028
f 3523 3524 3028
f 3525 3026 3027
f 3524 3525 3027
f 3526 3025 3026
f 3525 3526 3026
f 3527 3024 3025
f 3526 3527 3025
f 3528 3023 3024
f 3527 3528 3024
f 3529 3022 3023
f 3528 3529 3023
f 3513 3514 3038
f 3514 3037 3038
f 3514 3515 3037
f 3515 3036 3037
f 3515 3516 3036
f 3516 3035 3036
f 3516 3517 3035
f 3517 3034 3035
f 3518 3033 3034
f 3517 3518 3034
f 3519 3032 3033
f 3518 3519 3033
f 3520 3031 3032
f 3519 3520 3032
f 3521 3030 3031
f 3520 3521 3031
f 3506 3045 3046
f 3505 3506 3046
f 3507 3044 3045
f 3506 3507 3045
f 3508 3043 3044
f 3507 3508 3044
f 3509 3042 3043
f 3508 3509 3043
f 3510 3041 3042
f 3509 3510 3042
f 3510 3511 3041
f 3511 3040 3041
f 3512 3039 3040
f 3511 3512 3040
f 3512 3513 3039
f 3513 3038 3039
f 3498 3053 3054
f 3497 3498 3054
f 3499 3052 3053
f 3498 3499 3053
f 3500 3051 3052
f 3499 3500 3052
f 3501 3050 3051
f 3500 3501 3051
f 3502 3049 3050
f 3501 3502 3050
f 3503 3048 3049
f 3502 3503 3049
f 3504 3047 3048
f 3503 3504 3048
f 3505 3046 3047
f 3504 3505 3047
f 3614 3615 2420
f 3616 2418 2419
f 3615 3616 2419
f 3616 3617 2418
f 3617 2417 2418
f 3617 3618 2417
f 3618 2416 2417
f 3618 3619 2416
f 3619 2415 2416
f 3619 3620 2415
f 3620 2414 2415
f 3620 3621 2414
f 3621 2413 2414
f 3621 3559 2413
f 3497 3054 2992
f 3496 3497 2992
f 3606 3607 2428
f 3608 2426 2427
f 3607 3608 2427
f 3609 2425 2426
f 3608 3609 2426
f 3610 2424 2425
f 3609 3610 2425
f 3611 2423 2424
f 3610 3611 2424
f 3612 2422 2423
f 3611 3612 2423
f 3613 2421 2422
f 3612 3613 2422
f 3614 2420 2421
f 3613 3614 2421
f 3615 2419 2420
f 3599 2435 2436
f 3599 3600 2435
f 3600 2434 2435
f 3600 3601 2434
f 3601 2433 2434
f 3601 3602 2433
f 3602 2432 2433
f 3602 3603 2432
f 3603 2431 2432
f 3603 3604 2431
f 3604 2430 2431
f 3604 3605 2430
f 3605 2429 2430
f 3606 2428 2429
f 3605 3606 2429
f 3607 2427 2428
f 3590 3591 2444
f 3592 2442 2443
f 3591 3592 2443
f 3593 2441 2442
f 3592 3593 2442
f 3593 3594 2441
f 3594 2440 2441
f 3595 2439 2440
f 3594 3595 2440
f 3596 2438 2439
f 3595 3596 2439
f 3596 3597 2438
f 3597 2437 2438
f 3597 3598 2437
f 3598 2436 2437
f 3598 3599 2436
f 3582 3583 2452
f 3584 2450 2451
f 3583 3584 2451
f 3585 2449 2450
f 3584 3585 2450
f 3586 2448 2449
f 3585 3586 2449
f 3587 2447 2448
f 3586 3587 2448
f 3588 2446 2447
f 3587 3588 2447
f 3589 2445 2446
f 3588 3589 2446
f 3590 2444 2445
f 3589 3590 2445
f 3591 2443 2444
f 3575 2459 2460
f 3575 3576 2459
f 3576 2458 2459
f 3576 3577 2458
f 3577 2457 2458
f 3577 3578 2457
f 3578 2456 2457
f 3579 2455 2456
f 3578 3579 2456
f 3580 2454 2455
f 3579 3580 2455
f 3581 2453 2454
f 3580 3581 2454
f 3582 2452 2453
f 3581 3582 2453
f 3583 2451 2452
f 3566 3567 2468
f 3568 2466 2467
f 3567 3568 2467
f 3569 2465 2466
f 3568 3569 2466
f 3570 2464 2465
f 3569 3570 2465
f 3571 2463 2464
f 3570 3571 2464
f 3572 2462 2463
f 3571 3572 2463
f 3573 2461 2462
f 3572 3573 2462
f 3574 2460 2461
f 3573 3574 2461
f 3574 3575 2460
f 3559 2475 2413
f 3560 2474 2475
f 3559 3560 2475
f 3561 2473 2474
f 3560 3561 2474
f 3562 2472 2473
f 3561 3562 2473
f 3563 2471 2472
f 3562 3563 2472
f 3564 2470 2471
f 3563 3564 2471
f 3565 2469 2470
f 3564 3565 2470
f 3566 2468 2469
f 3565 3566 2469
f 3567 2467 2468
f 149 3105 3104
f 150 149 3104
f 3115 147 3116
f 147 146 3116
f 149 3106 3105
f 3114 147 3115
f 149 3107 3106
f 3113 147 3114
f 149 3108 3107
f 3112 147 3113
f 148 3109 3108
f 149 148 3108
f 3111 148 3112
f 148 147 3112
f 148 3110 3109
f 3110 148 3111
f 3061 144 3062
f 3060 144 3061
f 3059 145 3060
f 145 144 3060
f 3058 145 3059
f 3057 145 3058
f 151 3101 3100
f 3056 146 3057
f 146 145 3057
f 150 3102 3101
f 151 150 3101
f 3055 146 3056
f 150 3103 3102
f 3117 146 3055
f 150 3104 3103
f 3116 146 3117
f 153 3296 3295
f 3302 3099 3303
f 3099 3098 3303
f 152 3297 3296
f 153 152 3296
f 3301 3100 3302
f 3100 3099 3302
f 152 3298 3297
f 151 3100 3301
f 3300 151 3301
f 3063 143 3064
f 152 3299 3298
f 3299 151 3300
f 152 151 3299
f 3062 144 3063
f 144 143 3063
f 3066 142 3067
f 3306 3095 3244
f 3095 3094 3244
f 154 3293 3292
f 3305 3096 3306
f 3096 3095 3306
f 3065 142 3066
f 154 3294 3293
f 3304 3097 3305
f 3097 3096 3305
f 153 3295 3294
f 154 153 3294
f 3303 3098 3304
f 3098 3097 3304
f 3064 143 3065
f 143 142 3065
f 3366 154 3367
f 3093 3092 3246
f 3245 3093 3246
f 157 3359 3358
f 3365 155 3366
f 155 154 3366
f 156 3360 3359
f 157 156 3359
f 3364 155 3365
f 3244 3094 3245
f 3094 3093 3245
f 156 3361 3360
f 3363 155 3364
f 156 3362 3361
f 3362 156 3363
f 156 155 3363
f 3091 3090 3248
f 3247 3091 3248
f 3369 3289 3307
f 3289 3288 3307
f 158 157 3355
f 157 3356 3355
f 3290 3289 3369
f 3368 3290 3369
f 3092 3091 3247
f 3246 3092 3247
f 157 3357 3356
f 3291 3290 3368
f 3367 3291 3368
f 157 3358 3357
f 154 3292 3367
f 3292 3291 3367
f 159 158 3351
f 158 3352 3351
f 3309 3286 3310
f 3286 3285 3310
f 3089 3088 3250
f 3088 3087 3250
f 3249 3089 3250
f 158 3353 3352
f 3308 3287 3309
f 3287 3286 3309
f 3090 3089 3249
f 3248 3090 3249
f 158 3354 3353
f 3307 3288 3308
f 3288 3287 3308
f 158 3355 3354
f 3253 3084 3254
f 159 3349 3348
f 3313 3283 3282
f 3312 3283 3313
f 3085 3084 3253
f 3252 3085 3253
f 159 3350 3349
f 3284 3283 3312
f 3311 3284 3312
f 3251 3086 3252
f 3086 3085 3252
f 159 3351 3350
f 3310 3285 3311
f 3285 3284 3311
f 3087 3086 3251
f 3250 3087 3251
f 3081 3080 3257
f 3256 3081 3257
f 160 3346 3345
f 3315 3280 3316
f 3082 3081 3256
f 3255 3082 3256
f 160 3347 3346
f 3315 3281 3280
f 3314 3281 3315
f 3083 3082 3255
f 3254 3083 3255
f 159 3348 3347
f 160 159 3347
f 3314 3282 3281
f 3313 3282 3314
f 3084 3083 3254
f 3277 3276 3320
f 161 3343 3342
f 3259 3078 3260
f 3318 3278 3319
f 3278 3277 3319
f 3079 3078 3259
f 3258 3079 3259
f 161 3344 3343
f 160 3344 161
f 3317 3279 3318
f 3279 3278 3318
f 3080 3079 3258
f 3257 3080 3258
f 160 3345 3344
f 3316 3280 3317
f 3280 3279 3317
f 3341 3340 162
f 3340 3339 162
f 3325 3271 3326
f 3271 3270 3326
f 3324 3272 3325
f 3272 3271 3325
f 3323 3273 3324
f 3273 3272 3324
f 3322 3274 3323
f 3274 3273 3323
f 3321 3275 3322
f 3275 3274 3322
f 3320 3276 3321
f 3276 3275 3321
f 161 3342 3341
f 3319 3277 3320
f 3068 3610 3609
f 3618 202 3619
f 3068 3067 3610
f 142 3611 3610
f 3067 142 3610
f 3617 202 3618
f 142 3612 3611
f 203 202 3617
f 3616 203 3617
f 204 3613 3612
f 142 204 3612
f 3615 203 3616
f 204 3614 3613
f 3614 203 3615
f 204 203 3614
f 161 3341 162
f 3072 3606 3605
f 3559 201 3560
f 162 3339 163
f 3339 3338 163
f 3338 3337 163
f 3071 3607 3606
f 3072 3071 3606
f 3621 201 3559
f 3070 3608 3607
f 3071 3070 3607
f 3620 201 3621
f 3069 3609 3608
f 3070 3069 3608
f 3619 202 3620
f 202 201 3620
f 3069 3068 3609
f 3077 3076 3600
f 3076 3601 3600
f 3564 200 3565
f 3076 3602 3601
f 3563 200 3564
f 3076 3075 3602
f 3075 3603 3602
f 3562 200 3563
f 3075 3074 3603
f 3074 3073 3603
f 3073 3604 3603
f 3561 200 3562
f 3073 3605 3604
f 201 200 3561
f 3560 201 3561
f 3073 3072 3605
f 3576 3575 197
f 3575 3574 197
f 3574 3573 197
f 3573 198 197
f 3573 3572 198
f 3572 3571 198
f 3571 3570 198
f 3570 3569 198
f 3569 199 198
f 3568 199 3569
f 3567 199 3568
f 3566 199 3567
f 3078 3077 3599
f 3077 3600 3599
f 3565 200 199
f 3566 3565 199
f 3587 3586 3555
f 3554 3587 3555
f 3595 3594 3548
f 3594 3549 3548
f 3553 3588 3554
f 3588 3587 3554
f 3594 3593 3549
f 3593 3550 3549
f 3552 3590 3553
f 3590 3589 3553
f 3589 3588 3553
f 3593 3592 3550
f 3592 3551 3550
f 3591 3590 3552
f 3551 3591 3552
f 3592 3591 3551
f 3583 3582 3496
f 3558 3583 3496
f 3598 3545 3544
f 3599 3598 3544
f 3584 3583 3558
f 3557 3584 3558
f 3597 3546 3545
f 3598 3597 3545
f 3585 3584 3557
f 3556 3585 3557
f 3596 3547 3546
f 3597 3596 3546
f 3586 3585 3556
f 3555 3586 3556
f 3596 3595 3547
f 3595 3548 3547
f 164 163 3422
f 163 3423 3422
f 3334 3333 3428
f 3333 3332 3428
f 3427 3334 3428
f 163 3424 3423
f 3426 3334 3427
f 163 3337 3424
f 3337 3336 3424
f 3336 3425 3424
f 3335 3334 3426
f 3425 3335 3426
f 3336 3335 3425
f 3260 3078 3543
f 3599 3544 3543
f 3078 3599 3543
f 3430 3331 3431
f 3263 3262 3541
f 3262 3542 3541
f 3581 3580 3498
f 3497 3581 3498
f 164 3421 3420
f 165 164 3420
f 3429 3331 3430
f 164 3422 3421
f 3332 3331 3429
f 3428 3332 3429
f 3262 3261 3542
f 3261 3260 3542
f 3260 3543 3542
f 3582 3581 3497
f 3496 3582 3497
f 3264 3540 3539
f 3579 3578 3500
f 3499 3579 3500
f 165 3418 3417
f 166 165 3417
f 3432 3329 3370
f 3329 3328 3370
f 3264 3263 3540
f 3263 3541 3540
f 165 3419 3418
f 3431 3329 3432
f 3580 3579 3499
f 3498 3580 3499
f 165 3420 3419
f 3331 3330 3431
f 3330 3329 3431
f 166 3415 3414
f 3577 196 3502
f 3501 3577 3502
f 166 3416 3415
f 3576 197 196
f 3577 3576 196
f 3326 3270 3372
f 3371 3326 3372
f 3265 3539 3538
f 3578 3577 3501
f 3500 3578 3501
f 166 3417 3416
f 3370 3328 3371
f 3328 3327 3371
f 3327 3326 3371
f 3265 3264 3539
f 3410 3409 168
f 3409 3408 168
f 3408 3407 168
f 3407 3406 168
f 167 3410 168
f 3504 196 195
f 3507 3506 195
f 3506 3505 195
f 3505 3504 195
f 167 3411 3410
f 167 3412 3411
f 167 3413 3412
f 3503 196 3504
f 3414 3413 167
f 166 3414 167
f 3502 196 3503
f 3378 3485 3484
f 3491 3270 3492
f 3270 3269 3492
f 3377 3486 3485
f 3378 3377 3485
f 3490 3372 3491
f 3372 3270 3491
f 3376 3487 3486
f 3377 3376 3486
f 3373 3372 3490
f 3489 3373 3490
f 3376 3375 3487
f 3375 3488 3487
f 3488 3374 3489
f 3374 3373 3489
f 3375 3374 3488
f 3538 3537 3433
f 3495 3266 3433
f 3383 3382 3481
f 3382 3381 3481
f 3381 3482 3481
f 3267 3266 3495
f 3494 3267 3495
f 3381 3380 3482
f 3380 3483 3482
f 3268 3267 3494
f 3493 3268 3494
f 3380 3379 3483
f 3379 3484 3483
f 3269 3268 3493
f 3492 3269 3493
f 3379 3378 3484
f 3535 3534 3436
f 3385 3479 3478
f 3386 3385 3478
f 3434 3536 3435
f 3536 3535 3435
f 3385 3384 3479
f 3384 3480 3479
f 3509 3508 194
f 3508 3507 194
f 3507 195 194
f 3537 3536 3434
f 3433 3537 3434
f 3384 3383 3480
f 3383 3481 3480
f 3266 3265 3433
f 3265 3538 3433
f 3523 3522 3173
f 3388 3476 3475
f 3389 3388 3475
f 3437 3533 3438
f 3388 3387 3476
f 3387 3477 3476
f 3436 3534 3437
f 3534 3533 3437
f 168 3406 169
f 3406 3405 169
f 3405 3404 169
f 3404 3403 169
f 3403 3402 169
f 3386 3478 3477
f 3387 3386 3477
f 3435 3535 3436
f 3525 3170 3169
f 3519 3518 3177
f 3176 3519 3177
f 3525 3524 3170
f 3524 3171 3170
f 3520 3519 3176
f 3175 3520 3176
f 3523 3172 3171
f 3524 3523 3171
f 3521 3520 3175
f 3174 3521 3175
f 3390 3389 3474
f 3389 3475 3474
f 3523 3173 3172
f 3522 3521 3174
f 3173 3522 3174
f 3528 3167 3166
f 3516 3515 3180
f 3179 3516 3180
f 3392 3391 3472
f 3391 3473 3472
f 3528 3527 3167
f 3527 3168 3167
f 3517 3516 3179
f 3178 3517 3179
f 3527 3526 3168
f 3526 3169 3168
f 3518 3517 3178
f 3177 3518 3178
f 3390 3474 3473
f 3391 3390 3473
f 3526 3525 3169
f 3393 3471 3470
f 3394 3393 3470
f 3531 3530 3164
f 3530 3165 3164
f 3118 3514 3119
f 3514 3513 3119
f 3393 3392 3471
f 3392 3472 3471
f 3530 3529 3165
f 3529 3166 3165
f 3509 194 193
f 3511 3510 193
f 3510 3509 193
f 3180 3515 3118
f 3515 3514 3118
f 3529 3528 3166
f 3121 193 3122
f 3533 3532 3162
f 3532 3163 3162
f 3511 193 3121
f 3512 3511 3121
f 3120 3512 3121
f 3394 3470 3469
f 3402 3401 170
f 3401 3400 170
f 3400 3399 170
f 3399 3398 170
f 169 3402 170
f 3532 3531 3163
f 3531 3164 3163
f 3513 3512 3120
f 3119 3513 3120
f 3447 3446 3234
f 3443 3442 3238
f 3237 3443 3238
f 3445 3236 3235
f 3446 3445 3235
f 3444 3443 3237
f 3236 3444 3237
f 3445 3444 3236
f 3398 3397 171
f 3397 3396 171
f 3396 3395 171
f 170 3398 171
f 3122 193 192
f 3125 3124 192
f 3124 3123 192
f 3123 3122 192
f 3439 3438 3242
f 3241 3439 3242
f 3533 3162 3242
f 3438 3533 3242
f 3448 3232 3231
f 3449 3448 3231
f 3440 3439 3241
f 3240 3440 3241
f 3448 3233 3232
f 3441 3440 3240
f 3239 3441 3240
f 3447 3234 3233
f 3448 3447 3233
f 3442 3441 3239
f 3238 3442 3239
f 3446 3235 3234
f 3160 3159 3182
f 3452 3451 3228
f 3451 3229 3228
f 3243 3161 3181
f 3161 3160 3181
f 3125 192 191
f 3129 3128 191
f 3128 3127 191
f 3127 3126 191
f 3126 3125 191
f 3450 3230 3229
f 3451 3450 3229
f 3162 3161 3243
f 3242 3162 3243
f 3450 3449 3230
f 3449 3231 3230
f 3454 3226 3225
f 3455 3454 3225
f 3158 3157 3184
f 3183 3158 3184
f 3453 3227 3226
f 3454 3453 3226
f 3159 3158 3183
f 3182 3159 3183
f 3394 3469 172
f 3395 3394 172
f 171 3395 172
f 3469 3468 172
f 3468 3467 172
f 3452 3228 3227
f 3453 3452 3227
f 3181 3160 3182
f 3131 3130 190
f 3130 3129 190
f 3154 3153 3188
f 3187 3154 3188
f 3457 3223 3222
f 3458 3457 3222
f 3155 3154 3187
f 3186 3155 3187
f 3456 3224 3223
f 3457 3456 3223
f 3185 3156 3186
f 3156 3155 3186
f 3456 3455 3224
f 3455 3225 3224
f 3184 3157 3185
f 3157 3156 3185
f 3134 3133 189
f 3189 3152 3190
f 3152 3151 3190
f 172 3467 173
f 3467 3466 173
f 3466 3465 173
f 3465 3464 173
f 3459 3221 3220
f 3460 3459 3220
f 3153 3152 3189
f 3188 3153 3189
f 3458 3222 3221
f 3459 3458 3221
f 3129 191 190
f 3133 3132 190
f 3132 3131 190
f 3220 3219 175
f 3460 3220 175
f 3462 3461 175
f 3461 3460 175
f 3137 189 188
f 3141 3140 188
f 3140 3139 188
f 3139 3138 188
f 3138 3137 188
f 173 3464 174
f 3464 3463 174
f 3463 3462 174
f 3133 190 189
f 3137 3136 189
f 3136 3135 189
f 3135 3134 189
f 3214 3213 177
f 3213 3212 177
f 176 3216 177
f 3147 3146 186
f 3146 3145 186
f 3145 3144 186
f 3144 187 186
f 3219 3218 176
f 3218 3217 176
f 3217 3216 176
f 175 3219 176
f 3144 3143 187
f 3143 3142 187
f 3142 3141 187
f 3141 188 187
f 174 3462 175
f 3192 3191 184
f 3191 3190 184
f 3149 185 184
f 3190 3151 184
f 3151 3150 184
f 3150 3149 184
f 3212 3211 178
f 3211 3210 178
f 3210 3209 178
f 3209 3208 178
f 177 3212 178
f 3149 3148 185
f 3148 3147 185
f 3147 186 185
f 3216 3215 177
f 3215 3214 177
f 3196 3195 182
f 3195 3194 182
f 3194 183 182
f 179 3204 180
f 3204 3203 180
f 3203 3202 180
f 3202 3201 180
f 3201 3200 180
f 3194 3193 183
f 3193 3192 183
f 3192 184 183
f 178 3208 179
f 3208 3207 179
f 3207 3206 179
f 3206 3205 179
f 3205 3204 179
f 137 142 143
f 140 139 142
f 28 29 12
f 28 12 11
f 29 30 13
f 29 13 12
f 30 31 14
f 30 14 13
f 7 8 25
f 31 15 14
f 180 3200 181
f 3200 3199 181
f 3199 3198 181
f 3198 3197 181
f 3197 182 181
f 3197 3196 182
f 120 156 157
f 121 122 155
f 121 155 156
f 122 123 154
f 122 154 155
f 124 127 123
f 123 127 153
f 123 153 154
f 127 126 153
f 126 125 128
f 126 128 152
f 126 152 153
f 128 129 151
f 128 151 152
f 129 130 150
f 129 150 151
f 9 10 27
f 2 17 16
f 137 140 142
f 137 143 144
f 130 131 149
f 2 18 17
f 4963 4981 4951
f 3801 3767 3768
f 3801 3766 3767
f 3800 3798 3777
f 3800 3778 3779
f 3800 3777 3778
f 3799 3795 3796
f 3799 3797 3795
f 3798 3796 3775
f 3798 3776 3777
f 3798 3775 3776
f 3797 3770 3795
f 3797 3769 3770
f 3796 3774 3775
f 3796 3773 3774
f 3796 3795 3773
f 3795 3772 3773
f 3806 3781 3782
f 3806 3803 3781
f 3805 3798 3800
f 3805 3802 3798
f 3804 3797 3799
f 3804 3801 3797
f 3804 3766 3801
f 3804 3765 3766
f 3804 3764 3765
f 3803 3780 3781
f 3803 3779 3780
f 3803 3800 3779
f 3802 3796 3798
f 3802 3799 3796
f 3801 3769 3797
f 3801 3768 3769
f 3811 3803 3806
f 3810 3802 3805
f 3810 3807 3802
f 3810 3762 3807
f 3810 3761 3762
f 3810 3760 3761
f 3809 3806 3782
f 3809 3783 3784
f 3809 3782 3783
f 3808 3805 3800
f 3808 3800 3803
f 3807 3764 3804
f 3807 3799 3802
f 3807 3804 3799
f 3807 3763 3764
f 3807 3762 3763
f 3815 3748 3757
f 3815 3749 3748
f 3814 3809 3749
f 3814 3806 3809
f 3814 3811 3806
f 3813 3805 3808
f 3813 3810 3805
f 3813 3760 3810
f 3813 3759 3760
f 3812 3749 3809
f 3812 3786 3750
f 3812 3809 3784
f 3812 3785 3786
f 3812 3784 3785
f 3812 3750 3749
f 3811 3808 3803
f 3834 3835 3845
f 3836 3843 3844
f 3835 3836 3844
f 3837 3842 3843
f 3836 3837 3843
f 3838 3841 3842
f 3837 3838 3842
f 3839 3840 3841
f 3838 3839 3841
f 3815 3759 3813
f 3815 3811 3814
f 3815 3814 3749
f 3815 3813 3808
f 3815 3808 3811
f 3815 3758 3759
f 3815 3757 3758
f 3827 3852 3853
f 3827 3828 3852
f 3828 3851 3852
f 3829 3850 3851
f 3828 3829 3851
f 3830 3849 3850
f 3829 3830 3850
f 3831 3848 3849
f 3830 3831 3849
f 3832 3847 3848
f 3831 3832 3848
f 3833 3846 3847
f 3832 3833 3847
f 3834 3845 3846
f 3833 3834 3846
f 3835 3844 3845
f 3817 3818 3861
f 3820 3859 3860
f 3819 3820 3860
f 3821 3858 3859
f 3820 3821 3859
f 3822 3857 3858
f 3821 3822 3858
f 3823 3856 3857
f 3822 3823 3857
f 3824 3855 3856
f 3823 3824 3856
f 3825 3854 3855
f 3824 3825 3855
f 3826 3853 3854
f 3825 3826 3854
f 3826 3827 3853
f 3908 3871 3872
f 3871 3909 3870
f 3909 3910 3869
f 3909 3869 3870
f 3869 3910 3868
f 3910 3864 3867
f 3910 3867 3868
f 3867 3864 3866
f 3864 3865 3866
f 3816 3863 3770
f 3769 3816 3770
f 3816 3862 3863
f 3817 3861 3862
f 3816 3817 3862
f 3819 3860 3861
f 3818 3819 3861
f 3914 3913 3879
f 3914 3879 3880
f 3913 3912 3878
f 3913 3878 3879
f 3912 3906 3911
f 3912 3911 3876
f 3912 3877 3878
f 3912 3876 3877
f 3911 3907 3874
f 3911 3906 3907
f 3911 3875 3876
f 3911 3874 3875
f 3907 3908 3873
f 3907 3873 3874
f 3873 3908 3872
f 3908 3909 3871
f 3919 3906 3915
f 3919 3905 3906
f 3919 3904 3905
f 3919 3903 3904
f 3918 3884 3885
f 3918 3883 3884
f 3918 3916 3883
f 3917 3915 3914
f 3917 3914 3916
f 3916 3914 3881
f 3916 3882 3883
f 3916 3881 3882
f 3915 3906 3912
f 3915 3912 3913
f 3915 3913 3914
f 3914 3880 3881
f 3925 3900 3901
f 3924 3888 3889
f 3924 3887 3888
f 3924 3921 3887
f 3923 3920 3916
f 3923 3916 3918
f 3922 3919 3915
f 3922 3902 3903
f 3922 3901 3902
f 3922 3915 3917
f 3922 3917 3920
f 3922 3903 3919
f 3921 3918 3885
f 3921 3886 3887
f 3921 3885 3886
f 3920 3917 3916
f 3930 3898 3928
f 3929 3926 3921
f 3929 3921 3924
f 3928 3900 3925
f 3928 3899 3900
f 3928 3898 3899
f 3928 3925 3920
f 3928 3920 3923
f 3927 3924 3889
f 3927 3891 3840
f 3927 3890 3891
f 3927 3889 3890
f 3926 3918 3921
f 3926 3923 3918
f 3925 3922 3920
f 3925 3901 3922
f 3933 3839 3892
f 3933 3894 3932
f 3932 3929 3931
f 3932 3930 3929
f 3932 3896 3930
f 3932 3895 3896
f 3932 3894 3895
f 3931 3924 3927
f 3931 3840 3839
f 3931 3929 3924
f 3931 3927 3840
f 3930 3928 3923
f 3930 3926 3929
f 3930 3897 3898
f 3930 3896 3897
f 3930 3923 3926
f 3955 3954 3649
f 3960 3644 3643
f 3961 3960 3643
f 3647 3956 3648
f 3956 3955 3648
f 3960 3959 3644
f 3959 3645 3644
f 3646 3957 3647
f 3957 3956 3647
f 3958 3646 3645
f 3959 3958 3645
f 3958 3957 3646
f 3933 3932 3931
f 3933 3931 3839
f 3933 3893 3894
f 3933 3892 3893
f 3951 3950 3653
f 3964 3640 3639
f 3965 3964 3639
f 3952 3951 3652
f 3651 3952 3652
f 3963 3641 3640
f 3964 3963 3640
f 3650 3953 3651
f 3953 3952 3651
f 3962 3642 3641
f 3963 3962 3641
f 3649 3954 3650
f 3954 3953 3650
f 3961 3643 3642
f 3962 3961 3642
f 3648 3955 3649
f 3657 3946 3658
f 3966 3635 3634
f 3656 3947 3657
f 3947 3946 3657
f 3966 3636 3635
f 3655 3948 3656
f 3948 3947 3656
f 3966 3637 3636
f 3654 3949 3655
f 3949 3948 3655
f 3966 3638 3637
f 3653 3950 3654
f 3950 3949 3654
f 3965 3639 3638
f 3966 3965 3638
f 3652 3951 3653
f 3966 3627 3626
f 3966 3628 3627
f 3966 3629 3628
f 3966 3630 3629
f 3661 3942 3662
f 3661 3943 3942
f 3966 3631 3630
f 3660 3943 3661
f 3966 3632 3631
f 3944 3943 3660
f 3659 3944 3660
f 3966 3633 3632
f 3658 3945 3659
f 3945 3944 3659
f 3966 3634 3633
f 3946 3945 3658
f 3674 3673 3934
f 3673 3672 3934
f 3669 3668 3935
f 3668 3936 3935
f 3668 3667 3936
f 3667 3937 3936
f 3667 3666 3937
f 3666 3938 3937
f 3666 3665 3938
f 3665 3939 3938
f 3665 3664 3939
f 3664 3940 3939
f 3664 3663 3940
f 3663 3941 3940
f 3663 3662 3941
f 3662 3942 3941
f 3758 3968 3759
f 3757 3968 3758
f 3748 3968 3757
f 3626 3625 3967
f 3966 3626 3967
f 3672 3671 3934
f 3671 3670 3934
f 3670 3669 3934
f 3669 3935 3934
f 3681 3680 3934
f 3680 3679 3934
f 3679 3678 3934
f 3678 3677 3934
f 3677 3676 3934
f 3676 3675 3934
f 3675 3674 3934
f 3967 3705 3704
f 3712 3967 3713
f 3967 3706 3705
f 3711 3967 3712
f 3967 3707 3706
f 3710 3967 3711
f 3967 3708 3707
f 3709 3967 3710
f 3967 3709 3708
f 3969 3967 3764
f 3763 3969 3764
f 3762 3969 3763
f 3761 3969 3762
f 3968 3969 3761
f 3760 3968 3761
f 3759 3968 3760
f 3767 3766 3700
f 3716 3622 3717
f 3622 3684 3717
f 3765 3702 3701
f 3766 3765 3701
f 3715 3623 3716
f 3623 3622 3716
f 3967 3703 3702
f 3765 3764 3702
f 3764 3967 3702
f 3714 3624 3715
f 3624 3623 3715
f 3967 3704 3703
f 3625 3624 3714
f 3713 3967 3714
f 3967 3625 3714
f 3817 3816 3696
f 3720 3934 3721
f 3769 3698 3697
f 3816 3769 3697
f 3719 3682 3720
f 3682 3681 3720
f 3681 3934 3720
f 3768 3699 3698
f 3769 3768 3698
f 3718 3683 3719
f 3683 3682 3719
f 3768 3767 3699
f 3767 3700 3699
f 3717 3684 3718
f 3684 3683 3718
f 3766 3701 3700
f 3823 3690 3824
f 3691 3690 3823
f 3822 3691 3823
f 3821 3691 3822
f 3820 3692 3821
f 3692 3691 3821
f 3820 3693 3692
f 3820 3819 3693
f 3819 3694 3693
f 3818 3695 3694
f 3819 3818 3694
f 3722 3934 3723
f 3817 3696 3695
f 3818 3817 3695
f 3721 3934 3722
f 3816 3697 3696
f 3745 3744 3832
f 3830 3746 3831
f 3746 3745 3831
f 3829 3747 3830
f 3747 3746 3830
f 3828 3685 3829
f 3685 3747 3829
f 3686 3685 3828
f 3827 3686 3828
f 3687 3686 3827
f 3826 3687 3827
f 3688 3687 3826
f 3825 3688 3826
f 3689 3688 3825
f 3824 3689 3825
f 3690 3689 3824
f 3732 3731 3897
f 3896 3732 3897
f 3737 3892 3839
f 3738 3737 3839
f 3733 3732 3896
f 3895 3733 3896
f 3737 3736 3892
f 3736 3893 3892
f 3734 3733 3895
f 3894 3734 3895
f 3736 3735 3893
f 3735 3894 3893
f 3735 3734 3894
f 3832 3744 3833
f 3744 3743 3833
f 3831 3745 3832
f 3729 3728 3900
f 3741 3740 3836
f 3740 3837 3836
f 3835 3741 3836
f 3740 3739 3837
f 3739 3838 3837
f 3742 3741 3835
f 3834 3742 3835
f 3730 3729 3899
f 3898 3730 3899
f 3739 3738 3838
f 3738 3839 3838
f 3897 3731 3898
f 3731 3730 3898
f 3833 3743 3834
f 3743 3742 3834
f 3772 3771 3971
f 3772 3971 3972
f 3771 3970 3971
f 3771 3770 3970
f 3723 3934 3905
f 3725 3724 3905
f 3724 3723 3905
f 3904 3725 3905
f 3903 3725 3904
f 3726 3725 3903
f 3902 3726 3903
f 3901 3727 3902
f 3727 3726 3902
f 3900 3728 3901
f 3728 3727 3901
f 3899 3729 3900
f 3782 3978 3979
f 3781 3780 3978
f 3780 3779 3977
f 3780 3977 3978
f 3779 3778 3976
f 3779 3976 3977
f 3778 3777 3976
f 3777 3776 3975
f 3777 3975 3976
f 3776 3775 3974
f 3776 3974 3975
f 3775 3774 3973
f 3775 3973 3974
f 3774 3773 3973
f 3773 3772 3972
f 3773 3972 3973
f 3791 3790 3985
f 3790 3789 3985
f 3789 3984 3985
f 3789 3983 3984
f 3789 3788 3983
f 3788 3787 3983
f 3787 3982 3983
f 3787 3786 3982
f 3786 3981 3982
f 3786 3785 3981
f 3785 3980 3981
f 3785 3784 3980
f 3784 3783 3980
f 3783 3782 3979
f 3783 3979 3980
f 3782 3781 3978
f 3988 3979 3978
f 3988 3980 3979
f 3987 3986 3988
f 3986 3985 3988
f 3985 3984 3988
f 3984 3983 3988
f 3983 3982 3988
f 3982 3981 3988
f 3981 3980 3988
f 3756 3794 3988
f 3794 3987 3988
f 3794 3793 3987
f 3793 3792 3987
f 3792 3986 3987
f 3792 3791 3986
f 3791 3985 3986
f 3997 3998 4006
f 3999 4004 4005
f 3998 3999 4005
f 4000 4003 4004
f 3999 4000 4004
f 3972 3970 4003
f 3988 3975 4003
f 3975 3974 4003
f 3974 3973 4003
f 3973 3972 4003
f 3970 4002 4003
f 4000 3988 4003
f 3972 3971 3970
f 3988 3976 3975
f 3988 3977 3976
f 3988 3978 3977
f 3989 3990 4001
f 3991 4012 4013
f 3990 3991 4013
f 3992 4011 4012
f 3991 3992 4012
f 3993 4010 4011
f 3992 3993 4011
f 3994 4009 4010
f 3993 3994 4010
f 3995 4008 4009
f 3994 3995 4009
f 3995 3996 4008
f 3996 4007 4008
f 3997 4006 4007
f 3996 3997 4007
f 3998 4005 4006
f 3845 4032 4031
f 3846 3845 4031
f 3844 4033 4032
f 3845 3844 4032
f 3843 4034 4033
f 3844 3843 4033
f 3842 4035 4034
f 3843 3842 4034
f 3841 4036 4035
f 3842 3841 4035
f 3840 4037 4036
f 3841 3840 4036
f 3840 4038 4037
f 3840 4039 4038
f 3840 4040 4039
f 3990 4013 4001
f 3854 3853 4023
f 3853 4024 4023
f 3853 3852 4024
f 3852 4025 4024
f 3852 3851 4025
f 3851 4026 4025
f 3851 3850 4026
f 3850 4027 4026
f 3850 3849 4027
f 3849 4028 4027
f 3848 4029 4028
f 3849 3848 4028
f 3847 4030 4029
f 3848 3847 4029
f 3846 4031 4030
f 3847 3846 4030
f 3862 3861 4015
f 3861 4016 4015
f 3861 3860 4016
f 3860 4017 4016
f 3860 3859 4017
f 3859 4018 4017
f 3859 3858 4018
f 3858 4019 4018
f 3858 3857 4019
f 3857 4020 4019
f 3857 3856 4020
f 3856 4021 4020
f 3856 3855 4021
f 3855 4022 4021
f 3855 3854 4022
f 3854 4023 4022
f 4055 4056 3887
f 4055 3887 3886
f 4055 3886 3885
f 4056 4057 3888
f 4056 3888 3887
f 4057 4058 3890
f 4057 3890 3889
f 4057 3889 3888
f 4058 4040 3891
f 4058 3891 3890
f 4040 3840 3891
f 3770 4002 3970
f 3863 4014 4002
f 3770 3863 4002
f 3863 3862 4014
f 3862 4015 4014
f 4048 3876 3875
f 4048 4049 3877
f 4049 4050 3878
f 4049 3878 3877
f 4050 4051 3880
f 4050 3880 3879
f 4050 3879 3878
f 4051 4052 3881
f 4051 3881 3880
f 4052 4053 3883
f 4052 3883 3882
f 4052 3882 3881
f 4053 4054 3884
f 4053 3884 3883
f 4054 4055 3885
f 4054 3885 3884
f 4042 4043 3868
f 4042 3868 3867
f 4042 3867 3866
f 4043 4044 3869
f 4043 3869 3868
f 4044 4045 3871
f 4044 3871 3870
f 4044 3870 3869
f 4045 4046 3872
f 4045 3872 3871
f 4046 4047 3874
f 4046 3874 3873
f 4046 3873 3872
f 4047 3875 3874
f 4047 4048 3875
f 4048 3877 3876
f 4056 4055 4059
f 4059 4052 4042
f 4059 4055 4054
f 4059 4054 4053
f 4059 4053 4052
f 4052 4051 4042
f 4051 4050 4042
f 4050 4049 4042
f 4049 4048 4042
f 4048 4047 4042
f 4047 4046 4042
f 4046 4045 4042
f 4045 4044 4042
f 4044 4043 4042
f 4041 4042 3866
f 4041 3866 3865
f 4070 4080 4081
f 4071 4072 4079
f 4071 4079 4080
f 4072 4073 4078
f 4072 4078 4079
f 4073 4074 4077
f 4073 4077 4078
f 4074 4076 4077
f 4074 4075 4076
f 4058 4059 4040
f 4058 4057 4059
f 4040 4059 4039
f 4039 4059 4038
f 4038 4059 4037
f 4037 4059 4036
f 4057 4056 4059
f 4062 4088 4089
f 4063 4064 4087
f 4063 4087 4088
f 4064 4065 4086
f 4064 4086 4087
f 4065 4066 4085
f 4065 4085 4086
f 4066 4067 4084
f 4066 4084 4085
f 4067 4068 4083
f 4067 4083 4084
f 4068 4069 4082
f 4068 4082 4083
f 4069 4070 4081
f 4069 4081 4082
f 4070 4071 4080
f 4113 4116 4117
f 4112 4113 4117
f 4111 4112 4117
f 4115 4105 4116
f 4114 4115 4116
f 4113 4114 4116
f 4093 4001 4092
f 4093 3989 4001
f 4042 4041 4059
f 4041 4091 4059
f 4041 4060 4091
f 4060 4061 4090
f 4060 4090 4091
f 4061 4062 4089
f 4061 4089 4090
f 4062 4063 4088
f 4099 4100 4122
f 4110 4119 4121
f 4109 4110 4121
f 4108 4109 4121
f 4116 4118 4120
f 4118 4097 4120
f 4117 4116 4120
f 4098 4099 4120
f 4097 4098 4120
f 4111 4117 4119
f 4110 4111 4119
f 4116 4105 4118
f 4105 4094 4118
f 4096 4097 4118
f 4095 4096 4118
f 4094 4095 4118
f 4104 4093 4125
f 4103 4104 4125
f 4102 4103 4125
f 4122 4100 4124
f 4121 4119 4124
f 4119 4122 4124
f 4101 4102 4124
f 4100 4101 4124
f 4108 4121 4123
f 4093 4092 4123
f 4107 4108 4123
f 4106 4107 4123
f 4092 4106 4123
f 4119 4117 4122
f 4120 4099 4122
f 4117 4120 4122
f 4234 4235 4132
f 4234 4132 4133
f 4235 4236 4131
f 4235 4131 4132
f 4236 4237 4130
f 4236 4130 4131
f 4237 4238 4129
f 4237 4129 4130
f 4238 4239 4128
f 4238 4128 4129
f 4239 4127 4128
f 4239 4126 4127
f 4121 4124 4125
f 4093 4123 4125
f 4123 4121 4125
f 4124 4102 4125
f 4226 4227 4140
f 4226 4140 4141
f 4227 4228 4139
f 4227 4139 4140
f 4228 4229 4138
f 4228 4138 4139
f 4229 4230 4137
f 4229 4137 4138
f 4230 4231 4136
f 4230 4136 4137
f 4231 4232 4135
f 4231 4135 4136
f 4232 4233 4134
f 4232 4134 4135
f 4233 4234 4133
f 4233 4133 4134
f 4218 4219 4149
f 4149 4219 4148
f 4219 4220 4148
f 4148 4220 4147
f 4220 4221 4147
f 4147 4221 4146
f 4221 4222 4145
f 4221 4145 4146
f 4222 4223 4144
f 4222 4144 4145
f 4223 4224 4143
f 4223 4143 4144
f 4224 4225 4142
f 4224 4142 4143
f 4225 4226 4141
f 4225 4141 4142
f 4210 4211 4157
f 4157 4211 4156
f 4211 4212 4156
f 4156 4212 4155
f 4212 4213 4155
f 4155 4213 4154
f 4213 4214 4154
f 4154 4214 4153
f 4214 4215 4153
f 4153 4215 4152
f 4215 4216 4152
f 4152 4216 4151
f 4216 4217 4151
f 4151 4217 4150
f 4217 4218 4150
f 4150 4218 4149
f 4202 4203 4165
f 4165 4203 4164
f 4203 4204 4164
f 4164 4204 4163
f 4204 4205 4163
f 4163 4205 4162
f 4205 4206 4162
f 4162 4206 4161
f 4206 4207 4161
f 4161 4207 4160
f 4207 4208 4160
f 4160 4208 4159
f 4208 4209 4159
f 4159 4209 4158
f 4209 4210 4158
f 4158 4210 4157
f 4194 4195 4173
f 4173 4195 4172
f 4195 4196 4172
f 4172 4196 4171
f 4196 4197 4171
f 4171 4197 4170
f 4197 4198 4170
f 4170 4198 4169
f 4198 4199 4169
f 4169 4199 4168
f 4199 4200 4168
f 4168 4200 4167
f 4200 4201 4167
f 4167 4201 4166
f 4201 4202 4166
f 4166 4202 4165
f 4186 4187 4181
f 4181 4187 4180
f 4187 4188 4180
f 4180 4188 4179
f 4188 4189 4179
f 4179 4189 4178
f 4189 4190 4178
f 4178 4190 4177
f 4190 4191 4177
f 4177 4191 4176
f 4191 4192 4176
f 4176 4192 4175
f 4192 4193 4175
f 4175 4193 4174
f 4193 4194 4174
f 4174 4194 4173
f 4242 4243 4272
f 4241 4242 4272
f 4240 4241 4272
f 4267 4270 4271
f 4266 4267 4271
f 4265 4266 4271
f 4269 4255 4270
f 4268 4269 4270
f 4267 4268 4270
f 4255 4240 4270
f 4105 4183 4094
f 4105 4184 4183
f 4184 4185 4183
f 4183 4185 4182
f 4185 4186 4182
f 4182 4186 4181
f 4273 4271 4276
f 4271 4274 4276
f 4274 4245 4276
f 4246 4247 4276
f 4245 4246 4276
f 4263 4273 4275
f 4262 4263 4275
f 4270 4272 4274
f 4271 4270 4274
f 4272 4243 4274
f 4244 4245 4274
f 4243 4244 4274
f 4265 4271 4273
f 4264 4265 4273
f 4263 4264 4273
f 4270 4240 4272
f 4126 4256 4281
f 4277 4275 4280
f 4275 4278 4280
f 4278 4248 4280
f 4249 4250 4280
f 4248 4249 4280
f 4260 4277 4279
f 4259 4260 4279
f 4258 4259 4279
f 4273 4276 4278
f 4275 4273 4278
f 4276 4247 4278
f 4247 4248 4278
f 4262 4275 4277
f 4261 4262 4277
f 4260 4261 4277
f 4126 4281 4283
f 4282 4252 4283
f 4281 4282 4283
f 4127 4126 4283
f 4254 4127 4283
f 4253 4254 4283
f 4252 4253 4283
f 4281 4279 4282
f 4277 4280 4282
f 4280 4250 4282
f 4279 4277 4282
f 4251 4252 4282
f 4250 4251 4282
f 4258 4279 4281
f 4257 4258 4281
f 4256 4257 4281
f 4310 4311 4292
f 4312 4290 4291
f 4311 4312 4291
f 4313 4289 4290
f 4312 4313 4290
f 4314 4288 4289
f 4313 4314 4289
f 4315 4287 4288
f 4314 4315 4288
f 4316 4286 4287
f 4315 4316 4287
f 4317 4284 4286
f 4316 4317 4286
f 4317 4285 4284
f 4285 4255 4284
f 4285 4240 4255
f 4303 4299 4300
f 4304 4298 4299
f 4303 4304 4299
f 4305 4297 4298
f 4304 4305 4298
f 4306 4296 4297
f 4305 4306 4297
f 4307 4295 4296
f 4306 4307 4296
f 4308 4294 4295
f 4307 4308 4295
f 4309 4293 4294
f 4308 4309 4294
f 4310 4292 4293
f 4309 4310 4293
f 4311 4291 4292
f 4347 4358 4359
f 4348 4349 4357
f 4348 4357 4358
f 4349 4350 4356
f 4349 4356 4357
f 4350 4351 4355
f 4350 4355 4356
f 4351 4352 4354
f 4351 4354 4355
f 4352 4353 4354
f 4352 4318 4353
f 4352 4319 4318
f 4318 4319 4301
f 4319 4302 4301
f 4302 4303 4301
f 4303 4300 4301
f 4339 4340 4366
f 4340 4365 4366
f 4340 4341 4365
f 4341 4364 4365
f 4341 4342 4364
f 4342 4363 4364
f 4342 4343 4363
f 4343 4362 4363
f 4343 4344 4362
f 4344 4361 4362
f 4344 4345 4361
f 4345 4360 4361
f 4345 4346 4360
f 4346 4347 4359
f 4346 4359 4360
f 4347 4348 4358
f 4331 4374 4375
f 4332 4333 4373
f 4332 4373 4374
f 4333 4372 4373
f 4333 4334 4372
f 4334 4371 4372
f 4334 4335 4371
f 4335 4370 4371
f 4335 4336 4370
f 4336 4369 4370
f 4336 4368 4369
f 4336 4337 4368
f 4337 4338 4368
f 4338 4367 4368
f 4338 4339 4367
f 4339 4366 4367
f 4323 4382 4383
f 4324 4325 4380
f 4324 4381 4382
f 4324 4380 4381
f 4325 4326 4379
f 4325 4379 4380
f 4326 4327 4379
f 4327 4328 4378
f 4327 4378 4379
f 4328 4329 4377
f 4328 4377 4378
f 4329 4330 4376
f 4329 4376 4377
f 4330 4331 4375
f 4330 4375 4376
f 4331 4332 4374
f 4398 4407 4408
f 4399 4400 4406
f 4399 4406 4407
f 4400 4401 4405
f 4400 4405 4406
f 4401 4402 4404
f 4401 4404 4405
f 4402 4403 4404
f 4402 4384 4403
f 4402 4385 4384
f 4321 4384 4385
f 4321 4320 4384
f 4321 4322 4383
f 4321 4383 4320
f 4322 4323 4383
f 4323 4324 4382
f 4390 4415 4416
f 4391 4392 4414
f 4391 4414 4415
f 4392 4393 4413
f 4392 4413 4414
f 4393 4394 4412
f 4393 4412 4413
f 4394 4395 4411
f 4394 4411 4412
f 4395 4396 4410
f 4395 4410 4411
f 4396 4397 4409
f 4396 4409 4410
f 4397 4398 4408
f 4397 4408 4409
f 4398 4399 4407
f 4420 4421 4452
f 4447 4450 4451
f 4446 4447 4451
f 4445 4446 4451
f 4449 4435 4450
f 4448 4449 4450
f 4447 4448 4450
f 4435 4420 4450
f 4386 4418 4387
f 4387 4418 4419
f 4387 4388 4386
f 4388 4389 4417
f 4388 4417 4386
f 4389 4390 4416
f 4389 4416 4417
f 4390 4391 4415
f 4453 4451 4456
f 4426 4427 4456
f 4425 4426 4456
f 4443 4453 4455
f 4442 4443 4455
f 4450 4452 4454
f 4451 4450 4454
f 4452 4423 4454
f 4424 4425 4454
f 4423 4424 4454
f 4445 4451 4453
f 4444 4445 4453
f 4443 4444 4453
f 4450 4420 4452
f 4422 4423 4452
f 4421 4422 4452
f 4455 4458 4460
f 4457 4455 4460
f 4429 4430 4460
f 4428 4429 4460
f 4440 4457 4459
f 4439 4440 4459
f 4438 4439 4459
f 4453 4456 4458
f 4455 4453 4458
f 4456 4427 4458
f 4427 4428 4458
f 4442 4455 4457
f 4441 4442 4457
f 4440 4441 4457
f 4454 4425 4456
f 4451 4454 4456
f 4419 4461 4463
f 4434 4419 4463
f 4433 4434 4463
f 4432 4433 4463
f 4460 4430 4462
f 4461 4459 4462
f 4459 4457 4462
f 4457 4460 4462
f 4431 4432 4462
f 4430 4431 4462
f 4438 4459 4461
f 4419 4418 4461
f 4437 4438 4461
f 4436 4437 4461
f 4418 4436 4461
f 4458 4428 4460
f 4571 4572 4471
f 4571 4471 4472
f 4572 4573 4470
f 4572 4470 4471
f 4573 4574 4469
f 4573 4469 4470
f 4574 4575 4468
f 4574 4468 4469
f 4575 4576 4467
f 4575 4467 4468
f 4576 4577 4466
f 4576 4466 4467
f 4577 4465 4466
f 4577 4464 4465
f 4461 4462 4463
f 4462 4432 4463
f 4563 4564 4479
f 4563 4479 4480
f 4564 4565 4478
f 4564 4478 4479
f 4565 4566 4477
f 4565 4477 4478
f 4566 4567 4476
f 4566 4476 4477
f 4567 4568 4475
f 4567 4475 4476
f 4568 4569 4474
f 4568 4474 4475
f 4569 4570 4473
f 4569 4473 4474
f 4570 4571 4472
f 4570 4472 4473
f 4555 4487 4488
f 4555 4556 4487
f 4556 4486 4487
f 4556 4557 4486
f 4557 4485 4486
f 4557 4558 4485
f 4558 4559 4484
f 4558 4484 4485
f 4559 4560 4483
f 4559 4483 4484
f 4560 4561 4482
f 4560 4482 4483
f 4561 4562 4481
f 4561 4481 4482
f 4562 4563 4480
f 4562 4480 4481
f 4547 4548 4495
f 4547 4495 4496
f 4548 4549 4494
f 4548 4494 4495
f 4549 4550 4493
f 4549 4493 4494
f 4550 4551 4492
f 4550 4492 4493
f 4551 4491 4492
f 4551 4552 4491
f 4552 4490 4491
f 4552 4553 4490
f 4553 4489 4490
f 4553 4554 4489
f 4554 4488 4489
f 4554 4555 4488
f 4539 4540 4503
f 4539 4503 4504
f 4540 4541 4503
f 4503 4541 4502
f 4541 4542 4501
f 4541 4501 4502
f 4542 4543 4500
f 4542 4500 4501
f 4543 4544 4500
f 4500 4544 4499
f 4544 4545 4498
f 4544 4498 4499
f 4545 4546 4498
f 4498 4546 4497
f 4546 4547 4496
f 4546 4496 4497
f 4531 4532 4512
f 4512 4532 4511
f 4532 4533 4511
f 4511 4533 4510
f 4533 4534 4509
f 4533 4509 4510
f 4534 4535 4509
f 4509 4535 4508
f 4535 4536 4508
f 4508 4536 4507
f 4536 4537 4507
f 4507 4537 4506
f 4537 4538 4506
f 4506 4538 4505
f 4538 4539 4505
f 4505 4539 4504
f 4523 4524 4520
f 4520 4524 4519
f 4524 4525 4519
f 4519 4525 4518
f 4525 4526 4518
f 4518 4526 4517
f 4526 4527 4517
f 4517 4527 4516
f 4527 4528 4516
f 4516 4528 4515
f 4528 4529 4515
f 4515 4529 4514
f 4529 4530 4514
f 4514 4530 4513
f 4530 4531 4513
f 4513 4531 4512
f 4594 4595 4603
f 4600 4578 4602
f 4580 4581 4602
f 4579 4580 4602
f 4578 4579 4602
f 4597 4600 4601
f 4596 4597 4601
f 4595 4596 4601
f 4599 4589 4600
f 4598 4599 4600
f 4597 4598 4600
f 4589 4578 4600
f 4435 4521 4420
f 4435 4522 4521
f 4522 4523 4521
f 4521 4523 4520
f 4591 4592 4607
f 4590 4591 4607
f 4464 4590 4607
f 4604 4583 4606
f 4603 4601 4606
f 4601 4604 4606
f 4583 4584 4606
f 4594 4603 4605
f 4593 4594 4605
f 4592 4593 4605
f 4600 4602 4604
f 4602 4581 4604
f 4601 4600 4604
f 4582 4583 4604
f 4581 4582 4604
f 4595 4601 4603
f 4589 4076 4578
f 4578 4076 4075
f 4607 4605 4609
f 4605 4608 4609
f 4464 4607 4609
f 4608 4586 4609
f 4465 4464 4609
f 4588 4465 4609
f 4587 4588 4609
f 4586 4587 4609
f 4605 4603 4608
f 4603 4606 4608
f 4606 4584 4608
f 4585 4586 4608
f 4584 4585 4608
f 4592 4605 4607
f 4249 4248 4101
f 4249 4101 4100
f 4248 4247 4102
f 4248 4102 4101
f 4247 4103 4102
f 4247 4246 4103
f 4246 4245 4104
f 4246 4104 4103
f 4245 4244 4093
f 4245 4093 4104
f 4244 4243 4093
f 4243 4242 4093
f 4242 4241 4093
f 4241 4240 4093
f 4240 4285 3989
f 4240 3989 4093
f 4630 4096 4095
f 4637 4179 4178
f 4637 4636 4179
f 4631 4094 4632
f 4631 4095 4094
f 4636 4180 4179
f 4636 4635 4180
f 4632 4094 4183
f 4632 4183 4633
f 4635 4634 4181
f 4635 4181 4180
f 4633 4183 4182
f 4633 4182 4634
f 4634 4182 4181
f 4250 4249 4100
f 4250 4100 4099
f 4627 4252 4251
f 4627 4251 4628
f 4640 4639 4176
f 4640 4176 4175
f 4628 4250 4099
f 4628 4251 4250
f 4628 4098 4629
f 4628 4099 4098
f 4639 4638 4177
f 4639 4177 4176
f 4629 4096 4630
f 4629 4098 4097
f 4629 4097 4096
f 4638 4178 4177
f 4638 4637 4178
f 4630 4095 4631
f 4623 4128 4624
f 4644 4172 4171
f 4644 4643 4172
f 4624 4127 4625
f 4624 4128 4127
f 4643 4642 4173
f 4643 4173 4172
f 4625 4127 4254
f 4625 4254 4626
f 4642 4174 4173
f 4642 4641 4174
f 4626 4254 4253
f 4626 4253 4252
f 4626 4252 4627
f 4641 4640 4175
f 4641 4175 4174
f 4619 4132 4620
f 4648 4647 4168
f 4648 4168 4167
f 4620 4132 4131
f 4620 4131 4621
f 4647 4169 4168
f 4647 4646 4169
f 4621 4130 4622
f 4621 4131 4130
f 4646 4645 4170
f 4646 4170 4169
f 4622 4129 4623
f 4622 4130 4129
f 4645 4644 4171
f 4645 4171 4170
f 4623 4129 4128
f 4163 4651 4164
f 4163 4652 4651
f 4136 4616 4615
f 4136 4135 4616
f 4164 4651 4165
f 4135 4617 4616
f 4135 4134 4617
f 4165 4651 4650
f 4165 4650 4166
f 4617 4134 4618
f 4650 4649 4166
f 4134 4133 4618
f 4618 4133 4619
f 4649 4167 4166
f 4649 4648 4167
f 4619 4133 4132
f 4159 4655 4160
f 4159 4656 4655
f 4140 4612 4611
f 4140 4139 4612
f 4160 4654 4161
f 4160 4655 4654
f 4139 4613 4612
f 4139 4138 4613
f 4161 4653 4162
f 4161 4654 4653
f 4138 4614 4613
f 4138 4137 4614
f 4162 4652 4163
f 4162 4653 4652
f 4137 4615 4614
f 4137 4136 4615
f 4155 4659 4156
f 4155 4660 4659
f 4144 4671 4670
f 4144 4143 4671
f 4156 4658 4157
f 4156 4659 4658
f 4143 4672 4671
f 4143 4142 4672
f 4157 4657 4158
f 4157 4658 4657
f 4142 4610 4672
f 4142 4141 4610
f 4158 4656 4159
f 4158 4657 4656
f 4141 4611 4610
f 4141 4140 4611
f 4151 4664 4663
f 4151 4663 4152
f 4148 4667 4666
f 4148 4147 4667
f 4152 4662 4153
f 4152 4663 4662
f 4147 4668 4667
f 4147 4146 4668
f 4153 4662 4661
f 4153 4661 4154
f 4146 4669 4668
f 4146 4145 4669
f 4154 4660 4155
f 4154 4661 4660
f 4145 4670 4669
f 4145 4144 4670
f 3994 4314 4313
f 3995 3994 4313
f 3993 4315 4314
f 3994 3993 4314
f 3992 4316 4315
f 3993 3992 4315
f 3991 4317 4316
f 3992 3991 4316
f 3990 4285 4317
f 3991 3990 4317
f 3990 3989 4285
f 4150 4149 4665
f 4150 4664 4151
f 4150 4665 4664
f 4149 4148 4666
f 4149 4666 4665
f 3751 3752 4306
f 3750 3751 4306
f 3749 3750 4306
f 3756 4308 4307
f 4000 4308 3756
f 3988 4000 3756
f 3999 4309 4308
f 4000 3999 4308
f 3998 4310 4309
f 3999 3998 4309
f 3997 4311 4310
f 3998 3997 4310
f 3996 4312 4311
f 3997 3996 4311
f 3995 4313 4312
f 3996 3995 4312
f 3966 4319 4352
f 3966 3967 4302
f 3966 4302 4319
f 3969 4303 4302
f 3967 3969 4302
f 3968 4304 4303
f 3969 3968 4303
f 3748 4305 4304
f 3968 3748 4304
f 3749 4306 4305
f 3748 3749 4305
f 3755 3756 4306
f 3754 3755 4306
f 3753 3754 4306
f 3752 3753 4306
f 3756 4307 4306
f 3958 3959 4345
f 3958 4345 4344
f 3959 3960 4346
f 3959 4346 4345
f 3960 3961 4347
f 3960 4347 4346
f 3961 3962 4348
f 3961 4348 4347
f 3962 3963 4349
f 3962 4349 4348
f 3963 3964 4350
f 3963 4350 4349
f 3964 3965 4351
f 3964 4351 4350
f 3965 3966 4352
f 3965 4352 4351
f 3950 3951 4337
f 3950 4337 4336
f 3951 3952 4338
f 3951 4338 4337
f 3952 3953 4339
f 3952 4339 4338
f 3953 4340 4339
f 3953 3954 4340
f 3954 3955 4341
f 3954 4341 4340
f 3955 4342 4341
f 3955 3956 4342
f 3956 4343 4342
f 3956 3957 4343
f 3957 4344 4343
f 3957 3958 4344
f 3942 3943 4329
f 3942 4329 4328
f 3943 3944 4330
f 3943 4330 4329
f 3944 3945 4331
f 3944 4331 4330
f 3945 3946 4332
f 3945 4332 4331
f 3946 3947 4333
f 3946 4333 4332
f 3947 3948 4334
f 3947 4334 4333
f 3948 3949 4335
f 3948 4335 4334
f 3949 3950 4336
f 3949 4336 4335
f 4501 4500 4499
f 3934 3935 4321
f 3935 3936 4322
f 3935 4322 4321
f 3936 3937 4323
f 3936 4323 4322
f 3937 3938 4325
f 3937 4325 4324
f 3937 4324 4323
f 3938 3939 4325
f 3939 3940 4326
f 3939 4326 4325
f 3940 3941 4327
f 3940 4327 4326
f 3941 3942 4328
f 3941 4328 4327
f 4513 4512 4511
f 4486 4488 4487
f 4488 4491 4490
f 4488 4490 4489
f 4510 4509 4508
f 4510 4508 4507
f 4491 4495 4492
f 4507 4506 4505
f 4492 4495 4494
f 4492 4494 4493
f 4505 4504 4502
f 4504 4503 4502
f 4495 4501 4499
f 4495 4499 4498
f 4495 4498 4497
f 4495 4497 4496
f 4479 4482 4481
f 4479 4481 4480
f 4519 4518 4517
f 4519 4517 4516
f 4519 4516 4515
f 4482 4501 4495
f 4482 4502 4501
f 4482 4484 4483
f 4482 4488 4484
f 4482 4491 4488
f 4482 4495 4491
f 4515 4514 4513
f 4515 4511 4510
f 4515 4513 4511
f 4484 4486 4485
f 4484 4488 4486
f 4585 4424 4423
f 4587 4586 4422
f 4587 4422 4421
f 4586 4423 4422
f 4471 4477 4473
f 4471 4473 4472
f 4471 4505 4477
f 4471 4507 4505
f 4473 4477 4474
f 4474 4477 4476
f 4474 4476 4475
f 4477 4505 4478
f 4521 4520 4519
f 4478 4505 4502
f 4478 4482 4479
f 4478 4502 4482
f 4468 4470 4469
f 4580 4428 4581
f 4580 4429 4428
f 4466 4465 4420
f 4581 4427 4582
f 4581 4428 4427
f 4582 4427 4426
f 4582 4426 4583
f 4583 4426 4425
f 4583 4425 4584
f 4465 4588 4420
f 4584 4424 4585
f 4584 4425 4424
f 4588 4587 4421
f 4588 4421 4420
f 4585 4423 4586
f 4578 4419 4434
f 4578 4434 4433
f 4578 4433 4432
f 4578 4432 4431
f 4578 4431 4430
f 4579 4429 4580
f 4579 4430 4429
f 4467 4521 4519
f 4467 4420 4521
f 4467 4519 4515
f 4467 4466 4420
f 4467 4515 4510
f 4467 4507 4468
f 4467 4510 4507
f 4468 4507 4471
f 4468 4471 4470
f 4393 4392 4069
f 4393 4069 4068
f 4392 4391 4070
f 4392 4070 4069
f 4391 4390 4071
f 4391 4071 4070
f 4390 4389 4072
f 4390 4072 4071
f 4389 4388 4073
f 4389 4073 4072
f 4388 4387 4074
f 4388 4074 4073
f 4387 4075 4074
f 4075 4419 4578
f 4075 4387 4419
f 4578 4430 4579
f 4401 4400 4061
f 4401 4061 4060
f 4400 4399 4062
f 4400 4062 4061
f 4399 4398 4063
f 4399 4063 4062
f 4398 4397 4064
f 4398 4064 4063
f 4397 4396 4065
f 4397 4065 4064
f 4396 4395 4066
f 4396 4066 4065
f 4395 4394 4067
f 4395 4067 4066
f 4394 4393 4068
f 4394 4068 4067
f 4735 3686 3687
f 4735 4673 3686
f 4673 3685 3686
f 3864 3907 4385
f 3864 3910 3909
f 3864 3909 3908
f 3864 3908 3907
f 3907 3906 4385
f 3906 3905 4385
f 3905 4321 4385
f 3905 3934 4321
f 4385 3865 3864
f 4385 4402 3865
f 4402 4401 4060
f 4402 4060 3865
f 3865 4060 4041
f 4726 4727 3695
f 4728 3693 3694
f 4727 4728 3694
f 4729 3692 3693
f 4728 4729 3693
f 4730 3691 3692
f 4729 4730 3692
f 4731 3690 3691
f 4730 4731 3691
f 4731 4732 3690
f 4732 3689 3690
f 4732 4733 3689
f 4733 3688 3689
f 4733 4734 3688
f 4734 3687 3688
f 4734 4735 3687
f 4719 3702 3703
f 4720 3701 3702
f 4719 4720 3702
f 4721 3700 3701
f 4720 4721 3701
f 4722 3699 3700
f 4721 4722 3700
f 4723 3698 3699
f 4722 4723 3699
f 4724 3697 3698
f 4723 4724 3698
f 4725 3696 3697
f 4724 4725 3697
f 4726 3695 3696
f 4725 4726 3696
f 4727 3694 3695
f 4711 3710 3711
f 4711 4712 3710
f 4712 3709 3710
f 4712 4713 3709
f 4713 3708 3709
f 4713 4714 3708
f 4714 3707 3708
f 4714 4715 3707
f 4715 3706 3707
f 4715 4716 3706
f 4716 3705 3706
f 4716 4717 3705
f 4717 3704 3705
f 4717 4718 3704
f 4718 3703 3704
f 4718 4719 3703
f 4702 4703 3719
f 4704 3717 3718
f 4703 4704 3718
f 4705 3716 3717
f 4704 4705 3717
f 4706 3715 3716
f 4705 4706 3716
f 4707 3714 3715
f 4706 4707 3715
f 4707 4708 3714
f 4708 3713 3714
f 4709 3712 3713
f 4708 4709 3713
f 4710 3711 3712
f 4709 4710 3712
f 4710 4711 3711
f 4694 4695 3727
f 4696 3725 3726
f 4695 4696 3726
f 4697 3724 3725
f 4696 4697 3725
f 4698 3723 3724
f 4697 4698 3724
f 4699 3722 3723
f 4698 4699 3723
f 4700 3721 3722
f 4699 4700 3722
f 4701 3720 3721
f 4700 4701 3721
f 4702 3719 3720
f 4701 4702 3720
f 4703 3718 3719
f 4686 4687 3735
f 4687 4688 3734
f 4688 3733 3734
f 4689 3732 3733
f 4688 4689 3733
f 4689 4690 3732
f 4690 3731 3732
f 4690 4691 3731
f 4691 3730 3731
f 4691 4692 3730
f 4692 3729 3730
f 4692 4693 3729
f 4693 3728 3729
f 4693 4694 3728
f 4694 3727 3728
f 4695 3726 3727
f 4678 4679 3743
f 4680 3741 3742
f 4679 4680 3742
f 4681 3740 3741
f 4680 4681 3741
f 4682 3739 3740
f 4681 4682 3740
f 4683 3738 3739
f 4682 4683 3739
f 4684 3737 3738
f 4683 4684 3738
f 4685 3736 3737
f 4684 4685 3737
f 4686 3735 3736
f 4685 4686 3736
f 4687 3734 3735
f 4797 3624 3625
f 4797 4798 3624
f 4798 3623 3624
f 4798 4736 3623
f 4736 3622 3623
f 4674 3747 3685
f 4673 4674 3685
f 4675 3746 3747
f 4674 4675 3747
f 4676 3745 3746
f 4675 4676 3746
f 4677 3744 3745
f 4676 4677 3745
f 4678 3743 3744
f 4677 4678 3744
f 4679 3742 3743
f 4788 4789 3633
f 4790 3631 3632
f 4789 4790 3632
f 4791 3630 3631
f 4790 4791 3631
f 4792 3629 3630
f 4791 4792 3630
f 4793 3628 3629
f 4792 4793 3629
f 4794 3627 3628
f 4793 4794 3628
f 4794 4795 3627
f 4795 3626 3627
f 4795 4796 3626
f 4796 3625 3626
f 4796 4797 3625
f 4781 3640 3641
f 4781 4782 3640
f 4782 3639 3640
f 4783 3638 3639
f 4782 4783 3639
f 4784 3637 3638
f 4783 4784 3638
f 4785 3636 3637
f 4784 4785 3637
f 4786 3635 3636
f 4785 4786 3636
f 4787 3634 3635
f 4786 4787 3635
f 4788 3633 3634
f 4787 4788 3634
f 4789 3632 3633
f 4772 4773 3649
f 4773 4774 3648
f 4774 3647 3648
f 4774 4775 3647
f 4775 3646 3647
f 4775 4776 3646
f 4776 3645 3646
f 4776 4777 3645
f 4777 3644 3645
f 4777 4778 3644
f 4778 3643 3644
f 4778 4779 3643
f 4779 3642 3643
f 4779 4780 3642
f 4780 3641 3642
f 4780 4781 3641
f 4764 4765 3657
f 4766 3655 3656
f 4765 4766 3656
f 4767 3654 3655
f 4766 4767 3655
f 4768 3653 3654
f 4767 4768 3654
f 4769 3652 3653
f 4768 4769 3653
f 4770 3651 3652
f 4769 4770 3652
f 4770 4771 3651
f 4771 3650 3651
f 4772 3649 3650
f 4771 4772 3650
f 4773 3648 3649
f 4757 3664 3665
f 4758 3663 3664
f 4757 4758 3664
f 4759 3662 3663
f 4758 4759 3663
f 4760 3661 3662
f 4759 4760 3662
f 4761 3660 3661
f 4760 4761 3661
f 4762 3659 3660
f 4761 4762 3660
f 4763 3658 3659
f 4762 4763 3659
f 4764 3657 3658
f 4763 4764 3658
f 4765 3656 3657
f 4748 4749 3673
f 4750 3671 3672
f 4749 4750 3672
f 4750 4751 3671
f 4751 3670 3671
f 4752 3669 3670
f 4751 4752 3670
f 4752 4753 3669
f 4753 3668 3669
f 4753 4754 3668
f 4754 3667 3668
f 4754 4755 3667
f 4755 3666 3667
f 4755 4756 3666
f 4756 3665 3666
f 4756 4757 3665
f 4740 4741 3681
f 4742 3679 3680
f 4741 4742 3680
f 4743 3678 3679
f 4742 4743 3679
f 4744 3677 3678
f 4743 4744 3678
f 4745 3676 3677
f 4744 4745 3677
f 4746 3675 3676
f 4745 4746 3676
f 4747 3674 3675
f 4746 4747 3675
f 4748 3673 3674
f 4747 4748 3674
f 4749 3672 3673
f 4019 4008 4007
f 4017 4018 4006
f 4017 4006 4005
f 4018 4007 4006
f 4012 4589 4013
f 4013 4589 4001
f 4001 4589 4092
f 4737 3684 3622
f 4736 4737 3622
f 4738 3683 3684
f 4737 4738 3684
f 4739 3682 3683
f 4738 4739 3683
f 4740 3681 3682
f 4739 4740 3682
f 4741 3680 3681
f 4002 4014 4003
f 4022 4076 4021
f 4014 4015 4003
f 4021 4009 4020
f 4021 4076 4009
f 4015 4016 4004
f 4015 4004 4003
f 4020 4008 4019
f 4020 4009 4008
f 4076 4589 4012
f 4076 4012 4011
f 4076 4011 4010
f 4076 4010 4009
f 4016 4017 4005
f 4016 4005 4004
f 4019 4007 4018
f 4030 4083 4029
f 4030 4084 4083
f 4029 4083 4082
f 4029 4082 4081
f 4029 4081 4028
f 4028 4081 4080
f 4028 4080 4079
f 4028 4079 4027
f 4027 4079 4078
f 4027 4078 4026
f 4026 4078 4077
f 4026 4077 4076
f 4026 4076 4025
f 4025 4076 4024
f 4024 4076 4023
f 4023 4076 4022
f 4284 4418 4286
f 4255 4418 4284
f 4036 4059 4035
f 4059 4091 4035
f 4091 4090 4035
f 4035 4090 4034
f 4090 4089 4034
f 4034 4089 4033
f 4089 4088 4033
f 4088 4087 4032
f 4088 4032 4033
f 4087 4086 4032
f 4032 4086 4031
f 4086 4085 4031
f 4031 4084 4030
f 4031 4085 4084
f 4298 4727 4726
f 4729 4296 4730
f 4297 4728 4727
f 4298 4297 4727
f 4728 4297 4729
f 4297 4296 4729
f 4295 4294 4386
f 4294 4293 4386
f 4293 4292 4386
f 4292 4291 4386
f 4291 4290 4386
f 4290 4289 4386
f 4289 4288 4386
f 4288 4418 4386
f 4287 4418 4288
f 4286 4418 4287
f 4386 4417 4673
f 4735 4386 4673
f 4300 4722 4721
f 4734 4386 4735
f 4299 4723 4722
f 4300 4299 4722
f 4733 4386 4734
f 4299 4724 4723
f 4732 4386 4733
f 4298 4725 4724
f 4299 4298 4724
f 4731 4386 4732
f 4298 4726 4725
f 4730 4296 4731
f 4296 4295 4731
f 4295 4386 4731
f 4675 4411 4676
f 4411 4410 4676
f 4410 4409 4676
f 4409 4408 4676
f 4301 4719 4718
f 4674 4414 4675
f 4414 4413 4675
f 4413 4412 4675
f 4412 4411 4675
f 4300 4720 4719
f 4301 4300 4719
f 4417 4416 4674
f 4416 4415 4674
f 4415 4414 4674
f 4673 4417 4674
f 4300 4721 4720
f 4678 4405 4404
f 4301 4709 4708
f 4301 4710 4709
f 4301 4711 4710
f 4678 4406 4405
f 4301 4712 4711
f 4301 4713 4712
f 4301 4714 4713
f 4301 4715 4714
f 4678 4677 4406
f 4677 4407 4406
f 4301 4716 4715
f 4301 4717 4716
f 4676 4408 4677
f 4408 4407 4677
f 4301 4718 4717
f 4692 4691 4384
f 4691 4690 4384
f 4690 4689 4384
f 4689 4688 4384
f 4688 4687 4384
f 4687 4686 4384
f 4686 4685 4384
f 4685 4684 4384
f 4684 4683 4384
f 4683 4682 4384
f 4682 4681 4384
f 4681 4680 4384
f 4680 4679 4384
f 4679 4404 4403
f 4301 4708 4707
f 4679 4678 4404
f 4318 4787 4786
f 4795 4301 4796
f 4318 4788 4787
f 4794 4318 4795
f 4318 4301 4795
f 4318 4789 4788
f 4793 4318 4794
f 4318 4790 4789
f 4792 4318 4793
f 4318 4791 4790
f 4791 4318 4792
f 4679 4403 4384
f 4696 4695 4384
f 4695 4694 4384
f 4694 4693 4384
f 4693 4692 4384
f 4737 4703 4738
f 4353 4783 4782
f 4354 4353 4782
f 4704 4703 4737
f 4736 4704 4737
f 4353 4318 4783
f 4318 4784 4783
f 4705 4704 4736
f 4798 4705 4736
f 4318 4785 4784
f 4706 4705 4798
f 4797 4706 4798
f 4318 4786 4785
f 4707 4706 4797
f 4301 4707 4797
f 4796 4301 4797
f 4359 4776 4360
f 4359 4777 4776
f 4358 4778 4777
f 4359 4358 4777
f 4357 4779 4778
f 4358 4357 4778
f 4356 4780 4779
f 4357 4356 4779
f 4739 4701 4740
f 4355 4781 4780
f 4356 4355 4780
f 4702 4701 4739
f 4738 4702 4739
f 4354 4782 4781
f 4355 4354 4781
f 4703 4702 4738
f 4768 4767 4368
f 4366 4769 4367
f 4769 4768 4367
f 4365 4770 4366
f 4770 4769 4366
f 4364 4771 4365
f 4771 4770 4365
f 4363 4772 4364
f 4772 4771 4364
f 4362 4773 4363
f 4773 4772 4363
f 4361 4774 4362
f 4774 4773 4362
f 4360 4775 4361
f 4775 4774 4361
f 4360 4776 4775
f 4749 4748 4320
f 4748 4747 4320
f 4747 4746 4320
f 4746 4745 4320
f 4745 4744 4320
f 4744 4743 4320
f 4743 4742 4320
f 4742 4741 4320
f 4741 4740 4320
f 4701 4700 4320
f 4700 4699 4320
f 4699 4698 4320
f 4698 4697 4320
f 4697 4696 4320
f 4740 4701 4320
f 4367 4768 4368
f 4765 4764 4371
f 4370 4765 4371
f 4755 4754 4381
f 4754 4382 4381
f 4766 4765 4370
f 4369 4766 4370
f 4754 4753 4382
f 4753 4383 4382
f 4767 4766 4369
f 4368 4767 4369
f 4753 4752 4383
f 4752 4320 4383
f 4696 4384 4320
f 4752 4751 4320
f 4751 4750 4320
f 4750 4749 4320
f 4759 4758 4377
f 4758 4378 4377
f 4761 4760 4375
f 4374 4761 4375
f 4758 4757 4378
f 4757 4379 4378
f 4762 4761 4374
f 4373 4762 4374
f 4763 4762 4373
f 4372 4763 4373
f 4757 4756 4379
f 4756 4380 4379
f 4764 4763 4372
f 4371 4764 4372
f 4756 4755 4380
f 4755 4381 4380
f 4262 4261 4443
f 4260 4445 4444
f 4261 4260 4444
f 4259 4446 4445
f 4260 4259 4445
f 4258 4447 4446
f 4259 4258 4446
f 4257 4448 4447
f 4258 4257 4447
f 4256 4449 4448
f 4257 4256 4448
f 4256 4126 4449
f 4126 4435 4449
f 4760 4759 4376
f 4759 4377 4376
f 4375 4760 4376
f 4255 4269 4418
f 4268 4437 4436
f 4269 4268 4436
f 4267 4438 4437
f 4268 4267 4437
f 4266 4439 4438
f 4267 4266 4438
f 4265 4440 4439
f 4266 4265 4439
f 4264 4441 4440
f 4265 4264 4440
f 4263 4442 4441
f 4264 4263 4441
f 4262 4443 4442
f 4263 4262 4442
f 4261 4444 4443
f 4190 4189 4571
f 4190 4571 4570
f 4189 4188 4572
f 4189 4572 4571
f 4188 4187 4573
f 4188 4573 4572
f 4187 4186 4574
f 4187 4574 4573
f 4186 4185 4575
f 4186 4575 4574
f 4185 4184 4576
f 4185 4576 4575
f 4184 4105 4577
f 4184 4577 4576
f 4105 4464 4577
f 4269 4436 4418
f 4198 4563 4562
f 4198 4197 4563
f 4197 4196 4564
f 4197 4564 4563
f 4196 4195 4565
f 4196 4565 4564
f 4195 4194 4566
f 4195 4566 4565
f 4194 4193 4567
f 4194 4567 4566
f 4193 4192 4568
f 4193 4568 4567
f 4192 4191 4569
f 4192 4569 4568
f 4191 4190 4570
f 4191 4570 4569
f 4206 4555 4554
f 4206 4205 4555
f 4205 4556 4555
f 4205 4204 4556
f 4204 4557 4556
f 4204 4203 4557
f 4203 4558 4557
f 4203 4202 4558
f 4202 4201 4559
f 4202 4559 4558
f 4201 4560 4559
f 4201 4200 4560
f 4200 4561 4560
f 4200 4199 4561
f 4199 4562 4561
f 4199 4198 4562
f 4214 4548 4547
f 4214 4547 4546
f 4214 4213 4548
f 4213 4212 4548
f 4212 4549 4548
f 4212 4211 4549
f 4211 4550 4549
f 4211 4210 4550
f 4210 4551 4550
f 4210 4209 4551
f 4209 4552 4551
f 4209 4208 4552
f 4208 4553 4552
f 4208 4207 4553
f 4207 4554 4553
f 4207 4206 4554
f 4223 4539 4538
f 4222 4540 4539
f 4222 4221 4540
f 4221 4220 4540
f 4220 4541 4540
f 4220 4219 4541
f 4219 4543 4542
f 4219 4542 4541
f 4219 4218 4543
f 4218 4217 4543
f 4217 4544 4543
f 4217 4216 4544
f 4216 4546 4545
f 4216 4545 4544
f 4216 4215 4546
f 4215 4214 4546
f 4230 4532 4531
f 4230 4531 4530
f 4230 4229 4532
f 4229 4228 4532
f 4228 4227 4533
f 4228 4533 4532
f 4227 4226 4535
f 4227 4535 4534
f 4227 4534 4533
f 4226 4225 4535
f 4225 4224 4537
f 4225 4537 4536
f 4225 4536 4535
f 4224 4223 4538
f 4224 4538 4537
f 4223 4222 4539
f 4239 4238 4523
f 4238 4524 4523
f 4238 4237 4524
f 4237 4236 4524
f 4236 4526 4525
f 4236 4525 4524
f 4236 4235 4526
f 4235 4527 4526
f 4235 4234 4527
f 4234 4233 4527
f 4233 4528 4527
f 4233 4232 4528
f 4232 4530 4529
f 4232 4529 4528
f 4232 4231 4530
f 4231 4230 4530
f 4596 4595 4109
f 4594 4111 4110
f 4595 4594 4110
f 4593 4112 4111
f 4594 4593 4111
f 4592 4113 4112
f 4593 4592 4112
f 4591 4114 4113
f 4592 4591 4113
f 4590 4115 4114
f 4591 4590 4114
f 4590 4464 4115
f 4464 4105 4115
f 4126 4239 4435
f 4239 4523 4522
f 4239 4522 4435
f 4918 4805 4919
f 4805 4804 4919
f 4807 4917 4916
f 4808 4807 4916
f 4917 4806 4918
f 4806 4805 4918
f 4807 4806 4917
f 4589 4106 4092
f 4598 4107 4106
f 4589 4599 4106
f 4599 4598 4106
f 4597 4108 4107
f 4598 4597 4107
f 4596 4109 4108
f 4597 4596 4108
f 4595 4110 4109
f 4922 4801 4923
f 4801 4800 4923
f 4811 4913 4912
f 4812 4811 4912
f 4921 4802 4922
f 4802 4801 4922
f 4810 4914 4913
f 4811 4810 4913
f 4920 4803 4921
f 4803 4802 4921
f 4809 4915 4914
f 4810 4809 4914
f 4919 4804 4920
f 4804 4803 4920
f 4808 4916 4915
f 4809 4808 4915
f 4860 4859 4864
f 4863 4860 4864
f 4815 4909 4908
f 4816 4815 4908
f 4862 4861 4863
f 4861 4860 4863
f 4814 4910 4909
f 4815 4814 4909
f 4924 4799 4862
f 4799 4861 4862
f 4813 4911 4910
f 4814 4813 4910
f 4923 4800 4924
f 4800 4799 4924
f 4812 4912 4911
f 4813 4812 4911
f 4820 4904 4903
f 4867 4856 4868
f 4867 4857 4856
f 4820 4819 4904
f 4819 4905 4904
f 4866 4857 4867
f 4866 4858 4857
f 4818 4906 4905
f 4819 4818 4905
f 4865 4858 4866
f 4817 4907 4906
f 4818 4817 4906
f 4859 4858 4865
f 4864 4859 4865
f 4816 4908 4907
f 4817 4816 4907
f 4872 4871 4852
f 4871 4853 4852
f 4824 4900 4899
f 4823 4900 4824
f 4871 4870 4853
f 4870 4854 4853
f 4823 4901 4900
f 4822 4901 4823
f 4822 4902 4901
f 4870 4869 4854
f 4869 4855 4854
f 4821 4903 4902
f 4822 4821 4902
f 4868 4855 4869
f 4868 4856 4855
f 4821 4820 4903
f 4876 4875 4848
f 4875 4849 4848
f 4896 4895 4828
f 4827 4896 4828
f 4874 4850 4849
f 4875 4874 4849
f 4897 4896 4827
f 4826 4897 4827
f 4873 4851 4850
f 4874 4873 4850
f 4826 4898 4897
f 4825 4898 4826
f 4873 4872 4851
f 4872 4852 4851
f 4825 4899 4898
f 4824 4899 4825
f 4879 4845 4844
f 4880 4879 4844
f 4892 4891 4832
f 4831 4892 4832
f 4879 4878 4845
f 4878 4846 4845
f 4893 4892 4831
f 4830 4893 4831
f 4878 4877 4846
f 4877 4847 4846
f 4894 4893 4830
f 4829 4894 4830
f 4877 4876 4847
f 4876 4848 4847
f 4895 4894 4829
f 4828 4895 4829
f 4884 4883 4840
f 4883 4841 4840
f 4888 4887 4836
f 4835 4888 4836
f 4883 4882 4841
f 4882 4842 4841
f 4889 4888 4835
f 4834 4889 4835
f 4882 4881 4842
f 4881 4843 4842
f 4890 4889 4834
f 4833 4890 4834
f 4881 4880 4843
f 4880 4844 4843
f 4891 4890 4833
f 4832 4891 4833
f 4669 4803 4804
f 4669 4670 4803
f 4670 4802 4803
f 4670 4671 4802
f 4671 4801 4802
f 4671 4672 4801
f 4672 4800 4801
f 4672 4610 4800
f 4610 4799 4800
f 4886 4885 4838
f 4885 4839 4838
f 4837 4886 4838
f 4885 4884 4839
f 4884 4840 4839
f 4887 4886 4837
f 4836 4887 4837
f 4661 4662 4811
f 4661 4811 4812
f 4662 4663 4810
f 4662 4810 4811
f 4663 4664 4809
f 4663 4809 4810
f 4664 4808 4809
f 4664 4665 4808
f 4665 4807 4808
f 4665 4666 4807
f 4666 4806 4807
f 4666 4667 4806
f 4667 4805 4806
f 4667 4668 4805
f 4668 4804 4805
f 4668 4669 4804
f 4653 4819 4820
f 4653 4654 4819
f 4654 4818 4819
f 4654 4655 4818
f 4655 4817 4818
f 4655 4656 4817
f 4656 4657 4816
f 4656 4816 4817
f 4657 4658 4815
f 4657 4815 4816
f 4658 4659 4814
f 4658 4814 4815
f 4659 4660 4813
f 4659 4813 4814
f 4660 4661 4812
f 4660 4812 4813
f 4645 4827 4828
f 4645 4646 4827
f 4646 4826 4827
f 4646 4647 4826
f 4647 4825 4826
f 4647 4648 4825
f 4648 4824 4825
f 4648 4649 4824
f 4649 4823 4824
f 4649 4650 4823
f 4650 4822 4823
f 4650 4651 4822
f 4651 4821 4822
f 4651 4652 4821
f 4652 4820 4821
f 4652 4653 4820
f 4637 4638 4835
f 4637 4835 4836
f 4638 4834 4835
f 4638 4639 4834
f 4639 4833 4834
f 4639 4640 4833
f 4640 4832 4833
f 4640 4641 4832
f 4641 4831 4832
f 4641 4642 4831
f 4642 4830 4831
f 4642 4643 4830
f 4643 4829 4830
f 4643 4644 4829
f 4644 4828 4829
f 4644 4645 4828
f 4629 4843 4844
f 4629 4630 4843
f 4630 4842 4843
f 4630 4631 4842
f 4631 4632 4841
f 4631 4841 4842
f 4632 4633 4840
f 4632 4840 4841
f 4633 4634 4839
f 4633 4839 4840
f 4634 4635 4838
f 4634 4838 4839
f 4635 4636 4837
f 4635 4837 4838
f 4636 4637 4836
f 4636 4836 4837
f 4621 4622 4851
f 4621 4851 4852
f 4622 4623 4850
f 4622 4850 4851
f 4623 4624 4849
f 4623 4849 4850
f 4624 4625 4848
f 4624 4848 4849
f 4625 4626 4847
f 4625 4847 4848
f 4626 4627 4846
f 4626 4846 4847
f 4627 4628 4845
f 4627 4845 4846
f 4628 4844 4845
f 4628 4629 4844
f 4613 4614 4859
f 4613 4859 4860
f 4614 4615 4858
f 4614 4858 4859
f 4615 4616 4857
f 4615 4857 4858
f 4616 4617 4856
f 4616 4856 4857
f 4617 4618 4855
f 4617 4855 4856
f 4618 4619 4854
f 4618 4854 4855
f 4619 4620 4853
f 4619 4853 4854
f 4620 4621 4852
f 4620 4852 4853
f 4930 4867 4868
f 4930 4929 4867
f 4929 4866 4867
f 4929 4928 4866
f 4928 4865 4866
f 4928 4927 4865
f 4927 4864 4865
f 4927 4926 4864
f 4926 4863 4864
f 4926 4925 4863
f 4925 4862 4863
f 4610 4611 4799
f 4611 4612 4861
f 4611 4861 4799
f 4612 4613 4860
f 4612 4860 4861
f 4938 4937 4875
f 4938 4875 4876
f 4937 4936 4874
f 4937 4874 4875
f 4936 4935 4873
f 4936 4873 4874
f 4935 4934 4872
f 4935 4872 4873
f 4934 4871 4872
f 4934 4933 4871
f 4933 4870 4871
f 4933 4932 4870
f 4932 4869 4870
f 4932 4931 4869
f 4931 4868 4869
f 4931 4930 4868
f 4946 4883 4884
f 4946 4945 4883
f 4945 4882 4883
f 4945 4944 4882
f 4944 4881 4882
f 4944 4943 4881
f 4943 4880 4881
f 4943 4942 4880
f 4942 4941 4879
f 4942 4879 4880
f 4941 4940 4878
f 4941 4878 4879
f 4940 4939 4877
f 4940 4877 4878
f 4939 4938 4876
f 4939 4876 4877
f 4954 4891 4892
f 4954 4953 4891
f 4953 4890 4891
f 4953 4952 4890
f 4952 4889 4890
f 4952 4951 4889
f 4951 4888 4889
f 4951 4950 4888
f 4950 4887 4888
f 4950 4949 4887
f 4949 4886 4887
f 4949 4948 4886
f 4948 4885 4886
f 4948 4947 4885
f 4947 4884 4885
f 4947 4946 4884
f 4962 4961 4899
f 4962 4899 4900
f 4961 4960 4898
f 4961 4898 4899
f 4960 4897 4898
f 4960 4959 4897
f 4959 4896 4897
f 4959 4958 4896
f 4958 4895 4896
f 4958 4957 4895
f 4957 4894 4895
f 4957 4956 4894
f 4956 4893 4894
f 4956 4955 4893
f 4955 4892 4893
f 4955 4954 4892
f 4970 4907 4908
f 4970 4969 4907
f 4969 4906 4907
f 4969 4968 4906
f 4968 4905 4906
f 4968 4967 4905
f 4967 4966 4904
f 4967 4904 4905
f 4966 4965 4903
f 4966 4903 4904
f 4965 4964 4902
f 4965 4902 4903
f 4964 4963 4901
f 4964 4901 4902
f 4963 4962 4900
f 4963 4900 4901
f 4978 4977 4915
f 4978 4915 4916
f 4977 4976 4914
f 4977 4914 4915
f 4976 4975 4913
f 4976 4913 4914
f 4975 4974 4912
f 4975 4912 4913
f 4974 4973 4911
f 4974 4911 4912
f 4973 4972 4910
f 4973 4910 4911
f 4972 4971 4909
f 4972 4909 4910
f 4971 4970 4908
f 4971 4908 4909
f 4986 4985 4923
f 4986 4923 4924
f 4985 4984 4922
f 4985 4922 4923
f 4984 4983 4921
f 4984 4921 4922
f 4983 4982 4920
f 4983 4920 4921
f 4982 4981 4919
f 4982 4919 4920
f 4981 4980 4918
f 4981 4918 4919
f 4980 4979 4917
f 4980 4917 4918
f 4979 4978 4916
f 4979 4916 4917
f 4987 4926 4928
f 4987 4929 4932
f 4987 4932 4935
f 4987 4928 4929
f 4987 4925 4926
f 4926 4927 4928
f 4939 4935 4938
f 4938 4936 4937
f 4938 4935 4936
f 4929 4931 4932
f 4929 4930 4931
f 4935 4933 4934
f 4935 4932 4933
f 4925 4987 4862
f 4987 4986 4924
f 4987 4924 4862
f 4950 4948 4949
f 4979 4980 4981
f 4948 4943 4947
f 4947 4945 4946
f 4947 4943 4945
f 4982 4983 4987
f 4982 4939 4942
f 4982 4935 4939
f 4982 4987 4935
f 4982 4942 4943
f 4983 4986 4987
f 4983 4985 4986
f 4983 4984 4985
f 4945 4943 4944
f 4942 4940 4941
f 4942 4939 4940
f 4969 4971 4972
f 4969 4970 4971
f 4969 4977 4979
f 4969 4979 4981
f 4959 4952 4958
f 4959 4951 4952
f 4958 4952 4955
f 4958 4956 4957
f 4958 4955 4956
f 4955 4953 4954
f 4955 4952 4953
f 4977 4978 4979
f 4951 4981 4982
f 4951 4943 4950
f 4951 4982 4943
f 4950 4943 4948
f 4964 4965 4963
f 4965 4966 4969
f 4965 4969 4963
f 4963 4951 4960
f 4963 4969 4981
f 4963 4961 4962
f 4963 4960 4961
f 4966 4967 4969
f 4967 4968 4969
f 4960 4951 4959
f 4969 4976 4977
f 4969 4975 4976
f 4969 4974 4975
f 4969 4973 4974
f 4969 4972 4973
f 3795 3771 3772
f 3795 3770 3771
f 3756 3755 3794
f 3794 3755 3793
f 3755 3754 3793
f 3754 3792 3793
f 3754 3753 3792
f 3792 3753 3791
f 3753 3752 3790
f 3753 3790 3791
f 3752 3789 3790
f 3752 3751 3789
f 3751 3788 3789
f 3751 3787 3788
f 3751 3750 3787
f 3750 3786 3787
f 5378 5377 5288
f 5307 5168 5167
f 5307 5379 5168
f 5363 5378 5289
f 5363 5289 5273
f 5374 5373 5285
f 5378 5288 5289
f 5377 5376 5287
f 5377 5287 5288
f 5376 5375 5286
f 5376 5286 5287
f 5375 5374 5285
f 5375 5285 5286
f 5372 5371 5282
f 5308 5379 5307
f 5309 5379 5308
f 5310 5379 5309
f 5311 5379 5310
f 5382 5311 5312
f 5382 5379 5311
f 5313 5382 5312
f 5314 5382 5313
f 5315 5382 5314
f 5316 5382 5315
f 5317 5382 5316
f 5318 5382 5317
f 5319 5382 5318
f 5367 5366 5277
f 5361 5305 5306
f 5361 5360 5305
f 5346 5306 5290
f 5346 5361 5306
f 5362 5290 5274
f 5362 5346 5290
f 5364 5274 5275
f 5364 5362 5274
f 5365 5275 5276
f 5365 5364 5275
f 5366 5276 5277
f 5366 5365 5276
f 5367 5277 5278
f 5373 5372 5284
f 5368 5278 5279
f 5368 5367 5278
f 5369 5279 5280
f 5369 5280 5281
f 5369 5368 5279
f 5370 5281 5282
f 5370 5369 5281
f 5371 5370 5282
f 5372 5282 5283
f 5372 5283 5284
f 5322 5382 5321
f 5373 5284 5285
f 5381 5020 5021
f 5380 5024 5025
f 5380 5025 4992
f 5381 5010 5011
f 5381 5011 5012
f 5381 5012 5013
f 5381 5013 5014
f 5381 5023 5380
f 5381 5014 5015
f 5381 5015 5016
f 5381 5016 5017
f 5381 5017 5018
f 5381 5018 5019
f 5381 5019 5020
f 5380 5023 5024
f 5381 5021 5022
f 5381 5022 5023
f 5381 5382 5009
f 5009 5382 5008
f 5008 5382 5007
f 5007 5382 5006
f 5006 5382 5005
f 5005 5382 5004
f 5004 5382 5003
f 5003 5382 5325
f 5003 5325 5326
f 5003 5326 5327
f 4998 5338 4997
f 5321 5382 5320
f 5359 5358 5303
f 5323 5382 5322
f 5324 5382 5323
f 5325 5382 5324
f 4995 5341 5342
f 4995 5342 5343
f 4995 5343 5172
f 4996 5339 5340
f 4996 5340 5341
f 4996 5341 4995
f 4997 5339 4996
f 4997 5338 5339
f 5320 5382 5319
f 4998 5337 5338
f 4999 5337 4998
f 4999 5335 5336
f 4999 5336 5337
f 5000 5335 4999
f 5000 5334 5335
f 5001 5333 5334
f 5001 5334 5000
f 5002 5333 5001
f 5002 5332 5333
f 5003 5331 5332
f 5003 5332 5002
f 5187 5328 5327
f 5182 5181 5334
f 5182 5333 5332
f 5182 5334 5333
f 5183 5182 5332
f 5183 5332 5331
f 5184 5331 5330
f 5184 5183 5331
f 5185 5330 5329
f 5185 5184 5330
f 5186 5329 5328
f 5186 5185 5329
f 5187 5186 5328
f 5187 5327 5326
f 5181 5335 5334
f 5188 5326 5325
f 5188 5187 5326
f 5189 5325 5324
f 5189 5188 5325
f 5190 5324 5323
f 5190 5189 5324
f 5191 5323 5322
f 5191 5190 5323
f 5192 5321 5320
f 5192 5322 5321
f 5192 5191 5322
f 5193 5320 5319
f 5235 5234 5133
f 5206 5205 5307
f 5173 5172 5343
f 5174 5343 5342
f 5174 5173 5343
f 5175 5342 5341
f 5175 5174 5342
f 5173 5238 5130
f 5173 5130 5172
f 5238 5237 5130
f 5237 5236 5131
f 5237 5131 5130
f 5236 5132 5131
f 5236 5235 5132
f 5193 5192 5320
f 5176 5340 5339
f 5176 5341 5340
f 5176 5175 5341
f 5177 5339 5338
f 5177 5176 5339
f 5178 5338 5337
f 5178 5177 5338
f 5179 5337 5336
f 5179 5178 5337
f 5180 5179 5336
f 5180 5336 5335
f 5181 5180 5335
f 5354 5298 5299
f 5347 5344 5291
f 5348 5292 5293
f 5348 5293 5294
f 5348 5347 5292
f 5349 5348 5294
f 5350 5294 5295
f 5350 5349 5294
f 5351 5295 5296
f 5351 5296 5297
f 5351 5350 5295
f 5352 5351 5297
f 5353 5297 5298
f 5353 5352 5297
f 5347 5291 5292
f 5354 5299 5300
f 5354 5353 5298
f 5355 5354 5300
f 5356 5300 5301
f 5356 5355 5300
f 5357 5301 5302
f 5357 5356 5301
f 5358 5302 5303
f 5358 5357 5302
f 5359 5303 5304
f 5206 5307 5167
f 5360 5304 5305
f 5200 5312 5311
f 5194 5319 5318
f 5194 5193 5319
f 5195 5318 5317
f 5195 5194 5318
f 5196 5317 5316
f 5196 5195 5317
f 5197 5315 5314
f 5197 5316 5315
f 5197 5196 5316
f 5198 5314 5313
f 5198 5197 5314
f 5199 5313 5312
f 5199 5198 5313
f 5360 5359 5304
f 5200 5199 5312
f 5201 5311 5310
f 5201 5200 5311
f 5202 5310 5309
f 5202 5201 5310
f 5203 5202 5309
f 5203 5309 5308
f 5204 5308 5307
f 5204 5203 5308
f 5205 5204 5307
f 5344 5255 5291
f 5344 5345 5255
f 5344 5348 5349
f 5412 5411 5268
f 5413 5269 5270
f 5413 5412 5269
f 5414 5270 5271
f 5414 5413 5270
f 5415 5271 5272
f 5415 5414 5271
f 5400 5272 5256
f 5400 5415 5272
f 5351 5352 5353
f 5360 5357 5358
f 5360 5358 5359
f 5344 5347 5348
f 5412 5268 5269
f 5344 5349 5350
f 5344 5350 5351
f 5344 5353 5354
f 5344 5354 5355
f 5344 5355 5356
f 5344 5356 5357
f 5344 5351 5353
f 5346 5360 5361
f 5346 5357 5360
f 5346 5344 5357
f 5365 5362 5364
f 5366 5362 5365
f 5368 5366 5367
f 5405 5404 5261
f 5345 5254 5255
f 5345 5399 5254
f 5384 5256 5239
f 5384 5400 5256
f 5401 5257 5258
f 5401 5383 5257
f 5402 5258 5259
f 5402 5401 5258
f 5403 5259 5260
f 5403 5402 5259
f 5404 5260 5261
f 5404 5403 5260
f 5405 5261 5262
f 5370 5366 5368
f 5406 5262 5263
f 5406 5263 5264
f 5406 5405 5262
f 5407 5264 5265
f 5407 5406 5264
f 5408 5407 5265
f 5409 5265 5266
f 5409 5266 5267
f 5409 5408 5265
f 5410 5267 5268
f 5410 5409 5267
f 5411 5410 5268
f 5381 5380 5419
f 5384 5385 5390
f 5383 5400 5384
f 5383 5345 5344
f 5383 5344 5363
f 5383 5384 5345
f 5414 5415 5400
f 5414 5400 5383
f 5402 5383 5401
f 5403 5383 5402
f 5411 5412 5413
f 5169 5168 5420
f 5380 5171 5421
f 5381 5419 5418
f 5384 5390 5345
f 5420 5421 5422
f 5420 5422 5423
f 5170 5423 5422
f 5170 5169 5423
f 5382 5418 5417
f 5382 5381 5418
f 5379 5417 5416
f 5379 5382 5417
f 5168 5416 5420
f 5168 5379 5416
f 5169 5420 5423
f 5405 5403 5404
f 5398 5399 5345
f 5370 5368 5369
f 5372 5370 5371
f 5376 5374 5375
f 5377 5374 5376
f 5377 5373 5374
f 5363 5344 5346
f 5363 5362 5366
f 5363 5366 5370
f 5363 5370 5372
f 5363 5373 5377
f 5363 5346 5362
f 5363 5372 5373
f 5363 5377 5378
f 5399 5398 5253
f 5396 5397 5398
f 5395 5398 5345
f 5395 5396 5398
f 5393 5394 5395
f 5393 5395 5345
f 5391 5392 5393
f 5391 5393 5345
f 5390 5391 5345
f 5388 5389 5390
f 5387 5388 5390
f 5385 5386 5387
f 5385 5387 5390
f 5088 5093 4991
f 5057 5054 5056
f 5057 5053 5054
f 5058 5053 5057
f 5093 5095 4991
f 5093 5094 5095
f 5060 5038 5039
f 5060 5039 5053
f 5060 5058 5059
f 5060 5053 5058
f 5060 4990 5038
f 5029 4990 5060
f 5090 5091 5092
f 5089 5090 5092
f 5095 5096 4991
f 5088 5089 5092
f 5088 5092 5093
f 5085 5088 4991
f 5085 5086 5087
f 5085 5087 5088
f 5084 5085 4991
f 5082 5083 5084
f 5062 4990 5029
f 5062 4991 4990
f 5081 5082 5084
f 5066 4991 5062
f 5068 5066 5067
f 4990 5034 5035
f 5003 5328 5329
f 5003 5329 5330
f 5003 5330 5331
f 5381 5009 5010
f 5035 5036 5037
f 5035 5037 5038
f 5044 5040 5041
f 5044 5041 5042
f 5044 5042 5043
f 4990 5030 5031
f 4990 5031 5032
f 4990 5032 5033
f 4990 5033 5034
f 5068 4991 5066
f 4990 5035 5038
f 5046 5044 5045
f 5046 5040 5044
f 5048 5039 5040
f 5048 5046 5047
f 5048 5040 5046
f 5050 5039 5048
f 5050 5048 5049
f 5053 5039 5050
f 5053 5050 5051
f 5053 5051 5052
f 5056 5054 5055
f 5393 5247 5248
f 5386 5385 5240
f 5387 5241 5242
f 5387 5386 5241
f 5388 5242 5243
f 5388 5243 5244
f 5388 5387 5242
f 5389 5388 5244
f 5390 5244 5245
f 5390 5245 5246
f 5390 5389 5244
f 5391 5246 5247
f 5391 5390 5246
f 5392 5391 5247
f 5386 5240 5241
f 5393 5248 5249
f 5393 5392 5247
f 5394 5249 5250
f 5394 5393 5249
f 5395 5394 5250
f 5396 5250 5251
f 5396 5395 5250
f 5397 5251 5252
f 5397 5252 5253
f 5397 5396 5251
f 5398 5397 5253
f 5399 5253 5254
f 5073 5068 5072
f 5077 5078 5079
f 5077 5079 5080
f 5070 5068 5069
f 5076 5080 5081
f 5076 5081 5084
f 5076 5077 5080
f 5071 5068 5070
f 5072 5068 5071
f 5074 5075 5076
f 5073 5084 4991
f 5073 4991 5068
f 5073 5076 5084
f 5073 5074 5076
f 5003 5327 5328
f 5171 4989 5063
f 5171 5063 5064
f 5171 5064 5065
f 4988 4989 5171
f 5380 4992 4993
f 5380 4993 4994
f 5380 4994 4988
f 5380 4988 5171
f 5383 5273 5257
f 5383 5363 5273
f 5385 5239 5240
f 5385 5384 5239
f 5129 5069 5068
f 5121 5120 5075
f 5122 5121 5074
f 5123 5074 5073
f 5123 5122 5074
f 5124 5073 5072
f 5124 5123 5073
f 5125 5072 5071
f 5125 5124 5072
f 5126 5071 5070
f 5126 5125 5071
f 5127 5126 5070
f 5128 5070 5069
f 5128 5127 5070
f 5121 5075 5074
f 5129 5128 5069
f 5097 5068 5067
f 5097 5129 5068
f 5098 5097 5067
f 5098 5067 5066
f 5099 5066 5062
f 5099 5098 5066
f 5061 5099 5062
f 5156 5157 5169
f 5158 5169 5157
f 5155 5156 5169
f 5159 5169 5158
f 5154 5155 5169
f 5114 5081 5080
f 5107 5106 5087
f 5107 5087 5086
f 5108 5107 5086
f 5108 5086 5085
f 5109 5085 5084
f 5109 5108 5085
f 5110 5109 5084
f 5110 5084 5083
f 5111 5083 5082
f 5111 5110 5083
f 5112 5111 5082
f 5113 5082 5081
f 5113 5112 5082
f 5160 5169 5159
f 5114 5113 5081
f 5115 5080 5079
f 5115 5114 5080
f 5116 5079 5078
f 5116 5115 5079
f 5117 5116 5078
f 5118 5078 5077
f 5118 5117 5078
f 5119 5077 5076
f 5119 5118 5077
f 5120 5076 5075
f 5120 5119 5076
f 5097 5130 5131
f 5120 5141 5142
f 5126 5135 5125
f 5119 5142 5143
f 5119 5120 5142
f 5127 5134 5135
f 5127 5135 5126
f 5118 5119 5143
f 5128 5134 5127
f 5128 5133 5134
f 5129 5132 5133
f 5129 5133 5128
f 5117 5143 5144
f 5117 5118 5143
f 5120 5121 5141
f 5097 5131 5132
f 5097 5132 5129
f 5116 5117 5144
f 5116 5144 5145
f 5115 5146 5169
f 5115 5116 5145
f 5115 5145 5146
f 5114 5115 5169
f 5170 5103 5104
f 5170 5104 5105
f 5170 5105 5106
f 5170 5106 5107
f 5147 5148 5169
f 5153 5154 5169
f 5161 5169 5160
f 5152 5153 5169
f 5162 5168 5169
f 5162 5169 5161
f 5151 5152 5169
f 5163 5168 5162
f 5150 5151 5169
f 5164 5168 5163
f 5149 5150 5169
f 5165 5168 5164
f 5148 5149 5169
f 5166 5168 5165
f 5106 5088 5087
f 5167 5168 5166
f 5146 5147 5169
f 5123 5137 5138
f 5123 5138 5139
f 5122 5123 5139
f 5122 5139 5140
f 5124 5137 5123
f 5124 5136 5137
f 5121 5140 5141
f 5121 5122 5140
f 5125 5135 5136
f 5125 5136 5124
f 5004 5003 5050
f 4997 4996 5057
f 4998 5056 5055
f 4998 4997 5056
f 4999 5055 5054
f 4999 4998 5055
f 5000 4999 5054
f 5000 5054 5053
f 5001 5000 5053
f 5001 5053 5052
f 5002 5001 5052
f 5002 5052 5051
f 5003 5002 5051
f 5003 5051 5050
f 4997 5057 5056
f 5004 5050 5049
f 5005 5004 5049
f 5005 5049 5048
f 5006 5005 5048
f 5006 5048 5047
f 5007 5006 5047
f 5007 5047 5046
f 5008 5007 5046
f 5009 5008 5046
f 5009 5046 5045
f 5010 5009 5045
f 5010 5045 5044
f 5011 5010 5044
f 5405 5383 5403
f 5171 5170 5422
f 5421 5420 5419
f 5420 5416 5419
f 5417 5419 5416
f 5417 5418 5419
f 5408 5410 5414
f 5408 5414 5383
f 5408 5409 5410
f 5408 5383 5407
f 5407 5383 5405
f 5407 5405 5406
f 5410 5411 5413
f 5410 5413 5414
f 5011 5044 5043
f 5380 5421 5419
f 5171 5422 5421
f 4989 4988 4990
f 4989 4990 4991
f 5027 5026 5029
f 5027 5029 5060
f 5028 5060 5059
f 5028 5027 5060
f 4995 5059 5058
f 4995 5028 5059
f 4996 5058 5057
f 4996 4995 5058
f 5100 5094 5093
f 4993 4992 5031
f 4993 5031 5030
f 4994 4993 5030
f 4994 5030 4990
f 4988 4994 4990
f 5026 5061 5062
f 5026 5062 5029
f 5063 4989 4991
f 5063 4991 5096
f 5064 5096 5095
f 5064 5063 5096
f 5065 5095 5094
f 5065 5064 5095
f 4992 5025 5032
f 5100 5065 5094
f 5101 5093 5092
f 5101 5100 5093
f 5102 5092 5091
f 5102 5101 5092
f 5103 5091 5090
f 5103 5102 5091
f 5104 5103 5090
f 5104 5090 5089
f 5105 5104 5089
f 5105 5089 5088
f 5106 5105 5088
f 5019 5018 5038
f 5012 5043 5042
f 5012 5011 5043
f 5013 5012 5042
f 5014 5042 5041
f 5014 5013 5042
f 5015 5041 5040
f 5015 5014 5041
f 5016 5040 5039
f 5016 5015 5040
f 5017 5039 5038
f 5017 5016 5039
f 5018 5017 5038
f 5019 5038 5037
f 5170 5107 5108
f 5020 5037 5036
f 5020 5019 5037
f 5021 5036 5035
f 5021 5020 5036
f 5022 5035 5034
f 5022 5021 5035
f 5023 5022 5034
f 5024 5034 5033
f 5024 5023 5034
f 5025 5033 5032
f 5025 5024 5033
f 4992 5032 5031
f 5213 5264 5212
f 5210 5262 5261
f 5218 5219 5271
f 5218 5271 5270
f 5211 5262 5210
f 5211 5263 5262
f 5217 5218 5270
f 5217 5270 5269
f 5212 5263 5211
f 5212 5264 5263
f 5216 5217 5269
f 5216 5268 5267
f 5216 5269 5268
f 5213 5265 5264
f 5210 5261 5209
f 5215 5267 5266
f 5215 5216 5267
f 5214 5215 5266
f 5214 5266 5265
f 5214 5265 5213
f 5206 5167 5166
f 5207 5166 5165
f 5207 5206 5166
f 5208 5165 5164
f 5208 5207 5165
f 5209 5163 5162
f 5209 5164 5163
f 5209 5208 5164
f 5222 5223 5239
f 5228 5245 5244
f 5227 5228 5243
f 5227 5243 5242
f 5226 5227 5242
f 5226 5242 5241
f 5225 5226 5241
f 5225 5241 5240
f 5224 5225 5240
f 5224 5240 5239
f 5223 5224 5239
f 5206 5273 5205
f 5206 5258 5257
f 5206 5257 5273
f 5210 5162 5161
f 5222 5239 5256
f 5207 5258 5206
f 5207 5259 5258
f 5221 5222 5256
f 5208 5259 5207
f 5208 5260 5259
f 5220 5221 5256
f 5220 5256 5272
f 5209 5260 5208
f 5209 5261 5260
f 5219 5220 5272
f 5219 5272 5271
f 5229 5140 5139
f 5223 5147 5146
f 5223 5222 5147
f 5224 5146 5145
f 5224 5223 5146
f 5225 5144 5143
f 5225 5145 5144
f 5225 5224 5145
f 5226 5143 5142
f 5226 5225 5143
f 5227 5142 5141
f 5227 5226 5142
f 5228 5141 5140
f 5228 5227 5141
f 5222 5221 5148
f 5229 5228 5140
f 5230 5138 5137
f 5230 5139 5138
f 5230 5229 5139
f 5231 5137 5136
f 5231 5230 5137
f 5232 5136 5135
f 5232 5231 5136
f 5233 5135 5134
f 5233 5232 5135
f 5234 5134 5133
f 5234 5233 5134
f 5216 5155 5154
f 5210 5209 5162
f 5211 5161 5160
f 5211 5210 5161
f 5212 5160 5159
f 5212 5211 5160
f 5213 5212 5159
f 5213 5159 5158
f 5214 5213 5158
f 5214 5158 5157
f 5215 5214 5157
f 5215 5156 5155
f 5215 5157 5156
f 5216 5215 5155
f 5228 5244 5243
f 5217 5154 5153
f 5217 5216 5154
f 5218 5153 5152
f 5218 5217 5153
f 5219 5152 5151
f 5219 5218 5152
f 5220 5219 5151
f 5220 5150 5149
f 5220 5151 5150
f 5221 5149 5148
f 5221 5220 5149
f 5222 5148 5147
f 5305 5185 5186
f 5297 5178 5179
f 5297 5179 5298
f 5302 5301 5183
f 5296 5177 5178
f 5296 5178 5297
f 5303 5183 5184
f 5303 5302 5183
f 5295 5176 5177
f 5295 5177 5296
f 5304 5184 5185
f 5304 5303 5184
f 5294 5175 5176
f 5294 5176 5295
f 5301 5300 5182
f 5305 5304 5185
f 5293 5174 5175
f 5293 5175 5294
f 5306 5186 5187
f 5306 5305 5186
f 5292 5174 5293
f 5292 5173 5174
f 5290 5306 5187
f 5290 5187 5188
f 5290 5188 5189
f 5291 5173 5292
f 5274 5290 5189
f 5099 5130 5098
f 5170 5108 5109
f 5170 5109 5110
f 5170 5110 5111
f 5170 5111 5112
f 5170 5112 5113
f 5170 5113 5114
f 5170 5114 5169
f 5102 5103 5170
f 5171 5065 5100
f 5171 5100 5101
f 5171 5101 5102
f 5171 5102 5170
f 5098 5130 5097
f 5274 5189 5190
f 5061 5130 5099
f 5026 5172 5130
f 5026 5130 5061
f 5027 5172 5026
f 5028 5172 5027
f 4995 5172 5028
f 5299 5180 5181
f 5300 5181 5182
f 5300 5299 5181
f 5298 5179 5180
f 5298 5180 5299
f 5301 5182 5183
f 5251 5235 5252
f 5204 5289 5288
f 5204 5288 5203
f 5205 5273 5289
f 5205 5289 5204
f 5255 5173 5291
f 5255 5238 5173
f 5254 5238 5255
f 5254 5237 5238
f 5253 5236 5237
f 5253 5237 5254
f 5252 5235 5236
f 5252 5236 5253
f 5251 5234 5235
f 5203 5287 5202
f 5250 5233 5234
f 5250 5234 5251
f 5249 5232 5233
f 5249 5233 5250
f 5248 5232 5249
f 5231 5232 5248
f 5247 5231 5248
f 5230 5247 5246
f 5230 5231 5247
f 5229 5230 5246
f 5229 5246 5245
f 5228 5229 5245
f 5281 5280 5196
f 5274 5190 5191
f 5275 5191 5192
f 5275 5274 5191
f 5276 5192 5193
f 5276 5275 5192
f 5277 5193 5194
f 5277 5276 5193
f 5278 5194 5195
f 5278 5277 5194
f 5279 5278 5195
f 5280 5279 5195
f 5280 5195 5196
f 5281 5196 5197
f 5235 5133 5132
f 5282 5281 5197
f 5198 5282 5197
f 5283 5282 5198
f 5199 5284 5283
f 5199 5283 5198
f 5200 5285 5284
f 5200 5284 5199
f 5201 5286 5285
f 5201 5285 5200
f 5202 5287 5286
f 5202 5286 5201
f 5203 5288 5287

