####
#
# OBJ File Generated by Meshlab
#
####
# Object right_down_rack.obj
#
# Vertices: 4936
# Faces: 10000
#
####
vn 0.5594819745508809 -0.5600460905392373 -0.6110059710218584
v 70.5938868047049937 30.5982804926672429 8.3506547996360272
vn -0.4645110769068396 -0.7503232715487852 0.4703662908874062
v 69.8915932859326006 30.6038240221701159 9.2348139194495733
vn 0.6160246368901957 -0.7101184679608734 -0.3409478086235554
v 70.3486930496798806 30.5982932999990389 8.0085546269931065
vn -0.3756578642073717 -0.9255565181471929 0.0471836918267398
v 69.4243011500000051 30.5982933000000017 8.0500001900000004
vn 0.2553689267304406 -0.7127165288170583 -0.6533160497121635
v 71.0707402492791971 30.5983017375622062 8.6848597001946448
vn -0.0395895137849268 -0.9643549242616080 0.2616338098386015
v 70.9243011500000051 30.5982933000000017 9.5500001900000004
vn 0.0684612501178006 -0.5571210989185743 -0.8276044576801578
v 71.5398496344354697 30.5982932763800441 8.7990404068272099
vn 0.8816597957141802 -0.4516490308854936 -0.1367082935356317
v 70.1759177881546066 30.5982922796811643 7.5393107341296091
vn 0.2070463365931815 -0.5648259840903626 -0.7988137593955782
v 73.1252272870792410 30.5983753545622967 8.8118333749081525
vn 0.3915958527147059 -0.5585007490046947 -0.7312520779442868
v 73.6770040148869896 30.5982941723528938 9.1579677486136948
vn 0.1401435025119651 -0.5574754118434350 -0.8182792701111713
v 73.9439616632056271 30.5982933077277828 9.2412103923304159
vn -0.0908124807092290 -0.9213168757021533 -0.3780586037823488
v 74.2317857160982015 30.5982934681130949 9.2444382638280533
vn -0.1546202408927371 -0.5550875946672784 -0.8172945266871467
v 75.1819106415089209 30.5982932676506678 8.8001637741273786
vn -0.2748774485897167 -0.8313017694441152 -0.4830939415640513
v 74.5148536703070192 30.5982932996916865 9.1302074567189866
vn 0.7945813751710618 -0.6038658446513766 -0.0631385769141503
v 70.1740184963851874 30.5982933554721477 -3.8108799223484979
vn 0.8477767582590133 -0.3190732456753253 -0.4236352582706635
v 70.0495825984770875 30.5982937509732906 -4.1878214201477135
vn 0.6742368604952966 -0.6016548012187803 -0.4282711245459305
v 69.8558817441958979 30.5982932998431352 -4.4421598502440904
vn 0.6617417798934574 -0.7092643341882703 -0.2429854337031515
v 69.7823094557655139 30.5982932993884660 -4.5895620640721262
vn 0.0311276676494574 -0.6008805295971614 -0.7987325318639148
v 83.3849639900000028 30.5982933000000017 8.8000001900000004
vn 0.0959821812549638 -0.5552209938730173 -0.8261459125627858
v 83.8901356295809677 30.5982962316751426 8.8795103584615109
vn 0.7176859974481774 -0.5563795454893280 0.4187703552400810
v 69.9643414725934889 30.5982873610425941 -5.5116073865906596
vn -0.3078598845748899 -0.9510149671968448 -0.0281571240917789
v 69.4243011500000051 30.5982933000000017 -8.0500001900000004
vn 0.8734419847989093 -0.4541171059554763 0.1757178228557494
v 70.1728347161064931 30.5982934171998373 -5.9685668877631253
vn 0.6981405625532319 -0.7128885826350528 -0.0662542350830683
v 69.7146240732472791 30.5982926464845342 -4.8651122583920339
vn 0.7860508801716848 -0.5585651174902068 0.2648188499795119
v 69.7612419910131933 30.5982933007458229 -5.1521155273445434
vn 0.6673552083785195 -0.7145727428826147 0.2098161599574237
v 70.1893050826587483 30.5982808468749177 -7.6342353147802928
vn 0.6527319799507391 -0.5581350864422004 0.5122754997379294
v 70.4811532411143702 30.5982894698447367 -8.2162261507239798
vn -0.4866792993185412 -0.8219604356224984 -0.2958450639880383
v 69.5566336438818666 30.5967586527323654 -8.7558818561202063
vn 0.4169815900422779 -0.7090648508827460 0.5686417068844343
v 70.7485794992611972 30.5982932994025667 -8.4861669022591624
vn -0.2168105006179842 -0.8535003513873782 -0.4738463432415631
v 70.3624683431046520 30.5982933174622111 -9.4722668795168499
vn -0.0428164129514910 -0.9182183888562045 -0.3937534065227671
v 70.9243011500000051 30.5982933000000017 -9.5500001900000004
vn 0.2653125201439360 -0.7090650521813794 0.6533268848209840
v 71.0653821093306135 30.5982932987509599 -8.6736939720804198
vn 0.0785492294039758 -0.5580331897865221 0.8260925962970018
v 71.4955503676990816 30.5982921629347473 -8.7998051591420481
vn 0.0979780078383373 -0.5460794916754519 -0.8319840736165030
v 96.8846653117799406 30.5982932753690697 8.8001882775455922
vn 0.3920501173705791 -0.3092188692494706 -0.8664181417593897
v 97.2749409054696343 30.6048305410995702 8.9281386953487054
vn 0.3651236123598466 -0.6966320135290591 -0.6175666647607732
v 97.5512146410971894 30.5982932997701198 9.1416986044412827
vn -0.0397449331658725 -0.7082312446873662 -0.7048608687792395
v 85.5368423500000006 30.5982933000000017 8.8000001900000004
vn 0.1918173583476555 -0.7082458363644325 -0.6794070475855933
v 97.7406045721085519 30.5982931284926991 9.2187903053982421
vn -0.0982188832506049 -0.7072376573507716 -0.7001199518639620
v 85.2700576799999936 30.5982933000000017 8.8455657999999993
vn -0.2315342738994722 -0.5643904690545591 -0.7923731939245667
v 98.9150742217600225 30.5982438282823104 8.8132565454894554
vn 0.0647927513560879 -0.8956623585691846 0.4399895894381971
v 101.0242996199999936 30.5982933000000017 9.5500001900000004
vn -0.0368155863747579 -0.5560202012045122 -0.8303530264004438
v 97.9534225499999991 30.5982933000000017 9.2497434599999995
vn -0.3465822606103913 -0.5634061981408393 -0.7499694610626997
v 98.2920293790248110 30.5983123585125121 9.2031930264013777
vn -0.0823277250283265 -0.4486547875622753 -0.8899050664476013
v 100.3489899543673403 30.5982932848666245 8.7997430582617095
vn -0.2064194825453527 -0.8373309233932894 -0.5062291200188411
v 100.8386621502482257 30.5983028851851060 8.7084855984729170
vn 0.2571853168993087 -0.9103359337406332 0.3242594647993666
v 102.0017057952394453 30.5988856475653179 9.2638174169510776
vn -0.6035955388949505 -0.4510150059919127 -0.6574632231510970
v 101.3126175176711854 30.5982933013685319 8.3905918306022222
vn -0.4560728663017123 -0.8329825014882516 -0.3132693614730226
v 101.5222903344055823 30.5982933008104112 8.1338077619860929
vn 0.6633130362290555 -0.7100602129015394 0.2362843837895602
v 102.4854369520865873 30.5982933725107209 8.4046467538709173
vn 0.2734858008955189 -0.9617036056960661 0.0182123996146044
v 102.5242769944445911 30.5982933014933138 8.1143541982864136
vn -0.8258285962060599 -0.5581815644927647 -0.0802525435655364
v 101.7736999536013656 30.5982948198961608 7.4853718518776828
vn -0.6517779765116208 -0.7086983550051603 -0.2700594581705977
v 101.6422388132426846 30.5982891187271306 7.9241415989805093
vn -0.8247706976794394 -0.5561375447890400 -0.1022952957148527
v 101.7742996199999936 30.5982933000000017 1.8330302199999999
vn -0.6994739213814617 -0.7073306643665705 -0.1020762683192655
v 101.8866856248896653 30.5982933042100775 1.2276262909768141
vn 0.0825052822607291 -0.6068198725130406 0.7905457107102249
v 96.9333687710766725 30.5982930029942040 -8.8001426511579872
vn 0.4780077014525835 -0.2445080345235626 0.8436376345359672
v 97.3353228140301781 30.5981883895270528 -8.9804641666169562
vn 0.3271037306264101 -0.7088397172900742 0.6249395207557388
v 97.6077855388026592 30.5982932999584385 -9.1671853845805007
vn -0.3218201711712506 -0.7092128273910399 0.6272550859828194
v 98.6674979075130096 30.5983068454330294 -8.9420995576558688
vn 0.0312992266051341 -0.9372792840273492 -0.3471712864669258
v 101.0242996199999936 30.5982933000000017 -9.5500001900000004
vn -0.0773806710526339 -0.5555099217343510 0.8279015391954162
v 100.3489899543673403 30.5982932848666245 -8.7997430582617095
vn -0.2396414746557404 -0.5567565843307652 0.7953578247739577
v 100.6503799259825200 30.5982933008581028 -8.7557688046228943
vn -0.2736446737133817 -0.8348141401478890 0.4777069645268296
v 101.0047051515467018 30.5982934504588080 -8.6163416879213752
vn -0.3303929750504785 -0.4553507844885196 0.8267382567070328
v 98.2503062315584828 30.5983212974034693 -9.2166746045716543
vn 0.0664190515149624 -0.7098839487136592 0.7011799262347401
v 97.8873486357078946 30.5982933087553803 -9.2476949984436221
vn 0.4307305959608104 -0.9003866465215487 -0.0614413579677799
v 102.5241954980152599 30.5982932967834245 -8.2067965629976154
vn -0.8828761873633825 -0.4511443010841846 0.1303781323150471
v 101.7735522288518837 30.5982963140412458 -7.5014448213107210
vn -0.7434105469324387 -0.5570488206964206 0.3701855886853776
v 101.6433627992182807 30.5982933019018688 -7.9183012332370515
vn -0.8273467134286419 -0.5554937823533551 0.0832110181742064
v 101.7766641787778212 30.5982932961273626 -1.8973757262512909
vn -0.5002955612719197 -0.7116099678403853 0.4932703164004708
v 101.4056885159099437 30.5982948881927648 -8.3011806877465091
vn 0.4961904765023000 -0.6237440414598659 -0.6039357430817730
v 102.0391881733469859 30.5989070714409301 -9.2693656335225239
vn -0.8921776371859229 -0.4473184120738417 -0.0626522300088391
v 101.9520034800000019 30.5982933000000017 0.6153092400000000
vn -0.7058368840847946 -0.7075406666767868 0.0343583769121352
v 101.9767723458734849 30.5982933006390780 -0.2567962505487641
vn 0.0418362415103770 -0.9488797518886701 -0.3128529132867092
v 97.8652902206866173 30.5982933000424211 9.2436413893354139
vn 0.0069626848438380 -0.7072994494425251 -0.7068797704263903
v 84.4608993500000054 30.5982933000000017 8.9043331099999996
vn -0.0493608135546440 -0.7072630094553565 -0.7052251736441176
v 84.8402117684261441 30.5982897239392138 8.8930847412985692
vn 0.2045506925762244 -0.7084315115456110 0.6754878293617049
v 97.7221814183007780 30.5982933002429398 -9.2130591856575368
vn 0.7869073793768449 -0.5601482371190016 -0.2588643056405055
v 102.5234291566758600 31.1482925080908117 -8.3121107560832694
vn 0.3390804259161774 -0.8379603130286769 -0.4276061020955919
v 101.9764911581916493 31.1483141644352948 -9.2608546740884989
vn 0.1329061938767290 -0.7047040479100867 -0.6969419979369442
v 101.0242996199999936 31.1482925399999999 -9.5500001900000004
vn -0.0518135699818126 -0.5562004878982076 -0.8294313541382045
v 70.9243011500000051 31.1482925399999999 -9.5500001900000004
vn -0.3236055444558188 0.1525555914159365 0.9338127452145782
v 69.9743042000000059 31.1482925399999999 10.0000000000000000
vn -0.9238803994653472 0.0000000006618181 0.3826813393461335
v 68.9743042000000059 31.1482925399999999 9.0000000000000000
vn -0.4030266264397399 -0.8311277703278952 0.3831398801617811
v 69.8140165919355127 31.1482925197959801 9.0901961135996867
vn -0.1590409867358802 -0.6120950513742203 0.7746261115023612
v 70.6142677708297697 31.1483566462036308 9.5492708098472292
vn -0.6485919975427145 -0.7372513558808457 0.1891794359210481
v 69.4256314436046011 31.1483251843578870 8.3330370094445314
vn -0.9498200626260944 -0.1333794735615730 -0.2829342055414999
v 68.9743042000000059 31.1482925399999999 -9.0000000000000000
vn -0.8775350337164847 -0.4471223842722961 -0.1732450232556918
v 69.4253753386077364 31.1483624490747211 -8.3920637811174448
vn -0.2854910843942095 -0.0000000042311919 -0.9583813649750388
v 69.9743042000000059 31.1482925399999999 -10.0000000000000000
vn -0.3763929154672298 -0.6176965689782938 -0.6904920867457661
v 70.1303369292256917 31.1482925148098317 -9.3994384021330220
vn 0.2512494760843471 -0.1178034644002898 0.9607268313847754
v 101.9743042000000059 31.1482925399999999 10.0000000000000000
vn 0.1022386243244345 -0.7088103211369928 0.6979507091091176
v 101.0242996199999936 31.1482925399999999 9.5500001900000004
vn 0.5067409849516220 -0.6249123891742149 0.5938838943992627
v 102.0856901678689326 31.1368790289804416 9.2223087676678759
vn 0.8023833822437529 -0.5881525719720414 0.1012791191793656
v 102.5242853826199934 31.1482925403974207 8.1221124401660330
vn 0.2531851157660839 -0.0007785665894317 -0.9674175370482905
v 101.9743042000000059 31.1482925399999999 -10.0000000000000000
vn 0.8489145356667653 -0.1762583177371437 -0.4982741379623795
v 102.9743042000000059 31.1482925399999999 -9.0000000000000000
vn -0.6599083498788556 0.7313065976543551 0.1723706181092856
v 68.9743042000000059 33.5982933000000017 9.0000000000000000
vn -0.4945702598279724 0.8194308366685267 -0.2897125506608408
v 68.9743042000000059 33.5982933000000017 -9.0000000000000000
vn 0.1448561859686626 0.8194308083476523 0.5545717588530139
v 101.8500366199999974 33.5982933000000017 9.6999998099999996
vn 0.2596883436880725 0.7345095552677554 0.6269431213219502
v 101.9743042000000059 33.5982933000000017 10.0000000000000000
vn 0.4945705425927204 0.8194307377463168 0.2897123477452577
v 102.9743042000000059 33.5982933000000017 9.0000000000000000
vn 0.7019595197359054 0.5815225049952502 0.4111987461510388
v 102.6743011500000051 33.5982933000000017 8.8757362400000002
vn 0.5545716284763117 0.8194308649894205 -0.1448563646921382
v 102.6743011500000051 33.5982933000000017 -8.8757362400000002
vn 0.7871216985187725 0.5815224712628743 -0.2055992391455824
v 102.9743042000000059 33.5982933000000017 -9.0000000000000000
vn 0.2971085791188998 0.6302624731310217 -0.7172835612062476
v 101.9743042000000059 33.5982933000000017 -10.0000000000000000
vn 0.3447410185917693 0.7313065618656744 -0.5885102740585892
v 101.8500366199999974 33.5982933000000017 -9.6999998099999996
vn -0.2971085791188998 0.6302624731310217 0.7172835612062476
v 69.9743042000000059 33.5982933000000017 10.0000000000000000
vn -0.3447410185917693 0.7313065618656744 0.5885102740585892
v 70.0985641500000014 33.5982933000000017 9.6999998099999996
vn -0.6599082817955346 0.7313066334430617 0.1723707269226440
v 69.2742996199999936 33.5982933000000017 8.8757362400000002
vn -0.6269430049151389 0.7345095960613903 -0.2596885093370692
v 69.2742996199999936 33.5982933000000017 -8.8757362400000002
vn -0.2971083845022635 0.6302624273124506 -0.7172836820789060
v 70.0985641500000014 33.5982933000000017 -9.6999998099999996
vn -0.2006898442958048 0.8514548989010158 -0.4845081439294767
v 69.9743042000000059 33.5982933000000017 -10.0000000000000000
vn -0.8125197998740188 -0.4759631938776705 -0.3365569979757542
v 69.2742996199999936 34.5982933000000017 -8.8757362400000002
vn -0.5885099301480075 -0.7313066334430617 0.3447414538452879
v 69.2742996199999936 34.5982933000000017 8.8757362400000002
vn -0.2006897207697126 -0.8514548706585785 -0.4845082447277426
v 70.0985641500000014 34.5982933000000017 -9.6999998099999996
vn 0.1723705092958846 -0.7313065618656744 -0.6599084179621318
v 101.8500366199999974 34.5982933000000017 -9.6999998099999996
vn 0.4945701082105580 -0.8194308649894205 -0.2897127293842764
v 102.6743011500000051 34.5982933000000017 -8.8757362400000002
vn 0.6599082817955346 -0.7313066334430617 0.1723707269226440
v 102.6743011500000051 34.5982933000000017 8.8757362400000002
vn 0.3447410185917693 -0.7313065618656744 0.5885102740585892
v 101.8500366199999974 34.5982933000000017 9.6999998099999996
vn -0.1723705092958846 -0.7313065618656744 0.6599084179621318
v 70.0985641500000014 34.5982933000000017 9.6999998099999996
vn 0.4845081439294767 -0.8514548989010158 0.2006898442958048
v 102.9743042000000059 34.5982933000000017 9.0000000000000000
vn 0.3447412362185711 -0.7313065976543551 0.5885101021033561
v 101.9743042000000059 34.5982933000000017 10.0000000000000000
vn 0.8125199200687453 -0.4759631494779679 -0.3365567705907775
v 102.9743042000000059 34.5982933000000017 -9.0000000000000000
vn 0.1723706181092856 -0.7313065976543551 -0.6599083498788556
v 101.9743042000000059 34.5982933000000017 -10.0000000000000000
vn -0.1723706181092856 -0.7313065976543551 0.6599083498788556
v 69.9743042000000059 34.5982933000000017 10.0000000000000000
vn -0.7172835612062476 -0.6302624731310217 0.2971085791188998
v 68.9743042000000059 34.5982933000000017 9.0000000000000000
vn -0.3874367260669200 -0.9078207182742885 -0.1604815464983479
v 68.9743042000000059 34.5982933000000017 -9.0000000000000000
vn -0.3447412362185711 -0.7313065976543551 -0.5885101021033561
v 69.9743042000000059 34.5982933000000017 -10.0000000000000000
vn -0.6269431213219502 0.7345095552677554 -0.2596883436880725
v 68.9743042000000059 35.5982933000000017 -9.0000000000000000
vn -0.4845081439294767 0.8514548989010158 0.2006898442958048
v 68.9743042000000059 35.5982933000000017 9.0000000000000000
vn 0.1448561859686626 0.8194308083476523 0.5545717588530139
v 101.8500366199999974 35.5982933000000017 9.6999998099999996
vn 0.2055992390325886 0.5815224645069493 0.7871217035395379
v 101.9743042000000059 35.5982933000000017 10.0000000000000000
vn 0.6269431213219502 0.7345095552677554 0.2596883436880725
v 102.9743042000000059 35.5982933000000017 9.0000000000000000
vn 0.7019595197359054 0.5815225049952502 0.4111987461510388
v 102.6743011500000051 35.5982933000000017 8.8757362400000002
vn 0.5545716284763117 0.8194308649894205 -0.1448563646921382
v 102.6743011500000051 35.5982933000000017 -8.8757362400000002
vn 0.6269431213219502 0.7345095552677554 -0.2596883436880725
v 102.9743042000000059 35.5982933000000017 -9.0000000000000000
vn 0.3447412362185711 0.7313065976543551 -0.5885101021033561
v 101.9743042000000059 35.5982933000000017 -10.0000000000000000
vn 0.3447410185917693 0.7313065618656744 -0.5885102740585892
v 101.8500366199999974 35.5982933000000017 -9.6999998099999996
vn -0.3447412362185711 0.7313065976543551 0.5885101021033561
v 69.9743042000000059 35.5982933000000017 10.0000000000000000
vn -0.3447410185917693 0.7313065618656744 0.5885102740585892
v 70.0985641500000014 35.5982933000000017 9.6999998099999996
vn -0.6599082817955346 0.7313066334430617 0.1723707269226440
v 69.2742996199999936 35.5982933000000017 8.8757362400000002
vn -0.6269430049151389 0.7345095960613903 -0.2596885093370692
v 69.2742996199999936 35.5982933000000017 -8.8757362400000002
vn -0.2971083845022635 0.6302624273124506 -0.7172836820789060
v 70.0985641500000014 35.5982933000000017 -9.6999998099999996
vn -0.1723706181092856 0.7313065976543551 -0.6599083498788556
v 69.9743042000000059 35.5982933000000017 -10.0000000000000000
vn -0.8125197998740188 -0.4759631938776705 -0.3365569979757542
v 69.2742996199999936 36.5982933000000017 -8.8757362400000002
vn -0.5885099301480075 -0.7313066334430617 0.3447414538452879
v 69.2742996199999936 36.5982933000000017 8.8757362400000002
vn -0.2006897207697126 -0.8514548706585785 -0.4845082447277426
v 70.0985641500000014 36.5982933000000017 -9.6999998099999996
vn 0.1723705092958846 -0.7313065618656744 -0.6599084179621318
v 101.8500366199999974 36.5982933000000017 -9.6999998099999996
vn 0.4945701082105580 -0.8194308649894205 -0.2897127293842764
v 102.6743011500000051 36.5982933000000017 -8.8757362400000002
vn 0.6599082817955346 -0.7313066334430617 0.1723707269226440
v 102.6743011500000051 36.5982933000000017 8.8757362400000002
vn 0.3447410185917693 -0.7313065618656744 0.5885102740585892
v 101.8500366199999974 36.5982933000000017 9.6999998099999996
vn -0.1723705092958846 -0.7313065618656744 0.6599084179621318
v 70.0985641500000014 36.5982933000000017 9.6999998099999996
vn 0.4845081439294767 -0.8514548989010158 0.2006898442958048
v 102.9743042000000059 36.5982933000000017 9.0000000000000000
vn 0.3447412362185711 -0.7313065976543551 0.5885101021033561
v 101.9743042000000059 36.5982933000000017 10.0000000000000000
vn 0.8125199200687453 -0.4759631494779679 -0.3365567705907775
v 102.9743042000000059 36.5982933000000017 -9.0000000000000000
vn 0.1723706181092856 -0.7313065976543551 -0.6599083498788556
v 101.9743042000000059 36.5982933000000017 -10.0000000000000000
vn -0.1723706181092856 -0.7313065976543551 0.6599083498788556
v 69.9743042000000059 36.5982933000000017 10.0000000000000000
vn -0.7172835612062476 -0.6302624731310217 0.2971085791188998
v 68.9743042000000059 36.5982933000000017 9.0000000000000000
vn -0.3874367260669200 -0.9078207182742885 -0.1604815464983479
v 68.9743042000000059 36.5982933000000017 -9.0000000000000000
vn -0.3447412362185711 -0.7313065976543551 -0.5885101021033561
v 69.9743042000000059 36.5982933000000017 -10.0000000000000000
vn -0.6269431213219502 0.7345095552677554 -0.2596883436880725
v 68.9743042000000059 37.5982933000000017 -9.0000000000000000
vn -0.4845081439294767 0.8514548989010158 0.2006898442958048
v 68.9743042000000059 37.5982933000000017 9.0000000000000000
vn 0.1448561859686626 0.8194308083476523 0.5545717588530139
v 101.8500366199999974 37.5982933000000017 9.6999998099999996
vn 0.2055992390325886 0.5815224645069493 0.7871217035395379
v 101.9743042000000059 37.5982933000000017 10.0000000000000000
vn 0.6269431213219502 0.7345095552677554 0.2596883436880725
v 102.9743042000000059 37.5982933000000017 9.0000000000000000
vn 0.7019595197359054 0.5815225049952502 0.4111987461510388
v 102.6743011500000051 37.5982933000000017 8.8757362400000002
vn 0.5545716284763117 0.8194308649894205 -0.1448563646921382
v 102.6743011500000051 37.5982933000000017 -8.8757362400000002
vn 0.6269431213219502 0.7345095552677554 -0.2596883436880725
v 102.9743042000000059 37.5982933000000017 -9.0000000000000000
vn 0.3447412362185711 0.7313065976543551 -0.5885101021033561
v 101.9743042000000059 37.5982933000000017 -10.0000000000000000
vn 0.3447410185917693 0.7313065618656744 -0.5885102740585892
v 101.8500366199999974 37.5982933000000017 -9.6999998099999996
vn -0.3447412362185711 0.7313065976543551 0.5885101021033561
v 69.9743042000000059 37.5982933000000017 10.0000000000000000
vn -0.3447410185917693 0.7313065618656744 0.5885102740585892
v 70.0985641500000014 37.5982933000000017 9.6999998099999996
vn -0.6599082817955346 0.7313066334430617 0.1723707269226440
v 69.2742996199999936 37.5982933000000017 8.8757362400000002
vn -0.6269430049151389 0.7345095960613903 -0.2596885093370692
v 69.2742996199999936 37.5982933000000017 -8.8757362400000002
vn -0.2971083845022635 0.6302624273124506 -0.7172836820789060
v 70.0985641500000014 37.5982933000000017 -9.6999998099999996
vn -0.1723706181092856 0.7313065976543551 -0.6599083498788556
v 69.9743042000000059 37.5982933000000017 -10.0000000000000000
vn -0.8125197998740188 -0.4759631938776705 -0.3365569979757542
v 69.2742996199999936 38.5982933000000017 -8.8757362400000002
vn -0.5885099301480075 -0.7313066334430617 0.3447414538452879
v 69.2742996199999936 38.5982933000000017 8.8757362400000002
vn -0.2006897207697126 -0.8514548706585785 -0.4845082447277426
v 70.0985641500000014 38.5982933000000017 -9.6999998099999996
vn 0.1723705092958846 -0.7313065618656744 -0.6599084179621318
v 101.8500366199999974 38.5982933000000017 -9.6999998099999996
vn 0.4945701082105580 -0.8194308649894205 -0.2897127293842764
v 102.6743011500000051 38.5982933000000017 -8.8757362400000002
vn 0.6599082817955346 -0.7313066334430617 0.1723707269226440
v 102.6743011500000051 38.5982933000000017 8.8757362400000002
vn 0.3447410185917693 -0.7313065618656744 0.5885102740585892
v 101.8500366199999974 38.5982933000000017 9.6999998099999996
vn -0.1723705092958846 -0.7313065618656744 0.6599084179621318
v 70.0985641500000014 38.5982933000000017 9.6999998099999996
vn 0.6599083498788556 -0.7313065976543551 0.1723706181092856
v 102.9743042000000059 38.5982933000000017 9.0000000000000000
vn 0.3447412362185711 -0.7313065976543551 0.5885101021033561
v 101.9743042000000059 38.5982933000000017 10.0000000000000000
vn 0.7019597103186519 -0.5815224645069493 -0.4111984780651773
v 102.9743042000000059 38.5982933000000017 -9.0000000000000000
vn 0.1723706181092856 -0.7313065976543551 -0.6599083498788556
v 101.9743042000000059 38.5982933000000017 -10.0000000000000000
vn -0.1723706181092856 -0.7313065976543551 0.6599083498788556
v 69.9743042000000059 38.5982933000000017 10.0000000000000000
vn -0.5885101021033561 -0.7313065976543551 0.3447412362185711
v 68.9743042000000059 38.5982933000000017 9.0000000000000000
vn -0.5545716936646837 -0.8194308366685267 -0.1448562753304204
v 68.9743042000000059 38.5982933000000017 -9.0000000000000000
vn -0.3447412362185711 -0.7313065976543551 -0.5885101021033561
v 69.9743042000000059 38.5982933000000017 -10.0000000000000000
vn -0.6599083498788556 0.7313065976543551 0.1723706181092856
v 68.9743042000000059 39.5982933000000017 9.0000000000000000
vn -0.4945702598279724 0.8194308366685267 -0.2897125506608408
v 68.9743042000000059 39.5982933000000017 -9.0000000000000000
vn 0.1448561859686626 0.8194308083476523 0.5545717588530139
v 101.8500366199999974 39.5982933000000017 9.6999998099999996
vn 0.2055992390325886 0.5815224645069493 0.7871217035395379
v 101.9743042000000059 39.5982933000000017 10.0000000000000000
vn 0.4945702598279724 0.8194308366685267 0.2897125506608408
v 102.9743042000000059 39.5982933000000017 9.0000000000000000
vn 0.7019595197359054 0.5815225049952502 0.4111987461510388
v 102.6743011500000051 39.5982933000000017 8.8757362400000002
vn 0.5545716284763117 0.8194308649894205 -0.1448563646921382
v 102.6743011500000051 39.5982933000000017 -8.8757362400000002
vn 0.7871217035395379 0.5815224645069493 -0.2055992390325886
v 102.9743042000000059 39.5982933000000017 -9.0000000000000000
vn 0.3447412362185711 0.7313065976543551 -0.5885101021033561
v 101.9743042000000059 39.5982933000000017 -10.0000000000000000
vn 0.3447410185917693 0.7313065618656744 -0.5885102740585892
v 101.8500366199999974 39.5982933000000017 -9.6999998099999996
vn -0.3447412362185711 0.7313065976543551 0.5885101021033561
v 69.9743042000000059 39.5982933000000017 10.0000000000000000
vn -0.3447410185917693 0.7313065618656744 0.5885102740585892
v 70.0985641500000014 39.5982933000000017 9.6999998099999996
vn -0.6599082817955346 0.7313066334430617 0.1723707269226440
v 69.2742996199999936 39.5982933000000017 8.8757362400000002
vn -0.6269430049151389 0.7345095960613903 -0.2596885093370692
v 69.2742996199999936 39.5982933000000017 -8.8757362400000002
vn -0.2971083845022635 0.6302624273124506 -0.7172836820789060
v 70.0985641500000014 39.5982933000000017 -9.6999998099999996
vn -0.1723706181092856 0.7313065976543551 -0.6599083498788556
v 69.9743042000000059 39.5982933000000017 -10.0000000000000000
vn -0.8125197998740188 -0.4759631938776705 -0.3365569979757542
v 69.2742996199999936 40.5982933000000017 -8.8757362400000002
vn -0.5885099301480075 -0.7313066334430617 0.3447414538452879
v 69.2742996199999936 40.5982933000000017 8.8757362400000002
vn -0.2006897207697126 -0.8514548706585785 -0.4845082447277426
v 70.0985641500000014 40.5982933000000017 -9.6999998099999996
vn 0.1723705092958846 -0.7313065618656744 -0.6599084179621318
v 101.8500366199999974 40.5982933000000017 -9.6999998099999996
vn 0.4945701082105580 -0.8194308649894205 -0.2897127293842764
v 102.6743011500000051 40.5982933000000017 -8.8757362400000002
vn 0.6599082817955346 -0.7313066334430617 0.1723707269226440
v 102.6743011500000051 40.5982933000000017 8.8757362400000002
vn 0.3447410185917693 -0.7313065618656744 0.5885102740585892
v 101.8500366199999974 40.5982933000000017 9.6999998099999996
vn -0.1723705092958846 -0.7313065618656744 0.6599084179621318
v 70.0985641500000014 40.5982933000000017 9.6999998099999996
vn 0.6599083498788556 -0.7313065976543551 0.1723706181092856
v 102.9743042000000059 40.5982933000000017 9.0000000000000000
vn 0.3447412362185711 -0.7313065976543551 0.5885101021033561
v 101.9743042000000059 40.5982933000000017 10.0000000000000000
vn 0.7019597103186519 -0.5815224645069493 -0.4111984780651773
v 102.9743042000000059 40.5982933000000017 -9.0000000000000000
vn 0.1723706181092856 -0.7313065976543551 -0.6599083498788556
v 101.9743042000000059 40.5982933000000017 -10.0000000000000000
vn -0.1723706181092856 -0.7313065976543551 0.6599083498788556
v 69.9743042000000059 40.5982933000000017 10.0000000000000000
vn -0.5885101021033561 -0.7313065976543551 0.3447412362185711
v 68.9743042000000059 40.5982933000000017 9.0000000000000000
vn -0.5545716936646837 -0.8194308366685267 -0.1448562753304204
v 68.9743042000000059 40.5982933000000017 -9.0000000000000000
vn -0.3447412362185711 -0.7313065976543551 -0.5885101021033561
v 69.9743042000000059 40.5982933000000017 -10.0000000000000000
vn -0.6599083498788556 0.7313065976543551 0.1723706181092856
v 68.9743042000000059 41.5982933000000017 9.0000000000000000
vn -0.4945702598279724 0.8194308366685267 -0.2897125506608408
v 68.9743042000000059 41.5982933000000017 -9.0000000000000000
vn 0.1448561859686626 0.8194308083476523 0.5545717588530139
v 101.8500366199999974 41.5982933000000017 9.6999998099999996
vn 0.2055992390325886 0.5815224645069493 0.7871217035395379
v 101.9743042000000059 41.5982933000000017 10.0000000000000000
vn 0.4945702598279724 0.8194308366685267 0.2897125506608408
v 102.9743042000000059 41.5982933000000017 9.0000000000000000
vn 0.7019595197359054 0.5815225049952502 0.4111987461510388
v 102.6743011500000051 41.5982933000000017 8.8757362400000002
vn 0.5545716284763117 0.8194308649894205 -0.1448563646921382
v 102.6743011500000051 41.5982933000000017 -8.8757362400000002
vn 0.7871217035395379 0.5815224645069493 -0.2055992390325886
v 102.9743042000000059 41.5982933000000017 -9.0000000000000000
vn 0.3447412362185711 0.7313065976543551 -0.5885101021033561
v 101.9743042000000059 41.5982933000000017 -10.0000000000000000
vn 0.3447410185917693 0.7313065618656744 -0.5885102740585892
v 101.8500366199999974 41.5982933000000017 -9.6999998099999996
vn -0.3447412362185711 0.7313065976543551 0.5885101021033561
v 69.9743042000000059 41.5982933000000017 10.0000000000000000
vn -0.3447410185917693 0.7313065618656744 0.5885102740585892
v 70.0985641500000014 41.5982933000000017 9.6999998099999996
vn -0.6599082817955346 0.7313066334430617 0.1723707269226440
v 69.2742996199999936 41.5982933000000017 8.8757362400000002
vn -0.6269430049151389 0.7345095960613903 -0.2596885093370692
v 69.2742996199999936 41.5982933000000017 -8.8757362400000002
vn -0.2971083845022635 0.6302624273124506 -0.7172836820789060
v 70.0985641500000014 41.5982933000000017 -9.6999998099999996
vn -0.1723706181092856 0.7313065976543551 -0.6599083498788556
v 69.9743042000000059 41.5982933000000017 -10.0000000000000000
vn -0.8125197998740188 -0.4759631938776705 -0.3365569979757542
v 69.2742996199999936 42.5982933000000017 -8.8757362400000002
vn -0.5885099301480075 -0.7313066334430617 0.3447414538452879
v 69.2742996199999936 42.5982933000000017 8.8757362400000002
vn -0.2006897207697126 -0.8514548706585785 -0.4845082447277426
v 70.0985641500000014 42.5982933000000017 -9.6999998099999996
vn 0.1723705092958846 -0.7313065618656744 -0.6599084179621318
v 101.8500366199999974 42.5982933000000017 -9.6999998099999996
vn 0.4945701082105580 -0.8194308649894205 -0.2897127293842764
v 102.6743011500000051 42.5982933000000017 -8.8757362400000002
vn 0.6599082817955346 -0.7313066334430617 0.1723707269226440
v 102.6743011500000051 42.5982933000000017 8.8757362400000002
vn 0.3447410185917693 -0.7313065618656744 0.5885102740585892
v 101.8500366199999974 42.5982933000000017 9.6999998099999996
vn -0.1723705092958846 -0.7313065618656744 0.6599084179621318
v 70.0985641500000014 42.5982933000000017 9.6999998099999996
vn 0.6599083498788556 -0.7313065976543551 0.1723706181092856
v 102.9743042000000059 42.5982933000000017 9.0000000000000000
vn 0.2971085791188998 -0.6302624731310217 0.7172835612062476
v 101.9743042000000059 42.5982933000000017 10.0000000000000000
vn 0.7019597103186519 -0.5815224645069493 -0.4111984780651773
v 102.9743042000000059 42.5982933000000017 -9.0000000000000000
vn 0.1466703296078988 -0.6222695079876678 -0.7689398375955666
v 101.9743042000000059 42.5982933000000017 -10.0000000000000000
vn -0.1466703296078988 -0.6222695079876678 0.7689398375955666
v 69.9743042000000059 42.5982933000000017 10.0000000000000000
vn -0.5885101021033561 -0.7313065976543551 0.3447412362185711
v 68.9743042000000059 42.5982933000000017 9.0000000000000000
vn -0.5545716936646837 -0.8194308366685267 -0.1448562753304204
v 68.9743042000000059 42.5982933000000017 -9.0000000000000000
vn -0.2971085791188998 -0.6302624731310217 -0.7172835612062476
v 69.9743042000000059 42.5982933000000017 -10.0000000000000000
vn -0.9092044349958944 -0.1775303641836457 0.3766035915609653
v 68.9743042000000059 45.0482940699999972 9.0000000000000000
vn -0.9239382160590017 0.0000039654515847 -0.3825417269919514
v 68.9743042000000059 45.0482940699999972 -9.0000000000000000
vn -0.3274510738720225 0.0000037780065977 -0.9448681358823494
v 69.9743042000000059 45.0482940699999972 -10.0000000000000000
vn 0.4082482904638631 0.4082482904638631 -0.8164965809277261
v 81.4743042000000059 42.8982925399999999 -10.0000000000000000
vn 0.8320502959043075 0.0000000000000000 -0.5547001938755334
v 81.4743042000000059 45.0482940699999972 -10.0000000000000000
vn 0.3825891740353418 -0.0000074808908049 -0.9239185699264797
v 101.9743042000000059 45.0482940699999972 -10.0000000000000000
vn -0.5345224838248488 0.2672612419124244 -0.8017837257372732
v 87.4743042000000059 42.8982925399999999 -10.0000000000000000
vn -0.8320502933845317 0.0000000000000000 -0.5547001976551970
v 87.4743042000000059 45.0482940699999972 -10.0000000000000000
vn 0.9522789056228034 -0.0000108322672324 -0.3052292348195009
v 102.9743042000000059 45.0482940699999972 -9.0000000000000000
vn 0.8996176518926622 0.0000007390625678 0.4366784634059558
v 102.9743042000000059 45.0482940699999972 9.0000000000000000
vn 0.2487041810957492 -0.1760334116399592 0.9524486696362642
v 101.9743042000000059 45.0482940699999972 10.0000000000000000
vn -0.3713918555643860 0.5570878521212158 0.7427793849047054
v 87.4743042000000059 42.8982925399999999 10.0000000000000000
vn -0.8321003944346450 -0.0000000222079869 0.5546250387259014
v 87.4743042000000059 45.0482940699999972 10.0000000000000000
vn -0.3274380729502497 -0.0000000025662430 0.9448726413557686
v 69.9743042000000059 45.0482940699999972 10.0000000000000000
vn 0.3713912224428920 0.7427816062851036 0.5570853123686673
v 81.4743042000000059 42.8982925399999999 10.0000000000000000
vn 0.8320681476830257 -0.0000000028582409 0.5546734152736531
v 81.4743042000000059 45.0482940699999972 10.0000000000000000
vn -0.2141991036779635 0.6020677229714043 -0.7691769633443175
v 70.6246278837729875 45.0482940655138080 -9.5490113578552762
vn -0.6083025009653872 0.7232489508383125 -0.3269235727666873
v 69.6276346774550206 45.0492540205902543 -8.9042515399235249
vn -0.5486374575638395 0.8336031231732309 -0.0640528937185613
v 69.4243011500000051 45.0482940699999972 -8.0500001900000004
vn 0.9428066548558041 0.2357070342831252 -0.2357070333041896
v 81.4743042000000059 45.0482940699999972 -9.5500001900000004
vn -0.7474447521351352 0.6321190295770969 0.2043327554557895
v 69.4292046875953446 45.0483181936394743 8.6234109817728886
vn -0.2653995726769172 0.7276794619465644 0.6324916343194337
v 70.5095906100285958 45.0482288656905396 9.5454265797853797
vn 0.8731758469307183 0.2166080787384593 0.4366289964741877
v 81.4743042000000059 45.0482940699999972 9.5500001900000004
vn -0.6131293268411513 0.7861868526963229 -0.0773476645721564
v 69.4243011500000051 45.5982933000000017 -8.0500001900000004
vn -0.2978899353445271 0.9539380782821125 0.0355489693783607
v 69.4243011500000051 45.5982933000000017 8.0500001900000004
vn -0.0669375038236712 0.9057732189016631 0.4184426442206576
v 70.7672588564475973 45.5982933083409776 9.5498420599837921
vn -0.4029839139451026 0.8396209463160689 0.3641986156052701
v 69.6479205250038547 45.5990255626090217 8.9559921652674106
vn 0.6391059730147766 0.5589426824969358 -0.5283243633791321
v 70.5316726531461029 45.5982904174700678 8.2843955808066205
vn 0.3477696176800733 0.7121630224723789 -0.6098197458607434
v 70.9997371625034077 45.5982991481110176 8.6517664095294293
vn 0.6526502103299935 0.7093436527482984 -0.2662316383563700
v 70.2882972322095583 45.5983026719120801 7.8840294452957593
vn 0.8270686981769306 0.5574121573070171 -0.0724503649559784
v 70.1747800064680405 45.5982914293774542 7.4614323379927221
vn 0.1421779773583928 0.5574392411447616 -0.8179528807860686
v 71.5181287094748228 45.5982933339058434 8.7984323855078674
vn 0.4174383462267336 0.3178518793842238 -0.8513021848153608
v 73.2894131647335598 45.5949611881375105 8.8834853701110532
vn 0.2551314146865892 0.7083084812954535 -0.6581846675249643
v 73.6993760419341015 45.5982832918040089 9.1710966980836037
vn -0.3777307518148009 0.5951332135533079 -0.7093207576683050
v 74.5102957133670003 45.5982933192961895 9.1331169458130681
vn 0.8278669905219169 0.5554510746370380 -0.0781687257715237
v 70.1743011500000051 45.5982933000000017 2.0908711000000002
vn 0.7056895311749355 0.7076980885128711 -0.0341423652567949
v 70.0823834582412815 45.5982926084670979 1.4114732586871130
vn 0.2356995598129783 0.9428109536691460 0.2356973125545640
v 81.4743042000000059 45.5982933000000017 9.5500001900000004
vn -0.0290744906500816 0.7154119006826472 -0.6980977627489440
v 74.1456107695273374 45.5982964595228566 9.2592846212231752
vn 0.8320651034177158 -0.0000000000000781 -0.5546779819629278
v 81.4743042000000059 45.5982933000000017 8.8000001900000004
vn 0.8668731681628127 0.3208506708035785 -0.3815570171865030
v 70.0895500581381441 45.5982490281988717 -4.1043675098222741
vn 0.5486288007368257 0.8338994469199921 -0.0601510717161683
v 70.1739450978015071 45.5982923554125463 -3.7236486790758057
vn 0.6930236315871808 0.5560756040531362 -0.4588007940693382
v 69.8625299910892466 45.5982933284505449 -4.4329357487711700
vn 0.8918120704653926 0.4481163739621976 0.0621526054096007
v 70.1743011500000051 45.5982933000000017 -0.0908712100000000
vn 0.6620829621435338 0.7099149143242666 -0.2401394712645409
v 69.7847948983450266 45.5982931764053987 -4.5800900280161274
vn 0.5523172914229435 0.8325025234043278 0.0434184076245302
v 70.0956453621153202 45.5982988097537643 0.4553014439584572
vn 0.5041601377340890 0.8624866792137833 0.0440372989490123
v 69.7127676029544716 45.5982935133212237 -4.9318688371982509
vn 0.8468931227385440 0.3072208431213616 0.4340361646337286
v 70.0363386005630133 45.5930898203079309 -5.5968206935917060
vn 0.5570105907206576 0.8233750375576117 0.1085944259712510
v 70.1700044091972899 45.5982514661008338 -5.9632392013936952
vn 0.6328804682028779 0.6984968219041833 0.3340127284357014
v 69.8353564424991191 45.5982921767705989 -5.3282078145409280
vn 0.6921639647615787 0.7142580008419323 0.1036559410686061
v 70.1808585850212125 45.5982580041223429 -7.5881747199125744
vn 0.7074638108049394 0.5587136188128483 0.4328210352494484
v 70.4546718490544492 45.5982933909034927 -8.1797459885960517
vn -0.4119172902873277 0.8154966350616200 -0.4065579714696547
v 69.6890802937889049 45.5972819340558928 -9.0150685318185140
vn 0.4687619397068836 0.7094168700881348 0.5262983453485244
v 70.7170935075835274 45.5982796027339745 -8.4615166408247120
vn 0.3848761199055429 0.5566540339794440 0.7362110151178574
v 70.9895568972304147 45.5982932983949709 -8.6370693875128790
vn -0.1108752314891097 0.9006454509372527 -0.4201719347460861
v 70.6317223958381675 45.5982932896770166 -9.5482440091605874
vn 0.1235807427736684 0.6047559263126595 0.7867643037182264
v 71.4505676074766711 45.5982894634122857 -8.7990908191033288
vn 0.3331552007507700 0.6669449747599747 -0.6664773160844493
v 81.4743042000000059 45.5982933000000017 -9.5500001900000004
vn 0.8320892567442866 0.0000000000000246 0.5546417481678969
v 81.4743042000000059 45.5982933000000017 -8.8000001900000004
vn 0.9806401272310972 0.0002419833566368 -0.1958184932743399
v 70.1724433884710095 39.4027861093179084 -3.8709410483911886
vn 0.8513003786029650 0.0001286481787306 -0.5246786148110998
v 69.9984538037763997 39.3983353148171176 -4.2594512684515839
vn 0.9800756948512170 0.1964924491074106 -0.0290232631810374
v 70.1743011500000051 32.9982948299999990 2.0908711000000002
vn 0.8934707040888713 0.4481070252875862 0.0301694352424297
v 70.1743011500000051 32.9982948299999990 -0.0908712100000000
vn 0.9677655399862737 0.2433120138837959 0.0650317116097030
v 70.0753358134450792 32.9981018501188572 0.6329248972021057
vn 0.8270042185247057 0.5557350228308149 -0.0849859220199108
v 70.0985864880633187 32.9982948418992166 1.5821907665887887
vn -0.3554176855185343 0.3108960782848583 -0.8814884555839309
v 74.8835084739440617 45.5931039514444905 8.8824841776758099
vn -0.0579765441288489 0.5946024786713785 -0.8019268125513253
v 75.1943223850811080 45.5982885849435604 8.8002910681908855
vn 0.2026729940920230 0.0006849735323748 0.9792462347525441
v 96.9613194866582688 39.3830608984582540 -8.8013380292835421
vn -0.0705761831676994 0.7083963369187863 -0.7022774609864143
v 99.1014456829273342 45.5982624570422104 8.8014354950612788
vn -0.8088816357487647 0.5594158660807181 -0.1810093592209055
v 101.7724688179853416 45.5982868807020694 7.5316322966579934
vn -0.6740586938811997 0.6032029044500812 -0.4263697142928393
v 101.5586796035199910 45.5982961308683485 8.0863718098374235
vn -0.3742945762429588 0.8345424858080903 -0.4042801127638575
v 101.3118165094528678 45.5982933013676472 8.3897319003623583
vn -0.3375352846347919 0.4552580896734583 -0.8238992677587373
v 100.8490926738610085 45.5982771406303087 8.7105426210101609
vn -0.0618173419611098 0.7083496647279920 -0.7031496062095209
v 100.3416422903498813 45.5982933195337878 8.7997559855500249
vn -0.8294681319407222 0.5561627119935996 -0.0516299901481006
v 101.7742996199999936 45.5982933000000017 1.8330302199999999
vn -0.8298014369659730 0.5558464975022832 0.0496411766948627
v 101.7742996199999936 45.5982933000000017 -1.8330302199999999
vn -0.8258972612239026 0.5553028020097741 0.0976345839492878
v 101.9202750141651137 45.5982933125519025 -1.0248899990251779
vn -0.7068434842996050 0.7073576139903464 -0.0041826586136316
v 101.9764881860916006 45.5982932995759995 0.0362554936061017
vn -0.7050640732277620 0.7072725978586161 -0.0514793644269374
v 101.9520034800000019 45.5982933000000017 0.6153092400000000
vn -0.8848905973535978 0.4475410959530970 -0.1291340317201237
v 101.8883719967706725 45.5982933041801175 1.2278498027135860
vn -0.8320397790555498 0.0000000407429922 -0.5547159688247583
v 87.4743042000000059 45.5982933000000017 8.8000001900000004
vn -0.2183301319828929 0.8726736160209618 0.4367753580151148
v 87.4743042000000059 45.5982933000000017 9.5500001900000004
vn 0.4599486264850550 0.3157306112761391 -0.8299165271867449
v 97.1324720376081245 45.5967268840596702 8.8613033768112306
vn 0.1247113593980409 0.6006849283975171 -0.7896991158872868
v 96.9402868902509312 45.5982365464169348 8.8025922444624776
vn 0.2750071589099023 0.7055173636855192 -0.6531587189087645
v 97.6573619132522168 45.5982950648102019 9.1926418720152387
vn -0.4389064692447174 0.3174822907504897 -0.8405748665734407
v 98.6968596853985360 45.5969652855207883 8.9196186815355816
vn -0.1843973344626640 0.7148486512644200 -0.6745287457392044
v 98.2572799475692591 45.5982857136794451 9.2201455867735387
vn 0.0683072251308308 0.9669630528767231 0.2455943349636830
v 101.3432839154264400 45.5984336375867656 9.5478250873155019
vn 0.5150051113923153 0.7418108845380285 0.4295187386141572
v 102.2292235529012743 45.5982932832780605 9.0061235641745050
vn 0.3786544801260719 0.9244780073559409 0.0442854219314132
v 102.5241954964177467 45.5982933032600073 8.2067966510114605
vn 0.0400080918375497 0.8005860023682042 0.5978807618577605
v 96.7406661330750950 45.5982932745299721 -8.8000198614402798
vn -0.2357023894319120 0.9428093282338021 -0.2357009847485025
v 87.4743042000000059 45.5982933000000017 -9.5500001900000004
vn -0.8320549869490398 0.0000000000000000 0.5546931572439247
v 87.4743042000000059 45.5982933000000017 -8.8000001900000004
vn 0.3791600673506038 0.3210642989939712 0.8678452392207932
v 97.2137413878870831 45.5971791632181223 -8.8943364949516717
vn 0.4470127351159531 0.5543307040919757 0.7020662968303274
v 97.5072417063357904 45.5982933166266449 -9.1117782773403988
vn 0.2383960742697387 0.6028544548811174 0.7614025334885405
v 97.6951089443683856 45.5982933017699921 -9.2059348205600138
vn -0.3844456292939368 0.4514719855680720 0.8052171162885272
v 98.7384121766822602 45.5981804506709381 -8.9021256199290626
vn -0.0858877031721475 0.7100854729424846 0.6988575846049474
v 99.1456219739490479 45.5982927071390023 -8.8010736617798067
vn -0.6965834302101708 0.7105711138790225 0.0992986247505844
v 101.7731377429735034 45.5982954334010770 -7.4820307417178267
vn 0.0716859520262329 0.8980268479952608 -0.4340609456767442
v 101.0242996199999936 45.5982933000000017 -9.5500001900000004
vn -0.1747541912731512 0.5567296023005681 0.8121041328270151
v 100.6288828979836865 45.5982932991422629 -8.7611534366667279
vn -0.0375639065799277 0.5554406429337237 0.8307073161468039
v 100.3416422903498244 45.5982933195338020 -8.7997559855500249
vn -0.0436996302283511 0.7123776798577569 0.7004344248810053
v 98.0190147687202398 45.5982937621184092 -9.2586053448011274
vn -0.2902224325009961 0.7116814916078810 0.6397502592230708
v 98.3306412506659200 45.5982933110473994 -9.1749230512996007
vn 0.3083985809919662 0.9499589015238831 -0.0496830016975524
v 102.5242769962037386 45.5982932985272527 -8.1143537545420799
vn -0.6570767030892989 0.7090971644004606 0.2557956561330227
v 101.6518187728871681 45.5982933014311769 -7.8992255550118244
vn -0.3986515856602271 0.6046356723362643 0.6895597269193297
v 101.0083358170244878 45.5982936535363521 -8.6192887718224860
vn 0.4592370306910301 0.8199337896601628 -0.3417746775517608
v 102.1843499850161265 45.5994139359557877 -9.1383531510956253
vn -0.6590985224063687 0.5591439032508477 0.5029385978617550
v 101.4457178226824112 45.5982991542901317 -8.2531835867071415
vn 0.0882421416026365 0.6025823252292496 -0.7931632024789671
v 97.8709143263924517 45.5982933011862812 9.2454327181887130
vn -0.1357267099804646 -0.4515063987809242 0.8818844777280980
v 99.0354873218166745 30.5983629836882365 -8.8010025104278498
vn -0.4082075680439984 0.4082424014501919 0.8165198852751748
v 87.4743042000000059 42.8982925399999999 -8.8000001900000004
vn 0.4364690413484921 0.2182029119435858 0.8728586742214733
v 81.4743042000000059 42.8982925399999999 -8.8000001900000004
vn -0.8728715609439696 0.2182178902359924 -0.4364357804719848
v 87.4743042000000059 45.0482940699999972 -9.5500001900000004
vn 0.0855253858058168 0.8345988209644571 -0.5441784784677764
v 101.0242996199999936 45.0482940699999972 -9.5500001900000004
vn 0.3897983219508375 0.7252482292088651 -0.5675141180919792
v 102.0738764218874763 45.0527450196085297 -9.2078517897678260
vn 0.7955784740770501 0.5888593766242931 -0.1424764055795960
v 102.5242853826200218 45.0482940696025693 -8.1221124401656866
vn -0.9428020351055261 0.2357181898651470 0.2357143558792651
v 87.4743042000000059 45.0482940699999972 9.5500001900000004
vn 0.2295633178050819 0.7330227075264762 0.6402955515766739
v 101.5812786209922223 45.0481121126700614 9.5450603141738064
vn 0.7790332238282370 0.5578687337637368 0.2861637853758383
v 102.5213008298300821 45.0480284621262754 8.4590394724054345
vn -0.4363391494185058 0.2182579676498654 -0.8729098500086279
v 87.4743331281897838 42.8982841155767716 8.7999708733015236
vn 0.5345044608689300 0.2672629920730203 -0.8017951573683837
v 81.4743042000000059 42.8982925399999999 8.8000001900000004
vn 0.0840033216879412 0.5556174300712298 -0.8271836031658477
v 83.3849639900000028 42.8982925399999999 8.8000001900000004
vn -0.0852606570583348 0.5556137542089258 -0.8270574203112167
v 85.5368423500000006 42.8982925399999999 8.8000001900000004
vn -0.0525141506391428 0.6006417681873745 -0.7977917837953671
v 84.8267729645122444 42.8982918979440271 8.8992542874887128
vn 0.0572124928058432 0.5551244572456987 -0.8297973051502457
v 83.9619105963290622 42.8982873790634187 8.8856460717842936
vn -0.4654334180397169 -0.3171180239879319 -0.8263219059385122
v 74.7914150307543508 30.5998773142291185 8.9188967586667740
vn 0.0509533608761720 0.7048498754484723 -0.7075241395851420
v 72.8666155445521611 45.5982812015449213 8.8000705978391043
vn -0.0467561545161629 0.8286293882077079 0.5578415536811328
v 100.8208109173665008 30.5982935312360453 -8.8366886630079655
vn 0.5740385854681089 0.7446655168341875 0.3405186785359141
v 100.1661773984239829 30.5855558170268367 -8.1735611686958496
vn -0.1811030323579906 0.6131619028303450 -0.7689175330217221
v 101.1860401868140968 30.5936647094432530 -7.0784404782496848
vn -0.6617664911986341 0.7303210215451788 0.1693998719475752
v 101.8222941369947563 30.5982939591742742 -8.2607356061054329
vn 0.6115093814980137 -0.0440301712214042 0.7900111520492167
v 100.4081451842417323 29.4519556108122060 -8.7787733746044125
vn 0.9893660503344567 0.0995851023949238 -0.1060076687159462
v 100.0820737877817237 29.9106751804748860 -8.0382609904347788
vn -0.2764577776780855 -0.0347686830735887 -0.9603969157794200
v 101.2523590460147034 29.6996835714560596 -7.0739454081097062
vn -0.7380656983550539 -0.1077319492327333 0.6660727077625851
v 101.6776829776539444 30.1349438702831698 -8.5413049876602081
vn -0.6111487254028937 0.0816797636965115 -0.7872900682981466
v 101.5201392036332066 29.2677056758756429 -7.3083128936326105
vn 0.9668112732121052 0.2370586108865943 0.0952847154296330
v 100.1356830993582037 28.8034387453456482 -8.0168855484546455
vn 0.5035273510575202 0.0205681657229478 -0.8637344252117025
v 100.5743635812587371 28.8240904133118256 -7.2595832384943071
vn -0.9061947429011814 -0.0352889975269616 -0.4213855415077786
v 101.7594620994193662 28.2416755223991665 -7.5995621761809851
vn -0.9860863860460308 -0.0480019446453339 0.1591522936213751
v 101.8135834717712385 28.8001175836298628 -8.2420328368062545
vn -0.4041232048135392 0.0108011200897402 0.9146407880343196
v 101.3522292202466986 28.6620454220031711 -8.8430085408778147
vn 0.3195688158356710 0.0034060888093330 -0.9475569484228427
v 100.7760513403368492 28.2353795049440670 -7.1149117191803057
vn -0.6056212056588688 -0.0843872299695856 -0.7912659165377708
v 101.5795472393784564 27.8489097808362978 -7.2889529767838832
vn 0.7332085337060574 -0.6201266460888814 -0.2790128830559062
v 100.0175924215354684 27.1516222193751027 -7.8306940864557237
vn -0.0508244379236230 -0.7534592694498070 -0.6555272731091444
v 100.8980786002731520 27.0995609660395793 -7.1939341070555969
vn -0.6319865636560840 -0.7718375083915954 -0.0697125813467585
v 101.8399910946841231 27.0997819294636280 -7.7079530957366842
vn -0.6927801991923443 0.1094424191448474 0.7127958701470843
v 101.5386797232274461 27.5491166552026172 -8.6533659465541195
vn 0.1570048081783189 0.3959137359325352 0.9047661597942488
v 100.6322489214649352 30.5315770151171719 7.2135632528217624
vn 0.5048479269958107 0.8490806307759056 -0.1555334467219929
v 100.1566620548085069 30.5966980093843333 8.2396599434288582
vn 0.9947167106873390 0.0054648691119590 -0.1025124416105178
v 100.0473969963769463 29.9665933627367558 8.1422732564754075
vn 0.0997974656946260 0.5677534457176378 -0.8171269734360010
v 100.9170722355294174 30.5609660838423309 8.8670956619310211
vn -0.5381370611971316 0.8186379735165783 -0.2006000291196005
v 101.7596414599615571 30.5993169533509892 8.4033062585956948
vn -0.2648759290182835 0.9042788558633399 0.3348439831700580
v 101.5101255868921584 30.5982933853042880 7.3456029548317447
vn 0.5611690371340813 0.0487908965506737 0.8262619198388544
v 100.4729954485154479 29.7292354607091660 7.2886548867243004
vn 0.4717987090268025 0.0617417069589635 -0.8795418919997137
v 100.6274300934918244 29.2518784741751077 8.7968172813411147
vn -0.8282542453458345 0.0282165589392508 0.5596416093074480
v 101.8608793351305337 29.7117143781612185 7.7157103932374911
vn -0.9695540591285752 -0.0634334218775546 0.2365187675771366
v 101.8638710705619133 29.2452312575934954 7.7914545816613083
vn 0.6346313887596471 -0.0069952759624046 0.7727833244287895
v 100.5346988202735190 28.0677923761255883 7.1920762036932215
vn 0.5530062168185671 -0.0056494165787846 0.8331579731673552
v 100.4542497859281696 28.5761079484138918 7.2712974027818644
vn -0.2308068720391622 -0.1316165411895051 -0.9640566756704758
v 101.1519874757549076 28.1635140504789057 8.9192951959790587
vn -0.5987557350603318 -0.0156464932651207 0.8007788439893165
v 101.4951753341463814 28.2802822307325421 7.2234338126293514
vn -0.4351650919798802 0.0549485079641006 0.8986723564206599
v 101.3042329597039810 28.8876171061829972 7.1787761857309116
vn -0.3418918794528683 -0.6732467044974801 -0.6556285668329807
v 101.4914441220446264 27.1621106887157637 8.8250416243422478
vn -0.6720546423389283 -0.5780677141382686 0.4627961490566361
v 101.6521652677564731 27.0996039190481568 7.4741829617991034
vn -0.5551635633008819 0.7067538369980978 0.4385116097340341
v 71.6541820279220900 30.6007838388331912 -8.5592170492904209
vn 0.3869505080204901 0.7131366745063326 0.5845557183166832
v 70.4341566731495732 30.5336752625850387 -8.7099679273135830
vn 0.5325626103258758 0.8012937493073391 -0.2725901564691517
v 70.1062879771170344 30.5510871183459258 -7.5545315415314613
vn 0.5329990946768749 -0.2616908020063383 -0.8046302810725625
v 70.5358168853858842 30.1976050249264532 -7.3142376538873188
vn -0.2980598062710315 0.8260754505398603 -0.4782883041650111
v 71.4084665596817558 30.5969577236374128 -7.2050751215308706
vn 0.3717533438634852 0.1969200792505377 0.9072055630970741
v 70.6830406266951456 29.7262154216597700 -8.8502426955540656
vn 0.0349160361772476 0.2479315554675913 -0.9681481365065420
v 70.9400522668782543 29.6308224239751787 -7.0307583716591742
vn -0.5372849362246012 -0.0024325597403960 0.8433972847710831
v 71.4851890198362980 29.7918322989761677 -8.8225722215072668
vn -0.2682282433263389 -0.0695044702054699 0.9608448043797309
v 71.1063678984733940 29.0160176170610242 -8.8411655844639245
vn 0.4047500604904467 -0.1005997209563211 0.9088768259101395
v 70.5063161648725867 29.3942879466297384 -8.7820661129498081
vn 0.2259065470070825 -0.0788740887510835 -0.9709506218871394
v 70.5847345043693792 29.3377203778171740 -7.2125963623852263
vn -0.7064380059318953 0.1442751697419245 0.6929141499283343
v 71.6521857932791590 29.4149944164997947 -8.5345949923389011
vn 0.5674967280810916 0.0353272483157068 0.8226174379039725
v 70.4260643177341876 28.1204285246616656 -8.7491574508737564
vn 0.9260565790192038 -0.0639441242301513 -0.3719278981626522
v 70.0948743251453976 28.6640348742353446 -7.5835588630604427
vn 0.9808351575031510 0.0876563598258108 0.1740079204744919
v 70.0879448824815086 27.9957054969476324 -8.2019702132759083
vn 0.3508155758603434 -0.0557604445033681 -0.9347829719044750
v 70.6396035945835052 28.5239514136692662 -7.2212182813084329
vn -0.7577555467766628 0.0072212936140941 -0.6524985703032153
v 71.5653226530036619 28.5363800028620496 -7.4715935560452609
vn -0.8845383583749113 -0.0433684921775952 0.4644470545171523
v 71.7677881428504207 28.6989218290961610 -8.4361996584354646
vn -0.3615277640177044 -0.0874728815142904 -0.9282489810627028
v 71.2244046669326565 28.1874662414188570 -7.1551662627473647
vn 0.5027928677131096 -0.8275324865628595 -0.2497785336251261
v 70.1172729743664576 27.1274739146106434 -7.5908668158153549
vn -0.1692640915005721 -0.9850073706644850 0.0333188695054900
v 70.7288322231888884 27.0894440325300216 -6.8582773888851234
vn -0.2840889007813447 0.0071651285675966 -0.9587711705018342
v 71.2782274229615922 27.3221189246819165 -7.1407006371572344
vn -0.6853370498637081 -0.7201341917272162 -0.1082583668336922
v 71.8627879248740697 27.0982479185343124 -7.8497577033667918
vn -0.6746581310438734 -0.1310831896977749 0.7263976896955585
v 71.5089552176067116 27.4577719402700531 -8.7010713895584573
vn 0.5700882860471098 0.0877277026002766 0.8168862811360870
v 70.4970021846456376 29.9925714094240661 7.2629381665943606
vn 0.0456453944666545 0.6617538428558122 -0.7483303745202037
v 70.9190690486905737 30.5139980490896221 8.8228887617610958
vn -0.3748489837761778 0.8563131824389569 -0.3552688741548189
v 71.4406507515161451 30.5983035954392548 8.7020169503228395
vn -0.5733080785611802 -0.0674521593884284 0.8165586649165666
v 71.5661766085250832 30.2049157729470146 7.2687881365874540
vn -0.4482563752361811 0.8778409460252097 0.1687053512538503
v 71.7910060379612247 30.5999840071343137 7.6552712002441723
vn 0.1805645803815797 0.6870254878436319 0.7038411833395682
v 70.6547784336588620 30.5324856779392242 7.1610596285176111
vn -0.0044237377245676 -0.2497796214875481 -0.9682926062064511
v 71.0235203671747115 29.4651891537433137 8.8504556551867797
vn 0.9980968400162916 0.0436611594882564 -0.0435476876726453
v 70.0449030846122724 28.7521826432705865 8.0026952103911650
vn -0.5321931079811278 0.1752041133960509 0.8282958496011502
v 71.5440215595925082 28.9674662516421080 7.3465382919016822
vn -0.9732177252845708 -0.0758398036774394 0.2170151685253665
v 71.8231117035430913 28.3503703737267116 7.9006404578641876
vn -0.4012188258728516 -0.0444566279726893 0.9149027609503145
v 71.3844976927512818 28.2031050336691358 7.1940891362620230
vn -0.6446473873359164 -0.6260074551099494 -0.4387988287903029
v 71.6406881459152771 27.2260633061255035 8.5682430862643937
vn -0.5522573846900224 -0.6989280453034075 0.4544352193038022
v 71.7464795935984370 27.1037620611174326 7.6603162743455346
vn 0.8151967467614701 -0.5327007191273846 0.2273416106010575
v 102.9743044432266714 27.2982921224703148 8.9999873414618179
vn 0.9338404821784261 0.1519046469948518 0.3238316415456248
v 102.9743042881818553 31.1482925318349793 8.9999967029545385
vn 0.9071624034345821 -0.3278016085759813 -0.2638228178338479
v 102.9743042000000059 27.2982921599999990 -9.0000000000000000
vn 0.1928349100924206 0.4559622388015974 0.8688573727814498
v 70.4798921774788028 31.1483512025690530 -9.5588865257301254
vn 0.7222740812714451 0.6293934892764275 0.2866774968146849
v 69.4086016273718798 31.1483282657917471 -8.6125927403248390
vn 0.6813148112883584 0.7131491147904624 -0.1650105087341060
v 69.4045116845615979 31.1482925428530599 8.2174244132587528
vn 0.3671764246576908 0.8479089599556375 -0.3824027573155617
v 69.8218028039017753 31.1482920385598483 9.1969874108200305
vn 0.1537759562469591 0.4706787973496351 -0.8688005668770217
v 70.7757581051926365 31.1482925428806148 9.5599676031662764
vn -0.1652887481602079 0.7024888857685260 0.6922347832226623
v 101.2945223538993815 31.1482925436175186 -9.5594784223882989
vn -0.5551148241157328 0.7175689314141026 0.4206451719872485
v 102.3244093882452717 31.1482921452288082 -8.9287041780650451
vn -0.5653313399633012 0.8221390943615752 0.0669909365334396
v 102.5242903068588305 31.1482925397514308 -8.1022764221963133
vn -0.4604540979322866 0.8451147574689943 -0.2715935757809580
v 102.3910595781579929 31.1482923631354751 8.7763442149046043
vn -0.8910272362016231 0.4468722053892121 -0.0798479580044418
v 102.5242955715556121 31.1482925393657624 8.0967941684072837
vn -0.3082166220123546 0.7293298555488896 -0.6108031399070644
v 101.4608921119587990 31.1482788474975933 9.5577105029579190
vn 0.3491950415973665 -0.4091070339246158 0.8430268428212809
v 101.9743042000000059 27.2982921599999990 10.0000000000000000
vn 0.1072087043261357 -0.9670022159851459 0.2311125440051414
v 101.8914565999999979 27.0982933000000017 9.8000001900000004
vn 0.2946284725218691 -0.9380902553921817 0.1821558012187960
v 102.7742996199999936 27.0982933000000017 8.9171571699999994
vn -0.2172741892777664 -0.9037314964501277 0.3688648926066322
v 70.0571441700000008 27.0982933000000017 9.8000001900000004
vn -0.2584058181480515 -0.9599582949210086 0.1081966041961852
v 69.1743011500000051 27.0982933000000017 8.9171571699999994
vn 0.1211685494485624 -0.9638569062075891 0.2372720948204110
v 72.2742996199999936 27.0982933000000017 9.8000001900000004
vn 0.6867982034064450 -0.7207687281132011 0.0938118775622657
v 72.4573089166360376 27.1584882209116252 8.2156966395325419
vn 0.0397629302990613 -0.9718020949178218 0.2324211644566060
v 70.6735785033206270 27.0990521872205576 6.9763514804603126
vn 0.3899212275142260 -0.6364723725125605 0.6654805446908509
v 78.2888694600771942 27.1112184437141295 9.8558862459318846
vn -0.7458437280134049 -0.4357880328050350 0.5037915480106664
v 75.6977392607488611 27.1360284557070592 9.9670219868263921
vn 0.0845334327640928 -0.9366219457222343 0.3399903374165428
v 79.6895231249664135 27.0982896502285158 8.8001093551454392
vn -0.2873574940213003 -0.9069660360893292 -0.3079582439393493
v 69.1743011500000051 27.0982933000000017 -3.0999998999999998
vn -0.0845930724213533 -0.9735283901058577 -0.2123357853877030
v 71.4256598532163878 27.0984164543798336 -3.2203009082607150
vn -0.1162350396652533 -0.9157566487141524 0.3845506155109383
v 74.4666780048024748 27.0982953308191483 6.5993903907694058
vn -0.2548173427558116 -0.9423417792245188 0.2169333836891763
v 69.1743011500000051 27.0982933000000017 -6.6999998099999996
vn -0.2546713069054073 -0.9614395330791435 -0.1038101616974472
v 69.1743011500000051 27.0982933000000017 -8.9171571699999994
vn -0.1825085772605126 -0.9334613354910041 -0.3087726580668934
v 70.0571441700000008 27.0982933000000017 -9.8000001900000004
vn 0.3487368590725245 -0.8871361928867106 0.3022779819879426
v 96.1743011500000051 27.0982933000000017 9.8000001900000004
vn -0.0772749931939042 -0.9665036784238519 0.2447431613345830
v 92.3206860141645649 27.0982903676987235 8.8006069170315460
vn 0.2066211356962629 -0.8303966728094895 -0.5174447526746371
v 91.6801629512400638 27.0983099321194345 3.7330418239138545
vn 0.3746930255914032 -0.8794323293220659 -0.2936050318307324
v 90.2516170557332629 27.0982944491282431 2.5774440026264864
vn -0.2538074284943428 -0.8966082918015168 0.3628709967934267
v 93.6618688412939946 27.0983077751318646 9.6919815597942929
vn -0.4034943335662901 -0.9148330136772457 0.0165190758247515
v 72.3615044287091251 27.0982974363422890 -5.2291813720109337
vn 0.2229291550962994 -0.8944027663628684 -0.3877451267656349
v 78.3285079647508269 27.0982922903792129 -9.7999733840022980
vn -0.3388235095171468 -0.8522381017678544 0.3986086392611283
v 71.5432236723031707 27.0998868942512097 -8.6406604156241382
vn 0.3606457465413097 -0.9304965804329369 -0.0641152033785458
v 89.4077998733254589 27.0982950216285481 0.8316089667368050
vn 0.0651692320506730 -0.9831752167902147 -0.1706442623806606
v 79.2758198059447494 27.0983004760294506 -8.8180552121804450
vn -0.5956353417618102 -0.7054264668915539 -0.3841770938684282
v 72.0634003489410162 27.0992700242748690 -4.1075043910837339
vn -0.2839416227070943 -0.9496754824073665 0.1322634983992092
v 75.7631372031591610 27.0983665301548236 7.5782669545841772
vn 0.2156502276715943 -0.9710751786175053 0.1025084229620663
v 96.3034881724586427 27.0984076537224290 7.5515198167791748
vn 0.3397919701066409 -0.7355276347455373 0.5861232938355915
v 97.3051133998757649 27.1081478344490030 6.8971548661939837
vn 0.5174656819728359 -0.8352011162044184 0.1861944238458317
v 89.5405921850047974 27.0981598972390216 -1.3971037714430761
vn -0.2938215803195461 -0.9139327154591271 0.2799926258886665
v 99.7742996199999936 27.0982933000000017 9.8000001900000004
vn -0.2675575016324988 -0.9435821793798297 -0.1951042133757915
v 96.9234996509192683 27.0983085193487447 2.3314088540958862
vn 0.2871792246417424 -0.8933637161507870 0.3455855373122891
v 90.7267570659329152 27.0982953999672880 -3.0885180284620248
vn 0.2319427022938843 -0.5113112094262173 0.8275043383376968
v 92.1506245266510007 27.1076769927443486 -3.7473454983956676
vn -0.0764975267196902 -0.9355489976725915 -0.3448132847782689
v 92.3102600612189974 27.0982937775355666 -8.8004663873798261
vn 0.1483639452079625 -0.9889328287395742 -0.0000018635299936
v 102.7742996199999936 27.0982933000000017 0.2500000000000000
vn -0.5020466386347705 -0.8621088942312483 -0.0686835287598307
v 97.5900251387575111 27.0983052301766563 0.4083949514389639
vn -0.3403089723475990 -0.9301646898111029 0.1377804527802690
v 97.3187746726750902 27.0982982841845228 -1.5406389750760912
vn -0.0643458893946904 -0.9442777813705281 0.3227988198986474
v 94.3128463273184252 27.0982860140540360 -4.0848088145623409
vn -0.3243396816911897 -0.8555856039430082 0.4034563733614026
v 96.1899165615058109 27.0983040272212357 -3.1165504001419979
vn 0.3809796973409873 -0.8851512370366046 -0.2671362157898821
v 96.3214760078503360 27.0983848543686925 -7.5034972187235986
vn -0.2703513952156189 -0.8810669293148283 -0.3881123409178166
v 93.6747956218993778 27.0980766329808738 -9.7085538989635634
vn 0.3698284273732808 -0.8747361697794132 -0.3131510299939117
v 96.1743011500000051 27.0982933000000017 -9.8000001900000004
vn -0.7565067432804973 -0.6086340367718407 -0.2392951245929371
v 99.5835417182987186 27.1729572428378319 -8.0393197835225010
vn -0.3210996181947192 -0.8956579566975161 -0.3077204247358888
v 99.6120693201133633 27.1495801397414347 -9.9644107461595066
vn 0.3527313114058090 -0.9315597387111538 -0.0881877268464553
v 102.7742996199999936 27.0982933000000017 -8.9171571699999994
vn -0.1767429339472518 -0.8455865826414187 0.5037313436312304
v 101.2127360157120393 27.1028453915048004 -8.8619068837334325
vn 0.3737750237502557 -0.5299613337541454 -0.7612051079347951
v 101.9746711445521754 27.1524381321181210 -9.9896482882495636
vn -0.3706625887449946 -0.5830814778004986 0.7229282367917619
v 93.4753042888621195 27.2983302694438947 10.0000112245869452
vn -0.2233647912835584 -0.3344798089016167 0.9155497951788261
v 92.3283879623664916 27.2979762048664760 9.0006002181714670
vn 0.6560174010496806 -0.3417320893326511 0.6729489940852602
v 96.3743057300000032 27.2982940700000007 10.0000000000000000
vn -0.3691473676326415 -0.7415834906882882 0.5601643931101520
v 99.5743026699999945 28.5982933000000017 10.0000000000000000
vn -0.6062347260076939 -0.5047517487802908 0.6145771953836350
v 99.5743026699999945 27.2982921599999990 10.0000000000000000
vn 0.1956443304523820 -0.5865369207129306 0.7859374889916071
v 96.3743057300000032 28.5982933000000017 10.0000000000000000
vn -0.2223068777319713 -0.4703393215258855 0.8540260972239854
v 93.4743042000000059 27.5982933000000017 10.0000000000000000
vn -0.1379879387374231 -0.5530124417340003 0.8216669447229796
v 75.6743011500000051 28.5982933000000017 10.0000000000000000
vn 0.2128159334543220 -0.5594917557922449 0.8010482842304055
v 78.4743042000000059 27.5982933000000017 10.0000000000000000
vn 0.4214933216246110 -0.6443302140639958 0.6381081060996621
v 72.4743042000000059 28.5982933000000017 10.0000000000000000
vn -0.2309701495135209 -0.4058974777330376 0.8842511111690277
v 69.9743042000000059 27.2982921599999990 10.0000000000000000
vn 0.5959787790084198 -0.5101367566855469 0.6201369078276058
v 72.4743042000000059 27.2982921599999990 10.0000000000000000
vn 0.1480080226776998 -0.6877748434197093 0.7106753055946377
v 79.7399342462094296 27.5982932942577079 9.0001199191431311
vn 0.5514634192181427 -0.3696274049921899 0.7478393401947873
v 78.8618133946522448 27.4866939137845883 9.3822236300570481
vn 0.3206252085601241 -0.2416096894390654 0.9158734812215797
v 79.5916317138351417 27.2979324945739563 9.0012368671089806
vn 0.4849575603740215 -0.7897783579055232 0.3755879524427437
v 72.6793995457994129 27.1413761392603057 7.4885253442802506
vn 0.1437720437317291 -0.9399156446816765 0.3096581668934801
v 73.4378460986022361 27.0982939764309734 6.7076257851865648
vn 0.3727467770268125 -0.3842143455536897 0.8446532879749382
v 73.4761557046725926 27.3107633148893285 6.8863059674503155
vn -0.2512630412400957 -0.2731499459681048 0.9285774017950250
v 74.4781512652001965 27.2938434336610243 6.8261006317738069
vn -0.6535720908387137 -0.4388188265534962 0.6166697329518653
v 75.3541249398538895 27.2951818646022453 7.3871948272187993
vn -0.9453726240197248 -0.2633956165511704 0.1920764195201710
v 75.6712836457214593 27.2989527139987693 8.1946043631646788
vn 0.2101752018270971 -0.8210643191878735 0.5307351206520000
v 73.7601933790843134 28.5982933151688385 7.5798396285967273
vn 0.2212968934664648 -0.5739800483353245 0.7884000184266048
v 73.4920560981866657 28.5982932891195496 6.8799898522898602
vn 0.5819391559970036 -0.7392574982727566 0.3388881378345965
v 72.5530339324036220 28.5983120557387629 7.7020337863246198
vn 0.7939744147151966 -0.5870166464493125 0.1581647418644997
v 73.1764036205547086 28.5961529056618744 8.2733828921383381
vn -0.1388358156024392 -0.8455918010856842 0.5154601073241988
v 74.4746185967522649 28.5982932745807297 6.8278755155347612
vn 0.4781570432580518 -0.7238586282329109 -0.4973877042262766
v 73.5248249137635668 28.5982933014979643 9.0775180103827164
vn 0.0797549215977142 -0.6041308697045427 -0.7928840046002790
v 73.9825591470376480 28.5982933006737525 9.2492508192593910
vn -0.4135360482653333 -0.7417875002460581 0.5279576131317705
v 74.6694981762971963 28.5958858987492590 7.7169800112292597
vn -0.6123752097815502 -0.6219363347345034 0.4880489708851092
v 75.3995997646993743 28.5982932866346289 7.4305448828361325
vn -0.8203404549859470 -0.5644526025703678 0.0918411528944840
v 75.6736258099551122 28.5982933635890504 8.2567772047104793
vn -0.5605099306664975 -0.8204048530875945 -0.1129800630844258
v 74.9200861477073374 28.5978792659307892 8.6166598253420172
vn -0.3902860548974647 -0.5654355969169382 -0.7266081344794861
v 74.4101640783311922 28.5982448879884998 9.1994537095546836
vn 0.4376621329288640 0.8156687976681486 0.3783335432006448
v 73.4299745391698337 30.5982932991032364 7.8119557880131136
vn 0.5371694568039045 0.8254591662060831 -0.1733959042288952
v 73.1953593753755314 30.5982259719317895 8.6339108722771041
vn 0.3562956591319719 0.5602304552415536 -0.7477935813468549
v 73.7680998229812559 30.5982932975362409 9.1988362448870831
vn 0.0559810064621363 0.7092442130711792 -0.7027366314207123
v 74.0166574254603091 30.5982932944807864 9.2493368490957888
vn -0.1113546076102965 0.8617809970361399 -0.4949077333315305
v 74.2479846539799695 30.5982927277813950 9.2397391233409305
vn -0.5409601537547702 0.7244058959948390 -0.4273151177966095
v 74.7452912448956397 30.5982771427309288 8.9619298125293483
vn -0.6199234065854577 0.7461799627689536 0.2427147155192782
v 74.8935377905780086 30.5989323650680447 8.0146177344895744
vn -0.0853667854236094 0.5765614572797338 0.8125819330540822
v 74.1109798490557665 30.5982933612825185 7.5192953979521802
vn 0.5617191615942135 0.6029999682077242 -0.5664473689932521
v 69.7541427958732356 30.6140726608178895 9.1572411575022503
vn 0.0269788222127418 0.9554079614010618 -0.2940540264024290
v 70.9043044999999950 30.5982933000000017 9.5600004199999997
vn 0.4318908116372346 0.9015332872664773 -0.0266093737962775
v 69.4043044999999950 30.5982933000000017 8.0600004199999997
vn 0.4759632192456755 0.7724246902879545 -0.4204986465600701
v 70.5116847524726467 30.5978656384246186 6.1750132041832337
vn 0.8510844790405402 0.5172708077297717 -0.0899228614251220
v 70.1743467686719100 30.5982934753294025 5.1631111024142111
vn 0.0996823096621389 0.7409537917911834 -0.6641166430460007
v 72.0076617241332286 30.5982934201490906 6.7964057922626129
vn 0.1512392876386215 0.9426684987880425 -0.2974941667785448
v 74.8300694160488291 30.5980165933107529 6.8781501644486500
vn 0.0650710513610787 0.8880746850358829 -0.4550704473740092
v 76.8733265829947356 30.5982933019846648 8.7999456509968095
vn 0.2367726576312403 0.9652193276922064 0.1108618872635874
v 70.2016908786525704 30.5974729900715268 -2.7200529395316124
vn 0.5910632470630750 0.5728250258016514 -0.5679046819551604
v 69.8872306149128661 30.5979877719458422 -4.3477882209800622
vn 0.4359902870649022 0.8989879124341343 -0.0416317532945885
v 69.7237456529881712 30.5982932998138928 -4.8080510275196966
vn -0.0391247520071980 0.5806737697193223 -0.8131956879745040
v 70.4517662063770018 30.5982932842181015 -4.0390559586251200
vn -0.2724090450739917 0.9362820509449336 -0.2217413656497688
v 71.2380387512195341 30.5983620739130942 -4.3170458337515960
vn 0.2475689553976857 0.9484429006770887 0.1979031997682931
v 71.8042736224305287 30.4991083277837696 -3.7853079461612320
vn 0.5063734006308682 0.8528386015778013 0.1274845041263858
v 72.1733276150962837 30.5982933288296373 -4.7600412215261994
vn -0.6762560135347705 0.7312114068881249 0.0894856558044320
v 71.4019925874917476 30.5983023935967751 -5.1792093167671212
vn 0.3116503703840963 0.9451049762569569 0.0982376225984344
v 69.4084639447809764 30.5971421743025118 -8.4698944453875686
vn 0.7516257630372331 0.5793746134935501 0.3152519144714212
v 69.7972198416579914 30.5982932977832611 -5.2903608260055535
vn 0.2024779061782504 0.8236487354974801 0.5297220573310817
v 70.3709366596072385 30.5982328792444029 -5.7678334411216960
vn -0.3677623252322896 0.7183135507635684 0.5905730394533549
v 71.0811767916470956 30.5982932906661098 -5.5931061735251006
vn 0.4614788971664554 0.8857089641820819 0.0505653857647279
v 72.1773460683701984 30.5982933900844074 -6.9490824361524366
vn 0.4595947099119446 0.5748362760006904 0.6770051391345665
v 70.1844383558988056 30.5972383913936881 -9.4323359204963548
vn 0.0175503825490061 0.9590019263223540 0.2828555981104095
v 70.9043044999999950 30.5982933000000017 -9.5600004199999997
vn 0.2315106164769939 0.9115705910971575 0.3397674085388720
v 72.7905582336145045 30.5947103933877536 -8.4756894157897200
vn 0.1102131846272215 0.6655118982654942 0.7382052337943591
v 73.8257828864719841 30.5982932946939457 -8.7999810050166900
vn 0.5355104263291611 0.7314661617975056 -0.4221206432265372
v 97.3278010784065941 30.5978928952199958 9.0155951989739691
vn -0.2137460463431578 0.9361214801410300 -0.2792654688486136
v 96.1840672950308289 30.5851007202515319 8.3072868988006565
vn -0.1000383791995761 0.6585903127991174 -0.7458224470839441
v 95.2028169673911577 30.5982933106404680 8.7999478009488001
vn 0.0448096499152930 0.9327588474464097 -0.3577052247101159
v 97.8535975345607056 30.5982932999486366 9.2434892884869022
vn 0.5811776561300103 0.7498949768121398 0.3160538811138821
v 97.1390248734935255 30.5989105158639951 8.0714799636696402
vn -0.3155819355342104 0.6612596956516097 0.6805465868485581
v 98.1055283410969139 30.5974433473055321 7.4812128486425742
vn -0.1015966568613078 0.8378704434606014 -0.5363312775605585
v 97.5250962456563428 30.5982928242584862 6.8134203927846375
vn -0.0604647254848401 0.9164090438053685 -0.3956494425672468
v 101.4379196117994724 30.5983309415983165 9.5589704984606083
vn -0.4496799434432530 0.6422679746961147 -0.6207091083145340
v 98.4514899833778827 30.5983194241981167 9.1472001241726595
vn -0.4853439153076284 0.8727027765919362 0.0532085294157507
v 98.8506626758761229 30.5982036301754761 8.3759690297394318
vn -0.0701827118883366 0.9635331036472539 -0.2582215039997420
v 100.0106470646576042 30.5982929679224220 6.7813082192189782
vn -0.7612073994241798 0.4731142456448876 -0.4435382797794865
v 102.4089096507448176 30.5982931583627185 8.7569396616779382
vn -0.3711285041956429 0.9280703208020415 -0.0308076779374918
v 102.5242996199999936 30.5982933000000017 8.0600004199999997
vn -0.5070346803520304 0.8582428393162431 -0.0795931007230374
v 101.7738246548680792 30.5982880310148957 5.2645146151999844
vn -0.1657570769938251 0.9409224456288839 0.2952787542953660
v 97.1986654697236219 30.5977960697090587 -6.9019048217824936
vn 0.4967059336884461 0.8678049552927903 -0.0140632502632548
v 97.0696530708712260 30.5985971399055359 -8.3903442536015014
vn 0.4111534454915299 0.4934716658436631 -0.7664454052768035
v 97.5382274456543144 30.5982932975436448 -7.6300661931676155
vn 0.4532726896834888 0.7227023190919726 0.5217712398802565
v 97.4623959763642915 30.5982932974268920 -9.0998468057979203
vn -0.0784653221452438 0.7973576018764674 0.5983845318442415
v 95.2858429029502645 30.5982933116811076 -8.7998184202799603
vn -0.1548982325461424 0.7028316197672677 0.6942868656466142
v 99.9209631881118980 30.5982928295740955 -6.7935153283545295
vn -0.4017689806367468 0.8419582542845062 -0.3601221796006131
v 98.5449615737576323 30.5985122886124294 -7.6833701632789522
vn -0.5341733190501010 0.8267856541455195 0.1763075361808577
v 98.8404855605588466 30.5982932946519881 -8.5750958709070506
vn -0.4453938413815554 0.8376915401523141 0.3160651983636066
v 101.5485984710043965 30.5982932548091178 -6.0051390193511676
vn -0.8741970644291455 0.4726382793145530 0.1113218283628290
v 101.7742922769205478 30.5982932988496614 -5.1250488654665132
vn -0.0276409138320285 0.8617668856942121 0.5065509003085761
v 101.0242996199999936 30.5982933000000017 -9.5600004199999997
vn -0.3533350402077039 0.5804796760435373 0.7336195847043686
v 98.4226987412294818 30.5982420607835266 -9.1541727689854664
vn 0.0205033538928228 0.9001606382030642 0.4350752094856680
v 97.9528867068104461 30.5982933005064979 -9.2589952375835978
vn -0.3391714870490715 0.7400784435360798 0.5807293687993876
v 101.7212532952606807 30.5982930972994431 -9.4446045149869455
vn -0.5166539785964689 0.8479431277910813 0.1185795869124093
v 102.5221146100752208 30.5981072828270264 -8.4731240281224647
vn 0.6169007731831398 -0.5776418889197733 0.5345683157569671
v 69.8679277242397063 28.5982933026652617 -5.4167401358653624
vn 0.7584116534858705 -0.6303619044506258 -0.1656974148084637
v 69.7217162128961263 28.5980553164369482 -4.6015002797425852
vn 0.2081192026010172 -0.7337909454521010 -0.6467126455244465
v 70.3938333806453045 28.5982932918019621 -4.0436032815659049
vn -0.4971188875335635 -0.7635994552577493 -0.4120542240864189
v 71.2710037617723913 28.5985238969038704 -4.2989931412369842
vn -0.5721439174762626 -0.7384715139414687 0.3568068956619404
v 71.3334663778261557 28.5980863857992986 -5.3545679305571658
vn -0.0635544328106255 -0.7352782987175247 0.6747789693708465
v 70.5609109998463282 28.5981766169145111 -5.7950467139534831
vn -0.5585211164188635 -0.7442717211737255 0.3662154660515125
v 68.9743042000000059 28.5982933000000017 -6.5000000000000000
vn -0.3088428638681728 -0.7470253779228008 0.5887012571559551
v 71.3259030710725170 28.5971936730931304 -6.3964290359947231
vn -0.7443060266382504 -0.5559889243127057 -0.3699795328819968
v 68.9743042000000059 28.5982933000000017 -3.2999999500000001
vn -0.3048118048251015 -0.7271905655673252 -0.6150476770049116
v 71.0716102716447296 28.5982933234388987 -3.3267689247571703
vn -0.6502647782646616 -0.7441275130904690 0.1530684892791600
v 72.2105313067279582 28.5984688382916872 -5.0740870625245229
vn -0.7250083000164703 -0.5956729481533344 -0.3457408042819690
v 71.9420699255865088 28.5982932729309844 -4.0322798949734038
vn -0.6110356937285119 -0.5052640590496578 0.6093796941336166
v 68.9743042000000059 27.2982921599999990 -6.5000000000000000
vn -0.1617391994391365 -0.4294222651857177 0.8885026446373440
v 70.8800941655190258 27.2996793402817595 -6.4950028509206135
vn -0.5008639424971285 -0.7453617403980899 0.4399672568009618
v 71.7910002293263005 27.1041717716454436 -6.0562499254305022
vn -0.9630247578441813 -0.2691757200006464 -0.0113025457880036
v 72.2144866947472366 27.2950966054541198 -4.9082695263280458
vn -0.6134650108563463 -0.5047564749322189 -0.6073562228783229
v 68.9743042000000059 27.2982921599999990 -3.2999999500000001
vn -0.8430288054888301 -0.4091040852612918 0.3491937578746188
v 68.9743042000000059 27.2982921599999990 9.0000000000000000
vn -0.8403285227629957 -0.4640974908061335 -0.2801097871521310
v 68.9743042000000059 27.2982921599999990 -9.0000000000000000
vn -0.2144324470502572 -0.3980832391609451 -0.8919352332715468
v 71.0785497542631504 27.3041566490949421 -3.3205065790645043
vn -0.3166006339684335 -0.3508394432190526 -0.8812920762451749
v 69.9743042000000059 27.2982940700000007 -10.0000000000000000
vn 0.1921373566734278 -0.4971478587297133 -0.8461248387389469
v 78.4727552896275711 27.5982933012293188 -9.9999999547488816
vn 0.1685009641783279 -0.5055289953808620 -0.8461961119623455
v 96.3743057300000032 28.5982933000000017 -10.0000000000000000
vn -0.2597882288245991 -0.4127914817256302 -0.8729909900903539
v 93.4758545905434914 27.5982933022545431 -9.9999997176130080
vn 0.6573636492269659 -0.3484199278083187 -0.6681890350649675
v 96.3743057300000032 27.2982940700000007 -10.0000000000000000
vn -0.3684600919013631 -0.7464510493280325 -0.5541191132176533
v 99.5743026699999945 28.5982933000000017 -10.0000000000000000
vn -0.1730679234666770 -0.6765719570934741 -0.7157498730294256
v 92.2650981109855906 27.5982932893711208 -9.0002924249792873
vn -0.3618378797947570 -0.5789458671521794 -0.7306812106883864
v 93.4759497608003471 27.2984152813517973 -10.0000625129095209
vn -0.6231455800013432 -0.4491909834555198 -0.6402476446712259
v 93.1060633508720201 27.4712432846893186 -9.4182679732680796
vn -0.3105788740214964 -0.3230158912260075 -0.8939807028269724
v 92.4137830795939834 27.2971317420438382 -9.0021033571529507
vn -0.1542929163529324 -0.9593058054150909 -0.2364869291529882
v 99.0810239377199480 27.0983033301213716 -6.9345798191951360
vn -0.5318299130337222 -0.2788935359558597 -0.7996094916924017
v 98.9618191437201062 27.3126631672897702 -7.0804813629612351
vn 0.0807996201429057 -0.7775642939053203 -0.6235905629724385
v 97.8024663535383496 27.1039354194938795 -6.7405402547459650
vn 0.6000682584455790 -0.1725422163411080 -0.7811192410805077
v 96.9733789940101332 27.2940503343638063 -7.1264865195114373
vn 0.8688356630549365 -0.4443152188937923 -0.2184229311753920
v 96.3993198315452560 27.3014612080710819 -7.9407345387085426
vn 0.7400217787575952 -0.6720985224171252 0.0255214249046181
v 97.0154874861570562 28.5976789197628030 -8.4697520154469306
vn 0.7030469608319588 -0.6464691278398326 -0.2963150985268089
v 96.4209024823854151 28.5974804583827584 -7.7576363533350827
vn 0.1283685876976837 -0.6266499832687354 0.7686555172258868
v 97.8067766564279282 28.5982933124589174 -9.2654019797982965
vn -0.5334578380708631 -0.5796379371350281 0.6159891207112428
v 98.4531048432858142 28.5982328585740930 -9.1364917457750234
vn 0.2450781052159860 -0.8604094031653132 -0.4468023962429604
v 97.5699617786456344 28.5982933024048336 -7.6270426807161895
vn -0.6725575528548565 -0.7390928974004844 -0.0375236873193967
v 98.8434722356652173 28.5982932974526811 -8.5532349733160427
vn 0.0552653846191860 -0.6674122332349015 -0.7426349360158696
v 97.9354847458394318 28.5972137390684154 -6.7167957387165167
vn -0.5232804052222986 -0.8423218675013001 -0.1291181204924739
v 99.5655846050531039 28.5982933173848295 -8.0826779555749582
vn -0.2012790344511056 -0.8405478305673135 -0.5029573489064589
v 98.4427063838232499 28.5985475847831516 -7.6146875571466861
vn -0.6057275701438302 -0.5848529929977018 -0.5394822400684581
v 99.1526995619548472 28.5982932902121441 -7.2886452489999662
vn 0.2159544796795392 -0.6084854796723757 -0.7636157958909825
v 79.7393430708372932 27.5982932788623572 -9.0002364471214662
vn 0.5632755539611846 -0.5003514656922139 -0.6575477633521188
v 78.9217104594126937 27.4690509973090151 -9.3279994093519019
vn 0.0819672686120565 -0.3858429141350232 -0.9189159986027406
v 79.7919032953070371 27.2982634149789511 -9.0000296920495391
vn 0.4558047226850805 -0.4391646965188679 -0.7741940480974182
v 78.4722753583818644 27.2983426546368904 -10.0000275900445956
vn 0.2264700939336688 -0.8311678217767475 0.5078103470751379
v 97.7373819411567553 28.5992949078964003 7.5198895975685121
vn 0.6653498624401002 -0.7449151655053822 -0.0491014943869210
v 97.0824994120569471 28.5981970534836059 8.4234443538951087
vn 0.1861224992395405 -0.6344364734837217 -0.7502324815617931
v 97.6756875575852490 28.5981576553908496 9.2501163664729091
vn -0.3964561776419709 -0.7382505897823171 -0.5457183943166832
v 98.4907723668026591 28.5982932968669026 9.0935421178251605
vn -0.7337957456060170 -0.6780902067363879 0.0416830332235115
v 98.8817913700760158 28.5982534623335596 8.3844851289964737
vn -0.3161253914523730 -0.8558319601200491 0.4094098104786431
v 98.5042191641081217 28.5982932911799423 7.7243507262527888
vn 0.1156279861763610 -0.6093784914736039 0.7844029722930391
v 97.7989657250664379 28.5979399745796314 6.7463525725946401
vn 0.6931391947279805 -0.6430898142019543 0.3255665025790314
v 96.4176303051843036 28.5972313757597583 7.7436623013195209
vn -0.2790697607715421 -0.8454044735577013 0.4554243567394483
v 98.8360053271819226 28.5982932898363629 7.0425093251235680
vn -0.6004067333205719 -0.7205740173188439 0.3468210491713303
v 99.5194134464558857 28.5960632877969196 7.7713135077694355
vn 0.8322119775049964 -0.4641675863734022 0.3032683238610877
v 96.4361485565132028 27.3140737302050454 7.7831417600590438
vn -0.3389330855297823 -0.6644509384212818 0.6660550382395882
v 98.4770875263518946 27.1091586862010736 6.7833325457879514
vn -0.8823909015324227 -0.4044490719132003 0.2404313729972634
v 99.5491176830974496 27.2999274022448297 7.8576728319743765
vn -0.2421491955804543 -0.9639525816028375 0.1102687059004667
v 99.6661839780304319 27.1004488852580323 7.5681342377165830
vn 0.5402937391062155 0.8094235077124483 0.2300353465124456
v 72.3786107743515004 30.4962969512107875 -7.9086875165107235
vn 0.0745633849479879 0.8666868544539916 0.4932486167661738
v 73.7342598113742440 30.4982929193180716 -8.7999212834219076
vn 0.6983644333446080 0.6902388883547309 0.1893604901823240
v 70.1871697913619670 30.4982754282598982 -2.6233325905565699
vn 0.6721899011473016 0.7246726917025936 -0.1516912215525289
v 70.1744752083833419 30.4982929361259067 5.1874622499011869
vn 0.5767290210217098 0.6147747976440487 -0.5379921788400452
v 70.5225244894362646 30.4989077336555141 6.1541678205063137
vn 0.2157027978850156 0.6065601802894380 -0.7652169958069546
v 71.9935923176249872 30.4982931576350005 6.7933579627194636
vn 0.2420135357802576 0.9069986162568694 -0.3446490368581668
v 76.0500688500991373 30.5771945398591392 8.5474003166684280
vn 0.0744406507389974 0.8446485511403738 -0.5301201888006359
v 76.8552191792291239 30.4982929213685523 8.7999585943398326
vn 0.1236743644334889 0.9242894039619968 -0.3611007467529653
v 74.8819557206986417 30.4983636338522679 6.8558502104824708
vn -0.1043344151295355 0.9150504573311121 0.3896113324297694
v 95.3046346004808100 30.4982929255720165 -8.7995524155081135
vn 0.2514854405600555 0.8888930857480046 0.3829153369815651
v 91.0136944321066466 30.4982924815141168 -3.4293291129384644
vn -0.2865637011658558 0.8939646686672101 0.3445408776166496
v 96.1342920969321710 30.5824987713216672 -8.4390595545400959
vn 0.4627610635003886 0.8487199836402328 0.2559816155072711
v 89.7937285917852961 30.4983156058148239 -2.1294315071375740
vn 0.5149143883100162 0.8531382546101290 0.0837752423577794
v 72.1723230108780882 30.4982929254983794 -4.6779550536577270
vn 0.2794663620655345 0.9600441725586527 0.0146198225032816
v 89.2441340145806237 30.4982919989707675 -0.3273736677264786
vn 0.1143292209256249 0.5038168432953225 0.8562110824174586
v 92.9282471820222327 30.4882266443616459 -4.0454244268585819
vn -0.1845985343440784 0.8556735074462096 0.4834730910533900
v 97.1779792876590420 30.4988663497456933 -6.8665634315242530
vn -0.1916719415552285 0.8498026879446184 0.4910165561185802
v 95.3133542004371321 30.4984609403843692 -3.8700740614243783
vn 0.5028595246987051 0.8275160854677939 -0.2496986718263662
v 89.6752860802839820 30.4982813586371755 1.9314523370416634
vn -0.3712239497161541 0.8959337928356231 0.2439168260131166
v 97.0910850650773938 30.4982806273061833 -2.2347457969192086
vn -0.7819804507639776 0.0991110707721373 0.6153727084242254
v 101.5130068707987903 30.5076242436907279 -6.1094653774992578
vn -0.4393942101543711 0.8963542860201573 0.0590061184633479
v 101.7742961721498034 30.4982929206280602 -5.1109983399722188
vn -0.1254280055614870 0.8236516421616078 0.5530513428112750
v 99.9565952176573944 30.4982929823656939 -6.7930053575182940
vn -0.4910219047166484 0.8711387196213104 -0.0038497097265414
v 97.7289310403083107 30.4982831529313465 0.0023001421373383
vn 0.2478814890550417 0.9052664771762012 -0.3450324226574156
v 90.9965275929177579 30.4982924135039539 3.4169000939114089
vn 0.0730381604804196 0.8142006211534061 -0.5759711586764082
v 92.8183758329623601 30.4982528796870049 4.2109700913143326
vn -0.1255225156668513 0.9061472819931424 -0.4039074168632034
v 95.3606515476460572 30.4982904062269071 8.7990854395489677
vn -0.2194530413665391 0.8819923788589061 -0.4170489255108852
v 95.4433286257822999 30.4984951052877946 3.8321647763494160
vn -0.1349334102326442 0.9457054903621513 -0.2956925773533580
v 97.1863955526490884 30.4983778701103851 6.9003088265787014
vn -0.5811363540491005 0.8091472001433730 -0.0869560032583085
v 101.7742641180765162 30.4982929223412427 5.1734280579401828
vn -0.3424434329902153 0.9166702731352017 -0.2060293803128835
v 97.1791148944901835 30.4982877605055371 2.0506982453967728
vn -0.1723642812570160 0.5511215333991680 -0.8164285700356781
v 100.1617241783524292 30.4984587422122893 6.7803612316861619
vn -0.3489799897905472 0.8909812050226106 -0.2904573273688348
v 101.5108078216660488 30.5862067070958581 6.0233459450155156
vn -0.9053221801599709 0.4234429540543893 -0.0329820371124867
v 97.4873206435663064 30.3000192933634871 0.1015610605325201
vn -0.9034236870952282 0.3539867997275598 0.2419069804985039
v 97.3423722911118290 30.2982261922652150 -1.0731829538427458
vn -0.7612607447831472 0.3237438985119903 0.5618469245519334
v 96.7597168538873404 30.2980530188401680 -2.3260982087532653
vn -0.5750125794995442 0.4130053231071367 0.7062486364605953
v 95.9274712201644633 30.2981724118256466 -3.1670683820046781
vn -0.3332744354170739 0.3343887181009153 0.8815397528780294
v 94.9021146813780803 30.2979523289509913 -3.7637101252770182
vn -0.1018415403583684 0.1482565516916226 0.9836911586153165
v 93.8447981811484624 30.2981195521834401 -3.9859493966200379
vn 0.4394301274072387 0.2276676477997145 0.8689468368503351
v 91.5807018012548184 30.2997067773702007 -3.5583934719414634
vn 0.6665022854412699 0.3853811192597598 0.6381661981174330
v 90.4946643143604206 30.2980921050848409 -2.6832892596510356
vn 0.8425598975794365 0.3374056266739667 0.4198217027259039
v 89.9263770193187355 30.2981057628989952 -1.8683160176612663
vn 0.8625406848315883 0.4591655695142818 0.2125806829956101
v 89.5759198631864990 30.2981190973772136 -0.9386629064993375
vn 0.9301899175629094 0.3567773938304959 -0.0863516561267186
v 89.4635038550528208 30.2979861577659939 0.3474618715442073
vn 0.8547551196329090 0.3214176108643018 -0.4075345444101833
v 89.8909046510736260 30.2986370264531253 1.8722792655787397
vn 0.6601391874557384 0.3695854414367888 -0.6539287840913958
v 90.7767940501777844 30.2981969706587435 2.9618544355628158
vn 0.4291409180904899 0.3713908948546292 -0.8233510039099540
v 91.5832400737301526 30.2981588291758150 3.5410391047740615
vn 0.1572814454589404 0.3305733200596183 -0.9305825202415463
v 92.9015179535161053 30.2980643124356277 3.9849063927703763
vn -0.1988528502498091 0.3434329627552326 -0.9178841670062133
v 94.4913402608618185 30.2902425357770646 3.9176393768671400
vn -0.6733714209047715 0.2985216762444656 -0.6763547429573357
v 96.3290143010312789 30.3045334222279195 2.8717435181135347
vn -0.8808339180616229 0.3713669288795122 -0.2936293802173235
v 97.2249273114001653 30.2981422660314585 1.4630512851390827
vn 0.1547621609004430 0.4627979724311205 0.8728497638580589
v 92.6758624068704364 28.8182928774627065 -3.9555275490093535
vn 0.4166654204104133 0.6881305514500153 0.5940254805943186
v 91.2737531714680017 28.8182927196023719 -3.3574467992993977
vn 0.6963747350179544 0.5338492426856637 0.4796532231858940
v 90.1667923404673388 28.8179728356698988 -2.3082733119760794
vn 0.7927092080650309 0.5846332731223858 0.1726732388273226
v 89.5238077107467660 28.8182924849627682 -0.7756032678848560
vn 0.8251331981502841 0.5400088180425119 -0.1659689180136245
v 89.5077326942143543 28.8182924493052894 0.6177341906266479
vn 0.6180348662145955 0.6760428163440617 -0.4012468250499888
v 89.9906538273177290 28.8182922641427446 2.0319527413499339
vn 0.5313748770904660 0.5356943368955137 -0.6562562894290369
v 90.9079433435475579 28.8182924284000279 3.0810522531824960
vn 0.2707280313231544 0.6867901610222826 -0.6745558596431257
v 91.8351989068119536 28.8182923963558828 3.6645427865706308
vn 0.0230053245248901 0.5466753686732132 -0.8370285516811902
v 93.1845608923827200 28.8182922373921215 4.0155282942884378
vn -0.2914035732600402 0.6865688812319254 -0.6661134504085793
v 94.9158138032011465 28.8172199285492923 3.7920782468336576
vn -0.4214914933000936 0.8063632371435704 -0.4148773925619463
v 96.3555647051319681 28.8182923185552120 2.8030537298836440
vn -0.6621687655936097 0.6786261091599775 -0.3178036026205892
v 97.1852049099805129 28.8182921817863225 1.5613291250740624
vn -0.8115981796296992 0.5841234809859124 -0.0103997010850755
v 97.4927785503148243 28.8182921754257393 0.1010163643758013
vn -0.7489401243035294 0.5575419195816519 0.3581001230346352
v 97.1390576190995318 28.8154811470061283 -1.6960959197071466
vn -0.4805375548993722 0.5903178803809932 0.6485433358179116
v 95.7385734801227812 28.8172031018330159 -3.3498524262615583
vn -0.1394126016048871 0.6844167582453873 0.7156380562453564
v 94.1974478663487673 28.8182932481304661 -3.9485630100896532
vn 0.0483722208809445 0.9984335915152449 0.0281156821189547
v 90.2926876746277429 28.7728281087659425 -1.7970806197855596
vn 0.0616457249399383 0.9978783113801990 -0.0209446955965494
v 90.1881429477858774 28.7723497315600021 1.5543223230256316
vn 0.0374015267832793 0.9980717464897061 -0.0495370028692465
v 91.1156265803337817 28.7821248883735699 2.7677506578105406
vn -0.0012177831778470 0.9986033298879040 -0.0528195658910760
v 93.7560093450455412 28.7789145100113757 3.5579832435279020
vn 0.0154787573029966 0.9982899067894578 0.0563708264499508
v 92.4555583828180545 28.7847025843963316 -3.4481587401357441
vn -0.0317569777091873 0.9984256091435270 -0.0462363209301474
v 95.6095015573850020 28.7809861500899444 2.8066811686939892
vn -0.0465116795274194 0.9984373700780983 -0.0309755015951200
v 96.5802568345378205 28.7748652941310752 1.7027940485931312
vn -0.0612977198589696 0.9981174355770742 -0.0020431194620336
v 97.0310820612957485 28.7661239851543975 -0.0000931667865789
vn -0.0548009644412097 0.9980573293047625 0.0296381800615029
v 96.6186530821738216 28.7810839529603371 -1.7450158895807286
vn -0.0183673263877935 0.9985188679938610 0.0512124162837745
v 94.8318754329591229 28.7716564326243720 -3.3500794877570628
vn 0.7707137983107766 0.5385974273586290 0.3404600598249993
v 91.0503419410614043 28.7484334557364889 -0.9620780262044507
vn 0.2146988720189552 0.7943728768244559 0.5682218993662826
v 92.4571972842417864 28.7482928942049831 -2.3587836219866030
vn -0.2612856265980437 0.5251521667689049 0.8099043295792362
v 94.1087241750072536 28.7482931514376503 -2.4914997679800961
vn 0.5219136884924089 0.7990774338435193 -0.2984650004377483
v 91.2038898427805407 28.7487408281439585 1.2657058910323586
vn -0.5767289458847966 0.6945595713900190 0.4300822302410605
v 95.4956460864350873 28.7482927230594143 -1.5850989237448945
vn 0.1570459588161921 0.6968703408659075 -0.6997916081526963
v 93.1485158081113838 28.7498735165366455 2.6000193969889982
vn -0.7085891274111595 0.7050213249340344 0.0290926090777427
v 96.0106950393102210 28.7482929124142963 -0.2538352217286385
vn -0.5071614354006913 0.8280239464780681 -0.2390891517848435
v 95.7917910510461468 28.7482927834460718 1.0928096074023081
vn -0.3880111620275232 0.6954954923945570 -0.6047589256893227
v 94.9093034161360549 28.7482929903098388 2.1047405863683188
vn 0.4561917307583258 -0.7017027335009818 0.5472681048489612
v 91.9403930671760747 28.2967427259689615 -2.0859633926795413
vn 0.4567115833516114 -0.8894239289919583 -0.0184283523130046
v 90.8117346492736175 28.2971629773514763 0.1023979553947902
vn 0.4312926513818452 -0.7222812054331397 -0.5406445312236764
v 91.8071072658860317 28.2982920890330902 1.9541822254033214
vn -0.0596405510370451 -0.7186736374187519 -0.6927851092159084
v 93.4743044238220051 28.2982921824196225 2.5858988110393231
vn -0.2966579975691190 -0.8386161021789170 -0.4568556288856698
v 94.8700930527264319 28.2982922135194066 2.1237502391678746
vn -0.7277248194795831 -0.5995906616892672 -0.3330279650846683
v 95.8040732443459859 28.2982920802951945 1.0984776488128036
vn -0.5724612750271764 -0.8033636618286862 0.1639966934040557
v 95.9680900917042692 28.2982923162366085 -0.6349902580846810
vn -0.4440920716331589 -0.7011970934639983 0.5577677545629633
v 95.1632839316697101 28.2982921545784869 -1.9138083315743779
vn -0.0223963259507129 -0.7995856395657079 0.6001343262838807
v 93.7942867243521476 28.2982924706792147 -2.5533869679674202
vn 0.5973906431301276 -0.6232710538399798 0.5046361193432090
v 90.4402312553011285 28.2978456709803048 -2.5751162965404535
vn 0.7950289944471488 -0.5851359385021860 0.1598275053347243
v 89.6179882328570159 28.2982922250239639 -0.6995607626282785
vn 0.2764837005890809 -0.7341943892261260 0.6200930270027580
v 92.1456033875143277 28.2982922561134274 -3.6871862812086134
vn 0.8472205123369310 -0.4622139123312966 -0.2618696292488774
v 89.6704818361298237 28.2982394637151806 1.0957333936236289
vn 0.0007003277201861 -0.5771315731189476 0.8166508781911236
v 93.6804275516850851 28.2982923558686714 -3.9267440950361747
vn 0.5051271968692886 -0.7232836484840452 -0.4708580240567034
v 90.4603959452363284 28.2982921679363457 2.4971358020557659
vn -0.3473817176123992 -0.6148800680594955 0.7079890141603961
v 95.1814149840325996 28.2982922731858118 -3.5279837965871388
vn -0.5426255200755623 -0.7188845993156556 0.4344680400553015
v 96.4476932825446909 28.2985057567458753 -2.5852062309018828
vn -0.7852510541931216 -0.5801535604589958 0.2163391508149686
v 97.1901982704077909 28.2982922697679484 -1.2462303515991131
vn 0.2465049556129891 -0.7361798039484994 -0.6302972339433095
v 91.9168129552709843 28.2987133757425298 3.6220602827745521
vn -0.6764748466369305 -0.7253677902896623 -0.1273709177082195
v 97.3901859738180633 28.2983384793354169 0.6092316311031227
vn -0.2091943636066115 -0.6000986087972584 -0.7720876750439810
v 94.6149962208749997 28.2987696729904847 3.8262828796351922
vn -0.5453071550279992 -0.7314005166959918 -0.4095038349662990
v 96.5565322033379090 28.2982923731157214 2.4412802853639746
vn 0.1924349616379888 -0.2622695154674249 -0.9456127573144663
v 92.6325654105020249 27.2985488746429787 3.8223164153249720
vn 0.5255352712684505 -0.3825775991609817 -0.7598993744391526
v 91.3748351376873984 27.2986515195078496 3.3164416395492293
vn 0.7679128479955443 -0.3175289783734035 -0.5563139453370863
v 90.3786133878182767 27.2985117709588998 2.3949106632455250
vn 0.8395336816623215 -0.4427658055295096 -0.3148676528453066
v 89.7737566275854704 27.2985427024664027 1.2906307163557964
vn 0.9297322265776701 -0.3675676430618144 0.0221814029518084
v 89.5518279132404871 27.2985925471076278 -0.1453177983419842
vn 0.8698124501010700 -0.3530373735189912 0.3446605787553692
v 89.8156472489229429 27.2984252670421519 -1.3780511836003748
vn 0.7007401372189367 -0.4334116325395009 0.5666724070129321
v 90.4868675809343586 27.2986539908866810 -2.5565088694707239
vn 0.5244011243396132 -0.2738977027797685 0.8062155476070375
v 91.3866947743498343 27.2983545591721111 -3.2979911853555701
vn -0.1103410018849536 -0.2573030141951877 0.9600104281668483
v 93.8528177801048855 27.3119091880506843 -3.9300958803114345
vn -0.4055295471026445 -0.4422713796161774 0.7999636324228291
v 95.2752051726632914 27.2983351950027178 -3.4701330597851658
vn -0.6619795417500686 -0.3693364035232476 0.6522067979842606
v 96.2555223797635904 27.3001581486721498 -2.7814824162012068
vn -0.8687942046340172 -0.3080385597208466 0.3876968863938058
v 97.1013239726810582 27.2985389071280942 -1.5183842721260838
vn -0.9286995853471967 -0.3695976540194644 0.0302432524582438
v 97.4178193225389037 27.2941493825693051 0.0920722241508831
vn -0.8533967994995891 -0.3864081486219420 -0.3498608941885637
v 97.0791233695657496 27.2983122646381702 1.4966325694276337
vn -0.6661323000391972 -0.2562048051483521 -0.7004476116479975
v 96.2972084959234422 27.3008616532369643 2.7496439227909772
vn -0.3237382590166279 -0.7408610732923062 -0.5884882409437376
v 95.1942475210004346 27.1066683941940525 3.5979966393392795
vn -0.0017059563697414 -0.8261056049663152 -0.5635127497724456
v 93.6732627264096891 27.1026381283801356 3.9809075099076567
vn 0.9132167457053921 0.0998158248017024 -0.3950594594265637
v 70.1171930754638737 30.0980187281597154 8.2274281348131151
vn 0.9734912069344394 0.1575235182153137 -0.1658348914746173
v 70.1286735949776414 29.7073555785840817 8.1234053772072787
vn 0.3943302288722971 0.0225929838012358 -0.9186910403832612
v 70.5588178421471781 29.1097819843737682 8.9804750037383947
vn 0.4741304178894117 -0.0493635001124963 0.8790697308454294
v 70.6590605183072000 29.0725259099143045 7.1785821364418059
vn -0.7109114443116586 0.1548475312224150 0.6860227113011891
v 71.7216865752957631 29.7820226255186959 7.3478181377807505
vn 0.1605692918109674 -0.0504346985034991 0.9857351793023243
v 70.9330574197267367 29.5456142505137898 7.1105278132561054
vn -0.8927818725998536 -0.2690315919403998 0.3613343749148606
v 71.7645393742060662 29.3108066829555156 7.5007020346763005
vn 0.9481378927044727 -0.3178513077312695 -0.0022544603442336
v 70.0752611365548717 29.3714127484666250 8.1352374341555134
vn 0.1941044537392469 0.0348031510949977 -0.9803633008800602
v 70.9715395405135610 29.9923374633971456 8.9958788634968059
vn 0.6344719577988636 0.7727582334254183 -0.0170307791983779
v 70.0004232017848125 30.4924563228344851 8.2440957372126462
vn -0.8890613790354340 -0.0061807477486534 -0.4577462863474481
v 71.8253564811897434 30.0308346609924826 8.2851033311062263
vn -0.7275938513159539 -0.0160790954523790 -0.6858196922053572
v 71.7533668678226348 29.1952579235346015 8.7327779621908181
vn -0.9470552325496889 -0.1760447172708320 -0.2685044581031893
v 71.7312022508547926 29.5217399683116959 8.3963146019833541
vn 0.0982869804133793 -0.0720316842640603 0.9925477852190809
v 70.7337218506816043 28.7029145379912904 7.1689252336257718
vn 0.0247773958250613 0.2245964142628016 -0.9741368134694532
v 70.7743304396634585 28.8193197428043888 8.8576888184733882
vn -0.8282089975603166 -0.0497245579957520 0.5582090331517957
v 71.7852176629743468 27.4852924263289715 7.6066821330927228
vn -0.0745704109743839 -0.0281734557350103 0.9968176915560132
v 71.0666734767482637 27.4520270771847343 7.1419536439621352
vn 0.3468222382676758 -0.1266237247163366 0.9293442674176029
v 70.5947382308757199 27.9249861366499097 7.1808896719305597
vn 0.6394017284448865 0.0722224983880436 0.7654732786899101
v 70.4676124662240966 28.2823795229316524 7.2296825846068291
vn 0.3500210944166171 -0.7143044659655697 -0.6060151511018810
v 70.6916913503912809 27.1122601819365912 8.9181357358062190
vn 0.2398514637066602 -0.0525693539129082 -0.9693852373473365
v 70.7700509381136413 28.5244434134060647 8.8691607559239944
vn -0.9978990275153973 0.0429518792912087 -0.0485042982546692
v 71.8559894697226156 28.9863118744556907 7.9595914332123767
vn 0.9438920920693783 -0.1076305742396206 -0.3122232823121007
v 70.1028082537340396 27.5515265584055022 8.3992299678508306
vn -0.6631282565532894 -0.1476455639646380 -0.7337994976845915
v 71.6898968482174581 28.6756422068983490 8.5413243300611565
vn -0.9987071257445409 0.0456441115659390 -0.0223761494997175
v 72.0363057503478217 27.9192032761505580 7.9921623913421769
vn 0.8752665089934393 0.0684163658600105 -0.4787773377228154
v 70.1615611373611614 28.1333136986601744 8.4946707066589813
vn -0.4284944771391866 0.0530799944732018 -0.9019839229431642
v 71.3237319719374057 28.1854415079105998 8.7933185194568235
vn -0.0300645769479670 -0.0789693707376301 -0.9964235844751180
v 70.8617248902898780 27.6757334302976581 8.8800543705133208
vn 0.7880895178824106 -0.0422325902962610 0.6141101856513518
v 70.2175928351379355 27.6190934160274786 7.4276484316184170
vn 0.8513692930482718 0.3858313065389077 0.3553934857998463
v 70.1487503878338998 27.2409104024878346 7.6794889498614811
vn -0.5127109481202465 -0.2364146840877996 -0.8253699660305696
v 71.5702760747479516 30.0915007498509190 -7.3080335180020173
vn 0.9697565845323196 -0.1797636396874647 0.1650975487477793
v 70.1803236457362232 30.1634151478836792 -8.1014328270806484
vn -0.9673220163118067 -0.2059081743367548 0.1479524940640256
v 71.8583401137358351 30.1579248097451291 -8.1526585387586223
vn -0.9445256514948071 0.1432851561815147 -0.2955345287548465
v 71.9344288448321834 29.7002208136809074 -7.7587650906436476
vn 0.8323944120267518 0.0410089836883302 -0.5526642797245797
v 70.1757376199167595 29.0484196710396816 -7.5628960430880872
vn 0.5239139094295620 -0.2513058544026449 -0.8138547677867283
v 70.5276483477439911 29.9825034535101054 -7.1157742140277209
vn -0.7770390787364339 -0.1150978899203838 -0.6188398386111785
v 71.6933037682796339 29.2376928758822849 -7.3592448387971388
vn -0.3458626288213074 -0.1526066335610251 0.9257916922169834
v 71.3616628494118146 30.1694399581559978 -8.7988277444937228
vn 0.8106799824218652 -0.0207974629744146 0.5851200147271601
v 70.2383671726072549 28.6883769673851710 -8.5059524166525886
vn 0.9638424045095509 -0.2405585247508194 0.1146272892419456
v 69.9266351298795712 29.9083992747953786 -8.1820680331720652
vn 0.9819616379240301 0.0318195664676045 -0.1863836281312536
v 70.1059053477118539 29.5820069085162913 -7.8365070505882617
vn 0.4063490421463042 -0.1837769148433706 0.8950455304158741
v 70.5973844526237571 29.9406624012473834 -8.7743832697907500
vn 0.2436710604082964 -0.6804164706403675 0.6911279482127766
v 70.4836062206682783 27.1034352257931950 -8.8753444125445409
vn 0.6398752866500929 0.0926293038864912 -0.7628757628840790
v 70.4005817334175390 27.4260638034594137 -7.3376908484780135
vn -0.6002496163683125 0.0853402211961028 0.7952467822606352
v 71.5259839943675217 27.9952937132320976 -8.7023375802138094
vn -0.9897942749116169 -0.1081690287750511 0.0927725959863622
v 71.9158570181403434 28.2554811134143655 -8.0878404382955775
vn -0.1776602834202291 -0.0616182332363952 -0.9821608916200385
v 70.9996423371921708 27.6614351782166423 -7.1144562647043106
vn -0.1311483021591114 0.1148797682855958 -0.9846840923257724
v 71.2628506741075824 28.9674216457126441 -7.1624585436871113
vn 0.7480379326266240 -0.0173311083572327 -0.6634296375915053
v 70.2158582998567198 27.9154779087820621 -7.4791804996651026
vn 0.9695039305017669 -0.0595708939269788 0.2377255504533873
v 70.1793041713863204 27.5231264458178906 -8.3089574348207034
vn 0.1146781463052106 -0.1002327913793220 0.9883330968313819
v 70.9741078742946456 27.6324419700629456 -8.8764539348288380
vn -0.9969445690024146 0.0766398281993202 -0.0150951339897467
v 71.8821555524835247 29.0366308483038331 -7.9635180911795489
vn -0.9525008638652602 0.0437676260435908 -0.3013743506777599
v 71.9433111630626740 27.8579128597859977 -7.8603505760559020
vn -0.9897112467690331 -0.1033306047730553 -0.0989668335156827
v 71.9005340779173565 27.4446329470381087 -7.8288965988505277
vn -0.1901994453366863 -0.0183979759245539 0.9815730668042477
v 71.0157929006846445 28.4597079610159227 -8.8716458668372198
vn -0.5487222285436739 0.0311714515544494 -0.8354233995466327
v 101.5987583291042284 30.2236761221398567 8.6308217180558398
vn -0.0663272922592036 0.1257197700812190 0.9898460636443869
v 101.1123123270902511 30.0178634835364413 7.1119045071858507
vn 0.9834177033732246 0.1153480525145098 0.1399444442385697
v 100.0581605190717482 29.5846725548913057 7.9164612103287286
vn 0.0367156553888889 -0.0367250090474384 0.9986507068839583
v 100.9198735768717228 29.3645094245038578 7.0010239134251178
vn 0.6925143075220109 -0.0622262137396524 -0.7187154041767413
v 100.3294952273527656 30.3001146092832592 8.6101123528774490
vn 0.6442764190479885 0.0283945684154332 0.7642654279392742
v 100.5573604706495559 29.0744112093274261 7.2742587207385165
vn 0.8873359315360890 -0.1201276466989359 0.4452014073467835
v 100.1530567381369679 30.3131808081380925 7.5950215860095218
vn 0.3964273048030032 0.0599061843516374 -0.9161095136953085
v 100.6156824884059660 29.7499490121861818 8.8443903590454322
vn -0.9146487424239585 -0.0840397971509885 0.3954174888356506
v 101.8097076828054526 30.1841250662838441 7.5674646171466708
vn 0.9996913858546219 -0.0232845977303682 0.0086579764726259
v 100.1415766661349807 29.1190270264723061 7.8697811862455378
vn -0.7472765574897293 -0.0362191582070517 -0.6635253719377067
v 101.6430699933357147 29.8589108574712725 8.6057761208172536
vn -0.5225200082864098 -0.0260237832441804 -0.8522297833601160
v 101.4868947174706051 29.1120911079579514 8.7364544015535692
vn 0.9513060749681734 0.2518253754727390 0.1777659472358589
v 100.0933189131766881 27.3638763745307223 7.9324517158170957
vn 0.6636010441389260 -0.0402129520063944 -0.7470050687302319
v 100.2910138478627289 27.6958911405764638 8.6483909878809300
vn -0.3877085685543622 0.0015644973181184 -0.9217806779368232
v 101.1847531614660198 27.7694151116327994 8.9383481875933750
vn -0.9529864291660057 -0.0282115874584364 -0.3016968215916442
v 101.8541582747710521 28.0048309748632143 8.2377328460293811
vn -0.1349859687225395 0.0307301286329367 -0.9903708635870911
v 101.1523551359043438 28.6471430652577403 8.9738183335620523
vn 0.8520836315401258 -0.1255842808475540 -0.5081162005539618
v 100.2395319754621283 28.0523090686002838 8.5176675939365118
vn 0.9866762618010095 0.0804844112091859 -0.1413938257163166
v 100.0738094750910960 28.3783152456112262 8.1833010220639579
vn -0.7904962495577922 0.0503312534650414 0.6103953181010666
v 101.7175023295500580 27.4872098469238075 7.4876404881277576
vn 0.0699583778184112 0.0784071771911898 0.9944637449087452
v 100.8930476857268275 27.5220790508233684 7.1349629839390660
vn 0.7228055152929975 -0.0834806081191171 -0.6859906523634901
v 100.3660499543153719 28.9675993622892030 8.5902665370637408
vn -0.9904175576303068 0.1237904419584230 -0.0612289802083646
v 101.9645359916934382 28.8306004281705199 7.9786609515997826
vn 0.9710614615299046 -0.0605512273790319 0.2310263768367125
v 100.1664368511364813 28.7958061552589086 7.8220329449788526
vn 0.9475719290129470 0.0279525477205497 0.3183175999259433
v 100.0923681415755055 27.6861911498399600 7.5693836415657314
vn -0.9873830747557805 0.0607196283649165 -0.1462456509337873
v 101.8179410495637285 27.5735235558089720 8.2241440741647587
vn -0.9986758411047818 0.0349975451972680 -0.0377059176233913
v 101.8464360793764882 28.4899357089983312 7.9076527355723716
vn 0.1433002397970766 -0.9436867352710064 0.2981952161716377
v 100.6263440915494698 27.0987164779112355 7.0049999525516560
vn 0.3950992269030272 -0.8499913115277108 -0.3484413454629523
v 100.4429675922117582 27.1253760730552074 8.8236243630134013
vn 0.9167181227752040 -0.2443145460812530 -0.3161301724742786
v 100.1304724083153275 30.4355795885880731 -7.4868456193851456
vn -0.9569649769209951 0.0964480584206730 -0.2737075172030937
v 101.8144660944706743 30.0399091978392576 -7.8223028019155789
vn -0.9874881209942465 -0.1576774788081545 -0.0022413326295648
v 101.8553845360265910 29.3551778030616575 -8.0115650615805247
vn 0.8874085317511706 -0.2723170789738505 -0.3719536345761139
v 100.1054659705427952 29.5015954393078239 -7.7363188990162621
vn 0.9768477807196079 0.2057387593113397 0.0586513104730608
v 99.9457252021610572 29.0119937584624168 -8.1720431417950863
vn 0.0900352496237373 -0.0190363863044569 0.9957566318240912
v 100.9637849555977311 30.1880778124272666 -8.8873647174449886
vn -0.3480392291870641 -0.0540114175445493 0.9359227861964375
v 101.3417880455269113 29.1833260052267462 -8.8406794608428481
vn -0.6830028639319126 0.0585281643646433 0.7280669899376777
v 101.6433387163253030 29.7155458230005536 -8.6056138940424116
vn 0.6717603375499068 -0.0571852548070600 0.7385579838628020
v 100.4053914741493685 30.0169999571924322 -8.6788064859892682
vn 0.4168840308324546 0.0712948646091200 -0.9061593387022242
v 100.6933474873385563 29.3509103117571577 -7.1456143586849317
vn -0.3073985946207213 -0.0256550147003840 -0.9512349469221201
v 101.2315735869452880 30.0605877612245500 -7.0731727247054987
vn 0.4737355418216908 -0.0361559062871242 0.8799246483963645
v 100.6177008358067724 28.8165811954999711 -8.7905973308702805
vn 0.4990315628137900 0.2508174543755071 -0.8294926786272541
v 100.4108226899978717 30.0528535119384621 -7.3133660415187123
vn 0.9837295781420263 0.1162142316369526 0.1370049979144691
v 99.9120795694901744 28.0931891366988857 -8.1499495484229385
vn 0.3485160261250798 -0.0169546894982837 0.9371494640867055
v 100.6659839698970700 28.2582041489762155 -8.9025324372258634
vn -0.9850045153901350 0.1712994508342854 -0.0205573053904847
v 101.8642471203203854 27.6409364776387569 -8.0261576860572568
vn 0.8408030636542309 -0.2867644708893228 -0.4591474124779821
v 100.1281930122322308 27.6001700295594894 -7.7693227985391200
vn 0.3697430346450042 0.0498859954121169 0.9277938757036744
v 100.7231577891960939 27.6359240704389073 -8.8054165628553225
vn 0.9644767295918092 -0.1566017120256942 -0.2127452511021330
v 100.1092751143479802 28.4632893776181604 -7.8767933552812348
vn -0.8269875811598825 0.0485260430069357 0.5601220971872255
v 101.7196183803510792 28.3094880672291964 -8.5021970336792876
vn 0.9939043436159976 -0.1097499111252340 -0.0104457048233384
v 100.1035313888941971 27.7695528424827565 -8.1427512279011811
vn -0.6517060340022144 0.1927495063061601 -0.7335713142318449
v 101.6740827379149437 27.4115545383587502 -7.3536825293609818
vn -0.5975625734546247 -0.0615149347293613 -0.7994591194123242
v 101.6004579907425978 28.7697289058109220 -7.2982684630143959
vn 0.3540027825907353 -0.1682993047105373 -0.9199768333778662
v 100.6694954465215091 27.7858446425602459 -7.1050373769901904
vn 0.3817836778141078 0.1520334244660545 -0.9116617032648996
v 100.6078873101654096 27.3352252534539382 -7.1160281992061183
vn 0.4231296545170656 -0.7728271020958311 0.4729688845309262
v 100.2494430518526656 27.1299842630344159 -8.5980015858300742
vn -0.3145207997493125 -0.5507534415552499 0.7731411987082959
v 92.3823155821721684 27.5982932337366798 9.0020317396289595
vn -0.6604132622514826 -0.3659749098830390 0.6556803248370779
v 93.1627019205674856 27.4463738820383583 9.4805622731475925
vn 0.4933511838172084 0.8070153719057804 0.3245470673630155
v 92.3968832304360603 52.5719753218799539 -0.6575048913840734
vn -0.9397296942894424 -0.0528031128703698 -0.3378164189939120
v 94.5716667746460189 52.2440081256590574 0.4668286069354646
vn 0.8308984077010730 0.1811680249579996 0.5261045360122254
v 92.5285147647341546 51.6821165885267888 -0.6108741501194649
vn 0.9739926586081590 -0.0697353903470988 -0.2155812522241857
v 92.2918934035263590 51.9922297199499184 0.1160772864249146
vn 0.3221537767856484 0.0161577944028498 -0.9465494544833766
v 93.1357881605709110 51.9448848888404626 1.0381842990468386
vn -0.5289400573774540 -0.0270137903819232 -0.8482291381641738
v 94.1467788962011127 51.7668974429227333 0.9943911285645640
vn -0.8838654935620204 -0.0694325734669207 0.4625590849092974
v 94.4675786964274806 52.0893576691572235 -0.3696616224272857
vn -0.2994205642926662 -0.0666264263456801 0.9517921227826299
v 93.7451858653755181 52.1438935003165014 -0.9908959267335177
vn 0.9107881575295027 0.0423341419837998 0.4106978847358594
v 92.5031796203751639 51.3269279652303894 -0.5226817953882905
vn 0.2455226218593908 0.0534463746849693 -0.9679163843991507
v 93.1941231828475054 51.5619477859558515 1.0665712141574952
vn 0.3737400012661042 -0.0184040846727109 0.9273509050628960
v 93.0069201693414271 50.6409922189998483 -1.0564918545772994
vn 0.8515796493845810 0.0086481531031206 -0.5241538993482154
v 92.5030921813147557 51.1609044257932553 0.4985310893937765
vn -0.0788655536284017 0.0378158495927524 -0.9961677499148746
v 93.4629202959742429 51.1282289227304005 1.1645931889085728
vn 0.8803431442498026 -0.2339993938288975 -0.4126017838789354
v 92.5380821286701831 50.6039748815901689 0.5989610140646986
vn -0.6495700479456947 -0.1067767403083648 0.7527665511570953
v 94.2353983642284021 50.7519127543284370 -0.7483065122874879
vn 0.0847023357825592 0.0693433400552340 0.9939904504083340
v 93.2628853394102748 49.7615007668400509 -1.1171595227898430
vn -0.5560636084902500 0.3321035704577595 -0.7619058221342123
v 93.8108148599289393 50.1455646150486771 0.9962228659968991
vn -0.8908684136414636 0.0901325654216455 -0.4452298173151196
v 94.4663038694851878 50.2140780807721328 0.3680223831230315
vn -0.5002627594608372 -0.1034576409597048 0.8596706857999064
v 93.8937168550021966 50.5078585559654840 -1.1321692162345085
vn -0.7733998457145113 0.0839082207771149 0.6283407428575591
v 94.3446707976677601 50.2684844148826073 -0.6013736666031008
vn 0.9377633652770311 0.1312308314850972 -0.3215250217510728
v 92.4384633113098602 49.8397786372225369 0.4851219596995391
vn -0.1087528317309817 0.0305108126575431 -0.9936004790163243
v 93.4342007181413834 49.4432733237273467 1.1495731243388942
vn -0.7182181600506484 0.0442840484379800 -0.6944073715243838
v 94.2711512443516995 49.8407263033600216 0.7954931183704030
vn -0.8790708946891028 0.0982406709062569 0.4664580717389172
v 94.4547860796325836 49.8093238559894189 -0.4565463722448695
vn 0.4061759058265080 -0.8648746039218391 -0.2949797501813603
v 70.0818892124404016 45.5979644984137806 -4.4599303345665415
vn 0.9895795732687677 0.0602265489796777 -0.1307862032754311
v 69.8198760235768390 45.9269059706640093 -4.9035841936382383
vn 0.3515564091626457 -0.1745109056566526 0.9197575957737785
v 70.2402715362173211 46.0924911426705819 -5.5590068492957281
vn -0.4769024411571728 -0.1338119629560468 0.8687107805179920
v 70.8780847128275724 46.3206931875523722 -5.5344220241285367
vn -0.9527824308500051 -0.2099154873379341 -0.2194108649069887
v 71.2730493143414776 46.0688958915556981 -4.8669544661210145
vn 0.9533559086897785 0.0007095675224369 0.3018476567413069
v 69.8641297026195360 47.0180393609291301 -5.0454575343365295
vn 0.7648749264306263 -0.1726840999261933 0.6206017632511404
v 69.9972442927818435 47.4859188889234289 -5.2937729406016558
vn 0.0987906990699366 -0.0444328698735730 0.9941157467076314
v 70.4636540866048193 47.7064106964936059 -5.5915292561756686
vn -0.9981315607055532 0.0609957743010559 -0.0035920803041249
v 71.3044405018658978 47.5897668961233506 -4.7967999125221805
vn -0.6004249540862994 -0.1094969399894261 0.7921491618649971
v 71.0502453597329122 48.5819579187581567 -5.5152032727102345
vn -0.9151919092968678 -0.0508480383335559 -0.3997977565659706
v 71.2920325621214488 48.3181442190083743 -4.6115712760222340
vn -0.8465699988563935 -0.4830600683193358 0.2235446430393819
v 71.2806284720651036 49.2422759018172513 -4.9207944332687799
vn 0.1685591922421470 -0.8117720122044352 -0.5591189488044896
v 74.0053749532877134 45.5982931035076859 9.0680483936240126
vn 0.4107490975840030 -0.9045367434910837 0.1144484971874788
v 73.3235642981129274 45.6080615543725187 8.2586405189853540
vn -0.1417624482661139 -0.8141860994294391 0.5630314411802180
v 74.2612274274698052 45.6557058397715707 7.7456892610450438
vn 0.8917034839160568 0.0377035912378560 -0.4510469332339322
v 73.4083379019156297 46.2013092068198574 8.7206226751121427
vn -0.8062865265170622 -0.0306407631982498 -0.5907310562241327
v 74.7223642689660608 46.4196383653898295 8.6988217181275775
vn 0.9958783890057991 0.0052562942578421 -0.0905461522202319
v 73.4248287192846618 46.8055372455141878 8.4483402521973190
vn 0.6758439186906977 0.1109227219498647 -0.7286502228943833
v 73.5406677040377303 47.3521565174827828 8.8645992507067088
vn -0.4358079024254167 0.1966554555629739 -0.8782927211248409
v 74.2780196739250727 47.8855581474656162 9.0645426998247629
vn 0.9175542306830107 -0.0875350555682262 -0.3878554470448701
v 73.3223704071020563 48.4014186167658167 8.5597000236128817
vn 0.6199719210359690 0.1133805978273077 0.7763888569288541
v 73.6969921790562239 48.4029181595937672 7.8233631821343756
vn -0.1319103433642528 -0.6792211364533759 0.7219822083046850
v 74.1747507621070241 49.3779778381689596 7.7102847306815123
vn -0.6430877206367612 -0.6815532955255134 -0.3491751550791194
v 74.7382396266785349 49.3193287929192437 8.6882149661060364
vn 0.0687213415713993 -0.5397293866108286 -0.8390289425528334
v 74.0580313011061975 49.2656684914201790 9.0771444513486514
vn 0.2925351221235912 0.0411306454879574 0.9553698091974016
v 70.5263163007817013 49.6244234364740322 -8.8062056179688994
vn 0.4700739057237263 0.5100100526554505 0.7203612075535619
v 70.5279296759319578 50.1064981732132111 -8.7141593480343875
vn 0.5428039823463383 0.8195572087254046 -0.1835478639896953
v 70.1772832238496278 50.0984914260240686 -7.7132206002721571
vn -0.1516335162739708 0.8800226033184920 -0.4500749875197860
v 71.3932195480874725 50.0982289000708150 -7.1925935522622551
vn -0.5944893963870159 0.0543732773468716 -0.8022629894828514
v 71.6074486756922255 49.5775121406878512 -7.3548452069038568
vn -0.2124053687635193 0.1585741880743134 0.9642293224109115
v 71.2196245529345049 49.7066616160648991 -8.8666593380307699
vn 0.2147033528278764 0.0465737599444403 -0.9755682216888298
v 70.7126659602410967 49.2571507365955767 -7.1700729687856803
vn -0.7864699270055634 0.1241700451285750 -0.6050180607292904
v 71.7701566550892807 49.0288616122612027 -7.4862711203064807
vn -0.8914691580080359 0.2083784053681944 0.4023197490760951
v 71.7574872114493303 49.4991790924234323 -8.3246480329020596
vn 0.5848316873654397 -0.0407943226584403 -0.8101282125022753
v 70.3206981373174358 48.7610419450621748 -7.3898303774314460
vn 0.8872477126247467 -0.0294645532142971 0.4603513186100773
v 70.1813169972013640 48.6311944762283517 -8.4677454330317339
vn 0.9729893858560104 0.0216909761015437 -0.2298285373214256
v 70.0417640544712015 48.3520559003443680 -7.8524221944379713
vn 0.0905553199254319 0.0210692118008125 -0.9956685303590224
v 70.9858412531212650 48.5904170160949462 -6.9903050923444248
vn -0.2177865922472775 0.0440028349349273 0.9750039747380559
v 71.2134269939883495 48.2464645001791226 -8.8900842283708919
vn 0.7034915879166270 0.0334933393228206 -0.7099139257343450
v 70.3344824878341086 48.0225382096111204 -7.4533058568268213
vn -0.2461077166253642 0.0910692870378742 -0.9649545982976933
v 71.1126681240625800 48.0707198629424752 -7.1229367235702616
vn -0.2125528176646955 -0.0989568852283837 0.9721259355498624
v 71.1903761694924668 47.2715087287991906 -8.8890995016781904
vn 0.9975340696864557 0.0348818667788882 0.0609018487797970
v 70.1194759959114435 47.6460687383623664 -8.0889903185082037
vn 0.6185249190825256 0.0024570492199767 -0.7857613425099798
v 70.4464155593353212 47.5870670904453377 -7.2744247283363652
vn -0.4451124673932866 -0.0275124162331087 -0.8950519305180435
v 71.3538305703669664 47.5174098056419965 -7.2234580153858579
vn 0.5531221702337922 0.0069025189490734 -0.8330715575675463
v 70.4559794216085322 47.0788415626069963 -7.3274167139858593
vn 0.9750934444185693 -0.0404226884652914 -0.2180797581371743
v 70.0369517847261278 46.8480242895238206 -7.7783916891284388
vn 0.8203878405738426 0.0391971575262968 -0.5704624210940156
v 70.2316723856139760 46.5625779428022781 -7.3996471100383250
vn -0.6072840763685341 0.0108163103832087 -0.7944111391583771
v 71.4592304935925569 46.4057145274442249 -7.2714717368230408
vn -0.4985522420064681 0.0147670245250541 0.8667338674454809
v 71.3660432488576504 46.4458544828818063 -8.7690187652984353
vn 0.4102799771920714 -0.9057736497693515 -0.1060397835662702
v 69.9241234706261281 45.6149928613555673 -7.8601031858806998
vn 0.0232124508535850 -0.8648962010563118 -0.5014137448492310
v 70.7135261529815580 45.6254409763834659 -7.0722309572172213
vn -0.7793029400654850 -0.6005612289996387 -0.1789221557765683
v 71.7354575648075894 45.6175134977445893 -7.7904544958664266
vn -0.0884456589657248 -0.8310958508223544 0.5490510469491754
v 71.2135043260415443 45.6083082450762589 -8.9081451812868284
vn -0.2968996379998471 0.8544144069100041 0.4264113345353118
v 71.3889521708962747 50.0982185279242032 7.2268953316172695
vn 0.5224145057950953 0.7324305169808553 0.4366103777168188
v 70.2399745305465615 50.0981595359443759 7.5029247860494266
vn 0.9464735004811226 0.1294789426946478 -0.2956740033984837
v 70.1442960365922374 49.7278267730000110 8.4284281805547163
vn 0.4073895971052248 0.4939703197470173 -0.7681321757220382
v 70.4557229829432714 50.0982935954769459 8.7196661706310916
vn 0.4914731911623944 0.0159579041629753 -0.8707464887459369
v 70.5638883053272963 49.6359372123678213 8.8435604152969720
vn -0.4267345354674391 -0.1640285985724701 -0.8893774536661813
v 71.4999505405015157 49.8654485581565012 8.7691131691256192
vn -0.3315461770069660 0.8863455940925321 -0.3232160583028356
v 71.5432363768676680 50.0983736747523736 8.6728747800340820
vn -0.9963043761185004 -0.0244796464310511 0.0823306567308692
v 71.8700474314157134 49.3066801929964740 7.8764242548481693
vn -0.3546697360169533 -0.0990347355505938 0.9297319503534816
v 71.3235618201623822 49.8667545535237835 7.1945752601981647
vn -0.3070709257914271 -0.0657052661344243 0.9494157490455909
v 71.3156201047722504 49.3389609517393808 7.1315026821029495
vn 0.9937441821459483 -0.0698920168318170 -0.0871068678937622
v 70.1166615511321538 49.1215528170905742 8.2288577075977827
vn -0.6663404671690794 0.0196286899345148 -0.7453892247305081
v 71.4699044768807568 48.9602465097428308 8.7413163927951381
vn -0.1409566697279132 0.0371527714883443 0.9893183960838648
v 71.1559500931081317 48.7807244068127233 7.1145328546823929
vn 0.8814562369417491 0.0528417947701759 0.4693001673576917
v 70.2226395614681991 48.1520205136692852 7.4804084877383632
vn 0.9111470942113588 0.0997390804935414 -0.3998288240391131
v 70.1221170953557618 47.8998867965001622 8.4094683086889770
vn 0.0189368845871522 0.0731231826104386 -0.9971431163915506
v 70.8620558245095680 48.1586298260686760 8.9590099309162365
vn 0.0925863012409458 0.0159148173135515 -0.9955774683129371
v 70.9974917844645717 47.7480802080375497 8.8769411614598361
vn 0.4665581307873944 -0.1898119747712056 0.8638836292172850
v 70.5556830668688377 47.1597774014049236 7.2223358491557628
vn -0.9993190066104813 -0.0185758463226072 -0.0318819848886448
v 71.8617802781520254 47.3872619926839675 8.1411129390011023
vn -0.3683410192027048 0.0547557495371706 0.9280768833805394
v 71.4537524076904305 47.5437262084414982 7.1968979471121868
vn 0.8587808061545879 0.1530877531362162 -0.4889372831153103
v 70.1201115687298682 46.5777686657576666 8.3853277329915059
vn -0.7802172679970463 0.0910374910904635 -0.6188482769913632
v 71.7016339862173169 46.7732252938637885 8.5835078284143869
vn -0.5637065309472190 -0.0750443654966453 0.8225589888723228
v 71.4789768006513384 47.0151231213688661 7.2193280954569836
vn 0.7430923996923379 0.0985364191662820 0.6618944474894538
v 70.3585496089696676 46.2553284557468558 7.3911401901366229
vn 0.6119921307888306 -0.2186949946007213 -0.7600250858946285
v 70.4066256100589669 46.0709078555640303 8.6361378596445455
vn 0.1084707647470350 -0.7319572610196212 -0.6726608813033856
v 70.6590997242690122 45.6331795126396571 8.8421584792549606
vn -0.5602184848446571 0.0618257587474082 0.8260343968586683
v 71.6182868265741490 45.9737526099991385 7.4105976343329161
vn 0.6051566310773692 -0.7230156893421691 0.3332172937111114
v 97.3494127436684096 45.5980459118081995 -8.6715118486850127
vn -0.1164631599601106 -0.8142340112503648 0.5687348303869270
v 98.0390962192181235 45.5982932485902595 -9.0523446693669793
vn 0.9951009020380781 -0.0855775052426764 -0.0495043973748074
v 97.2502395377164959 45.9160190707707159 -8.2884465193665573
vn 0.4052847054172155 -0.0194732362479463 0.9139830964656362
v 97.7629035026292996 46.0161808466965638 -9.0637348155151063
vn 0.9890633732889896 -0.0272878142145976 -0.1449448819848233
v 97.3298023506880412 46.5380908058603850 -8.2406435003791056
vn 0.4281226582729230 -0.1004155746866846 -0.8981245469497361
v 97.6077461507680084 46.0465607733192783 -7.7833033922077366
vn -0.3132518107533200 -0.0698514057789397 0.9470977162734963
v 98.0352768920241857 47.2305468816968812 -9.0720642373868632
vn 0.9678157460283482 0.0615233367002382 -0.2440236889747816
v 97.3138547711986490 47.0966517793221513 -8.1905476735381981
vn 0.8219943650304460 -0.0809185886780842 0.5637175231128981
v 97.4013041850464703 47.6926107903583869 -8.8966570371952205
vn -0.5990948564149178 0.0512729419828605 0.7990346916358585
v 98.5099582698962024 47.6596831800825882 -8.8698154826288569
vn 0.9542906891857981 0.0564691067010708 -0.2934970536848334
v 97.3861394025888671 47.9633309360024498 -8.1027195809046120
vn 0.2515439305400652 0.0291646025401932 0.9674063659947290
v 97.8645064016526760 48.0997183269978166 -9.1176690954396058
vn 0.9573239681420731 -0.0251178049109712 0.2879234549271201
v 97.2582928895981098 48.4768906351597053 -8.5403202389693345
vn 0.3102724400127563 -0.0648609089516289 -0.9484324306235521
v 97.9539991434763095 48.6305232306047301 -7.6481858599329984
vn 0.2474517024415503 -0.4636367868973755 0.8507694075331200
v 97.7076617373180341 49.1065636110351988 -9.0359081761440905
vn -0.6869691415221104 -0.2440441317904885 0.6844821840888201
v 98.5029230031216514 49.0359270534361471 -8.9331648103139045
vn -0.0397059477439761 -0.8970317233759649 -0.4401789692510296
v 98.0965834084172457 45.5969445250843606 9.0318291488022595
vn 0.9897043546564571 0.0178349698102815 0.1420112820374214
v 97.3071619730863233 46.1604641694492628 8.2209843505944722
vn 0.5427848259339300 -0.7848851063049984 0.2988979803151315
v 97.3993287993832979 45.6213907103904575 7.8542197556684137
vn -0.5090295380104908 0.1507285236164616 -0.8474490200603387
v 98.2624357679067941 46.0041337993729940 9.0507069536494775
vn 0.4674943387657237 -0.0428083464248365 -0.8829589394181192
v 97.6211494167053075 46.7689055610141082 9.0151707148354578
vn 0.2255745982764990 -0.0237216340426110 0.9739370537620716
v 97.8880609314901164 46.4246633438252303 7.7024715255664038
vn -0.7269204648284279 -0.0400683570762453 0.6855517227568121
v 98.5239645900113601 46.4269155210089863 7.9136686353334547
vn -0.6929822916443207 -0.0300682711743408 -0.7203273162500310
v 98.4038394460696111 46.7942751016286707 8.9761400968369287
vn -0.4195143849313834 0.0097742979740935 0.9076960636329523
v 98.2130358054890991 46.9872928817889317 7.7330185198582475
vn -0.9547945066875070 0.1499607998647765 -0.2566694537791299
v 98.6643755119870463 47.2803531845266463 8.5332462884026761
vn -0.9878940569736137 -0.1031877962833704 -0.1158344115295460
v 98.7129992357026254 47.7993259314391779 8.5203714506202672
vn 0.9038082315743257 0.0166785687785942 0.4276125651591496
v 97.3524893410002079 48.2222540596076641 8.0709729757425137
vn -0.4252222996693469 0.0818516565377982 0.9013802206538207
v 98.2238444292093931 48.1844030467864641 7.7129179051580010
vn -0.6308737114825138 0.0167819582595979 -0.7757040196088010
v 98.3845474221922416 48.2440431184262195 8.9951342063595714
vn -0.1932876413009677 -0.8049675427074304 0.5609519969728868
v 98.1665228063738482 49.4186006788903427 7.7927775101643544
vn 0.1385391184045466 -0.7611576820441662 -0.6335975818584246
v 97.9139976967514940 49.4130634014274364 9.1729570778822289
vn -0.1093972586342320 -0.0221559406862000 0.9937511530034190
v 101.0547776003448490 49.7889074582943749 -8.9061303239846303
vn -0.0162589901343600 0.6198753041126863 0.7845318684355758
v 101.0392925096597878 50.0985848405114140 -8.8241542121981063
vn 0.3826514513777106 0.6845266571698685 0.6204845867403774
v 100.5663048605525063 50.0982933396873236 -8.7067059814952437
vn 0.7284760651059798 0.6844918247392946 -0.0281702756958307
v 100.1159273514097805 50.0984483637434082 -8.0365482381402629
vn -0.0466651606470670 0.8803005606078017 -0.4721157546358453
v 101.0832540403286686 50.0985131350709381 -7.0944199876005518
vn -0.6664595985215260 0.6017625805748035 0.4401288449516571
v 101.7531350925693658 50.0425065222176713 -8.5780243767813005
vn 0.9153323745048275 0.0625560085439166 -0.3978107464340396
v 100.2292610953749517 48.9021467751941188 -7.5915281130268877
vn 0.3145340949633949 -0.0366792666943326 0.9485372604702064
v 100.6472943851577355 48.4907990288980457 -8.8220168778052077
vn 0.8469761920746695 -0.0123938056619987 0.5314863343867884
v 100.2509591165820098 48.8309086711983369 -8.4955040345473272
vn 0.3324165570198123 0.2921132357104891 -0.8967547547361219
v 100.5775965858618690 49.0986752477753683 -7.1701968356604162
vn 0.2309932254015049 0.0078638120682180 0.9729235788479820
v 100.8688143622676279 49.1260144997188206 -8.8384763703848606
vn -0.6273426690825716 -0.0460038934338846 0.7773833142904977
v 101.4832169342625008 49.1255397885879432 -8.6994981524080348
vn 0.4471323869686774 -0.2621547072229093 -0.8551885979154327
v 100.4730735860914592 48.4665596350289718 -7.2460397728480741
vn -0.5058003222259551 -0.0522716070345221 -0.8610654522939292
v 101.4277410068280574 48.4240018448609533 -7.2504179350466824
vn 0.9979236880837847 -0.0609959152856366 -0.0206835944585272
v 100.1392390594339616 47.5139175222499190 -7.8086229145201509
vn -0.2515128029817177 -0.0623661405974514 -0.9658425205193953
v 101.1890644179092362 47.3186870644229387 -7.1830345632182935
vn -0.8080283374051305 -0.0212044108494936 0.5887619034132783
v 101.7085361607876308 47.8653462059405612 -8.4782995162404706
vn -0.0874643465460447 0.1686227788418359 -0.9817924151972914
v 100.8747446286846383 46.9278554005086832 -7.0668332990441058
vn -0.8924405162017776 0.1346421598445290 -0.4306058683226522
v 101.8449146274614492 46.7742203571674580 -7.6142090415476398
vn 0.8185761493354888 0.0121491379808706 -0.5742695239914837
v 100.2157976305693694 46.6507588099652750 -7.4905091503478678
vn -0.2050957079154944 -0.3050499795109365 -0.9299893873561242
v 101.0386757958477375 46.5550351658708195 -7.1172012855121043
vn 0.4735731146094238 -0.8396036620744958 -0.2660717868362326
v 100.1393203789426991 45.6197199080708700 -7.4385762815953500
vn -0.4268421123238529 -0.6903733623713881 -0.5841150842727273
v 101.3874483997831675 45.6074038207440680 -7.2253695130551980
vn -0.3275237026096922 -0.7932912759237921 0.5132418297177656
v 101.6603660394089417 45.6137724210880435 -8.6883264822907957
vn 0.0546159601986319 0.7377466770949672 0.6728647243888743
v 100.9503807740404113 50.0982710788341024 7.1746309412348612
vn 0.5306732329146063 0.8333874636017242 0.1544385165023436
v 100.2094352309790679 50.0980756604582425 7.5861873638526385
vn 0.3008745722370170 0.8749568647216021 -0.3793744544084856
v 100.3342802177655386 50.0983905086994454 8.5361245853543295
vn -0.6638889249459451 0.4423110907538087 -0.6030028145293297
v 101.5261632637792815 50.1048655650652606 8.6644402833463108
vn -0.3039088845968392 0.9004809718636820 0.3110842477120042
v 101.5811927219013455 50.0981888519332372 7.5157649892585408
vn 0.8678422279212779 -0.1557273233964792 -0.4718038450292674
v 100.2838755745283379 49.6505043168540894 8.5304445729453384
vn -0.3005093038657771 -0.0248558738578527 0.9534549511250484
v 101.1899557367068923 49.8270216799860748 7.2181886567556344
vn -0.9966988499296493 -0.0459422135822559 0.0669381472710223
v 101.8906808508730109 49.1940326868158380 8.0262898823325362
vn -0.9866241744546127 0.1461978999273053 -0.0721034842334235
v 101.9337551389878911 48.7437210595703476 8.0450141365849088
vn -0.4424845257420513 -0.0003963195472311 0.8967760519826835
v 101.3952387665747921 48.9692410857709604 7.1729102890023819
vn 0.9860001292654033 -0.0498286502926716 0.1591252673167238
v 100.2184071558738907 48.2676089511470892 7.8078548951954234
vn 0.5656807036957265 0.0116970825581918 0.8245413996434228
v 100.5343663742262805 47.9323334707446875 7.2636112828043053
vn -0.9264577722371689 0.1597949431736515 -0.3407954993797186
v 101.7313484497457665 48.3314295970596248 8.3503655879743270
vn -0.1840301789205387 -0.0189900635676964 0.9827371320613510
v 101.2339149713677386 48.2857936214038617 7.1038713575856809
vn -0.0410501461214743 -0.0177431175761183 -0.9989995331741079
v 101.0291441887317632 47.4773477967589841 8.7946363757895050
vn 0.8787553814983253 -0.0768418625315543 0.4710459719076411
v 100.0843812880606976 46.9082749745884300 7.6672493871291927
vn -0.9257541161050105 0.2349215365717885 0.2962957781835247
v 101.7925796867066026 47.2438840801277280 7.6832937113377326
vn 0.9927053291489959 0.1113681279845891 0.0461873310377605
v 100.0489987732253923 46.3374257428355278 7.8823880897743512
vn -0.9978888727768824 0.0355210577977002 -0.0543695874640916
v 101.8265855164709848 46.7926219590504928 8.2284997859880438
vn -0.9427963912111421 -0.0764878056530555 0.3244758547344120
v 101.7923602217373968 46.3545780501147320 7.7604568079791942
vn -0.5155845390300884 -0.8173464918593901 -0.2571328360172599
v 101.7618806115621055 45.6011072663529688 8.3732260506685812
vn -0.5011170160071481 -0.1935497104057834 0.8434573171595164
v 101.2431465662835706 45.8481403320814991 7.1010768967062452
vn -0.2975690837395729 0.9515323212160564 0.0777102443927110
v 69.1743011500000051 50.0982933000000017 8.9171571699999994
vn -0.1554546044224504 0.9515300963468741 0.2653758498996618
v 70.0571441700000008 50.0982933000000017 9.8000001900000004
vn -0.2647212501978990 0.9582048930402952 -0.1084713909162127
v 69.1743011500000051 50.0982933000000017 -8.9171571699999994
vn -0.1547714278941962 0.9510017330488811 -0.2676593148866978
v 70.0571441700000008 50.0982933000000017 -9.8000001900000004
vn 0.5865896808743180 0.5603779824652240 -0.5847128039131441
v 90.0857059610475943 50.0982932740268723 3.7100708465392844
vn 0.5076286838349185 0.8184657662650037 -0.2691224791805186
v 89.0265533402832432 50.0983235133541100 2.3563029728972542
vn 0.6765393292685634 0.7314146005607586 -0.0855991707868041
v 88.4936950858777323 50.0982932991538092 0.6638911507830070
vn 0.0277192754928277 0.5551490956733698 -0.8312888326804302
v 93.1959257056867330 50.0982307056530800 5.0178729440636873
vn 0.2060976179807837 0.8588898994952506 -0.4688623597684989
v 91.5187816758664923 50.0983140884140070 4.6305377370669394
vn -0.1313511854037121 0.8220871545049016 -0.5540032278706271
v 94.5914647006130878 50.0982932758899651 4.8941306084643514
vn 0.1364306287733591 0.9334594634507448 0.3317229470910231
v 101.8914565999999979 50.0982933000000017 9.8000001900000004
vn 0.7805712838807594 0.5487770534605874 0.2992527633554263
v 88.6469107520117348 50.0983436504107473 -1.5680503264568064
vn -0.4173518620698650 0.5528766926831180 -0.7212106390747389
v 96.0968847384580869 50.0983787453957490 4.2950353374089154
vn 0.4956920325994900 0.6752736051684929 0.5461638645865657
v 89.9583716429525282 50.0982727523822433 -3.5997688553255047
vn 0.2643781614401389 0.9583184628664428 0.1083047158845349
v 102.7742996199999936 50.0982933000000017 8.9171571699999994
vn -0.5584917345496253 0.7094096504517629 -0.4299127007726786
v 97.6205546560386210 50.0983004010070303 2.8923987037898176
vn 0.1277307546816580 0.8993207202049025 0.4182189576269704
v 91.9129054318031535 50.0983188450540666 -4.8085104175214752
vn -0.6981050726459525 0.6990229540534764 -0.1549716659662047
v 98.3849068437238259 50.0982934067155341 1.0322967196997168
vn -0.6978130071225742 0.7052827068097903 0.1250332378434050
v 98.4555830695861687 50.0985040094892753 -0.7524001906113073
vn -0.3950845567146153 0.6944509977126615 0.6013701063583932
v 96.3100601717005134 50.0984973289241822 -4.1675180886005947
vn -0.7132970604605371 0.5084987207760744 0.4823239103625828
v 97.7707207536593614 50.0982933367507641 -2.6256356388862807
vn -0.1291416200842056 0.4675139383781147 0.8745016634542274
v 94.3492522393327704 50.0983340748328914 -4.9490951111288206
vn 0.2806913586398191 0.9561844148183402 -0.0832089300702787
v 102.7742996199999936 50.0982933000000017 -8.9171571699999994
vn 0.1238350575055310 0.9512883830453729 -0.2823389643947882
v 101.8914565999999979 50.0982933000000017 -9.8000001900000004
vn 0.7802549961320417 0.5354892308763671 0.3231925503881926
v 102.9743042000000059 49.8982925399999999 9.0000000000000000
vn 0.8470323625317093 0.3508558084688622 -0.3992948515666235
v 102.9743042000000059 49.8982925399999999 -9.0000000000000000
vn 0.2785595071323653 0.3263542858519355 -0.9032704362992552
v 101.9743042000000059 49.8982925399999999 -10.0000000000000000
vn -0.1969722233503215 0.3461485899458294 -0.9172693698728553
v 69.9743042000000059 49.8982925399999999 -10.0000000000000000
vn 0.5345224838248488 -0.2672612419124244 -0.8017837257372732
v 81.4743042000000059 46.1982917799999981 -10.0000000000000000
vn -0.4082482904638631 -0.4082482904638631 -0.8164965809277261
v 87.4743042000000059 46.1982917799999981 -10.0000000000000000
vn -0.4364568834482804 -0.2181918262309355 0.8728675248035199
v 87.4743042000000059 46.1982917799999981 -8.8000001900000004
vn 0.4852398214964975 -0.4848923026457672 0.7276137508794986
v 81.4743042000000059 46.1982917799999981 -8.8000001900000004
vn 0.8162361631199231 -0.4089207939125271 0.4080959572468404
v 81.4743042000000059 45.5982933000000017 -9.5600004199999997
vn 0.5773510567374132 -0.5773498754159335 0.5773498754147248
v 81.4743042000000059 45.0482940699999972 -9.5600004199999997
vn 0.3611361707042315 -0.8465386559426084 -0.3910920226800418
v 69.8542332137677278 45.0482945175980944 9.2185722751645383
vn 0.1564884848765100 -0.7237016370105885 -0.6721363661410152
v 70.7748049675461885 45.0482940676309482 9.5598172352164887
vn 0.7987211061013094 -0.5651034868083523 -0.2066461803792738
v 69.4046324794035030 45.0482940817601758 8.2457812053538984
vn 0.4082765087175393 -0.4081351847514737 -0.8165390152327673
v 81.4743042000000059 45.0482940699999972 9.5600004199999997
vn 0.7961894593448492 -0.5912085769802409 0.1286653151908297
v 69.4043655661479306 45.0482940677615176 -8.1887436313352673
vn 0.4442988296039088 -0.7165050153789191 0.5377909565523128
v 69.8398101479394455 45.0453639797979974 -9.1996648269785695
vn 0.0826459063666296 -0.6959348785766777 0.7133332313451429
v 70.8321506623643558 45.0482940711608535 -9.5599786438200454
vn 0.7844645469166165 -0.5883484032579878 -0.1961161161523546
v 81.4743042000000059 45.5982933000000017 9.5600004199999997
vn 0.4850712500726659 -0.4850712500726659 0.7276068751089989
v 81.4743042000000059 46.1982917799999981 10.0000000000000000
vn 0.5346010565321018 -0.2672616940789045 -0.8017311876388710
v 81.4743042000000059 46.1982917799999981 8.8000001900000004
vn 0.5390690141196331 -0.6285700909684716 -0.5606284319903638
v 69.7797436805703626 45.5808377751464704 9.1760948127750694
vn 0.0539283669527966 -0.8514064452554155 -0.5217267447767476
v 70.9043044999999950 45.5982933000000017 9.5600004199999997
vn 0.3940859280690028 -0.9181123120544787 -0.0420245612942278
v 69.4043044999999950 45.5982933000000017 8.0600004199999997
vn 0.4253152471603542 -0.7166418564905634 -0.5527489394460071
v 70.7325150616374856 45.5993358260987236 6.2832082802062983
vn 0.6338772042861092 -0.7107706590275070 -0.3049668181163807
v 70.3048121831767077 45.5982933009783551 5.7076345343342600
vn 0.3013763341340092 -0.7136033643486795 -0.6324101071410796
v 71.6474816821245781 45.5982047011151863 6.6478411683728647
vn 0.5461219494162940 -0.8343180976165689 -0.0752604036344219
v 70.1755199882391025 45.5982932986521163 5.2466280357274933
vn 0.2291191219833442 -0.7271608109528495 -0.6471024516689576
v 72.4547958053539531 45.5980213754090258 7.1297997000194027
vn -0.7754580204306266 -0.5432186024820788 -0.3218359962266981
v 74.6162936753828632 45.5984562624011431 8.7500903109237758
vn 0.3891221375966550 -0.7235166948776584 -0.5701820360775316
v 75.6026008112486920 45.5972330729355662 8.4736117099395631
vn 0.5763614147475931 -0.4779324856258993 -0.6628635295244434
v 74.9347005865380282 45.5985732226680582 7.4405932941183126
vn 0.0769682603593678 -0.8045910742374743 -0.5888200830089269
v 76.3902087793225064 45.5982932967954042 8.7988787695257180
vn 0.9458699894138357 -0.3176110409873906 -0.0667322243685648
v 70.1743011500000051 45.5982933000000017 2.5491933800000002
vn 0.6981040871868017 -0.7081656942274611 -0.1056031863743704
v 70.0269823084924496 45.5983000353527999 1.8609484626963022
vn 0.9414953698502184 -0.3163429212685305 0.1162481170337509
v 70.1737218284256272 45.5982931529411459 -0.5680671722008320
vn 0.6137829485524993 -0.7134765143409100 0.3379670924071532
v 70.3813659223644237 45.5977027531296457 -3.1675192095074913
vn 0.7008011668881681 -0.7096977459434840 0.0721583944591350
v 70.1748055141905240 45.5982869842147025 -2.5094463456726395
vn 0.5126295934209294 -0.8583834196745281 0.0197181332015930
v 69.9747595386951105 45.5982803894893749 0.5720172161638961
vn 0.4804374570856567 -0.5633483806391035 0.6721744207126359
v 70.8081127201711240 45.5982933033319142 -3.6127040895493487
vn 0.4606501368760705 -0.7185379046975475 0.5210611585110868
v 71.3421102496582478 45.5982932981928712 -3.8960839941905641
vn 0.8592252705265242 -0.4615598161847352 0.2206682364368167
v 71.8105543155486998 45.5982845442624267 -4.5344664839112259
vn 0.3224634316740178 -0.9457675999254799 0.0392553456769078
v 69.4043044999999950 45.5982933000000017 -8.0600004199999997
vn 0.4289948085886010 -0.9009061396304945 0.0658147535140083
v 71.8270723317850468 45.5982933042001832 -6.3196013122907004
vn 0.7191301260157841 -0.6122709576311061 0.3285972250309045
v 71.9927317149702759 45.5982932772732283 -6.8402918335564324
vn 0.6925635215858421 -0.5878004786373988 0.4181463450542903
v 69.6167269616817634 45.5972239200923184 -8.9364114704653783
vn 0.1494244996465503 -0.8641362549163655 0.4805630570950043
v 70.5824274154729068 45.5982932852342060 -9.5577039230711893
vn 0.6168808557760027 -0.7135970336063784 0.3320200045256971
v 72.5094465229641258 45.5956157881142872 -7.8224972697457256
vn 0.4669197522025510 -0.7120835802792864 0.5243309257518016
v 72.9475123758604838 45.5982933013191811 -8.4779998894074158
vn 0.1305671898338497 -0.6068924734798000 0.7839857999813910
v 73.5820421968954292 45.5982977941530407 -8.7971056345333594
vn -0.4082966669466354 -0.4082316350502673 -0.8164807186360579
v 87.4743042000000059 46.1982917799999981 8.8000001900000004
vn -0.0353898008386346 -0.8957976256560973 -0.4430509856275013
v 95.5719382200957881 49.2982940705106785 8.7999345398861859
vn 0.1219872017246576 -0.7155552129463113 -0.6878225496745122
v 76.3117001715708909 49.2982931672128828 8.7993682900291752
vn 0.7017465686329321 -0.3248380039950090 -0.6340599534527031
v 75.4942701022449825 49.2973873314440212 8.3656256974206276
vn 0.6318862871882622 -0.2552572497796828 -0.7318220114880022
v 70.6212883710469441 49.2983823278394198 6.2324081691848052
vn 0.8759931242200302 -0.4564411578169540 -0.1558766043059351
v 70.1751885476172248 49.2982940989808114 5.2634822806164081
vn 0.1573313351991927 -0.3251064944188132 -0.9324980526795481
v 72.5599920566277063 49.2977959093915246 7.1451757632332491
vn 0.2743109499555466 -0.8004359633335857 -0.5329688277345309
v 71.7054626693220030 49.2983110638902957 6.6938389129737619
vn 0.5079419043670536 -0.8585543041351922 -0.0698536229476121
v 70.1743011500000051 49.2982940699999972 2.5491933800000002
vn 0.9443996601584264 -0.3187356389541401 -0.0807271599472257
v 70.0142541486034560 49.2982209318615077 1.7551419981185048
vn 0.8250809450802465 -0.5566122914104691 0.0970782731422141
v 69.9911573425150664 49.2979361973492942 0.3780563075068705
vn 0.4448067184686118 -0.8951393730292030 0.0295378749755379
v 70.1743011500000051 49.2982940699999972 -0.5491933200000000
vn 0.1611000337295292 -0.8052757072149024 -0.5705942643436607
v 74.2792243741732250 49.2982940693719840 7.1542378130674011
vn 0.2405995150384795 -0.9331400802854988 -0.2671356657730699
v 74.9444600593479890 49.2982952715266904 7.4738892555939600
vn 0.7998355123228730 -0.5623826954320097 0.2097352071203941
v 70.1822466779487257 49.2982651616297289 -2.6678223345797063
vn 0.6961673806446363 -0.3268316207901032 0.6391651349832063
v 70.5442987666553591 49.2986293312343591 -3.3967707051839326
vn 0.3994063712538867 -0.7098279699028862 0.5801885932568389
v 71.2472174173397832 49.2982940571315424 -3.8459786928297217
vn 0.4886514915847262 -0.8041802637229093 0.3383989113613906
v 71.6159501972945236 49.2982961834665829 -4.1914232201838280
vn 0.8810653281611116 -0.4517131937813425 0.1402821374096219
v 71.8260737712951851 49.2982942485092863 -6.3231518904277770
vn 0.7984940723844407 -0.4513158994735495 0.3983982621062653
v 71.9924326703829962 49.2982940465032655 -6.8399353463094084
vn 0.5262648012628038 -0.8021950990564846 0.2820077693993174
v 72.2447667627641152 49.2982940692239993 -7.1977927959540544
vn 0.6881644470998201 -0.5589972258695753 0.4625492354527441
v 72.5920968727045164 49.2984916934419104 -8.0737377813310314
vn 0.4315582715980008 -0.3277412157537718 0.8404422369869244
v 73.2221964620974433 49.2987657886898347 -8.6740713189977523
vn 0.0269158760359433 -0.8336540298855173 0.5516307588168509
v 73.8545995373283972 49.2982940701542276 -8.7999958670029983
vn -0.3975142927019327 -0.3233542004719063 -0.8587342127427184
v 96.0798015366718232 49.2982940491814148 8.6759199079564819
vn -0.6427005108409214 -0.5602908066257850 -0.5225038424504130
v 96.6265986330307527 49.2982940616969074 8.2581396087548633
vn -0.4646956309984897 -0.7070148890128845 0.5330927848367620
v 91.2012348636655616 49.2983208134265425 2.4964733306503133
vn -0.2397043549065878 -0.7094987001593904 0.6626865146590444
v 92.3001628428588106 49.2982940308241382 3.1550916187485334
vn -0.7713295860819886 -0.5420037334783874 0.3335905012587699
v 90.3146897075631188 49.2983095109390135 1.2163568827686040
vn -0.4463980432657362 -0.8942337199681385 -0.0327847684217340
v 90.1194603696201142 49.2983000272276826 -0.2600037774604051
vn 0.0008851231413121 -0.7206279612720728 0.6933213958835258
v 93.7247302141198873 49.2982941091040487 3.3769255532629381
vn 0.4350046040811624 -0.8967792558291887 0.0809812369789301
v 71.8215224043706968 49.2982947218742780 -4.7289563963276899
vn -0.3703493475582257 -0.8105463767074302 -0.4537134910597801
v 97.0726811424010378 49.2982537240483154 7.4828737215925232
vn 0.3746052602527034 -0.7932241419915821 0.4800691195575099
v 95.5536880698849842 49.2981577456246569 2.7596915275124729
vn -0.2447648446650939 -0.4627027927604554 -0.8520541628251972
v 99.5058640956372784 49.2985385303293313 7.1271109042788234
vn -0.1094181356526568 -0.7139173714256229 -0.6916282660266465
v 97.7672187391819989 49.2982940755081529 7.1528690217857926
vn -0.5888582350914550 -0.7050285819026653 -0.3951970112049102
v 90.7077012286594879 49.2982824218077482 -2.0071805390126203
vn -0.6379479451381108 -0.3317478525984183 -0.6949573955217686
v 101.3092988699516894 49.2988878739290968 6.2012472226146400
vn -0.5696949409826760 -0.8072279830591388 -0.1543718160320073
v 101.7735953169088674 49.2982941119038642 5.2929073731007747
vn 0.7114461826504990 -0.6861718179441185 0.1516989302905467
v 96.7906830626817225 49.2983145245913477 0.6695637944334246
vn -0.2734034992894877 -0.8035948973833155 -0.5286641348491136
v 100.3098543532492641 49.2982940709662216 6.6401461310219521
vn -0.0484913887798524 -0.8598730809621101 0.5081996358232947
v 95.5245566774530488 49.2982940703082235 -8.7999837462152772
vn -0.2077810529729946 -0.4314679259481679 -0.8778738308569290
v 92.8349637060519228 49.2983711235846442 -3.3664389493229532
vn -0.5368967199772235 -0.7125891516962638 0.4516177730808411
v 96.9634833309853832 49.2982940696747747 -7.6450537254615130
vn -0.4921524613060323 -0.3322391063314328 0.8046136532861627
v 96.3632517261478370 49.2982044399146915 -8.5531885168039334
vn 0.3597878277216178 -0.7018926468571768 -0.6147352530245730
v 95.1234117348938639 49.2985119062319157 -2.9683344432299035
vn -0.1977818131109519 -0.8088161829207574 0.5538038792280536
v 97.5839926814202414 49.2982980548220908 -7.1807116369373887
vn -0.1883079656950321 -0.3192689259472852 0.9287666353720215
v 99.5272968941844880 49.2978639574005371 -7.1346643181811338
vn -0.5115559726476931 -0.8586296261124672 0.0326443258536184
v 101.7742809717479986 49.2982940704883674 -5.1476913831657392
vn 0.5450502957601515 -0.7997439465572208 -0.2516541178619026
v 96.5801424002587083 49.2983582046889737 -1.4216382739165829
vn -0.2616243814477034 -0.8018126723899214 0.5372607573860567
v 100.3031143503216924 49.2982940698754390 -6.6483223555150621
vn -0.4021467179628216 -0.7197988096016810 0.5658336247765184
v 101.1319890342657430 49.2983893145140897 -6.3374823374036406
vn -0.8647671078765096 -0.2496830403278244 0.4357019950695099
v 101.6685555993513645 49.2982940504850831 -5.6925526457425226
vn -0.1171095192197235 -0.7116556134362976 0.6926988150507637
v 95.6285044402875144 45.5982932992819983 -8.7995344843956698
vn -0.4859467517319064 -0.7244870082710342 0.4888500069834256
v 96.4785285066867146 45.5990137955522457 -8.4561113748329362
vn -0.1101220797627378 -0.5669330928470768 0.8163700115655749
v 97.8657093733898336 45.5982932477910481 -7.1505259049055008
vn -0.5024560163530216 -0.5769614414144141 0.6439359026732814
v 97.1724348774074826 45.5976272864096259 -7.4131639797458471
vn -0.1690545461329396 -0.8741133218958430 0.4553531167303020
v 99.4983613756680683 45.5970470511256210 -7.1139994679165381
vn -0.8198835654796142 -0.5569566371039462 0.1326282151063582
v 101.7739684304956995 45.5982932992417176 -5.2419817696082287
vn -0.4844166111392373 -0.8369823821872671 0.2545604815373051
v 101.6148528599678826 45.5982933011326281 -5.7768603173644433
vn -0.4710769400179872 -0.6199563365732714 0.6274875754355126
v 101.1558767676364852 45.5993718907073458 -6.3311242816865354
vn -0.6992493122185327 -0.7109598123726014 -0.0747431906799824
v 101.7739897560007591 45.5982933013917204 5.2729751687018815
vn -0.5954701499253046 -0.7126287870072644 -0.3709117313815922
v 101.5796795918132602 45.5982933014609060 5.8580973209681089
vn -0.4262355060500189 -0.5507572574293293 -0.7176278539544071
v 100.9479954109834239 45.5967184158511145 6.4093029145717422
vn -0.1843449303364493 -0.7226742665612456 -0.6661522732149274
v 99.5385945747898262 45.5976212630752045 7.1317831752771514
vn -0.2328214780332452 -0.7297632623888335 -0.6428372579697150
v 97.6883569714033797 45.5982933155424774 7.1602590773797186
vn -0.1284005467734886 -0.6050166973115529 -0.7857913817054053
v 95.7008586346713770 45.5982673774744427 8.7986414278386356
vn -0.4275953560899253 -0.7184533130126869 -0.5486228654289067
v 96.3863003396950688 45.5982933030436470 8.5013718470574382
vn -0.6208795253571747 -0.5771989945333997 -0.5304242978049571
v 97.0283460440481775 45.5974815479784112 7.5803568291859298
vn -0.7427800674326075 -0.5570652884545637 -0.3714243339145196
v 87.4743042000000059 45.5982933000000017 9.5600004199999997
vn -0.0694696433282046 -0.9243534487692513 -0.3751595266073398
v 101.1816610664842955 45.5982933034341329 9.5597579163198354
vn -0.5006909104773704 -0.5863781484459180 -0.6367646968782733
v 102.1063949836131428 45.5995998817078885 9.1819136321523764
vn -0.1259970760487183 -0.9174107204370809 0.3774682858920597
v 101.0182345796059167 45.5838032873228940 6.7709861400417486
vn -0.6004243877006485 -0.7926354376026734 -0.1059226968629465
v 102.5242500011567159 45.5982932961422591 8.1795048342702739
vn -0.7844654783135191 -0.5883472788812107 0.1961157636892463
v 87.4743042000000059 45.5982933000000017 -9.5600004199999997
vn -0.3316486770081924 -0.6194727473940307 -0.7115213772437250
v 98.3649689952030855 45.6381098740176938 -7.7934736024211242
vn -0.4871969006184956 -0.8712125792663441 0.0602314017420787
v 98.5797797541138152 45.6049923815956078 -8.5886723004612708
vn 0.2147575666256560 -0.9288903308595020 0.3017315707922388
v 100.3928003154272375 45.6027154322317898 -8.8337885561238210
vn -0.4311800741907270 -0.8961228390998536 0.1051075680648033
v 102.5242386674479178 45.5982933000007691 -8.1602672513587091
vn -0.1296856744839492 -0.7861566118338280 0.6042676621362417
v 101.2002248776628477 45.5982932891883266 -9.5598298092905711
vn -0.4878804507023039 -0.7426665186608065 0.4587146257563137
v 102.1410263561501210 45.5992556250072383 -9.1108626678952493
vn -0.6983968186571236 -0.7111494492057968 0.0806743117968819
v 102.5242732616188164 45.0482940711480708 -8.1522113450270197
vn -0.6993865321587850 -0.7064965517267082 -0.1082640338855867
v 102.5242713084730894 45.0482940698483958 8.1322687344485303
vn -0.5633894745136667 -0.7303397146529453 -0.3862592409352416
v 102.2291034293214693 45.0495587772132140 9.0592237700490390
vn -0.1668623657507722 -0.5974595282789518 -0.7843462647101395
v 101.2003656165564536 45.0482940809468744 9.5598285859281731
vn -0.5773550873630752 -0.5773478601104431 -0.5773478600652019
v 87.4743042000000059 45.0482940699999972 9.5600004199999997
vn -0.4364357804719848 -0.2182178902359924 0.8728715609439696
v 87.4743042000000059 46.1982917799999981 10.0000000000000000
vn -0.1117347660307209 -0.8361903011253740 0.5369367955019627
v 101.1818898335591541 45.0482940666496248 -9.5597549266137811
vn -0.4082679176693988 -0.4081997035107828 0.8165110589916109
v 87.4743042000000059 45.0482940699999972 -9.5600004199999997
vn -0.5591146915012788 -0.6416607144669131 0.5250355123772491
v 102.1707795649265478 45.0493410263033951 -9.1286110054199998
vn 0.3682481595887766 0.2720613165240471 0.8890308954196592
v 101.9743042000000059 49.8982925399999999 10.0000000000000000
vn -0.2756816781627052 0.3055070629318031 0.9114082766928210
v 69.9743042000000059 49.8982925399999999 10.0000000000000000
vn -0.8511028232728660 0.4090064508377275 0.3291469389043173
v 68.9743042000000059 49.8982925399999999 9.0000000000000000
vn -0.7922705456868195 0.4640955108194786 -0.3961347488851695
v 68.9743042000000059 49.8982925399999999 -9.0000000000000000
vn 0.1810485605601841 -0.7413998558478513 -0.6461792881761769
v 100.5939248320209884 45.6284443472226897 8.8610906277085491
vn 0.5550810498363141 -0.8287553958729621 0.0710599882076065
v 99.9755677216169261 45.6109053883335775 7.8607920946949044
vn -0.1684794927017228 0.2519906033831382 0.9529508887374900
v 101.0904717311757253 47.1611704972658003 7.1397227973260868
vn -0.9875944763587735 0.0606142425172672 0.1448553204742505
v 101.8789384778033593 45.8887678078889749 8.0276715157073770
vn 0.6713082764280774 -0.0603929993965809 -0.7387136682254151
v 100.4903080937703805 46.6393476491836552 8.7258117151557144
vn -0.7980218521522412 -0.0959720403691793 -0.5949373840622921
v 101.6672478775414419 47.1996949721270980 8.5865709798440619
vn 0.5165590516393965 -0.0855066010009540 0.8519714592371455
v 100.3813767746473786 46.5935577537609191 7.3131896893263661
vn 0.7925685812324620 0.0816603743675574 0.6042901846805991
v 100.2003389505649835 48.4749802734132018 7.5111918539894242
vn 0.7975898164238804 0.1473648886204604 -0.5849222805970039
v 100.2803322546140805 48.2213916134301428 8.5126774694462863
vn -0.9746950174311730 -0.0587609603350917 0.2156774734072688
v 101.8724166887535745 48.0591880120860182 7.8327656709312787
vn 0.0436693363289438 0.1708144062441101 -0.9843350180116838
v 101.0596880247798026 48.2342206667533304 8.8918746227531340
vn 0.9912826070256243 0.0951950871215252 0.0910861591923104
v 100.0658680762761321 47.7392499339958292 7.9639119480167242
vn -0.5577247187064838 -0.0504441014853279 0.8284917203986478
v 101.3771263426976645 47.8729356398058670 7.2213188785186144
vn 0.9534460014931363 0.0346432268103998 -0.2995673030771440
v 100.1701285019903196 48.6147218190731252 8.3531845371374907
vn 0.8847371310065993 0.0703050828860937 -0.4607574246158070
v 100.2055328963416798 47.3964818053856263 8.4471493955620929
vn -0.2761441254581680 0.0149201280193137 0.9610004223489347
v 101.2301289778619804 48.6796166430218307 7.1205361772972289
vn 0.6160971707068309 -0.0061226831982084 -0.7876463603658005
v 100.3367299967311226 47.7876777849909971 8.6504682478761907
vn -0.9911568003608215 -0.0630417550250606 -0.1167644390294350
v 101.8375908579491380 47.6146238986834760 8.0658208916956369
vn -0.6080195762872775 -0.0917294166874490 -0.7886050399063018
v 101.5546082684396367 48.6408210707511941 8.8521489381850422
vn -0.9699321241454361 -0.0181584632709665 -0.2426972285840102
v 101.8542567255483391 49.6715172193056063 8.3559575103582144
vn -0.6228064787782024 -0.2080256387651346 0.7542131155106322
v 101.4649483470953726 49.4188752484855627 7.2941126974303607
vn -0.0118634409197179 -0.0830605590458451 -0.9964738844046722
v 101.0932697964086344 49.6180866853918943 8.9065341456707312
vn -0.8944062885404304 -0.2242675060575078 0.3869644386065445
v 101.8139353740425008 49.8928397737440861 7.6114742150477133
vn -0.4550310845023129 0.1259943005710138 -0.8815169586345291
v 101.3193133845970095 49.0862462875372074 8.8076544377596360
vn 0.5928402369792309 0.0918220569977054 0.8000682241328669
v 100.3855795068794805 49.1255896714358968 7.3945136339289057
vn 0.7116877808583691 -0.1334769833728892 0.6896987730064215
v 100.2646262227101630 49.6460431692954955 7.4728374048622070
vn 0.3197900143505902 -0.0517617506151774 0.9460735002603664
v 100.6296730446679817 49.5392198354622977 7.2277370479420018
vn 0.3450110201010940 -0.1343629710107564 -0.9289316379744880
v 100.7399202212404816 48.8091962802007515 8.8720476815077181
vn 0.9532236189009411 0.1534532074742033 0.2604166766650564
v 99.9634857922308413 49.2869269380907227 7.8787626465401397
vn 0.9803179940742712 -0.1079468017091831 0.1653000861916155
v 99.9886724447442958 48.8921263644756934 7.7883054023948413
vn 0.6507002137116065 0.0556897272021609 -0.7572898296952222
v 100.3708867372135671 49.1962567856628539 8.6572989301171255
vn -0.3879174573919481 -0.0985313333969907 0.9164123649261707
v 101.4997631783495819 47.5648742332432590 7.1158716639250992
vn -0.5031440042227192 0.1174163709403697 -0.8561889434289151
v 101.3087521113223914 47.8642720811829818 8.8740227870812465
vn 0.9932450706556731 -0.1057597157846499 -0.0477400475005733
v 100.0099137049476923 48.0456236558399397 7.9651201561597933
vn 0.7299271521353323 0.0143942779383069 0.6833733659854165
v 100.2757027313472378 47.3587257853252694 7.4652451493733718
vn -0.1789935714530011 -0.0198590863342388 0.9836497944230297
v 101.2698505898208765 46.2588725669057652 7.1328720896062938
vn 0.7174732229673606 -0.1185255210200646 0.6864283467280107
v 100.3303792146790983 45.9615313013000630 7.4579143301622013
vn -0.1947214404086703 0.0256400313500740 -0.9805234058591054
v 101.1189459967479820 46.8415519800700153 8.8749070152719138
vn -0.3496062980380564 -0.2848689254564040 0.8925385883430695
v 101.2679324737094504 46.6596442063972034 7.1774904535593489
vn 0.6984458083909598 -0.0220083034573181 -0.7153244629677006
v 100.3430087429602224 46.0793648603544881 8.6449167069861481
vn -0.5934009536320525 -0.0318955937938235 -0.8042748157968831
v 101.4244576450190038 46.1011261643385879 8.8126891580870108
vn -0.9917399032650226 0.0507621481428742 0.1177929055070992
v 101.9327364761006720 45.8880394706141459 -7.9815691534736128
vn -0.5644933031736117 0.0984592876398955 0.8195444340300221
v 101.5255198366394467 46.8355077244854741 -8.6931186925101667
vn 0.1750444303233141 -0.0961765669598181 -0.9798517823531322
v 101.0379192571502642 46.1924250720688434 -7.0986339578903044
vn 0.9737738713357762 0.1439545485777925 -0.1761860818779373
v 100.0153317651209903 46.1303521694042473 -7.9467428135438780
vn -0.5698553864511370 -0.0646232213728172 0.8192000230664213
v 101.5430556339086507 46.3764479964658349 -8.7089918971182136
vn 0.6441994258977500 -0.0903786523705115 0.7594990446792540
v 100.2006048614985900 46.8546908259605530 -8.7447940505734287
vn 0.6340546119144382 0.0230576869287107 0.7729444302040921
v 100.2515265598340903 46.5111222020160469 -8.6492685695625209
vn 0.2909288814566367 0.1238618975234299 0.9486931096388788
v 100.8156396297292190 47.3320167731955834 -8.8696424080879730
vn 0.6126887906190618 -0.3244173052322299 0.7206704225341912
v 100.3449661683725083 47.1140400009783349 -8.6201729011430714
vn -0.1168445238528792 0.0291922196842835 0.9927210945454410
v 100.8327376237143227 47.6538167539227402 -8.9316697870028179
vn -0.5591273897719411 -0.0073526748272480 0.8290491542602891
v 101.3701593796817519 48.4690238700627205 -8.7966565240768890
vn -0.9972061072584085 0.0286911843186484 0.0689695265238564
v 101.8625615922625940 48.1889530826203369 -8.0900419706617495
vn -0.2982492907708236 -0.0538738055373353 0.9529664073993511
v 101.2082968578141760 48.0707905125807500 -8.8590626762144566
vn 0.9996873850411148 0.0035317504348082 0.0247519479743378
v 100.1177467360816991 48.3961252051384463 -8.0973421780659915
vn -0.9362056823158765 -0.0701865223929247 -0.3443730135679212
v 101.7910739651558458 47.7777100046301726 -7.7164662962257733
vn -0.5310395473072436 -0.0388340567934745 -0.8464566824289823
v 101.3032079636076048 48.0343889729895253 -7.2228824006234218
vn -0.8210179307567329 -0.0327413568875790 -0.5699627715255556
v 101.8021871544812740 47.2563529205008521 -7.5681448404920095
vn 0.9838006928992713 -0.1544516127656991 -0.0909994283772612
v 100.1060321161313027 47.1967956544454097 -7.8698098502500793
vn -0.7996967746496172 -0.2201079573464325 -0.5586032185082542
v 101.8085807738468560 49.8421020560076045 -7.6188554701232549
vn 0.6653632760375252 0.0121907060268594 -0.7464201883571872
v 100.4173209357217331 49.7994465269566078 -7.2651395883734216
vn 0.9379221204266813 0.1198062213755519 -0.3254974121771634
v 100.1128526648776926 49.6176248554810542 -7.9806588698962138
vn -0.9752060628196210 0.1468941426059588 0.1655150926891974
v 101.8936229148907984 49.3725992104292359 -8.0888520987460026
vn -0.6857431317396447 0.0161629098085804 -0.7276641516650548
v 101.6917090739036809 48.8764432802269653 -7.5974997975299887
vn -0.9948169887184122 -0.1016785048562524 -0.0008003795522054
v 101.9356479593811855 48.6728643276743469 -7.9578257440873408
vn 0.0661685800337510 0.1329132489280401 -0.9889164713340101
v 100.8727151483092257 49.7201392694990005 -7.1289571219898322
vn -0.5744376630051612 0.1181742965947989 -0.8099729667991971
v 101.4840921873048103 49.3034617528631287 -7.2331273406969023
vn 0.8274692240100651 0.0176135647824409 0.5612347509303353
v 100.2073625569863538 49.4208024365803666 -8.4619094936646455
vn -0.8392361711212152 0.0086721371877487 0.5436979337080465
v 101.7608144359901985 47.3247550871350526 -8.5395875339384002
vn 0.4543809279437322 -0.0154120449404171 -0.8906741498391807
v 100.5525887505720561 48.1002108704548945 -7.1949211504645216
vn 0.6577133137229587 0.0362812344850684 0.7523940915343529
v 100.3130511108920899 47.9424612369265688 -8.6792686250895414
vn 0.6290124906770541 -0.0832242900977250 -0.7729275542442373
v 100.4379462474243070 47.2854860067492808 -7.3499922413655536
vn -0.9041900542633451 -0.0431634618207434 -0.4249438331531573
v 101.7340076052449973 46.3559613750297217 -7.5781320525871845
vn -0.3658600768271557 -0.0684022924165317 0.9281527517473570
v 101.4638096401399849 45.9694641755945099 -8.7542537507519622
vn 0.9066956045458692 -0.1461102580312602 -0.3956701570692935
v 100.2425029813821311 45.9684088740407759 -7.4974987405122615
vn 0.6243277202753668 0.0950759574908435 0.7753550541545227
v 100.5024789510065233 45.9761265267348023 -8.7205550647368142
vn -0.5217382993185214 -0.8349890449494078 0.1748783629803661
v 98.6859389567291174 45.6204472316741985 8.1966475084940864
vn -0.1606216106531456 -0.0062809882362681 -0.9869960726254007
v 98.1361297415551235 46.4177711857766297 9.1176542604890987
vn 0.5761554261579428 0.2741471429374005 -0.7699923823831115
v 97.5732625601753654 45.9502940909331627 9.0138828991490048
vn 0.5181658392032825 -0.0041104744160373 0.8552702889045269
v 97.5118386078443251 47.7221322431750252 7.8771062071705771
vn -0.0802313633573990 -0.0656021829319669 -0.9946151426196838
v 98.0239419228937692 47.1422097567527558 9.1104254193700402
vn 0.9672294635669845 -0.0166653572233745 0.2533563314317221
v 97.3092389157699529 46.7696348699683853 8.3433816352042349
vn 0.9381602632333959 -0.0205259500435617 -0.3455922537683022
v 97.2903027748096321 47.5048876725218321 8.6275608112408122
vn 0.7539751227309122 -0.4620282859340528 0.4669597169989582
v 97.2666376151629208 49.1514320375211895 8.1035167186568149
vn -0.1353442427200065 -0.1593595021964218 0.9778990157589158
v 98.0688418233718124 49.0367059706515249 7.6819346232065406
vn -0.9708141509966409 0.2201318632691050 -0.0951937340287866
v 98.7044331228719329 48.4529330909085232 8.4318099320927455
vn -0.9667443656522959 -0.2434818620971199 0.0782426629739767
v 98.7391006592689280 49.0030474405451812 8.3349406350314617
vn -0.1865589739563123 -0.0419505256293545 -0.9815477077736919
v 97.9429701940203188 48.8354872626618857 9.1362766567830160
vn -0.5822515631935619 0.0474838244264603 0.8116208496437796
v 98.3974529763930121 48.4927630960991891 7.8162109334772394
vn -0.1831615095283491 0.0429425960426356 -0.9821444877778501
v 98.0586073824580211 47.6935284553299823 9.1191937286649392
vn -0.6322905295638142 0.0496500714209060 0.7731387693239878
v 98.3979280626652013 47.4346152824384077 7.8465968184600987
vn 0.7558058387458784 0.1532063847501310 0.6366202461353504
v 97.4460718088536737 47.1758934629269291 7.9835602294341301
vn 0.6238960326639124 0.0349544342014186 -0.7807252576648772
v 97.5240322799229062 48.2862654436303913 8.9086073036018831
vn 0.9484897206909501 -0.0131714568339967 -0.3165339831178851
v 97.2819770480454480 48.8449470207321923 8.6636429320910917
vn 0.4856461720536852 0.0494207483300538 0.8727573461186677
v 97.6307276514772155 48.6852473865058641 7.7732180622100424
vn -0.9521394852803390 -0.1469750093207715 -0.2680088565798716
v 98.6932705353229665 46.3791862638424988 8.5315893241780465
vn 0.7681482637308310 -0.0101462621234615 -0.6401916106075052
v 97.4627380270333390 46.3917599764112865 8.9140380259328555
vn 0.3012241593325886 -0.8962464268066812 -0.3255861610551521
v 97.5096356868635041 45.6090258780580129 -7.7117378324918198
vn 0.1931959483052257 -0.1080888208509666 -0.9751882548336461
v 97.8581410577682220 46.6439276518854413 -7.7036333172801630
vn -0.7073402613078213 -0.0610137633016188 0.7042350995376169
v 98.5583652279959495 47.0891583789750428 -8.8867890887031997
vn 0.4535655222558567 0.0630028889622383 0.8889932243854189
v 97.5948175740701629 46.6510376088871510 -8.9959686579202973
vn -0.8326446277553713 0.1139550114852722 0.5419568056842818
v 98.5806613763705855 45.9351533322027166 -8.7639691103158466
vn -0.6316320530764932 -0.0424853875716456 0.7741033144027103
v 98.3492478449886391 46.4260343941010163 -8.9455050238447402
vn 0.4684234211975884 -0.0969955965967111 0.8781636252512369
v 97.5992357345663066 47.3429016313805064 -9.0175349425775266
vn -0.1252781974270182 0.0417085388186292 -0.9912445566251811
v 98.0610255928720846 47.3155701502758390 -7.7261229179916233
vn -0.0644185211094727 0.0984801233142556 -0.9930518211302356
v 98.1775145985203181 47.9562350299533406 -7.7441199360325550
vn 0.7565759986256532 -0.0277334835674112 -0.6533173900890837
v 97.4125359473222687 47.4882532611764958 -7.9897127453949057
vn -0.9688981524323774 -0.0370213282906732 -0.2446748688866918
v 98.6471491756184378 47.4521800166420675 -8.1959908249314193
vn -0.9984768525564505 -0.0369933314130087 -0.0409324851423849
v 98.6816843667267847 48.8831725318314625 -8.2843536233729029
vn -0.2467126072993779 0.0269754856955291 0.9687131735302422
v 98.1431800470855933 48.6246453200899325 -9.0829736960882599
vn -0.8273243083454024 -0.0110249155957312 0.5616163637723787
v 98.5809591485879082 48.3417070491642278 -8.7623318646311539
vn 0.6837652657871436 -0.0039419694554988 -0.7296913883141618
v 97.4402478592648578 48.3201254173638191 -7.8591601817331371
vn 0.7965051138470320 -0.5806218379955507 -0.1686946497616187
v 97.2252752971559886 49.3359464401632977 -8.4182499231900287
vn -0.4962379544559077 -0.8678569581028295 0.0239205524585069
v 98.6027932775255493 49.3912378480921177 -8.2493294032620419
vn -0.2946378602709827 -0.3218998425758306 -0.8997605362787324
v 97.9143600161202272 49.1897577831452040 -7.5952930539746513
vn -0.8752245566898824 0.0081373392026955 -0.4836483837228231
v 98.6171297760272410 48.3898723094111176 -8.0278610574459410
vn -0.7036503860077475 0.0486652167006844 -0.7088778674458831
v 98.4107101029445062 46.1150083490598632 -7.7860112175557994
vn -0.9057415002984817 -0.0273753871875074 -0.4229455317335669
v 98.7177537424444438 46.4086690987287227 -8.2112917937778960
vn -0.9664498683543313 0.0196064506766731 -0.2561059137344526
v 98.6417991603090201 46.9378234535614141 -8.0602066278671316
vn -0.3584790159950426 -0.3328089624149312 0.8721989392492535
v 92.1092615567055901 48.5948046620666858 3.0962458560773092
vn -0.7359608725523086 -0.3204707126999323 0.5963724644663282
v 90.9109718802611724 48.5983128326571148 2.1900865695100356
vn -0.8925141728188086 -0.3998133015789624 0.2087289515090979
v 90.1606998357382281 48.5897088519358462 0.7614656016416134
vn -0.8982648649692517 -0.3700999252829587 -0.2369520577402111
v 90.2020623546044220 48.6017139983127464 -0.7716355836557496
vn 0.2016650086219040 -0.3284752173072006 -0.9227324942324913
v 94.2395527265357060 48.6013960699871106 -3.2895743350700446
vn 0.7591101115765793 -0.3347769065782487 -0.5582797339363950
v 96.0338610628916456 48.6014651779892617 -2.2136070417259175
vn 0.9167984392114862 -0.3892197045780919 -0.0893792113834406
v 96.8869305644656436 48.6021606775569737 -0.3795380296099358
vn 0.8693459191265764 -0.2934852825309319 0.3976230147208624
v 96.5502485600139266 48.5982768358727384 1.3566870051730844
vn 0.5420484505375970 -0.5328887274636694 0.6497792559107601
v 95.5488775043288427 48.5514008728942770 2.6951435579310457
vn 0.1376826915414398 -0.3903033323623712 0.9103333374081898
v 93.7933004498256935 48.5998243868356425 3.3730689748940983
vn 0.4115704374316423 -0.8968651580344736 -0.1619958744416824
v 96.4723569171333537 48.2982604290970770 -0.7103632813362849
vn 0.4506348760354885 -0.6137259616496697 -0.6482813066082255
v 95.4512729906799962 48.4177379357329301 -2.6536064770008219
vn 0.0820340999924482 -0.9566186637165834 -0.2795552515470373
v 94.4066705367750103 48.2982887120869151 -2.9366340885819802
vn -0.6829184111628142 -0.2950850668985563 -0.6682419075367333
v 90.9651597131061891 48.6222489721087641 -2.3249102683542722
vn -0.1939237068094820 -0.6631115501122304 -0.7229638082539299
v 92.6193927140023732 48.3624461872156672 -3.2016908745839263
vn -0.3158208663169517 -0.9314852919989355 -0.1805334627942088
v 90.7750963090371386 48.2982677747180915 -1.5387212950056808
vn -0.4108271631230356 -0.9113893543351403 0.0242999350792277
v 90.4108901685146265 48.2982794315132011 0.3955021556980166
vn -0.3420879705938338 -0.8933493273674892 0.2913808498632794
v 91.1109113922929339 48.2982823729879911 1.9833653903968105
vn -0.0588543945774384 -0.9118137276819632 0.4063642285556716
v 93.0448829354750160 48.2958691613874649 3.0826616755710883
vn 0.2344812663072179 -0.8808734329334256 0.4111940307239946
v 95.2957934121971419 48.2981165975824567 2.5118261030261269
vn 0.2623311750830825 -0.9600679673940457 0.0972206385671004
v 96.4272827718843502 48.2982896593248583 0.9104053910956076
vn -0.4433085105683346 -0.0169485490035506 -0.8962088546451430
v 71.5180984783329166 45.9580499470331674 8.7660128946681954
vn 0.6059734068179515 -0.7545511733674530 -0.2518903670235237
v 70.0761688865145231 45.6339580605974646 8.4042997291568913
vn 0.1252533362864485 -0.9116517614481068 0.3914111234976312
v 70.4896980259464812 45.5966851757953506 6.9132583726939405
vn 0.8423640861267321 -0.0329181742602988 0.5379025378330575
v 70.1843090707361057 46.6843699772431222 7.3855545399701512
vn -0.6266300407888750 -0.7766408599553580 -0.0645272549294866
v 71.7961770395931183 45.6441284402444367 8.2134239362018437
vn 0.9221657574800828 -0.3385162435693253 0.1871284814529800
v 70.0491566414255544 45.9857139373166319 8.0104405761119466
vn -0.1499158865582260 0.0926176586112027 -0.9843511549598749
v 71.0988581338614551 46.3696316964031183 8.8180040166828562
vn 0.2377247178538926 -0.4444964234586426 0.8636607482419021
v 70.7887524468599878 45.9062887987831516 7.1044054229511797
vn 0.9774995448891339 0.0085484818913960 0.2107642360527241
v 69.9941446156434353 47.3812357865811506 7.9100716294927755
vn 0.9684655524071593 0.0243233890543234 -0.2479573482387804
v 70.0680639848576021 48.5695276591820218 8.2493662308517326
vn 0.6521138742943297 0.0283963035977029 0.7575890343021250
v 70.5322302774402630 47.6820483570370968 7.2155945105996508
vn -0.7628355652296520 -0.0470727859504696 -0.6448767736890657
v 71.7710180021915392 48.0252644609950892 8.4166116247120044
vn 0.5976661794772898 -0.0621390578102052 -0.7993333944002839
v 70.5424215777407682 47.3724843764709078 8.9244472711011777
vn -0.9503831209139157 -0.1052701144422835 0.2927287592417833
v 71.8306951770548352 48.0967737562601130 7.6241361789224635
vn -0.1389495962083298 -0.0451368111075862 0.9892702755044146
v 71.1284839683726773 48.1771955126604041 7.1353672998687356
vn -0.3438239111519897 0.0508583992625896 -0.9376558757585833
v 71.2388582810446565 47.3785631391609030 8.8553805143057431
vn 0.6723581096399929 -0.0298807413137228 0.7396226833324392
v 70.4554510453197480 48.5313112090512320 7.3022586563819356
vn 0.3169303132262857 0.0226003230476655 -0.9481795198992802
v 70.6636456376942164 48.9371084074161331 8.7840583607123701
vn 0.5909105331169094 0.0001980155314566 0.8067370715675207
v 70.4503185745848413 49.0084507731842791 7.2985835207285268
vn -0.9529873908830780 0.0148966307613164 0.3026435580180493
v 71.8698854255062116 48.6706759149029082 7.7952115513239928
vn -0.5903319548892566 -0.1000939718811900 -0.8009303214572890
v 71.5045769436641052 48.4797264070718299 8.7551925614927981
vn 0.7794250892519223 0.0464123529586171 0.6247738980923241
v 70.2987142275919723 49.4760254558277737 7.4126683777260869
vn -0.9909006741581281 -0.1208374146606292 -0.0592804619676871
v 71.8838487180687338 49.8822554674719854 8.0605565789423981
vn -0.5279475318627699 0.0717995956038493 -0.8462365045725299
v 71.3826463065133794 49.4681366982312269 8.8511480887071130
vn 0.9000322440256362 0.0594998234765447 -0.4317426672457072
v 70.1904476515603761 47.0383786791315615 8.3734793653419146
vn 0.5639796911660084 -0.0825169074253488 -0.8216555652712699
v 70.5561647370427636 48.4454049221249150 8.7957949273661242
vn 0.9195937061570879 -0.3481012472200543 -0.1821343934574520
v 70.0697648835574540 47.5706946652965925 7.9585262065155140
vn 0.1650024957612554 0.0146408426728871 -0.9861844767174064
v 70.9234476067074695 46.8112655941745928 8.9188497563487541
vn -0.2096094966250799 0.1416621519402292 0.9674687042133426
v 71.0720985283414706 46.5924236675159733 7.0494511306803966
vn -0.9229460993678390 0.0777679638602947 0.3769915668270508
v 71.8107257010527746 46.7724801310480274 7.6263194421850695
vn -0.9999904769003132 0.0014240132425385 0.0041253236199492
v 71.8655243803854660 46.3316975697897178 7.9067353900334032
vn 0.3754121306481794 -0.1064794898020079 -0.9207213750172734
v 70.6953568931952674 45.9322416827832996 -7.1828345754621363
vn 0.2212912246928566 -0.9519573211882203 0.2116777090533700
v 70.1351866421698844 45.6030879116400456 -8.5074346017817195
vn -0.7142743547326958 0.1139711062085835 -0.6905235210481846
v 71.6163490923928947 45.8853117371088857 -7.3437060605807929
vn 0.2787730003142247 0.1139293579495484 -0.9535752281246661
v 70.7188897229012809 46.2379229580027413 -7.1662237722825717
vn 0.1188019196765240 0.0698156915382482 0.9904604348969265
v 70.9091032208471717 45.9605293446478669 -8.8941400624959321
vn 0.2438517096557707 0.0675586357954359 0.9674565491159887
v 70.9443687937535117 46.8621196517097047 -8.9750828050267035
vn 0.0379276769265757 -0.0454760434199640 -0.9982451706859488
v 71.0459123853624419 46.9119950217918316 -7.0931587628836947
vn 0.9030489573964744 0.2020933790310676 -0.3790261820731464
v 70.1962729272338208 46.2068346347643555 -7.6032376541689759
vn 0.6452273990065372 0.0561725965463464 0.7619227276886417
v 70.5566279938532688 47.1832424234589709 -8.7492734018999094
vn -0.8695102428192644 0.2293416490269319 0.4374406767254179
v 71.8320878329985959 45.9183985005572168 -8.2256213222943959
vn -0.8543216750117161 0.0122447445133671 -0.5196003674334519
v 71.7708104125178750 46.9994955055243366 -7.6365425801367302
vn 0.7905633153873842 0.0050710827104247 0.6123593132172085
v 70.2716077637047789 46.4995320212166519 -8.6161235575817035
vn 0.8264479153625530 0.0023937768296194 0.5630080932148137
v 70.1087283291452934 46.1143788769930012 -8.3779569301972767
vn -0.7996810785736198 0.0416909938655952 0.5989758205485687
v 71.6427942647176508 48.4509329341488169 -8.5325477172469153
vn 0.9966972787007136 0.0706822559414312 0.0399819124807981
v 70.0606184426424221 47.1920563663058843 -7.9965182292666563
vn -0.8734409989529437 0.2225287906504505 -0.4331070983945328
v 71.7967292758668805 48.4006999362240293 -7.6629997360456326
vn 0.5447114000797634 -0.0038174147049846 0.8386148806026006
v 70.4388687828649580 47.9019882085388886 -8.6888511331052669
vn -0.9983876377801314 0.0538656519629568 0.0179057607047160
v 71.8768172743814375 48.0081488965432399 -7.9631528620099825
vn -0.9989107478151557 -0.0457880396996207 0.0089873978343259
v 71.8362243760615797 47.5660335181936489 -8.0723246128943487
vn -0.5254341991207504 0.7027175009330960 0.4796947115371189
v 71.5700751101325352 50.0973424836402046 -8.6625181957968884
vn 0.5884384294803875 -0.1036444324673948 -0.8018715896757826
v 70.3547885102198336 49.7039388651800706 -7.3427525828652129
vn -0.9628151719937919 -0.1930091735763057 -0.1890354556530503
v 71.8976483846162040 49.8961324708889009 -7.7314057542450687
vn 0.4688249969966233 0.0135465393072249 0.8831871905003571
v 70.5037034404628855 49.0877911245097707 -8.7718047067205340
vn 0.9713126379899870 -0.0457796608172237 0.2333580552207112
v 70.1262450325081232 49.5465506925505395 -8.2064046045748764
vn 0.9775021236446469 0.0110370530420108 -0.2106366106125744
v 70.1011675166674877 49.0406167876436001 -7.7620689567590588
vn -0.6803931129257302 -0.0617101807393753 0.7302445244411959
v 71.5068187508015143 49.0232563724409829 -8.7359740309051315
vn -0.9300700620056426 -0.1189332824384900 -0.3475982653714295
v 71.9142726420802347 48.6540887557553603 -7.5754001316853428
vn -0.5886050487164427 -0.0444773136919644 0.8071962990451955
v 71.3830485579196932 47.6392303927726388 -8.7371940705006601
vn -0.0968946813073324 0.0506152724025458 0.9940067982332750
v 71.2247705382460339 46.0857883884098243 -8.8465010848828793
vn 0.9009898487282190 0.0213616648497751 0.4333139413445486
v 70.2496102805112344 45.8719907746517990 -8.3712306698518137
vn -0.9261249220755189 0.0032242112187831 0.3772031722727563
v 71.8282258859657645 46.8292869365990256 -8.1958017929174947
vn -0.9982114311566809 -0.0457772846067027 0.0384496933949811
v 71.9320106660134968 46.3142189408942073 -8.1100446257542096
vn 0.1106032684930723 -0.7365386146740734 -0.6672913802025665
v 74.1980159292937742 45.5898259873585658 7.1547296868732735
vn -0.9950719430622902 0.0047994165874063 0.0990393544539699
v 74.7854801216494565 47.2452214584067534 8.3643119163455868
vn -0.7481238191762427 0.1339548128805703 0.6498975759973906
v 74.5998596495785620 46.1636940369957216 7.8939770770170101
vn 0.3666091828055522 -0.1338942081518802 -0.9206899847972858
v 73.7139190309378165 46.5699126721641932 9.0584287303991502
vn 0.8797242635407788 0.1056907534777185 0.4635889178646815
v 73.3998215182227653 47.3070618287649864 8.1547393030447815
vn 0.9951734705464395 0.0185946507862925 0.0963535286468053
v 73.3542215963089461 48.0934183149170948 8.5213569764258921
vn -0.3786189289848248 0.1273670041514773 0.9167471586363721
v 74.5219457334561497 47.3326978413789092 7.8011522997380318
vn -0.4456949256573707 -0.2087783291474781 -0.8704985023086818
v 74.4499073637637565 48.4970391934025145 9.0130275689531150
vn 0.3735274582102135 -0.1232582775323303 -0.9193936235273661
v 73.9450063120927155 48.2242795462523759 9.1233350266219233
vn -0.0322589770109286 0.0581534080549335 0.9977863195763933
v 74.0858451965352600 48.0412467066087032 7.6764333063601908
vn -0.3325224242415392 -0.1512107045201032 0.9308942798272335
v 74.4115982910173699 48.5376207575016210 7.7427328597477540
vn 0.7189060860331634 -0.0936601962423148 0.6887683261477178
v 73.4665563313114234 48.8260922192208398 7.9275352219825921
vn 0.7428523232236033 0.1445793076644943 -0.6536568286773655
v 73.3936168530244686 48.9156219583223830 8.9235746806838456
vn -0.9915661978832245 0.1030010402363206 0.0786591439417025
v 74.8261015680115094 48.1942482483317320 8.4543027518662530
vn -0.2216093277135489 -0.0380062676979321 -0.9743945963961530
v 74.1080130258104646 47.3082119112136255 9.0934181542910402
vn 0.0923997048922549 0.0424509898582385 0.9948166705458247
v 74.0336985611761520 46.8508869006750928 7.6244490285263735
vn -0.9551121876667485 0.0025148420034898 0.2962336654401981
v 74.7398093263523009 47.7521464438732863 8.0833949514155830
vn 0.3399403447446351 0.0283451167714160 0.9400197425427369
v 73.6719897482623765 47.5416183896558380 7.7885391604551470
vn -0.9414996116183083 -0.2184220765917668 0.2566520558653587
v 74.7460259257623107 48.8497515771735138 8.1543397678477838
vn 0.5469544655355761 -0.8314929044310488 -0.0972643948807108
v 73.4175196405684858 49.3267575278924468 8.6380651849119214
vn -0.1427580172138206 0.1370984580115411 -0.9802163849538713
v 74.1167721518576599 48.7711594883648658 9.1269215906790944
vn 0.5770932403824968 -0.0088969833672091 0.8166298032718334
v 73.7583333691713818 46.3938335692233679 7.7581171090074266
vn -0.1313493406190966 0.0414088351111809 -0.9904709279396663
v 74.2137045907520019 46.0375492295189872 9.1251504131051604
vn 0.2426989856591843 -0.9261839999882459 0.2885834377191041
v 70.1845388979827192 45.6072645608528333 -5.6340286205759380
vn -0.3279276220717397 -0.6901076037245901 -0.6451472467304487
v 70.7793277997061097 45.6095625001630722 -4.2856492686862433
vn 0.2417647749971716 -0.0000585536805012 -0.9703348855637590
v 70.4446635112725517 46.3788669445560018 -4.1214802163711974
vn -0.7264035010001181 0.0553312935546200 -0.6850375184530726
v 70.9602245382455550 46.1718464322018818 -4.3303972376700379
vn -0.5110175814115423 -0.7794129708832945 0.3624588974037944
v 71.2769081768147998 45.6047881156434443 -5.0879849846336818
vn -0.8680459761399295 -0.0305062221394629 -0.4955457130457842
v 71.1570210567767418 46.8886744934862065 -4.5784023369307247
vn 0.3900527852558053 0.1290744198399360 -0.9117009481497607
v 70.2032338695966587 45.8472863690913783 -4.2903333975246705
vn 0.2579521036186150 0.0005896211792964 -0.9661575257615066
v 70.4455417105735933 47.0168495547470044 -4.1677163325659050
vn -0.6403252385281968 -0.0306456432687950 -0.7674923018848134
v 71.1252607837384687 47.3315887550658232 -4.4877208015345653
vn 0.9338165421607204 -0.1448110567598373 -0.3271336476535161
v 69.9604289628110223 47.5283735498614348 -4.5457869537001372
vn 0.2353909174048871 0.1207893773906366 0.9643656165131915
v 70.5051146853815709 46.8356668233257949 -5.5939692200828706
vn 0.5469479815338836 -0.0479497449622948 0.8357922753017410
v 70.1555545365697952 48.4433442280512878 -5.4955203242451258
vn 0.6074478951499050 0.1344487497996999 0.7828988366035854
v 70.1473187529589097 48.1436477168050772 -5.5302604307409888
vn -0.2012336940508547 -0.0673119286173334 -0.9772277649782890
v 70.5614386567978187 47.6591251766245350 -4.1612255124956956
vn -0.6527893270952468 0.1360784048025222 0.7452172583729768
v 71.0660189115068874 47.8815957410280362 -5.3744991798001349
vn 0.7449533095122322 -0.1141093405452381 -0.6572850409427430
v 70.0317450683470497 48.8202177804659101 -4.3934569687588745
vn 0.4022992202855025 -0.7845410208295396 -0.4718587966684746
v 70.1668065977781055 49.3290074264136749 -4.2390455892244239
vn 0.9861432800410728 0.1631722461943617 0.0299374230975356
v 69.8397919821192659 48.4532016926631499 -4.8314996707848827
vn 0.0959909308343685 -0.8238956315049782 0.5585532468660123
v 70.6000217371638001 49.4181451442980944 -5.6359999657453672
vn -0.5789831622681848 -0.0975045241283123 -0.8094883356691709
v 71.0417822887986432 48.8643220358829353 -4.3040270874003470
vn 0.3981353268903173 0.1345347037855958 -0.9074076674567293
v 70.3872875423989939 48.2836667516046845 -4.2233523820170449
vn 0.6399141612396403 -0.3112065711610567 0.7026096614131816
v 70.1381190055478072 48.9529343199024609 -5.4938945740487242
vn 0.9885272592147276 -0.0738463223229873 0.1317595479226768
v 69.8125563423763964 46.5837275429453399 -4.7942866480798942
vn -0.8868188480235971 0.0678213609379839 0.4571133270761418
v 71.2460111419736108 46.7035054789136410 -5.2250847164538170
vn -0.2790279770567745 -0.0529994479687410 0.9588192981655160
v 70.7915375362921111 47.2500258150708561 -5.5992148886913942
vn 0.0445719087159504 0.7550136401008092 0.6541924397416579
v 93.0983856839166322 49.7982941527098646 -5.0156805285078168
vn 0.3133718978011878 0.7544728969579474 0.5766876983466566
v 91.2142024369168212 49.7982941002080821 -4.4963447223053628
vn 0.5067515042478923 0.7711382445707241 0.3854201872020722
v 89.6364433521360837 49.7979400233709342 -3.2698341280166665
vn 0.6991858836211974 0.7089397623808426 0.0924311281995403
v 88.4773637898135092 49.7984906610790148 -0.8718039443998978
vn 0.6510042262233181 0.6863249131894386 -0.3242708913468624
v 88.8869597781001772 49.7979789798821173 2.1730731276898410
vn 0.3871049837275246 0.7547445785614255 -0.5296322806489886
v 90.3981895200350039 49.7982941291722270 3.9938955025984582
vn 0.1632027458769638 0.6273988282016829 -0.7614036866927912
v 92.4454443261066245 49.7977685343167664 4.9541442632367048
vn -0.1779738080892007 0.6533305337127259 -0.7358563292877713
v 94.7190665132859095 49.7982940917114547 4.8883296252618669
vn -0.4789694237051533 0.6415609021943303 -0.5991559896480634
v 96.4023284672033753 49.7982940225110084 4.0726738726186893
vn -0.5718115319667071 0.7715623010777629 -0.2787887864772806
v 97.9523112615784584 49.7977498733015054 2.3743269539075724
vn -0.6292429526771925 0.7771407871824455 -0.0102714849723606
v 98.5094970251441993 49.7982939396944104 0.0000343357333142
vn -0.5971219398931810 0.7573177463869198 0.2644148632464551
v 98.0072399090050794 49.7982939619878238 -2.2282605881586930
vn -0.5358324567952272 0.6226162332953745 0.5702916835110526
v 96.7933063384260350 49.7982941488020927 -3.7608794295026344
vn -0.2226617204331395 0.7517410529368334 0.6207311395307757
v 95.0970319583340427 49.7979771259766366 -4.7824816418344280
vn -0.5013102470112182 0.6645264628610617 -0.5541593781566071
v 91.6407586844461690 49.7982940861679140 -2.3837511829626741
vn -0.5694147600098970 0.8070103892894305 -0.1565281529367585
v 90.5129686515829661 49.7984933616099639 -0.8090112124924496
vn -0.1853587696274173 0.7031756294602646 -0.6864300114763128
v 92.4899394655832481 49.7982940873583857 -2.8544844350608285
vn -0.7245614446829469 0.5604832327371100 0.4010851015676342
v 90.8247508614633858 49.7983243920421970 1.5976237946204705
vn 0.1783272638659710 0.7096458985960913 -0.6816172573870344
v 94.0536966187653292 49.7981852715367381 -2.9958794889411640
vn 0.4090898947630955 0.8000291468910026 -0.4388608231860914
v 95.4197748384013522 49.7982940458197305 -2.3184901261120254
vn -0.1435902928538891 0.8044257586374701 0.5764382244774067
v 92.7882149149295117 49.7977470563037699 2.9898675547385518
vn 0.6887199191773283 0.6882366988226788 -0.2280243831743347
v 96.2650687954766795 49.7982941190327750 -1.1764205914324846
vn 0.6826475813813363 0.7094799097338623 0.1750158201941824
v 96.4787853508008197 49.7982940541297054 0.5817883557308511
vn 0.2904898298977867 0.8255031332772731 0.4839010597997899
v 95.2830998287174538 49.7981123883489545 2.5169189374389149
vn -0.2646842993114428 0.8284336911748086 -0.4935988665145945
v 92.0191454183580930 50.0983229200993350 -2.6757079251272051
vn -0.5472291962482337 0.7556021134745552 -0.3600078511453569
v 90.9011731605768603 50.0982932085856945 -1.6011119928879503
vn -0.6710198118273900 0.7412039960934834 0.0186828346399961
v 90.4388561939072702 50.0982932079515706 -0.1004215594696054
vn -0.5513309427216280 0.7823150913070319 0.2898573606292436
v 90.8011390175088451 50.0982932086114232 1.4278450431079128
vn -0.2909319586925957 0.8468166607327446 0.4452641221979752
v 91.8696337447988043 50.0982932080485455 2.5785759145287162
vn 0.0555226408935541 0.8110696576302490 0.5823085494991090
v 93.5397311367447202 50.1009194158853788 3.0654134087526046
vn 0.3776561113531932 0.8752317728386581 0.3022336933091417
v 95.7661868411645827 50.0983089532373285 2.0920038079479921
vn 0.6459076148212844 0.7634144733364653 0.0013019279115239
v 96.4991274254937963 50.0982930463348524 0.1509313998701945
vn 0.5908368291655905 0.7328468464987115 -0.3374127159406489
v 96.1881071385719650 50.0982935862292891 -1.3635500256941837
vn 0.3594567423602432 0.7441993255866013 -0.5629904210270452
v 95.2563870585180013 50.0982929726194328 -2.4374613002137830
vn 0.0219907930690426 0.7561869208378702 -0.6539860440207689
v 93.8064414401756466 50.0987479231034172 -3.0329398538012899
vn -0.5229999708038807 0.8069264428465647 0.2744826886601955
v 91.2593726031398518 50.0979328470128138 1.2378032927437317
vn -0.4762079240528115 0.5600949566973332 0.6778787889818682
v 92.1718474468261775 50.0982931890837051 2.1483845205606280
vn -0.7902115112092593 0.6083953581697829 -0.0736264606635451
v 90.9450035245134956 50.0979519809837726 -0.3387938304785459
vn -0.1220910605752198 0.7146098944940225 0.6887862307123017
v 93.1140691824235063 50.0982122385742272 2.5019884223016828
vn 0.1968339949503680 0.7118219289021925 0.6742150398543780
v 94.0380092944648567 50.0982932204594320 2.4448736247265463
vn -0.5591268270097562 0.7111705652140052 -0.4261614934402148
v 91.4935833828074010 50.0982933357470657 -1.5588374444618540
vn -0.3926526439355973 0.5589676976535523 -0.7303280182152895
v 92.2574456528592890 50.0982933702780784 -2.1979397938314373
vn 0.5881779258466324 0.5610634699669811 0.5824555864745089
v 95.2874294761044780 50.0966851658900509 1.7944158919243072
vn 0.6862762095494445 0.7116451645398439 0.1502868057864865
v 95.9498524904620069 50.0982929682840918 0.4997668297447803
vn -0.0465871169727266 0.7141110802207120 -0.6984804976791960
v 93.3910724445175617 50.0980166976664663 -2.5369744953011688
vn 0.2838789783386979 0.7112594637685825 -0.6430573075994128
v 94.5219906356920774 50.0982934494720311 -2.2875818310270462
vn 0.6690069607922606 0.7134409711602909 -0.2084026561283794
v 95.9154708454541236 50.0973055298787813 -0.6853424175230326
vn 0.5133949387296101 0.7119232139031566 -0.4791565238965447
v 95.3250066006166037 50.0982931604806225 -1.7046139654636696
vn -0.1833198767221008 0.6462924210612540 -0.7407428226296739
v 92.7122368038655509 52.5703512066890113 -2.3708610455296566
vn -0.5589490076117920 0.5929779120883070 -0.5796147019056582
v 91.8392961066197273 52.5581967935977232 -1.9023871114048800
vn -0.8794384150603181 0.2463707406472308 -0.4072953869971163
v 91.2271432403083509 52.3985584445633208 -1.1158218460327987
vn -0.8618511962741203 0.5039409670851942 -0.0570615209585827
v 90.9521309177370796 52.4060075502319478 -0.1877088786615859
vn -0.9412962178559476 0.2358559875775182 0.2415230493636621
v 91.0872405446627909 52.3990285404820995 0.7633128044663448
vn -0.6025723627549572 0.6972748401150899 0.3882194546727202
v 91.4632331086939985 52.5544435620365107 1.4993765388718081
vn -0.2891903749251090 0.7153259162654607 0.6361428774808801
v 92.3582266637070290 52.5759954934092590 2.2403351070016644
vn 0.0402647811854405 0.5645849096908400 0.8243922774659370
v 93.5688531392418810 52.5475641161514062 2.5193740609701534
vn 0.3638858189656176 0.7572340040750137 0.5423871069893199
v 94.8232334024811365 52.5728341963521402 2.1191882477612154
vn 0.8716804821567976 0.2901211973960649 0.3949719329881130
v 95.6875978832361938 52.3783111959157281 1.2535789009679723
vn 0.9702113502221839 0.2403712401361863 -0.0301927609774060
v 95.9947755683596284 52.4059230573433368 -0.2388044423470040
vn 0.1564505659835800 0.2517476179244861 -0.9550635357256418
v 93.8126775987927886 52.3937164757970351 -2.5137716961324474
vn 0.3729935404599551 0.9271344118150182 0.0360222320736508
v 95.8614526594612357 52.5994858756780914 0.0106419400009598
vn -0.3033694881117885 0.9493437529905819 -0.0819352936197108
v 91.2236377479870555 52.5992326945680517 -0.7362787351516699
vn 0.3421844901898917 0.7545900230115502 -0.5599139861129674
v 94.8973424391479199 52.5755797690898561 -2.0465498789754903
vn 0.7034228386693795 0.6014982448266768 -0.3786768695190392
v 95.5774932237114143 52.5594977895192841 -1.3659356224027872
vn 0.3593552934811683 0.9113838778380677 -0.2006070792965921
v 92.3237871390089282 52.5712271685139427 0.6722083120769274
vn -0.6299245217479600 0.6931471451257845 -0.3503457322482731
v 94.5066212677872102 52.5979954386516297 0.3735710283492357
vn -0.5432117307975046 0.7694123117686715 0.3360442084350927
v 94.3720555697875909 52.5517052438363237 -0.7201828228032001
vn 0.0444211103188377 0.9108558080010811 0.4103272620588829
v 93.4094905425822333 52.5718560745378483 -1.1812667690877250
vn -0.0518034157558652 0.8165509255203580 -0.5749443383040413
v 93.8581385865155653 52.5906576155037939 1.0695158531148319
vn 0.3731611762526244 -0.1202756189477588 -0.9199372326547564
v 93.1619149746383926 50.6324441779575523 1.0493345657324340
vn -0.6224930174856134 -0.1923709004925830 -0.7586144474140528
v 94.0809197411665963 50.7226005697014344 0.9231927402350700
vn -0.9871245348292234 -0.1566725385164822 -0.0322314817064122
v 94.5621800054068160 50.7665546823658858 0.1141135582468606
vn -0.7275069485657676 0.0127979128683352 0.6859809423116214
v 94.3099799348345584 51.1264285027662382 -0.7916001667131314
vn 0.0724914964010592 -0.0032601688157401 0.9973637020910817
v 93.2556701065884113 50.9937979663595087 -1.2120495881543025
vn -0.6553926126447727 0.1231776376825475 -0.7451763501786715
v 94.3322646043302342 51.4224795415213265 0.7536635953292542
vn -0.9737917991248527 0.0552169035303521 -0.2206368634695986
v 94.5689580222212101 51.1725030146344011 0.2631477337386048
vn 0.2247874780126040 0.0050025099689942 0.9743949736235009
v 93.3729661972734704 51.4043830082778186 -1.0816707972963224
vn 0.9276669146275069 0.0493440495055565 -0.3701341112135909
v 92.3957122326285969 51.6554900923643459 0.4357751343004430
vn -0.9988892324262461 0.0245510433754437 -0.0402187470227791
v 94.6173051067371205 51.7984837117670125 0.0153941985876474
vn 0.2184238886602876 -0.1150888267562011 0.9690436351467355
v 93.1272123885566998 51.9349112643267645 -1.1412302517233091
vn 0.8306489935039567 0.0195603710331560 0.5564527306752199
v 92.4915670645668939 52.1297753780033801 -0.6096094794787212
vn -0.6565636283402759 -0.0351921272296804 0.7534492127022909
v 94.1705984461077179 51.7388128511487011 -0.8981112081933126
vn 0.5873412463416607 -0.0734438333559565 -0.8060001635780275
v 92.7444264398333758 52.2390564615157373 0.8579093345348272
vn 0.8919024132568398 -0.1102355242392830 0.4385866099441658
v 92.4521297893832639 51.0061497677943549 -0.4900589621504434
vn -0.2978603434417495 0.0290052946552162 -0.9541687003285777
v 93.7638806441280366 52.2091918554645673 1.1605837643786643
vn -0.9650940186518142 0.2407503029196250 0.1031155992398855
v 94.6064838723808066 49.1039164941859241 -0.0201393033208456
vn -0.3531553783937869 0.8084785356856562 0.4707905437103831
v 94.2921392327169059 49.0340346195685299 -0.9365607753234195
vn -0.2983274445495261 -0.1246454726402279 0.9462897241219752
v 93.9072519925299218 49.3075163212835221 -1.0073368159754192
vn 0.8464015889387093 0.0567681125571065 0.5295108418519225
v 92.5416632458665305 49.4372653376536633 -0.6627070680528393
vn 0.8151623827200034 0.0413431588829927 -0.5777551670143872
v 92.4774259980810598 49.4006424999138360 0.6247609982656062
vn -0.8365638693993881 -0.2021166771019356 0.5092246471379752
v 94.5002651904469531 49.5603269591109949 -0.6760822968570344
vn 0.8800481892796859 0.2438509292663074 0.4074946733903459
v 92.5289330634512055 49.8583564543938351 -0.6170562712575091
vn 0.1669786101204175 0.1187293806611486 -0.9787857160431356
v 93.3358938368568403 49.9358838736286188 1.1197633619967131
vn -0.9267308172148047 0.0676197133563120 0.3695910805065383
v 94.7453324539447692 50.0334510952182185 -0.4178276314619555
vn -0.1136947817709639 0.0811772826406907 0.9901937918312386
v 93.4510293513938848 50.1617330844696028 -1.1786469712232652
vn 0.7596296977216975 -0.0125062388205241 0.6502355852533805
v 92.5010344286494757 50.1862204274248427 -0.8568356567917857
vn -0.3467408077528488 0.1738956234227838 -0.9217001271527000
v 93.8108351074287867 50.3610394944655795 1.3103039255390927
vn 0.8956341966467094 -0.2139427162544515 0.3899588439292931
v 92.3998632682670689 50.5169168430977038 -0.3585832153633119
vn 0.8871957497620063 0.0186988067277553 -0.4610141605538700
v 92.2490705032845710 50.2634793049083797 0.4772138597229257
vn -0.9999114912443037 -0.0130998043324362 0.0023248234437881
v 94.7936125276706179 50.4673487149839843 -0.0621048416092297
vn -0.8841945005719979 -0.0704877069287582 -0.4617700383634267
v 94.4316461637055227 49.4724640963852806 0.6484597708383241
vn 0.7665904371942327 0.6418158580332436 -0.0202856101561311
v 92.4360382506420706 49.0222628728350571 0.1528759047481862
vn -0.4948375290107115 0.6556281828473439 -0.5703398160209956
v 94.2269698791284895 48.9982947557208774 0.7578176977147570
vn 0.2372045147860168 0.6480122432590182 0.7237500609682500
v 93.0870122291266142 49.0514893883669245 -1.1298843981489370
vn 0.1890012707310506 0.8395663066715321 -0.5093200726105059
v 93.2196977918238048 48.9982942625726707 1.1042908421461934
vn -0.4223408911450278 -0.8184471078654570 0.3895799061726524
v 97.3434023051783299 45.0982928125201354 -7.8660442997869779
vn -0.6407013849871219 -0.5600174371008864 0.5252449004212593
v 97.4676360953623089 45.0982932979231990 -7.9133683537506103
vn -0.3526248400004021 -0.7224242856299515 0.5947763224496626
v 97.6484642578756876 45.0982932978781790 -7.7765634309168217
vn -0.1162144187716582 -0.5732371687529912 0.8111062552031147
v 97.9133371035972715 45.0983380477255338 -7.6942413587961394
vn -0.6954254839986515 -0.7144944976153714 0.0766877374982427
v 97.1758245526778524 45.0982932347483683 -8.3160772756489418
vn -0.0138639861852554 -0.8347624903155291 0.5504356226201854
v 97.9981769243750875 45.0933608445263872 -7.5622229792482942
vn -0.5186462770608954 -0.8413815709421032 0.1519312060436287
v 97.2948152807139337 45.0983142007602211 -8.1914250146072138
vn 0.1860812868825499 -0.7199157648954686 0.6686516627715109
v 98.2094612205451654 45.0982932979136777 -7.7380169880412986
vn -0.7752051419937185 -0.6091853401180417 -0.1671831606704588
v 97.2895349688134132 45.0982755013668637 -8.5739868483642052
vn 0.4592434071067068 -0.5582830585786273 0.6909526174298182
v 98.3796358890988074 45.0982932979751041 -7.8271927249419617
vn 0.4190668291409556 -0.8133707566333928 0.4034984572056840
v 98.5419229366204803 45.0982930989653283 -7.8196563858342536
vn -0.3890584765009989 -0.9005757594991732 -0.1938989511709875
v 97.2262573337393121 45.0982932888895007 -8.7320157073739306
vn -0.5773015513321238 -0.7119841605587429 -0.3997517654032132
v 97.3933514883405280 45.0982932942348000 -8.7960839960215331
vn 0.5667584579140932 -0.7141252323590466 0.4108649448309952
v 98.5707512797453802 45.0982961995277947 -8.0163042467089216
vn -0.2989226619789898 -0.7143550539707917 -0.6327259272558552
v 97.6677049338006924 45.1031678676849950 -9.1781263360618368
vn -0.4119661116614151 -0.7059601532404159 -0.5761112608510119
v 97.5924293490946297 45.0983725324948921 -8.9999239076083253
vn 0.8128710149308862 -0.5574572652701342 0.1687664376668964
v 98.6638320296908091 45.0982932980857214 -8.2733652593151188
vn -0.1083817904745588 -0.7024329606492044 -0.7034495883054606
v 97.9041827576055539 45.0982932941168499 -9.1006650644737963
vn 0.6990142453361833 -0.7101575720164220 -0.0839958792133667
v 98.6747885056958722 45.0982932978710735 -8.4645147931866518
vn 0.5809716346971406 -0.8128912304282468 0.0409854507134292
v 98.7845842090018635 45.0982287778154856 -8.2732999260124149
vn 0.2881724739626781 -0.8095802212706064 -0.5114063849598143
v 98.3477863279988611 45.0983814936140703 -9.1323169327685942
vn 0.7576295311797100 -0.5577337630008792 -0.3390140750666438
v 98.6229454150714844 45.0982932979742088 -8.6677069772764987
vn 0.3849243032645627 -0.9019782699683395 -0.1956233147178840
v 98.6993026710707966 45.0982929615546979 -8.7695278667642516
vn 0.2327623106649505 -0.5635135199338877 -0.7926375083136258
v 98.2011978996168722 45.0983057521658566 -9.0712807160001105
vn 0.4893305632021326 -0.7127500384438058 -0.5025365485361608
v 98.4948082959697473 45.0984192943284015 -8.8744890942198502
vn -0.8451705635984448 0.3791921280660076 -0.3766962283318743
v 97.1849096666331462 48.3275966804336576 -8.6880353972248070
vn -0.9076597412095017 0.2375916797528363 0.3459826410381396
v 97.2436603541846978 48.2982445108453931 -8.0616845301364499
vn -0.3781765209748286 0.6959194446730715 0.6104741153474885
v 97.6137913511497288 48.5132153415912484 -7.6833306668211288
vn 0.4405867957597402 0.4207482447039153 0.7930032723644582
v 98.2676188710984491 48.2917041769189268 -7.6209748022261028
vn 0.8831784695865090 0.2382976539373484 0.4039925976881102
v 98.7721714077548398 48.2998882146921602 -8.2132751081548534
vn 0.7392303935907429 0.6275051919326533 -0.2444906118631944
v 98.7247999753821261 48.5467129418544658 -8.6696122110916338
vn -0.0545149119029331 0.3295359885387709 -0.9425678525379436
v 98.0209542686459230 48.3295792401387558 -9.2606338334221370
vn -0.2327064531204559 0.9192884102550102 -0.3174216839582846
v 97.6830902478151160 48.6193932323637483 -8.8575253707908335
vn -0.7609485519454301 0.6066159197612525 0.2301617413567310
v 97.2911508932186138 28.5982937255009873 -8.1849686751401620
vn -0.4926915154785529 0.7018394772468145 0.5144671211587432
v 97.4752107914014800 28.5982933003040998 -7.9056013991805898
vn -0.3223610154525219 0.5600705023957925 0.7631542491937940
v 97.6583304086068580 28.5982933003100541 -7.7715049875401148
vn 0.0173718695802986 0.5628781374533457 0.8263573201251003
v 97.9480668461135622 28.5982951653966211 -7.6921594388788259
vn 0.3132559267666971 0.5590225351030570 0.7677008073413035
v 98.2196594735284378 28.5982933003030197 -7.7417289023585498
vn 0.4661474183316646 0.6993197737640745 0.5419026097051830
v 98.3881752112444445 28.5982933002939248 -7.8333314427471201
vn 0.7592228235629975 0.5489523261139240 0.3496170016391387
v 98.6069797959169421 28.5982755919287364 -8.0726138700187509
vn 0.7251923126195657 0.6880054750851443 0.0272869194001650
v 98.6777311425619104 28.5982933003089244 -8.4055315000973696
vn 0.8041754052980389 0.5433292905261072 -0.2410294578887233
v 98.6432729045514805 28.5982933002947064 -8.6118586295804231
vn 0.5843396708656029 0.6959372730409601 -0.4173948502856629
v 98.5430409661113771 28.5982933003138022 -8.8158251228304305
vn 0.3917296821764779 0.5580967272276035 -0.7314888236738505
v 98.2793135032725189 28.5982829933280236 -9.0432545705088074
vn 0.0023376366141982 0.7007729331486409 -0.7133805657720923
v 97.9392729463737055 28.5982932991828420 -9.1019285316070011
vn -0.2933672495728296 0.7070108352570651 -0.6434837493730360
v 97.6361063474747084 28.5980327115408208 -9.0270718211303951
vn -0.7297763377704798 0.4530492311658270 -0.5120282130609208
v 97.3927935660956905 28.5982932991604422 -8.7964459514058024
vn -0.6833865332010514 0.7149239945951612 -0.1478733518641757
v 97.2921995424769648 28.5982888952392109 -8.5732841295881670
vn -0.0519341662968898 0.9298351006204174 0.3642931896498552
v 97.9113690414541651 28.5987632837084966 -7.0547943929390895
vn -0.3048384798761192 0.9397518504975781 -0.1547254364130039
v 96.7767616686175529 28.5983478966572164 -9.0423758509339542
vn -0.3152675378538614 0.7446919545030365 -0.5882518784279499
v 97.4647010378547805 28.5697713118605776 -9.7152697093639375
vn 0.5526070862085324 0.7557722886198217 0.3513312625236653
v 99.0327731432067964 28.5601213928166722 -7.4057873163103496
vn 0.5469955784275322 0.8138543624540668 -0.1960533445142261
v 99.3355621521545515 28.5582110856123634 -8.8922574226917686
vn 0.1890402288220697 0.8137094537952799 -0.5496732817693494
v 98.4042836615853957 28.5804153264183078 -9.7501551661110000
vn -0.6600024853240768 0.7190679721103261 0.2175729092768334
v 96.6191108072982985 28.5666386954478178 -7.9467123936717217
vn -0.1822383145737908 -0.4842102906198592 -0.8557625787326387
v 97.5779676429153682 27.7856648824351353 -9.8236876383435785
vn -0.6915511336699796 -0.6804775288910223 0.2422960218289477
v 96.5778875660875400 27.7877213343897864 -7.9517963563011298
vn -0.5139086658548589 -0.3640687164729782 0.7767572676486503
v 97.1424579294501456 27.9646268049549889 -7.1603928234591869
vn 0.6686752478552028 -0.7343158132699471 0.1168490448719162
v 99.2919083454313522 27.7902919107763466 -8.0196130457368184
vn 0.8322688840889699 -0.5240098832486333 0.1809479119389186
v 99.3573866955607912 27.7700520024984456 -8.5398946236657221
vn -0.8751957939684655 -0.2024722606078692 -0.4393601095960424
v 96.6882592184821874 27.9113454332066624 -9.0857054402808775
vn 0.2304688796515800 -0.4804131346826189 0.8462194251708982
v 98.2424151112650463 27.8037949382086893 -6.9525010126850821
vn 0.3807617418987085 -0.9089395067907108 -0.1698513140994815
v 97.8266800046527294 27.5352206353294946 -7.3275539304952648
vn -0.0844572229019594 -0.9499099117330011 -0.3008955584436079
v 97.5812486794809502 27.3040689575331506 -8.2032952008600990
vn -0.0779549816539991 -0.9778208373846482 0.1943950380326363
v 96.9240299038630866 27.4997639578250528 -8.5983531891440332
vn 0.6647230972975752 -0.3319689601719892 0.6692830592517988
v 97.6968767601743338 27.3152418245822552 -8.6498778012000983
vn -0.4213113728245380 -0.8370029528345568 -0.3491744321609701
v 98.2002313712393544 27.2375660674631455 -8.0461874387376575
vn -0.1256790133940007 -0.9442348599168799 0.3043440732297262
v 98.2957259226361089 27.2814385407403037 -8.6345549470092884
vn -0.2445555253724760 -0.9413139953823105 -0.2326382537485692
v 97.9479181512614474 27.6154530705930981 -9.5797374504524360
vn 0.5214346654451685 -0.5217760247300326 -0.6751708448155989
v 98.9333027647530088 27.7509872847966896 -9.4420509688024392
vn 0.5764084044249145 -0.5142507305713928 -0.6350586881659939
v 97.7984811455249030 27.9482941858603482 -7.3090722480354042
vn -0.6025824098322132 -0.5023856017749092 -0.6200831770739028
v 98.1501851548630952 27.9482934532975413 -7.3099630347329922
vn -0.4738707925783469 -0.8735240528186287 0.1113651699971195
v 98.3007686687115267 27.9458755308825424 -8.4280470431959316
vn 0.3600710042560314 -0.9170363495063411 -0.1714444679134823
v 96.7918732604309753 27.7745639204182773 -8.2022788498112860
vn 0.3948469579703521 -0.7921895538309047 0.4653295505152787
v 97.2004562318797980 27.9515588812481148 -8.5417554399470834
vn 0.4501947472322637 -0.5370723147053248 0.7133568660506064
v 97.9429804992657438 27.9570578672312031 -9.4014789082748784
vn 0.4505406651168709 -0.8294343803699993 -0.3302297953490617
v 97.7152863532025151 27.9435379962461212 -8.1601541933498360
vn -0.2029268639635608 -0.9041755393476303 0.3758820053252567
v 97.5894879754844737 45.0982932075344038 9.1126258675537670
vn -0.3427382123398676 -0.7117955195440528 0.6130886201513479
v 97.6335787103328414 45.0982932979204421 9.0143520226587910
vn -0.5231064532643827 -0.7133648254730017 0.4663370715813104
v 97.4296441563845974 45.0984106734774670 8.8517854989461959
vn -0.4999795031968962 -0.8165266823171059 0.2886254899471025
v 97.2090241295543080 45.0982927218607159 8.7045830016955552
vn -0.7930206530900096 -0.5592644597585685 0.2415398679797010
v 97.2946021071943790 45.0982932978512849 8.5854070677989434
vn 0.0819229305384670 -0.8122055776528745 0.5775904544584771
v 98.1394241974283261 45.0982927433900400 9.2069518934890926
vn -0.1441949479810529 -0.7133752530729577 0.6857868220371655
v 97.8677585989331362 45.0982658710937869 9.0987547321654763
vn -0.7031594532705588 -0.7097090320771080 -0.0433575029772599
v 97.2737386414756600 45.0982933014827481 8.3597565269652918
vn -0.6814140245135357 -0.7165436821134580 -0.1491310793213619
v 97.1928985822032701 45.0982932344274445 8.2057662462470358
vn 0.1548052520470108 -0.5594708189918510 0.8142651513083738
v 98.1423908538545362 45.0982932979175075 9.0821055265554076
vn -0.6339291462772546 -0.7120445632630951 -0.3018714584515393
v 97.3205533379296241 45.0982932978371451 8.1373537075344000
vn -0.5227663608497511 -0.5629463224043686 -0.6401615187242237
v 97.4908337936332998 45.0982976670973201 7.8838992434962796
vn 0.4778804934931983 -0.7125139140913713 0.5137646894881849
v 98.5205587661730249 45.0982933019154970 8.9871773527614991
vn 0.3735177093486440 -0.7135186909887493 0.5927694310713431
v 98.3846990460916260 45.0983216853311788 8.9762689431584040
vn 0.5802932814870591 -0.7119798582324521 0.3954040831001601
v 98.5716478600121633 45.0982932978777171 8.7715138057200317
vn -0.2523320433131510 -0.9084203086065809 -0.3333182905700411
v 97.4593784912124903 45.0983393127346019 7.7488653898786453
vn 0.6912342284244657 -0.7125702962557393 0.1201616176174463
v 98.6826730210955958 45.0984133454136327 8.4811988458243448
vn 0.6638552795676610 -0.7147029239178935 0.2202178429041493
v 98.7026935880733873 45.0982930653494236 8.7501069743371129
vn -0.1485731796578129 -0.7150445854945943 -0.6831085206914281
v 97.7688329849911355 45.0982900682742596 7.7255693858586811
vn -0.0090459555416207 -0.7241070757141163 -0.6896282430332230
v 98.0749295119439068 45.0982930387677143 7.5895088487211027
vn 0.4293573623850375 -0.8997250287949309 -0.0784036218916204
v 98.7833864942907525 45.1003111591133745 8.2563024304040660
vn 0.7863061065990499 -0.5543001260222719 -0.2728993899163883
v 98.6372144365940926 45.0982932978666398 8.1646393018158889
vn 0.1241388298146845 -0.8422474881429854 -0.5246033927159378
v 98.1289768517911654 45.0982234309924692 7.7062253484923859
vn 0.4620598713274598 -0.7135948525476468 -0.5265767386871103
v 98.4905350622040601 45.0983253765864092 7.9124483553336109
vn 0.4830397451550006 -0.7166176435489625 -0.5031220106047083
v 98.5275605825490004 45.0982932630186966 7.8086385734864878
vn -0.6203666684515992 0.4594649743868879 -0.6356391539119660
v 97.3399019323791634 48.3276347425783612 7.8085257096423595
vn -0.8884209219581412 0.3835617914781063 0.2521678360639048
v 97.2031985581692197 48.2979670921185047 8.6892575792443196
vn -0.3841146642883567 0.2562873267101637 0.8870021030676313
v 97.6784915661933439 48.2912321763200083 9.1765972439615613
vn 0.3995395325768409 0.3449538511355027 0.8493379789548239
v 98.3504513312456794 48.2994041734926043 9.1267939516186409
vn 0.7469491395710691 0.5243475094092706 0.4088112917598221
v 98.6940893041219169 48.2983347446546034 8.7674028070346424
vn 0.3046248926741184 0.3225619670317680 -0.8961905222595685
v 98.2013641159137904 48.3066357117445051 7.6116673399869867
vn -0.1098538002036846 0.9394693248176177 0.3245451129004079
v 97.8460776999300350 48.6504504104408397 8.8649743637214407
vn 0.1934347769531294 0.9469646374895457 -0.2565949383939328
v 98.0914678843469119 48.6882658031741045 7.9900329877942529
vn 0.9108773210807779 0.3153369033009537 -0.2662050776323971
v 98.7836746187990258 48.3022360298527857 8.1953494632202641
vn -0.7189023549548148 0.6895155394120938 0.0880211619422911
v 97.2769492810342911 28.5982932991814991 8.4873564239612431
vn -0.6251463748333954 0.6880424271308235 0.3684964429958437
v 97.3762171918416186 28.5990687919324849 8.7822668338487784
vn -0.4502802494786387 0.4459821989740758 0.7735292981702134
v 97.6117314403797423 28.5982933003129460 9.0040822705015469
vn -0.0505556656055525 0.5516457538810093 0.8325449458739344
v 97.8972102076227344 28.5982874573341057 9.1031281414268310
vn 0.2204811547474148 0.6979573042628104 0.6813542851024253
v 98.1529139241985717 28.5982933003040891 9.0794262104336418
vn 0.5481943141484767 0.5552991535088566 0.6254005468878554
v 98.4149486227862695 28.5982836839009593 8.9539418816718968
vn 0.7498226975535425 0.5533278562148018 0.3627591567007794
v 98.5854089195311758 28.5982933003055884 8.7465122935149022
vn 0.7113852208233562 0.7014188255119699 -0.0440760571230419
v 98.6887912893621717 28.5982593866261112 8.4110814532516791
vn 0.5855843611684880 0.7057507586373154 -0.3987565957294594
v 98.5351748084292041 28.5982716134515300 7.9641110670290827
vn 0.1937523383107632 0.6082741318083003 -0.7697159293999117
v 98.1455943362160355 28.5983148246652661 7.7036518762869370
vn -0.3131843326476980 0.5521443459004836 -0.7726915264671558
v 97.7447909460722002 28.5982925094023344 7.7334823188033308
vn -0.5315683863895657 0.7057029909632565 -0.4684211130347427
v 97.4684617464659198 28.5982923636714901 7.9069204425929538
vn -0.8002205994837920 0.5576839056993211 -0.2205349257731100
v 97.2970755475621303 28.5982982376753085 8.1977733230525498
vn 0.7156012166265233 0.6965885881387553 -0.0517613527401996
v 99.3685378707489946 28.5574202608184109 8.3580685779682451
vn -0.4520922266402557 0.8153063456030206 -0.3617847169670160
v 96.9397932849005457 28.5899877595807226 7.4436602139320893
vn 0.3799743786450154 0.8728590207693999 0.3061643373007686
v 99.0373869665285866 28.5809603055968431 9.3430821465531722
vn 0.4203144971074052 0.8480364230355040 -0.3227536966891266
v 99.1268462221484725 28.5780721267129216 7.5899022844947179
vn 0.0374453368727561 0.7299829980588527 -0.6824387659647529
v 98.0983755427872524 28.5719598632926690 6.9525936466965863
vn -0.7752079711437718 0.6156429472848626 0.1415498602385918
v 96.4919636681827910 28.5347365801154176 8.5492795274171627
vn -0.1131654320173835 0.8252170626527868 0.5533627964572839
v 97.5703900220766656 28.5701531474634614 9.7963187865896550
vn -0.6659808349250460 -0.4449453435231133 0.5987429905974994
v 96.8922119062132623 27.7930730095849796 9.3122371027327446
vn -0.4988128907471786 -0.4298388161844335 -0.7526116476148957
v 97.1448233053243513 27.7675916939706937 7.2503766244457166
vn -0.5474781258868588 -0.8310422437199004 -0.0981656295676166
v 96.5837942971354551 27.8378325337156411 8.5120807278660511
vn 0.1820446983766409 -0.9606413747510618 -0.2098282080878253
v 97.6943970859511097 27.2496756431553280 8.6636152607219099
vn -0.2933825610421683 -0.9336403430985389 -0.2055295176250374
v 98.2197874205558605 27.2965926580139211 8.6692482766487551
vn 0.1809534046700252 -0.9723749570265507 0.1474544278275151
v 97.7090319954157991 27.2965360352681365 7.9615877122965548
vn 0.4918854247545710 -0.4093066256701760 0.7684509191200890
v 98.7431924814314073 27.7654482830322173 9.6414010032847397
vn -0.1840574735629134 -0.9553357817913768 0.2312063806530784
v 98.4304405355802174 27.3161986462469102 8.1716480144009225
vn 0.7175756524866111 -0.3906140661228073 -0.5766331886957439
v 99.0789780594378158 27.7312405594595610 7.4288309728507471
vn 0.0482440366481478 -0.7501780557214169 -0.6594735761514080
v 97.9855094367700588 27.7474685330451365 7.0282578506534081
vn -0.0983517006210631 -0.6970451071332913 0.7102499993709844
v 98.0175099373671657 27.7784038152932737 9.8035502981057530
vn -0.0194240666929031 -0.7614900407799186 -0.6478855017872429
v 98.0182795657501913 27.9433808244942234 8.7743125068085774
vn 0.7225972999170243 -0.6757097108997153 0.1458407650434168
v 99.3427077777553649 27.8215727090745588 8.5245871801445929
vn -0.7984654246060845 -0.6020261430809121 0.0041819559713572
v 96.5901258560281519 27.7768183106999977 8.1664836968458125
vn 0.0044100302797910 -0.8874769807150803 0.4608309455036373
v 97.9568486569599912 27.9658895009882258 8.1072651690519422
vn -0.3901103889793873 -0.8097168028383975 0.4383749349717826
v 69.9940263501063384 45.0982931943940102 -4.3293858449905889
vn -0.6212763384431000 -0.5596756258057548 0.5484331364621137
v 70.0318738795904352 45.0982932978707041 -4.4520959541237239
vn -0.2833907935926523 -0.7142706280764561 0.6399274396165489
v 70.2472703487173362 45.0982932978252435 -4.2745731061603420
vn -0.0482674562240938 -0.8356341514267293 0.5471616010275077
v 70.4553911172213247 45.0982930471789203 -4.0949000876783934
vn 0.1424175737766880 -0.6930136019139670 0.7067173283865279
v 70.6480852755923081 45.0987601803586671 -4.1869148578313027
vn -0.6656694147052081 -0.7149623690299590 0.2138060831620434
v 69.8880293068905019 45.0984199275623183 -4.7165395631987037
vn -0.5282881181750267 -0.8419592931824129 0.1096184875778750
v 69.7829826002121365 45.0982932925956135 -4.7359138912281091
vn -0.6971161893212661 -0.7115088289540442 -0.0882281412398640
v 69.8821675762180519 45.0982933056250275 -5.0219947999685912
vn -0.6667631501073008 -0.7232881656196264 -0.1796695052967671
v 69.8149513357399343 45.0982932084058561 -5.1927334969180805
vn 0.4699520208134797 -0.6949617858871339 0.5442179841661724
v 71.1372149935083513 45.1165825630630763 -4.2547496777902838
vn 0.5717659481405852 -0.5302427944787698 0.6260401580172336
v 71.0519054886705561 45.0982541378847515 -4.3796284003446990
vn -0.6032606499373330 -0.7147266068654308 -0.3538961227193861
v 69.9685108987486473 45.0983559528208033 -5.2638277963294966
vn -0.3250820430896664 -0.7214528023881520 -0.6114143596505814
v 70.2839440089524459 45.0981472209154219 -5.5562698647378124
vn 0.6785182955558622 -0.6766244837922316 0.2859934099395711
v 71.2263902470934482 45.0982931925723420 -4.6297311954025533
vn -0.3835413706008784 -0.7293808429206409 -0.5664800111371761
v 70.1944460084931023 45.0982935686704494 -5.6277799980312384
vn 0.1171899593790002 -0.8144147958684997 -0.5683265379086377
v 70.8143034041219437 45.0982937185466781 -5.6831654249631658
vn 0.7009300825727753 -0.7132177417551656 0.0041799749023564
v 71.2801379834754414 45.0983151875224948 -4.9318299263878265
vn 0.5625188631417585 -0.8254933673778883 0.0461868923485707
v 71.3824394194043776 45.0982932422362239 -4.8996771468573002
vn 0.1630149481597785 -0.4554072076178117 -0.8752316275856420
v 70.7213555501868285 45.0981897124825224 -5.5917512835745589
vn 0.3940950953172818 -0.7102697026282762 -0.5832718108868306
v 70.9452416589460455 45.0982932979141040 -5.4965949707466937
vn 0.4307883397167585 -0.8653531462433740 -0.2560963464221476
v 71.2591240829947026 45.0982929740204881 -5.3395341792846889
vn 0.7699382890485066 -0.5592610254747411 -0.3072818517940805
v 71.2104732666245894 45.0982932978774969 -5.2002201255907714
vn 0.6373314708888735 -0.5577344671642178 -0.5317338247202927
v 71.0922459312942294 45.0982932979855491 -5.3734316434638245
vn -0.2772783477338096 0.3301779424781859 -0.9022744838345369
v 70.2071916217411314 48.2988420387716815 -5.6342015741788680
vn -0.7903879990119759 0.4015089371269467 -0.4626849731999458
v 69.8303213803220615 48.2985022305687295 -5.2246282604743248
vn -0.0894008991747207 0.2810452024941612 0.9555213620750544
v 70.4565553181831916 48.2993801544738588 -4.0876048563934617
vn 0.6037502828847959 0.3269271160738118 0.7270517565429501
v 71.1075526982927926 48.2839446503625425 -4.2686442327432559
vn 0.9227067286768635 0.3843759904594601 0.0294514993294081
v 71.3879002102626288 48.2985447218271702 -4.8385847578401870
vn 0.5154401427046587 0.3508095364605626 -0.7818274287954639
v 71.0436013616632209 48.3499682293022843 -5.5890328613983336
vn -0.7975374024593073 0.5234590416652385 0.2998745127171882
v 69.8214139195390970 48.4582124558773302 -4.5499044087898897
vn 0.0104212928890113 0.9492075822868701 -0.3144779203436011
v 70.6467644244749806 48.6548489333668925 -5.3758118794760152
vn 0.2723877023986251 0.8848364188447104 0.3779807554202548
v 70.9559611536968191 48.6074225292397841 -4.4590902041099572
vn -0.8231354308944185 0.5582657780143502 0.1038623295728152
v 69.8751339527965030 28.5982669234000220 -4.7762546396952921
vn -0.6003230868184369 0.7023857565316857 0.3824479578376582
v 69.9962204370591081 28.5982933003092512 -4.4991686516023695
vn -0.4742706989630818 0.5551561228244731 0.6832781157007506
v 70.1820830292332545 28.5982933003137987 -4.3147315296180953
vn -0.0726395566152716 0.5619553950858909 0.8239718616242894
v 70.5451957741075972 28.5982926004754034 -4.1827233007963898
vn 0.3508935520259877 0.7036586755901545 0.6178496446655086
v 70.9629231951179946 28.5982818219123516 -4.3108618961132228
vn 0.6984397274386801 0.5543379556410005 0.4526492881593190
v 71.1842752306806261 28.5982779432247227 -4.5477080771812259
vn 0.7005999343701024 0.6984334521924677 0.1461179140937912
v 71.2542480346704679 28.5982933002424211 -4.7313256419924157
vn 0.8259781335899425 0.5500847077853557 -0.1231541192651503
v 71.2767074714492850 28.5982863001475067 -4.9701066082515997
vn 0.6277280371470070 0.6998694196406250 -0.3407936425924941
v 71.2056611461542417 28.5982933003102744 -5.2102135562371368
vn 0.5858778878218804 0.5521519496008157 -0.5931907999230857
v 71.0851071282033047 28.5982933002941131 -5.3811263213696012
vn 0.3942319672049029 0.5530722578255163 -0.7339565611516379
v 70.9359847033497601 28.5982933003027391 -5.5022528039468339
vn 0.1114672028063403 0.8249431525063976 -0.5541153831390504
v 70.7475792990334043 28.5982933001615969 -5.5805225029442704
vn -0.1606049956939599 0.7086308887608165 -0.6870577114422037
v 70.3706377710593927 28.5982621386302256 -5.5884223662508568
vn -0.6193534106055232 0.5554900292195858 -0.5548262612826917
v 70.0080700303219743 28.5982690803626269 -5.3240028750606543
vn -0.6823804939166751 0.7037031034552720 -0.1978858350399371
v 69.8912448881939099 28.5982933003121715 -5.0681596480121387
vn -0.3928833644710787 0.8103256510626963 -0.4347585550069176
v 69.5703071979587548 28.5771409456113048 -5.8629958701961060
vn 0.3477895991967146 0.3223458499541025 0.8804178256418687
v 71.2110086595045004 28.4747044118590331 -3.6092394466987874
vn 0.4715454352171852 0.8462217861085908 0.2480999621947207
v 71.8213204423041702 28.5848478956403618 -4.2696150512808426
vn 0.5660062206412351 0.8103242353339026 -0.1516957211853767
v 71.9105752584992644 28.5722683626403331 -5.3897469496281838
vn 0.2759966627040206 0.8664263629416775 -0.4160903745292597
v 71.2723299530820213 28.5851817889027338 -6.0825204099353867
vn -0.0425258373579178 0.7336213815186994 -0.6782265268592808
v 70.4343572297107556 28.5707117279765299 -6.3136708587186918
vn -0.6469329894232270 0.7617996902572208 -0.0337481720976008
v 69.1745583003070976 28.5879615881750517 -5.1329128133819601
vn -0.7237270331537887 -0.5151134235431785 0.4592138307673677
v 69.3176504688644997 27.7879838105244446 -4.1762701708593770
vn -0.1840162167979597 0.9099831149050842 0.3715760521656454
v 70.0110619922634072 28.5815880029152858 -3.5610229839572360
vn -0.1031722342519639 -0.5521369485735035 0.8273453209509305
v 70.2791330018498854 27.7898627758476415 -3.4604680582582690
vn 0.7148699579207486 -0.4976866053348040 -0.4911913946036779
v 71.7716503239035148 27.7624022008424660 -5.6880910351831977
vn 0.2826268781581682 -0.3358684857941546 -0.8985067656912272
v 71.0545594909650191 27.8345379560578223 -6.2407902072622878
vn 0.7893578849953958 -0.6137686842638891 -0.0142172997636689
v 71.9178374769179811 27.7989827891762005 -4.7179321867111863
vn -0.0031247548280127 -0.9973284973779485 -0.0729801632302114
v 70.7431944874675764 27.5835530988967790 -6.0116241310561858
vn -0.2518579097049877 -0.4529698284525637 -0.8552110428605849
v 70.1232801858229209 27.8056850885792137 -6.2678516732324656
vn -0.6853037350049365 -0.5529872940175887 -0.4738816766276035
v 69.4130984759210605 27.7300962453033328 -5.7075444192946589
vn -0.6082800727403311 -0.7935802486799366 -0.0150247133785556
v 69.1986225912810227 27.8264758273836676 -5.0357990037464164
vn 0.2984161177977183 -0.9219292960292271 -0.2469700260387724
v 70.2233836590414597 27.3028484894486567 -4.5646472992627247
vn -0.3693440229342439 -0.9257823797503727 0.0806968281067192
v 70.7503627343955372 27.5827986103376581 -3.8110686838201246
vn 0.2077671416408966 -0.9042911922312902 0.3729480587257203
v 70.2969210027895457 27.3139058033747908 -5.1498539615563841
vn 0.5147180415925665 -0.8556413771862116 -0.0542510028109720
v 70.3981776583428882 27.5755677334539691 -5.9765926073025701
vn -0.4853005136248550 -0.8220205445447546 -0.2979356236199309
v 70.8516151748860210 27.3139030481995633 -4.6500829141655933
vn 0.5353681780279984 -0.5575305325500408 0.6344608886522867
v 71.5002793999368009 27.7341080220243406 -3.8084552620490921
vn -0.7060318987679315 -0.5634581811267488 0.4289916503190769
v 70.8453570237987833 27.2677472033509538 -5.1251313920032278
vn -0.6406888780515064 -0.6402782910876629 0.4237469427653302
v 70.7497947822371600 27.9482940465544374 -5.9941632548467787
vn 0.4346039614525952 -0.3961958236748964 0.8087943286103592
v 70.3983070173439529 27.9482933522773251 -5.9878323312563593
vn 0.1588084582833967 -0.9854937084046990 -0.0598500148070563
v 70.3786828459244731 27.6754697457059002 -3.7195873945152518
vn -0.5885777147907127 -0.6016650276661313 -0.5399772848326639
v 70.7489079421148119 27.9482908323287091 -3.8101806628446266
vn 0.3208682165973376 -0.9323138456159594 0.1668366891616626
v 71.6508956867973694 27.5979782249034216 -5.2243394185470144
vn -0.3765011300256785 -0.9216910574807753 0.0934478124375167
v 70.9496205004484892 27.9474416167078132 -4.8977097444513182
vn 0.4617470267950499 -0.8512108223830192 0.2494590529605123
v 70.3243567838095913 27.9428735087352216 -5.1413321044886979
vn 0.4296333724815002 -0.8622096923836877 -0.2683460668796901
v 70.3825264888859152 27.9482939212188910 -4.4997801677107025
vn -0.4107798007599887 -0.8082345951335973 0.4219203651363776
v 73.5382093612094252 45.1032283316873830 9.0570845255563857
vn -0.5354543706112643 -0.4531600828818392 0.7126952758899272
v 73.6472428387502163 45.0982224209421858 8.9777087920877374
vn -0.6538459970623517 -0.7017978350400936 0.2827812066926950
v 73.4381325482146110 45.0982932978778663 8.7002209131054702
vn -0.6976772113935453 -0.7115231463164881 0.0835542994585672
v 73.3775144492322795 45.0982932943957451 8.4873214136813093
vn -0.0647872604768582 -0.7049985716329378 0.7062433184642678
v 74.0158936382337913 45.0982932978259328 9.1033463670973376
vn -0.5899945160854456 -0.8073861499538273 0.0058374525125975
v 73.2625425239499322 45.0982933152830512 8.4043572014744825
vn 0.0869997006964517 -0.7172506455269874 0.6913628306250256
v 74.1975581313853070 45.0982930482614535 9.2044476576239909
vn 0.2342995214192965 -0.7127876219890195 0.6610881485868034
v 74.2930950181975049 45.0982932978800051 9.0685622002896444
vn -0.7743500267787888 -0.6066847424451548 -0.1797655676483824
v 73.3870412542008950 45.0982933059023026 8.2431684766294140
vn 0.5345003889635892 -0.7188310471686057 0.4445123843317051
v 74.6057585367254177 45.0988256371514282 8.8763401834682583
vn 0.3463904154864135 -0.8429996032458237 0.4115402155154871
v 74.5936865389450077 45.0982932431564691 9.0171192707660897
vn -0.4574958736903615 -0.8421732146632499 -0.2853801010232849
v 73.3821023120504776 45.0982933403492936 7.9829206924847238
vn -0.5320309864325972 -0.7110317115852938 -0.4597574736702441
v 73.5060078952344469 45.0982889538890603 7.9814615186706366
vn 0.8109261932145569 -0.5607911063922694 0.1670689802144061
v 74.7651784788501743 45.0982932979178699 8.5273259535296422
vn -0.2987258223162083 -0.5599589302795580 -0.7727929085348015
v 73.7809483900321368 45.0983598312294447 7.7542942298229125
vn 0.5573790251290642 -0.8087649230101566 0.1876910271018553
v 74.8459076705872093 45.0982930125673320 8.6587598390089369
vn -0.2570529358897503 -0.8094342486632923 -0.5279583177120630
v 73.7757024550874974 45.1006475266660303 7.6252347792067949
vn 0.5178708391876946 -0.8435091858728140 -0.1424852528060905
v 74.8541555573315236 45.0982929853271060 8.1817291165498300
vn 0.1711287062546598 -0.7136758343308300 -0.6792508883967689
v 74.2776232449231770 45.0982934551395829 7.6222230744693116
vn 0.0952784950911486 -0.7123865501135105 -0.6952894444693783
v 74.1772708093046731 45.0982512349044242 7.6980234405245964
vn 0.6833817776207304 -0.7136777679871376 -0.1537965848022259
v 74.7616610410301519 45.0982983002298283 8.2253736447141694
vn 0.5598074594207523 -0.7105083255861316 -0.4263725221560066
v 74.6269256797561980 45.0982932979094784 7.9662585272462900
vn 0.3728105803210628 -0.7109030130074745 -0.5963465245120212
v 74.4606178097840967 45.0982932978671727 7.8121175614616369
vn 0.5093730676663240 -0.7172425437165464 -0.4755020624763018
v 74.6139658817036349 45.0982933583110466 7.7936901910630105
vn -0.7751138318857224 0.3089378564188458 -0.5511405886802030
v 73.3660641267921250 48.2979715186412832 7.9796994688327114
vn -0.7579092428764874 0.6121840215490557 0.2253980996424216
v 73.3008746249919767 48.5231719442536402 8.5843392137029912
vn -0.2088898610457374 0.3647130679962371 0.9073860280966776
v 73.7473599926487822 48.3023456395392046 9.1757633537089447
vn 0.6223067004161972 0.2489480939196382 0.7421315362864486
v 74.6148106387446859 48.2880645669621273 9.0295882930157578
vn 0.9041572076503140 0.3946062379643634 -0.1636632543169024
v 74.8948868967297869 48.2961556440394801 8.2467550041643385
vn 0.5176036412201880 0.3097014981215048 -0.7976035686084276
v 74.5515014602456034 48.2987719746867867 7.7498608289642474
vn -0.1060464371544098 0.3060828855030098 -0.9460800285224329
v 73.9474788492483839 48.3128468291006286 7.5762060216299707
vn 0.0545001244301932 0.9116691223497878 -0.4072949150076161
v 74.1304609298424140 48.6260981050835568 7.8633510612941286
vn 0.2406993374145148 0.9168344710176791 0.3185567166486150
v 74.4065794750362528 48.6305180342907448 8.7957286675388424
vn -0.8864534987345122 0.4502060324472515 0.1073066770030946
v 73.3769532297596498 28.5982932991830232 8.4873889218297158
vn -0.7148604385896480 0.5578655145474390 0.4216166754507431
v 73.4429451480979765 28.5982933003103703 8.7102152146215719
vn -0.3402509716519033 0.8317846525202277 0.4385927132565471
v 73.6380142248473959 28.5983027903013607 8.9595356185660844
vn -0.2192467427499856 0.5531010067046541 0.8037475612254258
v 73.9231865696216204 28.5982933003098871 9.0870290534778224
vn 0.1166014343815313 0.5522528937166031 0.8254821905297580
v 74.1496423116064278 28.5982933003030055 9.0984590147864779
vn 0.4007587838392193 0.7092337554139666 0.5799826526346387
v 74.5035159260450541 28.5983414806715714 8.9712960214025692
vn 0.7585288481088287 0.5574074533767238 0.3375365424761720
v 74.7268230119775296 28.5982933003144986 8.6689284024489606
vn 0.8326616188671980 0.5537810307163897 0.0010947530086065
v 74.7767041294359842 28.5982933003015418 8.4121226724255287
vn 0.6462637712718461 0.7019727109008382 -0.2992949232646939
v 74.7249332001793505 28.5982409922598357 8.1180284258377853
vn 0.5621445361739533 0.5490268844125469 -0.6185167747458613
v 74.5355920012373474 28.5982933003098729 7.8689096252263138
vn 0.2578583838758301 0.6913949585995061 -0.6748941139824324
v 74.3328044390180054 28.5982749815603903 7.7456876550890810
vn -0.0647808452085191 0.6885344635037872 -0.7223044611946002
v 74.0456747034175748 28.5982976220944813 7.6945342752829804
vn -0.4513419992360936 0.5436646861441969 -0.7076150851736400
v 73.7265271637090791 28.5982891694833938 7.7847153496700825
vn -0.7131619279726713 0.5472538341853008 -0.4380791086776336
v 73.4882449559130890 28.5982927315137836 8.0073669450517340
vn -0.5527970450318817 0.8222919844545415 -0.1350974437427738
v 73.3877808477799078 28.5982933008593925 8.2433552348444987
vn -0.1401448018505255 0.8974987131419575 0.4181572603970991
v 73.7924898114316505 28.5816638457096097 9.7719758254058746
vn 0.3523263430687563 0.2712147217021356 0.8957168764245933
v 74.5046910326943106 28.4793871467465287 9.7499153793151603
vn 0.3947393389091873 0.8962456128768782 0.2022984323134678
v 75.2912436731519250 28.5889428252961508 9.1323784933111334
vn 0.4664415541823432 0.8393252249118515 -0.2792229277094382
v 75.2325211807111316 28.5717573588675080 7.5536419912311406
vn -0.0134881041706547 0.6352556402661251 -0.7721841377262012
v 73.9270930834610454 28.5563233135972609 6.9586962822296599
vn -0.4487841198328637 0.8519879022033806 -0.2696468584740504
v 72.8953051440381898 28.5586284410050553 7.5823460623841505
vn -0.4530330992653780 0.8852091904726000 0.1056678762578775
v 72.6964929886368196 28.5916221075322916 8.7486379787894073
vn -0.4878944918405599 -0.6610145099610695 -0.5701041856122170
v 73.0852575930838100 27.7896270750202561 7.3641870636527216
vn -0.0668453600600621 -0.3885279057216666 0.9190091209090236
v 73.8667757960965190 27.7657573914593385 9.8615155259722567
vn 0.5896734557488881 -0.5387326016451298 0.6017079021500664
v 75.2265049828393444 27.7788782110535131 9.2705693708501542
vn 0.7929696167967563 -0.6079879936738684 -0.0393673263713681
v 75.4807069385474421 27.8477845309358827 8.4563256741652975
vn 0.5749625337175304 -0.4365223365272619 -0.6920016867998934
v 75.0065887073611890 27.7424784374535136 7.2971308115739291
vn -0.1081476494136176 -0.7713390113658835 -0.6271684107729046
v 74.2299860608993924 27.7391084136223682 7.0282846735998374
vn -0.7390981145102130 -0.3184612734658539 0.5935624604285169
v 72.7963467363209986 27.9642826908626674 9.1511165031260955
vn -0.7587193037276406 -0.6512928937155263 0.0127508723897810
v 72.7441585906017423 27.6645403647781336 8.4383329733355641
vn 0.4847211823037957 -0.5268349510851985 -0.6982050628154074
v 73.8094481680507215 27.3046042984618964 8.6787360674417577
vn 0.0777874661097733 -0.9593221243809016 0.2713856514068765
v 73.9815755863915996 27.4743234158521119 9.4492150301464566
vn 0.4607972202893801 -0.7509391081580126 0.4730289395083871
v 73.8044438012303488 27.2731862117223685 8.1261635559875227
vn -0.5806510941224707 -0.7396004741526457 -0.3403460673014440
v 74.2955881139370433 27.2696522836020279 8.6853409388718656
vn -0.1836447837733923 -0.9790184937849170 -0.0883027871583704
v 74.0723017361638369 27.8038133297627894 7.2209886130213983
vn -0.4211236182890475 -0.9056414761502801 0.0496831439774298
v 74.3028088848159172 27.2785364448793679 8.0825878169806291
vn -0.8029488302630196 -0.3889814883651269 -0.4516265909891702
v 74.1683551450855703 27.9510463379357610 9.5007573898162878
vn 0.3166002131687287 -0.7622228746999622 -0.5646065836541772
v 74.0313999875392028 27.9513239263343181 8.9213475816752990
vn 0.0224169829784894 -0.7717230296031239 0.6355635644483707
v 74.0172069217826163 27.9482042724511643 7.8957757448579082
vn 0.7682416578324907 -0.6399679773266057 0.0156761974751386
v 73.0540136981918664 27.9507906902308214 8.3914305665223985
vn 0.8871469872063135 0.4483528214077036 0.1093159211940925
v 92.5357554847282557 24.9950504694822264 -0.2614748634840062
vn 0.9739289721839033 -0.0199598990241726 -0.2259733603143314
v 92.4319196050676908 25.4621432515809047 0.0784276637191808
vn 0.0659001449682795 -0.0020531236082729 0.9978241105408352
v 93.4484382109723697 25.3534290575333330 -0.9999007963542920
vn -0.2158475300228337 -0.8294291165613437 -0.5152253724180428
v 93.7205248681586198 25.0081417759091309 1.0695934178644788
vn 0.2723568885488382 0.3666527069306573 0.8895996390289382
v 93.2916623112519261 25.8192734604819982 -0.9303254355296664
vn -0.8282882869751749 -0.1309314613755184 -0.5447893777248244
v 94.3155842003767191 25.6509260931139949 0.5256686855440647
vn 0.8740248871749619 0.0047176415617348 0.4858582514035241
v 92.5347513033191404 26.3333103431868700 -0.4952308856541661
vn 0.9077886628306419 -0.2733314718796844 0.3181346414904241
v 92.5550616412028688 25.8916816365606692 -0.3435292659952208
vn -0.7639407450335496 0.0183771599417141 -0.6450246646990033
v 94.2078680161381641 26.9844004294471453 0.6110080061430168
vn 0.3591610048457433 0.3053411907452950 -0.8819127677000949
v 93.1364205367956259 26.9031452543836131 0.9245321144443645
vn 0.9016165706027475 0.0082211544729254 0.4324580583521057
v 92.5187313204651929 26.7952122035027784 -0.4603827090063964
vn -0.9284615202667639 -0.2828998250877068 -0.2406800663729228
v 94.4838035271580452 27.4652856402345726 0.3191510743988176
vn 0.0278697179534033 0.0262253769173959 -0.9992674859249341
v 93.3550665825204220 27.3792680196997686 0.9498490181514760
vn -0.1286712639227098 0.0563147975016811 0.9900870413367086
v 93.4668923190958623 28.0565254013568541 -0.9851924440915886
vn -0.1443427652213277 0.4352427951887576 0.8886669091197994
v 93.5965305678988813 28.3835574781561206 -1.1659428978182678
vn -0.4712753989998545 0.2331588862679062 -0.8506094474268655
v 93.9525557394001396 28.1732296271469167 1.1144617309886258
vn -0.3074003362072524 0.2912883868009767 0.9059007169743011
v 93.7230678847445091 28.9283073658961634 -0.9342927409920881
vn -0.0216864637345541 0.0253813945784477 0.9994425856946176
v 93.4133790617802333 29.4011267094476985 -0.9690422922655024
vn -0.6938237507020959 -0.0035595510933483 -0.7201360514220141
v 94.2357024240219090 29.5593990355997569 0.8969687898645781
vn 0.5621403276577600 -0.3603423668350756 0.7444136153272064
v 92.7825421837589914 30.3558730369661660 -0.6474862549966154
vn -0.9479574091752104 -0.0325253751559639 -0.3167315114742872
v 94.3968012344145535 30.1716388852293598 0.3339928990356274
vn 0.2511148246995945 -0.2808210938574013 -0.9263265396504757
v 93.1704891196190488 30.0675581595905150 0.9942486014629686
vn -0.3092371469792227 0.0258367624101926 0.9506339193592399
v 93.8047867039179692 30.7396227226324683 -0.9858604621679667
vn -0.9065157072134963 0.0870975888806085 -0.4130899207029861
v 94.3160162058745613 30.5959816237304025 0.4920223033615114
vn 0.2677008668155644 -0.2180556714687417 -0.9385030474359215
v 93.2161700416815648 31.0880877523262065 1.1530512768601811
vn 0.2615935594820966 -0.2610858110540537 -0.9291948175187665
v 93.1872487031131982 31.6961243793741012 1.3039033690919657
vn 0.3373309430076821 0.3708856981440465 0.8652465739901841
v 98.8284453898615425 36.5982932453712806 6.1318780766801204
vn 0.4553434439723718 0.3730372143853041 0.8083969227520799
v 99.7431350752410708 36.5982932712829339 5.1955558521932677
vn 0.9000644102064792 0.3041797026821770 0.3120236624934801
v 98.1039448332711004 36.5982739436121705 6.6856494820804340
vn 0.7623173361776908 0.6268051446447644 -0.1612066673863254
v 99.9676834402329177 36.5982945639451600 4.9078651250810852
vn -0.2672003024869553 0.6306598763139651 0.7286097163492496
v 97.7256412232991636 36.5981479392679390 6.9170994453190273
vn 0.2473417542957800 0.7804736897472483 0.5741801774654033
v 100.4854423582945486 36.5982923196232974 4.1285762798118260
vn 0.9214725499871249 0.3681053654905720 0.1240434581800999
v 100.6726317815761007 36.5982935823565754 3.8047172667048188
vn 0.4829004989066175 0.8756521980012310 -0.0063510858404733
v 99.4407589547154487 36.5982592028925851 4.1542781970396758
vn 0.6166546203631862 0.7802807869855656 0.1043981448394617
v 99.1040270117842113 36.5982613168415725 5.8676397508161102
vn 0.7399468667433593 0.5344573725083966 0.4084531201595920
v 96.9641465091048360 36.5982932287123148 7.3520153023991979
vn 0.5159815996755160 0.7079278650887094 -0.4822873900769516
v 100.4154995545714542 36.5982933481174584 3.5005147086397130
vn 0.1285749676922124 0.7643526808769242 0.6318492359093310
v 98.8641394595491789 36.5980442672576416 4.8634628665459880
vn 0.4040590756594517 0.9133345049821475 0.0505603143408468
v 97.8145247707463596 36.5982932800718430 5.8822478854574429
vn 0.8152723121900453 0.5307690619913462 -0.2315496918787062
v 101.1903002111533141 36.5982941566750739 2.5971907431823045
vn -0.4442850636998166 0.3771626724610231 0.8126248215968480
v 96.5797641634686244 36.5982936379206549 7.5125415985603095
vn 0.0354613675795803 0.7621104736118081 0.6464751483394947
v 97.0870247642570803 36.5982933198822948 6.3091200308584439
vn 0.4204557070735300 0.8817221335359842 0.2139698053979819
v 96.8109655480535025 36.5982323059480308 6.4465176960242410
vn 0.4586404381445499 0.5302599158806577 0.7130731870634411
v 101.0483006725356319 36.5985754425852292 2.9639124444807203
vn 0.3364868911083463 0.6271944981034718 0.7024269596626926
v 101.4070435476970147 36.5980928445541167 1.7258948238510143
vn 0.9097364065601253 0.3776225117157018 -0.1725714612112766
v 101.5062245245588741 36.5982938951092791 1.3313972509558281
vn 0.5218041019035319 0.8337468685258108 -0.1805176956978251
v 100.4471992494010948 36.5982890598938866 2.0340739916015345
vn -0.1576074960275490 0.9395928136413190 0.3038506569838472
v 96.0520936267343188 36.5982932368519656 6.8368227096807201
vn 0.6427512111659781 0.7638172727974696 -0.0587712031602568
v 98.6900593762902645 36.5982933000844000 5.0545412284558884
vn -0.3436428471492179 0.8959303602267442 -0.2814576046710335
v 98.3787976852334936 36.5985257312525292 4.3117206353160409
vn 0.1146267600183556 0.8559115828928346 0.5042579381205382
v 97.9560025276311421 36.5983144601022161 5.6729166668991757
vn 0.7560695136078385 0.3036473534613490 0.5797906305975675
v 95.7475890306060080 36.5983366606464529 7.8101004327560135
vn 0.1943597066570859 0.8342515133128614 0.5159929427457045
v 99.5967865475696073 36.5982940199354374 3.9174946265862842
vn -0.4840687913188911 0.6302480744058924 0.6070129899588086
v 95.3180563625253257 36.5981786568504361 7.9083988711995516
vn -0.4740778349262583 0.8587094124463464 -0.1945979224135808
v 99.4086561700837734 36.5979370593110147 2.7034770090012934
vn 0.6334470917130337 0.2966600900715286 0.7146590606429417
v 94.4322291879924478 36.5982937928513152 8.0849527060102169
vn -0.2420903567099501 0.8951793007991358 -0.3742275759598959
v 96.7777140599264953 36.5982833882534351 5.6229190321574967
vn 0.7143676090974059 0.6737168667289218 -0.1891679215866686
v 100.0227847743425826 36.5985333225292919 3.1510520690504831
vn 0.3910721069465401 0.9075963589389930 0.1527463793648685
v 95.7299992338051595 36.5982932229219884 6.9543398186943648
vn -0.5512972328597978 0.6265819963179606 0.5508778112533931
v 94.0603924918978151 36.5982929987412220 8.1171727809532186
vn 0.2315392056518737 0.8773554628726314 0.4202820338934917
v 100.1609669323298846 36.5982932348667802 2.8732529522900432
vn 0.3106290222400516 0.5771225446875684 0.7552742408923631
v 95.8522956764993950 36.5982933005016875 6.8269644676622825
vn -0.2173179095249383 0.7710491567458366 0.5985450058944984
v 93.7110247652993564 36.5983409049284916 7.2421738114434939
vn 0.7168094800426091 0.6312930914752825 -0.2960628345075162
v 101.6110286799125220 36.5985377796987947 0.0002393614161388
vn -0.1523646693117872 0.8580529351114680 -0.4904387506020551
v 95.5843892013700440 36.5982932866084525 6.1534387340858974
vn -0.3110824511939506 0.9491611993364929 -0.0481739165241294
v 99.9245994570366065 36.5984993906156291 0.9168494671596428
vn 0.2911140023738429 0.8767062927124705 0.3829343467753163
v 100.5351226275107166 36.5982932187246419 1.7635410663570010
vn 0.6577208867740718 0.5330544457026672 0.5322181817805089
v 101.5990115494502248 36.5983708698273347 0.4076004691686625
vn 0.2646184636251776 0.6257500730884622 0.7337669348903879
v 93.1328971198764890 36.5982932096310947 8.1304119894630311
vn 0.2731582584581014 0.9224693144079097 0.2728276558780988
v 94.6237389125292907 36.5983638241181524 7.1785651813302307
vn -0.1212973609133888 0.8474366185398703 0.5168540681789758
v 94.8983908661970190 36.5982932684582494 7.1206457398291212
vn 0.3985052136145192 0.8373829547798787 -0.3741435309692873
v 100.7059692888801123 36.5983832529846396 0.9013758179289568
vn 0.5017615147520578 0.7912103856080775 -0.3496019279403902
v 100.7202215960548273 36.5982931339000004 -0.2504961131170383
vn -0.7456617035845949 0.3738273822582904 0.5515811019979144
v 92.7593735001563289 36.5982932185270045 8.1100638574792949
vn 0.4814876681897756 0.7819203257557019 0.3959422048118509
v 100.7065388237442534 36.5982940081546886 0.6260426588806531
vn 0.6930882129758258 0.3744998117818972 0.6159371883636351
v 101.5634772052527524 36.5982930897301699 -0.9217247813471677
vn -0.0002528344788378 0.8959288904368349 -0.4441974328554232
v 93.7258805650090494 36.5976461002593538 6.5380474293769355
vn 0.5262643808243498 0.7441730078692113 0.4114028874892042
v 93.4378501339726597 36.5982053827986320 7.3063007854848836
vn 0.6611911260413385 0.6274431617120758 -0.4112680071011366
v 101.5046240959699446 36.5981798428591887 -1.3041739303314710
vn -0.5957811503545368 0.8017730167371255 0.0469558357871904
v 99.9623932196784324 36.5982932836515715 -0.5321017133120330
vn -0.1620299772548514 0.9014568795955482 0.4013997766574484
v 92.5312166759076291 36.5982201305278849 7.1740817561679950
vn 0.3270163621949821 0.9181192264361746 0.2238691245013487
v 100.7406805425974454 36.5983261448988344 -0.5317682435406108
vn -0.4863307739766614 0.7830555110998539 0.3876937513288138
v 91.4445467639805543 36.5983406741478206 7.8724381091664872
vn 0.1613227853383177 0.3786265202811006 0.9113818722525221
v 91.8431852319498461 36.5984022939752123 7.9730087641629837
vn 0.2620897494165095 0.8416036135472175 -0.4722418034387226
v 100.6036500781937235 36.5982932999048671 -1.4232232983060933
vn 0.3924476317138990 0.8303820722391339 0.3955382035480185
v 92.2440263637421225 36.5982930887811833 7.2057135508694126
vn -0.3589715376667108 0.9204991255233752 0.1543398686532382
v 99.5740415532378194 36.5983929946613102 -2.3797742747248303
vn 0.6261782636320801 0.7447617475348889 -0.2307178397165929
v 101.2636689450371819 36.5990253248489097 -2.4515864599501329
vn 0.2128240850493653 0.5357713736306005 0.8171015506171064
v 90.5747888181561365 36.5982941711264900 7.6038447244499725
vn 0.0861645663229365 0.9291676858576859 -0.3594761175213906
v 91.9123388130667109 36.5982932836706212 6.3197080731418191
vn 0.4027994785340684 0.6417504807713621 -0.6526169630973503
v 100.2664206273578742 36.5983520522595782 -2.5691253484170837
vn 0.7294043752288331 0.6499422239940367 0.2134112529055605
v 100.5367721844461641 36.5983124798360748 -1.6676016207932112
vn -0.5921378375748858 0.6778865948902849 0.4357092445429556
v 91.4239738753594509 36.5982932211136216 6.9656454072506966
vn 0.9238785658221205 0.3790755094820447 -0.0524419081021106
v 100.8610644263310689 36.5983865755174804 -3.4135032262470859
vn -0.7360953677306598 0.5248059014307407 0.4274837721234953
v 90.2082817430773787 36.5980511110925164 7.4488047532264758
vn 0.2352683094490285 0.8922033930400868 0.3855151462870851
v 91.1356451267340475 36.5982929690173933 6.8819345127357137
vn 0.2610119832384216 0.7837918453628400 -0.5635096163763843
v 100.6663509718232064 36.5983305168803383 -3.7845596295254182
vn 0.2177238435930846 0.8588071003348547 -0.4637312716924458
v 90.5450669273696178 36.5982932846802314 5.8203797247148703
vn -0.4540382632927608 0.7701310461080358 0.4480484653323076
v 90.2871778455923391 36.5982933056975455 6.4958192157846870
vn 0.6107341816759176 0.7572072005240823 0.2316052996093340
v 100.1734014525493848 36.5982935772479081 -2.8224579518996573
vn 0.0867252252394892 0.7581982543369464 -0.6462307191921219
v 99.8116750768042635 36.5982933156138728 -3.5936755307877633
vn 0.2745426401096971 0.6290598557655458 0.7272620137377094
v 89.4191976503386314 36.5982676782660761 7.0404414666829451
vn -0.3603118052782529 0.8951872409243629 0.2623265268007665
v 98.7329977547540096 36.5982932425505325 -3.8372601653987495
vn -0.8894086829449170 0.3029225440652593 0.3423304353971749
v 89.0466639679208782 36.5983390517984546 6.8260445236337919
vn 0.9029517816441995 0.3738674907140905 -0.2118989839822625
v 100.2083984554240033 36.5982930798850461 -4.5756190953021081
vn 0.1347097402241696 0.8643449999440240 0.4845214205383511
v 90.0305594527693529 36.5982932200383289 6.4330938752083506
vn 0.0526673843418380 0.6261757048737454 -0.7779011076303062
v 99.9821603537967860 36.5982929076882542 -4.8810395483604303
vn -0.3128700384073125 0.9466965218492719 0.0766683414813299
v 89.3185306980947331 36.5982933852801153 5.9855620037156640
vn 0.5367334382134614 0.8437443737247745 0.0035564183309103
v 99.6398892695426497 36.5981338892592518 -3.8168452711132090
vn 0.2024927271208769 0.6939655018490346 -0.6909475940377588
v 99.1057912832130796 36.5983461025405887 -4.5658955701621489
vn -0.2928100709083356 0.3706917382325340 0.8813908880745239
v 88.3060761148918232 36.5982935978678583 6.2907721691964502
vn -0.0711113808669198 0.7836444213640119 0.6171260749443853
v 89.1312607778012307 36.5983042772175011 5.8011164604048746
vn -0.6130011069299235 0.7767095183397380 0.1447479430704998
v 88.0312039069611387 36.5982930341416832 6.0523334827748823
vn -0.6177386106907007 0.7860073936216451 0.0243184299252907
v 88.3950916323293256 36.5982835010962262 5.1732718899311312
vn 0.8397953296789508 0.5321406022184090 -0.1075647884767666
v 99.3951389637827134 36.5982921227894380 -5.5850264877555871
vn -0.0607526606329857 0.3720959862063857 -0.9262039145215867
v 99.1228464215277967 36.5982948138347908 -5.8602103238148882
vn 0.3904001412623901 0.9205633591764781 -0.0122813453670313
v 98.9441154677087980 36.5982936290570606 -4.8081180155494447
vn 0.0754949997029359 0.7800966405077783 -0.6210875433369534
v 98.2970773404783955 36.5982548639506646 -5.4104638992337382
vn 0.4766227084262314 0.8741669643442517 -0.0930747670510092
v 98.0947510997725658 36.5982934055685476 -5.6147326771122499
vn -0.1550450497201851 0.5304003879363867 0.8334485353242851
v 87.4006266133149126 36.5980863945885417 5.4013634740579795
vn -0.8448192793947281 0.5293500749779912 0.0779030377056469
v 87.1311479459081255 36.5982924408481267 5.1012748356133102
vn -0.1129966818069141 0.7415122634470132 0.6613556630575673
v 88.1405607309324068 36.5982932751173422 5.0244485263249024
vn 0.2608403970803073 0.9202672356917350 -0.2916684798933205
v 88.9671445467029969 36.5985016318613958 4.7358738536582665
vn -0.5346891913080218 0.8381153276157141 -0.1080285439778667
v 87.6213076599845806 36.5982698078067301 4.2985301498679354
vn 0.2208447504576935 0.3791313049119177 -0.8986028320849349
v 98.1092981249705787 36.5982941223984639 -6.6889901562664420
vn 0.5142150476261181 0.8017193008679955 -0.3046785969027058
v 87.8596151237718459 36.5982932838144350 3.2944975956740175
vn 0.7776815981975324 0.6286148758566621 -0.0073938945519552
v 98.4348891807581481 36.5979413229796577 -6.4295685226317429
vn -0.0748150911165300 0.7623853124566645 -0.6427840519891416
v 97.3975849365449449 36.5982929983936245 -6.1266569463035871
vn -0.2979550999780572 0.8952820779207006 0.3311989724486757
v 97.7400181491460813 36.5984445452702118 -4.9354272720623680
vn -0.2700454118416087 0.8002138888509021 0.5354747497626868
v 96.2540147025458879 36.5984756371507203 -5.8914155920559423
vn -0.8403664626390943 0.5303050382388496 -0.1120748628816830
v 86.3944081240699404 36.5982868305282736 3.9896298758786783
vn -0.2271175375508744 0.7759425703585854 0.5884987269673052
v 87.4998724627422035 36.5982932950612962 4.1059017101685660
vn -0.4661306810535030 0.6308098042090426 0.6203234471582925
v 86.5914290477802098 36.5982717194119260 4.3432114001755222
vn -0.4983029497470092 0.8439193580559826 -0.1987316969479405
v 87.0228500606123418 36.5982932970373369 3.3461339057304258
vn -0.0113747059778492 0.7636493935163624 -0.6455309596340126
v 96.3459153873236573 36.5983218037628859 -6.6620002182486973
vn 0.2760875377939392 0.9524286427623745 -0.1290556156108726
v 97.1406307859082858 36.5983323997130796 -6.2635400982147615
vn -0.1429946195099344 0.5372137242978646 -0.8312364003201659
v 96.9638371627908668 36.5982928646460834 -7.3534861296665603
vn 0.9102483423355406 0.3732334348744553 -0.1792895935831645
v 97.3268288526058001 36.5982915162395344 -7.1492102686006529
vn -0.4496153732623511 0.5284698817517718 0.7201149909614611
v 85.9751810794683990 36.5982939800528939 3.1697206374834916
vn -0.3241249983136701 0.8376662139326492 0.4396115324964809
v 86.9017049256851806 36.5982269937264633 3.0885380776377436
vn 0.4212732706652859 0.8937413965187969 -0.1541270500970014
v 87.3753395978301199 36.5982932866471344 2.2627254196008217
vn -0.8210217252892872 0.3712744840906076 -0.4336802786226915
v 85.8421019299090062 36.5982925748824712 2.8298404386587732
vn -0.5379279799202503 0.8406344558147060 -0.0629857135867497
v 86.5753032645716019 36.5983211778354445 2.2198561645659338
vn -0.2486227446064972 0.8153513183922372 0.5228660999341737
v 86.4751175461560280 36.5982932907682539 1.9750085950281770
vn 0.4425127762420252 0.8948012624636459 -0.0592717770616068
v 87.0217074485222071 36.5984158902527810 0.9475671892586310
vn -0.2170288803608637 0.7685725278049110 -0.6018261664242250
v 95.1931429974851397 36.5983163294772638 -7.0471196490657926
vn -0.1201856292640158 0.8944405290596629 0.4307337396743876
v 95.2356938684505536 36.5982933000222062 -6.2609870015687621
vn 0.3192501042509774 0.9233838139598280 -0.2131705961260642
v 96.1118514705090803 36.5982908288543101 -6.7589660242388190
vn 0.6879666518305514 0.5256829336917822 -0.5003592101623214
v 96.1128155298388975 36.5982923772536779 -7.6999008587181024
vn -0.2578153309692776 0.5237573005893970 -0.8119172034120905
v 95.7657822479638696 36.5982931078683578 -7.8123791287875228
vn 0.2886768446734772 0.9243580100635335 -0.2494553037735413
v 94.9732476536229058 36.5982933028742821 -7.1048560264339091
vn -0.4197229872419384 0.8776800865804485 -0.2313228903520796
v 86.3031357772042895 36.5982934392596277 1.1303244356566602
vn -0.7496266173028221 0.3793695482823017 0.5423455360443290
v 85.5756821295940711 36.5982682018911873 1.9459048440302007
vn -0.5889826685049435 0.6286645247499226 -0.5078191917619399
v 85.5003999435212165 36.5981699841058088 1.5232805334018995
vn -0.2244140106634696 0.9219029918045609 -0.3158056768326623
v 94.1150537385671271 36.5982932081237280 -7.2580931721556849
vn -0.0797514241435008 0.8013039213254883 0.5929179842233486
v 94.1680355517936505 36.5982933082177553 -6.4728025221297658
vn 0.3557840576846295 0.7826760765514965 -0.5107209252531332
v 93.8324327486823933 36.5982800681307907 -7.2455587934104733
vn 0.0466780352238587 0.8001011157421176 0.5980462905293026
v 92.9879894459011211 36.5982932999816697 -6.4882613641066218
vn 0.6785744488808869 0.6291583045424163 -0.3790732714810064
v 94.8735620872094501 36.5980321563510742 -7.9995491865216612
vn -0.4714208037239022 0.3028940699087791 -0.8282617993306257
v 94.4394627520779295 36.5979019046501222 -8.0724353248175511
vn -0.5363711994850284 0.7538540783417245 -0.3794864489419101
v 86.1655972798391474 36.5982933426963228 -0.0110425053394300
vn 0.5963106549589366 0.7997911933289535 0.0689031919136723
v 87.0157909914755692 36.5985560169296491 -0.8272851968466463
vn -0.1944050331269842 0.7085213014861426 -0.6783835555460339
v 85.8122350881949671 36.5982933754547517 0.0621630042066157
vn -0.4668615618806762 0.7751640433972000 0.4256301068562227
v 86.2719779662168946 36.5982830541230300 0.8424490643031756
vn -0.6967898088805611 0.6306012688009285 0.3417981890338950
v 85.3584748489906531 36.5982931596518242 0.6431495060853371
vn -0.3660769449164725 0.8612331131777625 0.3525126879514567
v 86.2366128958654059 36.5982903184135324 -0.3132716383175788
vn -0.6625744503165084 0.3675072693895500 -0.6526358132477972
v 85.3388952961452105 36.5982931224090962 0.2669830543252510
vn 0.2908959168076092 0.6264952422030012 -0.7231066844398988
v 93.5419784203225788 36.5982927530205586 -8.1414445791960972
vn -0.4363157070205934 0.8466860686039547 -0.3045509892269257
v 92.9175051186648489 36.5983788499065739 -7.2526793634562381
vn -0.7073072237772536 0.3727581037203446 -0.6006395652163841
v 93.1719849284810238 36.5982964977971932 -8.1343281901632842
vn -0.4651275227875206 0.8605235256181331 -0.2077393785570828
v 86.3429123670214693 36.5982822662362324 -1.2194503991971011
vn -0.5035806898856919 0.3787919863640142 -0.7764812424267923
v 85.4051525027832810 36.5982919214009286 -1.0635129664735377
vn -0.7378569230383246 0.6245681788432221 0.2558940231831854
v 85.3724825724196563 36.5982924114367236 -0.6495632848669423
vn 0.1709379647080651 0.8431995597735459 -0.5097006127317906
v 92.6414887793265223 36.5982932998983728 -7.2211212856104297
vn -0.3239665106540487 0.8476318656275618 -0.4201974777974984
v 91.7738821968442267 36.5982933004329638 -7.0521437790730293
vn 0.1525289316148921 0.8950168173778935 0.4191417679391616
v 91.4536346088500665 36.5984863516483756 -6.2055503596081989
vn -0.3684841792432750 0.8399914576347902 -0.3982885395639579
v 86.5878105739734281 36.5982932825837750 -2.3288774631585212
vn 0.5622820393170049 0.8003743979597381 0.2079416537206939
v 87.3017593866819084 36.5982932854372152 -2.0739477299279638
vn -0.4004323138383770 0.8354924562329437 0.3763061487829906
v 86.3334597167995952 36.5982930942909377 -1.5201860702565184
vn 0.3928677955352881 0.5345512135234783 -0.7482712712324453
v 92.2616711543932553 36.5977756996660730 -8.0443171026650049
vn -0.8249156647725516 0.3760609072799059 -0.4220098814348704
v 91.8323276556032226 36.5980956768493328 -7.9579676530013748
vn -0.3634388145792525 0.3748038330085210 -0.8528975992575829
v 85.6946873917174230 36.5982907363655414 -2.3422969718016620
vn 0.0906419947841769 0.9232587363997039 -0.3733327395811510
v 90.3902366944630273 36.5982932951502562 -6.5809730026405466
vn -0.6211991827075430 0.6797041678163174 -0.3900177171060412
v 90.6556206225941565 36.5982603638945960 -6.6781916262854546
vn 0.1503315227549384 0.9207457871917420 -0.3600383710590317
v 91.4822623993714501 36.5982937327367921 -7.0037982527588616
vn -0.4681507097822151 0.8482940780017425 0.2474511470120555
v 86.7012487327512531 36.5982930428185185 -2.6161998361926622
vn -0.7935974312047082 0.5315918031228828 0.2959953919199598
v 85.5739536813592423 36.5983886952261983 -1.9481833500301040
vn 0.2989815840292392 0.8583063164811080 0.4170375037091976
v 89.6668470510844173 36.5984038826738072 -5.2990796161113618
vn 0.2737447841086535 0.3012413554954707 -0.9134097869590396
v 90.9595912715894599 36.5982930702529998 -7.7437002708338509
vn -0.4277172705550796 0.8504692552959463 -0.3062025183849266
v 89.6339660054955090 36.5982930465050558 -6.1523132509950011
vn 0.4298718954021442 0.8587197149636634 0.2789455227747757
v 87.9160956709881560 36.5982932796727809 -3.3965249984982870
vn -0.0186449331282916 0.8464997301119536 -0.5320625652956910
v 87.6876402887406101 36.5982933148174254 -4.3863043242479023
vn 0.2737930614937341 0.9285828331595306 0.2505419754039385
v 88.6782260189937261 36.5982933045356660 -4.3948753159017429
vn -0.5202004673702976 0.8213112359477214 -0.2341779824273629
v 88.6811483145098123 36.5983398185464637 -5.4027351144726641
vn -0.5243289818724471 0.7796036817840053 -0.3424868145161595
v 90.6013098689087002 36.5982944342590031 -7.6107436561126507
vn -0.6360636919465057 0.7693780934651225 -0.0589943139917217
v 87.8489064132458282 36.5982907240079882 -4.5815742750129571
vn 0.1956613786647251 0.7240207337829747 -0.6614458420395292
v 88.3531970907661872 36.5982950888951635 -5.3456500729895549
vn -0.3279987369058175 0.7884433580306555 -0.5203593948085610
v 87.1074487200568797 36.5983036186222179 -3.4453704533629010
vn -0.3905740753364328 0.9169893381315869 0.0811322711877630
v 87.1863571618054749 36.5982930362966101 -3.6906702016131283
vn 0.1550551072368194 0.8363827017528782 -0.5257583950146059
v 89.3805818507651253 36.5983219670395741 -6.0262996724251536
vn 0.1330912478847081 0.5349158616219348 -0.8343570822625972
v 89.7795931349425587 36.5977844587653820 -7.2466094585365877
vn -0.7772550461287434 0.6291856338683102 0.0001772036616111
v 85.9900754823088533 36.5984646709103245 -3.1877577799901591
vn -0.4275104957056339 0.5269579463727035 -0.7345407400656454
v 86.1466087937126304 36.5982931159857117 -3.5444015908461717
vn -0.9167529197979891 0.3763625624616369 -0.1338480691649004
v 89.3986228225583943 36.5980687645477545 -7.0256097621748994
vn -0.8807943011332861 0.3774290787911530 0.2859172775017066
v 86.6028490280268954 36.5982938291717801 -4.3550937062124317
vn -0.4068928702516653 0.6297565343748524 -0.6616984959560787
v 86.8288422337802928 36.5983940094706739 -4.6920188962544609
vn -0.6020530587188355 0.7792093202330334 -0.1742554152652609
v 88.3434457512930322 36.5982939669930971 -6.3212584851138036
vn -0.2327378673290139 0.3706241893603131 -0.8991500405228001
v 88.6328637980960821 36.5982921791819038 -6.5436102502879150
vn -0.8683856551603250 0.3707163966554302 -0.3293565046611147
v 87.3976214356102190 36.5982938404166092 -5.4171032473812391
vn 0.0276084751238406 0.6247548039376947 -0.7803327540595159
v 87.6455799958074806 36.5982922836125866 -5.6826293810513722
vn 0.4731718530904666 -0.8429963211652319 0.2558624629460509
v 96.8267173813111128 33.0982775403658422 6.4250435400348982
vn -0.0961570144292890 -0.3717431320354289 0.9233422292739216
v 98.8266870223951344 33.0982915201070895 6.1327577733865342
vn 0.8937531274404732 -0.3718182229502071 0.2509114510589810
v 99.9668508734350780 33.0982935763134236 4.9097036948896742
vn 0.0222007181677076 -0.6271856412752029 0.7785533376018949
v 99.7414703671900611 33.0982925634236480 5.1967828585172589
vn 0.1253403279295432 -0.6321478296187484 0.7646430040893726
v 97.7496565573815133 33.0982172211209189 6.9212181588630184
vn 0.3370351300394048 -0.5312320978454619 0.7773028877715759
v 100.4879275722748275 33.0982934120698076 4.1339271631725927
vn -0.3306510993256420 -0.9365911499799758 -0.1160468366390518
v 88.6900702668672949 33.0982935477164659 -5.4249199887034996
vn 0.8804976493636932 -0.3676087625823127 -0.2993120230423625
v 100.6711814011449349 33.0982934889832663 3.8011678485977378
vn 0.7418932734236315 -0.5304637096445869 0.4101251316353000
v 96.9530392497751023 33.0982952460834454 7.3548208856602644
vn 0.7997214363728495 -0.5345040264146175 0.2734064190034834
v 98.0920215572314049 33.0981176642598314 6.6930075335709951
vn 0.8369137234199432 -0.5278550289841625 0.1447221058701676
v 99.1121675941847826 33.0984637738284633 5.8649465438513460
vn 0.4747331389992709 -0.5268716499621032 0.7050068873437406
v 101.0642929100000060 33.0982933000000017 2.9413597600000001
vn -0.2546416396972865 -0.8471083700184959 -0.4664386827621445
v 87.6902686361632959 33.0982933749373558 -4.3870395776261057
vn 0.1380188162037103 -0.7720996362626169 -0.6203329412959313
v 90.3934126999556042 33.0982933584366208 -6.5734561130170999
vn 0.4079010115592260 -0.8959130041713314 0.1759450304091027
v 98.6888240280558335 33.0982932998297912 5.0262928219080401
vn -0.0327526834082222 -0.5994160385095012 -0.7997672627128077
v 88.4335209328364868 33.0982933003205773 -5.2820601612298281
vn 0.4881706781707585 -0.7082451700960363 -0.5099785956390114
v 100.3901489718729323 33.0982933815489559 3.4743358760432068
vn 0.3229113657787066 -0.7076770256153124 -0.6284277820618647
v 88.1454792732181573 33.0982929403094559 -5.4705511789802532
vn -0.7416240263015230 -0.6549874056518240 0.1448630458392024
v 87.1891019582995312 33.0982925009350097 -3.6845436714593807
vn -0.4814050168037772 -0.2993641157785103 -0.8237902257130184
v 86.1490663424283554 33.0982843083538114 -3.5515248715147703
vn -0.6916916945519382 -0.6240945756407328 0.3634123833108630
v 85.9972956471902279 33.0987208910492683 -3.1782365763269897
vn 0.1387882326606614 -0.5334452507321168 -0.8343704159102713
v 89.7662864293060068 33.0982926605681342 -7.2353732229071133
vn 0.1070382688952528 -0.7591643448290578 0.6420376208075156
v 98.8816785392790791 33.0980872278222193 4.8622964631402334
vn -0.6117599663951291 -0.6327347493163630 -0.4747593922438922
v 89.4061276612193865 33.0982074438112051 -7.0465509876185504
vn 0.2221039398337238 -0.3747566129655825 -0.9001262805567352
v 88.6650524246618374 33.0983310515639673 -6.5465008276187957
vn 0.7542781125614499 -0.6468231670476408 0.1126246841558125
v 97.8143616074132041 33.0982925673793389 5.8663892761418666
vn -0.9044609387361366 -0.3810545415820429 -0.1916972786459053
v 86.6003854912104174 33.0982927663503261 -4.3625097719001706
vn -0.8132158046834073 -0.5330087443673898 -0.2336273388133694
v 88.3310708985434303 33.0982983494328877 -6.3041405577483625
vn -0.0358964730738493 -0.6269150663373858 -0.7782602025158742
v 86.8534793759840511 33.0984746815802282 -4.6970542584343189
vn -0.7761288116749111 -0.6246392458904124 0.0863126884157089
v 87.3974450705961630 33.0982941776124306 -5.4164613546900631
vn -0.3952933688838713 -0.3683528720539239 -0.8414626041399969
v 87.6448676170270033 33.0982915943401608 -5.6823234378632073
vn 0.5490277019772418 -0.8358012126728132 0.0022170602706699
v 99.4423803653078124 33.0982627473041120 4.1290189146600493
vn 0.8139518124773278 -0.5302474545390337 -0.2373185283953792
v 101.1912429536923383 33.0982934805668734 2.5956896402331529
vn -0.2070637956453255 -0.8407691377478790 0.5002317878180463
v 97.0942918217649265 33.0982933423106900 6.3139127033449860
vn 0.0057460738612389 -0.6307112345857016 0.7759963409724052
v 96.5899235082203660 33.0982940845917781 7.5195034862738543
vn 0.1063441310649182 -0.9488398552741910 0.2973110405472687
v 99.6028646541419533 33.0982934431516753 3.9132593691290349
vn 0.0585779487622628 -0.9562920658381311 0.2864857915043003
v 97.9719314966801420 33.0982917866243653 5.6671558913652991
vn 0.6174927666614618 -0.7592266863225455 -0.2056149846107050
v 100.0485493496046416 33.0982925001577826 3.1848679908187729
vn -0.2692563333288003 -0.6634401627998221 0.6981032712618350
v 96.0104827828311898 33.0982839271359950 6.7967895591252940
vn -0.1216648066088031 -0.6325200544258025 0.7649287911838738
v 95.3384357400209410 33.0982264776122221 7.9191899704458875
vn 0.6750225321584847 -0.5344211470817420 0.5086635613351741
v 95.7371744252581038 33.0982993244046142 7.8080928909895180
vn 0.4573399367961700 -0.8723838254645492 -0.1725880739770690
v 100.4552951693095935 33.0982835309626608 2.0512354052034767
vn 0.7043415965228409 -0.3760601107303495 -0.6020645385049123
v 101.5008860822493659 33.0982955184855641 1.3072958332796563
vn -0.2727397922987822 -0.3726633710286528 0.8869808439816375
v 94.0704893387865724 33.0982928127248073 8.1196620974093499
vn 0.4178857315967574 -0.7770297757028878 0.4707401013287086
v 94.4311434975039816 33.0982934097538219 8.0834666595509805
vn -0.4203030575193291 -0.7610778173358665 0.4940707396711294
v 94.9109454593879889 33.0982933637465351 7.1409501911161177
vn 0.5874431366692504 -0.7526015135647084 0.2974920552893848
v 95.7305994405330409 33.0982932857331420 6.9190922342442365
vn 0.6347618654632472 -0.6305843811937495 0.4465878551283211
v 101.4287028625137168 33.0981189732251480 1.7107581206676250
vn 0.7444183649327217 -0.3027845762279909 0.5951157856663938
v 101.5996423523758097 33.0983454806296677 0.4165976905813850
vn 0.4603143199669010 -0.6805731937149906 0.5700270649977837
v 100.5166608712064118 33.0982932946783492 1.7663101970724999
vn 0.4303474298915642 -0.8906185137723320 -0.1469685425922424
v 100.6849747321620185 33.0982932414640771 0.9235096194806285
vn 0.4864767818010664 -0.6281933229192522 -0.6072178273141737
v 101.5975027148664935 33.0988361416006640 -0.0143781111530940
vn -0.4163914452885978 -0.8321748835893905 0.3662009385753364
v 93.7169745070154647 33.0982619315884037 7.2931525994674837
vn 0.4372346290663133 -0.7711208595475016 0.4628158371490389
v 94.6343798009650783 33.0983028900402161 7.1697306036448980
vn -0.3975176301984502 -0.3747076397968522 0.8376000945315614
v 92.7605710173001086 33.0982926617811231 8.1106512995249105
vn 0.2433176411259548 -0.9552569642289307 -0.1681685398908742
v 100.7169777554663028 33.0982932997757828 -0.2662417560089720
vn 0.9017242551993424 -0.3741256581140626 0.2166180036975475
v 101.5638210025336576 33.0982925657057976 -0.9229062388741063
vn 0.5765250525370718 -0.6266639172419377 0.5243197484590070
v 93.1385102198884312 33.0982943606555864 8.1249976342040693
vn 0.2836447392490946 -0.9275724590570339 0.2432179991184875
v 100.7078244335313855 33.0982934672206284 0.6232710162865882
vn -0.3555987234241128 -0.8962055638255637 0.2652642743892303
v 92.5348019127066550 33.0983083330569841 7.2033534767681715
vn 0.3965930416483507 -0.6254593834406446 -0.6719483008254121
v 101.4999972165650917 33.0984585530012581 -1.3023863054475531
vn 0.6244347000452093 -0.6542584191120236 0.4266464887942771
v 100.7376916362318582 33.0983234408246503 -0.5186326666624599
vn 0.5909505602446073 -0.3777493324299642 0.7127993246316252
v 91.8601731382835709 33.0983812831235795 7.9656911431530633
vn -0.6582786329326433 -0.5352644520891283 0.5293025673034804
v 91.4334586188380456 33.0983440526112247 7.8716613303038612
vn 0.8219801996349050 -0.4909807946073954 -0.2885938508264722
v 101.3147384504323725 33.0974292661289766 -2.4297795384505712
vn 0.2422813732811979 -0.7521331500963621 0.6128584344586442
v 92.2478652853219501 33.0982926664937764 7.1923200332364283
vn -0.2555777224610152 -0.9498815578356909 0.1800140379672688
v 91.4258410624916991 33.0982932972888477 6.9782375312071885
vn 0.2991896731609350 -0.7250442485525526 -0.6203195766012203
v 100.3273153469686036 33.0983059052255371 -2.5522642256094659
vn 0.3842541015218053 -0.9139043091513579 0.1308728359066521
v 100.5457787919210659 33.0982877652980250 -1.6899196787522723
vn 0.2293140837047296 -0.9302981128453538 0.2862873945025063
v 95.3353898201618932 33.0982933043360248 2.3717820377906196
vn 0.2930890609458598 -0.8436464062931063 0.4498439101539567
v 100.1116164068843517 33.0982987368983501 2.9093592353539997
vn 0.1615618973606371 -0.8956511360580279 0.4143751872388052
v 94.4821742600966985 33.0982932989606269 2.8370556989510751
vn 0.2445995634225766 -0.3026133078510321 0.9211928351246232
v 90.5997615093992863 33.0986937740107763 7.6107931179140547
vn 0.2935406583318203 -0.9390574927737110 0.1788991536359895
v 96.1672553440752722 33.0982271254517713 1.4220882631095251
vn 0.8277613969257964 -0.3782866506621815 0.4143793910056854
v 100.8566103685754598 33.0982700951318094 -3.3928107579594835
vn -0.5439032238785226 -0.7823133060013381 0.3035707072624208
v 90.2094889765392622 33.0981621887549124 7.4389481504986925
vn -0.6338455833432405 -0.7571003583447750 0.1582366072389085
v 90.3316357333899163 33.0982932984904252 6.5693845760913065
vn 0.0410446414911515 -0.8953552551834124 0.4434572182525721
v 93.7524017445763178 33.0982932989463592 2.9916584941960522
vn 0.5958546265362424 -0.8017467534340057 0.0464694242850787
v 96.4767115455935880 33.0982932987621083 0.1723316410256120
vn 0.2172052449652165 -0.8470297045775360 0.4851417948629994
v 93.4438400389043267 33.0982915118615395 7.2529766740777024
vn 0.3592057838324619 -0.5366044885436843 -0.7635619344467596
v 100.6639301600016125 33.0983467437026917 -3.7949566249902746
vn -0.0670640407793845 -0.8033208437301003 0.5917584274542280
v 93.0025940151375892 33.0982932989468850 2.9735807671490870
vn 0.2877207562988588 -0.8412684359606402 -0.4576944232248750
v 99.8112138001946505 33.0982933039390588 -3.5930355184523060
vn -0.1342986158953783 -0.3736590050465706 0.9177923674318678
v 89.3880937527124217 33.0982927822593709 7.0414823168358254
vn 0.4666030476908922 -0.8537651417071803 0.2310122912125874
v 100.1985433063750008 33.0982938663625248 -2.8485354680389166
vn 0.5392207848802669 -0.8160295754766336 -0.2081746312607145
v 100.1920364784155169 33.0982933002994670 -2.6850388730397974
vn -0.5817040066032475 -0.7820711233466530 0.2235737165434107
v 89.0648256956983033 33.0982936698929890 6.8393728169785248
vn 0.4449255753484507 -0.8451589438740791 -0.2962222003673955
v 100.5830113573915270 33.0982932999841637 -1.4412422113813916
vn -0.7271166865175156 -0.6604609244372136 0.1873304339378160
v 89.3115807524751375 33.0982934843096501 5.9753531447238526
vn 0.7516655276841573 -0.6273466244712896 0.2035562508393589
v 100.2114699803674966 33.0982924591346119 -4.5646674888994507
vn 0.0395156764226825 -0.8485401224651432 0.5276534581367751
v 91.1366646830079077 33.0982932609608156 6.8720543201333406
vn 0.1014304655571826 -0.8321640255125249 0.5451741880350196
v 90.0833367085185444 33.0982538806792306 6.4151237988318703
vn 0.4919333664361156 -0.3713516538852620 -0.7874639751401400
v 99.9931435913366897 33.0982937046960615 -4.8768234437678855
vn -0.2038258184842804 -0.8589479070496584 0.4697483674204996
v 92.2169919845261319 33.0982932987592875 2.7319078884114587
vn -0.2497621851093141 -0.7077240656147954 -0.6608672316275680
v 99.4194194295828595 33.0982933218033395 -4.6986964690044681
vn 0.3742819918307402 -0.9202892631456498 -0.1139327114135814
v 96.3715974640828392 33.0983305526691112 -0.8305695072545732
vn 0.3023221721208626 -0.9531870530420798 0.0059788090017100
v 99.6312620564761744 33.0983048045115709 -3.8377302152512378
vn 0.1136061968130386 -0.8891551361432269 -0.4432795685747276
v 99.1239313415228196 33.0982951149334710 -4.5603808235081589
vn -0.9293569452103742 -0.2957528839325630 0.2209658345419343
v 88.0291863585243277 33.0982924547740751 6.0533147028688390
vn 0.1202594541502371 -0.6240784916238927 0.7720516174323669
v 88.3107796527159934 33.0982953573575216 6.2912659814329253
vn -0.3322310346496991 -0.9088921031946142 0.2520668251993136
v 88.4108868133349404 33.0982775836967633 5.1486653877387205
vn 0.6181704962639601 -0.7820249524562393 -0.0793864678933752
v 99.3933549595396784 33.0982917702441242 -5.5868546966561059
vn -0.0503570845258864 -0.8843675380770993 0.4640670443303457
v 89.1235698223269281 33.0982910195065898 5.7951251889315776
vn 0.3413130074615576 -0.8964998704259026 -0.2824772791993836
v 95.8199766300367060 33.0982986974284827 -1.9026244633996039
vn 0.3766676534749667 -0.3671121084534836 -0.8504999580555547
v 99.1313661184311599 33.0982940817768707 -5.8539245602682701
vn -0.3267619430377113 -0.7071589122297868 -0.6270190630564627
v 98.8110304738684988 33.0982932800877876 -5.7155850298504012
vn 0.6445162682231029 -0.7640806912198089 -0.0279191207029198
v 98.9452274793124360 33.0982933061138098 -4.8048356966528880
vn 0.0455695605679110 -0.8803751016580834 -0.4720837802023776
v 98.3041280001685038 33.0982892452643043 -5.4152870172269356
vn 0.2376491554104805 -0.8957964241900079 -0.3755950550008355
v 95.0640155299371941 33.0982932989485334 -2.5568547459149804
vn -0.1143831584182070 -0.7809451937801983 0.6140367231541478
v 87.3960153570637175 33.0981977020607161 5.3900843899510624
vn -0.9499906342977250 -0.2993505715291585 0.0889214826224362
v 87.1297373806355182 33.0982931238759548 5.1020468197827968
vn 0.1441534450654388 -0.5890059072523615 0.7951677970702713
v 88.1356429566511963 33.0982932596451818 5.0268673925257410
vn -0.4475561959758959 -0.8885296879046848 0.1010368504833205
v 87.6313147685915084 33.0982870276064745 4.2951417388402104
vn -0.2391217783333550 -0.9379610211686360 0.2510973872723157
v 91.3096052588152389 33.0983189901985639 2.1254281010842968
vn -0.2493340069475934 -0.3756616381186448 -0.8925866269586801
v 98.1024617094600870 33.0982930012433556 -6.6877750309551640
vn 0.6726340166287083 -0.6313348230819117 -0.3859790419673870
v 98.4301385380253180 33.0980535662407931 -6.4537765124076145
vn -0.0707194714673609 -0.8670743349940694 -0.4931337079839192
v 97.4113598814993651 33.0982920705284087 -6.1338504410642116
vn 0.5381298666009120 -0.8349152158812875 -0.1154678698252794
v 98.0894679607498858 33.0982933439254481 -5.6063462274233284
vn -0.9495303695765963 -0.2939779857960632 -0.1094030215260175
v 86.3881869693473448 33.0985461823027833 3.9918946487176581
vn -0.1122881086724235 -0.6281165531152995 0.7699746595527189
v 86.5996150546442038 33.0983981341232152 4.3450675923571280
vn -0.3216346561058469 -0.9450300606787314 0.0589010390844416
v 87.0290318143955943 33.0982932997074499 3.2803688491492569
vn -0.1689715847981606 -0.8776141306150325 0.4486000905880633
v 87.5064440341521248 33.0982932990770067 4.1123009814452729
vn 0.7194553181704731 -0.3714658060957718 -0.5868536444956627
v 97.3217958695040011 33.0982935120945925 -7.1688539045448305
vn -0.1089178856427168 -0.7834361644089475 -0.6118534714155970
v 96.9694413934565631 33.0982923379869476 -7.3511723068559185
vn -0.2452644358854759 -0.8412312975956031 -0.4818456811422067
v 96.3491612768793431 33.0982950590849470 -6.6731693879807068
vn 0.4760824878786177 -0.8460193250261476 -0.2399932632754664
v 97.1494824952127658 33.0983043586103278 -6.2419618603362519
vn 0.1474420488031072 -0.8591055985437224 -0.4901004109318564
v 94.3104602364129079 33.0982932987558627 -2.8887703191822860
vn -0.3348876280097210 -0.7774473750601669 0.5323775498817348
v 85.9762489234327063 33.0982934656357486 3.1681195900178913
vn -0.1701338310466369 -0.5876063011566977 0.7910583508024794
v 86.8695348439500066 33.0979389828944619 3.1087354219879009
vn -0.4725997719645222 -0.8285753055831466 -0.3001873057224053
v 86.5487438744396513 33.0984036787795048 2.2369750763413436
vn -0.6457796083606588 -0.7095930821653882 0.2818622982390137
v 90.7270503706655091 33.0982932989184917 1.2165347940541327
vn -0.3638923710370006 -0.9295196210480089 0.0597964579873750
v 90.5053460674358803 33.0982932989707805 0.4999854280457965
vn -0.9285195964696472 -0.3711367146227652 -0.0104354219303083
v 85.8411405041450166 33.0982930020725377 2.8318177217178988
vn -0.4333106998798688 -0.8721360641193823 0.2272015031463727
v 86.5314511769940680 33.0982933001035420 2.0459605907053078
vn 0.5087164604773712 -0.7771379724718424 -0.3704917469819390
v 96.1113173421452700 33.0982920597349590 -7.7004213135941306
vn -0.1343041990850798 -0.9228963727983236 -0.3608665503809036
v 95.2080864777128824 33.0982909472455020 -7.0497503109792605
vn 0.6070732818056521 -0.6738754129790286 -0.4211341333827725
v 96.1139457768034333 33.0982964407263083 -6.7521066236697971
vn -0.2914138873590451 -0.2951612892504208 -0.9099218425679862
v 95.7659882537623162 33.0982930957781534 -7.8128115098265027
vn -0.2051765459159058 -0.7208680083430483 0.6620059664032834
v 86.4179719699796749 33.0982933166169460 1.9699195441376909
vn -0.4812332804292772 -0.8374307090515329 -0.2590836493195265
v 86.3036366765595062 33.0982933732568654 1.1323555239367677
vn -0.3169222383074914 -0.6291910937637576 0.7097033622539322
v 85.5995844596819779 33.0981478093087560 1.9610003149485848
vn -0.9085209766808893 -0.3801555951069958 -0.1734109524789279
v 85.4873421065469756 33.0982248346677252 1.5436767826282616
vn 0.4766624044448982 -0.7739666558263439 -0.4168555719404433
v 94.9577784437941261 33.0982933048112784 -7.1075403395426431
vn -0.3704035003029538 -0.7655333190630078 -0.5260798269917738
v 94.1137633810801049 33.0982932402270720 -7.2551282803631958
vn 0.4083117758583775 -0.6322143748449979 -0.6584728376590234
v 94.8615297378689064 33.0982158337297108 -8.0160852534054978
vn -0.4213904463013832 -0.5346457730794691 -0.7325189342905601
v 94.4540334615953867 33.0978777646347098 -8.0696667738113632
vn -0.4162046654594047 -0.6038159966075706 -0.6798381562479641
v 86.1635309338260527 33.0982934496187156 -0.0105946467191355
vn -0.7023845463648908 -0.7085403096593743 -0.0680189577660842
v 90.4842233156606142 33.0982932987567438 -0.3218073452734500
vn -0.4147906291813828 -0.9069658540871046 0.0732234488627885
v 86.2554707211079403 33.0983248812548609 -0.3034290595249567
vn -0.2431172846668761 -0.7086407913157340 -0.6623610909312347
v 85.7474366584101375 33.0982930880155948 0.0845865178637879
vn -0.2287584312975667 -0.9501854084833079 0.2117008965868724
v 86.2637021538607769 33.0982930795580970 0.8421400857661233
vn -0.4489801883067053 -0.6302456787718896 0.6334091686243857
v 85.3596108801526441 33.0982952736310949 0.6453590758773445
vn -0.8822416993524750 -0.3667772576307806 -0.2951677950056563
v 85.3387466105696575 33.0982899350671858 0.2679922770514110
vn -0.2809516974034323 -0.7794897549760573 -0.5598766521417876
v 92.9304775780479133 33.0982914849093675 -7.2291560872759630
vn 0.2114373739499974 -0.9294676892188369 -0.3022979516889330
v 93.8295289516054396 33.0982855677230674 -7.2429369600005842
vn 0.5947689981867780 -0.6262685644091347 -0.5040213527508709
v 93.5457477134802531 33.0982935580825384 -8.1372755802655394
vn -0.6811729206364758 -0.7076176228434724 -0.1878317120002011
v 93.0102377296658460 33.0982932094260605 -7.6988949611813888
vn -0.3515955451646209 -0.3668588997613267 -0.8612752871679888
v 93.1737153253603765 33.0982932212237060 -8.1359610554749562
vn -0.1801200733478273 -0.9463660742467994 -0.2682312671779239
v 86.3304958471318287 33.0983070182886365 -1.2197555859845590
vn -0.5362940553581886 -0.6232571503775340 0.5691565783602471
v 85.3885596078850568 33.0982949533109547 -0.6395958116819325
vn 0.4632476732946367 -0.7572135117024618 -0.4604663840958766
v 92.6181970597940278 33.0982934018722332 -7.2339014089909410
vn -0.0358398571642926 -0.9498887931748419 -0.3105266256527542
v 93.1938948523610406 33.0983361157818763 -3.0171812171168284
vn -0.4957418319990138 -0.8389171662667966 -0.2246286360844267
v 91.7782940303262933 33.0982932582747651 -7.0814129005441213
vn -0.8238913015677818 -0.3823751869737982 -0.4183208572228970
v 85.4033660920996738 33.0982934073168167 -1.0607212736862128
vn -0.7413567837186009 -0.6092000996183290 0.2815410411635035
v 86.3339791847686229 33.0982930285214465 -1.5207351674883873
vn -0.5410861493598798 -0.8018048394144549 -0.2536430138254509
v 90.7055491573314612 33.0982932988598648 -1.1928908564726488
vn 0.2959588288875490 -0.7839479116488672 -0.5457417369277251
v 92.2594610004172466 33.0981592633721320 -8.0390553980231978
vn -0.5106216337398342 -0.3783756827530887 -0.7720734355344682
v 91.8464292583786346 33.0980933015947869 -7.9731191789519880
vn -0.3563315464223231 -0.7078296404604916 0.6099221500403533
v 85.9374143849957051 33.0982934077090150 -1.7096466924130183
vn -0.3241589681274395 -0.9257742493621448 -0.1945841787004047
v 90.6612916724769775 33.0982931070121822 -6.6914365676174290
vn 0.2100171142485623 -0.7728547697710975 -0.5988224416008223
v 91.5291482684027784 33.0982733299288583 -6.9830233698160900
vn -0.1799741487768494 -0.8302970372533622 -0.5274619755966656
v 86.5679093846910064 33.0981596965506952 -2.3567359479704209
vn -0.5199606756028201 -0.8536204641701579 -0.0311929315163398
v 86.7019647416795749 33.0982932993114431 -2.5684703659537389
vn -0.1313565013511827 -0.9676287871249197 -0.2154994196742385
v 87.0964921630748989 33.0982932996059631 -3.4329391343976758
vn -0.8056647984380586 -0.5217133766808684 0.2805697509533213
v 85.5754037562852972 33.0982940900041882 -1.9727477367624835
vn -0.1599729036870430 -0.9296869618001566 -0.3317993718269070
v 92.1223368269815666 33.0982932987625063 -2.6863242238456930
vn -0.6432323885245622 -0.7620767418771495 -0.0741021851425108
v 89.6315750555927053 33.0982932885958334 -6.1720700251229212
vn -0.6105438132577113 -0.6242220298545511 -0.4874249783679503
v 85.6736233433071845 33.0982920569320811 -2.3247736993408266
vn -0.7131784565382432 -0.5288787713194021 -0.4600692712814111
v 90.5929681795149406 33.0982959136325192 -7.6046207505286585
vn 0.2360876596878768 -0.5303637819378150 -0.8142339195536618
v 90.9580377945928689 33.0982923951176105 -7.7427638996416581
vn -0.2938567568367921 -0.8974800949602714 -0.3289037634498346
v 91.3510712836874603 33.0982907313543819 -2.1597275158805687
vn -0.3138895898260395 -0.9490607486231813 -0.0275140113696166
v 87.8533393167256946 33.0982876538638777 -4.5892844273534150
vn -0.0761950491145905 -0.8933867603744555 -0.4427803189822924
v 89.3824589662451103 33.0982880884500474 -5.9862658866839986
vn -0.6746197959096385 -0.7153089047973653 -0.1822671163003121
v 90.5612702147643205 30.7982921746490312 -0.7945473579007570
vn -0.5443109865862364 -0.7168633851738591 -0.4356976438754209
v 91.1818612831583977 30.7978121595409426 -1.9953160371442480
vn -0.3199420339527236 -0.6123671543800540 -0.7229409126247244
v 92.3466307355191134 30.7982921747556375 -2.8066481341783986
vn 0.0700756114908279 -0.7182634730871471 -0.6922333363129630
v 93.7410452464700228 30.7976488347255142 -3.0299582272107775
vn 0.3790370816013913 -0.7184955080604385 -0.5831767276461508
v 95.1529994644514261 30.7982075449480170 -2.5199183131791862
vn 0.7206353996761375 -0.5659918710062632 -0.4004220556967897
v 96.1224808123368604 30.7982390640451520 -1.4593003562566642
vn 0.6941792415313095 -0.7160501268053643 -0.0733988864291374
v 96.4587217725130870 30.7982921741498572 -0.3974066786440433
vn 0.6534390425245897 -0.7215842631175422 0.2287653140789948
v 96.3131215851654900 30.7983545964523167 1.1294677273765190
vn 0.4853910777892396 -0.6149883055408247 0.6214377568595469
v 95.2596618656821477 30.7982922428589738 2.4416006028569415
vn 0.1132308531074956 -0.6092885570146348 0.7848224182549660
v 94.0235059388233338 30.7982921747680152 2.9744414664179968
vn -0.1527441050886292 -0.7119666552372158 0.6853996791588141
v 92.9005303219791898 30.7982921734950921 2.9555840582904258
vn -0.4257155194376112 -0.5642899072266280 0.7073494165630791
v 92.0548471351263942 30.7982921748879939 2.6551533248831829
vn -0.5723454940850359 -0.7189054016029210 0.3944561559244565
v 91.0114232082375594 30.7980032723406580 1.7863420624711071
vn -0.8767282563213009 -0.4608182008450334 0.1378192669323037
v 90.4813832048411513 30.7982921746537812 0.3993743254624010
vn -0.6219637998888057 -0.6072704729486557 -0.4943517010313546
v 91.6358976436889918 30.7974834145398475 -1.7547096615458029
vn -0.6848902590330364 -0.7106281398977117 -0.1610372002587555
v 91.0643292183349331 30.7982919253064402 -0.7390318749145393
vn -0.2731412834923682 -0.5198121214822429 -0.8094375810476506
v 92.8526980444378438 30.7986712409208110 -2.4691322666902260
vn 0.1890616637185027 -0.6035915179463480 -0.7745533982723303
v 94.0989456115744218 30.7982923956822070 -2.4468523480570270
vn -0.7312889343040814 -0.6362077216709314 0.2458784851317488
v 91.0389725843707964 30.7992355685545611 0.8479561370998432
vn 0.5006757714031073 -0.5565652164475018 -0.6629924070233754
v 94.9331134063189381 30.7983963486429744 -2.0515424841516849
vn -0.3970016349701138 -0.6300282902155387 0.6674234453172451
v 92.1904013418413086 30.7986330850611232 2.1866431841393443
vn 0.7062334731671975 -0.6335240123824382 -0.3160405149866924
v 95.8402094018271811 30.7986640986118871 -0.9716086914792728
vn -0.0569193152913671 -0.8374700268708188 0.5435109434406561
v 93.1603606221468681 30.7982923637280024 2.4999575870217954
vn 0.6999219788932661 -0.7099083757329860 0.0783538226654448
v 95.9583395103554295 30.7982926841070359 0.3736611421682554
vn 0.2502965690643512 -0.5158087466841753 0.8193247002005462
v 94.3244383559640198 30.7982920481418319 2.3783751982613861
vn 0.7033927261143907 -0.5233072949524825 0.4810282194413141
v 95.5221334338624644 30.7984802096328742 1.5375375572538603
vn -0.9065833802431584 -0.4195477103536446 -0.0456759608974273
v 90.9726490278865754 28.3982858737746291 -0.1574315521670693
vn -0.9767109589626650 -0.2054198211957922 -0.0619548198457554
v 90.9651052557210988 25.3122744560786792 -0.1579234730491770
vn -0.8466461834809993 -0.4261580298888311 -0.3187155056760314
v 91.0778540111819979 28.3982916293981980 -0.7793307113792266
vn -0.9237924934528027 -0.2150687429622916 -0.3167852030017709
v 91.0826594051095100 25.3123121751085094 -0.7767572763055459
vn -0.7175819517718902 -0.5241209014787166 -0.4586648265611634
v 91.3546490843815917 28.3982938627970540 -1.3464123081743107
vn -0.8323509083504428 -0.2130233820518992 -0.5116766596859420
v 91.3514264871531907 25.3123744935783712 -1.3472188960336611
vn -0.5811798181583764 -0.4243360360763470 -0.6943838617453675
v 91.7558427988434460 28.3982919547796300 -1.8374212209882781
vn -0.6572641857029390 -0.2156762980426832 -0.7221409312972477
v 91.7522942498782470 25.3129284759390849 -1.8328819313056275
vn -0.4132543429147283 -0.5181677762565494 -0.7488143987073556
v 92.2659848466988990 28.3982860000011392 -2.1978953622353212
vn -0.2083231239406374 -0.5346961501174190 -0.8189636762892627
v 92.8477443194545060 28.3982906905841084 -2.4408137471695275
vn 0.0037014775216588 -0.4244094547537129 -0.9054628174474162
v 93.4740979413386697 28.3982993796464953 -2.5037713448330785
vn 0.2090214768238538 -0.5314659297278879 -0.8208860991421690
v 94.1008643831878828 28.3982906449663908 -2.4408139775331512
vn 0.2557261859415142 -0.2193019538566517 -0.9415470093725863
v 94.1004808428551058 25.3096357164593293 -2.4356872860881817
vn 0.4287277775935945 -0.4274322989220449 -0.7959234401359676
v 94.6853278944879833 28.3981907631522752 -2.1960696628271044
vn 0.6394900919462858 -0.4225737113464389 -0.6422490800160229
v 95.1945023778243211 28.3980135874100483 -1.8279736177589878
vn 0.6603442623783099 -0.2126834410691124 -0.7202160849627334
v 95.1964861969221801 25.3118333802887463 -1.8340379993488050
vn 0.7181734988050767 -0.5279658671908417 -0.4532977704506134
v 95.5942398288796937 28.3981748921562165 -1.3426641388013856
vn 0.9333477690565215 -0.2145586251012452 -0.2877960013479645
v 95.8662947225339792 25.3122907140197491 -0.7775652230002150
vn 0.8051903164999512 -0.5328774422576645 -0.2602118093931126
v 95.8613097382442305 28.3979604467393720 -0.7737643608205338
vn 0.9032361677739541 -0.4247440040010686 -0.0612940151251439
v 95.9788993978471154 28.3982931548528335 -0.1569092667349953
vn 0.9565309661672272 -0.2120066220831840 0.2002540959782564
v 95.9442089275741381 25.3124367644088260 0.4710258780281364
vn 0.8823872167866077 -0.4230511501615911 0.2059624334643073
v 95.9383056276407871 28.3982920702621122 0.4708664567002858
vn 0.8818393627094635 -0.2206048114681666 0.4167647484292090
v 95.7503545740802053 25.3132361944163833 1.0709679242912182
vn 0.7687734148259824 -0.5262336918184666 0.3634082253498194
v 95.7438650982898025 28.3981131273548968 1.0700174257644990
vn 0.6533184687630157 -0.5336030592469155 0.5370686674304145
v 95.4068560435954254 28.3982849788805254 1.5987922807575974
vn 0.5348704577117463 -0.4257918972959367 0.7298046681574143
v 94.9612208706638796 28.3987176386400719 2.0285210638476636
vn 0.7552033679599890 -0.3226437181015859 0.5705864563687729
v 95.4124507365415724 25.3116682903140600 1.6026045096404000
vn 0.5787461589450357 -0.2224283736630033 0.7845881098359819
v 94.9528202343023224 25.3127979259330189 2.0350324217067834
vn 0.3140273931420606 -0.5289333987921339 0.7884264429853955
v 94.4010464963550788 28.3982887295536059 2.3346085528703089
vn 0.1123016506230480 -0.5209708371499323 0.8461546703213529
v 93.7911204076673926 28.3982891173189635 2.4934841241390662
vn -0.1123333514054089 -0.3526356514783295 0.9289937112104060
v 93.1583648639503537 28.3982942518524695 2.5015884306778142
vn 0.1214175300432833 -0.2205187147789103 0.9677960941388666
v 93.7894579259357783 25.3123486806646092 2.4944202944701521
vn -0.1037713018299433 -0.2142780953184301 0.9712447759361306
v 93.1588145375853856 25.3128432433811668 2.4945873031316408
vn -0.3150816799669255 -0.5243208351584373 0.7910822945610518
v 92.5527160203774315 28.3983280630986101 2.3281794482798657
vn -0.4917815716974253 -0.5305586612420911 0.6904045138321521
v 91.9981512250342774 28.3982903056241689 2.0378976586318394
vn -0.5624124297857358 -0.2187886396453421 0.7973855968003468
v 91.9954707932392779 25.3101377987970508 2.0342744890346078
vn -0.6963764860441909 -0.4210339761744235 0.5811971959597706
v 91.5376037504589561 28.3982921871770237 1.6071134771815099
vn -0.7508149474461332 -0.2092474520529255 0.6264921535828036
v 91.5370150161511873 25.3123764877956425 1.6026619262080777
vn -0.7641883138583465 -0.5346567012569088 0.3607747673596618
v 91.2049668320969289 28.3980533638470440 1.0691709791294459
vn -0.8903703404686721 -0.2127165678752837 0.4024826934975720
v 91.1993167656857935 25.3123762598923427 1.0705294973021175
vn -0.8299022211196028 -0.5346066041482920 0.1595558904640669
v 91.0031138534743889 28.3982934548364092 0.4745428645475106
vn -0.9559970503875059 -0.2154118810177864 0.1991666668063899
v 91.0038085685236240 25.3125839098308631 0.4706500549367877
vn -0.2392927240732369 -0.3356604381775407 0.9110823576648112
v 92.9316787700000049 28.3982925399999999 2.1133852000000002
vn 0.9740109065424304 -0.2124907762826129 -0.0784246385468606
v 95.9839868719902682 25.3125571434595926 -0.1581740721143297
vn 0.4978670042096368 -0.7624961264770855 -0.4131925740218015
v 95.1473088406247172 24.9118258272526987 -1.3835995824304577
vn 0.2915612598084130 -0.8429249794911799 -0.4521830500236878
v 94.7394462214717663 24.9068456189733105 -1.7367008124240320
vn 0.3069236129523736 -0.5492911126005336 -0.7772240149598630
v 94.2775565259134396 24.9769227441265720 -2.0287186962478363
vn -0.4925050617684126 -0.5376786428854754 -0.6843540320019494
v 92.1917324589914813 24.9717401671681252 -1.7651944044723240
vn -0.7641719882003669 -0.5343698528971983 -0.3612340415361279
v 91.5000010118044429 24.9717146811131592 -0.9289802180334467
vn -0.8054913878699647 -0.5316191955328907 0.2618485344780077
v 91.3991508910296915 24.9741102224738007 0.6742480266960098
vn -0.4146345835446678 -0.5256645275376329 0.7428021046129158
v 92.4231233461898540 24.9762220088409386 1.9120449037836871
vn -0.1277403210671225 -0.8465586494699898 0.5167406151844610
v 92.9341853365293957 24.9044474096236925 2.1012858788984055
vn 0.0339735054247679 -0.6003949182529650 0.7989816913203760
v 93.4743171511196351 24.9739445788852485 2.1819425065320828
vn 0.1536543443136134 -0.8983998036730920 0.4114220888986193
v 94.2815977423383913 24.8981290188987323 2.0019162764031848
vn 0.2281829163845514 -0.4548412493121669 0.8608437689815662
v 94.0170627814233768 24.9687209253924820 2.1132525632728192
vn 0.7760068831892198 -0.4756949634320803 0.4141589296493614
v 95.3165995691419283 24.9748810507047168 1.1691219936549075
vn 0.6142606106751419 -0.7882888741629577 0.0358406618786328
v 95.6376785054359715 24.9058424386283832 0.1359635803225412
vn 0.8322062660965289 -0.5299967186942367 -0.1628993825740768
v 95.6175993011740815 24.9748150430450480 -0.4088299948168912
vn 0.5882575605771511 -0.7737717271524132 -0.2350113969223425
v 95.4332260391924336 24.9124610812682690 -0.9227338013454088
vn 0.8291504270466824 -0.2069142615977936 -0.5193226912775372
v 95.5984521154022389 25.3158936302832771 -1.3477571627384448
vn 0.4663205044781559 -0.2180384633377478 -0.8573239852054482
v 94.6866368731500074 25.3142323718580791 -2.2044238436168739
vn 0.0812608850712557 -0.7951292388498895 -0.6009710160094508
v 93.7066490289644207 24.8994746542271947 -2.1319651726173872
vn 0.0000921374941519 -0.2211535089131773 -0.9752390050680251
v 93.4752330680501302 25.3142768780196512 -2.5162413109322781
vn -0.1121189197927680 -0.5412774426277714 -0.8333355134199205
v 93.2008529953730260 24.9769749526177733 -2.1647450381213504
vn -0.1962220548393972 -0.8387154424704392 -0.5079894799660917
v 92.6572695817597349 24.9071002651561280 -1.9885485064573307
vn -0.2305323709689457 -0.2194594839619314 -0.9479938611798070
v 92.8494648407802288 25.3108551346220345 -2.4360749086895881
vn -0.4694379477554658 -0.2204855448520476 -0.8549936477649598
v 92.2628950784810655 25.3129539339567593 -2.2044863715335787
vn -0.4795388244738900 -0.7838884236192497 -0.3944127978881105
v 91.8112380446021490 24.9080715416297451 -1.3854885652688895
vn -0.6171482632098929 -0.7714094654123543 -0.1550982201356239
v 91.3435142776779685 24.9103604538704069 -0.4058474308361242
vn -0.5534314546940178 -0.8300579654899298 0.0686833231722354
v 91.3092515860125644 24.9132554656220577 0.1412322111855878
vn -0.5579279025703945 -0.7696235416279347 0.3104771484432874
v 91.6428157183226659 24.9120304539823358 1.1622488836325247
vn -0.4126988179675564 -0.7669825773006355 0.4913424587448721
v 91.9994757124730000 24.9140532042812062 1.5847908943249875
vn -0.3778309471352349 -0.2099145297141327 0.9017647506981995
v 92.5483080396486457 25.3147848411658529 2.3387651797447888
vn 0.4285716689639735 -0.4379598101194289 0.7902642148557582
v 94.5254800215795257 24.9745614484339100 1.9120406384252848
vn 0.3622743870870030 -0.2211572589825790 0.9054538835634032
v 94.3999011542562272 25.3109374700883549 2.3388481144454363
vn 0.5295205692519309 -0.6007793258433671 0.5988924514287188
v 94.9679317122387943 24.9743246492279773 1.5905739119546380
vn 0.4192883711335390 -0.8728048150807234 0.2498179669361026
v 95.2681634234586738 24.8982697403518785 1.1262669616071568
vn 0.7720112051889482 -0.5664484672635249 0.2883311169428495
v 95.5494432516617422 24.9738603021644074 0.6742734999664781
vn 0.0032741055709831 -0.3327644751541778 0.9430042864738604
v 93.4743042000000059 28.3982925399999999 2.1819348299999999
vn 0.2362114261177934 -0.3316078388680859 0.9133676167746674
v 94.0169296300000070 28.3982925399999999 2.1133852000000002
vn 0.4584742712671532 -0.3301757472213923 0.8250971570262789
v 94.5254592900000006 28.3982925399999999 1.9120439300000001
vn 0.6504138368566525 -0.3334499057306591 0.6824756414654094
v 94.9679412800000051 28.3982925399999999 1.5905619900000001
vn 0.7961833354620741 -0.3307973369549643 0.5066213755814003
v 95.3165740999999969 28.3982925399999999 1.1691391499999999
vn 0.8975705939527071 -0.3302341547253680 0.2920829196036746
v 95.5494461100000052 28.3982925399999999 0.6742548900000001
vn 0.9402900455751002 -0.3350261178136279 0.0601010031123035
v 95.6519317599999965 28.3982925399999999 0.1370048200000000
vn -0.9408394871063251 -0.3346148793663851 0.0534222987911090
v 91.2966766400000012 28.3982925399999999 0.1370048200000000
vn 0.2554338484197286 -0.9667889340565010 0.0085267852899937
v 92.4575863911623230 24.8984087494015718 -0.4857572322491875
vn -0.2047087529399483 -0.9787674712174275 -0.0104193932843184
v 94.8616266951721911 24.9217290291192590 0.0224589234122080
vn 0.1429484533353213 -0.9871867595775856 -0.0709086835567104
v 92.6281995930260109 24.8987306008184852 0.9560274882447048
vn 0.8182237681908462 0.1254964843980484 -0.5610352017220513
v 92.7255498882837657 25.0677065438858016 0.5882822892544666
vn -0.9269132433510058 -0.0257905170648058 0.3743884193321814
v 94.4751367708867065 26.6088581195538652 -0.4180874727353263
vn -0.9562912761472471 -0.0775324025862742 0.2819498567367423
v 94.8428736260614755 26.3897607955416120 -0.3870154713430980
vn 0.8046620296714670 0.3230082600224521 0.4981813745637858
v 92.3397502781292729 26.1007619540309825 -0.7548438812261682
vn -0.5606750752883102 -0.0552338416910452 0.8261916742999146
v 94.1067249555718206 26.2047965133744185 -0.8020692819469701
vn -0.8767187318770672 0.1677773432477080 0.4507937757651586
v 94.6853931079694746 25.9457963422143223 -0.7183617681700196
vn -0.7691147867097152 0.2942103374027954 -0.5673647171174842
v 94.4146464301102384 26.0092855071742726 0.6812028636051138
vn 0.8798014594862920 0.2770835893779281 0.3862306000088994
v 92.2542478680236542 25.6469643753844529 -0.6233011150709439
vn -0.9613429411738722 -0.2219451932707202 -0.1629726377009079
v 94.8513775068498575 25.4548291934691910 0.1969872616813585
vn 0.8312332604562959 0.0174866912109660 0.5556487040763149
v 92.3698018348996186 25.1947382256291839 -0.7536558536636124
vn 0.1108784040297336 0.0170186568146856 0.9936882533471164
v 93.3825181596070593 25.1308722210899198 -1.3371251868408347
vn -0.6132868301480570 -0.2470887456819411 0.7502175789224573
v 94.2580509864036884 25.0801802137254590 -1.0594823567458602
vn 0.8856768288314933 0.0200618366346522 0.4638685994781649
v 92.2624089697312257 26.5546290271639762 -0.6611907179535289
vn -0.6450804045861150 -0.2430416086333886 0.7244322246365832
v 94.2226393542289458 25.7429660588896816 -0.6781995077166497
vn -0.9556771673479879 0.0336650199101524 -0.2924855863870474
v 94.7759206252581947 28.1462619726757381 0.3018968218349326
vn 0.9277314631702540 -0.3091129053430748 0.2091973804672105
v 92.1278441041136915 27.9333565822823964 -0.2214325175549665
vn 0.3504566989741389 0.1434156034947189 -0.9255333958417682
v 93.0501881602191503 27.5777650607027347 1.2560666276905015
vn -0.8075297602546765 0.0299196361774848 0.5890674848215878
v 94.4942714497429677 28.0569491299642593 -0.5567872197273469
vn 0.7085634052395438 -0.4383142948156894 -0.5530085711049757
v 92.5302791477950848 27.8320339907602268 0.6256213478313752
vn 0.1896331916918855 -0.1805420932754927 0.9651133638927875
v 93.2771519937913496 27.2633214193214215 -1.1864575413005556
vn -0.6260905576149322 0.0850255544804772 -0.7751008119920342
v 94.3666896091274765 27.2023514834578322 1.0413960634367905
vn 0.8958022231831748 0.3151471321247182 -0.3134017582172232
v 92.1856046737563730 27.0563737451891662 0.3638699722433621
vn 0.0001292267620050 0.3269337733801729 0.9450472427999808
v 93.2289763271154470 26.9363444908778256 -1.3302808830376260
vn 0.1853142222892328 0.2563007401192581 -0.9486667326472755
v 93.2952533772777173 26.4459982814242736 1.0274784606313321
vn 0.8251799261849061 0.3593353668674489 0.4358396305290612
v 92.3985242024000684 27.5599570867165191 -0.5057902756849486
vn -0.3789569940460707 -0.2144117071352030 0.9002328679330333
v 93.9172422738374735 27.6560116086223395 -1.0023475952810033
vn 0.9361370899827178 0.1345997065518361 -0.3248542253917109
v 92.2207518840289140 27.5128174277106048 0.4949155502492292
vn -0.8195516335564037 -0.0473931722565736 0.5710420362446962
v 94.3021907962332762 27.0980915814434837 -0.5840825300956832
vn -0.8823124944984547 -0.0164093709593506 -0.4703779274122380
v 94.5766443010563904 26.7738874278319408 0.7331687074843325
vn -0.9974834719635479 0.0490441614652748 0.0511995447803396
v 94.5109363091955572 28.4110479170039305 -0.0646634541071442
vn 0.3145241576184419 0.5089004065121423 -0.8013082618606812
v 93.1181005952013692 28.1653264510067025 1.0418032770040455
vn 0.9435902583350738 -0.2727148623319997 0.1877871886961061
v 92.4811765552209408 28.1582959686659713 -0.2177562400736255
vn -0.9686428197614977 -0.1251534404749859 0.2146338837690096
v 94.8465526562268053 27.7333150677500377 -0.2034930144711790
vn -0.6822873935349171 -0.0879842794608477 0.7257704039095868
v 94.3900717987592088 27.3238212769800768 -0.9732747477284397
vn -0.9364041945435913 0.3508625470460857 -0.0065312725790073
v 94.8001527233473098 27.2616323405255763 -0.0554512459212301
vn 0.8416203344985009 -0.1674661320954761 0.5134494202544317
v 92.3407123092345614 27.0014612746958171 -0.6740205298005411
vn -0.8680281235965287 -0.0400150968133570 0.4948999582466211
v 94.6932901338577580 26.8435606477897508 -0.7030064055265524
vn -0.4228265021032812 -0.1373074319114424 -0.8957479658145970
v 94.0168003173662328 27.8679068211679741 0.8654664287368644
vn 0.3760036198852941 -0.3002588472345540 -0.8766218697309187
v 93.1717187428913007 27.1317965176452489 1.3112626351341441
vn 0.0500822490606449 -0.3195550615522448 -0.9462432726130043
v 93.3850154983261405 26.6918730102228317 1.3855065559690152
vn 0.8711725888093292 0.0146365569386328 -0.4907586898957912
v 92.3705070306224769 26.6290925962291318 0.7102397648808725
vn 0.3533810643478205 -0.3698808200979110 0.8592496740087239
v 93.0698891914293540 27.8443675269979742 -1.3004846829384542
vn -0.6009498231509456 0.1879899926279626 -0.7768648999192754
v 94.1434312231865817 27.6316959094246499 1.1725542213538631
vn 0.9776479144942020 -0.0286979627386992 -0.2082810174254624
v 92.4515711407586451 27.2781851755940004 0.2309008831349650
vn 0.5422912448265474 0.0880702091033525 -0.8355619929442492
v 92.8988007696267033 29.5704080816907116 0.8486679120760328
vn 0.9199393442924019 -0.3215100297904788 -0.2243722433078366
v 92.4058575111519787 29.1778989593759910 0.4630155163445445
vn 0.6937100018498129 0.1178828475677308 0.7105420941667396
v 92.4260098489359621 29.2299121286871930 -0.9218260044756474
vn 0.7068819905952985 -0.3894278226265317 0.5904776222147515
v 92.7800281861612177 29.0196288598102505 -0.6847609321942356
vn -0.7012027215955715 0.2747539986112983 -0.6578943558612325
v 94.5567514855241171 29.0128429447610863 0.8764427818018301
vn 0.9814409894718797 -0.1912400867731771 -0.0141708643153931
v 92.3034651365361754 28.7210901208042095 -0.0246521206301481
vn 0.6812059729917550 -0.1771381668756584 0.7103382941924841
v 92.4999879433938332 28.7862633904501770 -0.9038335166848384
vn -0.2379682196890550 -0.3455035312835993 0.9077435961154363
v 93.8004760536862250 29.1540378153334565 -1.3184450662926694
vn 0.7320054074886665 0.3873887098797167 0.5604445296950270
v 92.5174048831031826 28.4176349701407247 -0.7686538954633194
vn -0.9550747091146227 -0.0241798587253854 0.2953771054798245
v 94.8666703230006618 28.6322501891044467 -0.3152749478212790
vn 0.3348955368842037 0.0837433087796070 -0.9385265247235608
v 92.7634671124159382 29.8265997252387294 1.1980702711723565
vn 0.9443731893245592 0.3216860481942506 0.0683912690489545
v 92.5076657284487140 29.9386566801109630 -0.2266597196983623
vn 0.9567547344602790 -0.2192019212457910 0.1912351845503200
v 92.1288533452385252 29.7280431260756828 -0.2090928674565078
vn 0.2240639943247673 0.0735846573830771 0.9717924802369310
v 93.2646898175888737 29.6343861006169504 -1.3758014833865821
vn 0.5682068655616663 0.0421553169839285 0.8218052611042175
v 92.9217600757577031 29.8899859871481084 -0.7950157268388626
vn 0.9464608369568163 0.0683297837357893 0.3155042388964416
v 92.6180734193796553 29.4808230777599647 -0.4172053608293217
vn -0.9088910732060866 0.3016203447948191 0.2879968483371693
v 94.6729583616111796 29.1004193382733192 -0.5690483666429315
vn -0.9760420149429616 -0.0098493368874733 -0.2173590937342183
v 94.5053950497884614 28.8300278721423275 0.1729606793568892
vn -0.5179931171621032 -0.0796941750978503 -0.8516642349119520
v 94.1384424530782837 28.5379460347990559 1.1934703219751326
vn 0.3583259275188111 -0.2351758548518549 -0.9034903690479954
v 92.9402015543142852 28.6848922011578047 0.9238767653408263
vn 0.9523592532798820 0.1301180644819995 -0.2758281022442121
v 92.1633219116347675 28.4083614314830868 0.3907937292534746
vn -0.6499707917319480 0.0141994801402680 -0.7598265227399545
v 94.5943173356559583 29.9030785552756448 0.7991704615952188
vn -0.8679598031139119 0.2335836800446749 0.4382743941815974
v 94.8063714377415607 29.5344832145623037 -0.5583872820282898
vn 0.1678732778094768 -0.3665021255818821 -0.9151473949815212
v 93.1381786206055011 29.2820066683201858 1.2040512272819071
vn 0.4856356363104623 0.3536899227746944 -0.7994132018380501
v 92.6728571677974173 28.9125698145528851 1.1341130052789223
vn -0.9550524647819923 -0.2939736311214743 -0.0381352031474435
v 94.5304715843198267 29.3112269746940086 -0.0824771407729275
vn -0.1262525636990148 -0.4454735461989823 0.8863484697320402
v 93.5901869314967314 28.7173861946791433 -1.3598612058995023
vn 0.3962456091523485 -0.1326810451713736 -0.9085071037034967
v 92.9720614912196623 28.4754534211583987 1.2223462361875859
vn 0.8994801751665933 -0.2469448552311354 -0.3604908500324917
v 92.3636673483919992 31.4544702747684894 0.3089204657577629
vn -0.6532076470158575 -0.0686226306642956 0.7540627987380883
v 94.4875031232455882 31.3789778089119196 -0.9536714279876130
vn 0.0991830360759718 0.0795800827825517 -0.9918819162476322
v 93.3326608005082221 30.5074216091270287 0.9818825482916836
vn 0.2789557740180993 0.1166700097425097 -0.9531903193846682
v 93.0670644094082746 30.7307868823400590 1.3141314645587967
vn 0.9805975660474646 0.0635021904282489 -0.1854612770165315
v 92.1957453357089634 30.6573850894697273 0.3531504540840708
vn 0.6872258922164369 0.2653233571366315 0.6762574134344626
v 92.4978146360353151 30.5896812382158956 -0.9838461279596012
vn -0.9970865486732243 -0.0489218379088324 0.0585240824835361
v 94.8205854904466747 30.4336934135044288 -0.1798147221166196
vn 0.7404507968818130 -0.0312565578446407 -0.6713833815256322
v 92.3687977890489975 30.2306747513963607 0.8608885426880157
vn -0.7638644043174713 0.2336641248704378 0.6015914299300209
v 94.2836990362894625 29.7900892299425735 -0.6434132206147912
vn 0.1618484222448420 -0.0884167306498591 0.9828466665548831
v 92.9670229731899980 31.4532455417557699 -1.2613521535859538
vn -0.9475054661009771 0.0991843965199383 -0.3039668521331660
v 94.7309758499360584 31.2898326213282409 0.4347563900411397
vn 0.9839628589119156 -0.1173052911290016 -0.1343747035532724
v 92.4476190657879613 30.8783480002513713 0.1601649813679643
vn -0.7067043326995898 0.0929856950756784 -0.7013719745291512
v 94.4824690089747605 30.8114368260736349 0.9566339925156409
vn -0.8691908149727450 -0.2267140511024081 0.4394406287540445
v 94.6286632048378635 29.9983640860953287 -0.6350725479468105
vn 0.7302116239210467 -0.4895763009261359 0.4765564288330078
v 92.5460863619931899 31.3580363272900442 -0.6314849202801243
vn -0.1779195860533967 -0.7209627326807866 0.6697442489368912
v 94.0557277815979518 31.5857116720692872 -0.8457051987416347
vn -0.6144471153751575 -0.7535811190837841 0.2336027383563375
v 94.3953478488968898 31.8401492390292944 -0.4694987313989669
vn -0.2795353520719860 -0.1714978307900731 -0.9446949142322564
v 93.7887928064699707 31.4631207575591247 1.0060143199675633
vn 0.9537726864915265 -0.0992246200991896 -0.2836761133209983
v 92.1199199124178989 31.1023616204778079 0.3936980794988886
vn -0.3105602948428060 -0.2703487487618750 0.9112978971280675
v 93.9542815416692747 30.9528249530480970 -1.2756365293799512
vn -0.8760014563593055 0.3646413077597704 0.3156868149473784
v 94.7703541099292721 30.8777914574876959 -0.3189972950071400
vn -0.8324037770812338 0.0526128247626468 0.5516664232771382
v 94.2174382948764446 31.1314248282349944 -0.6872185019571376
vn -0.4766135058366395 -0.1973799798735784 -0.8566683778447840
v 94.0732773657394574 31.0895575380781288 0.9508371063579598
vn 0.8787642785868128 -0.0235997298020496 0.4766722096294986
v 92.2902779078559234 30.1546138135449766 -0.6544774584442093
vn -0.0601531939302859 -0.0146120998524340 0.9980822009222927
v 93.6122526161425412 30.0645318455061421 -1.3794285408530855
vn -0.4737137417731786 0.2469263002636859 0.8453535905722186
v 94.0104788189487266 30.2429232673561081 -0.8867591150939012
vn 0.6382472758158622 0.4659920066852632 0.6127739098713917
v 92.5997705958824184 31.0297113613830149 -1.0038609637711962
vn -0.3794740883662348 -0.0100769932612503 0.9251474857910102
v 93.9898155136832401 30.4977357706029402 -1.2534008535643644
vn -0.3928241382849759 -0.0407156030571404 -0.9187118351520021
v 94.0395294553240575 30.3272797106830048 1.2625578086673956
vn 0.9545505109637630 0.2650082272466417 -0.1363963397984391
v 92.5000471529012316 30.4304973240723271 0.0943605700370024
vn 0.2119413611383079 -0.8818175335271388 0.4212822058940477
v 93.0282889077895589 31.8565996431559668 -0.8268762698811892
vn -0.3964385889365358 -0.8174372700737794 -0.4178908406466161
v 94.1461079499132296 31.8829719089432935 0.8244571203625810
vn 0.6016492225858502 -0.7985348191496016 -0.0189830336762899
v 92.5292486392794160 31.8695015818397493 0.1498351113590433
vn 0.0913070677697397 -0.5062153168292748 0.8575599526463029
v 93.2499085558358729 25.5886530135092052 -1.3279652297719000
vn 0.9063013707287236 0.2741206449267156 -0.3216763862023416
v 92.2124795802479866 25.2647385561397897 0.4698858602727416
vn -0.1231424247371887 -0.0830981898586694 0.9889037536949986
v 93.5962900542082252 26.4721044118151667 -1.3464464670773060
vn -0.5076806242859406 -0.4217275412253734 -0.7512697682568084
v 94.1944545616871949 26.2886626791316509 1.1511530407916395
vn 0.0598130240716466 0.1070700468409263 -0.9924507077033531
v 93.3570592191540811 25.6673929268620959 1.1643274760395146
vn -0.6502501824712978 0.2931437953419840 0.7008861644008539
v 94.3712685271434708 25.5225086441614550 -0.9740387311664594
vn -0.0860821956011905 0.0845615413389524 -0.9926929038362563
v 93.5821640491112845 25.3513272342174467 1.4471404935707195
vn 0.2316181497475329 -0.5890832776414520 0.7741666001002198
v 93.3788282860837455 24.8997905768505348 -0.9526330222515417
vn 0.2310735855283736 0.0284835409498792 -0.9725192470928365
v 93.2387732989523101 26.0876635904967351 1.1285340952947256
vn 0.9067828116238896 -0.1094173884213031 -0.4071520203247619
v 92.2565657116802953 26.1725677250513229 0.5840682343500305
vn -0.0401833646704890 0.0159976890420824 0.9990642477584069
v 93.4024839844952197 26.0289246690478677 -1.3335147631604074
vn 0.8816386082812731 -0.0654175940459835 -0.4673691290373113
v 92.2797504159019155 25.7238253518924118 0.6034083926235333
vn -0.9870566387346584 0.1437093799287682 -0.0711815007591647
v 94.5164872407073204 25.2429783670195391 -0.0250118215330520
vn 0.9271542669339160 -0.3308588472377175 -0.1758334112470139
v 95.6175918600000045 28.3982925399999999 -0.4088538000000000
vn 0.8531160482659045 -0.3361877374681110 -0.3989621703460610
v 95.4485778800000020 28.3982925399999999 -0.9290226100000000
vn 0.7276363219327168 -0.3344366965544703 -0.5989135822486921
v 95.1555099499999955 28.3982925399999999 -1.3908175199999999
vn 0.5525038584237318 -0.3414184010692009 -0.7603768551437105
v 94.7568130500000052 28.3982925399999999 -1.7652223100000000
vn 0.3523524932285460 -0.3313972398236437 -0.8752277360509652
v 94.2775268599999947 28.3982925399999999 -2.0287115600000001
vn 0.1361712346215685 -0.3442070395058142 -0.9289665811084276
v 93.7477722200000017 28.3982925399999999 -2.1647295999999998
vn -0.1127546459135702 -0.3314532585271808 -0.9367097347826696
v 93.2008361799999960 28.3982925399999999 -2.1647295999999998
vn -0.3324247200323500 -0.3428840792697042 -0.8785922340282669
v 92.6710815400000030 28.3982925399999999 -2.0287115600000001
vn -0.5507253002597455 -0.3324305793673357 -0.7656314737230377
v 92.1917953500000067 28.3982925399999999 -1.7652223100000000
vn -0.7282111737576389 -0.3367439211534938 -0.5969187700019923
v 91.7930908200000033 28.3982925399999999 -1.3908175199999999
vn -0.8518291407939111 -0.3324234556293750 -0.4048231231559434
v 91.5000305199999957 28.3982925399999999 -0.9290226100000000
vn -0.9259687732268700 -0.3358583759310423 -0.1725716730106303
v 91.3310165399999931 28.3982925399999999 -0.4088538000000000
vn -0.8958301980396515 -0.3319451114905151 0.2954669173321917
v 91.3991622900000067 28.3982925399999999 0.6742548900000001
vn -0.7957031645002112 -0.3352378692416663 0.5044522227433014
v 91.6320343000000008 28.3982925399999999 1.1691391499999999
vn -0.6467783587110438 -0.3385840477547724 0.6834022222008370
v 91.9806671099999988 28.3982925399999999 1.5905619900000001
vn -0.4498253765856050 -0.3314958824146443 0.8293175571044876
v 92.4231491099999971 28.3982925399999999 1.9120439300000001
vn 0.7486233647421529 0.6094671957087153 -0.2609842813601846
v 87.2236053449193491 34.1982477249440109 1.9590447974575764
vn 0.6358021875552620 0.5679940381127665 -0.5226263971215926
v 88.5269577145432294 34.1980459732861206 4.2862258755561644
vn 0.3638372908982136 0.7137001266937830 -0.5985436950709002
v 90.3103512700029825 34.1982917850577195 5.7046546160388880
vn 0.2023940539207882 0.4552477127933386 -0.8670560344833215
v 91.9768685424237589 34.1982917849018406 6.3415256991680131
vn -0.0943348973478323 0.7157232998238614 -0.6919834428883519
v 94.0800823175343055 34.1983220736856879 6.5148370528643467
vn -0.2964733867821753 0.7156766922009660 -0.6323846955534189
v 96.3328134629579154 34.1982474258520526 5.8644512465895602
vn -0.5669807437123843 0.5631746996987602 -0.6011381653817722
v 98.1428434915654719 34.1983196622398893 4.5792956586931819
vn -0.7265593576635520 0.5623929858837559 -0.3947475512530514
v 99.3236445708540998 34.1982917894810967 2.8709594608572631
vn -0.7841886784871611 0.6102112467337851 -0.1126514575678427
v 99.9356577378400743 34.1982124381124493 1.0108625143823271
vn -0.6744441968568048 0.7179972936099955 0.1720607790721104
v 99.7782021486188881 34.1982386163934748 -1.8439423385126494
vn -0.6400872581121427 0.6089625371590293 0.4684580347686619
v 98.6701616595274942 34.1982917669264523 -3.9356745305957523
vn -0.4044189515980690 0.7129092548593787 0.5728924034442804
v 97.3852674356303396 34.1983005113973419 -5.2330405620594682
vn -0.2668345808953001 0.4536958252215245 0.8502701950644803
v 95.5626173347159948 34.1982388455105877 -6.1844662540906903
vn -0.0385885046246751 0.5614344705542184 0.8266209908926436
v 93.9610766995515263 34.1982917734424916 -6.4956221949430519
vn 0.1489427977684071 0.7130373027791677 0.6851232355119253
v 91.9705145465695466 34.1982517242722963 -6.3665530840484506
vn 0.4012590172779463 0.5616631683035743 0.7235507490316955
v 90.1742344846817758 34.1982917848973926 -5.6184322893451215
vn 0.5774546621340723 0.6051578002084800 0.5480238589938013
v 88.8163089303519229 34.1982801314337266 -4.5747539842415845
vn 0.7302361781685357 0.5599327147631058 0.3914466490236302
v 87.8350426087918379 34.1982917840986218 -3.2558071669154995
vn 0.6805988430169481 0.7117772066538358 0.1736618063134620
v 87.1694004976915977 34.1983019445467633 -1.6911788882371011
vn 0.8272183924813020 0.5618675403198227 -0.0038207689805808
v 86.9604677185191264 34.1982917930619550 0.0000239609994202
vn 0.1507785592533792 0.9814969217362148 0.1180238056148396
v 96.1393199198522836 34.2033943560889071 2.0123289467093111
vn 0.2116597598070659 0.9772590497412693 0.0128411750710967
v 96.7787112182501374 34.2022938870364399 -0.0351820013537408
vn 0.1797652291750843 0.9808798135395257 -0.0745604035014215
v 96.4339230305873514 34.2035367595355524 -1.3620298518481340
vn -0.0823018406258380 0.9727612347209068 0.2167071462916166
v 92.6571873474689056 34.2023374654194683 3.2072598984432603
vn 0.1387050850396138 0.9735853777296875 -0.1813626523160030
v 95.7182466568859809 34.2046853645959459 -2.4089492329681237
vn -0.1280766011715279 0.9845698005184107 0.1192421575596748
v 90.7905121952149159 34.1998779339628598 1.9791376789792181
vn -0.1444414406147946 0.9891991406189899 0.0249345228904509
v 90.1910887057188830 34.2065583947566054 0.5487950667897474
vn -0.1423540447604993 0.9886702720698611 -0.0476069224549612
v 90.4678916437671319 34.2042600081837307 -1.3996517837084299
vn 0.0608089794779424 0.9755089055575774 0.2113874243958444
v 94.2726290646048284 34.2060117817530127 3.2016539230607823
vn 0.0070959067569482 0.9879874126641061 -0.1543713721017672
v 93.9897750302351938 34.2018092976358901 -3.3169490792953158
vn -0.0896688577510116 0.9831841890605812 -0.1590859715088545
v 91.7243666967011819 34.2045452040960356 -2.8538339492239615
vn -0.5441144352463360 0.5311462955875952 0.6494790943826720
v 91.5869020335325530 34.2982940268424059 2.3377681455573662
vn -0.6246540588314532 0.7062377686033470 0.3332199288511370
v 90.8247297549124966 34.2975038721963443 1.4702186117991281
vn -0.8106996959414560 0.5832431734777431 0.0509254709555234
v 90.4568801810198551 34.2982939836552774 0.2096200629833780
vn -0.3247579529928564 0.5605470708832229 0.7617868818062757
v 92.2835189045150628 34.2982943837701981 2.7696258099326192
vn -0.0379462894135233 0.5775253711420264 0.8154903585003380
v 93.4987425079217331 34.2983737447612000 3.0483205105566187
vn 0.3561628011014689 0.5555224786172388 0.7513606556524736
v 94.7274845361227733 34.2982941964936927 2.7374935620885235
vn -0.7392276853934228 0.5885413937024488 -0.3273552459433970
v 90.6985090742510494 34.2974791220951616 -1.2458583858261050
vn 0.6816026497609980 0.4669960551808641 0.5633227425590925
v 95.8467108128671157 34.2979034795279318 1.9158851856286321
vn -0.5402694028798323 0.4746617323625762 -0.6948418612478867
v 91.8113963160738678 34.2982235451050741 -2.5345820369774934
vn -0.1621050171387465 0.5557186466687967 -0.8154132382804733
v 92.9599784370043949 34.2982938279781919 -2.9665610672017597
vn 0.8105173763931214 0.5548024478553714 0.1877653493552502
v 96.4141882357379814 34.2982934011806435 0.6676641249168241
vn 0.1900755307298145 0.6557283507501508 -0.7306788779212566
v 94.0960409656848356 34.3097387922946311 -2.9704460247837705
vn 0.8047554361048106 0.5761322631529784 -0.1429695891229443
v 96.4601310789624762 34.2982935403601843 -0.4494964307615519
vn 0.6947402540716019 0.5783687511429129 -0.4275810649150796
v 96.1196520086771642 34.2982938558114299 -1.4377845271713303
vn 0.4806593957034067 0.4444852129271923 -0.7559096776805445
v 95.2541313787738204 34.2971966866227618 -2.4611469251959845
vn 0.4807008580125873 0.5718279757655590 0.6647852670132107
v 95.2268170756453998 36.7863424086258135 2.4586898837922249
vn 0.7462262578509542 0.5699579740616745 0.3439393549701355
v 96.2427770212143940 36.7803688360253958 1.2480484011899697
vn 0.6468031365862508 0.7142458953501049 -0.2673920407897643
v 96.2459165177650675 36.7880874186480682 -1.1994466510181137
vn 0.1306391066485408 0.4732601356644309 -0.8711821094380643
v 93.7464617569707173 36.7893311027061145 -3.0398340009164113
vn -0.3048476837590585 0.7201982134840637 -0.6232033560573147
v 91.9869890740731506 36.7871743978446517 -2.6360289087921007
vn -0.6820210117406278 0.5666139238167358 -0.4623807964019406
v 90.8434471717036160 36.7842054392381499 -1.5075750675051056
vn -0.6960044390426505 0.7155899007551734 -0.0592360934745559
v 90.4655470974033733 36.7956466732294203 -0.1602010862944379
vn -0.7795236276267288 0.4651841734701367 0.4194598892916591
v 90.7274306884850148 36.7693118523969957 1.3521417107526994
vn -0.3398592938886670 0.6165005215176088 0.7102272645611496
v 92.0791896844790756 36.7852289317649905 2.6904994893223333
vn 0.0922435303143937 0.7220206730920317 0.6856947416619635
v 93.7007417258764548 36.7934622304390473 3.0385308752755820
vn 0.4694651564866505 0.7193950741652878 -0.5119308489549002
v 95.4377097371758936 36.7924053519011025 -2.3051865725690512
vn 0.6986077804345052 0.7155044655443448 -0.0007272568154558
v 96.4740032783730186 36.7937993502606417 -0.1369312922727256
vn 0.4403334311032548 0.8174240485616793 0.3713817366078581
v 92.0032782182534277 36.7981700770926352 -0.7945835305371879
vn -0.6639164574661340 0.6308497983785015 0.4015513284642734
v 94.8107424534378964 36.7922497694121731 -0.8458377851025113
vn -0.0708864587033474 0.6841836236758367 0.7258566518716346
v 93.6288837683924413 36.7970973715895795 -1.5109952032844880
vn 0.3744717890840173 -0.3045710683940268 0.8757895543322816
v 93.0356064421902431 36.6979631607839494 -1.4574053674063818
vn 0.6881759385356653 0.1692840357271883 0.7055188111372171
v 92.4027010881590485 36.6981826775723832 -1.0634156334250993
vn 0.9991823280810742 0.0093626130056380 0.0393321335321545
v 91.9278812467297257 36.6685750930643053 -0.1732180549578452
vn 0.5599021026425541 0.6945318447483634 -0.4518131827280853
v 92.3571057354595411 36.7942697282205842 1.0826002421657204
vn -0.1268692809168251 0.6220142965527569 -0.7726593042496975
v 93.6933443395035397 36.7932237771778929 1.5420784243293919
vn -0.4064729977854317 0.8682737584077912 -0.2843947653029730
v 94.6774984638452253 36.7966858556140721 0.9415950601782710
vn -0.5343121449582743 0.8435831037736592 -0.0536477285417345
v 95.0020917893317147 36.7930167639066070 0.1322498717160160
vn -0.1422385739708094 0.7272638979056421 -0.6714576761627218
v 93.8186141132129023 34.1982918263957529 1.4654360726654316
vn -0.5412399230118867 0.5706592146403772 -0.6175819026526885
v 94.5820818283853697 34.1985938070916191 1.0632743410159851
vn -0.8779630108240396 0.4663558239351209 -0.1081350873055624
v 94.9728073630087692 34.1982917413088927 0.2244578869679201
vn -0.4738909271596684 0.8482437426011149 0.2364528331270395
v 94.8519158186917082 34.1981626033025137 -0.6685898948785955
vn -0.3690012495956126 0.5734045443751756 0.7314679120007751
v 94.1390401386731099 34.1982916114072211 -1.3735466204721909
vn 0.3129601149738884 0.2733800549675421 0.9095709493939845
v 93.0392851728857408 34.1988790280684398 -1.4921025688194693
vn 0.6233763998795647 0.7398175316265161 0.2531242461149106
v 91.9792585989237352 34.1986545964330446 -0.4325315087212612
vn 0.4575417530131851 0.8673477447207139 -0.1958658570999878
v 92.1243448811974304 34.1982917803875708 0.6817505053465527
vn 0.3674966529499700 0.3353894511756028 -0.8674445954126969
v 92.8076561164529323 34.1977628365951674 1.3958951116053615
vn -0.0771914085124337 -0.4689323381208152 0.8798545042883010
v 85.5986385606573634 44.8739363231091133 5.7245860150879473
vn 0.8835782658926697 -0.2778883875872898 0.3769184156899725
v 86.0173162827668278 45.0154141612364214 8.2057440450412145
vn 0.3763436359225423 -0.1179666883142384 0.9189392407274661
v 86.0099446634233686 45.0445728109285284 5.7244172219254903
vn 0.1054285932281252 0.6623836586513521 0.7417093099601673
v 85.7976978562127641 45.3791867719379454 8.1748542940458702
vn 0.1962514224249305 0.6760065387068112 0.7102820135846241
v 85.7909743367212769 45.3861877357149055 5.7245859849751977
vn -0.6256337430762435 0.1357561875045956 0.7682139526711461
v 85.5111758348232343 45.2367218694112054 5.7245859758110660
vn -0.6534160625697916 -0.3476192945951363 0.6724643300584575
v 85.5677228007780428 44.9054697885251528 8.2288347509907265
vn -0.6985384121869117 0.6380021976639690 0.3240328416616656
v 85.5244687272464859 45.2608387770826752 8.1415600029047734
vn 0.2183024391214282 -0.4367345601325333 0.8727009619906911
v 81.9205856300000050 45.7232933000000017 5.7245860100000003
vn -0.0039698785518843 0.4705401079628498 0.8823696769849885
v 83.1670390703075526 45.3725427415397533 5.7238701047365339
vn 0.4366022587182099 0.2182520884710636 0.8727797508880326
v 81.9205856300000050 43.5732917799999981 5.7245860100000003
vn 0.0688125699083786 0.2027731147562235 0.9768049417128600
v 84.6097945903597832 45.3726980345487974 5.7245431712275030
vn 0.3387929384029075 -0.1999317036294990 0.9193729704380752
v 83.4568869701252254 44.9384509581526075 5.7235787966037464
vn -0.4966387911874653 0.2900140993752174 0.8180719609248533
v 84.2273464437696475 45.1507446908866399 5.7251768718159637
vn 0.6226814359165072 -0.1313516629697757 0.7713718752975320
v 84.7511827034908691 45.0277680809696719 5.7245860019088459
vn -0.1272197272106348 -0.4241731774009794 0.8966003884574270
v 84.4712578875605260 44.8551379514235506 5.7245860091666740
vn -0.4364425922985075 -0.2182994707212766 0.8728477557458513
v 87.0705871600000023 45.7232933000000017 5.7245860100000003
vn -0.2181863615368194 0.4364941114994904 0.8728502748270146
v 87.0705871600000023 43.5732917799999981 5.7245860100000003
vn 0.6666666666666666 -0.3333333333333333 0.6666666666666666
v 81.9205856300000050 45.7232933000000017 8.4245862999999996
vn 0.2182178902359924 0.4364357804719848 0.8728715609439696
v 81.9205856300000050 43.5732917799999981 8.4245862999999996
vn -0.5345224838248488 0.2672612419124244 0.8017837257372732
v 87.0705871600000023 43.5732917799999981 8.4245862999999996
vn -0.2672612419124244 -0.5345224838248488 0.8017837257372732
v 87.0705871600000023 45.7232933000000017 8.4245862999999996
vn 0.4850712500726659 0.4850712500726659 0.7276068751089989
v 87.3705902100000031 46.2982940699999972 8.4245862999999996
vn 0.2294157338705617 -0.6882472016116852 0.6882472016116852
v 87.3705902100000031 42.9982948299999990 8.4245862999999996
vn -0.5773502691896258 -0.5773502691896258 0.5773502691896258
v 81.6205902100000031 42.9982948299999990 8.4245862999999996
vn -0.1961161351381840 0.5883484054145521 0.7844645405527362
v 81.6205902100000031 46.2982940699999972 8.4245862999999996
vn 0.4364357804719848 -0.8728715609439696 -0.2182178902359924
v 82.4955902100000031 42.9982948299999990 4.5245857200000001
vn -0.4082482904638631 -0.8164965809277261 -0.4082482904638631
v 81.6205902100000031 42.9982948299999990 3.7245860099999999
vn 0.4082482904638631 -0.4082482904638631 -0.8164965809277261
v 82.4955902100000031 42.9982948299999990 3.7245860099999999
vn 0.5773502691896258 -0.5773502691896258 -0.5773502691896258
v 87.3705902100000031 42.9982948299999990 3.7245860099999999
vn -0.2672612419124244 -0.8017837257372732 -0.5345224838248488
v 86.4955902100000031 42.9982948299999990 4.5245857200000001
vn -0.8164965809277261 -0.4082482904638631 -0.4082482904638631
v 86.4955902100000031 42.9982948299999990 3.7245860099999999
vn 0.2672612419124244 0.8017837257372732 -0.5345224838248488
v 82.4955902100000031 46.2982940699999972 4.5245857200000001
vn -0.4364357804719848 0.8728715609439696 -0.2182178902359924
v 86.4955902100000031 46.2982940699999972 4.5245857200000001
vn -0.4082482904638631 0.4082482904638631 -0.8164965809277261
v 86.4955902100000031 46.2982940699999972 3.7245860099999999
vn 0.4082482904638631 0.8164965809277261 -0.4082482904638631
v 87.3705902100000031 46.2982940699999972 3.7245860099999999
vn -0.5773502691896258 0.5773502691896258 -0.5773502691896258
v 81.6205902100000031 46.2982940699999972 3.7245860099999999
vn 0.8164965809277261 0.4082482904638631 -0.4082482904638631
v 82.4955902100000031 46.2982940699999972 3.7245860099999999
vn -0.8165561706546053 -0.3225982669003541 0.4787132527503027
v 84.2210578502421043 45.1083197873133628 8.2048636546636775
vn 0.4505497311468892 -0.7646702381952598 0.4607432762199254
v 84.6114660183787919 44.9036584140568493 8.2003886802318249
vn 0.3585627126940568 0.8262382068805727 0.4344688786970309
v 84.6321289169528086 45.3766640489309978 8.2093591260867012
vn -0.1708173777353719 -0.8235343685563862 0.5409367497869281
v 83.2147245216138600 44.8447964296850685 8.2214509289009392
vn -0.5616232496718779 -0.1838752577291016 0.8067026806841885
v 82.9784585621185329 45.0756392820790524 5.7247007992469952
vn 0.7515831447862172 0.4938682265705330 0.4372836050635065
v 83.4528764173994944 45.3237053442619313 8.2083211409728190
vn -0.7305599407044389 0.5276226741510812 0.4334702835946068
v 83.0856828706951376 45.3233387510247567 8.2104251681286797
vn -0.3400684108671976 -0.3975381416773365 0.8522422788397609
v 84.4210058339696303 45.3007678744115552 4.4987642421029621
vn -0.3532204104377788 -0.4933528961331847 -0.7948825457431845
v 84.3409326473395424 45.2967375044386884 3.9887110970096398
vn 0.8691606408840986 -0.4500184834207431 -0.2050442511206723
v 84.7720811117250861 45.2976780968346020 4.2156353787487637
vn -0.2128463955554582 0.8134133973334603 0.5413455984281095
v 84.4044042732633244 48.5782864298647041 4.4747756540756427
vn 0.7637823906555163 0.3828328060954372 0.5196878893159218
v 84.7563410533732622 48.5620676500716257 4.3293601880091241
vn -0.8965820263491368 0.4039902851553870 -0.1814731923115499
v 84.2390719596281201 48.5652083377148358 4.0849602072327169
vn 0.3667468480896826 0.6228833768616908 -0.6910231893689677
v 84.6197729937188683 48.5812652332926973 3.9957989573956874
vn 0.6359396317345217 -0.6519564397045939 -0.4129571230976299
v 83.4934074820601921 45.2982940168512727 4.1106903695448329
vn -0.1812296670319780 -0.5388805196249087 -0.8226564248556422
v 83.1847741009168971 45.2982940045862037 3.9656984668532278
vn -0.8248236347985642 -0.5633430898465988 0.0480680205518383
v 82.9772388252237789 45.2982941588460122 4.2130972881786768
vn 0.4426299476335493 -0.4336786576518162 0.7848576631181226
v 83.3175012066989922 45.2976301604290796 4.4984665305940119
vn -0.6203878555104927 0.7842641721306106 -0.0069725925866882
v 82.9830154712192183 48.5739442894628297 4.2220908762523415
vn -0.2702078182600890 0.4181891919248599 0.8672401828261624
v 83.2269968648580942 48.5763962444909794 4.4999743031414878
vn 0.7440291174422078 0.6644706308228779 0.0699960939768515
v 83.5052700233497518 48.5819926415350167 4.1726779798558118
vn -0.1649616420662452 0.3106822384144400 -0.9360898479209147
v 83.2058292311743912 48.5577472275397284 3.9319363853382399
vn 0.8184737031474238 -0.4883612152967253 -0.3026617264373679
v 86.0236093061062945 45.2985075078795774 4.1700217474269072
vn -0.3838358224529733 -0.4518603025651448 -0.8052902137537655
v 85.5606547444813401 45.3054147805364309 4.0129930895513963
vn -0.4810580814540645 -0.4193547713669727 0.7698861591167155
v 85.6041674482756321 45.2988305455132902 4.4681497064055202
vn -0.4359691880044577 0.5938329728828571 0.6762346245408036
v 85.5556300301949477 48.5664248607865545 4.4185698447426232
vn 0.6886082421653338 0.6361250847239625 0.3480855719602591
v 86.0165013685215740 48.5677289310895262 4.3048073379704279
vn 0.4029317822717360 0.2667892624879785 -0.8754824203011975
v 85.8304138671498578 48.4880794074582226 3.9815592717385897
vn -0.6516386371853955 0.6491582196230167 -0.3923782517202447
v 85.5427499103644351 48.6166359115483004 4.0394939693867871
vn 0.0541754804709611 -0.3397798035423775 -0.9389433968139101
v 83.2772438787436897 44.8492775259213161 -5.7244138626071868
vn 0.1101842677338068 -0.9325105274328118 -0.3439237464481681
v 83.2551110166765227 44.8416037620019239 -8.1193795740743209
vn -0.5653242374310899 -0.2453006828774859 -0.7875506850690918
v 82.9656684661559325 45.0544538869184521 -5.7243883477894144
vn -0.1122272727388055 0.6122832511664071 -0.7826329021927867
v 83.1698863996134463 45.3699362168236533 -5.7244138701088669
vn 0.6383026972316361 0.5620223992796750 -0.5260232783962472
v 83.4508133429562093 45.2476525720859257 -8.2380967429499545
vn 0.5896552867499909 -0.0592557552800170 -0.8054783661117044
v 83.5141938508491108 45.1475357661458716 -5.7218068659790235
vn -0.8261532889824759 0.2902820230871358 -0.4829151997772250
v 82.9715266990131113 45.1838532167585143 -8.2048692225804185
vn -0.1827808781990465 -0.3652529500132767 -0.9127877261835765
v 87.0705871600000023 45.7232933000000017 -5.7244138700000002
vn 0.6040273946211200 0.3964427208826726 -0.6913639241429691
v 86.0074533092432603 45.1958095836843157 -5.7241841329158243
vn -0.5346031048528421 0.2671777405510591 -0.8017578033519424
v 87.0705871600000023 43.5732917799999981 -5.7244138700000002
vn -0.3828720033488926 0.1434699202285905 -0.9125926862742257
v 85.5300924124737918 45.3147653518407907 -5.7237740505498378
vn 0.0597189310732660 0.3392581894923864 -0.9387957872369340
v 84.5232656632619808 45.3759000764246920 -5.7243313814594465
vn 0.0693050610604355 -0.4359824600564255 -0.8972826216051197
v 85.7504325240002458 44.8425627918944087 -5.7244886750624371
vn 0.2086291537907749 -0.2057483647121080 -0.9561074660344614
v 84.7222120262182159 44.9577095525726804 -5.7241113342126679
vn -0.5356742662690306 -0.1446006443113093 -0.8319517618960188
v 84.2118291975943691 45.1025009766963692 -5.7242505990261101
vn 0.4364453379574861 -0.2182360013091969 -0.8728622541430854
v 81.9205856300000050 45.7232933000000017 -5.7244138700000002
vn 0.2182596643274686 0.4364364709591810 -0.8728607711109240
v 81.9205856300000050 43.5732917799999981 -5.7244138700000002
vn -0.6666666666666666 -0.3333333333333333 -0.6666666666666666
v 87.0705871600000023 45.7232933000000017 -8.4244136800000007
vn -0.2182178902359924 0.4364357804719848 -0.8728715609439696
v 87.0705871600000023 43.5732917799999981 -8.4244136800000007
vn 0.5345224838248488 0.2672612419124244 -0.8017837257372732
v 81.9205856300000050 43.5732917799999981 -8.4244136800000007
vn 0.2672612419124244 -0.5345224838248488 -0.8017837257372732
v 81.9205856300000050 45.7232933000000017 -8.4244136800000007
vn -0.4850712500726659 0.4850712500726659 -0.7276068751089989
v 81.6205902100000031 46.2982940699999972 -8.4244136800000007
vn -0.2294157338705617 -0.6882472016116852 -0.6882472016116852
v 81.6205902100000031 42.9982948299999990 -8.4244136800000007
vn 0.5773502691896258 -0.5773502691896258 -0.5773502691896258
v 87.3705902100000031 42.9982948299999990 -8.4244136800000007
vn 0.1961161351381840 0.5883484054145521 -0.7844645405527362
v 87.3705902100000031 46.2982940699999972 -8.4244136800000007
vn -0.4364357804719848 -0.8728715609439696 0.2182178902359924
v 86.4955902100000031 42.9982948299999990 -4.5244140599999998
vn 0.4082482904638631 -0.8164965809277261 0.4082482904638631
v 87.3705902100000031 42.9982948299999990 -3.7244141100000001
vn -0.4082482904638631 -0.4082482904638631 0.8164965809277261
v 86.4955902100000031 42.9982948299999990 -3.7244141100000001
vn -0.5773502691896258 -0.5773502691896258 0.5773502691896258
v 81.6205902100000031 42.9982948299999990 -3.7244141100000001
vn 0.2672612419124244 -0.8017837257372732 0.5345224838248488
v 82.4955902100000031 42.9982948299999990 -4.5244140599999998
vn 0.8164965809277261 -0.4082482904638631 0.4082482904638631
v 82.4955902100000031 42.9982948299999990 -3.7244141100000001
vn -0.2672612419124244 0.8017837257372732 0.5345224838248488
v 86.4955902100000031 46.2982940699999972 -4.5244140599999998
vn 0.4364357804719848 0.8728715609439696 0.2182178902359924
v 82.4955902100000031 46.2982940699999972 -4.5244140599999998
vn 0.4082482904638631 0.4082482904638631 0.8164965809277261
v 82.4955902100000031 46.2982940699999972 -3.7244141100000001
vn -0.4082482904638631 0.8164965809277261 0.4082482904638631
v 81.6205902100000031 46.2982940699999972 -3.7244141100000001
vn 0.5773502691896258 0.5773502691896258 0.5773502691896258
v 87.3705902100000031 46.2982940699999972 -3.7244141100000001
vn -0.8164965809277261 0.4082482904638631 0.4082482904638631
v 86.4955902100000031 46.2982940699999972 -3.7244141100000001
vn -0.6544110916408368 0.6080711498405446 -0.4494392059767889
v 84.2603288800033710 45.2631541112192863 -8.1778846390717455
vn -0.2704568881362290 -0.8585156458507953 -0.4356649601345733
v 84.3952969032171296 44.8585347080369630 -8.1924682509661029
vn 0.7908091627276057 0.3312068973801875 -0.5147065758991749
v 84.7649799813851956 45.1894963475625886 -8.2172739457820043
vn -0.0807849664002935 0.8518248198897164 -0.5175599148152372
v 85.6458848628262359 45.3900099655493605 -8.2212789741433578
vn 0.8040320823547281 -0.3749705209149605 -0.4614428664407795
v 86.0128849674125178 45.0596574062648685 -8.2218108919812405
vn -0.6811409224913211 -0.5816435993470153 -0.4446771492288771
v 85.6048883367788278 44.8773981334027425 -8.1755976964479249
vn 0.6231200794609997 -0.6282758067066450 -0.4658227960068418
v 84.7261231121605789 45.2982938360466534 -4.3596384490838815
vn 0.4802467693587473 -0.3151212341537931 0.8185729340174133
v 84.6797983857619840 45.2941009172494518 -4.0219607722655795
vn -0.6248718209314964 -0.3217713910240366 -0.7113356305740719
v 84.3581300687128959 45.2968659681300849 -4.4655925392469058
vn -0.4535113670452964 -0.8257245255945006 0.3354198082887225
v 84.2898890031094794 45.2980983365564498 -4.0655417202913853
vn 0.3329171714297568 0.2912947569216525 -0.8968352811732850
v 84.5502660436408746 48.5002867640874911 -4.4809752479277636
vn -0.1998434466419497 0.8662358963685962 -0.4579279077286739
v 84.3364942592634037 48.5907972270666875 -4.4172849849995375
vn 0.3778324856835049 0.7533625154049167 0.5382262843312287
v 84.6144654695098239 48.5794001874643442 -3.9992586904364047
vn 0.8557984121021981 0.5060361441761220 -0.1074080938789960
v 84.7697316573005537 48.4935869805423820 -4.2351346525371358
vn -0.7542414792189253 0.3317298195812829 0.5666349069958688
v 84.2765237175740936 48.5849445839210432 -4.0515440919200838
vn -0.6663068457041450 -0.4168210351126653 0.6183004221698370
v 85.5871632442622996 45.2982940596917913 -4.0123557460438155
vn 0.7188427276472237 -0.4876404557051838 0.4954512275374236
v 85.9841768012073686 45.3016393234762234 -4.0895293848988894
vn -0.0245540551718137 -0.5135330735052186 -0.8577184157932621
v 85.5862529260915466 45.3056202984813439 -4.5006439259541420
vn -0.8395054216708543 0.5343062172066035 -0.0987294952869251
v 85.4904809198888103 48.6163009669559116 -4.3287596419655063
vn -0.0134375646281264 0.3641745545984643 0.9312337653027167
v 85.7296168103337806 48.5332553930060087 -3.9627973001205854
vn 0.7897082828341492 0.5158218132878324 -0.3320974028197027
v 86.0327498565555828 48.5936185290826188 -4.2028844711139968
vn -0.7774027984430015 -0.3817896211398515 -0.4998815601348769
v 82.9926029899698108 45.2982940138259877 -4.3144481199660971
vn -0.2306817360732780 -0.6335188624906013 0.7385389546332902
v 83.1388285714624118 45.3001128133675053 -3.9658402025216151
vn 0.9020342316537918 -0.3908952378088942 0.1831260712817304
v 83.4843189098349541 45.2982941515065605 -4.1042258421965752
vn 0.2253091473891795 -0.8303880963330046 -0.5095992519335263
v 83.3579349196475619 45.2958979038696441 -4.4722879188922278
vn 0.3236875249555570 0.4238928654631777 -0.8458966986562615
v 83.3810003274518436 48.5880308159898391 -4.4677620221367418
vn -0.8250511490306232 0.4805853945509788 0.2972007402876523
v 82.9969758600542207 48.5472791322799964 -4.1322271606119063
vn 0.4727096479266891 0.4420918712804668 0.7622993940078666
v 83.4402684801099781 48.5780691952412269 -4.0585523741526215
vn 0.1233554946047764 0.8726724221337674 0.4724682694086395
v 96.6143035900000058 42.3982925399999999 8.1000003800000009
vn -0.3183189531510601 -0.6942587671370417 -0.6455058545963531
v 93.9325114299540616 42.3982925383813409 7.4027658711120319
vn -0.0240333104146793 -0.0399459370220702 0.9989127700184538
v 93.3993982186490541 42.3983115759091120 7.5117553018414522
vn -0.0705707997746121 -0.9476181604358618 0.3115117722194857
v 94.4380202263456709 42.3978385896859109 6.8939369047495571
vn 0.5885326187946920 0.7313173976554573 0.3446798811957429
v 98.6143035900000058 42.3982925399999999 6.0999999000000003
vn 0.7974806458703241 -0.0154745120778770 -0.6031460510839830
v 94.3392575510649181 42.3983924314811418 5.9465748801811644
vn -0.1875896914417427 0.9285779227222689 0.3202392060594513
v 88.6743011500000051 42.3982925399999999 8.1000003800000009
vn -0.9933317147346282 -0.0019084038805924 -0.1152755936744287
v 92.4742442775759343 42.3982925405383426 6.6721395818304110
vn -0.1421616520308886 -0.9807382728596781 -0.1339496354607363
v 92.7532142391056880 42.3981569561930058 7.2329376486083774
vn 0.4724861273153547 0.8726585909718880 -0.1233849386979517
v 98.6143035900000058 42.3982925399999999 -6.0999999000000003
vn -0.2498158733335433 0.7853520352927206 -0.5664046345963109
v 87.5238475921723023 42.3983789952678052 4.4520170217157089
vn 0.2657560671962063 0.8555919758036310 -0.4442252623262712
v 92.6004158133543314 42.3983100858072390 5.9430128005564837
vn -0.3591862137073903 0.9285285470863995 0.0939148610613301
v 85.6743011500000051 42.3982925399999999 5.0999999000000003
vn 0.7288053395449747 0.5927909005030064 -0.3426977171379594
v 87.0971283170547252 42.3982925458060649 4.1701798901108678
vn -0.3717281427868875 0.9283409062840893 -0.0011617141848354
v 87.9129706685973389 42.3982651569060636 2.0252644675757057
vn -0.3261018621284739 0.9155927923915647 0.2352603112234593
v 87.8860724936189115 42.3983439847060382 3.8274266596405679
vn 0.0667157924967900 0.9975888539759338 -0.0191175692625428
v 93.2991903547093955 42.3983058219517730 5.4941341688694498
vn 0.0087850070899542 0.8433414501890860 -0.5373062646604808
v 87.4003831796844679 42.3987508650589291 2.4131133745694262
vn 0.4033464314031466 0.7710426441096870 0.4927523690848063
v 87.2296424311320777 42.3990816172508715 3.6510961317924253
vn 0.6611074527154102 0.7286419246412588 -0.1789354118647953
v 87.0710639844783714 42.3982925440354848 2.0403686069623479
vn 0.0221336532414756 -0.9980642314241992 -0.0581196296083210
v 94.3869033255689800 42.3982925381097004 -6.0630241231259197
vn 0.8501513855451552 -0.0451287116516295 -0.5246008206630228
v 93.9844450511333491 42.3983166756284859 -5.6103901634069642
vn 0.0019513745236926 0.9999831196744071 -0.0054728880592042
v 93.8010168806956415 42.3982925397912780 5.5459872220582973
vn 0.2896996568444776 0.8194072914505949 -0.4946168209248365
v 96.6143035900000058 42.3982925399999999 -8.1000003800000009
vn -0.1851554823545099 0.8706235006969424 0.4557764445298482
v 87.6238095290220116 42.3982925420827854 1.6095790442733151
vn -0.2512439383431113 0.8693958633699480 -0.4254730499115842
v 87.6984927697297820 42.3984336964258048 0.3646168709993184
vn -0.4643014326191590 0.8849818403056109 0.0350901980201116
v 87.8835156723017832 42.3982925398762873 -0.0033603950015426
vn 0.4854480718063175 0.6532226982875852 0.5810682197654720
v 87.1776809726048754 42.3982925435828832 1.6958571604728176
vn 0.9210124789336157 -0.1124860393976259 -0.3729382047862511
v 94.4742903093570874 42.3984696898767197 -6.7442107414275334
vn 0.2673937239995230 0.7409268199264062 -0.6160584743994758
v 87.2537179813772639 42.3982925379698017 0.3478098095456166
vn -0.1360759132495035 -0.9860861427861747 -0.0954854168886402
v 94.0541014149640660 42.3982925370227832 -7.3390303469999330
vn -0.4209177843757164 0.8953810238249519 -0.1453307984235233
v 87.8409383539282231 42.3983040412922563 -1.7876138102594803
vn -0.0294466615865130 0.8924882962647672 0.4501083593445275
v 93.3949328936404299 42.3982925401742250 -5.4948643776890727
vn 0.0683197719651506 0.8692970216848795 0.4895458066906791
v 87.5268692971537945 42.3989559353673826 -0.4684093424673266
vn -0.0639639192819965 0.8774040302888952 0.4754690154604080
v 87.6578613709913981 42.3983844216991344 -2.4036491577126737
vn -0.3486458808273151 0.8998870766118595 -0.2620101126466433
v 92.9275385954679933 42.3982670588356285 -5.6408014327405942
vn 0.1168234486790236 0.7869094742649512 -0.6059090370268442
v 87.4344495583406172 42.3982925380496027 -1.5654219862860037
vn 0.3192784382257836 0.9461474265586477 -0.0535380808448779
v 87.0237462938207216 42.3984932416366647 -2.0601876323907904
vn -0.0875738650741940 0.7719007354018662 -0.6296825174975282
v 87.5103231109265494 42.3982925380435915 -3.5674075752334220
vn -0.4535717507245151 0.8911937691820785 0.0068068139197855
v 87.9118604032019846 42.3983642554858733 -3.9774964208522801
vn 0.5981443686274458 0.8013619886094534 -0.0065021143620067
v 86.9996000704003052 42.3992098019477410 -4.0535094112293262
vn -0.4214499965278477 0.8725664889158365 -0.2469972122267101
v 85.6743011500000051 42.3982925399999999 -5.0999999000000003
vn -0.1006647759037011 0.7612446926478130 0.6406037158866582
v 87.5664470657369662 42.3982925391333225 -4.4196614344673097
vn 0.3920950556791407 0.9199062699033475 0.0058242514095082
v 87.0491686864732515 42.3982925414536993 -0.0176885208442185
vn -0.1068406976751648 0.9063634327232614 -0.4087669178668820
v 88.6743011500000051 42.3982925399999999 -8.1000003800000009
vn -0.3971277213134262 -0.8546743155894991 0.3343970502800929
v 92.8743814867904405 42.3979662145535485 -7.3365275389476006
vn 0.6768208789869319 -0.7360783957244802 0.0101041137677907
v 92.4192664836829323 42.3981372265859093 -6.4061097330368550
vn -0.1512561980154291 -0.0203306103168039 -0.9882854996639704
v 93.4802356446040079 42.3982925372520967 -7.5103685698751157
vn -0.3647100129296806 -0.9062931683914942 0.2135867491108450
v 85.6743011500000051 41.3982925399999999 5.0999999000000003
vn -0.1067789730567328 -0.9062997644648555 0.4089241834911420
v 88.6743011500000051 41.3982925399999999 8.1000003800000009
vn 0.2897143487791546 -0.8194308812363472 0.4945691326677132
v 96.6143035900000058 41.3982925399999999 8.1000003800000009
vn 0.5545709857106150 -0.8194313017807749 0.1448563546062835
v 98.6143035900000058 41.3982925399999999 6.0999999000000003
vn 0.4946177845982327 -0.8194319405772843 -0.2896282823221558
v 98.6143035900000058 41.3982925399999999 -6.0999999000000003
vn 0.1723574410038036 -0.7311986306138023 -0.6600314197969067
v 96.6143035900000058 41.3982925399999999 -8.1000003800000009
vn -0.2135784361553305 -0.9062876760743412 -0.3647285289159778
v 88.6743011500000051 41.3982925399999999 -8.1000003800000009
vn -0.4725505250081521 -0.8726242289467724 -0.1233813453062122
v 85.6743011500000051 41.3982925399999999 -5.0999999000000003
vn -0.6680136766778163 -0.5764785995745040 -0.4705636535092829
v 94.3512694893624939 41.3983273741577520 7.0680600282274773
vn -0.4407590413781202 -0.7567551901212263 0.4827556832063473
v 94.2309056761267385 41.3983036540309399 5.7087688138731743
vn 0.2672603357532730 -0.8017832117829481 0.5345237078334955
v 95.4743042000000059 41.3982925399999999 2.5000000000000000
vn 0.8642893459763229 -0.4507637554291534 -0.2231948996353327
v 92.5054057454562866 41.3983542534841789 6.9292926624275291
vn 0.0672316235649495 -0.6125915664158762 -0.7875350668693835
v 93.4085029777693165 41.3982425828248211 7.5334198950882802
vn -0.2721590284485418 -0.9525823450714995 0.1360747555280853
v 91.4743042000000059 41.3982925399999999 2.5000000000000000
vn 0.3245386125160402 -0.8334144877616210 0.4473197744066298
v 92.7950289861237536 41.3982262031371064 5.6754737420475418
vn 0.3651483715964577 -0.9128709291880829 -0.1825741859183313
v 95.4743042000000059 41.3982925399999999 -2.5000000000000000
vn -0.3900445312338269 -0.9162607069969250 -0.0912774915742068
v 87.9318253628373583 41.3982722669943399 3.9792249266892012
vn 0.2114048252762837 -0.7853529251047896 -0.5818322635255411
v 87.3583633682020206 41.3981000962877275 4.4365313945225413
vn -0.3075211782290355 -0.9067307768014335 -0.2885654576377683
v 87.8217330241124046 41.3983417715793891 2.2869726964775419
vn -0.0225339492243003 -0.7828401268518612 0.6218147287761190
v 87.3885256520491964 41.3982925540678082 3.5567616950668803
vn 0.6599169574803463 -0.7464115402688404 0.0859035609470299
v 87.0652086620883239 41.3982925481394304 3.9659629998905617
vn 0.3320195668962332 -0.8435235093417708 -0.4221742488425620
v 87.2152338150344946 41.3982925409266613 2.3541260239544362
vn 0.5746896434752141 -0.8152656613539447 0.0712300154390435
v 87.0716178505041682 41.3982925437329712 1.9698298402226473
vn -0.5238823757331057 -0.7154225892142658 -0.4622961985980340
v 94.1986897270088122 41.3982925405813589 -5.7817642022460181
vn -0.3480499895092579 -0.7946294050558743 -0.4974186500556174
v 87.7139044672655928 41.3982461301203841 0.3839658989894122
vn -0.1203879990828920 -0.9630865100181035 -0.2407718918353368
v 91.4743042000000059 41.3982925399999999 -2.5000000000000000
vn -0.3147612692849519 -0.8782614426734957 0.3599752514704252
v 87.6781770975142081 41.3982555554228782 -0.4112238985093888
vn -0.3372139286881838 -0.6827775918165901 0.6481523944349958
v 87.6741749569124806 41.3981669909461090 1.6078786236668718
vn 0.0235271295360271 -0.6068494376032350 -0.7944685231375958
v 93.5170230352390064 41.3982925407600391 -5.4746234381065619
vn 0.4246431392478929 -0.8336834572704219 -0.3530582067638864
v 87.1686809739773167 41.3982925423716992 0.2932153866873012
vn 0.4070896141630428 -0.7492180278125431 0.5224465454391181
v 87.1951053862154453 41.3982925531865575 1.6888264365394905
vn -0.7374393347229458 -0.6406569397968482 0.2138735913887380
v 94.5196067048680675 41.3976714075387804 -6.8427657845551915
vn -0.0430831251761674 -0.6098210788879725 0.7913672321172793
v 93.5597084738084277 41.3982925377425914 -7.5261033484888715
vn 0.0340063200223846 -0.8468866418923982 -0.5306850157887936
v 87.5465845843581150 41.3985448165469947 -1.5203533752986420
vn -0.4025856403558665 -0.8827250942332746 0.2423245967501305
v 87.7434480741845988 41.3983102156892286 -2.3244125594695322
vn 0.3242750477619745 -0.9194051991560825 0.2225753202035966
v 87.0806948354791075 41.3982925402377688 -0.1358655143423847
vn -0.5208989501590198 -0.7563472358864818 -0.3957311492542753
v 87.8642456892226988 41.3982348154315929 -3.7991513571836677
vn 0.4764400150273201 -0.8232699806299166 -0.3085959349608864
v 92.6076918294119480 41.3982545027093494 -5.8916159614233479
vn -0.4085917832360634 -0.8352847410486470 0.3679023729785778
v 87.8076157067731202 41.3982925394975112 -4.2613060486036058
vn 0.3392356038688183 -0.8942517524096739 0.2919469273343797
v 87.0646616847421768 41.3983498085378017 -2.1885911586418070
vn 0.3859229562675811 -0.7923571226486148 0.4724760967643747
v 87.1753948743575791 41.3980119344860569 -4.3469161287334925
vn 0.7005818882875424 -0.5738977202351390 0.4240594586993331
v 92.6253810615380218 41.3979719017628724 -7.1325258229850226
vn 0.3053939983155731 -0.8607853389037189 -0.4071647162036975
v 87.2778019229237003 41.3981096850302492 -3.6120840663705720
vn -0.8164965809277261 -0.4082482904638631 -0.4082482904638631
v 91.4743042000000059 39.6982917799999981 -2.5000000000000000
vn -0.3333333333333333 -0.6666666666666666 0.6666666666666666
v 91.4743042000000059 39.6982917799999981 2.5000000000000000
vn 0.3333333333333333 -0.6666666666666666 -0.6666666666666666
v 95.4743042000000059 39.6982917799999981 -2.5000000000000000
vn 0.8164965809277261 -0.4082482904638631 0.4082482904638631
v 95.4743042000000059 39.6982917799999981 2.5000000000000000
vn -0.4051103269220167 0.8471042127335093 -0.3439477806154275
v 94.3093006104052591 26.5934517457921480 -5.6825034742611580
vn -0.6175400410384539 0.6405774878512528 0.4564041846569799
v 94.1131887715482236 26.5677842142820033 -6.5900677708905597
vn 0.4840309450014921 -0.0628462042726545 0.8727911542227512
v 93.1017529540236382 26.0957826856377615 -6.7893382032857845
vn -0.0391428635906984 -0.1234512141521485 -0.9915783549242492
v 93.4295655316404066 26.2569799057361060 -5.1415118617047151
vn 0.9985067325058804 0.0395413944585713 0.0376932787735682
v 92.5900824778085791 25.7708223823377516 -5.9930502649002930
vn -0.8522762129865672 -0.0206473571047118 -0.5226843630929340
v 94.2171649985624384 26.1554198804647555 -5.5526858448857332
vn -0.9856365763498931 0.0201449026437112 0.1676744532084025
v 94.4438232035825536 25.2323324094567347 -6.1366746247214401
vn 0.2453721457898043 -0.0394742491225564 -0.9686249499815279
v 93.2756417506340512 25.8182505686049595 -5.1164239023560745
vn 0.1195938380386102 0.0142824241942102 0.9927201651333225
v 93.3664862015032924 24.8029544859091970 -6.9532920501122062
vn 0.1878962258255230 0.1125579887686613 0.9757180471247203
v 93.3133560856717281 24.4960735214484693 -6.8685841696956764
vn -0.5234034387206751 0.5347370237487913 0.6634042174780450
v 98.2140598466594952 26.5982954068155060 -5.0099848308307076
vn 0.4945642350691187 -0.1032030933156157 0.8629920850857126
v 97.2592052984653748 25.9157090494220341 -4.9834647019314433
vn 0.6519683986647973 0.0759436814347143 0.7544334062013708
v 97.1136556335942345 25.1353743250728883 -4.9657787297754705
vn 0.8387566160047087 -0.0748120180069099 -0.5393426564532638
v 97.1213972725938532 25.7687694189823908 -3.5185794577475784
vn -0.9891189676959884 -0.0135838481259940 -0.1464894085390213
v 98.6177195686851178 25.6232875246278340 -4.1375277053712312
vn -0.1868949192883218 0.0439808974630956 -0.9813949102183853
v 97.9346950847880464 25.7916378725748672 -3.3605253644921129
vn -0.4406157119444282 -0.0714650721134710 0.8948466560565118
v 98.1298482030930188 25.5404797246932063 -5.0225269743065182
vn 0.9912296887435749 -0.0103487846738104 0.1317444754404937
v 96.8652602446997406 24.6118176996571663 -4.3734992828375212
vn -0.5135989795427314 0.1077657955927087 -0.8512359376300648
v 98.1005200657252487 25.0084913102715980 -3.4390332737328508
vn -0.5095431792171989 -0.8057340793081927 -0.3019243977465361
v 98.3987596246693244 24.0994118862090190 -3.8028210547912971
vn -0.9798536545120774 0.0172650325219177 0.1989691795011066
v 98.6057529134245385 24.7072528377234164 -4.5724325410567195
vn -0.4023974308863691 -0.7601179020593533 0.5101931816331311
v 98.4460051556667679 24.1363196408777583 -4.8516083840140567
vn -0.4040368292984973 0.7432399479688261 -0.5332434906435459
v 100.0467925355013250 26.6015092286101229 0.6957512774649836
vn 0.1679528446930630 -0.2546782382294205 0.9523291641716463
v 99.2244561678150916 26.4046475010847352 -0.8320644386437651
vn 0.3498658404484140 0.9147254408853889 0.2021664202689356
v 98.6476151295170069 26.5959080001409731 -0.2161265190763547
vn 0.0409565491991980 -0.1388618378489063 -0.9894644769100697
v 99.4818465412000990 26.1466659381264392 0.8948293627317720
vn 0.9954407785889779 0.0329712607048038 0.0895016887533707
v 98.6131519284247275 25.5356643751114092 -0.1846887191099180
vn -0.2780598103826534 0.0510398572541458 -0.9592067946076276
v 99.7729625654047538 25.4170447664774493 0.8097776787107693
vn -0.9853910128415238 0.0575325499387467 -0.1602952198560568
v 100.3383702294923410 25.6675868949724872 0.0260600880210883
vn -0.5896996113580049 0.0651899001474155 0.8049873572193466
v 99.9893879497712703 25.5403677403908063 -0.7572958701734337
vn 0.5084825694418077 0.0414618906247801 0.8600734783724445
v 98.9776047706546933 25.4093202433735925 -0.7342285972147609
vn 0.5155546841623406 0.1561020200879573 -0.8425173748729033
v 99.0107434198604039 25.4920743888289572 0.8010812054842802
vn 0.0835132717013380 -0.0971666932333523 -0.9917581192890904
v 99.5052933818269025 24.5896730899867215 0.9264718263712014
vn 0.0054198942150575 0.0169784631286428 0.9998411656540687
v 99.3686523326893223 24.9265656130636302 -0.8480894856905282
vn -0.1902360675954079 0.0339289931553577 0.9811519056748038
v 99.6381408469746077 24.4688647804268271 -0.9141260670886188
vn -0.0914502409397732 -0.7584195571760127 -0.6453190131438852
v 99.4170577254428878 24.0999721452978584 0.8601402185504856
vn 0.5465521246636741 0.7181688665959776 0.4307136567115936
v 97.0408395765661282 26.5804798311433927 3.7613635630408893
vn 0.3599733016331655 0.8900196550483199 -0.2797932017383334
v 97.2292600288332238 26.5896887352730644 5.0034252366166720
vn 0.3474403150046030 -0.0394619731939360 0.9368713786753992
v 97.1697790656726141 26.1493698169965576 3.4705728490002605
vn -0.7922490055512470 0.0546194706279086 -0.6077484896167058
v 98.3953114393558650 26.0065578264492423 4.8910162556998475
vn 0.5919398417803652 -0.1187947584260818 0.7971794208856154
v 97.4006074408038245 25.5231860520422629 3.4372586495820316
vn -0.5976982503230429 -0.0671227824795244 0.7989063359574636
v 98.2525815331749470 25.5302637111539532 3.5257595796262557
vn 0.9842223092869380 -0.0747347739793625 0.1603781763836361
v 96.8396564889808360 25.3337240666718913 4.0574412906126174
vn -0.7367137013095202 0.0547975326695750 -0.6739808251843327
v 98.2241085032099761 25.5197025581334387 4.9705124896200710
vn 0.5550803023517664 0.1306966462756240 -0.8214646946724955
v 97.0701214761336928 24.7756648568741191 4.8535911451825680
vn -0.4216581466377676 -0.0543115397350077 -0.9051268773081571
v 98.2554689485054240 25.0970901869892629 4.9927938944124932
vn -0.9805054354219013 -0.1328618333192878 0.1447647206854829
v 98.6549687002497535 25.0446818746378241 4.1295298345166334
vn 0.3303489401260500 0.1066626083437642 0.9378127029097548
v 97.2877655104696686 25.0219107223743968 3.3424229301967587
vn 0.3597935653446939 -0.9129001539143722 0.1927742185035879
v 96.9319671492230697 24.1004305448340510 3.7889517298480957
vn -0.2415631790576012 -0.3541512519348886 -0.9034512279456685
v 97.9240225867606426 24.1054725178156239 5.0749627034887563
vn -0.9799046902148082 0.1982041466380474 -0.0224034450588404
v 98.5899002905500765 24.5320909512094651 4.1728695707411987
vn -0.5240964277127845 -0.8334759852308330 0.1750448985323207
v 98.5688144652508811 24.0982931025147877 4.0757782408491607
vn -0.0178442966232905 -0.8650055778801724 0.5014448437407739
v 97.7044147595635764 24.0964142523252463 3.4237608090809211
vn 0.4472240229349395 0.8051815159268193 -0.3894526925310416
v 92.7872870718869223 26.5730317778625746 6.5613518058980640
vn -0.3366846292758097 0.7233507102936809 -0.6028326553257028
v 93.8952403919965235 26.5893613914507263 6.8220722519675325
vn 0.1440994441488626 0.8140347349827631 0.5626569118366282
v 93.2441196725463470 26.5974479286753116 5.1344593897271302
vn 0.9657303604580628 -0.0681739720654123 -0.2504339841602262
v 92.6736769497808837 25.7992310988182858 6.1818532966185806
vn -0.9686675144336897 0.0527246018589491 -0.2427001500610843
v 94.3108650708753515 25.8007544154592416 6.3229419715129547
vn -0.4789994537864450 0.0596314859361142 0.8757874223562121
v 93.8272492444885131 25.9789249834804572 5.2268297187932617
vn 0.9873884700091998 -0.1571454264126281 -0.0192178107620204
v 92.5812454148672970 26.1710910050608589 5.8562548360921829
vn -0.1846188656459549 -0.0460435988376572 -0.9817310535241704
v 93.4613634771840651 25.4058871062400229 6.9372440203408381
vn -0.6318645468838558 -0.2409609124860397 0.7366715910398299
v 93.9441617915177147 25.6163595810654456 5.1648031597133004
vn -0.7025800186941337 -0.0589433040113495 -0.7091593644900815
v 94.0789381387401562 25.0027808388361876 6.6337188940884007
vn -0.9892251632483491 -0.0722392514419751 0.1273383954170159
v 94.3865381772862833 24.8864029954641772 5.9159368689278731
vn -0.0497832695314739 0.0769312756975987 0.9957927519791940
v 93.6084479563444347 25.3505475261626323 5.0695694859995903
vn -0.3144236138887607 0.0288075399295855 0.9488455705078340
v 93.6733116800570542 24.9084338472549831 5.1100568968188016
vn 0.9464512538134153 0.0496867072546573 -0.3190004001207588
v 92.7217469731875354 24.6831514175543951 6.3800325983474062
vn 0.5283516926951191 0.7317565621167434 -0.4305540879207711
v 88.4172019675423968 26.5975526526055575 4.5983653878224340
vn -0.9972959192430788 0.0196524602988536 0.0708140541510258
v 90.1302235993834415 26.2638879435022510 4.1885998990511109
vn 0.4303315042821888 -0.0134895643687237 -0.9025701236332668
v 88.9099579394555946 25.8998004382103062 5.0323534688069964
vn -0.1230939944501767 -0.0623967121662686 0.9904314811440214
v 89.2550870770075733 26.0431139232377440 3.3523651735599076
vn 0.8726426162381720 0.0734655752298881 -0.4828018988996836
v 88.5072837879526588 25.0669531534851231 4.7280598628837245
vn 0.2089290525735839 0.0919718429896287 -0.9735963388837263
v 89.1342250117514823 24.9148696822560431 5.0936986147003713
vn -0.7516984843334334 0.0119762670109126 -0.6593981784015651
v 89.9335023446106163 25.0892818151707893 4.8499483125748846
vn 0.4219200109827573 0.8575707744491496 -0.2942037918569301
v 86.7017229343973668 26.5876055969169158 0.4907246383349029
vn 0.7010910198899519 -0.1030951510407088 0.7055797415328479
v 86.8177539725663223 26.3140392437597264 -0.5996093628582800
vn 0.9614877488277267 -0.1598479099293138 -0.2235843343023395
v 86.6770391961803597 26.2735550437564918 0.3635452771386355
vn -0.6384650085167827 0.0158014304513605 -0.7694886273983232
v 87.8329746568091281 25.8201970023218763 0.7860894736587664
vn -0.4126615525530940 0.0991817056238119 0.9054686258032475
v 87.6676709534507239 24.9187795630543896 -0.8629431834572585
vn 0.6048648668946009 0.0108199246611384 0.7962546213535616
v 86.9647033822783015 25.0056802203955719 -0.6875157005499354
vn 0.4286913677046191 0.0701112241704509 -0.9007264443219505
v 87.1886267296081314 25.6034870281604441 0.8285731460319486
vn -0.9618987838112720 -0.0255794884063820 0.2722065750037340
v 88.3431615354745645 25.8783676338986162 -0.2033191269402653
vn 0.7235522767229006 0.6134096362059231 0.3165449747805584
v 88.3635463443193458 26.5415389699954041 -4.5818931422389806
vn 0.1848620619142198 -0.0054965217320295 0.9827491064934489
v 89.0389894126205519 26.1847037642135874 -5.1032190639797355
vn 0.9981393339361455 -0.0324120212236832 -0.0516462092481472
v 88.3644929754686927 26.3651349505739532 -4.1764023330105307
vn -0.2281199374120451 0.6983952622819815 0.6783843687594866
v 89.4430903406851456 26.5850856429678721 -5.0414824888353023
vn -0.5393735583711234 -0.0515387344075395 -0.8404879079354690
v 89.7792062655695702 25.7524582344573858 -3.4593271612034395
vn -0.9881096277118369 -0.0033567606011499 0.1537143317372907
v 90.1287996120546211 25.5295329754670242 -4.4390095959374580
vn -0.1615706493929124 -0.0031769872452438 0.9868560340833896
v 89.4020391745126517 25.6080276113126715 -5.1042718830483658
vn 0.8415963051395920 0.0773390278493810 0.5345412369001099
v 88.4988151585716167 24.6247476897496149 -4.8163462239054189
vn 0.9888116297006131 -0.1437409394723606 0.0398760992126985
v 88.3375982452948136 25.0024860780821925 -4.2443950038280196
vn 0.6901910645329999 -0.0604706133528757 -0.7210961096549692
v 88.5468280842584079 25.3150462051244070 -3.7178862812097027
vn -0.5774279897913694 -0.0102854900097214 -0.8163768280033173
v 89.7333870471783257 25.3528604070662595 -3.3979252246223841
vn -0.9886055506191240 0.0002044130459915 -0.1505291450197112
v 90.0985426759008590 24.9765376233497030 -4.1831782439821019
vn 0.0175771387523046 -0.7624685893319055 0.6467864365271555
v 89.1213686529664812 24.1155077492107246 -5.1187206609840477
vn -0.0523400162961581 0.3733506539175968 -0.9262126170126496
v 92.9949882649825810 26.4020673486178978 -8.0042306295902073
vn 0.0703974767911238 -0.2424847770480156 -0.9675977098781381
v 93.9177908815572664 24.2924904198767990 -8.0106433744658290
vn 0.1641771004822524 0.2566688625561178 -0.9524531351575199
v 94.8062330894799885 26.3987794658988193 -7.9005793682430490
vn 0.2798299449350973 -0.3477649445346468 -0.8948490069673399
v 96.0666976017615042 24.2983038346768936 -7.5874445346746571
vn 0.3454202695923191 0.3702265962130784 -0.8623323633096741
v 96.3655992993205217 26.3960229014014267 -7.4797435131980592
vn 0.4671395987497179 -0.2932362664245758 -0.8341421265787551
v 97.5163965955994172 24.2975762433603357 -6.9178370483416156
vn 0.5256969049539085 0.2827303584009433 -0.8023130988338377
v 97.7572369971528730 26.3987136859579437 -6.7712993315725400
vn 0.5758710163875456 -0.4020270194970926 -0.7118615371538624
v 98.4833480739650042 24.2979124229842185 -6.2407499188257844
vn 0.6629342963833454 0.3498626843628838 -0.6619019721749707
v 99.1627896464126906 26.3884302288191428 -5.6613536137175107
vn 0.7453683441643942 -0.2820226403560168 -0.6040606441775940
v 99.5232477328126350 24.2951361021580183 -5.2682392964132472
vn 0.8224673152137377 0.3293844096764499 -0.4637385320061325
v 100.4748210048578869 26.3916028848732260 -3.9310856684454074
vn 0.8690416263496511 -0.3159094086501747 -0.3807464999154296
v 100.8337302408985749 24.2834830207146517 -3.2086001515200615
vn 0.9694746013817325 -0.1795819899711256 -0.1669410259754665
v 101.3637436629583135 24.2979155715824859 -1.3641346486467976
vn 0.9241724628476856 0.2858889267943882 -0.2533234699951751
v 101.2942524115504312 26.4011004012590220 -1.7703732200187956
vn 0.9554871977106774 -0.2950194168169101 0.0027854464646542
v 101.4865406753928596 24.2978688363747111 0.0273994851609023
vn 0.6825509173803519 0.7303977846841758 -0.0253637795229429
v 101.4639042267710209 26.5738577506402294 -0.1674691945062637
vn 0.5707186206603099 -0.8137022421821964 0.1103128147554007
v 101.3228359406117249 24.1229273344149142 1.4690067126547250
vn 0.9424630221715460 0.2517291524672677 0.2199906489771484
v 101.3055610503897412 26.3982334166939303 1.7888518815668726
vn 0.8736082383612277 -0.3014775902320417 0.3819946445374248
v 100.8538302785372025 24.2936182332575079 3.1407543012196055
vn 0.8276598217177438 0.3493972821097827 0.4392046889190157
v 100.5740246811652128 26.3984808789400454 3.7135172399174290
vn 0.7541581127438761 -0.3638592175335931 0.5466735870685875
v 99.9653682690442622 24.2980774677510034 4.6873242074835426
vn 0.7170729175847591 0.3012939954944553 0.6285128154186422
v 99.3081460057277354 26.3793378280566557 5.5320669465947052
vn 0.6154429668473568 -0.2655418259963009 0.7421034248705995
v 98.6548180575191367 24.3147128712633425 6.1476549449608600
vn 0.3726825380161845 0.7283034994552295 0.5750493357435357
v 97.8564834494565616 26.5758334044781428 6.6802099985794499
vn 0.3936800721390085 -0.3754814422082236 0.8390647694653004
v 96.7594749010285966 24.2981014508911031 7.3078998830604842
vn 0.3026144981692810 0.2887507083040231 0.9083212504129138
v 96.1104183366344245 26.3942948247480764 7.5828265238034813
vn 0.1335419909414278 -0.2058470994355625 0.9694294756759592
v 94.7372015441601150 24.3119364957238275 7.9540302138095704
vn 0.0850442765477032 0.4673430814913526 0.8799760878618492
v 94.2448564085987641 26.3983485985652315 7.9751663193769211
vn -0.1103377066614052 -0.4580135695423917 0.8820709498695321
v 92.3394460183399701 24.2991322624407289 7.9418296053146724
vn -0.1349666441501243 0.2158765813342900 0.9670477271563558
v 92.2738657431077769 26.3949864404605954 7.9469759482905893
vn -0.3068190196618537 -0.2604735923277512 0.9154319182078018
v 90.7359043246080006 24.2982613422532161 7.5237462256605792
vn -0.3341867892875511 0.4104175189611380 0.8484554496232914
v 90.5406170378589366 26.3982880735982697 7.4497398770703791
vn -0.4319333473166529 -0.3303235301606835 0.8392377189438137
v 89.6469002959931629 24.2982744362645704 7.0325377927738604
vn -0.5022369971889042 0.2526549102256197 0.8269966716943644
v 89.4681891071977589 26.3982733437469967 6.9322570878707559
vn -0.4916029363662655 -0.6412678691434106 0.5891536921384226
v 88.3418255074871013 24.1313900077080916 6.1415314896757796
vn -0.5682776816856793 0.4871917788628026 0.6631022900778190
v 88.3265205600193184 26.3982603269763985 6.1398260476228668
vn -0.7555919775516974 -0.2938968740098959 0.5854104465302328
v 87.2191418540672743 24.2983041318255069 4.9978515451784604
vn -0.7662241668479672 0.2188446707348406 0.6041585356751138
v 87.2167919197715094 26.3982406110670027 5.0040633258282927
vn -0.8455238101711786 -0.2634880643772261 0.4643958724669669
v 86.3562260444603425 24.2991590727225137 3.7055283004012107
vn -0.8824123824336937 0.2084153233934946 0.4217954958300029
v 86.2579953511938839 26.3842790868349439 3.5097136271294729
vn -0.6857711922060675 0.7059816113677891 0.1769402055803284
v 85.7414594877170089 26.5694352196995602 1.9577914895579758
vn -0.9101320231861264 -0.3397740070211021 0.2370934932130200
v 85.7133127768668572 24.2983015819272588 1.9911982285461491
vn -0.9735270107626741 0.2128263568956900 0.0833672665139052
v 85.4687874475577729 26.4072669711146553 0.5751861602116004
vn -0.9626281950006108 -0.2707579454849286 0.0060904143246869
v 85.4492545545158606 24.2877112921783294 0.1522066383026377
vn -0.6764847324997394 0.7304912821191231 -0.0935462101996430
v 85.5793470099229836 26.5786743181304246 -1.1959163516782723
vn -0.8940966682248607 -0.3947775858880469 -0.2115225887455268
v 85.6568416182840195 24.2979419754363057 -1.7891906932760124
vn -0.8663314815658805 -0.2285505135329505 -0.4441108271723301
v 86.3662558483865297 24.3026645881998817 -3.7457610362031906
vn -0.8865782045567370 0.3026713525976449 -0.3498130065072838
v 85.9757232380342487 26.3943195398851280 -2.8544412705789393
vn -0.7754739471828850 0.3671839748337382 -0.5136303007668966
v 86.7314816042347871 26.3983296444294844 -4.3275616892458606
vn -0.6753697483967060 0.2937616987654990 -0.6764464260301613
v 87.7065050679408245 26.3984008658041205 -5.5610775879170520
vn -0.5260571333310075 -0.3214016460267549 -0.7873784823087657
v 88.9559123473421067 24.3095186251164108 -6.6343336347266639
vn -0.4832806149025946 0.3742681530311581 -0.7914311068475990
v 89.2057004550461698 26.4141437222917119 -6.7971886356695732
vn -0.3475365070211640 -0.2580766561700265 -0.9014515049782913
v 90.8520997367582197 24.2976306793605765 -7.5741798336713710
vn -0.2724362642494131 0.3398058578455989 -0.9001724617514361
v 91.0458757531453813 26.3965742681340885 -7.6383217398214729
vn -0.1406986210035421 -0.4168913413307225 -0.8980008394044922
v 92.2394322879199109 24.2982444739065393 -7.9105458287599806
vn -0.1221036845479699 -0.9372380424383996 -0.3266122196520614
v 90.8261259304860005 24.0982358260179694 -7.4026975795886889
vn -0.5164174699501444 -0.7191683472304587 -0.4648762040286660
v 87.5854974490315215 24.1330992483040880 -5.4051651919423067
vn -0.2687087019230546 -0.9561852342253974 -0.1162128708885077
v 86.3900799689474468 24.0980965937215359 -3.4974367148485066
vn -0.3709163037970918 -0.9284679899696486 0.0191908097594629
v 85.6225508547792344 24.0984150700622664 0.5816548304512070
vn -0.3256155519869005 -0.9269772578829324 0.1862462769348840
v 86.8196703113734571 24.0983169163487787 4.2215799829205594
vn -0.1030957507470034 -0.9377538048913473 0.3316459973973947
v 91.2316101062259150 24.0983334909536069 7.5289253542210393
vn 0.2942291246501694 -0.9220290670467529 -0.2515782616373871
v 99.5339115724261347 24.0982459159271940 -4.9913855374183402
vn 0.1717990652570671 -0.9411737482659969 -0.2909932245804562
v 97.4466016260777650 24.0982860805289079 -6.7453176585950683
vn -0.0210213111785697 -0.8440239674323696 0.5358933166928435
v 99.7444571525988692 24.0981075778265392 -0.8206735399758209
vn 0.0425091328417870 -0.9391031541124788 -0.3409959524115107
v 94.4910854602391197 24.0977721570623693 -7.8212531982929443
vn 0.3943454553822719 -0.9153838485128100 -0.0810189588999121
v 101.1718302027230436 24.0974008449221273 -1.8386225248011312
vn 0.4876391041988696 -0.7369217577920882 0.4681393242921842
v 97.0957216970014656 24.0982932394332465 -4.8664720920251074
vn -0.7764542224773516 -0.6262514749835107 0.0701992199249287
v 100.3147427353176795 24.0982935559833749 0.1978117157758033
vn 0.4751075148027853 -0.7960506474265440 0.3749349491707876
v 92.7044526801672930 24.0982933804201451 -6.3919722523811888
vn -0.3682157877262410 -0.7281323642171263 0.5781352729670814
v 95.1443238807283507 24.0982933372577044 -2.2829348505965350
vn 0.3157228110008690 -0.8872194395677386 -0.3363937762010721
v 97.0666367929950695 24.0987650696190840 -3.5432662934584624
vn -0.6255850599131209 -0.7260341417971486 0.2855131481357291
v 96.1558893450688572 24.0982731194510897 -0.9757441559021687
vn 0.5787471878115349 -0.8146436017063136 -0.0375165936514086
v 98.5154462388654082 24.1006427223595949 -0.0342360294417119
vn 0.0791946254374306 -0.9660816762493473 0.2457934216310037
v 92.8263180279890179 24.0966829754133975 -2.8720940629403109
vn 0.3138224549752087 -0.9330840932182310 0.1756973014489539
v 100.3948500278435603 24.0982901552342703 3.6395435287416236
vn 0.6418021935848182 -0.7096970378362145 -0.2905513014877376
v 92.7758951803243832 24.0982933389025966 -5.5823507524976899
vn -0.6492593870038036 -0.7504298190404755 -0.1237632218485140
v 96.2092172434332298 24.0982757948308475 0.7451679494167859
vn -0.2955599029787098 -0.8906656195007242 -0.3454838606803605
v 95.2735462878903405 24.0982964445978070 2.2183321774205345
vn 0.4325685190954007 -0.8749548782371984 0.2175739812949639
v 88.5701199425760279 24.0982928480642471 -4.8469586992450830
vn 0.2548782924677608 -0.9197544629384590 0.2984774429224182
v 98.6793412490554829 24.0973754280482915 5.9013562590855067
vn 0.4187827109713831 -0.7799791034902570 -0.4650307937223019
v 88.7012219552984504 24.0976251853667911 -3.4889626024023825
vn 0.2799553694733736 -0.9576930879158837 0.0667003782685407
v 90.7413097674433828 24.0983969282240942 -0.9674041611352093
vn 0.0060665247037671 -0.9317556863816496 -0.3630351748432643
v 93.1923400176533789 24.0980957234362307 2.8937939835922113
vn 0.6768902911410882 -0.7025637485683127 -0.2195989821392018
v 90.7748200647226753 24.0982933117665539 0.8091117930985776
vn 0.8284134415863020 -0.5336047539639804 -0.1702854554745604
v 86.5908580759828084 24.0982928262255527 -0.0407274952967848
vn -0.7004967883181850 -0.7022522981444428 -0.1270667513819268
v 94.3251667783278123 24.0987492138423889 6.2947315845376401
vn 0.6089809407055979 -0.4455030595664904 -0.6562539430542272
v 91.3856112423631401 24.0983005538199784 1.9073935513294646
vn 0.0456412956833818 -0.9569594515748977 0.2866103280934122
v 95.0167666932698154 24.0966647973159702 7.7470467122494870
vn -0.3323810646847598 -0.9238685265566483 -0.1897097084418014
v 89.9481279406710286 24.0977864119099685 4.8081496372537593
vn 0.0364671931532389 -0.5149437185388305 -0.8564479613852357
v 93.3443342415391868 24.1923277800228576 6.9344200205472726
vn -0.1529345618394698 -0.9616100107413134 -0.2278534771230417
v 87.6822912349902879 24.0979284503201647 0.8534355816006333
vn 0.5617103691720564 -0.6271963961874633 0.5395425300882689
v 88.6295505291943755 24.1040979656637795 3.5849687903463341
vn 0.4486179494681818 -0.7474930904234501 -0.4898938815541215
v 88.5081163108835511 24.0982925212301922 4.7523282988228601
vn 0.1828124197341120 -0.8688693430779482 -0.4600496536790932
v 92.7549013552091282 24.1978667332922264 2.8080282945374155
vn 0.5812464711671408 -0.6980766310337621 -0.4181405947289729
v 91.2234563177952538 24.1982936482186375 1.7339238834217090
vn 0.4809695821764950 -0.8746825595287931 -0.0599890079691832
v 90.6910429016394346 24.1982936493421192 0.4420597868915803
vn 0.2369821727896175 -0.9563067786552335 0.1712214790204846
v 90.9965676177570373 24.1981322384706061 -1.5036287936464723
vn -0.0614223185378705 -0.9204757343035352 0.3859426399658374
v 93.4169430731500228 24.1974839082882944 -2.9178229649752754
vn -0.3784865021265843 -0.8404921813556205 0.3877123428368691
v 95.3472711179007746 24.1982937018540376 -2.1221986259064800
vn -0.6168890608498412 -0.7795217164946464 0.1085991718064235
v 96.2479174281362759 24.1982940465254757 -0.6821219298670604
vn -0.4813413255237724 -0.8436854423966886 -0.2377086507279900
v 96.0540615816341727 24.2012845286114917 1.2336458941171486
vn -0.1492622615296960 -0.9209930784422490 -0.3598507006308448
v 94.7033218623116255 24.1982934564990444 2.5520293037428630
vn 0.3629142150260747 -0.8135281740054331 -0.4543843996347078
v 92.6148940679500328 24.1979877552026856 1.0575366346968385
vn -0.1863985650743693 -0.7124443555740946 -0.6765194861560376
v 93.7715025302659058 24.1982936388292131 1.3020943373772194
vn 0.6989878090344950 -0.7107228719870470 -0.0793034807284036
v 92.1551838831980916 24.1982936950319498 -0.0107392230493311
vn -0.5719759900069388 -0.8202037453259404 -0.0104538513899069
v 94.8791856758623311 24.1975234513169788 0.2275552393733387
vn 0.6025715575759554 -0.6037094989047275 0.5219601123962344
v 92.4593740156093418 24.1982936947128984 -0.8659441574203551
vn -0.1312372813852671 -0.7370520266521717 0.6629714066100668
v 93.8280138741283025 24.1983296185725862 -1.3542366997143716
vn 0.0746259649362533 0.9281075299591787 -0.3647566012979142
v 93.1551989146615682 24.8987646428544913 1.3199814263318961
vn 0.4317333902965810 0.8660458751963268 -0.2521325479949954
v 92.3692529602684544 24.8982925308183134 0.7265673260045724
vn 0.5765841590507652 0.8127100921435920 0.0839822222835042
v 92.1562882626275410 24.8982925296573647 -0.0550178540798060
vn 0.2848458782910351 0.9335693751105221 0.2175110284016844
v 92.4336156066308661 24.8982925307026512 -0.8160941758771398
vn 0.1565884244302030 0.8673375645461457 0.4724464143811731
v 93.0161089242674706 24.8982925307284368 -1.2280149864000600
vn -0.2477536628389136 0.9207630025023154 0.3013529753840556
v 94.1421874181588834 24.8948386648181526 -1.2208259243244222
vn -0.2820514186916461 0.9592672325438385 0.0159177191115757
v 94.8175364781677388 24.8990143616859783 -0.0731736927782920
vn -0.2799876084728922 0.9057044006306929 -0.3182867854307304
v 94.3201020688592990 24.8999683862120413 1.0189231110548957
vn 0.3377679784018861 0.4756408909489160 0.8122059687195263
v 91.4692663710234370 24.8982924201939788 -1.5194304228992399
vn 0.5535304297477651 0.4495802920135205 0.7010575043292042
v 91.8483021039309477 24.8988292322368316 -1.9663852127660237
vn 0.8657704300608182 0.3740344500828282 0.3324752510842610
v 92.3526524242046492 24.8982922395872812 -2.2250596653160635
vn -0.1994532437958355 0.5844259448782511 0.7865524257749655
v 92.4909267743228014 24.8982923964965437 -2.2705777507935618
vn 0.8368500630656136 0.4318564971555610 0.3364252336130679
v 91.1106155414451848 24.8991695000980329 -0.9368686170845050
vn 0.2002742462617139 0.9592893361555621 0.1991336129901815
v 91.9316679532365271 24.8982912697196817 -1.4467188687286474
vn 0.1400918255360024 0.8285367109710439 0.5421265525606318
v 92.2768048463514674 24.8982925366917911 -1.7864409327347752
vn 0.3510323659602312 0.9178274747181601 0.1853887933529086
v 92.3677978500000023 24.8982925399999999 -1.8434063199999999
vn 0.4526728871833492 0.8887906986604510 0.0716822933768028
v 91.6110512487427542 24.8987201896751351 -1.0172793246823784
vn 0.1530305547802651 0.4212781833477728 0.8939274811408612
v 92.9928082143544117 24.8979543141866984 -2.4967511354019876
vn 0.0781958018107141 0.9603607573857226 0.2675679955687916
v 92.8218598086663746 24.8982929082729463 -2.0121043297240750
vn 0.2313721225463785 0.9709268552551567 0.0613838957114639
v 91.4251358989225622 24.8982926831023370 -0.5253152304288181
vn 0.8923377353191106 0.4360981715492693 0.1164119877716431
v 90.9472281467379275 24.8994692116213230 -0.3221184482963264
vn 0.6384161648556335 0.3446338660896840 0.6882240178859660
v 93.5506874487334130 24.8982922556952282 -2.4694571918295569
vn 0.2966692922371321 0.9549802741246370 0.0000841210584560
v 91.3581871250506055 24.8982912777187089 0.0008930826560256
vn -0.4283396679777517 0.5284727210575327 0.7329677427655029
v 93.6959203631549826 24.8982924246866197 -2.4859070886773718
vn 0.8948801978581794 0.4317160804427920 -0.1131841745493531
v 90.9533193355233891 24.8992962666385580 0.3187947248041234
vn 0.8348394052665751 0.3354320419299850 0.4364957189490314
v 91.1577484115339161 24.8982922800841635 0.8269537906222614
vn -0.2772757734075960 0.4298228462404975 0.8592848575012463
v 94.2565905064562628 24.8987559888330487 -2.4186258757457217
vn 0.6035236051874779 0.5447463860961157 -0.5822461960517484
v 91.1641726309027405 24.8982924109745305 0.9758951624647341
vn 0.0205124733328967 0.9808898121607785 0.1934797530413958
v 93.3417162390664430 24.8982918227135812 -2.1125799147219437
vn 0.1888710473979438 0.9811173207279765 -0.0416716980978761
v 91.4239972172250930 24.8982926680629753 0.5251785941559335
vn -0.0622634715136147 0.9589758956886749 0.2765655285880308
v 93.8704954823758442 24.8982914378731124 -2.0772736788923978
vn -0.0028695953571909 0.5059045294243325 0.8625847045539531
v 94.7439179284232438 24.8982924087131039 -2.1349489150731693
vn -0.9073081985754357 0.3563218271337129 0.2232187006186768
v 94.8653164384989935 24.8982922776834030 -2.0555824881578064
vn 0.7297411388755103 0.4333710333081566 -0.5288359081247166
v 91.4130679368475256 24.9003230305537180 1.4939475844241128
vn -0.1112756019684931 0.9582536218337682 0.2633775553250796
v 94.3757708593205109 24.8982916711843991 -1.9144272132964533
vn 0.2431957538902796 0.9592977287289373 -0.1435398653518969
v 91.6210882055005413 24.8982965854895966 1.0183984370287871
vn 0.2163952914011784 0.9551359463338570 -0.2022088076230280
v 91.9323114385273925 24.8982927592920937 1.4485689337739660
vn -0.1180366652753097 0.9827888383538667 0.1421036412543387
v 94.8225505068563166 24.8982917825105723 -1.6311619909223607
vn 0.0160348395333817 0.3397812485548921 0.9403677934997653
v 95.2145764794627354 24.8982923434113204 -1.7459397521924631
vn -0.8021364157769568 0.5362342917897912 0.2627355225187458
v 95.3393624959252008 24.8982923284168898 -1.6674667448516673
vn 0.5787594989376347 0.4297483652814872 -0.6930755982772353
v 91.8536882217755561 24.8981623884042200 1.9552892828597301
vn -0.1905678454462893 0.9731894710109278 0.1287872268333699
v 95.1848677155786476 24.8982916358223854 -1.2431598627055460
vn 0.1571918312747917 0.9520963595850972 -0.2623037366208927
v 92.3402550169455907 24.8982918565799629 1.7867284198632507
vn -0.7772037410414541 0.3876923256730997 0.4956299078196872
v 95.7012396394743661 24.8990979887524553 -1.2269259465746556
vn 0.5469101539243476 0.7034966297032115 -0.4538521516206229
v 92.4163148281346594 24.8983463039604054 2.2707551651919706
vn -0.5666213681906580 0.7936548788764746 0.2214772185695745
v 95.5536994981190730 24.8978037306264781 -0.7481005226407560
vn 0.2324815837681521 0.8010748033550276 -0.5515718200183505
v 92.8610000599999950 24.8982925399999999 2.0606689500000002
vn -0.1946508501701384 0.4660863634829905 -0.8630611498052984
v 92.9946854560702008 24.9015389335512403 2.5027598438799354
vn -0.6039892831625041 0.7918060923268037 0.0907747651002283
v 95.6362669369956393 24.8979037377609096 -0.2894272747737252
vn 0.1991053740415992 0.8771593212346042 -0.4369766300375838
v 93.3734104968646221 24.8981965108880132 2.1807540157118384
vn -0.2941164857187895 0.9550738396531794 -0.0364616735567931
v 95.5738758142069429 24.8982925235253987 0.2667120813435614
vn -0.0637220430066993 0.9591692187643752 -0.2755610839904473
v 93.8693583279554673 24.8982929127113479 2.0789203826803764
vn -0.9128567595956159 0.4065889958465336 -0.0371204110577907
v 96.0236537981896134 24.8994814415696268 -0.0032097667718643
vn -0.4027810901727543 0.3468684637116978 -0.8470240033679886
v 93.6980872738699588 24.8982924023662200 2.4817150829265047
vn -0.2932228163162975 0.9228913109658973 -0.2495836696083831
v 95.4424398431047507 24.8982927015018589 0.7784564638555763
vn -0.1031238952325666 0.9711685403824326 -0.2149351725602817
v 94.3741514879652783 24.8982916110107553 1.9140006021227371
vn -0.3967038292320510 0.7435668361837084 -0.5382698505400221
v 95.2445907599999941 24.8982925399999999 1.2200698900000000
vn -0.1729516241870391 0.9591271492887478 -0.2239706391210804
v 94.8223444570525515 24.8982916296224133 1.6316677796650834
vn -0.8528836519172005 0.4810717127231243 0.2028780015428467
v 95.9432349995961147 24.9020291875186679 0.6346317864237412
vn -0.2830247207929816 0.4331884066426450 -0.8557130428890641
v 94.2641894889860197 24.8991880382002648 2.4218286975777352
vn -0.7812564832708015 0.4484094297203162 -0.4342433542211560
v 95.7158246552447167 24.9051271111108221 1.2361817986747945
vn -0.5559402152566346 0.8308395110576325 0.0252226867308111
v 95.1821954819369154 24.8982927652537320 1.3069667904212663
vn -0.4840536461351816 0.4311470642376590 -0.7614488010775803
v 94.8359331999694604 24.8991835301397408 2.1454684481753388
vn 0.0791692046483461 0.5699096928140105 -0.8178845756413238
v 95.2033500550547700 24.8982924086604349 1.7420000390092500
vn -0.7268706034472305 0.3940806071226790 -0.5624585326351443
v 95.3187715009946146 24.8982923534884080 1.7056961230495207
vn -0.9566346966508302 0.2493145621610104 0.1506396569905736
v 95.4254973119963665 27.7487585004348674 -0.7730381501394822
vn -0.4038972475499326 0.8865450710454388 0.2256210327665101
v 95.6791927748973166 28.1019169079290947 -1.2130329558473094
vn 0.6103930216481495 0.7571392689961658 0.2327240564857735
v 91.4206016711044640 28.1050830946408219 -1.4819123370841489
vn 0.2743966726527157 0.9004458680047414 0.3374962293571684
v 91.8676088516654801 28.1040567021919898 -1.9498328594794605
vn 0.3133247782114525 0.7861973983430587 0.5326548922119743
v 92.3597741414346132 28.0992686138161645 -2.2306023074173695
vn -0.2924518046674591 0.9520037631077736 -0.0903370188537592
v 90.3399273318031533 28.0998672082184271 -1.2774038866381876
vn 0.5147780558239984 0.8323603482668031 0.2053772233604073
v 91.1356033920617534 28.1022862187682243 -0.9277364162349155
vn -0.0711665717877542 0.9700908519964394 -0.2320755435904454
v 92.8114472962256229 28.0984183558068636 -3.2821290597480064
vn 0.4527760152722367 0.8897372308389770 0.0579787896836762
v 90.9670288191244651 28.1031850428556425 -0.3169178087939801
vn 0.2596444815467289 0.6324702816121121 0.7297712559972653
v 93.5557061599246964 28.0986242808239055 -2.4727288317109983
vn -0.2128044166399078 0.8648913094710853 0.4546177548885875
v 93.6869116120749368 28.0988158757784099 -2.4873835461332985
vn 0.5541499434167191 0.8282652294487808 -0.0830334263860369
v 90.9763514737365426 28.1029204735961251 0.3153504005317286
vn -0.2580126425961517 0.9634426955150525 0.0721640403472564
v 90.2480635142271268 28.0984114144701138 0.8963526959546984
vn 0.7758878397200439 0.6271656318104977 0.0682739368302637
v 91.1543691587586693 28.0988287020953251 0.8308293812325366
vn -0.1768007223116708 0.8344558942386291 0.5219433543599166
v 94.2532810686789446 28.1060650122518147 -2.3892425098472341
vn 0.4828794050704048 0.7771113521959514 -0.4036402190652361
v 91.1662419375246742 28.1029651541869967 0.9542174301633600
vn -0.0613382222782310 0.8543434646179697 0.5160764158071071
v 94.7385505338062046 28.0999247872167999 -2.1317488704916241
vn -0.5867663676535594 0.6394238123377858 0.4968323842163068
v 94.8618081419512151 28.0992375954709104 -2.0587249854087037
vn 0.3726936746542516 0.8878724701480818 -0.2697812106612583
v 91.4363471692736738 28.1026623260860262 1.4844916148455694
vn 0.1781214151840186 0.9702259970891380 -0.1641166537107997
v 95.7318807446010425 28.0983522901147111 -2.4524265066890867
vn -0.2896262579405691 0.6267862391112322 0.7233641138265986
v 95.2242788205429349 28.0985016266104637 -1.7464061401587512
vn -0.1346660714385572 0.9707564593771949 0.1987383852725939
v 91.3953956082158498 28.0992049051309500 2.6432304640275195
vn 0.3086832156485158 0.9503959520672557 -0.0382388110571773
v 96.7014093486949662 28.0984351538976114 -0.9021170884409216
vn -0.6408562141831711 0.7100216443276344 0.2918434123448665
v 95.9065067568279659 28.0999735276348126 -0.6489274747583651
vn -0.4587895945031922 0.8860044373532856 -0.0671434655486602
v 95.9968897996584332 28.1008923737831573 -0.0004919903895147
vn 0.3605344834654479 0.6405827547047007 -0.6779886581700613
v 93.5573418044869101 28.0989301706020704 2.4756368437331742
vn -0.0029693472623204 0.9712397896722853 0.2380849720880567
v 93.8131739925721035 28.0990741997762719 3.3535616176698673
vn -0.1323145532045612 0.8904156500516748 -0.4354914800008499
v 94.2541835358382656 28.1017379239452474 2.3958559566415194
vn -0.3941829716169266 0.8944271096502571 -0.2112343021621639
v 95.6875970515099965 28.0998973289922951 1.2041820754826029
vn 0.2849765616593654 0.9531137645001467 0.1017964204928878
v 96.6760775168341979 28.0983534302669682 0.9277521909330130
vn -0.3046357790901456 0.8338241453482388 -0.4603632660545571
v 94.8232348395320201 28.1037079967764889 2.1245893863080885
vn 0.2897477266332135 0.8753614842515531 0.3870252276012540
v 95.6057814296212314 28.0710175502656263 2.7530059554894182
vn 0.9429870559106125 0.2780609067209806 -0.1829140359254628
v 96.9529599045114026 27.8967253957117691 -0.5182118517750989
vn 0.8951254668677335 0.4073916686949655 0.1810591804984042
v 96.8953482265547876 27.8985089991449762 0.8651442817860807
vn 0.8006021621940865 0.3282204399082442 0.5013058155623092
v 96.2845088370811339 27.8983860091038416 2.1151433600739358
vn 0.1554751876686856 0.3338822211180903 0.9297043231267872
v 94.0006137178713317 27.9326648477600905 3.5161208981630390
vn -0.2641628175353006 0.3878393785801539 0.8830620715750234
v 92.3791951054519984 27.8984472339466549 3.3424098500612058
vn -0.6452650714291959 0.3764004247404173 0.6647974938646417
v 90.9607600792023447 27.9085281774883036 2.5268061037661451
vn -0.9051627137106839 0.2967531658675574 0.3043320887706265
v 90.0645274862627332 27.8986442138796491 0.9083604186800615
vn -0.9226795353006246 0.3813831962584813 -0.0566509730639123
v 89.9790515001092075 27.8984472432815700 -0.3054987582194241
vn -0.8957645331594680 0.2303171009441739 -0.3802103814288502
v 90.2152418830576579 27.8985314193908316 -1.3225492285389024
vn -0.4481155380973974 0.7954067255533657 -0.4080693635402597
v 90.8522250448160094 28.0609007276891944 -2.3057402116317252
vn -0.3802177082895247 0.2720296336671220 -0.8839877672852681
v 91.8773149681285020 27.8912139257558813 -3.1462467448418234
vn -0.0134496226451680 0.2626486622043993 -0.9647977963764955
v 93.5655545210513111 27.8826461735421098 -3.5325167999595326
vn 0.1877650732213730 0.8558524107096045 -0.4819345685471533
v 94.7760834899682578 28.0621903139581477 -3.2208565361895385
vn 0.6273360734759137 0.2882272145741238 -0.7234462825218366
v 95.7650106990471528 27.8985348254268004 -2.6756719013521417
vn 0.7892196213425472 0.4360412764982622 -0.4324354223207119
v 96.5730574889456221 27.8984181190015192 -1.6634520072641410
vn -0.1603897931304977 0.5474092512550025 -0.8213514630777703
v 92.9214641419414562 26.5980647415998241 -3.4987123139449605
vn -0.5041627371357308 0.7143980745946641 -0.4852373908709475
v 90.9636043836077306 26.5982451543350038 -2.5584574952139221
vn -0.5831426659262500 0.8005552315966868 -0.1380432987855652
v 90.0295648470377756 26.5982931260685191 -0.7656372222700575
vn -0.5890197454322039 0.8015306711380823 0.1029772922343419
v 90.0378706423433357 26.5982930858088054 0.8021663239992747
vn -0.5602787119344137 0.7135166575442460 0.4206919827617369
v 90.7562915384770434 26.5984596046548631 2.3047595368970684
vn -0.2979007254729193 0.7065285257083560 0.6419288123484453
v 92.1980373547311132 26.5982932467283320 3.2833923643642220
vn -0.0012339755746439 0.7108728751811390 0.7033194385455174
v 93.6236428848358031 26.5976461614278392 3.5421735152580900
vn 0.2750191172643627 0.8043754090480197 0.5266352499196778
v 95.1676439691050433 26.5982932192731099 3.0960357922020636
vn 0.6232389194983635 0.5536896193979176 0.5522690056426320
v 96.2267541858382600 26.5982933300701951 2.1898792370567643
vn 0.5586693778211397 0.8012579124905036 0.2141828283413526
v 96.8090834427128755 26.5982932535360277 1.1183962205954763
vn 0.7038754695674575 0.7095443168948026 -0.0332593701605933
v 96.9933288008796666 26.5982931706831707 -0.2615663009589614
vn 0.5956674859309075 0.7089270559123909 -0.3776276944295028
v 96.4054609684860679 26.5981704310451477 -2.0178288246730722
vn 0.2291443777675199 0.7819690529935580 -0.5796699529024203
v 94.6529375287825019 26.5981316357099402 -3.3353974938529904
vn -0.1183430085437396 0.9629425506192499 -0.2423563007963885
v 89.8162983691481287 26.5978364588041707 -6.9572347291382215
vn -0.2356295066891395 0.9406283404509562 -0.2443298195429955
v 87.6519904890681545 26.5983104497864282 -5.2319499778469565
vn -0.3281315158065227 0.9298984985112936 -0.1661881187117645
v 86.4670311163223317 26.5982957537058589 -3.4689579014348912
vn -0.0581696275755487 0.9403923462156200 -0.3350798854106339
v 92.3355020493815175 26.5983082901223646 -7.7444811973818375
vn 0.0590767813073344 0.9310208815093634 -0.3601528177092238
v 95.0451232929471246 26.5985495507087926 -7.7056580665864374
vn -0.4398692394811222 0.8724191191128741 -0.2130725997509208
v 90.0626209617822013 26.5979715630996481 -3.7910179197644593
vn 0.2178642363912386 0.7875782184161879 0.5764162769891619
v 87.1676083926852954 26.5958340909224518 -0.9048388822205236
vn -0.2290377049531010 0.9001327750045802 -0.3705438126218952
v 88.0931975730956367 26.5958411743814764 0.8168787883303614
vn 0.2109994823073328 0.9464293935847705 -0.2444394023573145
v 92.6889470044970523 26.5944577232581345 -5.3284605345056635
vn -0.6358393679061504 0.7698773898529562 0.0547458017925249
v 88.3565362468537217 26.5931417831892887 -0.1051043834871783
vn 0.2163256447794087 0.9170404532192243 -0.3350224209963463
v 97.7289842942442846 26.5983159085465282 -6.5831979427545875
vn -0.2819760349219780 0.9404374731829324 0.1899128083173456
v 86.6266507792168312 26.5990730175661305 3.9320606736801840
vn 0.2967869047900590 0.9293438626212922 -0.2196304126328439
v 99.8421940471644120 26.5983339682885003 -4.5911459654181543
vn -0.2300095652443329 0.9301899379162920 -0.2860808964181242
v 98.2628688449648422 26.5979136259605582 -3.4820060756832643
vn -0.2143682216856689 0.9141736673384926 0.3439953073462123
v 89.1542077338303613 26.5991080144530088 6.5690067424318608
vn -0.3054821281498398 0.9379405424496245 -0.1641590942054343
v 90.1372546405355592 26.5966343503211817 4.5610605065227237
vn 0.3060425847868835 0.9466117584063339 -0.1013119694006179
v 100.9411422367054172 26.5982962097355831 -2.3208145866463337
vn -0.0445589552375692 0.9427584611134479 0.3304859808027260
v 92.4726056503710794 26.5971514380243867 7.8118960012213172
vn 0.4416433959775665 0.8450331554779092 -0.3014466402739466
v 98.8052355422380657 26.5925107366229874 0.4774018879096693
vn -0.3625080837708930 0.9229071323702385 0.1297317009096020
v 94.4582993309750094 26.5931914963442644 5.6398502348761106
vn 0.2960569940470560 0.9498011382500822 0.1011338422817493
v 100.9560130604403412 26.5982963457285280 2.2723224492891525
vn 0.0786744387552826 0.9531048024351203 0.2922354671521781
v 96.0897611008656298 26.5984008613590390 7.4011113790455099
vn 0.2951444977137863 0.9331843484951977 0.2050772956542735
v 100.0720711158848530 26.5983063455342865 4.2126355814252223
vn -0.9327063785475583 -0.1030778355777973 0.3455919142996483
v 90.0820875348581467 25.9495192883219268 -4.6834672616014696
vn 0.2421780562407123 0.8697265284636778 -0.4300297138128829
v 88.8234868542692197 26.5957126364352376 -3.2947867217197357
vn 0.5585429888498912 0.1286700911238156 -0.8194350110025928
v 88.7141520158555323 25.9869910128322488 -3.4867179773223560
vn -0.6289240323865243 0.0982046463789711 -0.7712395275893577
v 89.6804313524845185 26.2439213755669556 -3.4472149857176615
vn -0.9173073307813415 0.0048711306213186 0.3981501387432642
v 90.1039018521996127 26.2915346729885542 -4.5558312713519395
vn 0.7710170830059636 0.0826557436636703 -0.6314274984132229
v 88.6186638873039243 24.6199694882869338 -3.5629113238813557
vn -0.4112963094577821 0.1687656186593375 0.8957418778782980
v 89.6431882202239336 24.4856074446145087 -5.0836292746951859
vn -0.9985046851187742 0.0073288280141767 0.0541727060040047
v 90.1544364892997123 24.5991722792412197 -4.2010672177440345
vn -0.6780499594926099 -0.0084346084850878 0.7349674209186237
v 89.8112764381436648 24.9821434134657885 -4.9342022248010480
vn 0.5459746929671934 -0.1327864142727466 0.8272118246398351
v 88.7538957795488130 25.1848304233975853 -5.0171270485839257
vn -0.3978605244791216 0.0129149767620553 -0.9173550056747029
v 89.6524489341863813 24.7887908630741478 -3.4435500506889585
vn -0.4702118471380269 -0.8784954183236370 -0.0845376767803735
v 90.1044262373057023 24.1005470902090870 -3.9642826707296188
vn 0.9447412772005973 0.0093621707443793 0.3276831837496963
v 88.3161170419047323 25.8402460844414925 -4.4532809770826285
vn -0.7950449239751355 0.2709347470642369 -0.5426766364001764
v 88.1228979602005325 26.2824814143456393 0.5195000961143091
vn 0.8290330219854642 -0.0387220789327025 0.5578573734036133
v 86.7180063835571246 25.9646478891801245 -0.4624829688119663
vn -0.9651398980548681 -0.1073046572898905 0.2387272244770967
v 88.3442541123585841 26.2630813133799315 -0.3344620465141308
vn 0.1391897214732332 0.0048667826382656 -0.9902537734656484
v 87.2838523982099446 26.3148493448102485 0.8807295292808670
vn 0.0451930228160557 0.0208801880779228 0.9987600354612602
v 87.5217468249596919 25.7933317292524933 -0.9101168417238920
vn -0.2782638251497949 0.0257240436963272 0.9601601518439067
v 87.6651771925694447 26.2792160680030236 -0.9001190008980078
vn -0.9871407248434403 -0.0481957861255394 0.1524150765354556
v 88.2627221023684854 24.4041205059261870 -0.2356358987287253
vn 0.8763174381513759 0.0201353391875515 -0.4813131160768546
v 86.7158132506222756 24.6932711203087756 0.5183487915241092
vn -0.5553361984406212 -0.7669237970400641 0.3216047204802342
v 88.3605415773808858 24.1137886515302462 -0.3304657895333146
vn -0.0699417657619868 0.0095432568996555 0.9975054263761389
v 87.3887918603912368 24.4236258260125467 -0.8653518384425867
vn -0.7544504280181052 0.0120547182555693 -0.6562463222228957
v 88.2113872129341416 25.3879132464725288 0.5021038537867329
vn -0.8721443728976418 0.0069645260120537 0.4891990271866928
v 88.2324195912943310 25.2318140692409365 -0.4456981143270026
vn 0.8330453394796182 0.1383450715355506 0.5356268323684977
v 86.7518275176972082 24.4383836013221085 -0.4824724947515099
vn -0.0442005589229829 0.2501343445963822 -0.9672016957409837
v 87.4119502793010810 24.4448976230762050 0.9626632386926106
vn -0.9638335625440104 0.1280505383080353 -0.2337261717325288
v 88.4501463184265901 24.8471702954594882 0.1786118007981388
vn 0.9788398711352366 -0.0622527941836964 -0.1949284389007300
v 86.5911726199697256 25.0938805264314340 0.1387702135444288
vn 0.9640760086170159 0.0059064984699401 0.2655608459184225
v 86.5732082361761144 25.5962950452967171 -0.2875208406131389
vn 0.1338751085014701 -0.8053532024438357 0.5774804539005435
v 87.5053833046745382 24.0988251090420604 -0.8310462825402749
vn 0.1614183041754698 -0.0852771084131055 -0.9831947649666444
v 87.2022864252550960 25.0116642316869680 0.8421962348968418
vn 0.8782529905969430 0.0359241023998145 -0.4768449888321082
v 88.4533815586340211 26.2555669244012648 4.6878488755117811
vn -0.6988808573626821 -0.0685007756178773 -0.7119502728082571
v 89.9726186069127891 25.8500468577445730 4.7639529949419011
vn 0.4277604675995534 0.8551989126042595 0.2926701252938255
v 88.5084191815462589 26.5876111267620878 3.5945919699324893
vn -0.3893800352243613 0.8369004762896209 0.3846827016579776
v 89.9375806005642318 26.5846096448532805 3.7387588235564797
vn -0.0837316925860152 -0.1830333661488142 -0.9795344764391477
v 89.2139493663206338 26.3221904212889974 5.1313680759911886
vn 0.9735453964841511 0.0846091803226392 0.2122513782985838
v 88.3840433136433887 25.9039976186179786 4.0999943800258878
vn -0.3967804811875925 0.1322201501778255 -0.9083408400129852
v 89.5495157210179968 24.4811874411710697 5.1220135565128251
vn 0.9003389880098843 0.0678531348580558 -0.4298670245078954
v 88.3425989882442479 24.5716708625597562 4.5164676530012402
vn -0.9651946507183624 -0.0321489644135856 0.2595490903698033
v 90.0613258193377106 24.5654522324937332 3.8328026624298026
vn -0.9438409587525015 0.0532584988936182 0.3260794027177383
v 90.1004121084928897 24.9214502140606591 4.0121622326003470
vn 0.8264836067505668 0.0873224313757690 0.5561471394794715
v 88.4483089005751140 25.1349325002732797 3.6667411548637925
vn 0.1285561388654315 -0.0369883680418627 -0.9910121996169429
v 89.1685410465561716 25.4104886900872806 5.1372530728523467
vn 0.9443958264120281 -0.1146718322916109 -0.3081669903387235
v 88.3725851611348077 25.5604749475799835 4.6064251658015438
vn 0.1899594361942085 -0.0168354291137186 0.9816475848935479
v 89.0355656152595145 25.4258299274326660 3.2947817764949550
vn -0.2322400759225324 -0.8956115868077373 0.3794000958239511
v 89.6002926451608346 24.1025734715818629 3.3653520917488597
vn -0.1220353717355064 -0.0634865654241259 0.9904932226199354
v 89.4672442314802794 24.7773088831019166 3.4003044737019446
vn -0.8987516159749316 0.0120704642196552 0.4382919536974996
v 90.0351267732859810 25.6085016471655251 3.7363063105786027
vn 0.8273501996522126 0.0032681795028669 0.5616769232736742
v 88.5690192577068274 24.7827571438925567 3.6654810408681122
vn 0.1736168000322323 -0.0686967575043762 0.9824143536486796
v 93.2559449803606526 26.1592803828564548 5.0730028425622047
vn 0.1849068917130673 -0.1504952786618121 -0.9711645650956976
v 93.3728445578366859 25.9060685905468340 6.9344415255394916
vn 0.0845389519920421 0.1080025115848064 -0.9905496570528207
v 93.5683126663769684 26.2442732431240167 6.9049826802295007
vn -0.7126784514791421 0.0986982717628616 0.6945128335375210
v 94.1652126398244036 26.2842171467119741 5.4514129488761611
vn -0.8506014824330050 0.1742761890817143 -0.4960896370636347
v 94.3120299344077750 26.1836543240864508 6.3647522383387134
vn 0.4590046005789464 -0.0908851570682330 0.8837729713405159
v 93.1872147557614596 24.4982852869507681 5.1291271304210913
vn 0.4524397846164965 -0.8880123023401610 0.0820511559254633
v 92.4423344339198110 24.1095151458933366 5.9779378858570400
vn 0.6556390691248266 0.0256413280626155 0.7546389423640396
v 92.8766193016098782 25.6545104650140914 5.3096204222168559
vn -0.8659093746677102 0.0779163705282000 -0.4940951265356572
v 94.2292438579561065 24.4853759847004717 6.5480061838937775
vn -0.8223279142221520 0.0686862710839246 0.5648530761672726
v 94.2648858324696164 24.5034158857263158 5.5201547494713648
vn -0.0452434218996646 -0.8842204259297824 0.4648733925956217
v 93.4219552055685227 24.1015226894575392 4.9741253401451555
vn -0.9240172080884225 -0.0052408960573283 0.3823149646103243
v 94.3190083229975755 25.2948136950982523 5.6056067389590289
vn 0.7866918215736587 0.0857204689654647 0.6113656672315346
v 92.7376057186268667 25.0630205746960826 5.5327007251853120
vn -0.9266834562417611 -0.1295079734750826 -0.3528249661435560
v 94.2583534437735722 25.4106152057272894 6.3789775557958519
vn 0.8954160725527451 -0.0393005611888690 -0.4434924158364572
v 92.6643864993213953 25.3141886674055527 6.4312919596965727
vn 0.2737867105819957 0.0285107694011020 -0.9613677616483962
v 93.2982403769234310 24.8928264648407058 6.8980930810800540
vn -0.1203556568326016 0.9400135514074490 0.3192006250600835
v 97.9414576906832508 26.5958957222366372 3.2516551504623790
vn -0.1524171810991837 0.2856804344690243 0.9461266787631391
v 97.8662887971863995 26.3100426070062170 3.3824597397997125
vn 0.9839417569388461 -0.1293369364826432 0.1230064055786585
v 96.8443051366167680 26.1573816075139547 4.2647416395699143
vn 0.9954698968364822 -0.0268370469002915 -0.0912110596695099
v 96.8346240302544317 24.9617937357173929 4.5529053695960355
vn -0.8835455732645905 0.3072917975755374 0.3534387798577584
v 98.5913564426772098 25.8321376894672952 4.0795466213387757
vn 0.4168470527004208 0.0145577542814451 -0.9088600587798177
v 97.5038728475712304 25.3065487503294726 5.1183013125036165
vn -0.7259542723954254 0.1320696864527526 -0.6749429548570013
v 98.3238146693088311 24.6078671708700689 4.9287419754721071
vn 0.9750239742102763 0.1326541245347349 -0.1781323467512891
v 96.7803852604882024 25.6659120359533794 4.3556507960733546
vn 0.9153381903819876 0.3193912684440475 -0.2452452137553980
v 96.8204919959949990 24.4564927177615132 4.2573079320412699
vn -0.4910641457473585 0.0071540803052057 0.8710940384920584
v 98.1084254043183961 24.6754380901807835 3.4475538987443159
vn 0.5852833773980598 0.0122405003282122 0.8107364172733549
v 97.3660409144471117 24.6400621998678986 3.4798596179009302
vn 0.2040338975404847 0.1501137941701695 -0.9673861780355739
v 97.5902349146469845 24.5967464117052046 5.1549847304895495
vn 0.1006048602793594 0.0638685602899673 -0.9928743470825789
v 97.6276482063275637 25.7686904742329013 5.1462163234427267
vn 0.6635243009400519 0.0172122622056865 -0.7479567100386080
v 96.9371048975016691 25.9208593551533966 4.8335612876030529
vn -0.4049090693988217 0.5067181174586685 -0.7611080047915165
v 98.3226867280292822 26.5540611412297203 4.9682071716765490
vn -0.9585235771310516 -0.0871225242608075 0.2713709967006750
v 98.6139374303612755 26.2802674042974473 4.0162247490896190
vn -0.9050523958713260 0.0264316634288974 -0.4244779474789641
v 100.2351530551965624 25.1797136182565460 0.5444213260277457
vn 0.2441535929529061 -0.0500378244738035 -0.9684447527712232
v 99.2642204957790852 24.9604390415718349 0.8888667283335577
vn 0.9078290728025367 -0.2174507520161720 -0.3585548005843568
v 98.5948875108169034 24.5168019694624562 0.1782019876794127
vn 0.9341683944121186 0.1848652530660272 -0.3052118102077935
v 98.6163734757794259 25.1403133163369326 0.2275952129000047
vn 0.8840999794810555 -0.0245582814773411 0.4666520299885953
v 98.6783457123487580 24.8639808004145166 -0.4058748378873056
vn 0.6053307348910667 0.1069648475158337 -0.7887542220439492
v 99.0349640351111447 24.3026671529078762 0.8281780158890776
vn 0.7438735617935973 0.0837881921375334 0.6630472554221387
v 98.7091720781305213 24.5301807767037126 -0.5535659806539656
vn -0.7531133677797065 -0.0291025690023464 0.6572467540802103
v 100.1077789782303711 25.0700103263098697 -0.6686245098166901
vn -0.8572259243972356 0.0229298721978521 0.5144297187199579
v 100.2405772733577720 24.5846953485378457 -0.3687890782989163
vn -0.8152914769868982 -0.0303009311664883 -0.5782574349915146
v 100.1881340548608392 24.6556047867831261 0.5520432134418410
vn -0.6411286016425074 0.0399584658648261 0.7663924824537702
v 100.1053906452430482 25.9946110137703705 -0.6368894582188723
vn -0.4668664906301400 0.0725524680299791 -0.8813465943143233
v 99.7704103523230259 25.7437354113271510 0.8700918894672164
vn 0.6965051385689778 -0.0359801311145818 0.7166491625000245
v 98.8764183858304904 26.0205818957578110 -0.7107192635155896
vn -0.9382912934193728 -0.0801850372511188 -0.3364220689765127
v 100.3137882054326155 26.1896528453973936 0.3142983349496449
vn -0.6230345240408189 0.5727977776120970 0.5326637661939029
v 100.1056048507081044 26.5683001575049786 -0.7058019892637394
vn 0.9096572733459127 -0.1242700203269747 -0.3963339590507138
v 98.6912636997949591 25.9855367468173810 0.4005689002728428
vn 0.3911631814069173 0.5684537879163873 -0.7237759712197761
v 97.0286541555192059 26.5802733413529992 -3.6646521436467752
vn -0.8843152116078236 -0.0098969998043345 -0.4667854495524504
v 98.4117719889255227 26.0283618337720029 -3.6871388139414321
vn -0.7429917690679589 0.0216894526592386 0.6689490255173464
v 98.2705864489190759 25.9896702219056586 -4.9361660334175106
vn 0.2322635678488266 -0.1860498269289842 0.9546931951940522
v 97.3348628592532066 26.4471557203099366 -5.0944741851637412
vn -0.9997524014941667 -0.0218908595197222 0.0039907362897609
v 98.6198407254998273 26.3510167896071081 -4.2428185709536148
vn -0.9813973140805597 0.0111304570193337 0.1916648763910699
v 98.6180162772017468 25.1585348667812596 -4.3193084686632934
vn 0.1608414082770215 0.1124357144162630 0.9805550731637510
v 97.4828159468826385 24.5436212291578286 -5.0820562854122064
vn 0.5707914642611245 -0.0008261325795120 -0.8210946485220828
v 97.0865219408634204 24.6673591884817611 -3.6670306360804319
vn 0.7276440421094861 0.1283247382943237 -0.6738448705186245
v 97.1145263305935913 25.1872284501124000 -3.5252669615847330
vn 0.4742134802322382 -0.1312574182058990 0.8705705401240902
v 97.3198818301590478 25.6526825138245087 -5.1087032615337522
vn 0.9896750646725876 -0.0672655208892657 0.1265646714719603
v 96.8123424794480627 25.4713787940458296 -4.2295391657563126
vn -0.3846186535341113 -0.0036125031449302 0.9230684921362201
v 97.9944057610801735 25.0075373703980937 -5.1044969237252626
vn -0.4188561550439386 0.0268972766620476 -0.9076541510343977
v 98.1771579305747792 24.5252918803733131 -3.4338932662391635
vn 0.5128280729816970 0.8456981225011280 0.1476551833155424
v 96.8299760470696924 26.5904487335837878 -4.4293587526322646
vn -0.4599092012905179 0.1041092748219714 0.8818417009102942
v 98.2165876191875213 26.3825335760584174 -4.9754436720980308
vn -0.3583490888863021 -0.1176147119424571 -0.9261493994108347
v 97.9174020803185385 26.3519889530379174 -3.3618532493429090
vn 0.8450554273956498 0.1119065331261620 -0.5228367359633781
v 92.6966057866890054 26.2070186901840181 -5.5647409783091604
vn -0.1870705879574194 -0.1564670255665536 0.9698054779344263
v 93.8198153189483577 26.1912249655241247 -6.7852391933228251
vn 0.6665133139841410 0.5039823157674020 0.5493285243600632
v 92.7064248052770097 26.5469369695495985 -6.5217963118793163
vn -0.0459827318542956 -0.5780471493596583 -0.8147067456995730
v 93.5915660901990378 24.1105140637177087 -5.0890017071078262
vn -0.6970316737799376 -0.0751640867713921 -0.7130899002281278
v 94.1884284589903018 25.6571339172916737 -5.4578092105574925
vn 0.9746857459481396 0.0115024799055225 0.2232832049249155
v 92.6635981644951414 24.4839182436969764 -6.3936883813785270
vn 0.6595793801874571 0.0258320928542362 0.7511908840037266
v 92.9285242526745350 25.4550967711404645 -6.7074864038727391
vn -0.3217428868335422 -0.9442269681698646 -0.0701209480309853
v 94.3720609496184295 24.1037032555345441 -5.6998375250067124
vn 0.9982418825886029 0.0567338571091615 -0.0171584761409352
v 92.5955184797081614 24.9455903348676991 -5.9416110075826527
vn 0.5617065620498838 0.1048364060527899 -0.8206674516002415
v 92.9379528398953738 24.8296934718905860 -5.3116175491271616
vn 0.4039388086354978 0.0100892232776940 -0.9147303681696523
v 93.0397305898409002 25.2636304971153081 -5.2574074672982363
vn -0.9221837327678051 -0.0586661550676497 0.3822766606373139
v 94.3008832157594838 25.6211908312908783 -6.3044588528308072
vn 0.9354768374690501 -0.0274993893135333 -0.3523164346809378
v 92.6384352865184582 25.5250765636183914 -5.5886224853701085
vn 0.5966760292991865 -0.0895312457933014 -0.7974721763713488
v 92.9461645144929207 24.5188360795075724 -5.2511703106476642
vn -0.2218582225804538 -0.5378087421889388 0.8133515143519394
v 93.6336167603123215 24.1200636592484194 -6.8836814860179585
vn -0.8326030149872455 0.0455749728528824 0.5519919757420459
v 94.2898959561201053 24.5929367438475523 -6.4032270932714548
vn -0.5765995000377353 -0.0671853665440385 -0.8142598744126943
v 94.0482574091784755 24.7119878166165918 -5.3199084925575919
vn -0.3518966281940930 -0.0079077628744371 0.9360054649156435
v 93.6396473229422242 25.3760450486428404 -6.8875399842894467
vn -0.3558244853032059 -0.0063047914321070 -0.9345315325143962
v 93.8284682614774681 25.1754577615237061 -5.1798944239194924
vn -0.6664651073990052 0.6240101343676285 0.4079652103134857
v 95.6049833704436622 27.9888107518842801 -0.2710428627379913
vn -0.5844037150946826 0.7438278965337011 -0.3243337141306509
v 95.8852840750889186 28.0961085706118823 0.6370021738014866
vn -0.9653234432084821 0.2212974325839988 -0.1384850039674013
v 95.5571619067437865 27.7502947400096005 0.2635748380415125
vn -0.9637749588802526 0.2657735931135404 -0.0224103957770855
v 95.4530318501960124 27.7973346110498980 0.8409885622583735
vn -0.9113648992176628 0.2160232115294353 -0.3503540959579155
v 95.1820249521576187 27.7981479646133280 1.3073260817191441
vn -0.7010619666222783 0.6922710847061891 -0.1710931449106590
v 95.3281526134476991 28.1026670992515086 1.6651352503087131
vn -0.4524855954928640 0.3539135503708785 -0.8185364895564204
v 95.2447798102194128 27.7973926135500768 1.2202158298611305
vn -0.2445683635430066 0.6327647339814745 -0.7347074975684198
v 95.2205380702193054 28.0990484861652234 1.7460739112440595
vn -0.6076106151858303 0.2303943654363500 -0.7600840589623483
v 94.8121970213223193 27.7481779544056906 1.6180100830644399
vn -0.4196129991775134 0.2288530622599761 -0.8783798761444184
v 94.3676657314398000 27.7498136350135738 1.8988946046297712
vn -0.2033681617944800 0.2345198176480781 -0.9506007815579821
v 93.8668643553681221 27.7501542723568804 2.0619263833311825
vn -0.2974048389170506 0.7663789886691430 -0.5693975829902904
v 93.7016811148742335 28.1023714596856280 2.4729283294347670
vn -0.1619511907501821 0.2436990115024112 -0.9562335507643234
v 93.3424586783169872 27.7469264457036999 2.0952359450621785
vn 0.3074826822677028 0.6896505877886117 -0.6556191477285280
v 92.4571827883194999 28.0958330471739899 2.2354394746412587
vn 0.1386176781088443 0.8154083061722686 -0.5620448679073450
v 92.9886854003865437 28.0976713787702046 2.4442623397159604
vn 0.3508467353025823 0.8246108617804104 -0.4437606279981230
v 91.8704007568515522 28.1045963796361953 1.9348691608864876
vn 0.4843335991934024 0.2044756159589444 -0.8506530944930342
v 92.3491529059846812 27.7488103812177549 1.7726410348427910
vn 0.7071606613223812 0.2274752760494869 -0.6694615731050605
v 91.9444939886110291 27.7467503145282457 1.4370892237245521
vn 0.8459390480753654 0.2325833676068610 -0.4798875952282957
v 91.6352702921470268 27.7521537801666476 1.0124320204472186
vn 0.9458576801312739 0.2310292960845415 -0.2279884060371622
v 91.4407409078293654 27.7509496895194800 0.5216229893970558
vn 0.9731595636134058 0.2300949300575284 -0.0040971831282459
v 91.3749107188295397 27.7499198350771721 0.0004672865307479
vn 0.9404960400471999 0.2295242223001116 0.2505710079659349
v 91.4414031388427730 27.7485462977004111 -0.5216668340824974
vn 0.6667951652245564 0.2731833668206286 0.6933650234369360
v 91.6236712471793169 27.7565336559858196 -1.0047430179444106
vn 0.6994070541998920 0.2324906584023579 0.6758534355102941
v 91.9442568667756603 27.7493892240950757 -1.4362716694802722
vn 0.8271446323656119 0.1786800152120369 0.5328275605790145
v 92.3677985204559917 27.7976753349275043 -1.8434426925592482
vn 0.1115437970908972 0.3592173876089552 0.9265640019825626
v 92.2769467366534712 27.7974945536084270 -1.7863612342359914
vn 0.2094172096098228 0.5722347357954677 0.7929009014172749
v 92.7942777314657974 28.0020669766567707 -2.0586524331191951
vn -0.0474273737894576 0.8187089860906993 0.5722466603745051
v 92.9969947242051092 28.1063949864095584 -2.4696040476754915
vn 0.0867051021171207 0.2295469418548945 0.9694278863081696
v 93.3425751370472483 27.7495949471192667 -2.0956781896255197
vn -0.2099148593540817 0.2340291693877257 0.9492976876080796
v 93.8671503039487760 27.7506645985954634 -2.0612967822148338
vn -0.3908217530650023 0.2315208921152395 0.8908739719204742
v 94.3683959721959837 27.7473803220096684 -1.8993253986324945
vn -0.6225868096419105 0.2392257092232124 0.7450884004643734
v 94.8121373756063690 27.7487109231593934 -1.6178156156702093
vn -0.5806421148226782 0.7762303178006075 0.2456038033529118
v 95.3317918470482653 28.0987254209242927 -1.6709348032768960
vn -0.7997804314309930 0.2363398795839295 0.5518104047753253
v 95.1718510394109387 27.7507682455577154 -1.2333492729813944
vn 0.6003490383817223 -0.7169888107877908 0.3542711917715736
v 94.9216769334870492 42.3982925441363889 -5.7727933940337097
vn 0.7000280418840098 -0.7140956737107941 0.0053018264368039
v 95.0745899498620162 42.3982925438037697 -6.3921202313628651
vn 0.2770345763599901 -0.7243656238494567 0.6313052245041443
v 94.1806517646392507 42.3977482343896526 -5.0150281617257439
vn -0.1014684243952655 -0.7179060678683176 0.6887053336286809
v 93.1274061084288434 42.3982925585867463 -4.9213407055784915
vn -0.4122445686894624 -0.7161154066518283 0.5632345336908291
v 92.4803269081880615 42.3982925440519764 -5.2329910581827388
vn 0.5858888794287958 -0.7232471892224313 -0.3655786156813917
v 94.9021598433279223 42.3983039255526606 -7.2892602748591848
vn 0.2584374525005239 -0.7249914020289984 -0.6384336693260051
v 94.0418206871859610 42.3981742935165755 -8.0290527265152658
vn -0.1958766433601213 -0.7232318091709613 -0.6622447363243215
v 92.9715109044381904 42.3973728525899034 -8.0390607683904314
vn -0.7652954597382979 -0.5811741902319332 0.2766937294414245
v 91.8768758679333928 42.3981986776676933 -6.0562119024267584
vn -0.6749521185539594 -0.6252402868926430 -0.3918089091712022
v 92.1074476824645387 42.3982728039580792 -7.3948741047658446
vn 0.4544637143345930 0.7214452023131179 0.5224744514448433
v 94.4611094719463154 46.3982524565377759 -5.1980382915016694
vn 0.6690739045191398 0.7206580684262893 0.1816371622317487
v 95.0338000924230784 46.3988569183192539 -6.0683829932803128
vn 0.7905499547100645 0.5692283128768281 -0.2258537069151508
v 95.0059852979012049 46.3986926380596287 -7.0479695971643412
vn 0.4479084640410050 0.7165035991248278 -0.5347902395160145
v 94.5211486162456964 46.3982925367806516 -7.7273857121585801
vn 0.0550832523219376 0.5717681125809635 -0.8185640236103957
v 93.6455805434837316 46.3986953596771485 -8.1290819013000846
vn -0.3666851472329464 0.7172481633815625 -0.5925344504115585
v 92.6409511385083988 46.3982925367476540 -7.8889749698198228
vn -0.4713242829424801 0.8429834988251472 -0.2592918066913609
v 92.1017463513335173 46.3984273586508849 -7.3518349588026881
vn -0.6828528788542203 0.7296929756159741 0.0354979883543947
v 91.8469983341650646 46.3982312890857642 -6.2049974843427460
vn -0.5100586616233446 0.7171564898705729 0.4748965474074552
v 92.4311022875846930 46.3982925368501284 -5.2764603650446551
vn -0.2818917659051006 0.5624260513647945 0.7773120152558491
v 92.9985213332633975 46.3982925488762348 -4.9575267215300034
vn 0.0853282448896470 0.7138293423065574 0.6951019786234538
v 93.6744446504767438 46.3982925312765246 -4.9029721305720324
vn -0.6088848459098970 0.7211367258496217 -0.3304861071999377
v 94.1473420346627989 46.3982925446417767 -6.0411406585944434
vn -0.2838207318499523 0.7158691778526239 -0.6379475780757897
v 93.8058589994503507 46.3982925377822610 -5.7652326471384123
vn 0.1503630470575183 0.8157191439782834 -0.5585635435891919
v 93.2664601903279475 46.3984246423890525 -5.7058350397690223
vn -0.4991121105114202 0.8301063299643520 0.2486173406943895
v 94.2795127655378735 46.3985121668648901 -6.8016124282803387
vn 0.6001683400703328 0.7321328565152229 -0.3221481708594380
v 92.6914192447305396 46.3983157397532580 -6.2046135116057783
vn 0.6623517465144653 0.7150493298098930 0.2235947669952510
v 92.7184881675960639 46.3982925407074021 -6.7751304497427531
vn -0.0728773260366446 0.8214326654474003 0.5656299775345432
v 93.5141004546593138 46.3983972590828486 -7.3307964747781336
vn 0.4123249780339838 0.7185308353927455 0.5600906632671873
v 92.9270002068433314 46.3982925392952836 -7.0995594991389481
vn 0.6709169959551876 0.7397403516576266 -0.0515227781463468
v 92.6354976321577652 41.3982347738010859 -6.3734753174027077
vn 0.4690780640385172 0.5748214596828782 -0.6704819604776269
v 93.0802407866215447 41.3982925412381135 -5.7902642399083870
vn -0.1046563790424136 0.5697287269411403 -0.8151418404325459
v 93.5892997901725039 41.3982925418622756 -5.6920637123636251
vn -0.6493695919668117 0.3307804425428832 -0.6847652385014813
v 94.0350537335618242 41.3982925352449911 -5.9156302173228745
vn -0.5626138200125238 0.8266559031016290 -0.0102814103189057
v 94.3210531338514784 41.3981253918281311 -6.5329171841052673
vn -0.3775655351747267 0.7298579992905174 0.5698697811955511
v 93.8864450575874088 41.3981631114734370 -7.2060224428177033
vn 0.2380279560749875 0.3307633589297926 0.9132022188520158
v 93.2923992184861817 41.3982183927293690 -7.2967420350338994
vn 0.6507895166880220 0.5730290903098069 0.4981070834947904
v 92.8911985633425559 41.3982925357568519 -7.0595699050533209
vn -0.3746972963089401 -0.5876760307123181 -0.7171044687247352
v 92.9790231998729553 39.3982775569217125 -7.4017971776352880
vn 0.1611060399721708 -0.5703760520417142 -0.8054290801441137
v 93.6167565498682279 39.3982925417481624 -7.5001068554810555
vn 0.6230334475733229 -0.5759246494474181 -0.5292826478959686
v 94.2232953413419949 39.3982925423842119 -7.2065373424108321
vn 0.9435653885267341 -0.3311450715255414 -0.0052248615998166
v 94.4849691695535654 39.3982925503696819 -6.5587067769779468
vn 0.3542033595385468 -0.9014136483257081 0.2489847680155228
v 94.3466263554619928 39.3982925386058369 -5.9765625592000227
vn 0.2544714913815821 -0.3369953700256105 0.9064647707745377
v 93.8129134241675757 39.3981646334342983 -5.5285719717452961
vn -0.3320310774091004 -0.5851301096423103 0.7398500648270092
v 93.0424683573585725 39.3981409713844997 -5.5785359177539879
vn -0.8570438518435980 -0.5123489717216934 0.0545377593306888
v 92.3899284851462994 39.3986089576722591 -6.4162480127679764
vn 0.1407445431429435 -0.9131227452301642 -0.3826196880961726
v 93.8958507842653063 43.3465196469135492 -7.3324707058077596
vn -0.8899337650848573 -0.4235718656147041 -0.1691294427992042
v 92.5508310718727643 43.5326262837323341 -6.7697476712410447
vn -0.2502492053440927 -0.0323920406395768 -0.9676394426271875
v 93.0460228547647432 43.7213760802567322 -7.4662239423601822
vn -0.9733557979081701 -0.0790537034659330 0.2152417307281976
v 92.5652871359004479 43.8748349975957055 -6.0949240829395821
vn -0.4901814139902055 -0.2652572505090012 -0.8302775273551416
v 92.8633401991119598 44.2426419785620411 -7.3463829806451537
vn 0.8475509052116632 -0.1918205575301369 0.4948356664426261
v 94.3897219034052171 44.1164598597582298 -6.0159792615364873
vn -0.9923379836526589 0.1005647954219047 -0.0717777689951832
v 92.5029616727672703 44.3050455885754673 -6.7703810275689849
vn -0.8787366049363770 0.0880138453380925 0.4691220972984456
v 92.7394509066342181 44.5258638564800719 -5.9279116529719875
vn 0.0974662599023791 -0.2830428040397421 0.9541420749877672
v 93.4627489731944223 44.5608433164092261 -5.5172224626587951
vn -0.7504455416572219 0.1155707645753136 -0.6507494812769935
v 92.7299149581649971 44.5120851191344045 -7.1305013255119789
vn -0.9420461140107164 -0.1101319435919057 -0.3168912653860589
v 92.5743897790125914 44.8279603557159803 -6.9108544756937018
vn 0.1003036896864695 -0.0491689762463025 -0.9937412045448105
v 93.4852432453625397 45.0247927754793835 -7.4994075912055109
vn -0.7692605586056879 0.0528924530635060 -0.6367421624037390
v 92.6833769022919114 45.2181191321880007 -7.0902602404051587
vn -0.6242721138163873 -0.2409422839734403 0.7431225630438640
v 92.6781042454214230 45.0095568167693401 -5.8478122453287051
vn -0.9424539796668371 0.0372611521899269 -0.3322530703358812
v 92.4636692442487060 45.5437483872052766 -6.7033322419123396
vn -0.0808875140905057 -0.0251591619782044 0.9964056536535774
v 93.5870777338357414 45.3500911238317386 -5.5242581642982040
vn 0.1146955294638608 0.1266417182785637 -0.9852952911246747
v 93.6228564485465569 45.4230188294072121 -7.4953963328342770
vn -0.6846297021462477 0.0037113542665985 0.7288816068393056
v 92.6444074842070933 45.5381614745254026 -5.8896401569042096
vn 0.9334377231426619 -0.0469949883167760 -0.3556479833871535
v 94.4410748350801015 45.6548308117700330 -6.7895468346083074
vn 0.8994009562846147 0.0490447296279756 0.4343645178073815
v 94.3025920950610299 45.9144226067429599 -5.9907877975955266
vn 0.3270153822457699 0.1631919258895585 -0.9308218600243067
v 93.6522535612235316 45.9935946246976499 -7.5911274673409839
vn -0.3372778043674748 0.0139707151636458 0.9413014935709343
v 93.2271429409874060 46.2985963902575648 -5.5787232265398643
vn 0.5566528073929937 0.0491397739713730 0.8292906213358142
v 94.0334937937208082 46.3553791277187983 -5.6650000122661028
vn 0.9510798849339895 -0.2483168917929160 -0.1838090686670670
v 94.4420557267412022 46.1936581805332054 -6.5521058832329482
vn -0.5211104427564898 -0.0927556663964283 -0.8484340238353774
v 93.1020247237272542 46.4518771129857129 -7.4615478060875935
vn 0.8786653299904060 0.1610058774259972 0.4494711840676059
v 94.4299034842149325 46.8590870229114742 -6.0360578353233976
vn -0.4918394382645204 -0.2348544073594986 0.8384136057528288
v 92.9386000595410451 46.9847877122275435 -5.6587948349812809
vn 0.4732047697908301 -0.2447653490036711 0.8462666067938156
v 93.9874719935349532 47.0672312267403328 -5.6398705818109276
vn 0.8363357948077477 0.3576121917839817 -0.4155189028320488
v 94.1698663432747907 47.1232587620581214 -7.1561148320979875
vn -0.5198586263669670 -0.8535734611780957 -0.0340493019648893
v 92.3367403579028405 47.2797057975878587 -6.7115048569418487
vn -0.1202548646138812 -0.8499353318942292 0.5129802131998306
v 93.1027276287142485 47.2982942175112768 -5.5134493490828769
vn -0.3604500740027807 -0.8776002608311936 0.3160593715434034
v 92.5026556692425288 43.3125054239722971 -5.9225127698257456
vn 0.3848301722556439 -0.7726613907600149 0.5048763351064207
v 94.2011564324696025 43.3714231151593381 -5.7711890084633550
vn 0.3120899039610061 -0.1288052610480981 -0.9412805620918459
v 93.9024082930467756 44.3885473859987130 -7.3693922874622784
vn -0.6326975812938334 0.0258746099236791 0.7739665853163369
v 92.7631522273413509 44.1883365148641118 -5.9031544058948437
vn 0.8691036815130350 0.1648213187466535 -0.4663611515414886
v 94.3404580458467592 44.2243949179640410 -6.9127463908718960
vn -0.0453953071329330 0.0717896387618762 0.9963862272516345
v 93.5694269881092850 44.0926592092566523 -5.5190142392652071
vn -0.0226806191504209 0.2094166879469984 -0.9775634201034035
v 93.4615774757784550 44.0335139741460182 -7.5169061107693169
vn 0.0224904655385397 0.0492860784195560 0.9985314524009152
v 93.3350660733784565 43.7029379067824948 -5.4842388268221312
vn 0.5997236853786733 0.2533769529747192 0.7590333463669887
v 94.0609081659200967 44.3842365345528123 -5.6910849546444151
vn 0.8218890750789279 -0.3120417773040393 -0.4765797703248015
v 94.3399174898855790 43.8685924569841674 -7.0747832270087887
vn 0.9497516612768107 0.3105859868652204 0.0388346065371503
v 94.4968663841327441 43.5955585229405287 -6.1979252726209610
vn 0.9185767577508196 0.1516219785281260 -0.3650034462127837
v 94.3464884797869416 45.1408054007246875 -7.0815551443635103
vn 0.7796962520285990 -0.0229767830095180 0.6257362239914585
v 94.2749679795272897 45.2330810390836504 -5.9465201928656581
vn 0.6365116924079298 0.2010107983731672 0.7446123315963650
v 94.1552170160290700 44.9064477865213547 -5.7642773651855039
vn -0.3766095475008341 0.2270540860918209 0.8981156332679132
v 93.0804849452358951 44.8315534041772423 -5.5943400758761435
vn 0.9098136948493819 0.1952439251508427 -0.3662224055901108
v 94.4573460246904233 44.5968444825474535 -6.7587632881323030
vn 0.9363981517540567 -0.3374933145176652 0.0962120784905243
v 94.5243173135286838 44.7977791157313447 -6.2708404052115361
vn -0.9364158755911445 -0.0567839393489638 0.3462670821387497
v 92.5822401088645108 45.1900152034076044 -6.0630599281790003
vn -0.0332187850140198 0.0609185470846257 -0.9975898169805516
v 93.4483374407442824 44.6891356826861710 -7.5269113484249877
vn -0.0843381167298898 -0.0408609586303219 0.9955990478733227
v 93.2742797663629517 45.8724053868721882 -5.5063253425729988
vn -0.9541281772396373 -0.0627668142206063 0.2927451936923359
v 92.5220362748343632 45.9391552574109667 -6.1720082373678347
vn 0.6397277481113387 0.0285065261431165 0.7680727740674367
v 94.2360224302114347 45.5495742743929526 -5.8125623756324725
vn 0.4000148737478355 -0.1311450415345717 -0.9070772176950531
v 93.8875965988803074 46.2999499268794139 -7.3496773676542366
vn 0.9533165198016479 0.0674473505474908 0.2943441318888456
v 94.4940480884610992 46.6212527840613404 -6.3487604515696026
vn 0.0232025943495090 -0.8359806799653885 -0.5482681299693234
v 93.3434287932262521 47.2605876846198640 -7.5509056872306122
vn -0.9768853077066852 -0.0256457314937450 0.2122201499456771
v 92.4437480118921400 46.7701014370458310 -6.3099860835184112
vn 0.6621107367799638 0.0815747325513539 -0.7449529751936484
v 94.2098004169761083 46.7954680411272435 -7.1739209440881124
vn -0.7876608305603587 0.2673898238012577 -0.5550613462748943
v 92.5369586370941306 46.3035004274180153 -6.8603055662594450
vn -0.0589575534865003 0.1116587759996340 0.9919961313579554
v 93.4371926275015028 46.6162460144138180 -5.5295809867647021
vn 0.2686411199850783 -0.9549644872971922 0.1259951453603420
v 94.5845836565321463 47.2816217971509261 -6.1748270543052595
vn -0.6229591944995145 -0.0312180399273860 -0.7816311636389687
v 92.8696420760096544 46.8690935303833882 -7.2774785347880018
vn -0.8580586409010034 0.2157524223631183 0.4660324677740485
v 92.6081238454274143 46.4924529076351831 -6.0052813619294421
vn -0.2244642552230190 -0.2091242686678616 -0.9517787759670350
v 93.3713538712875248 45.6944512068433966 -7.5217866355423482
vn -0.6880667798438406 -0.2069502920660987 -0.6955110948713072
v 92.8159610225991969 45.9253945196656019 -7.2840108737191036
vn 0.5736639499499442 -0.6984072434564212 0.4279450838780968
v 94.7804089725219967 47.2982940242668732 -5.2971764579010090
vn 0.7761680634969657 -0.6270243138446316 -0.0663599808245850
v 95.3080676524370745 47.2944294060694546 -6.7931006484944749
vn -0.2627028072251393 -0.5433367930887539 0.7973533497465598
v 92.9417527898670244 47.2982941923847733 -4.8179143740627470
vn 0.3702211566482559 -0.5538338601606494 -0.7457910903930011
v 94.2161605363523194 47.2982929908869423 -8.1354851695534069
vn -0.5975010294455252 -0.7333732950279257 0.3242778591754620
v 91.7829602693302888 47.3004968729128592 -5.7396896636822463
vn -0.6812115576458042 -0.5988717609969880 -0.4210741355273958
v 91.9532239075087574 47.2987080343376221 -7.4476559666410571
vn -0.1698691317108972 -0.5707883399861099 -0.8033337718705015
v 92.9550215507248510 47.2982932604125708 -8.2028411906978871
vn 0.6247164477660656 0.5354197476078461 -0.5683793220747031
v 94.7385895317355562 48.3523476574102560 -7.6453209503244741
vn -0.5221872900067862 0.4965513923155880 0.6933665328993169
v 92.6093238889552737 48.3509598321961747 -5.0520120030455633
vn 0.0611457150059454 0.9644753695369969 0.2569989554315056
v 94.4859117220580487 48.7957589382396577 -6.7453402444341108
vn 0.6696168811901244 0.4687988817954613 0.5760562827124934
v 94.7672353043051459 48.3118911124774897 -5.3800089415484926
vn 0.2452269537431215 -0.6688664554651893 0.7017701945161984
v 94.0979674191451210 47.3385547843758516 -4.7640716753851926
vn 0.0629845370359496 0.5683030988863684 0.8204051047443071
v 93.4449949635219781 48.3621752000086218 -4.8198735731877118
vn -0.9129328049129338 0.4029714600279377 0.0645576960304127
v 91.6983908707549915 48.1059030781994110 -6.1058060348461938
vn -0.2238767712530876 0.9462783883457279 0.2333161011227138
v 92.2876705278212626 48.7295454309006359 -6.8073450423037078
vn -0.5766591767941370 0.5930784652508849 -0.5618915623808236
v 92.3552401519912110 48.4532345047775408 -7.6830423217807775
vn 0.2704430566117676 0.9581431799272737 -0.0939265664726246
v 93.2243282647960854 48.7686267650470455 -7.4960522707484234
vn -0.4160293068723365 0.1754507628118073 -0.8922648965705634
v 92.8579487501883705 48.0179674696361900 -8.1789609989150307
vn -0.2908371179447883 0.9524219248452467 0.0911386191449300
v 93.7379447026017658 48.8525405255741632 -7.2056573556065047
vn 0.8398237124747250 0.5428565201450035 -0.0017118706808003
v 95.2420624820209696 48.2216765355378385 -6.5246666299635585
vn 0.0861294177973496 0.9682146066193914 -0.2348237614014959
v 94.5254999883315463 48.7818667272382385 -6.2419830293683685
vn 0.2506328412182368 0.9617833377358717 0.1102542069787838
v 93.2236442246172174 48.7751471548489732 -5.5006532729602373
vn -0.1903342689343499 0.9624182563370660 -0.1937110372135465
v 92.2776622569901264 48.7396217567920829 -6.2065913956560115
vn 0.0646684615243408 0.5290462023712187 -0.8461253487756211
v 93.6292771722992541 48.3005429495656600 -8.1995288206720556
vn 0.4605682096448227 0.7615712922417568 -0.4559452720423618
v 93.2243042000000059 48.7982940699999972 -6.2500000000000000
vn -0.4311770730936156 0.9021615950333868 -0.0138126060263152
v 93.7234856830558698 48.2980876989122265 -6.4984691628413271
vn -0.7071438346551504 0.7034880609638585 0.0710784439230342
v 94.4675410799296031 48.2979504704504095 -6.5031831940888214
vn -0.3111563248519967 0.7225933965273628 -0.6172848003957719
v 93.4778812149856009 48.2979532311955424 -5.4985007932211154
vn 0.5844287613205896 0.8114396107776704 -0.0029632755970612
v 93.2245421079153687 48.2981597136154974 -6.4976848320854392
vn -0.2471760565594663 0.7367461229975648 0.6293720261592255
v 93.4806627605901497 48.2974977843537800 -7.5005995369945184
vn 0.5162278048268580 0.8564456006910784 -0.0031283510898108
v 92.4687251780412396 48.2981007181186968 -6.5013979537227584
vn 0.4486349547276983 0.7704887584860741 0.4528506933229365
v 93.2243042000000059 48.7982940699999972 -6.7500000000000000
vn -0.2878100141876762 0.9520135962529690 -0.1040937475681354
v 93.7475953629335237 48.8710449232666448 -5.9042769969925475
vn 0.3820945714795173 -0.7147375332004986 0.5857934764747301
v 94.3265220198662036 42.3982925440868428 7.8697020795005015
vn 0.7173082921900890 -0.5682386593605564 0.4032042162024790
v 94.9212444480909596 42.3977672149879368 7.2498459506707569
vn 0.1162661646305911 -0.7148987455510312 0.6894939902360676
v 93.6746434935155889 42.3982925289043564 8.0987587012214135
vn 0.6937935188461831 -0.7183409771226699 -0.0513497204810191
v 95.0885270450465896 42.3982925441369574 6.3658040737528658
vn -0.2187563721375343 -0.7184291779546157 0.6603068725317643
v 92.8743248775503076 42.3980988044283436 8.0142629789055739
vn 0.5051800852612494 -0.7256984304106924 -0.4670705188244004
v 94.7143425233965246 42.3975388278015330 5.4215631791978263
vn -0.6221395584109858 -0.5675016881538449 0.5393368185120682
v 92.2251389260776762 42.3982925440009026 7.5123722982142187
vn -0.6795345879595133 -0.7333455159086233 -0.0209068903333253
v 91.8136415046607937 42.4003738952908975 6.5175834003981210
vn 0.0902901720668514 -0.7285447041719206 -0.6790215746581156
v 93.6413596253542693 42.3979454627850174 4.8754592666260184
vn -0.4018780542703828 -0.7331038659121165 -0.5486827419197368
v 92.4203686955922734 42.3971918061626738 5.2378400622431425
vn -0.0099607713523551 0.7146887361574814 0.6993717133568443
v 93.5418769407504413 46.3982925281851095 8.1183820841850327
vn 0.2724277963094526 0.7111767877635737 0.6480823036808367
v 94.1593849379380003 46.3982925370072579 7.9502484282297177
vn 0.5008748821972668 0.7127339837819664 0.4910546005752941
v 94.5894971477411275 46.3982925368112475 7.6617398264845464
vn 0.6720189589707990 0.7212990307702255 0.1676849038933944
v 95.0196162920058214 46.3986041251465764 7.0075243167103904
vn 0.7555914317328500 0.5766036178837554 -0.3108212607516837
v 94.9810709947708887 46.3988716564304298 5.8402876527591951
vn 0.3299221176630346 0.7201772545246895 -0.6103246008002785
v 94.2605270597121176 46.3982925367442789 5.0838159378367074
vn -0.1319152957987053 0.7239035669782691 -0.6771720464183965
v 93.2706767697708159 46.3984167327663286 4.8748747989778645
vn -0.5568676424541102 0.7253479438458724 -0.4046835666865735
v 92.2512850741316157 46.3982163072422722 5.4193802203055883
vn -0.5304659497985906 0.8474787163381671 -0.0196392835432364
v 91.8417327313152327 46.3984731752976458 6.4631923615879483
vn -0.6086539809333883 0.7173974849970910 0.3389412633684296
v 92.1314924114904699 46.3982925367551431 7.3996437575013454
vn -0.4185784562831138 0.5664592662048411 0.7098703935693603
v 92.7478388027635958 46.3983753571240740 7.9565285548661659
vn -0.6263111067095051 0.6107094447471433 -0.4845290205023337
v 94.0925766195627773 46.3982925411013483 7.0187814512671700
vn -0.2589208265618901 0.8361261824321446 -0.4835835115302792
v 93.8581374934175585 46.3982925379215061 7.2048180018269639
vn -0.1002623110151221 0.7166184687961508 -0.6902212972447077
v 93.5413850394252222 46.3982925391873735 7.3071122667864090
vn -0.5474822591730544 0.8285400535194556 0.1174076471306116
v 94.3165624507130502 46.3982877261148730 6.3532289408302898
vn 0.2391808268366058 0.8136284384987681 -0.5299068749693798
v 93.0764199296562822 46.3983044093866113 7.2197713314883929
vn 0.6146822089648371 0.7226540369004995 -0.3161280198487949
v 92.7210742583147578 46.3982925391827976 6.8027437298064326
vn 0.7287914031856586 0.6297342052914274 0.2688827278362315
v 92.6929132099603947 46.3982190739805276 6.2031117558868214
vn -0.1746070044442621 0.6390631549760829 0.7490732126775170
v 93.6249556684495161 46.3982958608713432 5.6770850921790474
vn 0.2664675031197593 0.8428159447034360 0.4676070499198830
v 93.0725237764626883 46.3982925392924841 5.8040792238642602
vn 0.7966329907437573 0.5723968058758713 -0.1942621287893162
v 92.7162308424489083 41.3982925408381988 6.7904020146731083
vn 0.5099606416317908 0.5734458810851530 -0.6411707771358304
v 93.0281340555218037 41.3983209511333996 7.1899852316550010
vn 0.0280691745651939 0.7177998120682815 -0.6956835136999934
v 93.5282470396884236 41.3982925414555254 7.3080971564809287
vn -0.4545097143942101 0.2463346742183724 -0.8560024227763738
v 93.8584554340243642 41.3982924375053400 7.2053820823989136
vn -0.5335367772660943 0.7142918041058546 -0.4529080766465901
v 94.0776827304077585 41.3982925394059080 7.0325125962124400
vn -0.4862137354624298 0.8669247475648435 -0.1097163866854109
v 94.2746880471120932 41.3982723289463621 6.6757802484582056
vn -0.5427376230444918 0.7292219541094996 0.4167387841043093
v 94.1706730177198637 41.3983490321571139 6.0681809320117397
vn -0.1624962134257896 0.4797089031523201 0.8622495861748374
v 93.6030606452808769 41.3979693309099801 5.6930087313821662
vn 0.4438595139078877 0.4655260841802737 0.7656854425031433
v 93.0599491454211289 41.3982925367283130 5.8096125759043487
vn 0.4953869629232999 0.8495881470246830 0.1810848900399880
v 92.7063215045898232 41.3982196654563808 6.2144915557772151
vn -0.7520769273721839 -0.5805720889420496 -0.3119556777106000
v 92.5554345559998097 39.3984815765549143 6.0255372651390742
vn -0.3040910134456286 -0.5790523743399295 -0.7564568747211574
v 93.2185491808395312 39.3982722899293378 5.5054974596924948
vn 0.3742945819509091 -0.4777651174255577 -0.7947603780344974
v 93.9093553793079820 39.3982925421552395 5.5773237430262910
vn 0.9288940389148554 -0.3648448609643635 -0.0635931749194935
v 94.5514351141657556 39.3969319440565044 6.4272418317170175
vn 0.2771996224874617 -0.8117055203794534 0.5140958251905274
v 93.9344303470768551 39.3982677523492058 7.4252732803687191
vn -0.4239645407122783 -0.3489827074764127 0.8357422677482930
v 92.9528813024848262 39.3992889528366277 7.4011269815158958
vn -0.7765790470883330 -0.5776243976037412 0.2515453019165569
v 92.4764492781582987 39.3982925418196857 6.6843534895907126
vn 0.3732422513896298 -0.6270435134566592 -0.6837445824352314
v 93.8244212019605612 43.3602362557880525 5.5654638037197230
vn -0.6823973970396994 -0.6183037976197232 0.3899156400588097
v 92.5103015518241136 43.4495313818135287 6.9502652210493814
vn 0.9971498953204433 -0.0359306026325096 0.0663406214690034
v 94.5243821857834376 43.5982182758401535 6.5602751530113421
vn -0.5631636778538939 -0.6132629095057146 -0.5538549230355014
v 92.9322624851247667 43.3850537818632773 5.6757436011596187
vn 0.7922078178851841 0.2221199145357392 -0.5683920450254656
v 94.2991450658552566 43.7822571266838594 5.7871251053518815
vn -0.9737406473875435 0.0742496553310242 0.2152118498329301
v 92.5059808652852382 43.8012008493134530 6.6449995515464613
vn 0.9776576659770623 -0.1481209918718610 0.1491497902217064
v 94.4886146488411498 44.1057412425476230 6.7979238043868362
vn -0.8551868377340788 -0.0222447574964382 -0.5178422958105209
v 92.5987949074936552 43.9778060532252368 5.9805535776234864
vn -0.6519444004354175 -0.0919627810569443 0.7526694796796111
v 92.9769990473969017 44.0601852982156075 7.3577117795161637
vn -0.8770164277892489 0.0981460924580257 -0.4703291718817851
v 92.5956669031545943 44.4707156544497693 5.9908188078989832
vn -0.8288276793359877 -0.0405267216159560 0.5580342846112449
v 92.7501862576000775 44.5529891795111865 7.2116676847755148
vn -0.9570610621886070 -0.1813142081692747 -0.2261841753049146
v 92.5362829968127727 44.7062047100119671 6.1478069089284366
vn 0.2340293116605468 0.0161477819946241 -0.9720954327741412
v 93.8003668844703782 44.6832258584851019 5.5540549796559304
vn -0.7752357563510898 0.0093494836765258 -0.6316028097069677
v 92.6308205999450394 44.8713211141067276 5.8130582697935047
vn -0.9606363153820351 -0.0280538751302847 0.2763889463408432
v 92.4967164586283559 44.9031840235588717 6.8908393037279003
vn 0.6964095717115880 0.3751889668206550 -0.6117572619957462
v 94.3425884313098635 45.3019978930262113 5.7991398700532120
vn 0.3280776716433334 0.3075850740553641 0.8931721354741455
v 93.6594948933490059 45.3971816685885869 7.5192778284568131
vn 0.9671327925353932 -0.0192886254616882 -0.2535391696178146
v 94.5644079529598400 45.5340046116443915 6.3372294870467263
vn 0.3574373336915745 0.0430750614661555 -0.9329432413406215
v 93.7880130975063224 45.5647088582095279 5.4927177177827131
vn -0.5686318701236501 -0.0749605918982551 -0.8191695221026863
v 92.9981350196941605 45.6901584371349685 5.6836545562454450
vn -0.9714716138659800 0.0818894986762164 0.2225691206326390
v 92.4506958299330108 45.5153689294839836 6.7523658104870581
vn 0.7083564498310919 -0.0446676744311947 0.7044401598742084
v 94.1848448872524244 45.6484327669442180 7.1760057939033590
vn -0.4561677542480977 -0.3593062073432690 -0.8141314570441576
v 92.8447740951813643 45.8381580008831762 5.5956799096341925
vn -0.9169655385385234 -0.2096190056101005 0.3394614464409597
v 92.5499159983928052 45.7745812941694510 6.9442349889590922
vn -0.0039438636981672 0.0547037446385247 0.9984948403780830
v 93.1955090187317836 45.9939287701305588 7.4926194113822833
vn -0.6044564264871530 0.0881415950719575 0.7917471109492928
v 92.9039546116027282 46.1652998683842029 7.3030418655306386
vn -0.8584815028117502 0.2538468482869173 -0.4456133828161779
v 92.5605895198041679 46.5393456487377009 6.0974424540780499
vn 0.4224864379558309 0.0178598414770613 0.9061932662549465
v 93.7142796952912391 46.7722818675264946 7.4374586661932103
vn -0.2800776365363646 0.0305201798358460 -0.9594920719500457
v 93.3639909121703937 46.7507516997443702 5.5063258849974410
vn -0.9908364655057944 0.0469311993953469 0.1266513369345096
v 92.5346082312542819 46.8992232277541490 6.6430374799264014
vn -0.6558353961830458 -0.7546824441813305 -0.0182850091036446
v 92.4135177912869779 47.2985467535927313 6.2066311090254978
vn -0.0114559998842765 -0.9692236702448341 0.2459151014146635
v 93.6443264274431328 47.2891657983447189 7.5314753933173302
vn 0.2362683605418320 -0.9270581331042147 0.2911021807754160
v 94.1901827625047190 43.3011161700837732 7.2272872407453068
vn -0.1978404311885124 -0.1290931799889487 -0.9716965136643665
v 93.2253068910223277 44.2775346964439720 5.5286204714199991
vn 0.8130453425950460 -0.0824696129552599 -0.5763297960573562
v 94.2352639318790608 44.3622776428157763 5.9721418106553879
vn 0.8666584102457544 0.1915485724065904 0.4606651108552708
v 94.4042526951583199 44.4193684967763929 6.8705899367506298
vn 0.0815242040284485 0.0066061398422468 0.9966494685063112
v 93.5330308111811348 44.4819769366734832 7.4347272136007927
vn 0.6235567184417865 0.1610781427423734 -0.7650038240536959
v 94.1009942548963494 44.0013620109745105 5.7873098771957938
vn 0.2931499218575102 -0.1514208014920644 0.9439993984057599
v 93.6654848838513914 43.9758591746254766 7.4618493555429826
vn 0.1897388003428983 0.1365409158187263 0.9722940738026851
v 93.5411635858249610 43.6442472005282127 7.5383724362920530
vn -0.9474849672420307 -0.1405578832499808 0.2872554930835146
v 92.5345358877749931 44.2379388862331453 6.7983022091732970
vn -0.0762750046039000 0.0352575340959121 -0.9964632607187035
v 93.3807219383715363 43.7432741482931320 5.5143707272858187
vn 0.9391022033343492 0.0748006299883697 0.3353981476483042
v 94.3732746292384945 43.8328562372806942 6.7365603875234124
vn -0.7149825942962561 0.2137906906565452 -0.6656526349696158
v 92.7482999991085677 45.2299843643222843 5.8807756920244101
vn 0.9742568190587572 -0.0300882028315191 -0.2234241494733309
v 94.3543173204316616 45.0331669497935252 6.2359485870269475
vn 0.1231097686274638 -0.1079850023290799 -0.9865004937355484
v 93.7179517590799520 45.0797672159381122 5.5689232319057274
vn 0.9938238165313819 0.0489029851245978 -0.0996128492760936
v 94.5001191347354137 44.6977290052767060 6.3511926068233189
vn 0.7103554732237578 0.0638912687083931 0.7009372350245656
v 94.2347747361303334 44.8787079939430882 7.1735573054650059
vn -0.2779758344276795 -0.0837997228851670 0.9569258288491354
v 93.1366349362415633 44.8390312429454667 7.4357459080167292
vn 0.9549688974876933 0.0775330383976704 0.2863966354340861
v 94.4017110617083404 45.3134992418648750 6.8004046592750473
vn 0.5123577496712128 -0.0794316609060726 0.8550907247757712
v 93.9731731275703481 45.1391053274061989 7.3308518783077226
vn -0.5454829592349818 0.0747122350930315 0.8347852556865453
v 92.9468446883594339 45.1805789439033632 7.3257541684855862
vn -0.9935839097771018 0.1127294309502751 -0.0091153513193590
v 92.5502930178146954 45.1543011453851761 6.4617586241473894
vn 0.5756889477062770 -0.1050814582117854 -0.8108884773067898
v 94.1079278647546857 46.2140140701470088 5.7237638424040895
vn -0.0241153418933342 -0.2906837490323967 0.9565152420812949
v 93.4624520462347164 45.7724084571903731 7.4800733680587834
vn -0.2347359212686535 0.0514689730049477 -0.9706956227798560
v 93.2884384228711241 45.4204652505374966 5.5523232543826726
vn 0.4312648707957861 0.1750833633576348 -0.8850742494801623
v 93.8533943084661217 45.9722890814378431 5.5616429813489523
vn -0.3519192012863219 0.2230202464315502 0.9090736193772251
v 93.1679170864921105 47.0459058866629718 7.5210557201402022
vn -0.5810044195747945 -0.2145820159041749 -0.7851040841092706
v 92.7232112981980237 46.9197094204379752 5.8223095888306187
vn 0.9253155854357301 0.0611570637382787 0.3742337249696291
v 94.4765428119538484 46.5814056900773892 6.6656721539246266
vn 0.9889700156278921 0.1275122076500401 0.0753587757940632
v 94.4701117281639853 46.8845327938325838 6.7191344390554271
vn -0.0980517353560669 -0.0251808620939412 -0.9948626947362484
v 93.1970259995996742 46.5285273151053786 5.5084786220133077
vn 0.5112372476263531 -0.1386300705326972 0.8481852275202217
v 94.0310083294865819 46.3070852726994389 7.3186646224843859
vn 0.7165502916548208 -0.1318259794716014 -0.6849653937723746
v 94.1831729526329013 46.6682081048637656 5.7889038818097047
vn 0.0788602912606670 0.0297890054115290 0.9964404997885596
v 93.6337004208237857 46.5405531680397360 7.4810144918621981
vn -0.5403335963795122 -0.0430414679589973 0.8403493539353245
v 92.8767431499382354 46.7848423044445170 7.3064174810972577
vn 0.7525191176825017 -0.6132023534647205 0.2402037702195310
v 94.4696110801973248 47.1958109934711842 6.6994962924681642
vn 0.4804368766703144 0.1921666711673397 -0.8557174639025059
v 93.8494085747155822 46.9811546670900171 5.5378464664855631
vn -0.8967963763174074 -0.1720822944605479 0.4076075850093572
v 92.5384624292257740 46.4220429439773596 6.8747530699851724
vn 0.9823498978515781 -0.1840753890648401 -0.0332404773073717
v 94.4788765963458701 46.2758538066463956 6.4749571060223952
vn 0.3953381012940171 0.0208622764676524 -0.9182987264969001
v 93.8181330549216170 45.7186540235485168 5.6490045049448163
vn -0.8106762159956934 0.0162429537000723 -0.5852693732581618
v 92.6696703584504888 46.1722939591577699 5.8714803748534035
vn 0.9224757348364532 0.1952624996845267 -0.3330331437783571
v 94.4187738912795140 45.7025369349307695 6.2204946968175312
vn 0.6984005961030617 -0.1452843115107578 -0.7008060189465650
v 94.0567379543835500 45.4201301714689620 5.8769646591927138
vn 0.9257432773464669 0.1468142974578588 0.3484895213772975
v 94.4031795799784703 45.9290211003335429 6.9288586434344559
vn 0.5546800299471845 -0.7170626065676050 0.4220797112397874
v 94.7804094968575583 47.2982940244506338 7.7028228899055025
vn 0.1782280654954195 -0.5467296209736370 0.8181206990534976
v 93.8672178942842947 47.2982942055968465 8.2330176902609775
vn 0.7370718247025716 -0.6302242801197556 -0.2440132823785570
v 95.2996251086905062 47.2963877693721955 6.1473127621160453
vn -0.4102310620357985 -0.7407008301991472 0.5320458212252727
v 92.4347586919073052 47.3011732815912964 8.0349701865517353
vn 0.0173767758431246 -0.8237712038836198 -0.5666560255688008
v 93.5944524892896226 47.2824729009969857 5.4918446250684614
vn 0.2796258672651352 -0.7501331934809256 -0.5992575125889781
v 94.2161591257827240 47.2982929996330199 4.8645140834736802
vn -0.7616125842975477 -0.6476595016422293 -0.0219873002469543
v 91.6802170278253072 47.2963139607791518 6.4197063048566854
vn -0.3619642658564312 -0.5589319529224120 -0.7460408448907829
v 92.6606096301406552 47.2976777112736926 4.8480090976677461
vn 0.5366600390682065 0.4762980058793772 0.6965172015554533
v 94.6119225557643659 48.2788541999706311 7.8168575099491786
vn -0.2092217307837963 0.5253796481969095 0.8247438951749351
v 93.0812747869750581 48.3035668256140625 8.2112233042661593
vn -0.8386218497717343 0.4462806216496201 0.3123251508051561
v 91.8415344948859911 48.2336546456611615 7.1820093236731752
vn -0.1186013231470006 0.9664549352206737 -0.2278126079377171
v 92.4529044468586960 48.8135951995576818 6.8092757954574497
vn -0.3162521297512223 0.9373469837417859 0.1461684729960333
v 92.2843154401753907 48.7230987789952366 6.2483412900031539
vn -0.5598577657206425 0.5722936299457434 -0.5991988678943032
v 92.3416775248528836 48.3527648578443419 5.2544197808534543
vn -0.0410841995749794 0.5759514656302727 -0.8164508544815323
v 93.2388255297077109 48.3603556812191187 4.8293453654669696
vn -0.3362604265144641 0.7077280114851948 0.6213292100968073
v 93.7402720362811550 48.8580677552191176 6.0452095300534499
vn 0.1650216693961921 0.9745173994145194 -0.1519331657935677
v 93.2242961396403444 48.7868592105049359 5.5042829508005662
vn 0.1868722249244309 0.9438837762835226 -0.2723273552556736
v 94.4747338416971303 48.7595802196044019 5.8356710910505640
vn 0.7987997784048352 0.5003728630358972 -0.3339848977987561
v 95.0135667120570844 48.3003266052023648 5.7893215058357361
vn 0.9317516919342813 0.3035894196701106 0.1991789367427431
v 95.2794562104890446 47.9972861751351161 6.7466069753200095
vn 0.2421369153839211 0.9479132983427616 -0.2069543259593922
v 94.5689884864708290 48.7867646320367498 6.7367070699607750
vn 0.0432799680969744 0.9954087851208335 0.0853709251782531
v 93.4996701591803969 48.8056760684621125 7.5680690807232791
vn -0.9095451451204428 0.2508347801939363 -0.3313752284539268
v 91.7836823875896641 47.9903096031197407 5.9009827849456693
vn 0.4537469503236204 0.2276572755178403 -0.8615601371789482
v 94.3215868750880588 47.9248668253653989 4.8755184949371477
vn 0.6308348199818360 0.7736658106267265 -0.0590647387683613
v 93.2244495705822231 48.2982298899782805 6.4919737531869774
vn 0.4034717055401585 0.7313671414103657 -0.5498296893527539
v 93.2243042000000059 48.7982940699999972 6.7500000000000000
vn -0.5655113732986069 0.7810147855676693 -0.2649769638942432
v 93.7249010053598965 48.2982113539582514 6.5782456190484773
vn -0.3092630920386159 0.9140620078720016 0.2623870912749320
v 94.4657574412312044 48.2892711735543330 6.4179313867361971
vn 0.0089679098318263 0.9048897810936949 -0.4255514782790129
v 93.4728699231738460 48.2981277551100447 7.4872324665858265
vn -0.3876076945305252 0.7088146600912492 0.5893573218179767
v 93.4709431712257270 48.2983214865782031 5.4992603021004047
vn 0.5569988741457599 0.8052108381486920 -0.2034398199179221
v 92.5041661280848331 48.3038999286392894 6.5077642172293029
vn 0.4649113169936150 0.7533463908438515 0.4651093234217149
v 93.2243042000000059 48.7982940699999972 6.2500000000000000
vn -0.4565928348679237 0.6747440489999630 -0.5798650286803031
v 93.7243042000000059 48.7982940699999972 6.7500000000000000
vn 0.0175880477975240 0.1879916345841091 0.9820131393729244
v 93.3048444928335243 52.4979344778430814 -2.5102085387317894
vn -0.1334795890008330 0.7980216419466716 0.5876603256175349
v 94.2320380128529678 52.6071113313368954 -2.4250809561622062
vn -0.3990177973963872 -0.5303623176093714 0.7479977335667215
v 94.5860935011400272 50.1032745351213649 -2.3300529343030587
vn -0.2463155419068698 0.9229470397131342 0.2957996208582549
v 95.2341950042942216 52.6156593068761751 -1.8457447126850111
vn -0.7735756831958275 0.4907527953864249 0.4009268713724716
v 95.8304828142717184 52.5521162429275108 -0.9986333550662266
vn -0.4578283814630034 -0.8392692064829386 0.2932922981881134
v 95.6070710134674471 50.1011304483420119 -1.3577393909127544
vn -0.5929104083687800 -0.8038945489212523 0.0470191648443777
v 96.0018936537160101 50.1023626044831758 -0.2045715181915360
vn -0.6966742259821681 -0.6074895680074873 -0.3815775774521130
v 95.7049196622790248 50.1032802151165129 1.2142725536677967
vn -0.4088707788149547 0.6685661757000297 -0.6211633882812874
v 94.8482366719183574 52.6169861676578918 2.1406505439070087
vn -0.2976001538712783 -0.8373009600327099 -0.4586515570060716
v 94.8604158520464154 50.1035428830601361 2.1121853108195929
vn 0.0450750428438748 0.7573051697780275 -0.6515037377790674
v 93.4242698171094759 52.5597475464469852 2.5402565740383078
vn -0.0811404921749478 -0.8070469638676058 -0.5848858167554474
v 93.6419987496351496 50.1017466024101452 2.5374655943301385
vn 0.5899616495312814 0.7499426472712711 -0.2992177766879628
v 91.2676160706335935 52.5560817145300803 1.2461182533464874
vn 0.6912288925803965 -0.7118322448883573 -0.1244888476903871
v 90.9683055491233432 50.1035761875561576 0.3518136245892535
vn 0.6645653424230803 -0.7126665183175127 0.2246315634974042
v 91.0997486223860022 50.1032874263202146 -0.8831431970548616
vn 0.6229461545137535 0.6572590314482515 0.4242035527388154
v 91.2258485454874375 52.5099348242886279 -1.1605427135535422
vn 0.4215576761444195 0.5025361300592680 0.7548155825556141
v 92.2435639988085683 52.4981754655580346 -2.2181350626293823
vn 0.2622001723299443 -0.7110308090298636 -0.6524463642633661
v 92.4321108508478204 50.1011976854968566 2.2942544641870359
vn 0.4558162583449996 -0.8049312711165052 -0.3798910204349822
v 91.4710852770805900 50.1021142209692556 1.5648838418381226
vn 0.4470518391965896 -0.7159564195124566 0.5362378748557862
v 91.9801636432616903 50.1037413162353857 -2.0648856904609914
vn 0.1152781895030948 -0.7111169216322413 0.6935586945552435
v 93.1894692478241637 50.1027743747786687 -2.5024012826575777
vn -0.6881159870488841 -0.5576159686248565 0.4642852785759020
v 89.7423224973900062 50.0982933205319370 2.7279203758031736
vn -0.3445734431787760 -0.7214042263015921 0.6007038243012308
v 90.9934874441525494 50.0982933207927843 3.9090655695041727
vn -0.5182980892054615 -0.8490428002014554 0.1024373669714282
v 88.9127165305228573 50.0981714365089346 0.8870335757255632
vn -0.0755328369149262 -0.7211388487614847 0.6886606939230259
v 92.7067121060847938 50.0982933207950651 4.5657454612151929
vn -0.6870356470069148 -0.7177748105697989 -0.1130545932427314
v 88.9711160117510644 50.0982933194673308 -0.9925246075103411
vn 0.1703879576192343 -0.7430528500355770 0.6471788052403695
v 94.6548552786810404 50.0982933407045863 4.4851324858218877
vn 0.4106710439614762 -0.7180243758106125 0.5619522127310931
v 96.3897318727673280 50.0982933376610617 3.5965937222961126
vn -0.6105780534515779 -0.6346991912748995 -0.4736574471474829
v 89.8370018071816503 50.0998866005208470 -2.9771706700256058
vn 0.6005017778271096 -0.7180111618872456 0.3519340651767152
v 97.3664407514478540 50.0982933194594082 2.4728604454904928
vn -0.1927164884809437 -0.7509281888604752 -0.6316385123172121
v 92.0716589939505354 50.0982933209805736 -4.4207139847735908
vn 0.6900040306361553 -0.7154513571901572 0.1096530583277174
v 98.0040684647445488 50.0982933209628740 0.9956642744687402
vn 0.8074580932356891 -0.5679436238839233 -0.1595351615092484
v 98.0453740433621732 50.0982932855894845 -0.6075298534687937
vn 0.1218647423051769 -0.7382388554602357 -0.6634398065172560
v 94.3717205436681894 50.0971347242854534 -4.5741804284349534
vn 0.4245627285339530 -0.7202819969456103 -0.5485802898535896
v 96.1703094524708462 50.0982932457300976 -3.7498393405321822
vn 0.4572207758154238 -0.8476657913364121 -0.2690945342454140
v 97.4797101128745567 50.0982467717223727 -2.3439302594387121
vn -0.1809139506656463 0.7361438958595001 0.6521980581413485
v 92.5227155184617658 50.6982917188559483 4.5236829506819527
vn -0.4394589690667701 0.7577878882126126 0.4823207760246706
v 90.4598364200819418 50.6991116511379332 3.5449942915710526
vn -0.6554849157415626 0.7411557362544771 0.1450093095368736
v 88.8894530775033473 50.6978854353776001 0.9512787001342301
vn -0.8026614754607518 0.5475286300939201 -0.2365310868335153
v 88.9864230950413173 50.6982917220588547 -1.0595923722017409
vn -0.3423927480799727 0.9074109890576438 -0.2436647348297925
v 89.6561273243487022 50.6982917151626964 -2.6486786085573888
vn -0.3319646157885625 0.7401280142704205 -0.5848162244299282
v 91.3142710480787940 50.7036510950370172 -4.1129146471557982
vn -0.0305690837973817 0.7460076286383011 -0.6652354088059712
v 93.2802311684763907 50.6982917188189504 -4.6186104677788835
vn 0.2813030714197555 0.7564586893340209 -0.5904564618503779
v 95.4027661284786319 50.6985722164733303 -4.2295815985764014
vn 0.6596371018957328 0.6338008369051452 -0.4039497406125374
v 97.4935981181960472 50.6979711311067902 -2.3858206915122335
vn 0.6978651060065699 0.7142823886167619 -0.0527727498845019
v 98.0539409212565261 50.6982916675050816 -0.5391720543908227
vn 0.6514310847870626 0.7301763619071182 0.2061068225101632
v 97.9874663739023362 50.6982917174239844 1.0683994983063967
vn 0.4984467714134542 0.7435041014334723 0.4458166295901361
v 96.9712859227846877 50.6990867295013317 3.0682769661584164
vn 0.1798456788974571 0.7309463562681252 0.6583106835228059
v 94.6556030621637774 50.6948842560719228 4.5351731901834160
vn -0.6163999683971972 0.7095345814193502 0.3414846361551305
v 89.9033165829089000 50.6977999607893821 1.8750439840369792
vn -0.4669709210185186 0.5222824227816545 0.7135539431440635
v 91.3520195620909874 50.6991752946894607 3.4754156196615318
vn -0.0474176202267653 0.7067747839904462 0.7058476988751105
v 93.1851169979556886 50.6982916039832929 4.0039944346782663
vn -0.8261785696793240 0.5541351487378308 0.1017998425142614
v 89.4704844883284238 50.6982916262318284 0.4213115477896403
vn -0.6861782150479365 0.7084926816976023 -0.1649168795926231
v 89.5786600173276071 50.6982916736664393 -0.9690825932167113
vn 0.2164878764913758 0.5564451340945583 0.8021856468890127
v 94.4747966781041555 50.6982915554755706 3.8932931248957923
vn 0.4206266803405678 0.7096413530466218 0.5652276937941327
v 95.9144522742671484 50.6982913640631168 3.2110189741205941
vn -0.7021193402594994 0.5598131536386771 -0.4400427991078641
v 90.0842868396157996 50.6982917943988696 -2.1600686762269654
vn -0.4180710689400979 0.7157886931994076 -0.5593416916368458
v 91.2205763826264899 50.6975406261053649 -3.3749124632050300
vn 0.7084675613909610 0.6051824742106637 0.3630811030128176
v 97.1186188552451313 50.6977618313862735 1.7766036627846014
vn -0.0936283249624902 0.6030571514774017 -0.7921842013172696
v 92.9736079897303256 50.6982915894576180 -3.9967579586205999
vn 0.7069772429779723 0.7062267028082629 0.0377759467364411
v 97.4829242810564836 50.6982916198333342 0.1003909512469475
vn 0.3198642885378986 0.6034008677875703 -0.7304753450126507
v 94.8714514456898144 50.6983556155966824 -3.8046532336387755
vn 0.6756432517277453 0.7103355995714454 -0.1973056825746126
v 97.3451775113126700 50.6982912923341047 -1.0835258367490423
vn 0.6330068114023373 0.6064289134014914 -0.4811926326419931
v 96.6106300339508550 50.6978653233455532 -2.5536743410342444
vn 0.1550260147871925 0.2528328546731682 -0.9550091530121676
v 94.2310671802840147 52.4985399115655724 -3.9375611597036304
vn 0.5205261931610310 0.7884701063407193 -0.3276696104925508
v 96.7741077660804194 52.5894943844658371 -2.2463593516912064
vn 0.9513648448998824 0.2874981536076859 -0.1106785596255860
v 97.4743804966364138 52.4964386791324813 -0.3948842084942032
vn 0.6683625577454442 0.6385461165527355 0.3815106137965079
v 97.0059545771912326 52.5046323878040013 1.9203279407357834
vn 0.6190676861109817 0.5130466504852618 0.5945908967004528
v 96.2832435800472695 52.4983498673883489 2.8616194649294111
vn -0.1990411040964870 0.2974709027516721 0.9337524837429654
v 92.8021184780256050 52.4984728219620251 3.9631092637688021
vn -0.3948487484443878 0.7932449154969569 0.4635266657810814
v 90.8622275378637454 52.6047289528999968 3.0061182573756664
vn -0.5601330141041686 0.6928187420810829 0.4541510730272090
v 90.2283958427069308 52.5721122919545394 2.3304375298184632
vn -0.9125012591777405 0.3043546984108023 0.2733306963264601
v 89.6573341636952108 52.5064494328268552 1.2750009353400147
vn -0.9538079076919698 0.2999482759332558 0.0167781700114804
v 89.4647693021404677 52.4984803158600286 0.0470222017904939
vn -0.8186764129944112 0.5537782223847328 -0.1519822727130034
v 89.5803969955405108 52.5471624717602595 -0.9430257567009557
vn -0.3739672168231741 0.5406917175016153 -0.7535257045162311
v 91.4593332821972922 52.5087125346344621 -3.5234216537040219
vn 0.7338093086920434 0.6630885505673679 0.1477750742966232
v 97.4021815224143950 52.5843285020881197 0.7442025356320492
vn -0.0982595158707201 0.9950751784708912 0.0130559079337878
v 89.6410193645836415 52.6156010843069453 0.7616402417419289
vn 0.5015860686487847 0.6163212109810843 -0.6070910810020738
v 96.1169638356111307 52.5816875472686078 -3.0008878468366604
vn 0.1561918034717732 0.9367912404583181 -0.3130915079154987
v 95.2548480160117208 52.5887028461515484 -3.5775165802605029
vn -0.0499412931070715 0.8991043902446108 -0.4348760313993636
v 93.0937363368089450 52.5829792835579468 -3.9819179717382474
vn 0.0200057156235560 0.9991572259028735 0.0358414462384508
v 91.4871300962652185 52.5315458144319862 -3.2789052894831898
vn -0.4600224722233163 0.7738302593877711 -0.4353918404212497
v 90.3007020384526555 52.5723915673718167 -2.4233394803505561
vn -0.5668180494104083 0.7730873886008489 -0.2846984166603320
v 89.8129542469432067 52.5933963098042057 -1.5822127376804667
vn 0.4009712182886247 0.9017152702460002 -0.1616528796814921
v 97.1706882572963906 52.5287653055796042 -1.4760207186147849
vn -0.0896474119003880 0.9880818224957210 0.1251305462031431
v 95.3737550392099536 52.4982411676531271 -3.2283642930779988
vn -0.0071403153441481 0.9867719238012371 0.1619573594943795
v 93.3181347812488298 52.4982212350974393 -3.7512051007198242
vn 0.2085582906492617 0.9760732241652488 0.0615182937760302
v 89.9403094562881620 52.4989036076051434 -1.5132321422174109
vn 0.1811389291396934 0.9794721254037326 -0.0884479728836096
v 90.0769695114395290 52.4963448615061878 1.6662055031391205
vn -0.1326007846457256 0.9400340414209618 0.3142499528736817
v 91.5845825470565416 52.5418123566795714 3.5238395223554524
vn 0.0601199776787227 0.7913686585821086 0.6083758990113463
v 93.8802817529724933 52.5319787132161480 3.9733208890780536
vn 0.2614127701795499 0.8017039622106854 0.5375259254796383
v 95.1881644784195657 52.5357556196387492 3.6214813371542314
vn 0.0279813385518439 0.9987474553685102 0.0414796948852416
v 96.9599221327635803 52.5333446023835648 1.7636547878451732
vn -0.1322336677767972 0.9774533966350564 -0.1646180868340015
v 91.1870417463134117 52.5180994405165009 -1.8376387374710110
vn -0.0606999260943195 0.9637302265440452 -0.2598837613578567
v 93.0818613106520729 52.4984009903563305 -2.9407314866691174
vn -0.0644273105264520 0.9978880636609488 0.0082785301431053
v 90.5105565036524524 52.5174297262468457 0.1322827123005703
vn 0.0810704816831400 0.9859005441352959 -0.1463820141731598
v 94.9221142701992875 52.4983240548213246 -2.5540002793715342
vn 0.1081805462215677 0.9927309969327934 -0.0527459680736381
v 96.1609494124939914 52.5096307216154301 -1.2257887771974434
vn 0.1358839879635474 0.9899937723528398 0.0380509200639911
v 96.3632804507418257 52.4983140602289566 0.4858848590238375
vn 0.1015332244794545 0.9901224518543980 0.0966878206427268
v 95.4233124449815762 52.5007738530231052 2.2688256251699359
vn -0.0789798273654242 0.9892650349485236 0.1229507116596896
v 92.5084910292684697 52.6120622603898269 -2.5601307498431338
vn -0.3007123908231838 0.9357281263527291 -0.1843500245668975
v 95.6913900476739627 52.6113352950505160 1.2338697401363328
vn 0.0159340333775476 0.9961394989126350 0.0863261564440794
v 93.7747631506382220 52.5171544466155851 2.8914343559400075
vn -0.0203076743551266 0.9985207972797325 0.0504362544419533
v 92.3174899620780138 52.5159846950258000 2.7026776367185801
vn -0.0558489528500048 0.9977448726237008 0.0372298753512956
v 91.1839014856730472 52.5144375879939176 1.7726842145314221
vn -0.6179457566909059 0.7791200856796813 -0.1054273867559552
v 95.9738805121430403 52.6086248893622184 0.3029745630811866
vn 0.0379864801117342 0.9910308218620086 0.1281207924118186
v 91.5334281654624249 52.6198769152211909 -1.8618333706368606
vn 0.7053637940816843 0.7085509513674787 0.0204320169080794
v 90.9520289026898325 52.5559428905290886 -0.0143387336063353
vn 0.3609744194073041 0.7522250038849239 -0.5512304527726004
v 92.1255134827924138 52.5662236911529845 2.1368421474251469
vn 0.8941674875065019 0.3181360146962749 0.3150459973392478
v 31.6428928399999982 53.9512329100000017 10.1499996199999991
vn -0.6214785867837621 0.7716966258642279 0.1350876892948568
v 31.6428928399999982 53.9512329100000017 10.0000000000000000
vn -0.8479526663790764 0.4053084025051049 -0.3416158287307169
v 28.3185842152666751 50.6921098399195316 6.8850446235449612
vn -0.7909410471196427 0.5442405773204199 -0.2796684715501899
v 28.2465957136209020 50.6215312499992933 6.9663429018711192
vn -0.0219167324832018 0.6969842523430401 0.7167514274998503
v 30.3368669506858453 52.6708147954507950 11.4559139628786220
vn -0.0828284678119466 0.6683081829353277 0.7392588298705709
v 30.1820459758051562 52.5190312943934785 11.5874241049921132
vn 0.0827283740329337 0.4927344117954838 0.8662383133771131
v 30.0621261599999983 52.4014625499999980 11.6718683199999997
vn 0.0016845823185975 0.4747781846630569 0.8801038788407106
v 29.9269942680679684 52.2689800681416870 11.7538592201360750
vn -0.9061926684526457 0.3153293519354146 -0.2817485535910784
v 28.3841589502688763 50.7563954543555838 6.7722360897521385
vn -0.2706000409721005 0.5876623515315055 0.7625146414452373
v 29.6966867698682435 52.0431878782473660 11.8629570723133817
vn -0.2100941939560141 0.4308553913214314 0.8776241003044692
v 29.4064716197903770 51.7586645580623781 11.9522847761650191
vn -0.6021232366985465 0.6552710170316676 0.4561441680718389
v 29.0733716614285029 51.4320951792181305 11.9999567461411250
vn -0.7520173672284314 0.4921304007102044 -0.4384946386030644
v 28.1479850984049165 50.5248538728423569 7.0461059062866482
vn -0.9375259711568787 0.3113312385394232 -0.1552994311511156
v 28.4295377621372225 50.8008867745929678 6.6400569151325666
vn -0.9504564406564173 0.3091978079811828 -0.0320822373653345
v 28.4433102253206975 50.8143869737301230 6.5158139360179916
vn -0.6178351150150931 0.3577889409130093 -0.7001905772106862
v 28.0321139814043576 50.4112552021695564 7.1052462691671723
vn -0.5270824311315471 0.3724805536256727 -0.7638339793195705
v 27.9411706278788117 50.3220930288676840 7.1333797754059276
vn -0.9482292283246575 0.3095903492925468 0.0708176967695487
v 28.4397320435046232 50.8108819534144303 6.4308847738964259
vn -0.1176787720718647 0.9605078548449502 0.2521435451975924
v 31.7928924600000009 54.0982933000000017 10.0000000000000000
vn -0.5358210615477805 0.4925864235571170 -0.6857509790944656
v 27.8341354251628559 50.2171577830509577 7.1499910371585988
vn -0.4917688013885532 0.8528325808384322 -0.1756133111165681
v 31.7928924600000009 54.0982933000000017 0.1500000100000000
vn -0.8378823364112025 0.4074579172841478 0.3632233967857374
v 28.2827998322056793 50.6570247398835676 6.0707505580445309
vn -0.8844584103758077 0.3180936420518788 0.3413938417746732
v 28.3425343245150216 50.7155860541028431 6.1522649227233437
vn -0.8823574315750629 0.4474535123075556 0.1457076431347740
v 28.4067022606250816 50.7784972553412928 6.2774414709782800
vn -0.8762751886177700 0.4817206762126923 0.0093265171461866
v 26.1499998663602113 48.5660441325052332 3.7984043855457559
vn -0.9802999881933231 0.1510466879779286 0.1272667717790826
v 26.1531331203528481 48.5691298588739713 3.8433325041789073
vn -0.9234449775965321 0.3132608090591218 0.2216236423745552
v 26.1672506872497763 48.5829584351972343 3.9024538440964314
vn -0.8754847520503982 0.3201111518687869 0.3620156065371921
v 26.1989464317444671 48.6140317913521898 3.9743182558928627
vn -0.8246926678779185 0.4105927634431148 0.3889673330198148
v 26.2433501404460721 48.6575636759266885 4.0312162867970640
vn -0.5136744853444425 0.4995594440858239 -0.6975520661074589
v 26.4793146926243459 48.8889037845701253 0.1500065500226895
vn -0.5821600652587882 0.3660418466187832 -0.7260186119802953
v 26.3879965486428638 48.7993683886590759 0.1658369108156614
vn -0.8732633545367677 0.4835255614190494 -0.0601177600845594
v 26.1500306621562721 48.5660746187899690 0.4702644769238614
vn -0.9286260749843197 0.2610724624621696 -0.2636186302277511
v 26.1739342823621186 48.5895402845747242 0.3690951966961242
vn -0.7539900004110461 0.3382099450888533 -0.5631279715332436
v 26.2733906146845406 48.6870201434165679 0.2312113788424029
vn -0.8625151099675786 0.3217016489076399 -0.3906094394247551
v 26.2168695167741959 48.6316021726263159 0.2932234803846176
vn -0.4861076408993558 0.5079844143616385 -0.7110915526322373
v 10.2071065900000004 32.9357566799999972 7.1500000999999997
vn -0.4841027827186895 0.7703888109870742 0.4149042970010594
v 6.2928934099999996 29.0982933000000017 12.0000000000000000
vn -0.3054736359303546 0.4123160053565946 -0.8583014444111520
v 10.1305489874683126 32.8607008627022239 7.1461484464929432
vn -0.3170301904855360 0.5716117524774904 -0.7568037148100667
v 9.9890299710972901 32.7219567572233174 7.1155392461226361
vn 0.9423890002390140 0.2994722939593634 0.1490614550419679
v 11.1429983812607318 33.8532365515025475 4.5306867276442722
vn 0.6983752996224167 0.6615735448578661 -0.2731160662090328
v 11.1346774004609195 33.8451425761804003 4.4190150121919221
vn -0.1119230223682043 0.9415847122946593 0.3176341710788536
v 11.1200107653675477 33.8307605747386901 4.6268510376431404
vn 0.3275662086889898 0.6461227078189157 -0.6893662490765511
v 11.0805520913915636 33.7920689863370640 4.2940437464653050
vn -0.2587627149420023 0.8716809607070587 0.4161900528564601
v 11.0674722455157948 33.7792528660185809 4.7202159044634673
vn 0.0470898879441073 0.4891114911293239 -0.8709491900786523
v 10.9809961972777401 33.6944716716928028 4.2037091534479778
vn -0.1935552309161611 0.4360662066370924 -0.8788530229874209
v 10.8920474533458815 33.6072673150146102 4.1630229015391231
vn -0.5525677404501036 0.6111337881312082 -0.5667313166027322
v 10.8134149081781992 33.5301784697457492 4.1500100321171356
vn -0.7938787907203865 0.5994556289829677 -0.1020265383367061
v 6.5000000000000000 29.3013382000000000 9.2617998099999994
vn 0.2147632212899091 0.3857477900860286 -0.8972599407222674
v 9.8481829861804453 32.5838728066292234 7.0428166015326514
vn 0.3234242180257310 0.5545679795593461 -0.7667145043899386
v 9.7287954730515249 32.4668250429985221 6.9443367990497045
vn 0.4917918186621281 0.5965570226750847 -0.6342401168280315
v 9.6420370682903869 32.3817675324029537 6.8220241455075969
vn 0.6279339166063650 0.6364682810139725 -0.4478918660106585
v 9.5871657400545143 32.3279710276798227 6.7033801933790773
vn 0.3737388730771442 0.9177527845569623 -0.1343468689213429
v 9.5595434886275346 32.3008902392474724 6.5643396097386750
vn -0.2759545311625684 0.6772534767064702 -0.6820387269208733
v 6.2928934099999996 29.0982933000000017 9.2617998099999994
vn 0.3595929153508473 0.9117804738322902 0.1983665868225863
v 9.5609937088533989 32.3023138521120003 6.4043747833848563
vn 0.6135760109371285 0.6298354606133881 0.4762685916123402
v 9.5997763261342453 32.3403369624686832 6.2667510229351917
vn 0.5171662918594997 0.6022643146960548 0.6081255806229388
v 9.6335525694020721 32.3734471451918679 6.1937406244397559
vn 0.4117852519768915 0.5743629229522769 0.7074886140370352
v 9.6754270042458543 32.4145015754249570 6.1250701653656305
vn 0.0314135157021192 0.7236012610506678 0.6895030137984285
v 9.7275393352030814 32.4655927236090420 6.0603456984575690
vn -0.9940997187532330 0.1083350161385085 -0.0054104947104652
v 6.5000667025185823 29.3014036979745960 4.6046508160941189
vn -0.6297363620766476 0.6076904996310933 -0.4838846669781773
v 6.9783768428917261 29.7703352554277458 4.1500045173006974
vn -0.6354604000539942 0.4635443132584636 -0.6175085016491328
v 6.8579847724033538 29.6523096657354124 4.1685954306132933
vn -0.6972864368014627 0.3457628707555748 -0.6278850709003867
v 6.7467992590166022 29.5432995573469874 4.2178555778321991
vn -0.8257904760782997 0.3276592614337979 -0.4590310425396451
v 6.6453164312877320 29.4438093619521055 4.2948549852604643
vn -0.9334391438327280 0.1936504415852608 -0.3019782628512480
v 6.5421150982235341 29.3426425029028941 4.4408536786145891
vn 0.8711594300468443 -0.4835028504175461 0.0854765527999657
v 31.6428928399999982 -52.5831146200000035 10.1499996199999991
vn 0.5549351250501064 -0.5604556197893230 0.6147654066651673
v 31.6428910732739368 26.4123204563619822 5.4909646499956386
vn 0.3164899646126328 -0.5166123272853671 0.7955789122370521
v 31.6429842059671493 26.2142525118677625 5.3384466864802880
vn 0.3165305410186905 -0.8415586790786445 0.4377069867729121
v 31.6429804251716185 26.8657229716316337 6.0606849070195761
vn 0.8574434182605881 -0.4836722631415583 0.1756471643640211
v 31.6428928399848779 26.9648808818423689 6.2796983006959142
vn 0.7080556122093417 -0.5629342313957676 0.4263359017743061
v 31.6428933920739865 26.6609768655440575 5.7455190140266552
vn 0.8011033045137734 -0.2284835820678378 0.5531986516818006
v 31.6428955823896310 25.8674243111197448 5.1485202874695100
vn 0.3167719477884477 -0.9278682048003112 0.1967641420964726
v 31.6429212720434734 27.0454874516459789 6.5370254240494701
vn 0.8019164998809781 -0.0967366063864794 0.5895523354236404
v 31.6428929611548497 25.3140167147722046 5.0020719052800997
vn 0.7078747898975095 -0.7053783626004227 0.0368055349465733
v 31.6428927065475420 27.0975095852838912 6.8730817419714594
vn 0.6000175956110665 -0.0049083457392502 0.7999717451880528
v 31.6428928399999982 29.0982933000000017 10.0000000000000000
vn 0.6037366242183015 0.0992059387408185 0.7909868964123502
v 31.6428928415079156 22.5369403119538951 5.0002097168360118
vn 0.2438588395592506 0.4201882071725433 0.8740564838280986
v 31.6428883418921423 22.3650507246513577 5.0600509535873455
vn 0.6011105060072700 0.5226448702367094 0.6045729891278119
v 31.6428928390839559 22.2752021977794428 5.1231236105654467
vn 0.8578962355483195 -0.5120017472263656 0.0432233717931768
v 31.6428928437910173 27.0988578023264104 8.1008348541523745
vn 0.7089775982884892 -0.6396842860497347 0.2969087053390767
v 31.6428927700107572 27.3135201868276027 8.9125494837579833
vn 0.7090984128604660 -0.6838850205179972 0.1716995037554468
v 31.6428931003844589 27.1504890042132345 8.4701089415344590
vn 0.8009253149953961 0.3728055040954229 0.4685452976134571
v 31.6428928399996536 20.2279709472248079 7.1702659759689986
vn 0.7085685749058770 0.3267012114878917 0.6254573471214472
v 31.6428928400032881 20.1420737410234665 7.2302799986041890
vn 0.7085977413113281 0.1955277953313717 0.6779809158533430
v 31.6428928400039133 20.0520594093973763 7.2694352601219174
vn 0.7080739931591747 -0.5643601439403659 0.4244158905404347
v 31.6428930667560842 27.5348972682057180 9.2504480092643977
vn 0.7094658629877980 0.0304590085237011 0.7040812723363207
v 31.6428928163235952 19.9421896377419223 7.2923897730930749
vn 0.7079300487663684 -0.4839725283183879 0.5143983260924889
v 31.6428929887700860 27.7373878108187917 9.4681049344455470
vn 0.7083976753066095 -0.3752573626112839 0.5977914731963102
v 31.6428917797096823 28.0379839692964907 9.7012753233135793
vn 0.7080838736586800 -0.2593916287968092 0.6567596293733780
v 31.6428928367268973 28.4019243330397515 9.8770347364275430
vn 0.8025113841473311 -0.1416078582776399 0.5795883822058154
v 31.6428928399147722 19.7983669105685181 7.2847463334204523
vn 0.2721653792023845 -0.9525793854293745 -0.1360827719390575
v 31.6428928399999982 -52.5831146200000035 0.1500000100000000
vn 0.3015113222128030 -0.3015119888954042 -0.9045338264154774
v 31.6428928399999982 19.3982925399999999 0.1500000100000000
vn 0.7100080403224482 -0.3211779789928479 0.6266843611320987
v 31.6428928157546565 19.6645439849543422 7.2365914330286696
vn 0.5560178362868282 -0.5307187164537444 0.6396732054233663
v 31.6428928400008544 19.5738710191643008 7.1743206415026100
vn 0.5564641724805603 -0.6683531403804350 0.4936108836818083
v 31.6428928617109619 19.5002747463629902 7.0982539633520849
vn 0.7079653346738461 -0.6276367395281953 0.3238166272669845
v 31.6428928400003926 19.4525355125471933 7.0196918083811992
vn 0.5560901671267339 -0.7822931265621550 0.2806798713099486
v 31.6428928400006022 19.4239314472585960 6.9532601538501444
vn 0.6022441815148943 -0.7936743536280564 0.0859241888209719
v 31.6428928400654179 19.3983445646650594 6.8410492266835652
vn 0.5548290185727168 -0.0490644773675077 0.8305163678160047
v 31.6428928399999982 29.0001583099999998 9.9975910199999998
vn 0.7072977442302387 -0.0754073824352099 0.7028823711554345
v 31.6428928399999982 28.9022598299999984 9.9903697999999999
vn 0.5552611291435698 -0.1759558619329067 0.8128496866663947
v 31.6428927300226519 28.7104724776221616 9.9633194529964282
vn -0.0665672330595316 -0.7087224197474866 -0.7023399000698063
v 26.4765120193211310 -52.5831146200767705 0.1500061676913484
vn -0.3495729688894643 -0.5601369165107928 -0.7510295428167835
v 26.3692279264087510 -52.5831187847846167 0.1724706716910094
vn -0.6749607990889295 -0.3200640350910825 -0.6648209782598983
v 26.2555478057677760 -52.5831687162228363 0.2471679037844932
vn -0.7352582044494291 -0.6058379842686928 -0.3039008219914002
v 26.1743115945725329 -52.5831147705524771 0.3644693738732075
vn -0.8285626982594163 -0.5567008937457788 -0.0597324866025707
v 26.1500105748026286 -52.5831146329731851 0.4750777904769969
vn -0.4464172282574391 -0.8945414180910274 0.0225235351274878
v 26.1500015647212720 -52.5831146199796819 3.8019370470715512
vn -0.8837446291803530 -0.4480961966340299 0.1349267540445448
v 26.1534291193739818 -52.5831147522787035 3.8438261791653834
vn -0.7989197032325759 -0.5557327665713278 0.2299747811081707
v 26.1650224809334055 -52.5831146396372517 3.8953387790485361
vn -0.7366766238729667 -0.5571615809990181 0.3832473411490313
v 26.1928227897356223 -52.5831192796394902 3.9638963116794850
vn -0.5421987418585709 -0.7078605342738208 0.4527184426821642
v 26.2413679364758643 -52.5831146199362038 4.0292265048454681
vn -0.6124625750581804 -0.5553916286606532 0.5625208733609535
v 28.2757305871900435 -52.5831146204835491 6.0636271727869007
vn -0.6866835668686305 -0.5555349848470336 0.4688779794398336
v 28.3340522104788093 -52.5831146190721981 6.1390980441395415
vn -0.7598030086571061 -0.5568692385368798 0.3355533328801326
v 28.3950274929423614 -52.5831147107974672 6.2489103011130265
vn -0.6939887866831300 -0.7082634321062594 0.1293927150157191
v 28.4357263903851312 -52.5831146218426611 6.3979106748221355
vn -0.8314245341547664 -0.5555471456908171 0.0100305992002380
v 28.4434405609298366 -52.5831146203353654 6.5016880847987588
vn -0.8208015352397653 -0.5562024625734862 -0.1300909696144745
v 28.4344184651060630 -52.5831147222841793 6.6139440720369844
vn -0.7782685362227838 -0.5558579509220930 -0.2920959156207725
v 28.3995795013497663 -52.5831146719961637 6.7345647811100138
vn -0.7030153747639470 -0.5565006561923961 -0.4428051518477847
v 28.3369658375747200 -52.5831145683974981 6.8592551494167280
vn -0.6017617478025412 -0.5557569373254374 -0.5736000570922920
v 28.2537039540893034 -52.5831146202756301 6.9592040431813702
vn -0.4152870304780151 -0.7085611860356004 -0.5705065538278905
v 28.1663320579759677 -52.5831146210167901 7.0336443966908853
vn -0.3478041184415452 -0.5558941402149613 -0.7549927152428482
v 28.0465043584902887 -52.5831146671757992 7.0993652035266059
vn 0.1644280814783018 -0.9701948421820985 0.1780038601396552
v 30.3421939743975670 -52.5831146212747385 11.4505229316396591
vn 0.5872180694459201 -0.2429186340003158 0.7721175274345398
v 30.1654522692997347 -52.5831186876109484 11.6012695290973316
vn 0.4225307190819999 -0.5550794197847230 0.7164877034279815
v 29.9557799286391386 -52.5831149271471645 11.7377254144225596
vn 0.3545727620083084 -0.5548789206737089 0.7525872307140078
v 29.8195762600000016 -52.5831146200000035 11.8079786299999991
vn 0.2249539858643150 -0.7076458438683257 0.6698007643319337
v 29.6427937327819890 -52.5831145528536155 11.8832028666343419
vn 0.1683854433247163 -0.3168336609267263 0.9334145776556668
v 29.3557367261967563 -52.5831094234245313 11.9630363899039889
vn 0.0160092779181335 -0.9193708733845122 0.3930660252333433
v 29.0547586251218455 -52.5831146196255901 11.9999848098114832
vn -0.1848103970312896 -0.7078665035193488 -0.6817405154048196
v 27.9528842620719686 -52.5831146200609254 7.1305295239831228
vn -0.0729169836946826 -0.4484173393934546 -0.8908451061885926
v 27.8413257821244429 -52.5831146206752464 7.1499927815644648
vn 0.7236465492750318 -0.4537222047369803 -0.5200690652701357
v 11.0792766310836477 -52.5831632054561666 4.2946266997439375
vn 0.5058158486042886 -0.5584457685097917 -0.6574866165438134
v 10.9917208571411589 -52.5831166421749217 4.2107828220724368
vn 0.6669196551495052 -0.7110439560276032 -0.2227883887725770
v 11.1309304906016351 -52.5831144082434037 4.4045567449749550
vn 0.0547891406746884 -0.7820605550851147 -0.6207893670514111
v 10.8158733826706488 -52.5831146200168291 4.1500070471874695
vn 0.2490454043637627 -0.7098070497152118 -0.6589008565329662
v 10.9045324824319678 -52.5831149184446645 4.1668846374954454
vn 0.7035932786541035 -0.7106019871579200 0.0011463332780065
v 11.1439747799697297 -52.5831127620549026 4.5137762108014261
vn 0.8320508072591662 -0.4514522039998273 0.3223078677957891
v 11.1213942340339251 -52.5831146384473982 4.6257242592993899
vn 0.6343942173243580 -0.5574470298856635 0.5355341127295883
v 11.0631748792065014 -52.5831146181305868 4.7246318396225071
vn 0.0308041502579418 -0.7073016809715706 -0.7062403531530018
v 10.1913106881520292 -52.5831146200231103 7.1499987598307682
vn -0.0154599709215704 -0.9701967211420787 -0.2418249606311634
v 6.9878327036072507 -52.5831146202162998 4.1500035789031848
vn 0.6769122891053649 -0.7084428675651038 0.1997459793194033
v 9.5882818094117983 -52.5831146496235178 6.2979869953288725
vn 0.7479172484165169 -0.5552412706481219 0.3637676743336678
v 9.6267139521070018 -52.5831146197209449 6.2069307221514283
vn 0.6970238080945336 -0.5553423636127816 0.4535996804742747
v 9.6672339292150600 -52.5831146194131733 6.1370418061774910
vn 0.5372076198461260 -0.7076608846415533 0.4589379538974679
v 9.7227360188198002 -52.5831146206615685 6.0652031257251755
vn -0.2834777129095638 -0.2453269291786691 -0.9270680040338612
v 6.8609778543523854 -52.5830510755035405 4.1662165352574991
vn -0.5189243508337216 -0.5597392847014537 -0.6460723266583281
v 6.6774550571351652 -52.5831232857594202 4.2640255436559036
vn -0.7150841848092163 -0.5602420161688347 -0.4180711565688522
v 6.5533716604026520 -52.5831172269068432 4.4180445330895060
vn -0.9653309931933407 -0.2587039509326619 -0.0347611759321996
v 6.5001556367430693 -52.5831146367285314 4.5949505230400023
vn 0.7039867386543042 -0.7100360294759261 0.0158590240852940
v 9.5545683068572984 -52.5831146315195994 6.4763284050068401
vn 0.5671188364032410 -0.5567265857804873 -0.6069857774955157
v 9.7494189912207219 -52.5831147571111970 6.9646340523822197
vn 0.6803847121473635 -0.5552200904821162 -0.4783380547282225
v 9.6666517299999999 -52.5831146200000035 6.8611206999999999
vn 0.7449878658157393 -0.5554494312182408 -0.3694171208087721
v 9.6326424016414176 -52.5831146205538005 6.8052574325689887
vn 0.8062067840281940 -0.5572741302434776 -0.1986860970181170
v 9.5813757709173970 -52.5831146416035153 6.6843511518111578
vn 0.1482778545861811 -0.5556646827537017 -0.8180772813002126
v 10.1119191994274189 -52.5831146020252618 7.1435949587860001
vn 0.3290152047757856 -0.5572727991074520 -0.7623621333731715
v 9.9678664725731476 -52.5831145311378947 7.1076864090569485
vn 0.3896227687489791 -0.7083519686293190 -0.5885843920894841
v 9.8461658288339127 -52.5831146351143985 7.0410746501144503
vn -0.9864406436971442 -0.1160470559534140 0.1160514423301531
v 2.0000000000000000 -52.5831146200000035 12.0000000000000000
vn -0.7542038204198355 0.2262570527708550 0.6164287009343183
v 103.1176336307616594 23.1061533608381815 4.9999482886625497
vn -0.5211729862381405 0.1449722096488651 -0.8410480229125709
v 103.1170524545131713 23.1485114608100773 -4.9999169089964015
vn -0.6485143324319812 0.6132407196535672 -0.4509600651821365
v 102.8507730534539917 22.7044524255670304 -4.9999258695454838
vn -0.4966113761172934 0.5042864250799418 0.7064505238096863
v 102.7966135416470763 22.6567156212727028 4.9999637485118749
vn -0.2677312317922898 0.5676107367064794 -0.7785486748421776
v 102.6276261208562346 22.5318577220255740 -5.0042583952183088
vn -0.3756323812776250 0.7369528472573829 0.5619615779169761
v 102.6149318436493729 22.5235320976308770 5.0051563670559265
vn -0.1320905262800255 0.8124895938875055 0.5678140124121474
v 102.3610901312067654 22.4230993528056359 5.0338042484559073
vn -0.2309657597595614 0.8546675353027484 -0.4649712054721387
v 102.4117636155909281 22.4365461585091595 -5.0283501272069602
vn -0.0472232854574773 0.8916040926415345 -0.4503466479229833
v 102.1845193261808475 22.3983011866257122 -5.0447600349672168
vn -0.0340327890348797 0.8453825799498806 0.5330760384671129
v 102.1463459576839341 22.3982945648820468 5.0449043105741183
vn -0.4506573791453117 -0.4910406083766170 0.7455112658753058
v 103.1243057354199948 28.0117091214965228 9.6873629108110766
vn -0.5605911065797132 -0.6594253624810885 0.5008950015127102
v 103.1242150382799139 27.4579485607444944 9.1812081933630925
vn -0.3178508572796019 -0.2868497310205751 0.9037079530136082
v 103.1243057493556137 28.4567965335784230 9.8974365039736636
vn -0.5574864216066572 -0.7958971025004555 0.2361285496410458
v 103.1243057309407192 27.1600235385731210 8.5205500794203637
vn -0.9197494317637432 -0.0360457504055328 0.3908473956008580
v 103.1243057120187387 28.9179059105061889 9.9997733916942728
vn -0.7082088820297410 -0.7041972946721463 0.0504613673082196
v 103.1243057307111002 27.0988667562055667 8.0929184113715191
vn -0.5558791629246715 -0.8298203813075630 0.0489539681000156
v 103.1243057234778746 27.0976184674542608 6.8714555423600148
vn -0.7087245190397863 -0.0672849382444117 0.7022693879112697
v 103.1243057299830781 25.2395534742448078 5.0009337005626051
vn -0.8955267411728386 -0.0468683396724246 -0.4425327271295381
v 103.1243057302216073 25.2678537998196759 -5.0014625912093198
vn -0.7108275291087718 -0.2282088302725148 -0.6653156796940596
v 103.1243051747464392 25.8261421642208511 -5.1244574522340898
vn -0.7107491932327860 -0.2159657826691286 0.6694731996391300
v 103.1243050297781281 25.7808671410276240 5.1071195410644332
vn -0.5570944121779878 -0.4899858417700485 -0.6704921258187594
v 103.1243057301124963 26.3586411588015395 -5.4409818182996030
vn -0.7100647290266408 -0.4334317950479818 0.5549278868770314
v 103.1243057301152817 26.3450290670399276 5.4272600842034491
vn -0.8012022994948595 -0.4656248867409018 -0.3758568080155948
v 103.1243057301255988 26.6686962975706905 -5.7567718223997471
vn -0.7084974811687035 -0.5448669030515101 0.4484990269071483
v 103.1243057301220887 26.6532605624242329 5.7397433278797765
vn -0.8009409998629197 -0.5221358364893706 0.2930318805047187
v 103.1243057300035844 26.8478360904951678 6.0248687668777814
vn -0.3174331408308241 -0.8979044564460822 -0.3049652245692021
v 103.1243057339527667 27.1865388627985709 -8.5927641039461751
vn -0.8012748385305465 -0.5925691943495029 -0.0825856104041590
v 103.1243055269184481 27.1017504635168045 -8.2044909457010124
vn -0.5581294033790718 -0.7075889189772090 -0.4333699237653509
v 103.1242856114428434 27.3695538094665771 -9.0195495093491687
vn -0.7116612251895249 -0.4476744449812343 -0.5414110193489675
v 103.1241654483266501 27.8583898628038042 -9.5886142063032462
vn -0.3183485592477006 -0.3276814384173433 -0.8895386836679190
v 103.1243057612891647 28.4368330096496287 -9.8924809186638178
vn -0.8583784268819251 -0.0515369307425557 -0.5104218069727711
v 103.1243054729085742 28.9178140250361224 -9.9997912264121585
vn -0.5567997385235266 -0.8281116928901686 -0.0648465517873653
v 103.1243057195098345 27.0967933372196619 -6.8192977705904569
vn -0.4558063235312145 -0.6837228091775335 0.5698804397760461
v 103.1243057300000032 50.2482948299999990 10.0000000000000000
vn -0.7088120020308826 -0.6814122830383084 0.1823810469908880
v 103.1243057300165162 27.0209493889437233 6.4321931298825437
vn -0.2721648139890571 -0.6804173065590664 -0.6804106134983547
v 103.1243057300000032 50.2482948299999990 -10.0000000000000000
vn -0.8597459177683233 -0.4788041423611954 -0.1777176134727891
v 103.1243057227856781 26.9597880481940955 -6.2275128571489811
vn 0.0411207506756465 0.8423607035426146 0.5373430273029162
v 84.8982962290611880 22.3983194600894429 5.0447364687658762
vn 0.4476324221738449 0.0353958945132174 0.8935168410670198
v 113.4743042006785316 22.5912883126317539 5.0000042849532038
vn 0.4731553002981324 0.6538718193221311 0.5904030027838192
v 84.3749296328436600 22.5896895224895395 4.9999552501969760
vn 0.8020026837943420 0.1588488296223242 0.5758113792851706
v 113.4743042083168092 22.4812262582455062 5.0132749131573444
vn 0.1906312545553883 0.7770733153609019 0.5998473033536579
v 84.6413106638416366 22.4528459670019132 5.0229122712983738
vn 0.3174697058595695 0.4615211511101469 0.8283786651884532
v 113.4743043695811053 22.3400343854449908 5.0747118963701814
vn 0.8324858624691527 0.3681983816431574 0.4140014982392585
v 113.4743041999999775 22.2618377773628211 5.1364636033443034
vn 0.8584383088008721 -0.5117348589128192 -0.0348009217776734
v 113.4743033808042298 27.0998213944277317 -8.1698430561498192
vn 0.3171358088979407 -0.9170260827987625 -0.2418430114380113
v 113.4743041878811312 27.1794055798598144 -8.5692488345297022
vn 0.7080929676831390 -0.6407314818355364 -0.2967617180542715
v 113.4743041991639103 27.2837095459030969 -8.8446650191672198
vn 0.3189078323921337 -0.7274788210246832 -0.6075132586203265
v 113.4742862058094488 27.5201403383513714 -9.2443765455021296
vn 0.7115877203488488 -0.3503996671170772 -0.6089852129017340
v 113.4743248579325297 28.0644069419842346 -9.7289839262974560
vn 0.5575427586905506 -0.1805578102271862 -0.8102746135710374
v 113.4743192012739570 28.7066352593903531 -9.9675878307096308
vn 0.9266104384285385 0.1976307412672281 -0.3198987113156873
v 113.4743042000000059 29.0982933000000017 -10.0000000000000000
vn -0.5343443834723284 0.5900838185163390 -0.6052083665786137
v 98.2243042000000059 54.0982933000000017 -10.0000000000000000
vn 0.1739897871674056 0.6981153570819497 -0.6945232193150802
v 98.9743042000000059 52.2982940699999972 -10.0000000000000000
vn -0.1561734316315134 -0.9370426753921557 -0.3123473767239736
v 98.2243042000000059 50.2482948299999990 -10.0000000000000000
vn 0.8077447196416945 0.5122674473847438 -0.2917713663827882
v 98.9407388048173431 53.9497769256781368 -9.9983333829014072
vn -0.2283639204070559 0.6914297832505258 -0.6854011779173207
v 102.9743042000000059 52.2982940699999972 -10.0000000000000000
vn -0.8106261134749377 0.4285641563171204 -0.3990213879890552
v 103.0212387962866387 54.0079497359046528 -9.9995208826095130
vn 0.8268075408568382 0.4785687443733386 -0.2955693612186386
v 104.9743042000000059 54.0982933000000017 -10.0000000000000000
vn 0.7094636839411383 -0.6942777259783360 -0.1209947121944561
v 113.4743041994885573 27.0945835643220612 -6.7826388899442769
vn 0.5601049603373862 -0.7206147854554530 -0.4086523759730835
v 113.4743257168689468 26.8758398304767994 -6.0382178436245857
vn 0.5574162685068299 -0.5601802275651554 -0.6127684850324571
v 113.4743041993135790 26.3814728805214642 -5.4597194717093096
vn 0.8030747142638938 -0.2573165732579686 -0.5374562162974227
v 113.4743043093822621 25.8935407333758647 -5.1518083092295228
vn 0.4494075474345308 -0.1018561088658989 -0.8875010926165545
v 113.4743042016764889 25.2743134925458719 -5.0007748020854779
vn 0.8577677679101317 -0.5137294244682971 -0.0177914240560698
v 68.8243026707388736 27.0984212779048406 -8.0583349080478897
vn -0.8012092662069396 -0.5947559572841663 -0.0657956155008266
v 31.9428936069145273 27.1022965635514019 -8.2141878094009417
vn 0.3173432689647431 -0.9276533508332476 -0.1968565729931784
v 68.8243146068754612 27.1293175348419133 -8.3664193622288519
vn -0.3169039053448341 -0.9045552032673783 -0.2852223676696909
v 31.9428940189230559 27.1960162240709451 -8.6193093168051202
vn 0.5570507103339997 -0.7595086063637827 -0.3359184171428102
v 68.8243053893151142 27.2758166308409074 -8.8400962675164756
vn -0.5566853898776453 -0.7186031871574401 -0.4167863194779112
v 31.9428939927661943 27.3326849350200014 -8.9526639501602077
vn 0.5566644033325919 -0.6556438453712964 -0.5101528105275016
v 68.8243057502154443 27.5344844575049770 -9.2523044861066222
vn -0.8013033624397314 -0.4347044354425488 -0.4110291658135163
v 31.9428931052683538 27.6301025317819544 -9.3631507423370159
vn 0.6030133729106779 -0.4695418669787501 -0.6449072082439439
v 68.8243026679755303 27.8968825532739331 -9.6067207796703364
vn -0.4492813751985945 -0.5166520300851107 -0.7288462977257919
v 31.9428908139348557 27.9258729115965991 -9.6237812623245631
vn 0.4506701158208793 -0.3308304741390987 -0.8291246251842326
v 68.8244447576719551 28.3512069974918361 -9.8604332083449506
vn -0.4505645946460138 -0.3261469893612200 -0.8310353105506922
v 31.9428932060347499 28.3637527707561468 -9.8692722881425166
vn -0.8954432378348951 -0.0333955029185904 -0.4439213310943437
v 31.9428939601839232 28.9328361916981436 -9.9999263201280346
vn 0.8956733099374428 -0.0702266716143657 -0.4391327093939524
v 68.8243026510174474 28.8967330055225027 -9.9997281245782457
vn 0.2294654558999000 -0.6882508813016215 -0.6882269458079886
v 68.8243026699999945 50.2482948299999990 -10.0000000000000000
vn -0.0975893837754177 0.9758999756026470 -0.1951808130762018
v 31.9428939800000009 54.0982933000000017 -10.0000000000000000
vn 0.0813659485422030 0.9105308670720292 -0.4053555507537626
v 68.5797261739915740 54.0982521640913916 -10.0000000091155137
vn 0.8140260112017109 0.4695579050554826 -0.3418728226796307
v 68.9682358087759155 53.8026847993704109 -10.0000002269409425
vn 0.2649092951419283 -0.9271603397672125 -0.2649467299480290
v 74.9743042000000059 50.2482948299999990 -10.0000000000000000
vn 0.2005573259226244 0.8717949393177297 -0.4469343831019966
v 74.9743042000000059 54.0982933000000017 -10.0000000000000000
vn -0.5553225322804017 -0.8309082439637702 -0.0347616923455418
v 31.9428939785290460 27.0979840005164370 -6.9104059265468765
vn 0.5554037862572960 -0.8284521500134105 -0.0720671169758946
v 68.8243026699712175 27.0976075178628690 -6.8965643782230224
vn -0.7089769801406185 -0.6908392364570259 -0.1417490423324352
v 31.9428939613610190 27.0561320735851076 -6.5676121277812172
vn 0.7090536487770642 -0.6764143594465019 -0.1992649931385594
v 68.8243020310569307 27.0456886154391292 -6.5228693889761979
vn -0.5568603001449027 -0.7531306774117255 -0.3502867237905034
v 31.9428939138980681 26.8756501224605131 -6.0700408812690636
vn -0.5554060590358610 -0.6583746649449342 -0.5080028643077709
v 31.9428939800093197 26.6807429752073624 -5.7760512330970428
vn 0.5573630212226265 -0.7132283443277122 -0.4250315181502852
v 68.8243041728861868 26.8484856895525965 -6.0189872511838214
vn -0.5565168302586074 -0.5372166118593411 -0.6337880793934849
v 31.9428938910191746 26.4368839453245883 -5.5050966811243338
vn 0.5567524572702167 -0.5998875965068429 -0.5745968785860387
v 68.8243051557178518 26.5041537931683138 -5.5691341055518597
vn -0.7079240564065112 -0.3505023112889845 -0.6131815882281777
v 31.9428939761112787 26.0666159015221801 -5.2482075363354639
vn 0.5554300846172984 -0.4662055545632708 -0.6885853628972765
v 68.8243045564495191 26.1867731673716619 -5.3202265648866005
vn 0.5550792878680202 -0.3635433874267107 -0.7481465027908933
v 68.8243026696191720 25.9900075532922230 -5.2091778292628286
vn -0.5551742770155362 -0.3136760677642861 -0.7703173674870712
v 31.9428939221008861 25.8347617506576945 -5.1397575656103518
vn 0.5553093942608862 -0.2699591576170383 -0.7866088798534547
v 68.8243034029176357 25.7585002463888557 -5.1097486852423302
vn -0.5553449596730026 -0.2086622410615074 -0.8050167979123047
v 31.9428937508088211 25.5979800012841707 -5.0621073331064075
vn 0.5551835129697088 -0.1641837912168648 -0.8153618519579330
v 68.8243026693393176 25.5281462082359241 -5.0461766388235878
vn -0.5558450199850367 -0.0905270420532225 -0.8263420408129604
v 31.9428941448381529 25.2507944625393499 -5.0008431908967719
vn 0.1416150241008290 -0.0215139657966938 -0.9896879984240590
v 68.8243024805226185 25.2283795503599713 -5.0001904580354237
vn -0.0930563165507982 0.5558918473623983 0.8260295248875900
v 64.1738174365833629 54.0982932513509738 -7.9998480953911013
vn -0.2763391000053582 0.5567796700738059 0.7833473691796843
v 64.9400136143620870 54.0982982644260986 -7.8508786204748358
vn -0.2365378979993144 0.1058202974853003 0.9658425790211304
v 64.7580928702760588 31.7689947232083547 -7.9062283394265895
vn -0.4381254387599161 0.0557818553286367 0.8971814111580366
v 65.3733357624457909 32.1138748567244576 -7.6564238668494449
vn -0.4173895798659368 0.5553952275073003 0.7192510548351325
v 65.4647131251691405 54.0982932998341184 -7.6045375445031036
vn -0.4332994870923192 0.7079906882147391 0.5576744031123836
v 65.7775339883743868 54.0982932999076453 -7.4004655206593259
vn -0.6864037773560587 0.0236839974546351 0.7268348661806910
v 66.0340822443431534 32.1061103412106732 -7.1822553940708245
vn -0.5882551806072851 0.5558919265973133 0.5873159357897738
v 66.0528650094449574 54.0982932997407460 -7.1643719996030040
vn -0.7629354114294282 0.0689973075953717 0.6427821789156872
v 66.2833480074828145 32.0878917087045679 -6.9189064796804081
vn -0.6678997687526020 0.5562696196064371 0.4944431304034171
v 66.3781971813587006 54.0982984558955025 -6.8037812902272021
vn -0.8636424984571962 0.0615733300536324 0.5003302508191146
v 66.5621607844778822 32.1265964210109800 -6.5284447550753830
vn -0.6331491483605253 0.7084405422967024 0.3118239149916121
v 66.6307709875554792 54.0982932997485406 -6.3989459217341444
vn -0.9515220914020160 0.0647076542230031 0.3006969056357078
v 66.8589408897456678 32.1463357894583694 -5.8665259594221295
vn -0.6760265299732222 0.7090205715361905 0.2006936967392295
v 66.8546045008780538 54.0982957874280359 -5.8659664606169848
vn -0.7031542445486444 0.7084066971746767 0.0611069535428753
v 66.9740485116565907 54.0982812844934315 -5.2078964061540578
vn -0.0485271685087349 0.0707204697730441 0.9963150752004131
v 64.1142214271403077 31.9197859551231424 -7.9998859072898405
vn 0.0492884933910104 0.0605709961047382 0.9969462366898849
v 36.6146051200798155 31.8889976058290721 -7.9996373088083637
vn -0.0556091450373948 0.2447736211154184 0.9679842443936036
v 63.9122577041342055 31.3310466278178765 -7.9046155953299460
vn 0.1857081662859081 0.2120550681059518 0.9594504286649236
v 36.2413098236737099 31.5259832663904191 -7.9478005971380323
vn 0.0202000123310379 0.3369613576146978 0.9413017597860346
v 36.8137290350273929 31.1447279481317629 -7.8452888599349322
vn -0.0572231853299261 0.4048592973881205 0.9125866843095478
v 64.0022696528460102 30.8324588245715390 -7.7228745519424651
vn 0.0369801573510769 0.4246105569581448 0.9046205518790649
v 36.8025945049444729 30.7871674879387740 -7.7014796139074670
vn -0.0704283937767409 0.5465023188228210 0.8344908968175194
v 63.9832717078094220 30.4335085979927449 -7.4985410336962923
vn -0.0747779958016888 0.6396539973392590 0.7650170030997938
v 63.9541145939439133 30.0526530837711547 -7.1982270937506447
vn 0.0609650845990097 0.7188209417077441 0.6925169400254606
v 36.8317381973196660 30.0032425378156979 -7.1512066775699141
vn -0.1036120005486533 0.7559610424044677 0.6463648007967765
v 64.4146380884502321 29.7836588046790744 -6.9070375674735223
vn 0.0507109266875801 0.7952176924306605 0.6041996553787020
v 36.7674265806719731 29.6851326700371416 -6.7866372633789105
vn -0.0310022457633208 0.8459847159581499 0.5323051015374913
v 63.9654600153202466 29.5929969653217206 -6.6529972708638727
vn 0.0414869166713832 0.8590021410536246 0.5102883081262890
v 36.7928924599999974 29.5251083399999992 -6.5423083300000000
vn -0.0188575984516190 0.8790578050419690 0.4763420686601522
v 63.9815443380815765 29.4237558929438698 -6.3608069994845016
vn 0.0457503261069740 0.8969646058160211 0.4397287841094956
v 36.8031169388784321 29.4120923073172094 -6.3376368480101881
vn 0.0663023913149212 0.9225535633086892 0.3801301299980881
v 36.7619042523232693 29.2988140053416863 -6.0798934286736293
vn -0.0248375600369597 0.9759805501487233 0.2164371995355827
v 63.9303718543555206 29.1819521022018904 -5.7161741599452665
vn -0.1376210292124286 0.9825657967807845 0.1249996292596663
v 64.2697582529623190 29.0993434112869807 -5.2116903062247042
vn -0.0835767394926992 0.9217440644974751 0.3786856323910951
v 64.3207639668763420 29.3177071129811786 -6.1284924387726534
vn -0.2904280874253715 0.9509881748507789 0.1061744664616926
v 64.9229851537122187 29.2484365338460890 -5.1819261379758066
vn -0.4504896432734656 0.8865685757530533 0.1051439099070819
v 65.4190277906358375 29.4659231696623145 -5.2942057721401286
vn -0.6577508104317711 0.7369650521583863 0.1557125019821321
v 65.8637213498253260 29.7656469707365083 -5.4033024433987284
vn -0.7756432912178262 0.6304424083287782 0.0303291043288244
v 66.2627084492681746 30.1515720867447250 -4.9763455828893104
vn -0.3923209447101324 0.8186935591981429 0.4193150754137348
v 65.1230391011065137 29.6922439823015161 -6.5220123271355979
vn -0.3211580821406165 0.4242491319496950 0.8466818530686075
v 65.1351560259466424 30.9246272018241619 -7.5851806168087368
vn -0.8627498679959972 0.4907423767460112 0.1217973108839666
v 66.6087756439700200 30.6488704178140203 -5.4740079995530584
vn -0.6099746525899857 0.1079580833683389 0.7850324677573285
v 65.7517562090283150 31.6773941150431426 -7.4188518764544416
vn -0.9655464566248415 0.2180057617342071 0.1421039336186758
v 66.8855169261578340 31.3600102547539841 -5.3600715620576214
vn -0.7851224742503021 0.3686773403787676 0.4976542164177072
v 66.3324046621256969 30.8384264167931477 -6.5290010930750242
vn -0.9936792247507679 0.0650541944217425 0.0914852451865946
v 66.9736319938703986 31.8910531544190867 -5.1800775912223358
vn 0.7973103684124854 0.6009950714820143 0.0556875253200880
v 33.7931048687144582 54.0982937921320115 -5.1995973616084328
vn 0.9746410972960003 0.0341347926494278 0.2211550302218528
v 33.8576058344597044 32.1767263339875100 -5.6505556278209541
vn 0.6852137801960246 0.7082498823170128 0.1698946132972185
v 33.8761252803891253 54.0982932997122603 -5.7115782451409896
vn 0.8054312303730959 0.4500848272413949 0.3856218113991535
v 34.0697358551319951 54.0982894841143604 -6.2855420053147455
vn 0.9106813963415953 0.1448317977193612 0.3868890599728821
v 34.0604530080790724 31.7944447410607971 -6.2523420201704942
vn 0.5600307945493507 0.7084849535032952 0.4294351869791955
v 34.4202281159897439 54.0982935021861664 -6.8380906827188310
vn 0.7393052147929877 0.1375071425747123 0.6591809957218366
v 34.5271706322986134 31.5753459741918441 -6.9796147714881958
vn 0.5495223829823649 0.5563057303758721 0.6233370556547640
v 34.8236421837601924 54.0982921237032173 -7.2771927635721836
vn 0.5814464392162741 0.0395802999120554 0.8126213375131048
v 35.0068352165316981 32.1266440840125469 -7.4183679558469473
vn 0.4232680588934638 0.5552125591035080 0.7159491354379116
v 35.3024665594762936 54.0982932998415791 -7.6045302620975370
vn 0.4644980616703522 0.0995786061733174 0.8799577557457319
v 35.4530824407099985 31.9068658335117057 -7.6849847392232089
vn 0.3201974939292240 0.5553125758632339 0.7675294834529711
v 35.6269404509721923 54.0982932997585735 -7.7666654062172649
vn 0.3271237080381560 0.0201540939055997 0.9447665807691398
v 35.8065008088259162 32.1236483312386412 -7.8360145728801376
vn 0.1814361435607456 0.4484962178277490 0.8751754500693039
v 36.1489591591177089 54.0982969647306291 -7.9388430239195111
vn 0.0256243969914044 0.7075257037193095 0.7062228889347351
v 36.7085358578476288 54.0982933006403499 -7.9999888421245142
vn 0.9958234111471439 0.0605000531410261 0.0683774625238427
v 33.7930564109579379 31.9511077856576904 -5.1062002445858496
vn 0.9610614236053794 0.2454186684065086 0.1270063669867680
v 33.8967997893340467 31.2806481223523036 -5.3875878039304999
vn 0.8621807821045070 0.5053631676380622 0.0353888084637556
v 34.1912914444942047 30.5841656044192121 -4.9278018171763200
vn 0.6844782731758534 0.7237971705407144 0.0872189742398867
v 34.7374253296074684 29.9024864280655756 -5.3392905167657068
vn 0.3773684444911639 0.9143628604734584 0.1467433694894396
v 35.6450572452064520 29.3059618428217696 -5.3975709911644394
vn 0.7470684854879566 0.5587171107546840 0.3601719979963308
v 34.4358636165021821 30.4104622654524128 -6.0311260927939250
vn 0.0686739735537701 0.9944455817406532 0.0797613334444068
v 36.5627443899565918 29.0987162130202250 -5.2088317304584555
vn 0.0962837643735938 0.9565968976631856 0.2750487449511797
v 36.5287918806154011 29.1849480426696246 -5.7289105562982456
vn 0.2463382102518603 0.8226272330951676 0.5124469938833666
v 35.9069211687870293 29.6189597647594347 -6.5197077900940519
vn 0.4891811030686299 0.4469900425730871 0.7489337422236152
v 35.2511286189827686 30.6752042901114983 -7.2394241661848060
vn 0.1277932811219396 0.5689435567275039 0.8123866730556002
v 36.3081097298038884 30.4284713576121746 -7.4950824766550559
vn 0.5195379191347312 0.2408139176673869 0.8198103485799861
v 112.4951053299816834 31.9782774117409261 -7.9999148494498664
vn 0.5056778656891627 0.4009658212558508 0.7638823903826256
v 112.7272426861697738 31.2955306040602004 -7.9038951221338314
vn 0.3982024386221688 0.6382925741061497 0.6587999754981045
v 113.0649119538355762 30.3028486902724801 -7.4329639732625692
vn 0.4717499901579466 0.7885193848790008 0.3945746145610731
v 113.3066535821148477 29.5913731725713269 -6.6684707442423452
vn 0.9044776202569893 0.4203082657285100 0.0725341038032851
v 113.4742454794922679 29.1043981665946028 -5.5483975949994484
vn 0.0511089144149389 0.9971357961018062 0.0557501838538984
v 107.8438883002035453 29.0984532248314345 -5.0862495528045404
vn 0.0663791678719810 0.0430013327862093 0.9968674392572129
v 107.7780873303420037 32.0293412816337550 -7.9990807616505855
vn 0.7129250710567007 0.2167767924149872 0.6668925440646851
v 107.7337287149346281 45.9823400339324380 -7.9987006081888303
vn 0.6696206909560665 0.1611861106877136 0.7250014951466571
v 107.2320251499999983 47.4579353299999980 -7.9067201599999999
vn 0.3339129360760971 0.0115732429931780 0.9425328700727955
v 106.9743142297810152 32.1248910569984361 -7.8309059346527752
vn 0.7071093171248022 0.1250401653014429 0.6959607537043191
v 106.7260139273798245 48.9462211036749153 -7.7345482562566108
vn 0.4139951720519109 0.1984982234552616 0.8883729243976393
v 106.6403533877872860 31.5466089681621575 -7.6839476010347472
vn 0.6189578867116939 0.0427971808827342 0.7842573147799671
v 106.1494154926402871 32.1052249489258728 -7.3944026784012937
vn 0.8739155642107014 0.1820966513119837 0.4506799265679061
v 106.1472472331320205 50.6484610140438392 -7.3859661231510820
vn 0.7388297915498835 0.0616008553683812 0.6710706920557918
v 105.7502677830648707 32.0978051127521198 -7.0161914829680390
vn 0.8675725093111563 0.1155302516419911 0.4837051809140376
v 105.7569551355670825 51.7963657277712457 -7.0253864451042274
vn 0.8455978327487601 0.0738091884082479 0.5286932087298981
v 105.4521722700658586 32.1303504264289259 -6.6368494218953789
vn 0.9416463543147997 0.1703282430124179 0.2903281471679062
v 105.4653810497112545 52.6539462340390472 -6.6526448583488689
vn 0.9548675381485582 0.1335563211255780 0.2653124453875344
v 105.2519426200292685 53.2816973923819077 -6.2631639246959194
vn 0.9321234435278672 0.0745387226369109 0.3543866036596313
v 105.1401811198339544 32.1773799779747804 -6.0054980165402041
vn 0.9799392699216127 0.1315125525197663 0.1497447020606480
v 105.0733523104859017 53.8069685719533339 -5.7916809727351790
vn 0.9812470498202324 0.1252688194176784 0.1464989764496374
v 104.9761616452225184 31.7788141606881567 -5.2786448887763209
vn 0.5936418144750873 0.8044649265676241 0.0206295426336398
v 104.9744085140286813 54.0982809497411594 -5.1673030171089458
vn 0.1509909164874636 0.9464803769978231 0.2852659094535036
v 107.4700025072286991 29.2508563769223144 -6.0154354535176671
vn 0.1262289786602183 0.3773256910659075 0.9174375007639668
v 107.6979715828474156 30.8712399391836954 -7.7482298728512919
vn 0.2329191491037141 0.5369748394866130 0.8108061986314165
v 107.4765878076276522 30.3143227396607671 -7.4104019393533607
vn 0.2600988151950042 0.9636089460159513 0.0616960735556370
v 107.2247468966348265 29.1812252344962495 -5.1972025836059705
vn 0.0583940685087004 0.1777681523889677 0.9823383412853303
v 107.6947419099809622 31.5526021618992090 -7.9535190217582850
vn 0.3081840347540796 0.7598269082706051 0.5724383549262135
v 107.1223696224211466 29.6789291694548538 -6.7509294465975831
vn 0.5189605852269772 0.8354647523009411 0.1807721179927938
v 106.3679257975287129 29.5557019021989937 -5.4070955410684283
vn 0.7565695367227893 0.6473945568424568 0.0921022468445958
v 105.6908909840408768 30.1371567738931603 -5.2956516813914245
vn 0.2156128861941773 0.1047143608246164 0.9708480756246617
v 107.2864215021223941 31.7023113220641513 -7.9210248976870794
vn 0.6498008234949922 0.3296463322390831 0.6849030481948157
v 105.9418783405978957 30.9879716222502850 -7.0230440949831170
vn 0.8246261797477407 0.4406409545981377 0.3547213171004652
v 105.4520597059367049 30.7317261734888447 -6.0507477520341268
vn 0.9172302096698103 0.3954064446771881 0.0483992352917043
v 105.1891887823978067 30.9547795530947347 -5.0108446693969650
vn -0.8132487087171131 0.4996610489766763 -0.2982706386915674
v 73.0277284332905907 54.0145605838359657 -9.9997974413162751
vn -0.8664018692444686 0.4520565914979499 -0.2121146837278043
v 72.9527381421110022 53.7409953696258853 -7.6469156985660529
vn -0.4279005467867952 0.9010584212877712 -0.0706742066524332
v 73.2613775040807269 54.0871872348529052 -7.6999814669867606
vn -0.6436532289170979 0.4407631773516815 -0.6256503355672753
v 72.4242828798005718 53.8153300509594814 -6.5085160061027034
vn -0.2874524611699401 0.9382734304669409 -0.1923903642263373
v 72.8871708263446294 54.0977172416023251 -6.6197580365378315
vn -0.0788392260253457 0.9565801915618737 -0.2806041937519352
v 71.5970887943136063 54.0982329689150347 -5.5892949115375323
vn -0.0118227406087083 0.4893597816841557 -0.8720018502701327
v 70.8759531253720638 53.8276860242560176 -5.9496851422756292
vn 0.6114178490610258 0.3574240690574486 -0.7059860116942863
v 69.5901157356617546 53.8695686450838309 -6.4751263891620523
vn 0.1831183747941143 0.9549040399134214 -0.2337219188903538
v 69.4001442235821742 54.0991251056077758 -5.9958110481760789
vn 0.8940214381809919 0.4005551894606794 -0.2007017894013656
v 68.9774195935980288 53.7177617052418341 -7.6859256943242791
vn 0.2868444081645195 0.9568934731566168 -0.0455539958183021
v 68.6982917335791967 54.0929071238721306 -7.5266559006424973
vn -0.1730254624905426 0.6976250563385344 -0.6952564060104663
v 72.9751180587984578 52.2982942756433431 -9.9999937555728113
vn -0.7604494499467419 0.6189542964666386 -0.1964999057536317
v 72.9323630705809478 52.2982940824932143 -7.5181425083542059
vn -0.4235717874851747 0.5885315623208509 -0.6886345482175524
v 72.2830684429647619 52.2981588909866915 -6.4132964500446494
vn 0.1195995805966765 0.7274329578191046 -0.6756753896655169
v 70.7570648213954883 52.2980471119298187 -5.9694847997299023
vn 0.3424869918113716 0.8454330149955323 -0.4098117587326671
v 69.6825049633539635 52.2982940829424479 -6.4347319394665812
vn 0.7686887347141346 0.5705713889063387 -0.2890777045797104
v 69.0380520587934825 52.2982939284460855 -7.4027567679737460
vn 0.3679873591813364 0.7440420196055629 -0.5576618837109286
v 68.9734903052483190 52.2982942755580638 -9.9999799997154071
vn 0.8505998375906340 0.4267847336085514 -0.3071395569598042
v 98.9945435248566383 53.7929529221534466 -7.4391007435831042
vn -0.5767412700568998 0.8042446692564512 -0.1433876542305347
v 103.0693442563739950 54.0668516198831810 -7.6015227833943859
vn -0.2959345014172091 0.8974112394170249 -0.3272244462734209
v 102.7352193397566538 54.0972811795273714 -6.2295549324195951
vn -0.7710645271852561 0.3634055379817772 -0.5228727473111913
v 102.6498339230813315 53.8141678910839332 -6.8092564622943330
vn -0.2011637749220703 0.4055935805726990 -0.8916428562251369
v 101.2548852466135116 53.7508447001590568 -5.9252318008949434
vn 0.0535818523594501 0.9286677450184858 -0.3670220762570159
v 100.8900348351882172 54.0971738214448408 -5.6146230182790990
vn 0.5102303141292974 0.3615130968494168 -0.7803674181754788
v 99.7160157294750320 53.7717601321960004 -6.4080237916566949
vn 0.2479573045665044 0.9384911123142466 -0.2403156408128317
v 99.2170171206296203 54.0964759724976219 -6.4757550343005095
vn 0.3026772508703783 0.9500647846381627 -0.0759169730428696
v 98.6023886603358903 54.0976373737799889 -7.5066979364409754
vn -0.7534739460478294 0.6359063457791181 -0.1670333260908181
v 102.9710138636438472 52.2982939772348487 -7.6998539180038721
vn -0.4447380688105625 0.7345004510631037 -0.5125593990346372
v 102.4928725067725708 52.2982940829853291 -6.6375198152663479
vn 0.0805580494461017 0.7470871753335850 -0.6598266083764163
v 100.9476877716357137 52.2976417227149284 -5.9080942744390406
vn 0.5248188932885841 0.7369847815720909 -0.4259325779727149
v 99.3813002292041148 52.2967895981589805 -6.7299907558540433
vn 0.6858956237649274 0.7227014800949803 -0.0851455457945152
v 98.9750182993151100 52.2982940499150502 -7.8332186211179566
vn 0.5047493116730162 0.7256119218572761 0.4676702590759934
v 70.0735445710979121 52.2982940667585012 -8.8930518283926823
vn 0.0876124454393044 0.7226890884615392 0.6855979440041915
v 70.7910370014077870 52.2982867482092857 -9.2732254900177420
vn 0.6648663519467711 0.7462231186430530 0.0332233540093117
v 69.6363642633999262 52.2986487694616997 -7.8914277084000117
vn -0.6250630737408051 0.4726411719078260 0.6212137123915518
v 71.9539405094560038 52.2981145194788297 -8.8776010392836220
vn 0.3279379838271418 0.6195269965868264 -0.7131921054410905
v 70.4802870221619742 52.2981930440969904 -6.8095112321882434
vn -0.6943513742631611 0.7165378533543358 -0.0667058750727375
v 72.2327203255234878 52.2982940655466280 -7.8954554147569809
vn -0.3853692615714971 0.7339040606167180 -0.5593526276385333
v 71.7872393874587118 52.2986809728488424 -6.9626058695236743
vn 0.4034324153802697 0.5614353198815971 0.7225182819900754
v 100.2882279781183001 52.2982940606758646 -9.0622410740828467
vn 0.6393703346938521 0.7193882341737213 0.2714519177421425
v 99.7740683140190043 52.2986862937402535 -8.4431686901368224
vn 0.7614129474328867 0.6103086304575727 -0.2185719539889923
v 99.7620677620786580 52.2982940663300724 -7.6368395661147082
vn -0.1809386439043563 0.7262888290223686 0.6631483574430154
v 101.2221608946065317 52.2981611160325599 -9.2793945733259147
vn -0.5774965647105530 0.7162001263941418 0.3918610681102752
v 102.0002711755917488 52.2982940748982372 -8.7376500341560561
vn 0.2700780158233436 0.6295882373332107 -0.7284754743850933
v 100.4764392170426248 52.2988105342668774 -6.7758133692668991
vn -0.6836145066829310 0.7256259111388498 -0.0783469421009329
v 102.2568404999577893 52.2993645043159532 -7.7872501704669990
vn -0.4507800068494471 0.6146808160970203 -0.6472749645607448
v 101.6341780861853010 52.2982940662781743 -6.8998968634949671
vn -0.5243524254626032 -0.8146708129646031 -0.2477216187882632
v 102.1883758547373304 50.2483250760936286 -7.5422879273327679
vn -0.3443658471717013 -0.8356626804821349 -0.4278785432235762
v 101.7394222005123936 50.2482948302789580 -7.0058571287720426
vn -0.1620245228896237 -0.5651184769912244 -0.8089432371591401
v 101.3253816235591671 50.2482948302607895 -6.7895881412490979
vn 0.1381670432277293 -0.9028734148261023 -0.4070988393080479
v 100.5663339619909209 50.2482705761222235 -6.7839428995787756
vn 0.3947171619748616 -0.8620946162404001 -0.3177911809535124
v 99.9586853011628875 50.2482948300707548 -7.2574779712690223
vn 0.6826504265403166 -0.7140070356049755 -0.1555067466411637
v 99.7500169914673194 50.2482948350094532 -7.7102591394785618
vn 0.8148656591710530 -0.5641886268825255 0.1329855285365135
v 99.7409807607789247 50.2482948326682788 -8.2710392760097573
vn 0.5896858510795226 -0.5645180404074253 0.5775724881702552
v 100.0789714178775256 50.2482948324407133 -8.9030335465510220
vn 0.0595899104694898 -0.7264192737297930 0.6846634803493744
v 100.9632776729292090 50.2482982112502086 -9.3036615270571996
vn -0.5157804394090509 -0.5609599017366260 0.6475295568285986
v 101.8256587513902929 50.2482948207232099 -8.9325951260219938
vn -0.7955232819175704 -0.5630437694766567 0.2238848399972966
v 102.1924771934617979 50.2482948331238433 -8.3534915289345335
vn -0.8095991171806551 -0.5624645873935852 0.1678775070951067
v 72.2259402397081516 50.2482948376270855 -8.1671758049434402
vn -0.7604965985774371 -0.5620853760623822 -0.3251229822220489
v 72.1534544681516081 50.2482948328773489 -7.5481841979562736
vn -0.2374482304934685 -0.9032990249827079 -0.3573082832804332
v 71.6804846354223457 50.2482884422694767 -6.9240602295624516
vn -0.0399332164244023 -0.7190117532643889 -0.6938497221255273
v 70.9839976668656192 50.2482948302332844 -6.7455530635654970
vn 0.2426849731752407 -0.8392314804688452 -0.4866153778755899
v 70.4476458840858015 50.2482782446475511 -6.8522695527115944
vn 0.4972127609523719 -0.8129953422076728 -0.3030149235512146
v 69.8501493797887179 50.2482891856878240 -7.3857151842714330
vn 0.6735530166139939 -0.7252275284985477 0.1427282933341431
v 69.7349829347022592 50.2483646240227415 -8.2716574562051743
vn 0.5801380655387471 -0.4798674906506210 0.6581542496479352
v 70.2182069435011726 50.2484774418378137 -9.0654712264537860
vn -0.1228810214916654 -0.7214046420933679 0.6815244653886642
v 71.1001260151640651 50.2482948272108558 -9.2573412160093724
vn -0.4785035655133371 -0.7243815686632972 0.4962919309961873
v 71.8603675833330726 50.2480184300598367 -8.9235336567393766
vn 0.8090684988858770 0.1808813544716985 -0.5591869988787629
v 83.9750909232271567 23.2621040191773680 -4.9999999999397451
vn 0.6701604734384211 0.4850812691741887 -0.5617660564124087
v 84.1312678535809084 22.8403028134497532 -5.0000021957364496
vn 0.2611465796924480 0.4126715843009408 -0.8726423250252577
v 84.3939572713358359 22.5814848061099660 -4.9999948449656113
vn 0.6666457875382493 0.3334568637517217 -0.6666257675595604
v 83.9743042000000059 26.9482936899999999 -5.0000000000000000
vn 0.9799561524516452 0.1781849193103922 -0.0890846440331706
v 68.8243026699999945 26.9482936899999999 -5.0000000000000000
vn -0.5555417717729854 0.0388115789541365 -0.8305823265362795
v 31.9428939800301706 22.5831696474727437 -5.0000094676173159
vn 0.7080874352937557 0.0358219307400845 -0.7052155509184154
v 113.4743042007452516 22.5730921420736195 -5.0000303827303787
vn -0.4502887469180017 0.2428047768594656 -0.8592356398178795
v 31.9428941658695713 22.4732419845312705 -5.0155648580321648
vn 0.3010982175055080 0.8196747977281028 -0.4873121067492575
v 84.5905400163603076 22.4714852747799512 -5.0173378061550800
vn 0.4494777563253644 0.2846308075780682 -0.8467319823569753
v 113.4743042032756222 22.4589474137042693 -5.0206652332509014
vn 0.0760932274431230 0.7936207516964120 -0.6036355880944322
v 84.8813233302736023 22.3983742322132748 -5.0446242526937306
vn -0.6045993017111244 0.4706837737232859 -0.6425857682239992
v 31.9428939552871611 22.2994378317792155 -5.0990567564663527
vn 0.8340772330592560 0.2967132743256360 -0.4650552678243475
v 113.4743042281041596 22.2964594746056441 -5.1021574387221831
vn -0.9488415101425108 0.2104902162853294 -0.2353585721375677
v 31.9428939800007896 20.2418644725247781 -7.1564201833384384
vn 0.7097297249233309 0.4446518530703236 -0.5464141717794119
v 113.4743042118617495 20.2098988140491436 -7.1882422553504801
vn -0.3177657820441959 0.4818025864409394 -0.8166340523518855
v 31.9428915558447493 20.1695435846936277 -7.2141955148886892
vn 0.5586606746522005 0.2967494937008094 -0.7744920842626227
v 113.4743010874304048 20.0586905499468990 -7.2682651983218829
vn -0.5580259279650880 0.2077314863541231 -0.8034019500199195
v 31.9429072253214343 20.0432846703431444 -7.2734248932475349
vn -0.7094371139657927 0.0243350917403816 -0.7043484823848731
v 31.9428897634309443 19.9089454112264121 -7.2938075561573434
vn 0.2448737636482837 0.0230717565579612 -0.9692804206864259
v 113.4743475274032818 19.9000423034437119 -7.2956275166042399
vn -0.5560866699772264 -0.1405822445991458 -0.8191484895775034
v 31.9428939802446799 19.8092478239141947 -7.2856482078512048
vn 0.7088765991426614 -0.1861270907588725 -0.6803312967029906
v 113.4743041998590058 19.7681111989557792 -7.2764107591553655
vn -0.7096653870942030 -0.2804353021227651 -0.6463211892579017
v 31.9428936642821490 19.7012757698852425 -7.2541707226976930
vn 0.8018080656620110 -0.3013162292020328 -0.5160546055010188
v 113.4743047791369861 19.6604844623117216 -7.2343940203718420
vn 0.4510635980590889 -0.6332042896649176 -0.6289626046562194
v 113.4742926286782136 19.5410356057410546 -7.1454116103627925
vn -0.4525739604474844 -0.6247132256853880 -0.6363255424534175
v 31.9429110918466286 19.5492940946960587 -7.1562137366020862
vn -0.3192825329429894 -0.8680536681293480 -0.3801861299478093
v 31.9428809478137268 19.4468855067480106 -7.0115529612821410
vn 0.5584055788880973 -0.7173278250250213 -0.4166821341400676
v 113.4743122098136325 19.4564996795728042 -7.0303182297556930
vn 0.7114415980841721 -0.6942301999178770 -0.1090654942565420
v 113.4743041870954272 19.3983316104267658 -6.8593991635707550
vn -0.9298995536735523 -0.3638105696791631 -0.0541173675214460
v 31.9428939785449515 19.3983775135391738 -6.8521383934273548
vn 0.7101205447791747 -0.6997399456341747 0.0780565203324500
v 113.4743149700595097 27.1011167006838640 8.2159400337052784
vn 0.3212964845133722 -0.8434093742342833 0.4306149050986080
v 113.4746056710480673 27.3412681903012356 8.9934215925522967
vn 0.5564203600577883 -0.5759535292887922 0.5988939096475648
v 113.4743041991069958 27.7251331337599964 9.4548642779646457
vn 0.8335429296925050 -0.3000811008997647 0.4638507488863426
v 113.4743041993171460 27.9968257418897153 9.6750468017454612
vn 0.5546764594863728 -0.3160263267149301 0.7697151330945302
v 113.4743041893667623 28.3904442883764077 9.8736952484282554
vn 0.3162249004991125 -0.1696193454906920 0.9333976054927694
v 113.4738293852811637 28.7943424482881554 9.9824188294850327
vn 0.9490769361640894 0.1663112971126419 0.2675696576484253
v 113.4743042000000059 29.0982933000000017 10.0000000000000000
vn -0.1621944758459896 0.8773993323640774 0.4515123072210941
v 98.2243042000000059 54.0982933000000017 10.0000000000000000
vn -0.3015069191203080 -0.9045106493783663 0.3015859129397559
v 98.2243042000000059 50.2482948299999990 10.0000000000000000
vn 0.3292324653774660 0.6690913353891299 0.6662752949409625
v 98.9743042000000059 52.2982940699999972 10.0000000000000000
vn 0.6523588975845802 0.6581581313849972 0.3758400495344257
v 98.9324775068198647 53.9104995790514891 10.0002885668721380
vn -0.1960871393912205 0.5884998063069842 0.7843582164687319
v 102.9743042000000059 52.2982940699999972 10.0000000000000000
vn -0.4050384339303646 0.7034835902869402 0.5839988914683263
v 103.3090507910230258 54.0931989121670114 10.0000000041282799
vn -0.9110272466065965 0.2339909106069417 0.3395255655966687
v 102.9767822554971559 53.7465864655399201 10.0000001390911439
vn 0.7862525499964973 0.5048530812660884 0.3562727802683523
v 104.9743042000000059 54.0982933000000017 10.0000000000000000
vn 0.7084005173299681 -0.6999656663016460 0.0906464177203173
v 113.4743042000109341 27.0968439596326149 6.8545097941174467
vn 0.5578392570937044 -0.7701492229919654 0.3093307898836065
v 113.4742919782619310 26.9723256438392980 6.2709235539069370
vn 0.4490397253827261 -0.6993564988403582 0.5561149274726962
v 113.4743041994346697 26.6686986813961902 5.7567748229151787
vn 0.7096896308856978 -0.4385713266146620 0.5513581588085713
v 113.4743041993135506 26.3586420923696707 5.4409825865962578
vn 0.8029792067788263 -0.2491528823540566 0.5414307293601948
v 113.4743041508804140 25.8684565993507540 5.1408897905269129
vn 0.7090131077245900 -0.0742100248179513 0.7012797482397719
v 113.4743042007278433 25.2622535027327970 5.0006545879295423
vn 0.8577978725254375 -0.5136075514983411 0.0197507704840133
v 68.8243026707228012 27.0984212794775097 8.0583353213619837
vn 0.4497885176157593 -0.8667089636870549 0.2156521775580511
v 68.8242884954375569 27.1436507362457498 8.4583817436466386
vn 0.3178789137455086 -0.8233344756733360 0.4701843652905618
v 68.8243227830921143 27.3400389158892949 8.9631944010049907
vn 0.7082586409392818 -0.5335157277367852 0.4623101402655255
v 68.8243022315669322 27.5609439929084594 9.2824986533378055
vn 0.7083537375819896 -0.4392472395139550 0.5525367363651000
v 68.8243029217981217 27.8400123351251665 9.5605022308666499
vn 0.3169060675462064 -0.4344904886389307 0.8430827715205088
v 68.8242746475447831 28.1698274477835575 9.7728307278281630
vn 0.8006087371929900 -0.1780279928150866 0.5721290795829885
v 68.8243020856525618 28.4720595238408336 9.9026677044455269
vn 0.2429230419949783 -0.1255726003354645 0.9618835260637826
v 68.8242717707132527 28.8131969666522068 9.9813581264017817
vn 0.8944373594528348 -0.0154375527725137 0.4469267188023515
v 68.8243026699977065 29.0489915805215873 9.9999888721495829
vn -0.8890009898606174 0.3810001770466874 -0.2540002069236073
v 31.9428939800000009 54.0982933000000017 0.1500000100000000
vn -0.8728716454081387 -0.4364357169730276 -0.2182176793771028
v 31.9428939800000009 19.3982925399999999 0.1500000100000000
vn 0.3585681805074831 -0.5976206025000743 0.7171321185074625
v 68.8243026699999945 50.2482948299999990 10.0000000000000000
vn 0.0669073023621609 0.9131475833817153 0.4021006140939751
v 68.5420406483070650 54.0982819087474027 10.0000000058952736
vn 0.3698593897542331 0.7435508009874892 0.5570783052331958
v 68.9743042000000059 52.2982940699999972 10.0000000000000000
vn 0.7792553298603327 0.5219719604046124 0.3468521348292814
v 68.9465559842994509 53.8656294423063926 9.9993524170987165
vn -0.2966255124390731 0.5973635189854763 0.7450973973619460
v 72.9743042000000059 52.2982940699999972 10.0000000000000000
vn 0.1561436623222997 -0.9370417818096273 0.3123649401895457
v 74.9743042000000059 50.2482948299999990 10.0000000000000000
vn -0.7684510027446395 0.5367923542886700 0.3483346447857075
v 72.9860301518666290 53.8160657891175305 9.9999999652844380
vn -0.2128926557569056 0.6527770674811113 0.7270205067916121
v 73.3714580051625802 54.0968914063629427 10.0000000028882354
vn 0.5770745482299983 0.5774382823005954 0.5775378740125026
v 74.9743042000000059 54.0982933000000017 10.0000000000000000
vn 0.5558016622161630 -0.8264354868573623 0.0899383029670055
v 68.8243024006064985 27.0964447214407009 6.8467721015832881
vn 0.7078760960016001 -0.6820256724299155 0.1837183029968841
v 68.8243028264091521 27.0382596198431671 6.5074773695174519
vn 0.5552663430642437 -0.7683116116553700 0.3183968524586724
v 68.8243029914086577 26.9585262596791182 6.2635096386780766
vn 0.5556364069294546 -0.7146416367770224 0.4249182442296212
v 68.8243048702035480 26.8500754727836934 6.0316594470590426
vn 0.5563103735458383 -0.6219334885717247 0.5511057104388358
v 68.8243022316933661 26.6335287677828241 5.7120733398971577
vn 0.5558788003295405 -0.5122340445891349 0.6546869808603551
v 68.8243004295154037 26.3285817443431860 5.4193395431282143
vn 0.5554467861726654 -0.3953051683108634 0.7315823204788217
v 68.8243008705668586 26.0375904309490238 5.2325602266270872
vn 0.5559647315169358 -0.2459249679642893 0.7939925235422969
v 68.8243034029436416 25.7585002977470481 5.1097487062331259
vn 0.1418652015451492 -0.0321584357522041 0.9893634820431395
v 68.8243022984507320 25.2879838252147948 5.0005638305126459
vn -0.0279445140161878 0.0228433649610876 -0.9993484301351824
v 64.1169236584773046 32.0248855647765254 7.9999599306376021
vn -0.0684944280663031 0.5553631630171807 -0.8287824023755708
v 64.1463566327001331 54.0982932469904370 7.9999164056835337
vn -0.1245495377139444 0.1202193018856159 -0.9849034125788061
v 64.4629941980105343 31.6006146211628298 7.9611086181148849
vn -0.1896541385634759 0.5555553395346459 -0.8095613456930181
v 64.5780850808341995 54.0982932996986534 7.9409736630769929
vn -0.3604812061913023 0.0313020799367634 -0.9322411060313186
v 65.0665328511075387 32.0917672650898211 7.8032530903445698
vn -0.3637775513866215 0.5571557713011998 -0.7464873338596706
v 65.2149085697786717 54.0982931677995253 7.7450809887064755
vn -0.5323066526459800 0.0381195638334501 -0.8456929267777872
v 65.5799339466381497 32.0919822172321432 7.5355293389933671
vn -0.4468101106656027 0.7094488837098113 -0.5450165193917471
v 65.9836464342283051 54.0982686354795916 7.2403189824223118
vn -0.6703052025642089 0.0694296762238711 -0.7388304646363760
v 66.0308140726462227 32.0079434935394644 7.1977065966687199
vn -0.7965977482981358 0.1955798742673076 -0.5719969756807496
v 66.4346015759408033 31.5074269356456504 6.7133906330708149
vn -0.6544475200717721 0.5564003408774334 -0.5119737338412816
v 66.3747806687843251 54.0982932997364188 6.8032179563188597
vn -0.7140712508624499 0.6022688352135175 -0.3568956413607328
v 66.6523513807430277 54.0982978743293472 6.3664286817946847
vn -0.9115099321976331 0.0576528729424255 -0.4072171285033954
v 66.6517708186526505 32.1023209940016727 6.3609622361403826
vn -0.6796004125036847 0.7087426067452084 -0.1892807351761618
v 66.8675412064652051 54.0982948242785113 5.8042894729455616
vn -0.7013813971527395 0.7083154378114370 -0.0797080691402282
v 66.9737966511454061 54.0982923119588648 5.2125219594470531
vn 0.0540290876379856 0.0591258394775081 -0.9967873357918863
v 36.6474048621858515 31.9704245650945502 7.9998641180077321
vn -0.0635499506692039 0.3368666717466519 -0.9394052635770545
v 63.9719949153170830 31.1059065344106571 7.8340086475436630
vn 0.0269367721812486 0.3753316901559841 -0.9264990732154610
v 36.8380470312794870 31.0577732043672583 7.8168051582486546
vn 0.0492601393027215 0.5215823361709704 -0.8517777323165412
v 36.8261203084667841 30.5187415956382218 7.5575664565580984
vn -0.0663462819464457 0.6541883439721108 -0.7534160746114394
v 63.9888624836924294 30.0999792483823221 7.2411322722913747
vn -0.0685827701803008 0.7457414566465783 -0.6626960717199367
v 63.9814340385198506 29.8344537307354614 6.9697662913942864
vn 0.0520719215815200 0.7648924112047982 -0.6420499312858134
v 36.7833906363678551 29.8176995182634776 6.9503436442486919
vn 0.0766562252152057 0.8590322212139917 -0.5061496478828286
v 36.5303482652577216 29.5713471753704340 6.6214379779106372
vn -0.0178470876431998 0.8095730247373566 -0.5867478155734911
v 63.9700721486651105 29.6124089967481616 6.6844094971144710
vn 0.0597950121585432 0.9195235093489297 -0.3884598721561705
v 36.7934586575369451 29.3643839162930824 6.2406451369537566
vn -0.0499475799561039 0.9480974401733585 -0.3140326148559309
v 64.0541615528271961 29.2343652767497062 5.9176637191161028
vn 0.0474787683395893 0.9673058306480836 -0.2491288753861677
v 36.7900201509423184 29.1899618412512147 5.7503864423385060
vn -0.0941923120074477 0.9900029619216905 -0.1049854453958813
v 64.4162785180419775 29.1250953929506977 5.3914671236720650
vn -0.0178830829687845 0.9995980359328590 -0.0219991341352859
v 64.0473325097373021 29.0983327491953574 5.0845482804239603
vn 0.0911763406320831 0.9929260659143796 -0.0760572319818147
v 36.5171710032877499 29.0991238053193406 5.1884092748786745
vn -0.0974194192959432 0.4895975316057706 -0.8664893039095045
v 64.2117451924229528 30.5877463563421017 7.5992908402719923
vn -0.4110504209008735 0.2701590679555344 -0.8706616044587080
v 65.1988887929094716 31.2329440711454041 7.6736411493781773
vn -0.3889005241595815 0.6291601660580682 -0.6729887575243636
v 65.2799979898410783 30.2264199726424003 7.0637922140809080
vn -0.1222671901148688 0.8567283367707589 -0.5010661545099845
v 64.3734186782735236 29.4807027373135035 6.4672679045466186
vn -0.3068875657839797 0.9337288034164203 -0.1843109970612812
v 64.9203765094519127 29.2524210346735849 5.6235703541169126
vn -0.4744405781504674 0.7896017913064423 -0.3891466933816962
v 65.3565735496078304 29.6465256698955386 6.1506538677110534
vn -0.9629030858060708 0.0260489571982231 -0.2685872282407182
v 66.8713212352253805 32.0999045018874227 5.8011019691084300
vn -0.7636052891434246 0.5725718505454997 -0.2984433587049456
v 66.3582913148056548 30.4250079394545772 5.8928255451919851
vn -0.5906391987359163 0.7997050031210532 -0.1077833238481314
v 65.6726174144688741 29.6134134917708636 5.3402677642960139
vn -0.7446385265790916 0.6659871700584883 -0.0444359544918946
v 66.2356942043499402 30.1202562037553108 4.9716432586097623
vn -0.8580490311199067 0.5114137893465076 -0.0469871925149334
v 66.6159780480862906 30.6615160291321622 5.0672917183336788
vn -0.9963902863251004 0.0630367310232500 -0.0568574345084851
v 66.9739812138864465 31.8680078842586951 5.1754347025321294
vn -0.9504592712417255 0.2509956521255021 -0.1833803597028373
v 66.8858121832871007 31.3502545004487736 5.5347900352629784
vn 0.4463829465754582 0.8945927944180584 -0.0211186453614138
v 33.7929449573571503 54.0982932999756727 5.0747373350175664
vn 0.9590697923683320 0.0468056421540629 -0.2792747128350690
v 33.9042377952265923 32.1274134326819691 5.8127870828060084
vn 0.8152827121239544 0.5558708569541665 -0.1622396058330079
v 33.8392743785966061 54.0982912080748051 5.5631705431974616
vn 0.9159267927376976 0.0407671897668959 -0.3992695162214924
v 34.0262324089857913 32.1151642768057997 6.1659657201056071
vn 0.7768534461702152 0.5556331656417042 -0.2962608789773619
v 34.0121164301546060 54.0982932997626236 6.1318838938389320
vn 0.8218418039383120 0.0686703803734900 -0.5655620462502602
v 34.2962357367272048 31.8849584897154301 6.6798871604740544
vn 0.7098278253056765 0.5566505587690930 -0.4316070132005163
v 34.2548276442791817 54.0982961247437615 6.6150955444130322
vn 0.5910315474237250 0.5567666646257143 -0.5836887793263416
v 34.7204716132748246 54.0982881413605057 7.1790413844138516
vn 0.6387864673892336 0.1487240513255035 -0.7548728407074351
v 34.7911336221491112 31.7516158522436385 7.2438316619928127
vn 0.4603821795681060 0.0525429388139619 -0.8861644815252484
v 35.3485377233930365 32.1180144868008526 7.6358816729296484
vn 0.4434863104358893 0.5563018648407307 -0.7027432871473676
v 35.2747554474249512 54.0982948373477868 7.5946400797530238
vn 0.3201277534359165 0.0340227165876766 -0.9467632630367888
v 35.7987021956881009 32.1026034925558506 7.8329274341098216
vn 0.3035953912768536 0.5555721505408181 -0.7740603490290048
v 35.7641242668785253 54.0982932997530241 7.8205527922461249
vn 0.1855691799132954 0.5554622565924290 -0.8105712559470348
v 36.1890979034763802 54.0982932997086223 7.9409714593712160
vn 0.1852195077235851 0.0419741872834921 -0.9818003369120033
v 36.2251845091298250 32.1111011298162978 7.9481518745372792
vn 0.0513280329062134 0.6008026880852838 -0.7977478066578910
v 36.6230392063025647 54.0982933389859397 7.9999539777514830
vn 0.9919569722852760 0.0917319329218716 -0.0872159252490355
v 33.7935498182855696 31.8665986801927623 5.2649543657263438
vn 0.9441452694130428 0.3251903419765874 -0.0533005790786839
v 33.9216789231691749 31.2044569780893042 4.9431706616565787
vn 0.2732162921355877 0.2893249211168766 -0.9174115476340999
v 35.9538570801196755 31.1865134414973824 7.8048078722418923
vn 0.8820029109417297 0.2885214493799920 -0.3725939322345226
v 34.1407110513327368 31.0688269971310405 6.1637602676901553
vn 0.8758495917814915 0.4761064066178254 -0.0788047089561068
v 34.1536614751625436 30.6670815824780867 4.9884572894899666
vn 0.7770309477190099 0.6278254186845849 -0.0453668374522927
v 34.4819843747917218 30.1741028063500423 4.9985824766274174
vn 0.7119536129854400 0.6265510702445365 -0.3171053599868724
v 34.5800445365618501 30.2354585779463889 6.0104631864323963
vn 0.5001918721992746 0.5104715861303336 -0.6994475325136016
v 35.3731919577461369 30.5551636476553234 7.2216958494155179
vn 0.0657793637539512 0.1920914516742074 -0.9791700309434623
v 36.5093149778998338 31.4846348363749584 7.9395965461248279
vn 0.5797281040637445 0.8024990049516847 -0.1411051820813546
v 34.9944995203503950 29.6838776305076841 5.3992226592279522
vn 0.3189851150421724 0.7855051660994243 -0.5303113523324274
v 35.9052228034725047 29.6635873265903527 6.5950878311941423
vn 0.1120645791018215 0.6551922815224793 -0.7471041455808551
v 36.5573151117593298 30.0810947614430440 7.2238658520887968
vn 0.2492157218650829 0.9381507460871791 -0.2403428833798388
v 35.8429031505213374 29.2484609559879658 5.5437355847981040
vn 0.6556534363483288 0.3293933107524950 -0.6794252116577204
v 112.5682705272290036 31.7630860199602232 7.9988758711102079
vn 0.1083794197067836 0.2241294950952666 -0.9685142594780738
v 107.7363009452874678 31.5976648954226107 7.9952348516803964
vn 0.4969396214550172 0.5401440260506223 -0.6791873406873605
v 112.9928630533678131 30.5146141228974734 7.5980269728982517
vn 0.1280382151757776 0.6094634186067663 -0.7824068997872877
v 107.7365430905067711 30.2073622945832767 7.3736194431266098
vn 0.1461144990387628 0.8510499749448246 -0.5043456089994882
v 107.6240926450712152 29.4865170783997570 6.4824051247125345
vn 0.4741711699875654 0.7578113343738867 -0.4482004942512811
v 113.2944693517420376 29.6272119322278265 6.7277524440987033
vn 0.4656901420853737 0.8471037237367481 -0.2560233832989469
v 113.4250258305226140 29.2432336303078699 5.9418742489140746
vn 0.1759174347705759 0.9800650015798277 -0.0923344400647580
v 107.5671395960805086 29.1031359561007612 5.2191891040364080
vn 0.8501503171154923 0.5244614611796721 -0.0467398550031031
v 113.4743031926527976 29.0985494657830017 5.2293228246975687
vn 0.7238558078838789 0.2141458151354472 -0.6558767713928827
v 107.7342528512514690 45.9807984377768051 7.9987713061718653
vn 0.7473832834583434 0.1537316811019947 -0.6463627447746199
v 106.8000607945300118 48.7284431044993553 7.7796674392179499
vn 0.3348112732735037 0.0589976916791008 -0.9404364325490122
v 106.9639691380415343 31.8931598133996275 7.8411036230934616
vn 0.5529787381772640 0.0483847336750656 -0.8317892958382394
v 106.2264282986062796 32.1175551473274155 7.4440583920166725
vn 0.8449097205417030 0.1434096074434556 -0.5153263515744712
v 106.0348638729366684 50.9790219158294491 7.2960620677360879
vn 0.8993642501923466 0.1383159236321189 -0.4147440786144537
v 105.7065580432474263 51.9445917329579032 6.9658929641818803
vn 0.9441083483374058 0.1346161525000369 -0.3008951945207873
v 105.3979314268012502 52.8523095168461765 6.5514942075562450
vn 0.8319767094296782 0.0626924372674492 -0.5512571208392975
v 105.4537128879966872 32.1252227245300759 6.6376513493959326
vn 0.9794532054135263 0.1316566695692383 -0.1527676005018905
v 105.0708814394593276 53.8142073834074992 5.7901739092166391
vn 0.9316289663322109 0.0930493407864136 -0.3512965830605102
v 105.1255179096200720 31.7409078498185906 5.9743020241495026
vn 0.9856073004306051 0.1389376929910244 -0.0963045523546367
v 104.9750912186676572 31.7498467051626214 5.2245659157617634
vn 0.5612648347892258 0.8271368474196269 -0.0287475367595923
v 104.9745250701317190 54.0982609321154655 5.1679267840993512
vn 0.3984282578674482 0.9160459851472584 -0.0459856111006378
v 106.8083324934486740 29.3316305443319010 4.9830168400850257
vn 0.5967311815580574 0.8013572646196475 -0.0416945008081532
v 106.2053278465641597 29.6620335905824710 4.9342014248455799
vn 0.7803285322182594 0.6160737624950396 -0.1074267237297239
v 105.6075490880962349 30.2444809593438535 5.3284484356173554
vn 0.1147572766287847 0.9538099218915536 -0.2776281692515604
v 107.6572737189424203 29.2283402150359315 5.8923674944683091
vn 0.9157906447651416 0.3874201421636588 -0.1059864538822609
v 105.2175008324184518 30.9038916547444025 5.2561388455372118
vn 0.8121649775698824 0.3880928933927392 -0.4356282306129442
v 105.4889137766359539 30.8474850442129700 6.3216702628681389
vn 0.4757893020486211 0.8341416750806450 -0.2789842396081571
v 106.4729033441069816 29.5984927920345342 5.9019000934616610
vn 0.4483114803020272 0.6435631441550667 -0.6203573938582901
v 106.4809131257705985 30.1965995113797447 6.8602372553923487
vn 0.7100416847040277 0.1031559947713127 -0.6965627371065776
v 105.8170863692606218 31.8967411157810865 7.0904989153636064
vn 0.4615755606990104 0.3054351763615446 -0.8328609456604303
v 106.6783304186148342 31.1681240504306949 7.6045863671716267
vn 0.3574735075297524 0.9308441581337606 0.0757749607893431
v 68.6781656195278174 54.0916782204418425 7.6557439705878414
vn 0.9522355625235653 0.2846684053605966 0.1105048978773539
v 68.9734793038685154 53.7397834979862097 7.7925827852961973
vn 0.7989003041957325 0.4333319549116086 0.4171111612129909
v 69.1514244876372857 53.8445383379493805 7.1023352649271354
vn 0.1704914399985696 0.9698529581364289 0.1741203850249374
v 69.3156983030674922 54.0974777386571972 6.0746540251277681
vn 0.3541850426782429 0.4965678918473980 0.7924476539994564
v 69.9404232170177096 53.8733935747187545 6.1967997030482591
vn 0.0033109274649612 0.4613230423554616 0.8872260638367330
v 71.0057271198227795 53.8153951715831269 5.9687696778106929
vn -0.0029793246605951 0.9482197361974991 0.3176010949447621
v 71.1041336468549474 54.0981329062669190 5.5747104965379872
vn -0.3573303390961700 0.4545754494744974 0.8158898145561537
v 71.8172184611033231 53.8094940666421806 6.1691166983417798
vn -0.2138431961558536 0.9430629389600785 0.2547614190136101
v 72.3930568729826120 54.0982040533252544 6.0394493419894983
vn -0.7167754807716880 0.3952106372512427 0.5744923518794506
v 72.4336985084717497 53.8432291839119088 6.5815936762270031
vn -0.3478159957427445 0.9313920376844758 0.1073913648457980
v 73.3188107654995491 54.0976547560802032 7.6500073412510066
vn -0.9312833832475862 0.3019977911803769 0.2037365804393090
v 72.9668472225645104 53.7899474922698317 7.5318880516925146
vn -0.6395662717910741 0.7235091393328396 0.2597874309683195
v 72.9364793078096625 52.2985005334349751 7.3874838900521338
vn -0.4944264628283936 0.5782499751052664 0.6489756845566419
v 72.2442038265051565 52.2982940828471143 6.4336219550959006
vn -0.0406799425251103 0.6318996489342996 0.7739818963986579
v 71.2438086774764940 52.2982940824933920 5.9832906186827577
vn 0.4455753649849503 0.7407791994607231 0.5027014738041441
v 69.6966079203375273 52.2969007088827240 6.3642412059100524
vn 0.6694690310804325 0.7226457523961920 0.1720300350751828
v 68.9816443284379943 52.2982940877621800 7.6610450985399430
vn 0.3174294663463658 0.9460658079343688 0.0647921365024451
v 98.5818576927992467 54.0963325986223680 7.7774040528827975
vn 0.8557869190995955 0.4605947715048702 0.2355444874336878
v 98.9834521795829403 53.8227122060349856 7.4528653569419925
vn 0.2707104124210988 0.9284710820103209 0.2542780416736422
v 99.1631128720466535 54.0979721809669982 6.3658672717922995
vn 0.4165448014975262 0.3630445166743227 0.8334801180940634
v 100.0207213173618328 53.7837831299764346 6.1389784881267433
vn 0.0124589873801262 0.9204331607842009 0.3907013823398468
v 100.6273382879308258 54.0972567487452736 5.6701322522406672
vn -0.2293919049559815 0.3620061295145003 0.9035103298438801
v 101.4939697113447181 53.8577526016430426 6.0026455325494723
vn -0.5863367152634050 0.3170412482165423 0.7454489273340041
v 102.3118013801769450 53.7973519015832125 6.4524999481259586
vn -0.3570219216169999 0.8102985977408661 0.4647058531846690
v 102.6853042283627104 54.0947385060417929 6.3704962113194794
vn -0.8310503936111460 0.4041955093990357 0.3820749055622644
v 102.8257712290849923 53.7558288198358838 7.2237547956350721
vn -0.8699423831013133 0.4852807462976776 0.0877658666952971
v 102.9801657502935512 53.7977275859322859 7.7699919158090474
vn -0.3524963834087591 0.9317313704724390 0.0873095238865484
v 103.3060185178670594 54.0959863401893131 7.4834883434441650
vn -0.7797240514060078 0.6122302434406891 0.1311660500112571
v 102.9720723923623211 52.2982939880932562 7.7405978488411566
vn -0.5351850820919415 0.7278725876037270 0.4286938582733565
v 102.5308855363985003 52.2982940827932481 6.6719052345561831
vn -0.1551486989475135 0.6323600237936440 0.7589793683115477
v 101.3601849281396028 52.2982940829489422 6.0075393678513915
vn 0.2278087520246382 0.8518973500676285 0.4715655600748739
v 100.1223446622150703 52.2982940989081513 6.1523206548175526
vn 0.5998943696099738 0.7306179201612010 0.3260739180762133
v 99.0429102239766763 52.2986521444583801 7.2279421230407230
vn 0.6007387550455059 0.4613176361217675 -0.6529157578044814
v 70.1250965971563431 52.2982940667271805 8.9465402108989966
vn 0.6890229129657047 0.7247175821997314 -0.0056437096692297
v 69.6983625979866304 52.2983948290395020 8.1504981610443004
vn 0.5080349047613760 0.7231667981011157 0.4678999013339070
v 70.0475618454141653 52.2983997619875751 7.1022146547336451
vn 0.0353041915162419 0.8463936041999103 -0.5313863762187266
v 70.8725265110376057 52.2984720955832003 9.2817069652115514
vn -0.5322833028464710 0.4630800772407173 -0.7086828116820554
v 71.7480652616393968 52.2982940654182755 9.0215123705406590
vn 0.0469851820339736 0.6069847734465001 0.7933233120697609
v 70.8798022260948244 52.2982940720396670 6.7389999487122676
vn -0.6840141655613421 0.7290508926209471 0.0246863784306444
v 72.2722771411402363 52.2985779641048296 8.1039174528263747
vn -0.4321586111209890 0.7256533893788963 0.5354120780454039
v 71.7841574606239732 52.2983807000923022 6.9866436893982895
vn 0.5615512829968120 0.7255165025386157 -0.3978516822997856
v 99.8906434126933505 52.2982940628249509 8.6998993657990322
vn 0.2782012358743558 0.5593933553171555 -0.7808220965014987
v 100.5061758954566642 52.2982940663894098 9.1656799499616159
vn 0.7323584592932623 0.6375497716556749 0.2391262757695105
v 99.7240344904738123 52.2985017380247683 7.5103462438578461
vn -0.1678190375131444 0.7180390721529654 -0.6754677353581520
v 101.1325692061083430 52.2982940852850717 9.2628969590321137
vn 0.1893734217104601 0.6100980486481669 0.7693621242206894
v 100.7027470754835576 52.2982940704586383 6.7640174560396646
vn -0.5993672674666596 0.7319872811766114 -0.3239652741965137
v 102.0687569835501591 52.2980416696112727 8.7325824587381913
vn -0.3177862719751208 0.7181752779821196 0.6190607041635415
v 101.4792225451247276 52.2982940807413499 6.8291042386179193
vn -0.6499495317372401 0.7244654947676014 0.2295982427756732
v 102.1673970119281023 52.2992747322156859 7.4904535852334835
vn -0.4457644436929475 -0.8111688553078926 0.3785487404781586
v 102.0018558042287822 50.2482430541246288 7.2194147793493002
vn -0.1355914668498445 -0.8079159593674878 0.5734864921833983
v 101.3167717152331022 50.2482948304241717 6.7827221098439319
vn 0.1384535253493287 -0.7189539890965544 0.6811283160172497
v 100.7328778220039993 50.2483140361494591 6.7534499018678282
vn 0.4414574659383840 -0.7160350273927596 0.5407486896090554
v 100.1806107185854415 50.2482948328384040 7.0210175847185594
vn 0.5157622662267008 -0.8467924941237103 0.1301220835694080
v 99.7242513269746667 50.2482860478464843 7.6626543352288889
vn 0.7715824131610355 -0.5735109458596058 -0.2752195027243040
v 99.8385176363344158 50.2482948230790782 8.5822601854454259
vn 0.4375335697502225 -0.5643863562590140 -0.7000231540529930
v 100.3568685254969637 50.2480313313818243 9.1114486859471278
vn 0.0059813187235323 -0.7173930280858154 -0.6966429982998408
v 101.0161488249409132 50.2482948398169427 9.2647698816372550
vn -0.5192959264541342 -0.5756755952445444 -0.6316085415888404
v 101.8787955155659120 50.2475370758818300 8.9373245995018529
vn -0.8253245788411595 -0.5630951038411413 -0.0419909941630001
v 102.2407196953336381 50.2482947918473428 8.0000053563853584
vn -0.7701581586131303 -0.5799388296440124 -0.2655698864569653
v 72.2474386553783035 50.2484125603728700 8.3077472674984261
vn -0.7498257637195191 -0.5623629913174210 0.3485816834817376
v 72.0628623651585087 50.2482948317704725 7.3817039531974453
vn -0.2659211806829230 -0.8975993436680375 0.3515698279302542
v 71.7361161696241112 50.2482949309497613 6.9917374721796195
vn -0.1883021875382174 -0.7120347028025219 0.6764235863519591
v 71.2746529420697357 50.2482948308792814 6.7846648209835330
vn 0.0261934304185714 -0.8350270253400289 0.5495850900039868
v 70.9646038421882821 50.2482948301552099 6.7455530606123295
vn 0.3232331264324138 -0.7172195061622018 0.6173463581792432
v 70.3518348484241756 50.2483140067483944 6.8830595584035654
vn 0.5417373358291800 -0.8084885331392569 0.2299281425816219
v 69.8502552863772195 50.2482980695445107 7.4186241219454327
vn 0.7833056511935185 -0.5715193804320704 -0.2445359985745257
v 69.7327404732199057 50.2482503514975178 8.2907711405664077
vn 0.4654360471646386 -0.7219397777554261 -0.5120275805991337
v 70.1191683970526185 50.2482948330413990 8.9368314020650388
vn 0.0491148362693360 -0.6287241224674409 -0.7760758408079603
v 70.8937894008534784 50.2484506293420452 9.3048384180566170
vn -0.4032903843547728 -0.7190066821612855 -0.5660267280742136
v 71.6834017930337239 50.2482948278484045 9.0400722175561352
vn 0.9901440976148932 0.0990490023294471 0.0990149539005598
v 68.8243026699999945 26.9482936899999999 5.0000000000000000
vn 0.8252288378968490 0.0836388014548799 0.5585713168384208
v 83.9746127659351771 23.2763241963974075 5.0000000012468222
vn 0.7406940767700461 0.3687418496177188 0.5616063861622949
v 84.0900142727226694 22.9081767418367299 5.0000001813009591
vn 0.3333129838917048 0.6667423578685600 0.6666011423580680
v 83.9743042000000059 26.9482936899999999 5.0000000000000000
vn 0.8008619747744322 0.3996780479773769 0.4459568985063360
v 113.4743042007828819 20.2300764198503593 7.1681931643025898
vn 0.3173929098604490 0.4971541915827821 0.8075267491309421
v 113.4743041976709748 20.1481338869909230 7.2268470707494679
vn 0.5562649768002899 0.2878355154123631 0.7795639753430583
v 113.4743041992143588 20.0586675446085998 7.2672522223364355
vn 0.8017992146937304 0.0814238488636212 0.5920204186958007
v 113.4743041848784628 19.9552178927232049 7.2910749568722881
vn 0.3187464329938048 -0.1242921995592141 0.9396553413791986
v 113.4742957935886665 19.8180112030111424 7.2879676775182194
vn 0.7115634068958865 -0.3275360639483422 0.6216089162648383
v 113.4743037964881722 19.6599044039753359 7.2356455785105931
vn 0.3187079545324972 -0.6915014814171029 0.6482676460503515
v 113.4743613859682370 19.5234040734781793 7.1265835641354212
vn 0.6016193378270344 -0.7059164739146193 0.3738129267541604
v 113.4743041998053599 19.4555473165856618 7.0260490437104126
vn 0.3173442455971074 -0.9119376854596414 0.2601197563141155
v 113.4743041937384902 19.4217479431797813 6.9466509977878221
vn 0.9198237655015720 -0.3913996416261885 0.0270288910871412
v 113.4743042012066496 19.3983059983911339 6.8351188765280710
vn -0.4113861406417053 0.3843106079552138 -0.8264785538058548
v 6.5000000494892651 28.6447359256783223 9.1938246352954227
vn -0.3288589988794199 0.9170194904323499 -0.2256701420729363
v 6.5000000173638650 28.3613477711239668 8.8384104913456625
vn -0.2672716155156419 -0.5097535888959478 -0.8177512837943821
v 6.4998104832673329 26.4800983763211946 9.1594789332208482
vn -0.7219576952324950 -0.6653793297489318 -0.1898616175993617
v 6.5000000035163064 26.6923854449073445 8.8257438606050229
vn -0.8191494504609427 0.2224413426811720 -0.5286908613506885
v 6.5001267493372410 25.5998110771154224 9.2379027763865107
vn -0.6122238444630691 0.5620371550245489 -0.5561440466666625
v 6.5000000000000000 27.8543815600000002 6.9627242100000002
vn -0.8972566618674993 0.4304430223064317 -0.0982307858163459
v 6.5000392737099428 28.3326639786609178 8.0572821270213488
vn -0.3335890334404347 0.8986179956843403 -0.2849632513159116
v 6.5000000565450193 25.2223803297151790 8.8663428785199052
vn -0.7130566381822587 -0.6948971224021235 -0.0931032761048912
v 6.4997884918168456 26.6851602500384253 8.1704080816058511
vn -0.8047917036649264 0.5695602333465135 -0.1670672149237254
v 6.4999909327809950 25.1947255164706299 8.0164060864342446
vn -0.2674752523247937 -0.8424451566516228 -0.4676998475817698
v 6.4999999951115237 23.4779109964000590 9.0078226080509172
vn -0.7232114894161031 -0.1208154784213012 -0.6799770303108583
v 6.5002003345265109 23.0540092758048480 9.2546823945417778
vn -0.7679805248675877 -0.3503940665598532 -0.5361249029319134
v 6.5000135718775818 27.1839192749196670 6.9589597352290182
vn -0.8714446080233341 0.2662895746154749 -0.4119152310830066
v 6.5000000000000000 24.7127895399999993 6.9627242100000002
vn -0.2909431138824615 0.7016554805152097 -0.6504088645977599
v 6.4990838539282425 22.1781272732695491 9.1029348813950115
vn -0.8346156779485225 -0.5349329528853877 -0.1313902813751748
v 6.5000902131659641 23.5548892894227002 8.1740555045490861
vn -0.8960647471982710 0.4239114846276359 -0.1317839976222156
v 6.5000244176395938 21.9781742763044043 7.8067110757951692
vn -0.6284023715673533 -0.4102796439043989 -0.6608941467483317
v 6.4999320813618793 20.1778264295210903 9.1737989796476835
vn -0.4632490672501563 -0.8438977051770521 -0.2706232896274174
v 6.4999999828495545 20.4127869077082771 8.8258980702016530
vn -0.7682301567286121 -0.3539705307359355 -0.5334109950715791
v 6.5000000731595655 24.0541478781541365 6.9587819397731119
vn -0.7562162713987957 0.4516685107158146 -0.4734263483367410
v 6.4999973013445720 21.5690434541312221 6.9586740087231700
vn -0.7560832955455419 -0.2330594632736727 -0.6115728384874368
v 6.5000000000000000 20.9174270600000014 6.9627242100000002
vn -0.2757604582285808 0.8226472015858405 -0.4971999109015897
v 6.4978018735135175 18.9893042446371219 9.0256832335909376
vn -0.5662307384087829 0.1027443791154375 -0.8178180380996910
v 6.5000000265368323 19.6217929757876348 9.2612305995598518
vn -0.7144160016418840 -0.6822943669845325 -0.1551907644777859
v 6.4998095439603967 20.4350867714362998 7.9902659791992816
vn -0.8964215257125422 0.4292622997022023 -0.1102829374544171
v 6.5000101365963028 18.9113192059580228 8.0317992235206308
vn -0.4760827690173403 -0.8046800245575639 -0.3547326530259375
v 6.4998354995487198 17.2513719556910452 8.9148524823243847
vn -0.6206893110241091 -0.0954660922176685 -0.7782229785974609
v 6.5000419599758406 16.7495246045872506 9.2657286353063277
vn -0.7639864971671099 0.3502490877878206 -0.5418950162624946
v 6.5000000000000000 18.4296035799999984 6.9627242100000002
vn -0.3280115543903144 0.4197215501145999 -0.8463109597280701
v 6.5000000353909337 16.1236499320495668 9.1960190150533414
vn -0.8709859205751123 -0.2593526615749678 -0.4172765546899377
v 6.4999970424549058 17.7782177321669046 6.9586703773379091
vn -0.5772451322540200 0.7698123864934422 -0.2723544508362408
v 6.5006156273536799 15.8144286599508348 8.9197817468205738
vn -0.8971056725197517 0.4280140479853944 -0.1095690971946033
v 6.5000453678449563 15.7413180120326111 7.9628073209578165
vn -0.7118190118613402 -0.6662037527608684 -0.2224550609900366
v 6.4998279375658079 17.3387770470730374 7.8632547522339529
vn -0.5673099066409572 -0.7986193328031453 -0.2009144870338812
v 6.5000000030780081 14.1249408655796600 8.8378878684204043
vn -0.3313203983306782 -0.5138248614692745 -0.7913348250810660
v 6.4999999852670802 13.8907376643650924 9.1628060867048351
vn -0.7152994814941661 0.0124228592587387 -0.6987076100501659
v 6.5000000144412438 13.3903306567553706 9.2686269127924259
vn -0.8053631807692047 -0.5694220192433090 -0.1647686592231122
v 6.4999540553612265 14.1387352714886827 8.0346069082879694
vn -0.7650644288364405 0.3512835357347523 -0.5397001920055819
v 6.5000000000000000 15.2880105999999998 6.9627242100000002
vn -0.3616036356254120 0.8004258480303955 -0.4780808221496720
v 6.4996612386091472 12.8089682823729465 9.1256565483826009
vn -0.7106313613574029 0.6671795986552457 -0.2233258860802969
v 6.4999741487068201 12.6466490952692325 8.0646298061325137
vn -0.3317699746326374 -0.5799794128310432 -0.7440111320567842
v 6.4998256688807627 10.7519142665383622 9.1640699841258417
vn -0.7197285952666416 -0.6683446396991918 -0.1878994192137499
v 6.4999679768263521 10.9623503355485195 8.8931996312388524
vn -0.4585911660297972 0.0332180170238251 -0.8880262979126439
v 6.5000000081893665 10.2474943208857692 9.2684578945018146
vn -0.8397936939039221 0.1944958655589968 -0.5068707033945268
v 6.5000000000000000 12.1464185699999998 6.9627242100000002
vn -0.8720159289622886 -0.2620464703112814 -0.4134245602687818
v 6.4999999925712189 14.6380943618060257 6.9585884257377817
vn -0.7593996097689084 0.5792471442857250 -0.2962852991959986
v 6.4992520458636331 9.5713179362798719 9.0624005228420259
vn -0.6365378354609112 -0.6870348848752657 -0.3504320918397292
v 6.4999929858964380 7.8101104119750939 8.9446215211569271
vn -0.3359565887061547 -0.1588002173627975 -0.9283941304588542
v 6.5001341629814373 7.2840030874443915 9.2598018970017115
vn -0.5570230043789846 0.7950388747048401 -0.2400803205193446
v 6.5002739381361696 9.4424095640504149 7.9164471888487427
vn -0.8039205705465029 -0.5651405114125089 -0.1852779496124487
v 6.4997868967418402 11.0491567171152489 7.8806956805687580
vn -0.8387642650278806 0.1979200723837020 -0.5072495960174530
v 6.5000000000000000 9.0048255899999994 6.9627242100000002
vn -0.8708502173881270 -0.2595546068364940 -0.4174341923525251
v 6.4999999925579752 11.4965013561007190 6.9585884175195556
vn -0.5205754718951200 0.6519856218875085 -0.5512857035268844
v 6.4994719785357491 6.4342785189484042 9.0845571555112627
vn -0.7105562914550045 0.6686846463971026 -0.2190219175025471
v 6.4999713085227189 6.3103050724066199 7.9095885613817050
vn -0.7091042394488259 -0.6876762699342680 -0.1557964228247679
v 6.5003667615804916 4.6689490963598583 8.6071153302146044
vn -0.3536277343726389 -0.4983877531938486 -0.7915535818558728
v 6.5000441031547380 4.4757332993266852 9.1667666512334876
vn -0.7101246706032739 -0.6708142510391794 -0.2138485277090689
v 6.4999535086112239 7.9318050678550840 7.8286233557345248
vn -0.7157075110435701 0.0604274818164430 -0.6957810561355786
v 6.4999999973867544 3.9557786877729466 9.2673191309091862
vn -0.3558801895049469 0.6758882080198548 -0.6453870319255202
v 6.5006578718271326 3.3241453164058665 9.0750195742623223
vn -0.7128849217327825 0.6853373629378712 -0.1486868767827512
v 6.4998793596685278 3.2097675942178170 8.0818727597230993
vn -0.4912234713483014 -0.7140620478907242 -0.4988134851411195
v 6.5002265406778958 1.4577913820429680 9.0729774744236416
vn -0.5685647778758430 -0.0420878471788050 -0.8215611398300473
v 6.5000000160491087 0.8022332222572647 9.2646567426146706
vn -0.7075571136335528 -0.6585366277811049 -0.2563053663450026
v 6.4999994165023853 4.9555424059369875 7.4363609376485948
vn -0.7515786244812260 -0.2246567786922183 -0.6202087576054887
v 6.4999999971039442 5.2104006488704036 6.9615095680502055
vn -0.2884372374221129 0.7539120225218305 -0.5902716513312684
v 6.4997619555966040 0.1410972963398867 9.0702364408068448
vn -0.8953772971332690 0.4395369062679844 -0.0714619045834271
v 6.5000003219257172 0.1061780447717537 8.3526028793347038
vn -0.5562918831736297 0.7804999762404350 -0.2852352148732996
v 6.5000005515470027 -0.1251067892199316 7.5280785520607969
vn -0.3591902092604467 -0.6233119092109507 -0.6945967588516634
v 6.5000050895791022 -1.7413850779557583 9.1272940699631526
vn -0.7106291385205510 -0.6931621475397827 -0.1205506727628514
v 6.5001900892588109 -1.6051018004547752 8.4264263743754153
vn -0.5383146820942379 0.1485624184620748 -0.8295459666965290
v 6.5001890569575220 -2.5039633011458204 9.2718363550753278
vn -0.8025225211855386 -0.5584535788322286 -0.2099695294072038
v 6.4999896113027775 1.6938113867708466 7.7162466596607748
vn -0.8357988280440909 0.3706970379129221 -0.4049987964460013
v 6.5000000000000000 -0.4199525100000000 6.9627242100000002
vn -0.7553192480926054 -0.2256620352096095 -0.6152800007524040
v 6.5000000000000000 2.0678706199999999 6.9627242100000002
vn -0.3433735473164740 0.8757379637979252 -0.3393782930099755
v 6.5008717067207815 -3.0372084507807613 8.9255335489238661
vn -0.8037511622410208 0.5681682319781525 -0.1765472440085899
v 6.4999175973996026 -3.1134028177480406 7.9163679699144449
vn -0.5105572959974271 -0.6210396454741721 -0.5946772286317260
v 6.5000527817999778 -4.8237638769691520 9.1036952628603984
vn -0.5629535410556952 0.0355902087622596 -0.8257218948611650
v 6.5000000154305226 -5.4850681446942051 9.2647813404144834
vn -0.7079255395156460 -0.6518898523967002 -0.2718106893477333
v 6.4999994165587953 -1.3276439765992329 7.4363633988591475
vn -0.8386913848034209 0.1941927908367763 -0.5088083342905698
v 6.5000000000000000 -3.5615451299999998 6.9627242100000002
vn -0.3315078185309521 0.5473046380419534 -0.7684791470369354
v 6.4999999760481906 -5.9475076993033653 9.1746258628758941
vn -0.8105008321654790 0.5710652947832702 -0.1302798148339295
v 6.5000000091166381 -6.1983945064644628 8.8226304930902320
vn -0.7113053550486710 0.6764395903236703 -0.1909821261841780
v 6.5000211475175824 -6.2334030771338691 8.0030437520888871
vn -0.7095729768516027 -0.6913333819065766 -0.1362510388348315
v 6.5000453048814819 -4.7419212498180023 8.3081312248072550
vn -0.4023934251016937 -0.2722370009186199 -0.8740517986742907
v 6.5003709975986013 -8.2478406139893341 9.2478068329312517
vn -0.7237463573916629 -0.6567558767175827 -0.2118087074678913
v 6.5001210066969017 -7.8965109104756719 8.8598859791100200
vn -0.7079071313898285 -0.6443551572761739 -0.2892644544686077
v 6.4999994165080981 -4.4692356035162524 7.4363609905786348
vn -0.9220192705140071 0.2089714547187420 -0.3259008989149165
v 6.4999973927884778 -6.7052783803478970 6.9588660476393960
vn -0.3382608012298099 0.5333083926642705 -0.7753462379254956
v 6.4999999516980846 -9.0861901780584500 9.1770625713212226
vn -0.8402029706840323 0.5085922857773461 -0.1881298883790172
v 6.5000297973999226 -9.3123525024506488 8.8486964927291343
vn -0.7104640701142374 -0.6659322161755357 -0.2275413996095035
v 6.5000236000248597 -7.7649954477501542 7.8145115913831606
vn -0.3594638310722585 -0.6755700854696233 -0.6437319424802693
v 6.5000594420775277 -11.0876810666373924 9.0643375689727801
vn -0.6038099033505986 0.7694011903286967 -0.2084116334001671
v 6.5000037162834419 -9.4161750380938845 7.8725549522541218
vn -0.6235041952250505 0.0966993326881528 -0.7758168325026391
v 6.5001109836555901 -11.9919727939599348 9.2694378794470662
vn -0.9208809408410286 0.2094015620623682 -0.3288301668058791
v 6.5000000000000000 -9.8447303799999997 6.9627242100000002
vn -0.7560062100694566 -0.2295461649758156 -0.6129952434410176
v 6.5000000000000000 -7.3569073700000001 6.9627242100000002
vn -0.3389389933339033 0.8182594895694725 -0.4642970671103864
v 6.5000000520057810 -12.4366173610200743 8.9631490953897117
vn -0.7093332303375297 -0.6968768438771622 -0.1058727198419410
v 6.4999997176681044 -11.0283304694560460 8.4470468763362945
vn -0.7094579139814740 -0.6539041798159544 -0.2628284457745765
v 6.4999992020908808 -10.8423130562119567 7.6274933072946967
vn -0.8046029821639153 0.5839777704413782 -0.1076290143188675
v 6.4998840770093329 -12.5000555364999126 8.0438012718017617
vn -0.7139091952038112 -0.6780922173557001 -0.1747129238639099
v 6.5004708789051548 -14.1947589481276832 8.6477566496471709
vn -0.4980038886705137 -0.4321675722531704 -0.7518133520773937
v 6.5000022383938587 -14.4799168441209787 9.2369627727437447
vn -0.8390850570244368 0.3824913595964837 -0.3868289375322521
v 6.5000000000000000 -12.9863233600000001 6.9627242100000002
vn -0.7536293283483215 -0.2236723969746627 -0.6180724021381853
v 6.5000027368279323 -10.4971443568547205 6.9604037584767235
vn -0.3314604158883848 0.3048496077175798 -0.8928609686695553
v 6.4999999720490687 -15.3086369597873801 9.1930753713342774
vn -0.6254339369754562 0.7045689519948030 -0.3352834358633396
v 6.4998764872169579 -15.5927336305173565 8.9403989155031844
vn -0.8352836562340363 0.5312390891120489 -0.1417259462049941
v 6.5000191456593779 -15.6839596690529319 7.9251835228504577
vn -0.2243997711204080 -0.2848631698108217 -0.9319322492576589
v 6.5001071309658052 -17.6440728572549936 9.2522855598744727
vn -0.7205275190672165 -0.6683040761238799 -0.1849587956898759
v 6.5000587277985433 -17.3121055987809882 8.8150952182238935
vn -0.7078108400492790 -0.6543667598946782 -0.2660976479671971
v 6.4999994175087306 -13.8940171182232266 7.4363691254576425
vn -0.8388916318011402 0.3812531774327857 -0.3884673020878656
v 6.5000000000000000 -16.1279163399999987 6.9627242100000002
vn -0.5055143411232125 0.7042589672970144 -0.4984722238003910
v 6.4999886346286821 -18.6872425382935532 9.0618643717080865
vn -0.7100445424718862 -0.6663209193160707 -0.2277129337294573
v 6.5000013619593862 -17.1817223901874563 7.7859476813617388
vn -0.7234254645506738 -0.2760231151836961 -0.6328244915645490
v 6.4999999591380391 -20.7357701578735387 9.1883684500806915
vn -0.3331136129510608 -0.8007606307156468 -0.4978129499747577
v 6.4999999948884328 -20.4860499711705231 8.9750390976155110
vn -0.7092198939376611 0.6691424037486673 -0.2219359942607510
v 6.5000177844162987 -18.8671124602667604 7.8045995557539438
vn -0.7858542530400355 -0.5962400181015683 -0.1641064709057184
v 6.4998097205546905 -20.3749482963620494 7.8979511081104974
vn -0.6202440591984627 0.0923052468360711 -0.7789589517012727
v 6.4999767194190694 -21.4117724361252542 9.2669282746502830
vn -0.8355946679948930 0.3749852233907945 -0.4014568881674099
v 6.5000000000000000 -19.2695083599999997 6.9627242100000002
vn -0.3385167994828784 0.7627366816870983 -0.5510346004352387
v 6.4999999957525754 -21.8702603181839912 8.9440291715809384
vn -0.6055729908649718 0.7664445410437916 -0.2141123962759381
v 6.4997848316540567 -21.9684108703453838 7.8800583038758916
vn -0.4013264655665919 -0.2275243713038581 -0.8872258610402490
v 6.4998853636849887 -24.0432381714455445 9.2636969655616070
vn -0.5836108816138476 -0.7698271634681826 -0.2583882297018184
v 6.5004200231766047 -23.5996948165763420 8.8911197105400213
vn -0.9624855054078649 0.1435511356639071 -0.2302492634719368
v 6.4999983795993366 -22.4131908121281676 6.9588680810153702
vn -0.8695517400073286 -0.2661059483758337 -0.4160136965163833
v 6.5000000000000000 -19.9232788099999993 6.9627242100000002
vn -0.5903454486769814 0.5477206975665425 -0.5928695376586600
v 6.4990200141310241 -24.8711282921847676 9.1332720805595144
vn -0.3258262745422574 0.9382970255100542 -0.1159134622763820
v 6.5000254554590402 -25.0466857294776055 8.7731865666204705
vn -0.9302696217723371 0.3644928855702483 -0.0417536486576555
v 6.5000003219997371 -25.0265621999764818 8.3526075579849071
vn -0.4486957275419508 0.8326568501599400 -0.3245839089778278
v 6.5000005539130044 -25.2578520278508165 7.5280694884122799
vn -0.3554226027071482 -0.7432660487866259 -0.5667718713962379
v 6.4999319044554804 -26.7839581555779489 9.0674899423245563
vn -0.6118553798892988 -0.0173029073975936 -0.7907803762715107
v 6.5000000129614515 -27.4507336082400322 9.2685801678956548
vn -0.8022049977908631 -0.5689315416716167 -0.1810636418790888
v 6.4999822990844516 -23.4634138092415476 7.7720137953530166
vn -0.9191642882037109 0.2052660345851800 -0.3361589896710206
v 6.5000000000000000 -25.5526943200000005 6.9627242100000002
vn -0.6066784294557825 -0.2838143782363708 -0.7425568543481147
v 6.5000000000000000 -23.0648708300000003 6.9627242100000002
vn -0.3506855674067239 0.6399939288393900 -0.6836866269434746
v 6.4985644490359542 -28.0372058939467692 9.1180805806118048
vn -0.8027704110105089 -0.5935098725464023 -0.0574952032431561
v 6.4999998465283735 -26.7376494690537605 8.4021908856143259
vn -0.7087715723979642 0.6980423707530833 -0.1018808460601520
v 6.5001595120399083 -28.1683556655142660 8.5224131803409069
vn -0.7091322125827784 0.6653997476164512 -0.2331837922099571
v 6.5000003324940696 -28.3330193394461070 7.6755398637102941
vn -0.3552770800278111 -0.6873126193426107 -0.6335452309814287
v 6.4983795762010637 -29.9324435630766601 9.0473440027305667
vn -0.6018057003547012 -0.7429473278471402 -0.2930173494272679
v 6.4999992438342415 -26.5065427351770921 7.5324940501689133
vn -0.6149611194082036 -0.0048415217849250 -0.7885425678319561
v 6.5000018049356916 -30.5896168282387499 9.2689355076295961
vn -0.9466085214409695 0.1679267408844408 -0.2751961424716405
v 6.4999984624498115 -28.6963753529664700 6.9588680486257530
vn -0.8364533193659250 -0.1851046054583977 -0.5158314933772624
v 6.5000006943448065 -26.2041873422321139 6.9587365408864086
vn -0.3560366152284445 0.6588394904093602 -0.6626978606377172
v 6.5002161777626997 -31.2431125560450020 9.0682769200309608
vn -0.7122659938167138 0.6870375814991051 -0.1437237477251058
v 6.5000452285272710 -31.3548080485972953 8.0446990447640285
vn -0.5780739211526433 -0.7672833175693067 -0.2776812061754377
v 6.5001079621755595 -33.0424443829412766 8.9273545266556518
vn -0.4598795681135440 -0.3251673754722433 -0.8263031893682811
v 6.5000000053163509 -33.3444593271352190 9.2037825751827818
vn -0.7140718748950937 -0.6785819459211728 -0.1721275694176854
v 6.4995808903003427 -29.8294827150575550 7.9843293689467449
vn -0.5606427730487775 0.0535819779016690 -0.8263223660729037
v 6.5000000122698376 -33.7777183813510007 9.2626022352866659
vn -0.6628056186118004 0.4072980191866888 -0.6283287638674743
v 6.5000000000000000 -31.8358783699999996 6.9627242100000002
vn -0.7568470621693724 -0.2293677497069901 -0.6120236595752991
v 6.5000000000000000 -29.3480567900000011 6.9627242100000002
vn -0.2821652235336758 0.7482638640143895 -0.6004031782381286
v 6.4946243393838099 -34.3995902191162983 9.0674318526431374
vn -0.8592965130640681 0.4873719931628723 -0.1551710118430075
v 6.4999698782714255 -34.4954432705729985 8.0067513511421069
vn -0.7095760928497540 -0.6615808423326847 -0.2425130048357255
v 6.4999917909129676 -32.8408025071299576 7.6617364857057728
vn -0.3495834646820118 -0.7545670254452135 -0.5553557466450519
v 6.5003889692205306 -36.1684706728345589 8.9567194436100426
vn -0.5775953096047537 -0.1189260813041287 -0.8076139210713449
v 6.4999800397721827 -36.7098427330141703 9.2692641725733917
vn -0.8391884103808761 0.1946692676175208 -0.5078057582655757
v 6.5000000000000000 -34.9774704000000014 6.9627242100000002
vn -0.7594821317456218 -0.3467416729053776 -0.5504153920721204
v 6.5000000000000000 -32.4896469099999976 6.9627242100000002
vn -0.9487118278257614 -0.0003332262765243 -0.3161419882011111
v 6.4999999997460431 -32.1818844207954413 6.9568558428189080
vn -0.6130310596332726 0.5004252350649772 -0.6113652787287396
v 6.4999081899191156 -37.5386204542886688 9.0610435158616873
vn -0.8024653759281916 -0.5932079357187729 -0.0644489366607263
v 6.4999996507454778 -36.1590268064101892 8.3305717399470804
vn -0.7095330900253181 0.6915840307856350 -0.1351825525776816
v 6.4999997594959016 -37.6489319827660864 8.0540547221827072
vn -0.8008100811597024 -0.5544136649266236 -0.2265583855336634
v 6.5000113435930738 -35.9386886807902002 7.5600903143692788
vn -0.4871980490629867 -0.7686003623908152 -0.4145980510348876
v 6.4995541112243220 -39.2982692790519366 8.9202928847945540
vn -0.5553259915391218 0.7595320604367658 -0.3387094511373611
v 6.4999999610503956 -37.9072542044359508 7.3561578607797857
vn -0.7234583435695811 -0.2315368855376848 -0.6503834989873796
v 6.5000821287438253 -39.7566709334125150 9.2528689891564131
vn -0.8351708634632075 0.1880943088562112 -0.5168270114825895
v 6.5000000000000000 -38.1190643300000005 6.9627242100000002
vn -0.4625007701313488 0.3030260864888518 -0.8332275970796695
v 6.4999999509409010 -40.4430058588464547 9.1941057169424134
vn -0.2552535636786777 0.8969825227431121 -0.3609265467137843
v 6.4997819689277554 -40.7438868480929415 8.9044361705051038
vn -0.7135807606690161 -0.6812331984240941 -0.1634742406861302
v 6.4996668962650936 -39.2552144390050728 7.9995211764943370
vn -0.3246577259838809 -0.7723600888831766 -0.5459462007005331
v 6.4999998571192803 -42.5165730615797912 9.0233423003097819
vn -0.5628447391054070 -0.3549208092075565 -0.7464831001789790
v 6.5000000268660196 -42.7363674636335276 9.1935158693426740
vn -0.7112882836637193 -0.6957912569916833 -0.0997171209805690
v 6.4999999703265026 -42.4186293484014669 8.7699274611692193
vn -0.8036921998681844 0.5685756310300728 -0.1755009962074081
v 6.4999148404364115 -40.8102048430219213 7.9217369782924001
vn -0.7870119782128205 0.0156060804087718 -0.6167402989944939
v 6.5000000079768032 -43.1595817763114269 9.2684578693316322
vn -0.9214174956497374 0.2070950223133941 -0.3287878502067568
v 6.5000000080929041 -41.2634049580524547 6.9585960965141975
vn -0.8718118040067768 -0.2616791641563661 -0.4140871809666111
v 6.5000000023778854 -38.7689842350736100 6.9585884660514470
vn -0.3403806357716841 0.6776593628183035 -0.6518579682540936
v 6.4994900387271901 -43.7364683613094769 9.1209544486461098
vn -0.5611210299471995 0.8189712064933705 -0.1201222405959328
v 6.5000000199227577 -43.8969912056991944 8.7503176845774906
vn -0.7122667523938466 0.6738570718223585 -0.1964502995399070
v 6.4999755805258639 -43.9211796855412686 8.0195690290498813
vn -0.8043225679260554 -0.5682762543487969 -0.1735721909412264
v 6.5000263988178686 -42.3810949880637082 7.9609047009749201
vn -0.5114262304571130 -0.5346449441219830 -0.6727540371675443
v 6.5002242038499629 -45.7353076076789193 9.1422173538203264
vn -0.3414872922436650 0.3981409297579099 -0.8513931108997751
v 6.4999102408473250 -46.6805607149821498 9.2287057285757879
vn -0.7562954595053549 -0.2330296449936893 -0.6113218158103790
v 6.5000000000000000 -41.9144249000000002 6.9627242100000002
vn -0.7221437680433040 0.6571566802000691 -0.2159941572002412
v 6.5000689888683159 -47.0102401281420867 8.8476782102677198
vn -0.7141509501170203 -0.6773813631356154 -0.1764735371762373
v 6.5000270273630267 -45.5282869334826685 8.0003183995030831
vn -0.4695640967320326 -0.8355978906966959 -0.2851065136461506
v 6.4999999955059593 -48.7250160096230118 8.8821449949635358
vn -0.4725266320858893 -0.4193295735068458 -0.7751653312372356
v 6.5000000078097111 -48.9463253021842917 9.1670902870967463
vn -0.7107090712320617 0.6742405755927146 -0.2007293259413407
v 6.4999807221975408 -47.1524178766511213 7.7807816314643183
vn -0.8582976405968481 -0.5115774405437916 -0.0401706668173069
v 6.4999997415805160 -48.7262031245899294 8.4459344079693484
vn -0.7302066045327648 0.1524429105447691 -0.6660026078938205
v 6.4999170707158971 -49.6727540278974189 9.2584692706233600
vn -0.8380489331220291 0.3783155849570790 -0.3931301360511710
v 6.5000000000000000 -47.5438423200000031 6.9627242100000002
vn -0.7572991618137596 -0.2336801412390364 -0.6098291327139768
v 6.5000000000000000 -45.0560188299999993 6.9627242100000002
vn -0.4844564481445469 0.7560439257927577 -0.4401130901518894
v 6.4999791889724605 -50.1429085616748580 8.9537138406262144
vn -0.8351942161053146 0.5327476273123876 -0.1364939082056423
v 6.5000252978787545 -50.2251975565087321 7.9749603198833050
vn -0.7085355937257451 -0.6641891792941466 -0.2383905336465223
v 6.5000046572146637 -48.5916210750605941 7.7817256746962311
vn -0.3600349149053153 -0.8393147135957898 -0.4073397495834893
v 6.5003719373165048 -51.8923407120867921 9.0323957348120523
vn -0.8392495490498160 0.3830898851591941 -0.3858786523097592
v 6.4999997179383211 -50.6737428635082026 6.9643451943769410
vn -0.1555709803732721 -0.9767114100004017 -0.1477582202137200
v 6.5000009552977236 -52.5831092219975815 9.2692251902783731
vn -0.7562808363939582 -0.2302882449581269 -0.6123778414813529
v 6.5000000727913045 -48.2024845708654652 6.9587818139194733
vn -0.6025681265420249 -0.7548322464906835 -0.2591137443931961
v 6.4999681385043671 -51.7218888069252927 7.7356253644718347
vn -0.9464504443873593 -0.1672094769372803 -0.2761748488572615
v 6.4999998632230147 -35.6287569163847522 6.9588598766716432
vn -0.6089248218854031 -0.2726282995193610 -0.7449056125396102
v 6.5000000074292501 -51.3353494158735799 6.9585882809382378
vn -0.9218569952989574 0.2089240461462226 -0.3263899863051395
v 6.5000000644362697 -44.4039975958543778 6.9598174176149339
vn -0.5547403715210872 -0.0017550376414188 -0.8320216584005030
v 6.5000009187077410 -19.5916046380758893 6.9569616288444784
vn -0.7555930514044482 -0.2272270607583517 -0.6143671569415435
v 6.5000017901473406 -16.7790532190594099 6.9586447246278293
vn -0.7524635999711109 -0.2211572763773148 -0.6203934153614818
v 6.5000012750751850 -13.6376043775276052 6.9584921098888231
vn -0.8683822873949633 -0.2532784787853244 -0.4263358008927747
v 6.4999969998947176 -4.2129302505455435 6.9586703516030406
vn -0.7524641162072802 -0.2211572816630946 -0.6203927873434599
v 6.5000012668915801 -1.0712335159528226 6.9584921102861799
vn -0.9225391435662486 0.2103707294165122 -0.3235207640829524
v 6.4999973726950495 2.7194995960949329 6.9588660437526357
vn -0.9211276346311752 0.2081229757272106 -0.3289509198850596
v 6.5000000062823844 5.8620382785408669 6.9607938793583557
vn -0.8706122031119713 -0.2598666970755238 -0.4177363900159735
v 6.4999968827229440 8.3536538552772903 6.9586674353051716
vn -0.9965575212011488 0.0586239815247529 0.0586202672085954
v 2.0000000000000000 29.0982933000000017 12.0000000000000000
vn -0.9301773263458855 -0.0067708309712501 -0.3670480859505722
v 2.0000000000107292 -8.5676666864111848 9.2618371553812171
vn -0.3128237228942286 0.7205847578860841 -0.6187882716219244
v 2.0000000019962250 29.0982932419103903 9.2619538573456666
vn -0.7083699015726809 -0.0639439560749870 -0.7029390108874245
v 1.9999999999981910 -33.7027055507173188 9.2616297680029440
vn -0.8983754411110727 0.0663685335231323 -0.4341851961622764
v 2.0000000000985270 0.7950288838626409 9.2644362211116658
vn -0.8966205961875678 -0.0060434933294653 -0.4427583795713271
v 1.9999999998241798 -2.2917934923478334 9.2647813931359213
vn -0.9503319169761503 0.0194029132698400 -0.3106328613219769
v 1.9999999999984908 -11.7963730127609274 9.2612689208636709
vn -0.9304861535251964 -0.0021125954282623 -0.3663209726980441
v 2.0000000010311494 -18.0155588323576943 9.2673370343631429
vn -0.9305010586990756 -0.0023115137518314 -0.3662819087316139
v 2.0000000000528479 -21.1671921110742431 9.2665094291084760
vn -0.8972085689271413 -0.0006056020746056 -0.4416066316189540
v 1.9999999998238962 -24.2829422010389848 9.2647814304191236
vn -0.9314148945767453 0.0105222852366874 -0.3638070583069937
v 2.0000000001301297 10.2536046396480653 9.2669064217147650
vn -0.5629902364684717 0.2872697769709811 -0.7749310091099835
v 1.9999999804139839 -27.8418766460741374 9.2011664808981308
vn -0.9501051959138875 -0.0076415476907741 -0.3118360521914086
v 2.0000000000345848 -27.4253980400227135 9.2643435170933905
vn -0.8027661636285469 0.1283962433320007 -0.5823065268665076
v 2.0000000004503558 -33.7948862498591538 9.2601641008051629
vn -0.8077866692478453 0.0970307469584635 -0.5814342018923163
v 1.9999954723803299 -36.9258517544449774 9.2712074023006235
vn -0.8489837177742933 0.2632559968744091 -0.4581734683106392
v 1.9999999974783251 28.6418469323186891 9.1907852994674180
vn -0.9087172974550434 -0.2245470885706862 -0.3518685526165004
v 1.9999968188118957 26.4730184042253569 9.1539901705275728
vn -0.7220029537667513 0.0550277116921891 -0.6896982569921486
v 1.9999346403678326 25.7666646442657381 9.2679665463437679
vn -0.7239059759623762 0.6170943675571896 -0.3084715213681025
v 1.9999999994598896 28.3649623096826424 8.8500894242825261
vn -0.6166321722721038 -0.7536410803581065 -0.2275739135218549
v 1.9999999980021534 26.6944456937990040 8.8265837724319756
vn -0.7131520436647284 0.6833863729238242 -0.1561961200505349
v 2.0001429668186335 28.3454897149089184 8.0455172270095385
vn -0.3609666534514117 0.3330857604344545 -0.8710665596221047
v 2.0000000000000000 27.8543815600000002 6.9627242100000002
vn -0.5619304087507815 -0.7950886808704419 -0.2281845859668885
v 2.0001894071922970 26.7118753593457861 8.0494850040074315
vn -0.7670481308134249 -0.3465922101508039 -0.5399175908214251
v 1.9999998986426608 27.2033590199758102 6.9585958310980995
vn -0.8223592885711405 0.4478632603677012 -0.3509183673072420
v 2.0000000004060761 25.2948504800945777 9.0122976549019835
vn -0.7304198265294959 -0.6153078477790594 -0.2964508888064312
v 2.0000000003800813 23.4954141394419551 8.9652226356525251
vn -0.8082243614390229 -0.2754328625573518 -0.5204902686889992
v 1.9999999976598384 23.2603091326583815 9.1877929162205838
vn -0.5582523129430054 0.8165816873793385 -0.1467947646562954
v 1.9999305963336362 25.1913563090838046 8.0736460109671384
vn -0.8053613196886877 0.0550906446139327 -0.5902187438783325
v 1.9999999985539214 22.8053623152728235 9.2673078066679331
vn -0.7114310617023981 -0.6820617519706808 -0.1692855898878705
v 2.0001201061494167 23.5700639223578250 8.0895251633082630
vn -0.5134354745560876 0.4705862170993526 -0.7175880613161608
v 1.9999326211870248 24.7305519219779590 6.9603115130018827
vn -0.5136740016126166 -0.4732957243295479 -0.7156327112413533
v 2.0000004123772630 24.0547988331948481 6.9630664532516251
vn -0.8718404735248165 0.3680254204157820 -0.3231895398242502
v 2.0002662749617786 22.1808351394798180 9.0885728306159077
vn -0.8465312367113124 -0.2758060292657212 -0.4553195575556711
v 1.9999624050635465 20.1571163982316683 9.1704753556581338
vn -0.8606512956058341 -0.0319680925131099 -0.5081903072994137
v 1.9999996578920343 19.6777159440145120 9.2675410800456142
vn -0.6182473616237948 -0.7431879074283001 -0.2558162115612712
v 1.9999999981550762 20.4110090050519979 8.8567257736547251
vn -0.7107627290783283 0.6715482210372793 -0.2093784367474177
v 2.0000024752872720 21.9914848945651968 7.8191288675160369
vn -0.3597664558908271 0.3155047158239737 -0.8780802192901210
v 1.9999998732652302 21.5658692139754038 6.9573131693077395
vn -0.7145707482322621 -0.6835195312789959 -0.1489620627237921
v 1.9998155695526449 20.4312314639635559 8.0760650532298470
vn -0.6129740694270569 -0.5617590361032787 -0.5555983941358622
v 2.0000025086313697 20.9050322549799930 6.9657121158484250
vn -0.7132314294020995 0.6799351076949730 -0.1702620845545584
v 2.0001090195350359 18.9191550605733134 8.0098336579590566
vn -0.8149913864428265 -0.3192621363746185 -0.4835914890705936
v 1.9999446593392947 17.0286142803333647 9.1723053007159390
vn -0.8424786015326652 -0.5122286708833560 -0.1668879704611305
v 1.9999999954554948 17.2710895354955625 8.8226381607331703
vn -0.5650685278244342 0.3306956342488047 -0.7558690074021474
v 1.9999999854853299 19.2639342491030554 9.1970251567649015
vn -0.8524733769122034 0.4708047833511481 -0.2272267537716079
v 1.9999959931035811 18.9582158728183359 8.9320889650890276
vn -0.9304047157729498 -0.0002509835743671 -0.3665337663499803
v 1.9999999999609557 16.5029975292168913 9.2644365165412150
vn -0.5611147218466999 -0.8146494533063576 -0.1466169743056834
v 2.0001566916462030 17.2895440471021296 8.0257625993336408
vn -0.5088686820359263 0.4652074731372853 -0.7243166927389159
v 2.0000000000000000 18.4296035799999984 6.9627242100000002
vn -0.5112289904856712 -0.4574278963916500 -0.7276019783437311
v 1.9999995449301551 17.7795135211883917 6.9573183853073166
vn -0.5787167144382219 -0.6834652274007419 -0.4449294858332969
v 2.0000000004234835 14.0375239698981567 9.0327314676877410
vn -0.5630466126669915 0.2228506624432723 -0.7958115946710136
v 2.0000000334486350 16.1602579741317811 9.2048441572138913
vn -0.8216610339634399 0.4468577379888308 -0.3538238364859502
v 2.0000000033511856 15.8868707840880159 9.0416172312905481
vn -0.8044961907092748 -0.1848299515062962 -0.5644676856653943
v 1.9999999753493212 13.7752909193452950 9.2020172735679129
vn -0.9307223268040173 0.0068819507593054 -0.3656618508161092
v 2.0000010324022690 13.3907433829462885 9.2679284937803246
vn -0.7107731154742419 -0.6932285482681212 -0.1193136965528809
v 1.9997581871742676 14.1282281056148147 8.1651328886296426
vn -0.6030095411338376 0.7709352987699294 -0.2050323350403016
v 2.0000944843873625 15.7696786014681365 8.0362452797441328
vn -0.5108229896431413 0.4699363427488019 -0.7198747856508962
v 2.0000000000000000 15.2880105999999998 6.9627242100000002
vn -0.5149272548741289 -0.4664605006592147 -0.7192110424017062
v 2.0000016283269098 14.6261006066296275 6.9576995452134840
vn -0.8016939410851290 0.5796635551060599 -0.1458663350783773
v 1.9999528079941846 12.6576999468333309 8.1879656592197296
vn -0.7244838269874140 -0.2765158391038794 -0.6313970028107104
v 2.0000090172579776 10.7286997073453154 9.1777783301433846
vn -0.7582247153564489 0.3607082282661776 -0.5431250823555355
v 2.0000019718104989 12.8512920938366602 9.1544188972862557
vn -0.7210201454078858 -0.6121162183787169 -0.3247209342092534
v 1.9999999989828605 10.9473250941866898 8.9237486033972218
vn -0.5594096724145687 -0.8134763103612839 -0.1591135157364614
v 2.0000950256452512 11.0238777692150141 8.0137665162900031
vn -0.3644453296377405 0.6675789848054279 -0.6492440995121888
v 1.9999988545820866 12.1540714432983616 6.9638343309051001
vn -0.5123255665765214 -0.4603383836952106 -0.7249904043012759
v 2.0000016334790627 11.4845080532384944 6.9576995344317387
vn -0.7634637825682011 0.3888236480401438 -0.5156929546071084
v 1.9999421256019823 9.6083030616993348 9.1067672043215495
vn -0.8489422563292941 -0.4912305320753907 -0.1949092347105585
v 1.9998825465586587 7.8374329831251730 8.8653510689436708
vn -0.7202432195948006 -0.3406138342956592 -0.6043442069831768
v 1.9999628917397072 7.5367918249224681 9.1913924384561927
vn -0.7086931322902051 0.6938026679375796 -0.1280308642765268
v 2.0000004060534469 9.5313025951013604 8.3347478644664008
vn -0.7118056645801649 -0.6932823755142358 -0.1126598583033359
v 1.9999662780460894 7.8444891500561198 8.1981298773982036
vn -0.6160178984467319 0.5771446975061916 -0.5361212054505572
v 1.9997474794071777 9.0581891669186838 6.9821622036925914
vn -0.2904957867792679 -0.5183711314380254 -0.8043031567482223
v 2.0000186632700818 8.3168637508964807 6.9613662287629641
vn -0.8744772795169212 0.3804221138098354 -0.3009460133198994
v 1.9999582105871487 6.4395247613369353 9.0588120996470298
vn -0.7537187777641141 -0.5592453014021406 -0.3451850183675400
v 1.9999035004304306 4.6096207184465303 9.0764857530514167
vn -0.8623541840772831 0.0578885059125458 -0.5029852702491557
v 2.0000000010674204 7.0941986892314191 9.2682853964814349
vn -0.8045522368607513 -0.0660492438146834 -0.5901975902643708
v 1.9999999996725399 3.9913868581132124 9.2647816723344931
vn -0.7082010571481677 -0.6859659392912462 -0.1670388960287273
v 2.0000430982212980 4.6943215700928320 8.1902723449855692
vn -0.7105733799312273 0.6903817841766884 -0.1358619292153774
v 2.0001378036939990 6.3664233845520792 8.1149599277851454
vn -0.2873293791715235 0.5176419802427122 -0.8059085606663514
v 1.9999997065712758 5.8755940555073316 6.9592449006291304
vn -0.6117436692005317 -0.5560764136306591 -0.5626266127697255
v 2.0000052185905286 5.1835263095295678 6.9686125132729373
vn -0.5833484547964882 0.7711813782483325 -0.2549193247471675
v 2.0002855635121684 3.2423706404071839 8.9350611991685103
vn -0.8071869694164403 0.2193453802761602 -0.5480299266972649
v 2.0000000026663849 3.5559692150103164 9.1970248147191622
vn -0.5660396740458781 -0.3085624084193617 -0.7644529596492378
v 2.0000000224841550 1.2324476259835908 9.1975110400059634
vn -0.9048217053403820 -0.3732131213529463 -0.2049625516891177
v 2.0000865479607812 1.4950169984311117 8.9677779568506786
vn -0.8360872760268400 0.5412376082115411 -0.0895539966917660
v 2.0000004216551628 3.2494251239543099 8.3305605700729632
vn -0.7108432750349155 -0.6804417483476300 -0.1780473685378579
v 2.0000000345309861 1.6773619232859360 7.7725799786935452
vn -0.5183171032898553 0.4806343086021567 -0.7073457724703953
v 1.9997303877001020 2.7664207978163198 6.9668302493486687
vn -0.3600171160724581 -0.6448150802823712 -0.6742411945107696
v 2.0000004171743706 2.0635143025345855 6.9633189988286199
vn -0.6020073525397905 0.7866526955267318 -0.1369842476657788
v 2.0000003970371725 0.1078329199009958 8.3305637350379325
vn -0.8743905917155363 0.3827681887560067 -0.2982106751875261
v 1.9999668193497930 0.1588632589709358 9.0554742656602016
vn -0.7160277722756125 -0.2290031648682658 -0.6594405051332085
v 2.0000000209013913 -1.9266058866215967 9.2008636906338790
vn -0.7350718950894968 -0.6288303159585915 -0.2534595486087547
v 2.0000167971904057 -1.6019377613270753 8.9561514898110186
vn -0.7087412547623690 0.6429102021690102 -0.2904346841285751
v 2.0000011288417072 -0.1660217546262898 7.4363829200112352
vn -0.7113747157809325 -0.6813001102942396 -0.1725577394979853
v 2.0000244078121585 -1.5545785656655373 8.0323371101907561
vn -0.3559459137322694 0.3130074110038865 -0.8805276072639312
v 2.0000001284117523 -0.4238079710357111 6.9585883900977414
vn -0.6107120905792564 -0.5478552734285858 -0.5717388755339309
v 2.0000004162954834 -1.0779423734142337 6.9630664611514943
vn -0.7432679326810124 0.5058079669267340 -0.4378482395094650
v 2.0002284209782624 -2.9969763282140396 9.0099350746724074
vn -0.8362709522933771 0.1814864528748322 -0.5174104384076914
v 1.9999999842961411 -2.6517417913272610 9.2118608220087435
vn -0.8651739152329202 -0.3464912653452805 -0.3625160678369528
v 2.0000505886449109 -4.8962204293408798 9.1301081856581856
vn -0.8978512538619299 -0.0450978058908279 -0.4379832346590378
v 2.0000005513065635 -5.4621694400564333 9.2680375382858173
vn -0.7085589767485512 -0.6932596628803802 -0.1316632685756660
v 1.9997621759820223 -4.7450539588392999 8.6108599612221113
vn -0.7102160087556217 0.6928967101393489 -0.1244482622831739
v 1.9996670492007327 -3.0570362587099331 8.1594283209505036
vn -0.6139269766079201 0.5643074517975608 -0.5519517798130575
v 1.9999995451571635 -3.5452369296145680 6.9668747728125826
vn -0.7104338301784671 -0.6686447518692044 -0.2195403578746360
v 1.9999995028760464 -4.5765824698733040 7.6755429993144189
vn -0.2822933964928376 -0.4928909433347390 -0.8230242744142657
v 1.9999995448159724 -4.2116344620498580 6.9573183754227292
vn -0.7280548461947849 -0.5823557494227214 -0.3616599536119373
v 2.0000739800556686 -7.8892879899260171 8.9221074436363317
vn -0.5651656767245394 0.2869896615827851 -0.7734498639194992
v 1.9999999793239553 -5.8605064199125394 9.1985271266795205
vn -0.9011517457223748 -0.1900153858686378 -0.3896404551823501
v 2.0000000217928640 -8.1923299564215029 9.1975108712536162
vn -0.7287369643422920 0.5994285898669296 -0.3311008946700769
v 1.9999153249960986 -6.1661542792698070 8.9379759339477953
vn -0.7106226278615865 0.6967874594900326 -0.0974818807190285
v 2.0000505872828467 -6.1783762459110037 8.2821468347828642
vn -0.7111307088369369 -0.6879090313461274 -0.1451698299975191
v 2.0000007943495364 -7.8071441688006864 7.9597915317742149
vn -0.5172982119667064 0.4743958395335066 -0.7122858606832989
v 1.9998304321004881 -6.6701578239745860 6.9636195001312569
vn -0.3617207304904099 -0.6565117553385147 -0.6619293226892327
v 2.0000024996985597 -7.3693018061187274 6.9657118165238643
vn -0.4643142379540953 0.8117022366564317 -0.3543328483785462
v 1.9999210621246728 -9.2866312517906717 8.9464738701216824
vn -0.7240556625907993 0.2145527984697810 -0.6555230691127385
v 1.9999353082649987 -9.0060848847224371 9.2032307584399167
vn -0.8160742960259944 -0.5434872180250007 -0.1965817570608297
v 1.9999989167597494 -11.0436794705454826 8.9236354411650325
vn -0.7210838445162263 -0.2454188812659665 -0.6479256607789665
v 1.9999332451103202 -11.3492315506354373 9.2056489329004823
vn -0.8348505034336702 0.5325209839610651 -0.1394490536277906
v 1.9999997288305857 -9.3974586706646317 7.9582155425096435
vn -0.7115831200526227 -0.6776779778127009 -0.1854778198164489
v 2.0000000363025503 -10.8890091045169406 7.7725819017369968
vn -0.5117402261735289 0.4669983865713533 -0.7211341399875744
v 2.0000021324098660 -9.8202339203698301 6.9595547256310510
vn -0.3594307185808879 -0.6428153634232925 -0.6764598784018213
v 2.0000004176908561 -10.5028560580293782 6.9633189695119491
vn -0.7255081798554697 0.4087209143978773 -0.5537012688233309
v 1.9997861261933085 -12.2844578422582575 9.1374793691269840
vn -0.8476138787828114 -0.2599730872971699 -0.4625631917651208
v 1.9999891377508237 -14.4100089993382436 9.1805176263784709
vn -0.7240578245691960 -0.6334000124375114 -0.2730287364441404
v 1.9999999987980932 -14.1758694061116177 8.9053847484569388
vn -0.7152123784722683 0.6832548511930152 -0.1470852201998946
v 1.9999999996898801 -12.4801130626772494 8.7897404356703728
vn -0.8600460381569490 0.0186653991055496 -0.5098749014481553
v 2.0000000013992918 -14.9298477916995100 9.2628948616366014
vn -0.7106952665379220 -0.6828545347356378 -0.1691801481012703
v 2.0001022875095313 -14.1210153464709975 8.0222119900401072
vn -0.7127382364331836 0.6681806084290693 -0.2133984087229200
v 2.0002306884860745 -12.5297558099544641 7.9222882478159331
vn -0.3599999578069798 0.3245536511760229 -0.8746799173910906
v 2.0000001284116271 -12.9901788477647617 6.9585883905242261
vn -0.6104785205254463 -0.5472855638827653 -0.5725333942597460
v 2.0000004157793394 -13.6443133354500201 6.9630664754736395
vn -0.6056313990536287 0.7688740994586826 -0.2050444528924013
v 2.0000983061694004 -15.6734798609710158 7.9160200000726331
vn -0.7281133275204021 -0.5992546981654759 -0.3327833965416119
v 1.9996512259575523 -17.3011356174517701 8.8979411605842227
vn -0.7188019105486150 0.3827035766730106 -0.5803979546770873
v 2.0000000034305092 -15.3479276799729050 9.1721533893076170
vn -0.8413310598680066 -0.2421052698039603 -0.4832670959568097
v 1.9999999979236494 -17.6209343653843682 9.1969692144897603
vn -0.8470093093426400 0.4849117290407719 -0.2177977156115123
v 2.0000706795052494 -15.5992610360286985 8.9126026076655958
vn -0.7113712792999684 -0.6899607230048682 -0.1338099536571394
v 1.9999733928833747 -17.2664828294862573 8.0588840180532912
vn -0.3600847266317774 0.3236884792936096 -0.8749655753337434
v 2.0000001284115756 -16.1317718918578308 6.9585883807367486
vn -0.6125791257049248 -0.5575932331583018 -0.5602112111397467
v 2.0000024988706508 -16.7933766440924579 6.9643446055071871
vn -0.9087816204220707 0.3694810188840241 -0.1939065317813172
v 2.0000226564810086 -18.7271738055818453 8.9532691336350556
vn -0.5701135718072734 0.2733891674038945 -0.7747443955185208
v 1.9999999762595801 -18.4202520580453708 9.1999752853556096
vn -0.5698753493918550 -0.7872645415884929 -0.2354923092437865
v 2.0000000003673102 -20.4616693552717059 8.9089408153927501
vn -0.7269576207898061 -0.3114836347244727 -0.6119726814772500
v 1.9999960123613971 -20.6834207739270681 9.1765560080245425
vn -0.5586876982422750 0.8135765874420900 -0.1611247721451669
v 1.9999825494776944 -18.7919501429751499 8.0650122629500807
vn -0.8972604712971647 -0.4265741800305769 -0.1138337189888428
v 2.0000351052702490 -20.3778428698701362 7.9289700469525597
vn -0.7078395667301040 0.6382668172519552 -0.3026195925025315
v 2.0000008627974708 -19.1098295279047505 7.2508986950351373
vn -0.3542611063216621 0.3130031061890959 -0.8812083318170167
v 2.0000001284115632 -19.2733637954664800 6.9585883824836792
vn -0.5081855709883593 -0.4646909168663040 -0.7251274213689543
v 2.0000004192323639 -19.9274995222983868 6.9630664944778138
vn -0.7387647290705613 -0.5630938151402453 -0.3703404250579507
v 2.0000812375721266 -23.5848895238570186 8.9239071312352110
vn -0.7179483277814708 0.3438428362667103 -0.6052456547418200
v 1.9999999779728825 -21.5918023585942542 9.1930884889128084
vn -0.8415375080708827 -0.2341141778029885 -0.4868317720337076
v 2.0000000119605983 -23.8944078380724179 9.1955828550375216
vn -0.7262531742256051 0.6490677625655318 -0.2264229814427137
v 1.9999512075020434 -21.8540927777039151 8.9433343255930637
vn -0.7111344705205158 -0.6946945563680145 -0.1081075306819696
v 1.9999993087443286 -23.5864679012023544 8.2858711005700911
vn -0.8355600400711464 0.5289283319168075 -0.1485740190343109
v 1.9999994908816792 -21.9796754202172480 7.8914882237780706
vn -0.2866948376986473 0.5063043084713053 -0.8133031521273845
v 1.9999992853232926 -22.4069825532951015 6.9574620274168488
vn -0.6141614630997256 -0.5712551253535731 -0.5444935986772276
v 1.9995873504285566 -23.1161456140207306 6.9787089374051874
vn -0.7211217801261272 -0.6772238518817038 -0.1461206100118448
v 2.0000062203211573 -26.7157019401830524 8.8399514171257874
vn -0.5756900414707252 -0.3763416762232593 -0.7259117845089046
v 2.0000202952717419 -26.9471264732424309 9.1676343288783304
vn -0.8197727364995339 0.2327734897287817 -0.5232486626562466
v 1.9999597220622150 -24.8029294908910103 9.1736413192635506
vn -0.7205934419518717 0.6511310243914256 -0.2382718625665377
v 1.9999735675497243 -25.0420385801122443 8.8431796667183491
vn -0.8031333792319476 -0.5870169510829241 -0.1019209218206975
v 1.9999991774589878 -26.7360123378230128 8.3217784995370430
vn -0.4510665650479199 0.8862743440430507 -0.1051510389246383
v 2.0000003983642753 -25.0249078369683851 8.3305630602439109
vn -0.8333302950371302 -0.5135545739082167 -0.2045050585958190
v 1.9999995151637233 -26.4992428490928518 7.5397742471043179
vn -0.8331870162428567 0.5163045978891841 -0.1980630156359673
v 2.0000000017495880 -25.2335299744498371 7.6051819605009880
vn -0.5066784979827617 0.4520712207919217 -0.7341038829849861
v 1.9999993553444972 -25.5478227972752343 6.9587818353636175
vn -0.3576342472995729 -0.6370699855049892 -0.6828173831465779
v 2.0000004123780855 -26.2106831184779594 6.9630664563103295
vn -0.5587394250092903 0.8147044595096523 -0.1551350978836604
v 1.9999492602298108 -28.1665305413284379 8.3124528851428732
vn -0.8204865156552954 0.5317036136324260 -0.2099836776467463
v 2.0000481665244352 -28.1517246698151808 8.9573277727415768
vn -0.5829577114622269 -0.7690770349466107 -0.2620702595955003
v 2.0002882984621291 -29.8653595385901589 8.9246225235208811
vn -0.8072650540265774 -0.2274207121781808 -0.5446126625592137
v 2.0000000189296858 -30.1903098723949981 9.1990118820223863
vn -0.9302091272441236 0.0010866644903627 -0.3670283350805646
v 1.9999999462321032 -30.6006074103618460 9.2665970382296408
vn -0.8977682559988696 -0.4291057080764849 -0.0994004517943800
v 1.9998947416270476 -29.8314633980884061 8.0431259329946343
vn -0.5154544221418144 0.4686087007825220 -0.7174347526049774
v 1.9994807808964070 -28.6586627803448941 6.9641342371435142
vn -0.3625637632513759 -0.6564623644396619 -0.6615169549235218
v 2.0000004201108914 -29.3524134603673374 6.9633190588260687
vn -0.5871851524805739 0.7527789514987214 -0.2975524271231053
v 2.0000385217876828 -31.2963419826785980 8.9695101262241685
vn -0.8272884407914707 -0.4395729211348214 -0.3498134970778246
v 2.0002139831875980 -33.0254360002479075 8.9940112550176501
vn -0.7133173575930938 0.2478088773646895 -0.6555677750283785
v 1.9999999750034838 -30.9674007124450341 9.2039449495863970
vn -0.8345373355063701 -0.1700877044477395 -0.5240397012074818
v 2.0000000131303435 -33.4786396357819171 9.2270854117919878
vn -0.8036893465103168 0.5648400190954417 -0.1871875720609706
v 2.0000807748900433 -31.3986469980866154 7.8738838361770531
vn -0.5076750227780993 0.4619267309699707 -0.7272480776617101
v 2.0000000000000000 -31.8358783699999996 6.9627242100000002
vn -0.5587352135238999 -0.8097041109961027 -0.1794274611212372
v 1.9999860886342398 -32.9570199126911376 7.9852889090299692
vn -0.4259786864266184 -0.3813291559705949 -0.8204451435147913
v 1.9999995441952760 -32.4859663821039604 6.9573183504432663
vn -0.8708683765829890 0.3837095931620657 -0.3071729460468667
v 1.9998760394101249 -34.3726258014648778 9.0623173093204219
vn -0.7177817183439197 -0.3221484580449471 -0.6172598932301637
v 2.0000000108426486 -36.4607732027777018 9.1955813825215280
vn -0.7322717794427676 -0.6543193415875617 -0.1887968226855059
v 2.0000389739697595 -36.1468433124195130 8.8995565476265668
vn -0.7103506163617577 0.6899651046368297 -0.1391048389451618
v 1.9999942192740900 -34.4762475872093219 8.1194267710582277
vn -0.7122307879516673 -0.6817999919543025 -0.1669612999016855
v 1.9999199413202802 -36.1200979569686496 8.0661839049698916
vn -0.6132068856298706 0.5640729138987625 -0.5529910154983300
v 1.9999995415238860 -34.9611632677801367 6.9668738574169486
vn -0.2861739319318500 -0.5082003676061541 -0.8123034328670751
v 2.0000016843717865 -35.6393832308524026 6.9576996290266795
vn -0.4916283260779290 -0.7497134331201244 -0.4429800866822912
v 2.0002322550206197 -39.2961500819900920 8.9491319910835383
vn -0.8337992122253393 0.4977832997562289 -0.2387271668164391
v 1.9999532478525113 -37.5503323441813421 9.0014209637361162
vn -0.8655791529515309 -0.0421853287259382 -0.4989921121781333
v 1.9999929648790558 -39.9155875145893901 9.2667921924004428
vn -0.5588543082533995 0.7937502948808873 -0.2400881744757926
v 1.9999997243894907 -37.6717925217752310 7.9582172768982860
vn -0.6096177146496302 0.5510835314997119 -0.5698010032416300
v 1.9999995427972392 -38.1027555948658971 6.9668754457842468
vn -0.8975395809436677 -0.4294090274586601 -0.1001528221093809
v 2.0000009375671417 -39.2503772388028906 8.0436042574563213
vn -0.2870314996354849 -0.5162314195250788 -0.8069188557173061
v 2.0000016776718739 -38.7809733616041896 6.9576994219108981
vn -0.7147956326911133 0.4536544263338697 -0.5322263286924076
v 1.9999999979925633 -40.5503147086665905 9.1293907253793130
vn -0.7146882495804449 -0.4605927025974512 -0.5263792057306366
v 1.9999999969944586 -42.5893126352184552 9.1013514240833562
vn -0.5646172572018633 -0.7842226256281684 -0.2572979329934592
v 2.0000090160707606 -42.4258379497096456 8.8446082377555992
vn -0.8345961565136111 0.1495141311429228 -0.5301837229878761
v 1.9999999792565515 -40.3762763161321985 9.2074638916300273
vn -0.9028851564337164 0.4066689020196544 -0.1393513488337746
v 1.9999871665182416 -40.7452552952950313 8.8693541162862974
vn -0.7109858238104981 -0.1939350766453213 -0.6759351628574154
v 2.0000000219772875 -42.7770789272795326 9.2029138011548444
vn -0.9503048999708299 0.0038794438007636 -0.3112965579752333
v 2.0000000001030340 -43.1534709464221962 9.2669063585417017
vn -0.5601761896901816 0.8181042763610606 -0.1300308790400772
v 1.9996341850971735 -40.7577223240860178 8.1539000992591664
vn -0.5149476833822499 0.4649753421250804 -0.7201574929103483
v 1.9999996536137585 -41.2490446467443874 6.9578481961987064
vn -0.8043333323071498 -0.5871778202686329 -0.0909400787565828
v 1.9999797567485880 -42.4161153603921690 8.1113744447041629
vn -0.3623707517112966 -0.6628038649457993 -0.6552697726258250
v 2.0000025139042550 -41.9268207552012626 6.9657120238620678
vn -0.7126224493545387 0.6948378033895634 -0.0967970642979650
v 2.0000710968729392 -43.8914353622425040 8.1641420733852321
vn -0.7176554805576308 0.6583490416519620 -0.2270399757345376
v 2.0000000016942314 -43.8943270108430497 8.8217577754343814
vn -0.5796648913870922 0.3690828766565513 -0.7264753566722794
v 1.9998700993810676 -43.6643329785619443 9.1668853738829768
vn -0.9091055961125478 -0.2392045989540854 -0.3410398436488969
v 1.9999168668721292 -45.7671925245144351 9.1428783023919813
vn -0.7175016787879573 -0.6760089073744111 -0.1679383758612598
v 1.9999999993280941 -45.5611373071124746 8.8032068438297131
vn -0.8144953661719380 0.0453361959987309 -0.5783959956783979
v 1.9999943585940405 -46.4266370022279062 9.2743811439189479
vn -0.8368616630237911 -0.5358452749987495 -0.1119481943694014
v 1.9999912594299389 -45.5556563101517398 8.1050351114179193
vn -0.5148680829971148 0.4680664776881312 -0.7182093215598793
v 1.9999290275832033 -44.3849023817769748 6.9585200311927506
vn -0.3620865856112104 -0.6650179399905243 -0.6531802538435887
v 2.0000024936642276 -45.0684156552386597 6.9657127744153371
vn -0.8203078204619608 0.4638450193336875 -0.3345786570124855
v 1.9999677213702669 -47.0115370999710365 8.9284327268328472
vn -0.9037620898849021 -0.1955753746138975 -0.3807418518254955
v 2.0000000000676454 -48.9694578856217504 9.1703814065727620
vn -0.4713043975138672 -0.8236958994043740 -0.3152732627237994
v 2.0000342840232190 -48.7210424413227301 8.9129126237311880
vn -0.7113151391074755 -0.6874502909077150 -0.1464338431081107
v 1.9999494110196439 -48.6901052614569352 8.0976074768880828
vn -0.6050243346785754 0.7633837751204119 -0.2262537653380725
v 2.0001056515717095 -47.1442507418034253 7.7742776886793443
vn -0.6273716931594762 0.1794430679295503 -0.7577631186553241
v 1.9999861229938012 -49.6844663279614096 9.2753466201044592
vn -0.3595527942238402 0.3186065869757224 -0.8770471087128161
v 2.0000001284118296 -47.5476977436132984 6.9585884004054925
vn -0.6133249341653568 -0.5636357112326585 -0.5533058016633440
v 2.0000052282792287 -48.2235470540271223 6.9686117783141990
vn -0.6054566357805566 0.7694912488657886 -0.2032374968067154
v 1.9999846717256877 -50.2255023280905348 7.9283834346277660
vn -0.8459097420671174 -0.3379904981877616 -0.4125519741932301
v 2.0000611084987976 -51.8992055865143342 9.0701438009679460
vn -0.8550430396562627 0.4514050513425663 -0.2552153599566332
v 1.9999865039800286 -50.1392002169233066 8.9464849591743008
vn -0.5302721617258159 -0.6775534342760143 -0.5096398514631770
v 2.0000002443890903 -52.5830642569988527 9.2676022934723754
vn -0.7073257581930994 -0.6992857907069473 -0.1033907863976124
v 1.9999995916215882 -51.8653334424785299 8.3525800803950645
vn -0.8336780803012939 -0.5158775937765885 -0.1971069929363913
v 1.9999600130597137 -51.6655386372789209 7.6097239081981138
vn -0.6109936698947334 0.2753298193267605 -0.7422130596655243
v 1.9999999144255252 -50.6907640197500342 6.9573131154321146
vn -0.3572966719390798 -0.6424525019337823 -0.6779335299129855
v 2.0000000000000000 -51.3392028800000020 6.9627242100000002
# 4936 vertices, 0 vertices normals

f 5//5 2//2 1//1
f 3//3 1//1 2//2
f 3//3 2//2 4//4
f 5//5 6//6 2//2
f 8//8 3//3 4//4
f 7//7 6//6 5//5
f 9//9 6//6 7//7
f 10//10 6//6 9//9
f 11//11 6//6 10//10
f 12//12 6//6 11//11
f 13//13 14//14 382//382
f 15//15 8//8 4//4
f 17//17 16//16 15//15
f 17//17 15//15 4//4
f 18//18 17//17 4//4
f 24//24 18//18 4//4
f 19//19 12//12 14//14
f 19//19 14//14 13//13
f 20//20 12//12 19//19
f 22//22 23//23 21//21
f 22//22 24//24 4//4
f 22//22 25//25 24//24
f 22//22 21//21 25//25
f 26//26 23//23 22//22
f 26//26 22//22 28//28
f 27//27 26//26 28//28
f 29//29 27//27 28//28
f 30//30 29//29 28//28
f 30//30 32//32 29//29
f 31//31 32//32 30//30
f 31//31 33//33 32//32
f 36//36 34//34 35//35
f 36//36 37//37 34//34
f 38//38 37//37 36//36
f 38//38 39//39 37//37
f 73//73 39//39 38//38
f 41//41 73//73 42//42
f 41//41 42//42 43//43
f 41//41 43//43 40//40
f 41//41 40//40 44//44
f 45//45 41//41 44//44
f 45//45 46//46 41//41
f 47//47 46//46 45//45
f 46//46 47//47 48//48
f 49//49 46//46 48//48
f 49//49 48//48 52//52
f 50//50 49//49 52//52
f 50//50 52//52 51//51
f 53//53 50//50 51//51
f 54//54 50//50 53//53
f 55//55 33//33 31//31
f 57//57 56//56 55//55
f 57//57 55//55 31//31
f 76//76 57//57 31//31
f 59//59 61//61 60//60
f 59//59 62//62 61//61
f 59//59 60//60 366//366
f 59//59 366//366 58//58
f 59//59 58//58 63//63
f 59//59 63//63 64//64
f 65//65 68//68 66//66
f 65//65 66//66 67//67
f 70//70 62//62 59//59
f 65//65 67//67 69//69
f 70//70 65//65 69//69
f 70//70 69//69 62//62
f 65//65 50//50 72//72
f 72//72 50//50 71//71
f 71//71 50//50 54//54
f 65//65 72//72 68//68
f 41//41 6//6 12//12
f 41//41 12//12 73//73
f 73//73 12//12 74//74
f 74//74 12//12 20//20
f 73//73 74//74 75//75
f 73//73 75//75 39//39
f 31//31 59//59 64//64
f 31//31 64//64 76//76
f 77//77 65//65 70//70
f 78//78 77//77 70//70
f 79//79 70//70 59//59
f 79//79 78//78 70//70
f 80//80 79//79 59//59
f 31//31 80//80 59//59
f 83//83 81//81 82//82
f 84//84 81//81 83//83
f 85//85 83//83 82//82
f 86//86 87//87 85//85
f 86//86 85//85 82//82
f 89//89 87//87 86//86
f 88//88 89//89 86//86
f 80//80 89//89 88//88
f 90//90 84//84 91//91
f 90//90 91//91 92//92
f 90//90 81//81 84//84
f 459//459 90//90 92//92
f 93//93 459//459 92//92
f 79//79 80//80 88//88
f 94//94 78//78 79//79
f 94//94 79//79 88//88
f 95//95 77//77 78//78
f 95//95 78//78 94//94
f 95//95 459//459 93//93
f 95//95 93//93 77//77
f 86//86 96//96 97//97
f 86//86 82//82 96//96
f 98//98 99//99 100//100
f 98//98 100//100 101//101
f 102//102 100//100 103//103
f 102//102 101//101 100//100
f 104//104 105//105 102//102
f 104//104 102//102 103//103
f 106//106 99//99 98//98
f 107//107 106//106 98//98
f 96//96 107//107 108//108
f 96//96 106//106 107//107
f 97//97 109//109 110//110
f 97//97 108//108 109//109
f 97//97 96//96 108//108
f 111//111 110//110 105//105
f 111//111 105//105 104//104
f 111//111 97//97 110//110
f 97//97 111//111 88//88
f 97//97 88//88 86//86
f 104//104 88//88 111//111
f 94//94 88//88 104//104
f 104//104 103//103 95//95
f 104//104 95//95 94//94
f 459//459 103//103 100//100
f 459//459 95//95 103//103
f 100//100 99//99 90//90
f 100//100 90//90 459//459
f 106//106 90//90 99//99
f 81//81 90//90 106//106
f 106//106 96//96 82//82
f 106//106 82//82 81//81
f 108//108 112//112 109//109
f 108//108 113//113 112//112
f 112//112 114//114 110//110
f 109//109 112//112 110//110
f 110//110 115//115 105//105
f 110//110 114//114 115//115
f 105//105 116//116 102//102
f 105//105 115//115 116//116
f 102//102 117//117 101//101
f 102//102 116//116 117//117
f 101//101 118//118 98//98
f 101//101 117//117 118//118
f 98//98 119//119 107//107
f 98//98 118//118 119//119
f 107//107 113//113 108//108
f 107//107 119//119 113//113
f 117//117 120//120 121//121
f 117//117 121//121 118//118
f 116//116 122//122 120//120
f 116//116 120//120 117//117
f 123//123 116//116 115//115
f 123//123 122//122 116//116
f 124//124 118//118 121//121
f 119//119 118//118 124//124
f 125//125 113//113 119//119
f 125//125 119//119 124//124
f 126//126 112//112 113//113
f 126//126 114//114 112//112
f 126//126 113//113 125//125
f 127//127 115//115 114//114
f 127//127 123//123 115//115
f 127//127 114//114 126//126
f 128//128 125//125 129//129
f 126//126 125//125 128//128
f 130//130 131//131 132//132
f 130//130 132//132 133//133
f 134//134 132//132 135//135
f 134//134 133//133 132//132
f 136//136 137//137 134//134
f 136//136 134//134 135//135
f 138//138 131//131 130//130
f 139//139 138//138 130//130
f 129//129 139//139 140//140
f 129//129 138//138 139//139
f 128//128 141//141 142//142
f 128//128 140//140 141//141
f 128//128 129//129 140//140
f 143//143 142//142 137//137
f 143//143 137//137 136//136
f 143//143 128//128 142//142
f 128//128 143//143 127//127
f 128//128 127//127 126//126
f 123//123 143//143 136//136
f 123//123 127//127 143//143
f 136//136 135//135 122//122
f 136//136 122//122 123//123
f 132//132 122//122 135//135
f 120//120 122//122 132//132
f 132//132 131//131 121//121
f 132//132 121//121 120//120
f 124//124 131//131 138//138
f 124//124 121//121 131//131
f 138//138 129//129 125//125
f 138//138 125//125 124//124
f 140//140 144//144 141//141
f 140//140 145//145 144//144
f 144//144 146//146 142//142
f 141//141 144//144 142//142
f 142//142 147//147 137//137
f 142//142 146//146 147//147
f 137//137 148//148 134//134
f 137//137 147//147 148//148
f 134//134 149//149 133//133
f 134//134 148//148 149//149
f 133//133 150//150 130//130
f 133//133 149//149 150//150
f 130//130 151//151 139//139
f 130//130 150//150 151//151
f 139//139 145//145 140//140
f 139//139 151//151 145//145
f 149//149 152//152 153//153
f 149//149 153//153 150//150
f 148//148 154//154 152//152
f 148//148 152//152 149//149
f 155//155 148//148 147//147
f 155//155 154//154 148//148
f 156//156 150//150 153//153
f 151//151 150//150 156//156
f 157//157 145//145 151//151
f 157//157 151//151 156//156
f 158//158 144//144 145//145
f 158//158 146//146 144//144
f 158//158 145//145 157//157
f 159//159 147//147 146//146
f 159//159 155//155 147//147
f 159//159 146//146 158//158
f 160//160 157//157 161//161
f 158//158 157//157 160//160
f 162//162 163//163 164//164
f 162//162 164//164 165//165
f 166//166 164//164 167//167
f 166//166 165//165 164//164
f 168//168 169//169 166//166
f 168//168 166//166 167//167
f 170//170 163//163 162//162
f 171//171 170//170 162//162
f 161//161 171//171 172//172
f 161//161 170//170 171//171
f 160//160 173//173 174//174
f 160//160 172//172 173//173
f 160//160 161//161 172//172
f 175//175 174//174 169//169
f 175//175 169//169 168//168
f 175//175 160//160 174//174
f 160//160 175//175 159//159
f 160//160 159//159 158//158
f 155//155 175//175 168//168
f 155//155 159//159 175//175
f 168//168 167//167 154//154
f 168//168 154//154 155//155
f 164//164 154//154 167//167
f 152//152 154//154 164//164
f 164//164 163//163 153//153
f 164//164 153//153 152//152
f 156//156 163//163 170//170
f 156//156 153//153 163//163
f 170//170 161//161 157//157
f 170//170 157//157 156//156
f 172//172 176//176 173//173
f 172//172 177//177 176//176
f 176//176 178//178 174//174
f 173//173 176//176 174//174
f 174//174 179//179 169//169
f 174//174 178//178 179//179
f 169//169 180//180 166//166
f 169//169 179//179 180//180
f 166//166 181//181 165//165
f 166//166 180//180 181//181
f 165//165 182//182 162//162
f 165//165 181//181 182//182
f 162//162 183//183 171//171
f 162//162 182//182 183//183
f 171//171 177//177 172//172
f 171//171 183//183 177//177
f 181//181 184//184 185//185
f 181//181 185//185 182//182
f 180//180 186//186 184//184
f 180//180 184//184 181//181
f 187//187 180//180 179//179
f 187//187 186//186 180//180
f 188//188 182//182 185//185
f 183//183 182//182 188//188
f 189//189 177//177 183//183
f 189//189 183//183 188//188
f 190//190 176//176 177//177
f 190//190 178//178 176//176
f 190//190 177//177 189//189
f 191//191 179//179 178//178
f 191//191 187//187 179//179
f 191//191 178//178 190//190
f 190//190 192//192 193//193
f 190//190 189//189 192//192
f 194//194 195//195 196//196
f 194//194 196//196 197//197
f 198//198 196//196 199//199
f 198//198 197//197 196//196
f 200//200 201//201 198//198
f 200//200 198//198 199//199
f 202//202 195//195 194//194
f 203//203 202//202 194//194
f 192//192 203//203 204//204
f 192//192 202//202 203//203
f 193//193 205//205 206//206
f 193//193 204//204 205//205
f 193//193 192//192 204//204
f 207//207 206//206 201//201
f 207//207 201//201 200//200
f 207//207 193//193 206//206
f 193//193 207//207 191//191
f 193//193 191//191 190//190
f 187//187 207//207 200//200
f 187//187 191//191 207//207
f 200//200 199//199 186//186
f 200//200 186//186 187//187
f 184//184 199//199 196//196
f 184//184 186//186 199//199
f 196//196 195//195 185//185
f 196//196 185//185 184//184
f 188//188 195//195 202//202
f 188//188 185//185 195//195
f 202//202 192//192 189//189
f 202//202 189//189 188//188
f 204//204 208//208 205//205
f 204//204 209//209 208//208
f 208//208 210//210 206//206
f 205//205 208//208 206//206
f 206//206 211//211 201//201
f 206//206 210//210 211//211
f 201//201 212//212 198//198
f 201//201 211//211 212//212
f 198//198 213//213 197//197
f 198//198 212//212 213//213
f 197//197 214//214 194//194
f 197//197 213//213 214//214
f 194//194 215//215 203//203
f 194//194 214//214 215//215
f 203//203 209//209 204//204
f 203//203 215//215 209//209
f 213//213 216//216 217//217
f 213//213 217//217 214//214
f 212//212 218//218 216//216
f 212//212 216//216 213//213
f 219//219 212//212 211//211
f 219//219 218//218 212//212
f 220//220 214//214 217//217
f 215//215 214//214 220//220
f 221//221 209//209 215//215
f 221//221 215//215 220//220
f 222//222 208//208 209//209
f 222//222 210//210 208//208
f 222//222 209//209 221//221
f 223//223 211//211 210//210
f 223//223 219//219 211//211
f 223//223 210//210 222//222
f 222//222 224//224 225//225
f 222//222 221//221 224//224
f 226//226 227//227 228//228
f 226//226 228//228 229//229
f 230//230 228//228 231//231
f 230//230 229//229 228//228
f 232//232 233//233 230//230
f 232//232 230//230 231//231
f 234//234 227//227 226//226
f 235//235 234//234 226//226
f 224//224 235//235 236//236
f 224//224 234//234 235//235
f 225//225 237//237 238//238
f 225//225 236//236 237//237
f 225//225 224//224 236//236
f 239//239 238//238 233//233
f 239//239 233//233 232//232
f 239//239 225//225 238//238
f 225//225 239//239 223//223
f 225//225 223//223 222//222
f 219//219 239//239 232//232
f 219//219 223//223 239//239
f 232//232 231//231 218//218
f 232//232 218//218 219//219
f 216//216 231//231 228//228
f 216//216 218//218 231//231
f 228//228 227//227 217//217
f 228//228 217//217 216//216
f 220//220 227//227 234//234
f 220//220 217//217 227//227
f 234//234 224//224 221//221
f 234//234 221//221 220//220
f 236//236 240//240 237//237
f 236//236 241//241 240//240
f 240//240 242//242 238//238
f 237//237 240//240 238//238
f 238//238 243//243 233//233
f 238//238 242//242 243//243
f 233//233 244//244 230//230
f 233//233 243//243 244//244
f 230//230 245//245 229//229
f 230//230 244//244 245//245
f 229//229 246//246 226//226
f 229//229 245//245 246//246
f 226//226 247//247 235//235
f 226//226 246//246 247//247
f 235//235 241//241 236//236
f 235//235 247//247 241//241
f 245//245 248//248 249//249
f 245//245 249//249 246//246
f 244//244 250//250 248//248
f 244//244 248//248 245//245
f 251//251 244//244 243//243
f 251//251 250//250 244//244
f 252//252 246//246 249//249
f 247//247 246//246 252//252
f 253//253 241//241 247//247
f 253//253 247//247 252//252
f 254//254 240//240 241//241
f 254//254 242//242 240//240
f 254//254 241//241 253//253
f 255//255 243//243 242//242
f 255//255 251//251 243//243
f 255//255 242//242 254//254
f 254//254 253//253 256//256
f 254//254 256//256 257//257
f 257//257 255//255 254//254
f 257//257 258//258 255//255
f 259//259 255//255 258//258
f 259//259 258//258 260//260
f 261//261 262//262 263//263
f 251//251 262//262 261//261
f 251//251 255//255 259//259
f 251//251 259//259 262//262
f 261//261 250//250 251//251
f 261//261 264//264 250//250
f 248//248 250//250 264//264
f 248//248 264//264 265//265
f 265//265 249//249 248//248
f 265//265 266//266 249//249
f 267//267 249//249 266//266
f 267//267 266//266 268//268
f 269//269 270//270 271//271
f 252//252 270//270 269//269
f 252//252 249//249 267//267
f 252//252 267//267 270//270
f 269//269 253//253 252//252
f 269//269 256//256 253//253
f 273//273 258//258 257//257
f 272//272 258//258 273//273
f 274//274 273//273 257//257
f 260//260 258//258 272//272
f 275//275 260//260 272//272
f 256//256 276//276 274//274
f 256//256 274//274 257//257
f 269//269 277//277 276//276
f 269//269 276//276 256//256
f 271//271 277//277 269//269
f 271//271 278//278 277//277
f 279//279 274//274 276//276
f 279//279 276//276 280//280
f 277//277 281//281 282//282
f 276//276 277//277 282//282
f 276//276 282//282 280//280
f 284//284 283//283 282//282
f 284//284 282//282 281//281
f 285//285 282//282 283//283
f 285//285 280//280 282//282
f 287//287 284//284 281//281
f 286//286 280//280 285//285
f 383//383 287//287 281//281
f 289//289 288//288 383//383
f 289//289 383//383 281//281
f 294//294 289//289 281//281
f 322//322 321//321 290//290
f 291//291 280//280 286//286
f 292//292 280//280 291//291
f 293//293 290//290 294//294
f 293//293 322//322 290//290
f 295//295 322//322 293//293
f 298//298 297//297 296//296
f 300//300 299//299 297//297
f 300//300 297//297 298//298
f 300//300 301//301 299//299
f 302//302 301//301 300//300
f 302//302 280//280 292//292
f 302//302 292//292 301//301
f 304//304 305//305 303//303
f 279//279 302//302 305//305
f 279//279 305//305 304//304
f 279//279 280//280 302//302
f 306//306 279//279 304//304
f 306//306 308//308 279//279
f 307//307 308//308 306//306
f 309//309 308//308 307//307
f 311//311 308//308 309//309
f 311//311 309//309 310//310
f 311//311 310//310 312//312
f 313//313 311//311 312//312
f 313//313 312//312 314//314
f 293//293 294//294 281//281
f 298//298 296//296 316//316
f 17//17 298//298 316//316
f 17//17 316//316 16//16
f 17//17 300//300 298//298
f 18//18 300//300 17//17
f 24//24 300//300 18//18
f 24//24 302//302 300//300
f 25//25 302//302 24//24
f 25//25 305//305 302//302
f 21//21 305//305 25//25
f 21//21 303//303 305//305
f 315//315 15//15 16//16
f 316//316 315//315 16//16
f 317//317 15//15 318//318
f 315//315 318//318 15//15
f 8//8 15//15 317//317
f 299//299 315//315 297//297
f 286//286 317//317 291//291
f 286//286 8//8 317//317
f 318//318 315//315 299//299
f 299//299 319//319 318//318
f 301//301 319//319 299//299
f 292//292 319//319 301//301
f 292//292 320//320 319//319
f 291//291 317//317 320//320
f 291//291 320//320 292//292
f 317//317 318//318 320//320
f 320//320 318//318 319//319
f 296//296 297//297 315//315
f 296//296 315//315 316//316
f 341//341 324//324 40//40
f 341//341 40//40 43//43
f 40//40 324//324 44//44
f 44//44 324//324 329//329
f 52//52 325//325 51//51
f 52//52 326//326 325//325
f 48//48 326//326 52//52
f 47//47 327//327 326//326
f 47//47 326//326 48//48
f 47//47 328//328 327//327
f 45//45 328//328 47//47
f 44//44 329//329 328//328
f 44//44 328//328 45//45
f 51//51 330//330 53//53
f 51//51 325//325 330//330
f 66//66 331//331 354//354
f 68//68 331//331 66//66
f 68//68 332//332 331//331
f 72//72 332//332 68//68
f 72//72 333//333 332//332
f 71//71 334//334 333//333
f 71//71 335//335 334//334
f 71//71 333//333 72//72
f 54//54 335//335 71//71
f 53//53 330//330 335//335
f 53//53 335//335 54//54
f 339//339 336//336 337//337
f 340//340 338//338 339//339
f 340//340 339//339 337//337
f 365//365 340//340 337//337
f 324//324 341//341 342//342
f 343//343 324//324 342//342
f 343//343 342//342 365//365
f 329//329 324//324 343//343
f 328//328 329//329 343//343
f 327//327 328//328 343//343
f 327//327 343//343 344//344
f 344//344 326//326 327//327
f 345//345 326//326 344//344
f 345//345 325//325 326//326
f 330//330 325//325 345//345
f 346//346 347//347 348//348
f 350//350 346//346 349//349
f 351//351 346//346 350//350
f 351//351 347//347 346//346
f 358//358 347//347 351//351
f 360//360 354//354 331//331
f 360//360 361//361 354//354
f 355//355 356//356 362//362
f 355//355 357//357 356//356
f 355//355 353//353 357//357
f 355//355 358//358 359//359
f 355//355 359//359 352//352
f 355//355 352//352 353//353
f 363//363 355//355 362//362
f 363//363 361//361 360//360
f 363//363 364//364 361//361
f 363//363 362//362 364//364
f 347//347 358//358 355//355
f 360//360 333//333 345//345
f 333//333 334//334 345//345
f 334//334 335//335 345//345
f 335//335 330//330 345//345
f 360//360 332//332 333//333
f 360//360 331//331 332//332
f 343//343 365//365 337//337
f 60//60 356//356 357//357
f 61//61 356//356 60//60
f 61//61 362//362 356//356
f 62//62 362//362 61//61
f 69//69 364//364 362//362
f 69//69 362//362 62//62
f 67//67 361//361 364//364
f 67//67 364//364 69//69
f 66//66 354//354 361//361
f 66//66 361//361 67//67
f 353//353 366//366 357//357
f 357//357 366//366 60//60
f 58//58 366//366 352//352
f 56//56 350//350 349//349
f 57//57 351//351 350//350
f 57//57 350//350 56//56
f 76//76 351//351 57//57
f 64//64 351//351 76//76
f 64//64 358//358 351//351
f 63//63 358//358 64//64
f 63//63 359//359 358//358
f 63//63 352//352 359//359
f 58//58 352//352 63//63
f 323//323 55//55 56//56
f 349//349 323//323 56//56
f 367//367 323//323 346//346
f 367//367 55//55 323//323
f 348//348 367//367 346//346
f 368//368 33//33 55//55
f 368//368 55//55 367//367
f 312//312 368//368 314//314
f 312//312 33//33 368//368
f 312//312 32//32 33//33
f 310//310 32//32 312//312
f 310//310 29//29 32//32
f 309//309 29//29 310//310
f 309//309 27//27 29//29
f 307//307 27//27 309//309
f 307//307 26//26 27//27
f 306//306 26//26 307//307
f 306//306 23//23 26//26
f 306//306 304//304 23//23
f 23//23 304//304 303//303
f 21//21 23//23 303//303
f 275//275 259//259 260//260
f 275//275 368//368 259//259
f 314//314 275//275 313//313
f 314//314 368//368 275//275
f 313//313 275//275 272//272
f 313//313 272//272 311//311
f 273//273 274//274 279//279
f 273//273 279//279 308//308
f 272//272 308//308 311//311
f 272//272 273//273 308//308
f 367//367 262//262 259//259
f 367//367 259//259 368//368
f 369//369 262//262 367//367
f 369//369 367//367 348//348
f 263//263 262//262 369//369
f 347//347 369//369 348//348
f 370//370 263//263 369//369
f 261//261 370//370 371//371
f 261//261 263//263 370//370
f 264//264 261//261 371//371
f 372//372 264//264 371//371
f 374//374 373//373 268//268
f 266//266 374//374 268//268
f 265//265 375//375 374//374
f 265//265 374//374 266//266
f 265//265 264//264 372//372
f 265//265 372//372 375//375
f 337//337 373//373 374//374
f 337//337 374//374 343//343
f 375//375 345//345 344//344
f 374//374 375//375 344//344
f 374//374 344//344 343//343
f 345//345 375//375 372//372
f 345//345 372//372 360//360
f 371//371 370//370 355//355
f 371//371 355//355 363//363
f 372//372 363//363 360//360
f 372//372 371//371 363//363
f 355//355 369//369 347//347
f 355//355 370//370 369//369
f 373//373 267//267 268//268
f 373//373 376//376 267//267
f 336//336 373//373 337//337
f 336//336 376//376 373//373
f 322//322 295//295 377//377
f 19//19 377//377 378//378
f 19//19 322//322 377//377
f 13//13 322//322 19//19
f 376//376 336//336 339//339
f 34//34 376//376 339//339
f 37//37 379//379 376//376
f 37//37 376//376 34//34
f 39//39 379//379 37//37
f 39//39 380//380 379//379
f 75//75 380//380 39//39
f 74//74 381//381 380//380
f 74//74 380//380 75//75
f 20//20 381//381 74//74
f 20//20 378//378 381//381
f 19//19 378//378 20//20
f 378//378 377//377 270//270
f 381//381 378//378 270//270
f 380//380 381//381 270//270
f 267//267 379//379 380//380
f 267//267 376//376 379//379
f 267//267 380//380 270//270
f 278//278 270//270 377//377
f 278//278 377//377 295//295
f 271//271 270//270 278//278
f 293//293 278//278 295//295
f 281//281 278//278 293//293
f 281//281 277//277 278//278
f 290//290 321//321 382//382
f 14//14 290//290 382//382
f 12//12 290//290 14//14
f 12//12 294//294 290//290
f 11//11 294//294 12//12
f 11//11 289//289 294//294
f 10//10 289//289 11//11
f 10//10 288//288 289//289
f 9//9 288//288 10//10
f 321//321 13//13 382//382
f 321//321 322//322 13//13
f 7//7 383//383 9//9
f 287//287 383//383 7//7
f 5//5 284//284 287//287
f 5//5 287//287 7//7
f 1//1 284//284 5//5
f 1//1 283//283 284//284
f 3//3 283//283 1//1
f 3//3 285//285 283//283
f 8//8 285//285 3//3
f 8//8 286//286 285//285
f 9//9 383//383 288//288
f 35//35 339//339 338//338
f 43//43 342//342 341//341
f 42//42 342//342 43//43
f 42//42 365//365 342//342
f 73//73 365//365 42//42
f 38//38 340//340 365//365
f 38//38 365//365 73//73
f 36//36 340//340 38//38
f 36//36 338//338 340//340
f 36//36 35//35 338//338
f 35//35 34//34 339//339
f 323//323 349//349 346//346
f 366//366 353//353 352//352
f 65//65 93//93 50//50
f 65//65 77//77 93//93
f 92//92 91//91 41//41
f 92//92 41//41 46//46
f 92//92 46//46 49//49
f 93//93 49//49 50//50
f 93//93 92//92 49//49
f 41//41 84//84 6//6
f 41//41 91//91 84//84
f 85//85 4//4 2//2
f 83//83 85//85 2//2
f 84//84 83//83 2//2
f 84//84 2//2 6//6
f 4//4 87//87 22//22
f 4//4 85//85 87//87
f 89//89 80//80 31//31
f 89//89 31//31 30//30
f 89//89 30//30 28//28
f 87//87 89//89 28//28
f 87//87 28//28 22//22
f 384//384 385//385 894//894
f 386//386 889//889 385//385
f 889//889 389//389 897//897
f 901//901 389//389 889//889
f 386//386 899//899 901//901
f 386//386 890//890 899//899
f 387//387 890//890 386//386
f 387//387 391//391 890//890
f 384//384 894//894 391//391
f 384//384 391//391 387//387
f 389//389 388//388 897//897
f 389//389 892//892 388//388
f 390//390 892//892 389//389
f 899//899 890//890 390//390
f 388//388 893//893 895//895
f 892//892 893//893 388//388
f 898//898 893//893 892//892
f 897//897 388//388 896//896
f 392//392 911//911 394//394
f 392//392 396//396 911//911
f 891//891 396//396 392//392
f 891//891 895//895 396//396
f 395//395 398//398 911//911
f 396//396 395//395 911//911
f 396//396 908//908 395//395
f 397//397 908//908 396//396
f 398//398 912//912 909//909
f 398//398 399//399 912//912
f 395//395 399//399 398//398
f 910//910 402//402 401//401
f 403//403 402//402 910//910
f 403//403 520//520 402//402
f 906//906 520//520 403//403
f 405//405 866//866 404//404
f 410//410 861//861 866//866
f 866//866 406//406 410//410
f 864//864 406//406 866//866
f 860//860 864//864 407//407
f 408//408 860//860 407//407
f 408//408 868//868 860//860
f 409//409 868//868 408//408
f 409//409 404//404 868//868
f 868//868 412//412 870//870
f 861//861 412//412 868//868
f 865//865 418//418 863//863
f 870//870 871//871 411//411
f 870//870 413//413 871//871
f 412//412 413//413 870//870
f 863//863 413//413 412//412
f 410//410 863//863 412//412
f 413//413 882//882 871//871
f 418//418 882//882 413//413
f 863//863 418//418 413//413
f 878//878 414//414 415//415
f 876//876 877//877 878//878
f 876//876 416//416 877//877
f 876//876 886//886 416//416
f 418//418 417//417 886//886
f 418//418 415//415 417//417
f 414//414 884//884 880//880
f 414//414 877//877 884//884
f 885//885 420//420 419//419
f 879//879 420//420 885//885
f 879//879 880//880 420//420
f 835//835 424//424 425//425
f 425//425 837//837 835//835
f 421//421 837//837 425//425
f 421//421 842//842 837//837
f 421//421 422//422 842//842
f 426//426 845//845 430//430
f 840//840 427//427 845//845
f 835//835 427//427 840//840
f 835//835 838//838 427//427
f 837//837 838//838 835//835
f 837//837 428//428 838//838
f 842//842 428//428 837//837
f 843//843 429//429 430//430
f 845//845 843//843 430//430
f 845//845 839//839 843//843
f 431//431 839//839 845//845
f 838//838 841//841 431//431
f 432//432 841//841 838//838
f 430//430 432//432 426//426
f 429//429 843//843 859//859
f 839//839 434//434 843//843
f 852//852 436//436 434//434
f 843//843 433//433 859//859
f 434//434 433//433 843//843
f 434//434 435//435 433//433
f 436//436 435//435 434//434
f 437//437 439//439 436//436
f 429//429 859//859 438//438
f 859//859 849//849 850//850
f 859//859 433//433 849//849
f 442//442 441//441 440//440
f 442//442 443//443 441//441
f 858//858 443//443 442//442
f 444//444 443//443 858//858
f 444//444 496//496 443//443
f 444//444 847//847 496//496
f 855//855 847//847 444//444
f 447//447 815//815 446//446
f 449//449 815//815 447//447
f 449//449 448//448 815//815
f 449//449 450//450 448//448
f 813//813 451//451 806//806
f 815//815 451//451 813//813
f 448//448 809//809 815//815
f 448//448 445//445 809//809
f 810//810 811//811 817//817
f 830//830 823//823 452//452
f 825//825 830//830 452//452
f 828//828 831//831 825//825
f 453//453 818//818 454//454
f 822//822 833//833 821//821
f 822//822 827//827 833//833
f 830//830 827//827 822//822
f 830//830 832//832 827//827
f 831//831 832//832 830//830
f 455//455 829//829 454//454
f 820//820 457//457 456//456
f 820//820 821//821 457//457
f 459//459 460//460 95//95
f 458//458 460//460 459//459
f 462//462 88//88 86//86
f 461//461 88//88 462//462
f 463//463 462//462 86//86
f 82//82 463//463 86//86
f 82//82 464//464 463//463
f 81//81 464//464 82//82
f 465//465 464//464 81//81
f 466//466 88//88 461//461
f 94//94 88//88 466//466
f 467//467 94//94 466//466
f 95//95 94//94 467//467
f 468//468 95//95 467//467
f 459//459 95//95 468//468
f 471//471 465//465 81//81
f 459//459 470//470 469//469
f 90//90 459//459 469//469
f 90//90 469//469 471//471
f 90//90 471//471 81//81
f 468//468 470//470 459//459
f 459//459 472//472 458//458
f 459//459 90//90 472//472
f 472//472 473//473 474//474
f 472//472 474//474 458//458
f 824//824 475//475 476//476
f 477//477 475//475 824//824
f 456//456 477//477 824//824
f 479//479 824//824 476//476
f 478//478 477//477 456//456
f 478//478 456//456 457//457
f 537//537 478//478 457//457
f 537//537 457//457 479//479
f 538//538 537//537 479//479
f 480//480 481//481 500//500
f 482//482 480//480 500//500
f 483//483 479//479 476//476
f 484//484 479//479 483//483
f 484//484 538//538 479//479
f 484//484 485//485 538//538
f 499//499 485//485 484//484
f 440//440 441//441 486//486
f 487//487 440//440 486//486
f 847//847 440//440 487//487
f 443//443 631//631 441//441
f 488//488 847//847 487//487
f 496//496 847//847 488//488
f 492//492 490//490 482//482
f 491//491 490//490 492//492
f 501//501 489//489 493//493
f 497//497 492//492 482//482
f 498//498 631//631 443//443
f 498//498 494//494 631//631
f 495//495 498//498 443//443
f 495//495 443//443 496//496
f 495//495 496//496 488//488
f 498//498 499//499 494//494
f 498//498 485//485 499//499
f 498//498 500//500 485//485
f 804//804 490//490 491//491
f 497//497 500//500 498//498
f 497//497 482//482 500//500
f 804//804 493//493 490//490
f 804//804 501//501 493//493
f 503//503 497//497 498//498
f 803//803 501//501 804//804
f 803//803 502//502 501//501
f 888//888 504//504 679//679
f 888//888 473//473 504//504
f 419//419 473//473 888//888
f 506//506 503//503 498//498
f 887//887 888//888 679//679
f 505//505 677//677 502//502
f 505//505 502//502 803//803
f 887//887 679//679 677//677
f 474//474 473//473 419//419
f 420//420 474//474 419//419
f 505//505 887//887 677//677
f 508//508 506//506 498//498
f 508//508 507//507 506//506
f 508//508 512//512 507//507
f 515//515 512//512 508//508
f 509//509 420//420 887//887
f 509//509 887//887 505//505
f 509//509 474//474 420//420
f 509//509 505//505 510//510
f 509//509 510//510 511//511
f 649//649 512//512 514//514
f 649//649 513//513 512//512
f 514//514 512//512 515//515
f 649//649 511//511 513//513
f 647//647 511//511 649//649
f 516//516 514//514 515//515
f 400//400 647//647 517//517
f 401//401 647//647 400//400
f 914//914 400//400 517//517
f 401//401 511//511 647//647
f 401//401 509//509 511//511
f 402//402 509//509 401//401
f 518//518 520//520 914//914
f 518//518 914//914 517//517
f 519//519 402//402 520//520
f 519//519 509//509 402//402
f 521//521 520//520 518//518
f 521//521 519//519 520//520
f 493//493 522//522 916//916
f 523//523 490//490 493//493
f 916//916 523//523 493//493
f 522//522 493//493 489//489
f 522//522 489//489 524//524
f 525//525 472//472 90//90
f 526//526 472//472 525//525
f 527//527 525//525 90//90
f 528//528 524//524 527//527
f 522//522 524//524 528//528
f 529//529 530//530 528//528
f 529//529 528//528 527//527
f 529//529 527//527 90//90
f 481//481 480//480 530//530
f 481//481 530//530 529//529
f 81//81 529//529 90//90
f 531//531 529//529 81//81
f 532//532 533//533 531//531
f 532//532 531//531 81//81
f 535//535 536//536 534//534
f 530//530 480//480 535//535
f 536//536 535//535 480//480
f 536//536 480//480 482//482
f 542//542 500//500 481//481
f 539//539 537//537 538//538
f 539//539 538//538 485//485
f 540//540 539//539 485//485
f 541//541 485//485 500//500
f 541//541 540//540 485//485
f 542//542 541//541 500//500
f 533//533 477//477 478//478
f 478//478 531//531 533//533
f 478//478 545//545 531//531
f 546//546 545//545 543//543
f 543//543 545//545 544//544
f 543//543 544//544 547//547
f 550//550 543//543 547//547
f 548//548 545//545 546//546
f 550//550 547//547 551//551
f 531//531 545//545 548//548
f 549//549 531//531 548//548
f 551//551 553//553 550//550
f 552//552 553//553 551//551
f 529//529 553//553 552//552
f 529//529 554//554 553//553
f 529//529 549//549 554//554
f 529//529 531//531 549//549
f 481//481 552//552 542//542
f 481//481 529//529 552//552
f 537//537 545//545 478//478
f 539//539 545//545 537//537
f 539//539 544//544 545//545
f 540//540 547//547 544//544
f 540//540 544//544 539//539
f 540//540 551//551 547//547
f 541//541 551//551 540//540
f 542//542 551//551 541//541
f 542//542 552//552 551//551
f 555//555 543//543 562//562
f 555//555 546//546 543//543
f 556//556 546//546 555//555
f 556//556 548//548 546//546
f 557//557 548//548 556//556
f 557//557 549//549 548//548
f 558//558 549//549 557//557
f 559//559 549//549 558//558
f 559//559 554//554 549//549
f 560//560 554//554 559//559
f 560//560 553//553 554//554
f 561//561 553//553 560//560
f 561//561 550//550 553//553
f 562//562 550//550 561//561
f 562//562 543//543 550//550
f 814//814 563//563 446//446
f 446//446 563//563 564//564
f 814//814 565//565 563//563
f 447//447 446//446 564//564
f 450//450 565//565 814//814
f 556//556 447//447 564//564
f 557//557 556//556 564//564
f 566//566 565//565 450//450
f 558//558 557//557 564//564
f 556//556 449//449 447//447
f 559//559 558//558 564//564
f 566//566 450//450 449//449
f 567//567 565//565 566//566
f 568//568 566//566 449//449
f 555//555 449//449 556//556
f 568//568 449//449 555//555
f 569//569 568//568 555//555
f 569//569 555//555 562//562
f 686//686 561//561 560//560
f 569//569 561//561 686//686
f 569//569 562//562 561//561
f 570//570 686//686 560//560
f 570//570 560//560 559//559
f 571//571 565//565 567//567
f 574//574 572//572 571//571
f 573//573 571//571 572//572
f 573//573 565//565 571//571
f 575//575 574//574 571//571
f 575//575 571//571 576//576
f 577//577 575//575 576//576
f 577//577 578//578 575//575
f 579//579 580//580 581//581
f 579//579 573//573 580//580
f 579//579 565//565 573//573
f 423//423 579//579 581//581
f 425//425 423//423 581//581
f 422//422 579//579 423//423
f 425//425 581//581 582//582
f 583//583 578//578 577//577
f 583//583 582//582 578//578
f 583//583 425//425 582//582
f 422//422 584//584 579//579
f 586//586 425//425 583//583
f 586//586 421//421 425//425
f 585//585 422//422 421//421
f 585//585 584//584 422//422
f 586//586 585//585 421//421
f 587//587 585//585 586//586
f 588//588 589//589 590//590
f 591//591 588//588 590//590
f 592//592 589//589 588//588
f 594//594 589//589 592//592
f 594//594 592//592 593//593
f 595//595 596//596 591//591
f 405//405 597//597 596//596
f 405//405 596//596 595//595
f 407//407 405//405 595//595
f 408//408 407//407 595//595
f 408//408 595//595 599//599
f 598//598 594//594 593//593
f 598//598 597//597 405//405
f 598//598 405//405 404//404
f 598//598 593//593 597//597
f 598//598 404//404 409//409
f 600//600 409//409 408//408
f 600//600 408//408 599//599
f 712//712 598//598 409//409
f 712//712 409//409 600//600
f 601//601 712//712 600//600
f 603//603 602//602 604//604
f 603//603 691//691 602//602
f 608//608 604//604 602//602
f 605//605 691//691 603//603
f 605//605 606//606 691//691
f 607//607 608//608 602//602
f 614//614 606//606 605//605
f 386//386 385//385 607//607
f 385//385 608//608 607//607
f 385//385 609//609 608//608
f 386//386 607//607 610//610
f 384//384 609//609 385//385
f 616//616 386//386 610//610
f 616//616 387//387 386//386
f 616//616 610//610 611//611
f 612//612 613//613 609//609
f 612//612 614//614 613//613
f 612//612 609//609 384//384
f 615//615 612//612 384//384
f 615//615 384//384 387//387
f 615//615 387//387 616//616
f 595//595 559//559 564//564
f 595//595 591//591 559//559
f 591//591 570//570 559//559
f 591//591 590//590 570//570
f 585//585 614//614 612//612
f 585//585 606//606 614//614
f 585//585 587//587 606//606
f 616//616 601//601 600//600
f 616//616 611//611 601//601
f 470//470 616//616 600//600
f 470//470 468//468 616//616
f 467//467 616//616 468//468
f 467//467 615//615 616//616
f 466//466 615//615 467//467
f 466//466 612//612 615//615
f 612//612 461//461 585//585
f 466//466 461//461 612//612
f 461//461 584//584 585//585
f 462//462 584//584 461//461
f 462//462 579//579 584//584
f 462//462 565//565 579//579
f 462//462 463//463 565//565
f 463//463 563//563 565//565
f 464//464 563//563 463//463
f 465//465 563//563 464//464
f 465//465 564//564 563//563
f 465//465 595//595 564//564
f 465//465 471//471 595//595
f 471//471 599//599 595//595
f 469//469 599//599 471//471
f 470//470 599//599 469//469
f 470//470 600//600 599//599
f 581//581 617//617 622//622
f 580//580 617//617 581//581
f 580//580 618//618 617//617
f 573//573 618//618 580//580
f 572//572 618//618 573//573
f 572//572 619//619 618//618
f 574//574 619//619 572//572
f 574//574 620//620 619//619
f 575//575 620//620 574//574
f 578//578 620//620 575//575
f 578//578 621//621 620//620
f 582//582 621//621 578//578
f 582//582 622//622 621//621
f 581//581 622//622 582//582
f 622//622 623//623 624//624
f 622//622 617//617 623//623
f 618//618 623//623 617//617
f 621//621 622//622 624//624
f 625//625 623//623 618//618
f 619//619 625//625 618//618
f 627//627 621//621 624//624
f 627//627 620//620 621//621
f 626//626 625//625 619//619
f 626//626 619//619 620//620
f 628//628 620//620 627//627
f 628//628 626//626 620//620
f 630//630 623//623 629//629
f 630//630 624//624 623//623
f 631//631 624//624 630//630
f 631//631 627//627 624//624
f 632//632 627//627 631//631
f 632//632 628//628 627//627
f 499//499 628//628 632//632
f 499//499 626//626 628//628
f 636//636 626//626 499//499
f 625//625 626//626 636//636
f 633//633 625//625 636//636
f 625//625 634//634 82//82
f 633//633 634//634 625//625
f 86//86 625//625 82//82
f 623//623 625//625 86//86
f 635//635 629//629 623//623
f 635//635 623//623 86//86
f 483//483 476//476 634//634
f 633//633 483//483 634//634
f 634//634 476//476 475//475
f 634//634 475//475 532//532
f 81//81 634//634 532//532
f 81//81 82//82 634//634
f 532//532 475//475 477//477
f 532//532 477//477 533//533
f 636//636 484//484 483//483
f 636//636 483//483 633//633
f 441//441 631//631 630//630
f 632//632 631//631 494//494
f 632//632 494//494 499//499
f 636//636 499//499 484//484
f 486//486 441//441 630//630
f 629//629 486//486 630//630
f 635//635 487//487 486//486
f 635//635 486//486 629//629
f 488//488 487//487 635//635
f 637//637 488//488 635//635
f 86//86 637//637 635//635
f 86//86 88//88 637//637
f 638//638 637//637 88//88
f 665//665 637//637 638//638
f 639//639 640//640 638//638
f 639//639 638//638 88//88
f 641//641 644//644 640//640
f 641//641 640//640 639//639
f 94//94 639//639 88//88
f 642//642 639//639 94//94
f 521//521 518//518 642//642
f 521//521 642//642 94//94
f 645//645 646//646 643//643
f 640//640 644//644 645//645
f 645//645 644//644 515//515
f 515//515 646//646 645//645
f 646//646 515//515 508//508
f 516//516 515//515 644//644
f 641//641 516//516 644//644
f 651//651 514//514 516//516
f 651//651 516//516 641//641
f 647//647 648//648 517//517
f 648//648 647//647 649//649
f 650//650 649//649 514//514
f 651//651 650//650 514//514
f 517//517 642//642 518//518
f 517//517 659//659 642//642
f 654//654 652//652 639//639
f 652//652 653//653 639//639
f 656//656 653//653 652//652
f 642//642 654//654 639//639
f 642//642 655//655 654//654
f 657//657 655//655 642//642
f 658//658 653//653 656//656
f 658//658 656//656 660//660
f 659//659 657//657 642//642
f 659//659 660//660 657//657
f 661//661 660//660 659//659
f 661//661 658//658 660//660
f 641//641 653//653 651//651
f 641//641 639//639 653//653
f 517//517 661//661 659//659
f 648//648 661//661 517//517
f 648//648 658//658 661//661
f 649//649 658//658 648//648
f 650//650 658//658 649//649
f 650//650 653//653 658//658
f 651//651 653//653 650//650
f 605//605 654//654 614//614
f 605//605 652//652 654//654
f 603//603 652//652 605//605
f 604//604 652//652 603//603
f 604//604 656//656 652//652
f 604//604 660//660 656//656
f 608//608 660//660 604//604
f 608//608 657//657 660//660
f 609//609 657//657 608//608
f 609//609 655//655 657//657
f 613//613 655//655 609//609
f 613//613 654//654 655//655
f 614//614 654//654 613//613
f 460//460 519//519 521//521
f 95//95 460//460 521//521
f 94//94 95//95 521//521
f 458//458 509//509 519//519
f 458//458 519//519 460//460
f 474//474 509//509 458//458
f 664//664 646//646 508//508
f 498//498 664//664 508//508
f 664//664 643//643 646//646
f 664//664 662//662 643//643
f 662//662 663//663 638//638
f 640//640 645//645 643//643
f 638//638 640//640 643//643
f 638//638 643//643 662//662
f 638//638 663//663 665//665
f 662//662 664//664 663//663
f 663//663 664//664 498//498
f 663//663 498//498 495//495
f 663//663 495//495 665//665
f 495//495 488//488 637//637
f 665//665 495//495 637//637
f 592//592 666//666 593//593
f 592//592 667//667 666//666
f 588//588 667//667 592//592
f 588//588 668//668 667//667
f 591//591 668//668 588//588
f 596//596 668//668 591//591
f 596//596 669//669 668//668
f 596//596 670//670 669//669
f 597//597 670//670 596//596
f 593//593 671//671 670//670
f 593//593 670//670 597//597
f 593//593 666//666 671//671
f 666//666 673//673 672//672
f 667//667 673//673 666//666
f 666//666 672//672 674//674
f 671//671 666//666 674//674
f 675//675 671//671 674//674
f 527//527 667//667 668//668
f 527//527 673//673 667//667
f 675//675 670//670 671//671
f 525//525 670//670 675//675
f 525//525 669//669 670//670
f 525//525 668//668 669//669
f 525//525 527//527 668//668
f 673//673 527//527 524//524
f 676//676 673//673 524//524
f 502//502 672//672 673//673
f 502//502 673//673 676//676
f 677//677 672//672 502//502
f 677//677 674//674 672//672
f 677//677 675//675 674//674
f 678//678 675//675 677//677
f 525//525 675//675 678//678
f 526//526 525//525 678//678
f 678//678 679//679 504//504
f 678//678 504//504 526//526
f 502//502 676//676 501//501
f 679//679 678//678 677//677
f 489//489 501//501 676//676
f 524//524 489//489 676//676
f 504//504 473//473 472//472
f 526//526 504//504 472//472
f 693//693 681//681 680//680
f 685//685 683//683 684//684
f 688//688 683//683 685//685
f 688//688 682//682 683//683
f 688//688 576//576 682//682
f 687//687 688//688 686//686
f 692//692 690//690 681//681
f 690//690 689//689 681//681
f 695//695 689//689 690//690
f 694//694 692//692 681//681
f 694//694 681//681 693//693
f 696//696 691//691 689//689
f 694//694 693//693 576//576
f 694//694 576//576 688//688
f 694//694 688//688 687//687
f 697//697 689//689 695//695
f 697//697 696//696 689//689
f 698//698 694//694 687//687
f 699//699 696//696 697//697
f 704//704 698//698 687//687
f 699//699 702//702 696//696
f 701//701 700//700 702//702
f 701//701 702//702 699//699
f 701//701 699//699 703//703
f 706//706 704//704 687//687
f 706//706 705//705 704//704
f 706//706 707//707 705//705
f 708//708 707//707 706//706
f 589//589 708//708 706//706
f 708//708 710//710 707//707
f 711//711 710//710 708//708
f 709//709 710//710 711//711
f 709//709 701//701 703//703
f 709//709 703//703 710//710
f 711//711 712//712 709//709
f 703//703 714//714 713//713
f 699//699 714//714 703//703
f 699//699 715//715 714//714
f 699//699 716//716 715//715
f 697//697 716//716 699//699
f 697//697 717//717 716//716
f 697//697 718//718 717//717
f 695//695 718//718 697//697
f 690//690 719//719 695//695
f 690//690 720//720 719//719
f 692//692 720//720 690//690
f 692//692 721//721 720//720
f 692//692 722//722 721//721
f 694//694 722//722 692//692
f 694//694 723//723 722//722
f 698//698 723//723 694//694
f 698//698 724//724 723//723
f 698//698 725//725 724//724
f 704//704 725//725 698//698
f 704//704 726//726 725//725
f 705//705 726//726 704//704
f 705//705 727//727 726//726
f 705//705 728//728 727//727
f 707//707 728//728 705//705
f 707//707 729//729 728//728
f 710//710 729//729 707//707
f 710//710 730//730 729//729
f 703//703 730//730 710//710
f 703//703 713//713 730//730
f 719//719 731//731 695//695
f 719//719 732//732 731//731
f 720//720 732//732 719//719
f 720//720 733//733 732//732
f 721//721 733//733 720//720
f 721//721 734//734 733//733
f 722//722 734//734 721//721
f 723//723 734//734 722//722
f 723//723 735//735 734//734
f 724//724 735//735 723//723
f 724//724 736//736 735//735
f 725//725 737//737 736//736
f 725//725 736//736 724//724
f 726//726 737//737 725//725
f 726//726 738//738 737//737
f 727//727 738//738 726//726
f 727//727 739//739 738//738
f 728//728 739//739 727//727
f 728//728 740//740 739//739
f 729//729 740//740 728//728
f 729//729 741//741 740//740
f 729//729 742//742 741//741
f 730//730 742//742 729//729
f 730//730 743//743 742//742
f 713//713 743//743 730//730
f 714//714 743//743 713//713
f 714//714 744//744 743//743
f 715//715 744//744 714//714
f 715//715 745//745 744//744
f 716//716 745//745 715//715
f 717//717 745//745 716//716
f 717//717 746//746 745//745
f 718//718 746//746 717//717
f 718//718 731//731 746//746
f 695//695 731//731 718//718
f 747//747 732//732 733//733
f 751//751 732//732 747//747
f 747//747 733//733 734//734
f 751//751 731//731 732//732
f 748//748 747//747 734//734
f 748//748 734//734 735//735
f 751//751 746//746 731//731
f 756//756 746//746 751//751
f 748//748 735//735 736//736
f 756//756 745//745 746//746
f 749//749 748//748 736//736
f 737//737 749//749 736//736
f 755//755 745//745 756//756
f 744//744 745//745 755//755
f 738//738 749//749 737//737
f 738//738 750//750 749//749
f 739//739 750//750 738//738
f 743//743 744//744 755//755
f 743//743 755//755 754//754
f 740//740 750//750 739//739
f 742//742 754//754 753//753
f 742//742 743//743 754//754
f 740//740 752//752 750//750
f 741//741 742//742 753//753
f 741//741 752//752 740//740
f 741//741 753//753 752//752
f 758//758 747//747 757//757
f 758//758 751//751 747//747
f 758//758 756//756 751//751
f 759//759 756//756 758//758
f 760//760 757//757 747//747
f 760//760 747//747 748//748
f 761//761 756//756 759//759
f 761//761 755//755 756//756
f 749//749 760//760 748//748
f 749//749 762//762 760//760
f 755//755 761//761 763//763
f 754//754 755//755 763//763
f 750//750 762//762 749//749
f 754//754 763//763 764//764
f 753//753 754//754 764//764
f 750//750 765//765 762//762
f 752//752 765//765 750//750
f 753//753 764//764 765//765
f 752//752 753//753 765//765
f 758//758 774//774 759//759
f 758//758 766//766 774//774
f 757//757 766//766 758//758
f 757//757 767//767 766//766
f 760//760 767//767 757//757
f 760//760 768//768 767//767
f 762//762 768//768 760//760
f 762//762 769//769 768//768
f 765//765 769//769 762//762
f 765//765 770//770 769//769
f 765//765 771//771 770//770
f 764//764 771//771 765//765
f 763//763 771//771 764//764
f 763//763 772//772 771//771
f 761//761 772//772 763//763
f 761//761 773//773 772//772
f 759//759 773//773 761//761
f 759//759 774//774 773//773
f 766//766 775//775 777//777
f 767//767 775//775 766//766
f 767//767 776//776 775//775
f 774//774 766//766 777//777
f 774//774 777//777 779//779
f 767//767 778//778 776//776
f 774//774 779//779 781//781
f 773//773 774//774 781//781
f 767//767 780//780 778//778
f 768//768 780//780 767//767
f 773//773 781//781 782//782
f 784//784 780//780 768//768
f 782//782 772//772 773//773
f 783//783 772//772 782//782
f 784//784 768//768 769//769
f 785//785 772//772 783//783
f 786//786 784//784 769//769
f 785//785 771//771 772//772
f 786//786 769//769 770//770
f 787//787 771//771 785//785
f 787//787 786//786 770//770
f 787//787 770//770 771//771
f 788//788 784//784 786//786
f 788//788 786//786 804//804
f 789//789 784//784 788//788
f 789//789 780//780 784//784
f 790//790 780//780 789//789
f 790//790 778//778 780//780
f 791//791 778//778 790//790
f 792//792 778//778 791//791
f 792//792 776//776 778//778
f 793//793 776//776 792//792
f 793//793 775//775 776//776
f 794//794 775//775 793//793
f 795//795 775//775 794//794
f 795//795 777//777 775//775
f 507//507 777//777 795//795
f 507//507 779//779 777//777
f 796//796 779//779 507//507
f 796//796 781//781 779//779
f 797//797 781//781 796//796
f 798//798 781//781 797//797
f 798//798 782//782 781//781
f 799//799 782//782 798//798
f 799//799 783//783 782//782
f 800//800 783//783 799//799
f 800//800 785//785 783//783
f 801//801 785//785 800//800
f 801//801 787//787 785//785
f 802//802 787//787 801//801
f 802//802 786//786 787//787
f 803//803 786//786 802//802
f 804//804 786//786 803//803
f 510//510 801//801 800//800
f 505//505 801//801 510//510
f 505//505 802//802 801//801
f 803//803 802//802 505//505
f 491//491 788//788 804//804
f 491//491 789//789 788//788
f 492//492 789//789 491//491
f 492//492 790//790 789//789
f 492//492 791//791 790//790
f 497//497 791//791 492//492
f 497//497 792//792 791//791
f 503//503 792//792 497//497
f 503//503 793//793 792//792
f 503//503 794//794 793//793
f 506//506 794//794 503//503
f 506//506 795//795 794//794
f 507//507 795//795 506//506
f 512//512 796//796 507//507
f 512//512 797//797 796//796
f 513//513 797//797 512//512
f 513//513 798//798 797//797
f 511//511 798//798 513//513
f 511//511 799//799 798//798
f 511//511 800//800 799//799
f 510//510 800//800 511//511
f 590//590 687//687 570//570
f 590//590 706//706 687//687
f 589//589 706//706 590//590
f 589//589 594//594 708//708
f 594//594 711//711 708//708
f 594//594 598//598 711//711
f 712//712 601//601 709//709
f 711//711 598//598 712//712
f 611//611 701//701 709//709
f 611//611 709//709 601//601
f 611//611 700//700 701//701
f 610//610 700//700 611//611
f 607//607 700//700 610//610
f 607//607 702//702 700//700
f 607//607 696//696 702//702
f 607//607 602//602 696//696
f 602//602 691//691 696//696
f 689//689 691//691 606//606
f 681//681 689//689 606//606
f 587//587 681//681 606//606
f 586//586 681//681 587//587
f 586//586 680//680 681//681
f 687//687 686//686 570//570
f 688//688 569//569 686//686
f 568//568 688//688 685//685
f 568//568 569//569 688//688
f 566//566 685//685 684//684
f 566//566 568//568 685//685
f 566//566 684//684 683//683
f 566//566 683//683 567//567
f 567//567 682//682 571//571
f 567//567 683//683 682//682
f 576//576 571//571 682//682
f 577//577 576//576 693//693
f 583//583 693//693 680//680
f 583//583 577//577 693//693
f 583//583 680//680 586//586
f 817//817 815//815 809//809
f 451//451 815//815 817//817
f 446//446 813//813 805//805
f 806//806 812//812 810//810
f 452//452 812//812 807//807
f 807//807 451//451 816//816
f 451//451 812//812 806//806
f 808//808 812//812 452//452
f 815//815 813//813 446//446
f 817//817 811//811 816//816
f 807//807 812//812 451//451
f 817//817 816//816 451//451
f 811//811 453//453 826//826
f 806//806 805//805 813//813
f 806//806 445//445 805//805
f 453//453 811//811 810//810
f 819//819 816//816 826//826
f 814//814 446//446 805//805
f 810//810 812//812 808//808
f 807//807 819//819 452//452
f 453//453 808//808 818//818
f 445//445 450//450 814//814
f 445//445 448//448 450//450
f 810//810 445//445 806//806
f 810//810 808//808 453//453
f 819//819 807//807 816//816
f 445//445 814//814 805//805
f 810//810 809//809 445//445
f 817//817 809//809 810//810
f 808//808 452//452 818//818
f 826//826 816//816 811//811
f 833//833 834//834 821//821
f 833//833 827//827 834//834
f 829//829 820//820 456//456
f 822//822 820//820 829//829
f 821//821 820//820 822//822
f 819//819 825//825 452//452
f 454//454 828//828 826//826
f 456//456 832//832 829//829
f 454//454 826//826 453//453
f 822//822 823//823 830//830
f 822//822 455//455 823//823
f 829//829 455//455 822//822
f 454//454 829//829 831//831
f 819//819 828//828 825//825
f 818//818 823//823 455//455
f 829//829 832//832 831//831
f 828//828 819//819 826//826
f 818//818 455//455 454//454
f 828//828 454//454 831//831
f 830//830 825//825 831//831
f 456//456 824//824 832//832
f 827//827 832//832 824//824
f 452//452 823//823 818//818
f 834//834 824//824 479//479
f 824//824 834//834 827//827
f 457//457 821//821 479//479
f 821//821 834//834 479//479
f 852//852 839//839 431//431
f 427//427 431//431 845//845
f 424//424 844//844 836//836
f 424//424 840//840 844//844
f 840//840 424//424 835//835
f 844//844 846//846 836//836
f 842//842 846//846 428//428
f 841//841 432//432 856//856
f 852//852 431//431 841//841
f 845//845 426//426 844//844
f 423//423 425//425 424//424
f 856//856 852//852 841//841
f 852//852 434//434 839//839
f 423//423 424//424 836//836
f 422//422 836//836 846//846
f 840//840 845//845 844//844
f 428//428 426//426 432//432
f 422//422 423//423 836//836
f 422//422 846//846 842//842
f 426//426 846//846 844//844
f 846//846 426//426 428//428
f 838//838 428//428 432//432
f 431//431 427//427 838//838
f 432//432 430//430 429//429
f 432//432 429//429 856//856
f 855//855 854//854 847//847
f 857//857 858//858 851//851
f 849//849 858//858 857//857
f 849//849 855//855 858//858
f 848//848 442//442 440//440
f 848//848 854//854 853//853
f 438//438 437//437 856//856
f 852//852 856//856 437//437
f 436//436 852//852 437//437
f 433//433 435//435 855//855
f 433//433 855//855 849//849
f 848//848 853//853 851//851
f 858//858 442//442 851//851
f 429//429 438//438 856//856
f 437//437 438//438 850//850
f 850//850 849//849 857//857
f 851//851 853//853 439//439
f 858//858 855//855 444//444
f 850//850 438//438 859//859
f 437//437 850//850 439//439
f 853//853 436//436 439//439
f 857//857 851//851 439//439
f 439//439 850//850 857//857
f 435//435 853//853 854//854
f 851//851 442//442 848//848
f 854//854 855//855 435//435
f 853//853 435//435 436//436
f 847//847 854//854 440//440
f 440//440 854//854 848//848
f 866//866 405//405 864//864
f 860//860 870//870 867//867
f 404//404 866//866 861//861
f 863//863 410//410 862//862
f 869//869 411//411 881//881
f 870//870 860//860 868//868
f 406//406 864//864 867//867
f 864//864 860//860 867//867
f 405//405 407//407 864//864
f 404//404 861//861 868//868
f 881//881 883//883 869//869
f 415//415 418//418 865//865
f 410//410 412//412 861//861
f 411//411 871//871 881//881
f 411//411 869//869 862//862
f 863//863 862//862 865//865
f 411//411 862//862 867//867
f 869//869 865//865 862//862
f 415//415 865//865 883//883
f 406//406 867//867 862//862
f 406//406 862//862 410//410
f 870//870 411//411 867//867
f 883//883 865//865 869//869
f 873//873 888//888 872//872
f 873//873 419//419 888//888
f 874//874 419//419 873//873
f 885//885 419//419 874//874
f 417//417 879//879 885//885
f 417//417 880//880 879//879
f 414//414 880//880 417//417
f 880//880 884//884 872//872
f 875//875 417//417 885//885
f 886//886 876//876 882//882
f 882//882 418//418 886//886
f 417//417 415//415 414//414
f 886//886 417//417 875//875
f 416//416 886//886 875//875
f 878//878 877//877 414//414
f 874//874 875//875 885//885
f 884//884 873//873 872//872
f 882//882 876//876 871//871
f 871//871 876//876 881//881
f 881//881 878//878 883//883
f 416//416 875//875 874//874
f 876//876 878//878 881//881
f 883//883 878//878 415//415
f 873//873 416//416 874//874
f 873//873 877//877 416//416
f 884//884 877//877 873//873
f 872//872 888//888 887//887
f 880//880 887//887 420//420
f 880//880 872//872 887//887
f 385//385 889//889 897//897
f 895//895 900//900 397//397
f 385//385 897//897 894//894
f 896//896 894//894 897//897
f 890//890 391//391 896//896
f 390//390 898//898 892//892
f 900//900 895//895 893//893
f 894//894 896//896 391//391
f 390//390 890//890 896//896
f 896//896 388//388 895//895
f 891//891 896//896 895//895
f 390//390 901//901 899//899
f 390//390 891//891 392//392
f 386//386 901//901 889//889
f 898//898 392//392 394//394
f 891//891 390//390 896//896
f 898//898 390//390 392//392
f 893//893 393//393 900//900
f 390//390 389//389 901//901
f 394//394 893//893 898//898
f 893//893 394//394 393//393
f 906//906 914//914 520//520
f 909//909 914//914 906//906
f 400//400 914//914 909//909
f 905//905 400//400 909//909
f 913//913 905//905 912//912
f 912//912 910//910 913//913
f 903//903 906//906 403//403
f 904//904 403//403 910//910
f 908//908 397//397 903//903
f 398//398 909//909 902//902
f 906//906 902//902 909//909
f 903//903 902//902 906//906
f 403//403 904//904 908//908
f 913//913 401//401 400//400
f 398//398 394//394 911//911
f 912//912 399//399 910//910
f 403//403 908//908 903//903
f 399//399 904//904 910//910
f 398//398 907//907 394//394
f 913//913 910//910 401//401
f 393//393 907//907 903//903
f 907//907 393//393 394//394
f 907//907 398//398 902//902
f 393//393 903//903 900//900
f 395//395 908//908 904//904
f 399//399 395//395 904//904
f 909//909 912//912 905//905
f 396//396 895//895 397//397
f 900//900 903//903 397//397
f 902//902 903//903 907//907
f 905//905 913//913 400//400
f 523//523 536//536 482//482
f 490//490 523//523 482//482
f 523//523 534//534 536//536
f 523//523 915//915 534//534
f 534//534 530//530 535//535
f 916//916 528//528 915//915
f 528//528 530//530 534//534
f 528//528 534//534 915//915
f 916//916 522//522 528//528
f 915//915 523//523 916//916
f 1598//1598 1597//1597 924//924
f 1600//1600 1598//1598 1582//1582
f 1586//1586 1602//1602 1600//1600
f 1583//1583 1602//1602 1586//1586
f 1583//1583 918//918 1602//1602
f 1584//1584 918//918 1583//1583
f 919//919 1594//1594 1597//1597
f 920//920 1595//1595 919//919
f 921//921 1595//1595 920//920
f 918//918 922//922 921//921
f 918//918 1596//1596 922//922
f 923//923 1596//1596 918//918
f 1596//1596 1593//1593 1592//1592
f 1599//1599 1593//1593 1596//1596
f 1597//1597 1594//1594 1599//1599
f 1601//1601 927//927 1591//1591
f 927//927 1612//1612 935//935
f 927//927 1615//1615 1612//1612
f 1591//1591 927//927 931//931
f 935//935 1612//1612 936//936
f 932//932 1606//1606 1605//1605
f 937//937 1607//1607 1606//1606
f 1610//1610 1607//1607 937//937
f 1610//1610 938//938 1607//1607
f 939//939 938//938 1610//1610
f 941//941 1499//1499 1494//1494
f 941//941 942//942 1499//1499
f 1493//1493 942//942 941//941
f 1497//1497 944//944 943//943
f 1497//1497 945//945 944//944
f 1497//1497 1494//1494 945//945
f 944//944 1515//1515 943//943
f 1496//1496 1516//1516 944//944
f 1502//1502 1506//1506 1500//1500
f 946//946 947//947 1502//1502
f 1517//1517 947//947 946//946
f 1500//1500 1501//1501 1498//1498
f 1500//1500 1506//1506 1501//1501
f 1502//1502 1505//1505 1513//1513
f 948//948 1505//1505 1502//1502
f 1507//1507 1505//1505 948//948
f 1506//1506 1513//1513 951//951
f 1512//1512 1509//1509 952//952
f 953//953 956//956 1492//1492
f 954//954 956//956 953//953
f 1152//1152 1472//1472 955//955
f 1152//1152 957//957 1472//1472
f 1152//1152 1492//1492 957//957
f 953//953 1492//1492 1152//1152
f 954//954 1491//1491 956//956
f 955//955 1491//1491 954//954
f 955//955 1472//1472 1491//1491
f 1473//1473 958//958 1484//1484
f 1485//1485 1474//1474 958//958
f 1476//1476 1487//1487 1474//1474
f 957//957 1484//1484 1471//1471
f 1473//1473 1484//1484 957//957
f 1474//1474 1475//1475 959//959
f 1487//1487 1475//1475 1474//1474
f 959//959 1478//1478 960//960
f 959//959 1475//1475 1478//1478
f 960//960 1477//1477 1483//1483
f 960//960 1478//1478 1477//1477
f 1483//1483 1488//1488 1480//1480
f 1477//1477 1488//1488 1483//1483
f 1488//1488 964//964 963//963
f 967//967 966//966 971//971
f 967//967 1461//1461 966//966
f 968//968 1461//1461 967//967
f 968//968 1458//1458 1461//1461
f 969//969 1458//1458 968//968
f 969//969 970//970 1458//1458
f 969//969 1459//1459 970//970
f 1457//1457 1459//1459 969//969
f 1460//1460 1463//1463 966//966
f 1461//1461 1460//1460 966//966
f 970//970 973//973 972//972
f 974//974 973//973 970//970
f 966//966 1463//1463 974//974
f 976//976 979//979 1460//1460
f 973//973 1464//1464 975//975
f 976//976 1454//1454 979//979
f 976//976 977//977 1454//1454
f 978//978 980//980 977//977
f 978//978 981//981 980//980
f 1453//1453 981//981 978//978
f 1460//1460 979//979 1451//1451
f 977//977 983//983 1454//1454
f 980//980 983//983 977//977
f 1454//1454 1446//1446 982//982
f 1454//1454 983//983 1446//1446
f 985//985 1444//1444 986//986
f 1448//1448 1444//1444 985//985
f 1468//1468 1448//1448 1456//1456
f 1465//1465 1468//1468 1456//1456
f 982//982 1468//1468 1465//1465
f 988//988 1449//1449 987//987
f 987//987 1444//1444 988//988
f 1449//1449 1450//1450 1466//1466
f 1449//1449 1445//1445 1450//1450
f 988//988 1441//1441 1445//1445
f 1468//1468 1469//1469 989//989
f 990//990 1469//1469 1468//1468
f 1447//1447 994//994 993//993
f 1442//1442 994//994 1447//1447
f 996//996 1003//1003 995//995
f 996//996 1428//1428 1003//1003
f 996//996 997//997 1428//1428
f 998//998 997//997 996//996
f 998//998 999//999 997//997
f 998//998 1000//1000 999//999
f 1001//1001 1000//1000 998//998
f 1001//1001 1429//1429 1000//1000
f 995//995 1429//1429 1001//1001
f 1003//1003 1429//1429 995//995
f 997//997 999//999 1428//1428
f 1429//1429 1002//1002 1430//1430
f 1003//1003 1002//1002 1429//1429
f 1006//1006 1424//1424 1430//1430
f 1002//1002 1006//1006 1430//1430
f 1007//1007 1423//1423 1421//1421
f 1005//1005 1416//1416 1423//1423
f 1424//1424 1416//1416 1005//1005
f 1426//1426 1006//1006 1002//1002
f 1004//1004 1426//1426 1002//1002
f 1004//1004 1007//1007 1426//1426
f 1425//1425 1007//1007 1004//1004
f 1007//1007 1421//1421 1426//1426
f 1008//1008 1417//1417 1421//1421
f 1008//1008 1009//1009 1417//1417
f 1010//1010 1011//1011 1009//1009
f 1418//1418 1011//1011 1010//1010
f 1415//1415 1012//1012 1014//1014
f 1009//1009 1011//1011 1433//1433
f 1418//1418 1422//1422 1011//1011
f 1418//1418 1013//1013 1422//1422
f 1420//1420 1013//1013 1418//1418
f 1420//1420 1014//1014 1013//1013
f 1421//1421 1014//1014 1420//1420
f 1417//1417 1014//1014 1421//1421
f 1013//1013 1016//1016 1422//1422
f 1431//1431 1434//1434 1015//1015
f 1013//1013 1436//1436 1016//1016
f 1017//1017 1436//1436 1013//1013
f 1015//1015 1019//1019 1018//1018
f 1015//1015 1413//1413 1019//1019
f 1016//1016 1437//1437 1413//1413
f 1025//1025 1024//1024 1022//1022
f 1023//1023 1025//1025 1022//1022
f 1368//1368 1025//1025 1023//1023
f 1249//1249 1368//1368 1023//1023
f 1368//1368 1369//1369 1025//1025
f 1027//1027 1026//1026 1365//1365
f 1384//1384 1385//1385 1369//1369
f 1384//1384 1371//1371 1385//1385
f 1365//1365 1371//1371 1384//1384
f 1029//1029 1371//1371 1365//1365
f 1367//1367 1370//1370 1029//1029
f 1028//1028 1370//1370 1367//1367
f 1030//1030 1373//1373 1029//1029
f 1370//1370 1030//1030 1029//1029
f 1031//1031 1033//1033 1030//1030
f 1377//1377 1033//1033 1031//1031
f 1382//1382 1377//1377 1031//1031
f 1374//1374 1382//1382 1031//1031
f 1372//1372 1382//1382 1374//1374
f 1372//1372 1035//1035 1382//1382
f 1382//1382 1381//1381 1375//1375
f 1035//1035 1381//1381 1382//1382
f 1037//1037 1380//1380 1036//1036
f 1040//1040 1345//1345 1038//1038
f 1040//1040 1043//1043 1039//1039
f 1040//1040 1343//1343 1043//1043
f 1038//1038 1041//1041 1343//1343
f 1038//1038 1345//1345 1041//1041
f 1343//1343 1362//1362 1044//1044
f 1041//1041 1362//1362 1343//1343
f 1043//1043 1046//1046 1348//1348
f 1347//1347 1349//1349 1356//1356
f 1347//1347 1356//1356 1047//1047
f 1349//1349 1359//1359 1356//1356
f 1349//1349 1049//1049 1359//1359
f 1346//1346 1049//1049 1349//1349
f 1357//1357 1050//1050 1346//1346
f 1048//1048 1050//1050 1357//1357
f 1051//1051 1359//1359 1354//1354
f 1051//1051 1352//1352 1050//1050
f 1356//1356 1359//1359 1051//1051
f 1355//1355 1351//1351 1361//1361
f 1051//1051 1354//1354 1352//1352
f 1353//1353 1053//1053 1052//1052
f 1354//1354 1053//1053 1353//1353
f 1056//1056 1054//1054 1055//1055
f 1056//1056 1334//1334 1054//1054
f 1057//1057 1334//1334 1056//1056
f 1057//1057 1328//1328 1334//1334
f 1057//1057 1327//1327 1328//1328
f 1058//1058 1327//1327 1057//1057
f 1058//1058 1332//1332 1327//1327
f 1058//1058 1326//1326 1332//1332
f 1059//1059 1326//1326 1058//1058
f 1326//1326 1333//1333 1332//1332
f 1329//1329 1333//1333 1326//1326
f 1059//1059 1329//1329 1326//1326
f 1059//1059 1054//1054 1329//1329
f 1334//1334 1062//1062 1064//1064
f 1334//1334 1060//1060 1062//1062
f 1321//1321 1061//1061 1062//1062
f 1060//1060 1321//1321 1062//1062
f 1330//1330 1060//1060 1063//1063
f 1321//1321 1337//1337 1061//1061
f 1319//1319 1067//1067 1331//1331
f 1318//1318 1319//1319 1331//1331
f 1320//1320 1337//1337 1317//1317
f 1321//1321 1068//1068 1337//1337
f 1336//1336 1068//1068 1321//1321
f 1061//1061 1337//1337 1320//1320
f 1336//1336 1338//1338 1068//1068
f 1069//1069 1338//1338 1336//1336
f 1323//1323 1069//1069 1336//1336
f 1323//1323 1322//1322 1069//1069
f 1320//1320 1317//1317 1070//1070
f 1071//1071 1072//1072 1073//1073
f 1314//1314 1342//1342 1340//1340
f 1314//1314 1311//1311 1342//1342
f 1073//1073 1311//1311 1314//1314
f 1073//1073 1310//1310 1311//1311
f 1074//1074 1310//1310 1073//1073
f 1074//1074 1339//1339 1310//1310
f 1309//1309 1312//1312 1339//1339
f 1308//1308 1077//1077 1076//1076
f 1340//1340 1077//1077 1308//1308
f 1078//1078 1292//1292 1084//1084
f 1079//1079 1292//1292 1078//1078
f 1079//1079 1083//1083 1292//1292
f 1080//1080 1083//1083 1079//1079
f 1080//1080 1288//1288 1083//1083
f 1081//1081 1288//1288 1080//1080
f 1081//1081 1286//1286 1288//1288
f 1078//1078 1084//1084 1082//1082
f 1289//1289 1084//1084 1286//1286
f 1087//1087 1291//1291 1282//1282
f 1296//1296 1274//1274 1282//1282
f 1280//1280 1274//1274 1296//1296
f 1290//1290 1086//1086 1294//1294
f 1085//1085 1086//1086 1290//1290
f 1087//1087 1086//1086 1085//1085
f 1274//1274 1089//1089 1091//1091
f 1274//1274 1088//1088 1089//1089
f 1294//1294 1277//1277 1275//1275
f 1300//1300 1278//1278 1089//1089
f 1283//1283 1278//1278 1300//1300
f 1277//1277 1283//1283 1300//1300
f 1277//1277 1299//1299 1283//1283
f 1090//1090 1299//1299 1277//1277
f 1090//1090 1276//1276 1299//1299
f 1278//1278 1281//1281 1301//1301
f 1299//1299 1284//1284 1092//1092
f 1301//1301 1093//1093 1269//1269
f 1281//1281 1093//1093 1301//1301
f 1271//1271 1093//1093 1281//1281
f 1092//1092 1271//1271 1281//1281
f 1093//1093 1095//1095 1273//1273
f 1271//1271 1095//1095 1093//1093
f 1272//1272 1096//1096 1304//1304
f 1273//1273 1303//1303 1302//1302
f 1095//1095 1303//1303 1273//1273
f 1271//1271 1306//1306 1095//1095
f 1304//1304 1306//1306 1271//1271
f 1304//1304 1307//1307 1306//1306
f 1096//1096 1307//1307 1304//1304
f 1096//1096 1097//1097 1307//1307
f 1270//1270 1245//1245 1098//1098
f 1099//1099 1245//1245 1270//1270
f 998//998 1100//1100 1101//1101
f 996//996 1100//1100 998//998
f 1001//1001 998//998 1101//1101
f 968//968 1100//1100 996//996
f 969//969 968//968 996//996
f 1102//1102 1100//1100 968//968
f 969//969 996//996 995//995
f 967//967 1102//1102 968//968
f 1103//1103 1102//1102 967//967
f 1457//1457 1103//1103 967//967
f 1105//1105 995//995 1001//1001
f 1105//1105 1001//1001 1104//1104
f 1108//1108 1104//1104 1001//1001
f 1108//1108 1001//1001 1101//1101
f 1106//1106 995//995 1105//1105
f 1106//1106 969//969 995//995
f 1111//1111 969//969 1106//1106
f 1080//1080 1107//1107 1108//1108
f 1080//1080 1109//1109 1107//1107
f 1079//1079 1109//1109 1080//1080
f 1110//1110 1108//1108 1101//1101
f 1110//1110 1081//1081 1080//1080
f 1110//1110 1080//1080 1108//1108
f 1079//1079 1112//1112 1109//1109
f 1113//1113 969//969 1111//1111
f 1115//1115 1112//1112 1079//1079
f 1113//1113 1457//1457 969//969
f 1114//1114 1081//1081 1110//1110
f 1082//1082 1081//1081 1114//1114
f 1115//1115 1079//1079 1078//1078
f 1116//1116 1457//1457 1113//1113
f 1117//1117 1115//1115 1078//1078
f 1116//1116 1103//1103 1457//1457
f 1117//1117 1078//1078 1082//1082
f 1118//1118 1117//1117 1082//1082
f 1057//1057 1119//1119 1058//1058
f 1058//1058 1119//1119 1120//1120
f 1057//1057 1121//1121 1119//1119
f 1058//1058 1120//1120 1118//1118
f 1057//1057 1116//1116 1121//1121
f 1056//1056 1116//1116 1057//1057
f 1058//1058 1118//1118 1082//1082
f 1122//1122 1082//1082 1114//1114
f 1122//1122 1058//1058 1082//1082
f 1122//1122 1059//1059 1058//1058
f 1123//1123 1056//1056 1055//1055
f 1123//1123 1055//1055 1059//1059
f 1123//1123 1103//1103 1116//1116
f 1123//1123 1059//1059 1122//1122
f 1123//1123 1116//1116 1056//1056
f 1122//1122 1114//1114 1124//1124
f 1125//1125 1122//1122 1124//1124
f 265//265 1125//1125 1124//1124
f 265//265 264//264 1125//1125
f 1125//1125 264//264 261//261
f 1126//1126 1125//1125 261//261
f 1123//1123 1122//1122 1125//1125
f 1126//1126 1123//1123 1125//1125
f 1127//1127 1103//1103 1123//1123
f 1127//1127 1123//1123 1126//1126
f 1128//1128 258//258 1127//1127
f 260//260 258//258 1128//1128
f 1129//1129 1128//1128 1127//1127
f 1126//1126 1129//1129 1127//1127
f 261//261 263//263 1129//1129
f 261//261 1129//1129 1126//1126
f 1129//1129 1130//1130 1131//1131
f 1129//1129 1131//1131 1128//1128
f 1132//1132 1131//1131 314//314
f 1132//1132 1128//1128 1131//1131
f 260//260 1132//1132 1133//1133
f 260//260 1128//1128 1132//1132
f 1134//1134 269//269 256//256
f 1136//1136 1134//1134 256//256
f 1135//1135 269//269 1134//1134
f 271//271 269//269 1135//1135
f 1137//1137 271//271 1135//1135
f 1138//1138 1136//1136 256//256
f 257//257 1139//1139 1138//1138
f 257//257 1138//1138 256//256
f 258//258 1139//1139 257//257
f 1140//1140 1139//1139 258//258
f 260//260 1133//1133 1140//1140
f 260//260 1140//1140 258//258
f 271//271 1141//1141 1142//1142
f 1143//1143 1142//1142 1141//1141
f 1137//1137 1141//1141 271//271
f 295//295 1143//1143 1141//1141
f 1408//1408 1020//1020 1144//1144
f 1020//1020 1145//1145 1144//1144
f 1408//1408 1144//1144 1146//1146
f 1411//1411 1145//1145 1020//1020
f 1409//1409 1408//1408 1146//1146
f 1148//1148 1147//1147 1409//1409
f 1148//1148 1409//1409 1146//1146
f 1150//1150 1148//1148 1146//1146
f 954//954 953//953 1145//1145
f 954//954 1145//1145 1411//1411
f 1149//1149 1409//1409 1147//1147
f 1149//1149 1411//1411 1409//1409
f 1151//1151 1411//1411 1149//1149
f 1151//1151 954//954 1411//1411
f 1470//1470 954//954 1151//1151
f 1153//1153 1152//1152 955//955
f 1154//1154 955//955 1470//1470
f 1154//1154 1153//1153 955//955
f 1155//1155 1152//1152 1153//1153
f 1155//1155 953//953 1152//1152
f 1157//1157 1156//1156 1150//1150
f 1157//1157 1150//1150 1146//1146
f 1161//1161 1157//1157 1146//1146
f 1141//1141 953//953 1155//1155
f 1160//1160 1158//1158 1161//1161
f 295//295 1141//1141 1155//1155
f 941//941 1159//1159 1160//1160
f 1494//1494 1159//1159 941//941
f 1494//1494 1162//1162 1159//1159
f 941//941 1160//1160 1161//1161
f 1494//1494 1163//1163 1162//1162
f 1163//1163 1494//1494 1497//1497
f 1164//1164 1163//1163 1497//1497
f 1165//1165 941//941 1161//1161
f 1165//1165 1161//1161 1146//1146
f 1165//1165 1493//1493 941//941
f 991//991 1493//1493 1165//1165
f 992//992 1493//1493 991//991
f 1439//1439 991//991 1165//1165
f 1166//1166 1164//1164 1497//1497
f 1166//1166 1497//1497 1493//1493
f 992//992 1166//1166 1493//1493
f 1439//1439 1165//1165 1168//1168
f 1167//1167 1166//1166 992//992
f 1167//1167 992//992 993//993
f 1169//1169 1439//1439 1168//1168
f 1170//1170 1167//1167 993//993
f 1169//1169 994//994 1439//1439
f 1170//1170 993//993 994//994
f 1171//1171 1170//1170 994//994
f 1171//1171 994//994 1169//1169
f 1172//1172 1171//1171 1169//1169
f 1132//1132 314//314 1172//1172
f 1132//1132 1172//1172 1169//1169
f 1141//1141 1145//1145 953//953
f 1140//1140 1132//1132 1169//1169
f 1140//1140 1133//1133 1132//1132
f 1138//1138 1168//1168 1165//1165
f 1139//1139 1168//1168 1138//1138
f 1139//1139 1169//1169 1168//1168
f 1140//1140 1169//1169 1139//1139
f 1146//1146 1138//1138 1165//1165
f 1136//1136 1138//1138 1146//1146
f 1135//1135 1144//1144 1145//1145
f 1134//1134 1144//1144 1135//1135
f 1136//1136 1144//1144 1134//1134
f 1136//1136 1146//1146 1144//1144
f 1137//1137 1145//1145 1141//1141
f 1137//1137 1135//1135 1145//1145
f 1173//1173 1174//1174 1239//1239
f 336//336 1173//1173 1239//1239
f 1175//1175 1173//1173 1143//1143
f 1175//1175 1174//1174 1173//1173
f 1155//1155 1143//1143 295//295
f 1155//1155 1175//1175 1143//1143
f 1153//1153 1175//1175 1155//1155
f 1153//1153 1176//1176 1175//1175
f 1154//1154 1176//1176 1153//1153
f 1154//1154 1186//1186 1176//1176
f 1178//1178 1180//1180 1177//1177
f 1185//1185 1179//1179 1180//1180
f 1181//1181 1185//1185 1180//1180
f 1181//1181 1180//1180 1178//1178
f 1175//1175 1176//1176 1186//1186
f 1183//1183 1181//1181 1182//1182
f 1184//1184 1186//1186 1185//1185
f 1184//1184 1181//1181 1183//1183
f 1184//1184 1185//1185 1181//1181
f 1189//1189 1187//1187 1188//1188
f 1189//1189 1184//1184 1187//1187
f 1190//1190 1184//1184 1189//1189
f 1190//1190 1186//1186 1184//1184
f 1193//1193 1191//1191 1192//1192
f 1193//1193 1204//1204 1191//1191
f 1196//1196 1194//1194 1195//1195
f 1196//1196 1193//1193 1194//1194
f 1196//1196 1204//1204 1193//1193
f 1198//1198 1197//1197 1174//1174
f 1199//1199 1174//1174 1175//1175
f 1201//1201 1199//1199 1175//1175
f 1205//1205 1198//1198 1174//1174
f 1200//1200 1174//1174 1199//1199
f 1203//1203 1174//1174 1200//1200
f 1202//1202 1175//1175 1186//1186
f 1202//1202 1201//1201 1175//1175
f 1202//1202 1186//1186 1190//1190
f 1202//1202 1190//1190 1204//1204
f 1203//1203 1205//1205 1174//1174
f 1202//1202 1204//1204 1196//1196
f 1209//1209 1202//1202 1196//1196
f 1206//1206 1205//1205 1203//1203
f 1206//1206 1208//1208 1205//1205
f 1213//1213 1207//1207 1208//1208
f 1206//1206 1213//1213 1208//1208
f 1211//1211 1210//1210 1213//1213
f 1211//1211 1206//1206 1212//1212
f 1211//1211 1213//1213 1206//1206
f 1214//1214 1209//1209 1196//1196
f 1214//1214 1215//1215 1209//1209
f 1214//1214 1218//1218 1215//1215
f 1219//1219 1218//1218 1216//1216
f 1216//1216 1218//1218 1214//1214
f 1217//1217 1216//1216 1214//1214
f 1219//1219 1222//1222 1218//1218
f 1221//1221 1211//1211 1212//1212
f 1221//1221 1212//1212 1222//1222
f 1223//1223 1219//1219 1220//1220
f 1223//1223 1222//1222 1219//1219
f 1223//1223 1221//1221 1222//1222
f 1224//1224 1221//1221 1223//1223
f 1224//1224 1225//1225 1221//1221
f 1160//1160 1187//1187 1184//1184
f 1160//1160 1184//1184 1158//1158
f 1157//1157 1181//1181 1156//1156
f 1157//1157 1182//1182 1181//1181
f 1161//1161 1183//1183 1182//1182
f 1161//1161 1182//1182 1157//1157
f 1158//1158 1183//1183 1161//1161
f 1158//1158 1184//1184 1183//1183
f 1156//1156 1178//1178 1150//1150
f 1156//1156 1181//1181 1178//1178
f 1178//1178 1148//1148 1150//1150
f 1177//1177 1148//1148 1178//1178
f 1177//1177 1147//1147 1148//1148
f 1149//1149 1177//1177 1180//1180
f 1149//1149 1147//1147 1177//1177
f 1151//1151 1149//1149 1180//1180
f 1179//1179 1151//1151 1180//1180
f 1470//1470 1151//1151 1179//1179
f 1470//1470 1179//1179 1185//1185
f 1154//1154 1470//1470 1185//1185
f 1154//1154 1185//1185 1186//1186
f 1159//1159 1187//1187 1160//1160
f 1159//1159 1188//1188 1187//1187
f 1162//1162 1188//1188 1159//1159
f 1162//1162 1189//1189 1188//1188
f 1163//1163 1189//1189 1162//1162
f 1164//1164 1204//1204 1190//1190
f 1163//1163 1164//1164 1190//1190
f 1163//1163 1190//1190 1189//1189
f 1164//1164 1166//1166 1191//1191
f 1164//1164 1191//1191 1204//1204
f 1192//1192 1167//1167 1193//1193
f 1191//1191 1166//1166 1167//1167
f 1191//1191 1167//1167 1192//1192
f 1170//1170 1194//1194 1193//1193
f 1167//1167 1170//1170 1193//1193
f 1195//1195 1172//1172 1196//1196
f 1195//1195 1171//1171 1172//1172
f 1194//1194 1171//1171 1195//1195
f 1194//1194 1170//1170 1171//1171
f 1131//1131 1196//1196 1172//1172
f 314//314 1131//1131 1172//1172
f 1130//1130 1196//1196 1131//1131
f 1214//1214 1196//1196 1130//1130
f 1226//1226 1130//1130 348//348
f 1226//1226 1214//1214 1130//1130
f 1226//1226 1217//1217 1214//1214
f 1227//1227 1217//1217 1226//1226
f 1227//1227 1216//1216 1217//1217
f 1229//1229 1228//1228 1219//1219
f 1229//1229 1219//1219 1216//1216
f 1227//1227 1229//1229 1216//1216
f 1228//1228 1230//1230 1220//1220
f 1228//1228 1220//1220 1219//1219
f 1233//1233 1224//1224 1223//1223
f 1230//1230 1233//1233 1223//1223
f 1230//1230 1223//1223 1220//1220
f 1225//1225 1231//1231 1221//1221
f 1225//1225 1232//1232 1231//1231
f 1225//1225 1233//1233 1232//1232
f 1224//1224 1233//1233 1225//1225
f 1234//1234 1221//1221 1231//1231
f 1234//1234 1211//1211 1221//1221
f 1235//1235 1210//1210 1211//1211
f 1235//1235 1211//1211 1234//1234
f 1236//1236 1210//1210 1235//1235
f 1236//1236 1213//1213 1210//1210
f 1236//1236 1237//1237 1213//1213
f 1237//1237 1207//1207 1213//1213
f 1237//1237 1238//1238 1208//1208
f 1237//1237 1208//1208 1207//1207
f 1238//1238 1241//1241 1205//1205
f 1238//1238 1205//1205 1208//1208
f 1197//1197 1239//1239 1174//1174
f 1197//1197 1240//1240 1239//1239
f 1198//1198 1240//1240 1197//1197
f 1198//1198 1241//1241 1240//1240
f 1205//1205 1241//1241 1198//1198
f 1239//1239 1242//1242 336//336
f 1038//1038 1240//1240 1040//1040
f 1038//1038 1239//1239 1240//1240
f 1040//1040 1240//1240 1241//1241
f 1238//1238 1040//1040 1241//1241
f 1238//1238 1343//1343 1040//1040
f 1243//1243 1038//1038 1343//1343
f 1267//1267 1243//1243 1343//1343
f 1237//1237 1343//1343 1238//1238
f 1268//1268 1267//1267 1343//1343
f 1098//1098 1243//1243 1267//1267
f 1268//1268 1343//1343 1237//1237
f 1098//1098 1244//1244 1243//1243
f 1245//1245 1268//1268 1237//1237
f 1236//1236 1245//1245 1237//1237
f 1246//1246 1244//1244 1098//1098
f 1246//1246 1098//1098 1245//1245
f 1235//1235 1245//1245 1236//1236
f 1235//1235 1246//1246 1245//1245
f 1234//1234 1246//1246 1235//1235
f 1226//1226 348//348 1247//1247
f 1364//1364 1229//1229 1227//1227
f 1364//1364 1228//1228 1229//1229
f 1022//1022 1364//1364 1227//1227
f 1230//1230 1228//1228 1364//1364
f 1230//1230 1364//1364 1248//1248
f 1022//1022 1227//1227 1226//1226
f 1249//1249 1230//1230 1248//1248
f 1023//1023 1022//1022 1226//1226
f 1075//1075 1233//1233 1230//1230
f 1075//1075 1230//1230 1249//1249
f 1076//1076 1233//1233 1075//1075
f 1250//1250 1075//1075 1249//1249
f 1076//1076 1232//1232 1233//1233
f 1252//1252 1249//1249 1023//1023
f 1252//1252 1077//1077 1250//1250
f 1252//1252 1250//1250 1249//1249
f 1251//1251 1231//1231 1232//1232
f 1251//1251 1076//1076 1077//1077
f 1251//1251 1232//1232 1076//1076
f 1253//1253 1251//1251 1077//1077
f 1253//1253 1077//1077 1252//1252
f 1251//1251 1246//1246 1234//1234
f 1251//1251 1234//1234 1231//1231
f 1243//1243 1242//1242 1038//1038
f 1038//1038 1242//1242 1239//1239
f 1247//1247 1252//1252 1023//1023
f 1247//1247 1023//1023 1226//1226
f 1254//1254 1246//1246 1251//1251
f 1254//1254 1255//1255 1246//1246
f 1256//1256 1246//1246 1255//1255
f 1256//1256 1244//1244 1246//1246
f 1257//1257 1243//1243 1244//1244
f 1257//1257 1244//1244 1256//1256
f 1257//1257 1242//1242 1243//1243
f 1257//1257 1258//1258 1242//1242
f 1242//1242 1173//1173 336//336
f 1242//1242 1259//1259 1173//1173
f 268//268 1242//1242 1258//1258
f 268//268 1259//1259 1242//1242
f 1257//1257 268//268 1258//1258
f 266//266 268//268 1257//1257
f 1256//1256 266//266 1257//1257
f 265//265 266//266 1256//1256
f 1255//1255 265//265 1256//1256
f 1260//1260 1261//1261 263//263
f 261//261 1262//1262 1260//1260
f 261//261 1260//1260 263//263
f 264//264 1254//1254 1262//1262
f 264//264 1262//1262 261//261
f 264//264 265//265 1254//1254
f 1254//1254 265//265 1255//1255
f 263//263 1247//1247 1129//1129
f 1130//1130 1129//1129 1247//1247
f 1261//1261 1247//1247 263//263
f 348//348 1130//1130 1247//1247
f 1261//1261 1252//1252 1247//1247
f 1261//1261 1260//1260 1252//1252
f 1262//1262 1253//1253 1252//1252
f 1262//1262 1252//1252 1260//1260
f 1262//1262 1251//1251 1253//1253
f 1254//1254 1251//1251 1262//1262
f 1259//1259 266//266 1263//1263
f 268//268 266//266 1259//1259
f 1264//1264 1142//1142 1259//1259
f 1264//1264 1259//1259 1263//1263
f 269//269 271//271 1142//1142
f 269//269 1142//1142 1264//1264
f 1173//1173 1259//1259 1142//1142
f 1173//1173 1142//1142 1143//1143
f 1264//1264 1265//1265 256//256
f 1264//1264 256//256 269//269
f 1101//1101 1100//1100 1265//1265
f 1264//1264 1101//1101 1265//1265
f 1110//1110 1101//1101 1264//1264
f 1263//1263 1110//1110 1264//1264
f 1124//1124 1114//1114 1110//1110
f 1124//1124 1110//1110 1263//1263
f 1263//1263 266//266 265//265
f 1124//1124 1263//1263 265//265
f 1100//1100 1102//1102 1266//1266
f 1265//1265 1100//1100 1266//1266
f 257//257 1265//1265 1266//1266
f 257//257 256//256 1265//1265
f 1266//1266 1127//1127 258//258
f 1266//1266 258//258 257//257
f 1266//1266 1102//1102 1103//1103
f 1266//1266 1103//1103 1127//1127
f 1270//1270 1098//1098 1307//1307
f 1098//1098 1267//1267 1307//1307
f 1268//1268 1306//1306 1267//1267
f 1245//1245 1303//1303 1268//1268
f 1245//1245 1099//1099 1303//1303
f 1267//1267 1306//1306 1307//1307
f 1268//1268 1303//1303 1306//1306
f 1099//1099 1302//1302 1303//1303
f 1305//1305 1302//1302 1097//1097
f 1272//1272 1304//1304 1092//1092
f 1270//1270 1097//1097 1099//1099
f 1097//1097 1302//1302 1099//1099
f 1269//1269 1305//1305 1096//1096
f 1305//1305 1273//1273 1302//1302
f 1304//1304 1271//1271 1092//1092
f 1305//1305 1269//1269 1093//1093
f 1305//1305 1093//1093 1273//1273
f 1272//1272 1092//1092 1284//1284
f 1282//1282 1274//1274 1091//1091
f 1279//1279 1298//1298 1284//1284
f 1279//1279 1276//1276 1091//1091
f 1091//1091 1276//1276 1282//1282
f 1300//1300 1088//1088 1275//1275
f 1301//1301 1089//1089 1278//1278
f 1089//1089 1298//1298 1279//1279
f 1300//1300 1089//1089 1088//1088
f 1089//1089 1301//1301 1298//1298
f 1276//1276 1090//1090 1282//1282
f 1089//1089 1279//1279 1091//1091
f 1282//1282 1086//1086 1087//1087
f 1286//1286 1287//1287 1085//1085
f 1288//1288 1286//1286 1290//1290
f 1285//1285 1090//1090 1277//1277
f 1285//1285 1086//1086 1090//1090
f 1085//1085 1290//1290 1286//1286
f 1291//1291 1295//1295 1297//1297
f 1296//1296 1294//1294 1280//1280
f 1288//1288 1290//1290 1297//1297
f 1090//1090 1086//1086 1282//1282
f 1081//1081 1082//1082 1289//1289
f 1083//1083 1288//1288 1297//1297
f 1293//1293 1291//1291 1087//1087
f 1287//1287 1293//1293 1087//1087
f 1282//1282 1291//1291 1296//1296
f 1297//1297 1296//1296 1291//1291
f 1084//1084 1287//1287 1286//1286
f 1293//1293 1292//1292 1295//1295
f 1287//1287 1087//1087 1085//1085
f 1086//1086 1285//1285 1294//1294
f 1084//1084 1289//1289 1082//1082
f 1289//1289 1286//1286 1081//1081
f 1291//1291 1293//1293 1295//1295
f 1294//1294 1297//1297 1290//1290
f 1083//1083 1297//1297 1295//1295
f 1295//1295 1292//1292 1083//1083
f 1297//1297 1294//1294 1296//1296
f 1293//1293 1084//1084 1292//1292
f 1293//1293 1287//1287 1084//1084
f 1275//1275 1280//1280 1294//1294
f 1280//1280 1275//1275 1088//1088
f 1277//1277 1300//1300 1275//1275
f 1285//1285 1277//1277 1294//1294
f 1279//1279 1284//1284 1276//1276
f 1283//1283 1281//1281 1278//1278
f 1298//1298 1269//1269 1094//1094
f 1284//1284 1298//1298 1094//1094
f 1272//1272 1284//1284 1094//1094
f 1284//1284 1299//1299 1276//1276
f 1092//1092 1283//1283 1299//1299
f 1092//1092 1281//1281 1283//1283
f 1269//1269 1298//1298 1301//1301
f 1280//1280 1088//1088 1274//1274
f 1272//1272 1094//1094 1096//1096
f 1097//1097 1096//1096 1305//1305
f 1094//1094 1269//1269 1096//1096
f 1306//1306 1303//1303 1095//1095
f 1097//1097 1270//1270 1307//1307
f 1342//1342 1341//1341 1075//1075
f 1342//1342 1075//1075 1250//1250
f 1077//1077 1342//1342 1250//1250
f 1073//1073 1325//1325 1338//1338
f 1338//1338 1071//1071 1073//1073
f 1313//1313 1316//1316 1325//1325
f 1071//1071 1338//1338 1069//1069
f 1074//1074 1073//1073 1072//1072
f 1325//1325 1073//1073 1313//1313
f 1071//1071 1069//1069 1324//1324
f 1313//1313 1309//1309 1316//1316
f 1311//1311 1310//1310 1341//1341
f 1308//1308 1312//1312 1340//1340
f 1066//1066 1067//1067 1336//1336
f 1317//1317 1335//1335 1070//1070
f 1325//1325 1068//1068 1338//1338
f 1066//1066 1060//1060 1330//1330
f 1066//1066 1330//1330 1067//1067
f 1066//1066 1321//1321 1060//1060
f 1336//1336 1321//1321 1066//1066
f 1070//1070 1319//1319 1320//1320
f 1335//1335 1324//1324 1322//1322
f 1069//1069 1322//1322 1324//1324
f 1335//1335 1322//1322 1070//1070
f 1068//1068 1316//1316 1315//1315
f 1068//1068 1325//1325 1316//1316
f 1319//1319 1070//1070 1322//1322
f 1322//1322 1323//1323 1319//1319
f 1065//1065 1054//1054 1064//1064
f 1318//1318 1331//1331 1065//1065
f 1064//1064 1061//1061 1065//1065
f 1061//1061 1064//1064 1062//1062
f 1318//1318 1065//1065 1061//1061
f 1329//1329 1065//1065 1330//1330
f 1334//1334 1064//1064 1054//1054
f 1060//1060 1328//1328 1063//1063
f 1334//1334 1328//1328 1060//1060
f 1333//1333 1330//1330 1063//1063
f 1332//1332 1328//1328 1327//1327
f 1330//1330 1333//1333 1329//1329
f 1059//1059 1055//1055 1054//1054
f 1330//1330 1331//1331 1067//1067
f 1332//1332 1333//1333 1063//1063
f 1331//1331 1330//1330 1065//1065
f 1329//1329 1054//1054 1065//1065
f 1332//1332 1063//1063 1328//1328
f 1315//1315 1335//1335 1317//1317
f 1317//1317 1337//1337 1315//1315
f 1318//1318 1061//1061 1320//1320
f 1319//1319 1323//1323 1067//1067
f 1320//1320 1319//1319 1318//1318
f 1336//1336 1067//1067 1323//1323
f 1068//1068 1315//1315 1337//1337
f 1071//1071 1324//1324 1072//1072
f 1313//1313 1314//1314 1312//1312
f 1340//1340 1312//1312 1314//1314
f 1309//1309 1335//1335 1315//1315
f 1072//1072 1335//1335 1309//1309
f 1072//1072 1309//1309 1339//1339
f 1072//1072 1339//1339 1074//1074
f 1315//1315 1316//1316 1309//1309
f 1072//1072 1324//1324 1335//1335
f 1313//1313 1312//1312 1309//1309
f 1313//1313 1073//1073 1314//1314
f 1342//1342 1077//1077 1340//1340
f 1341//1341 1342//1342 1311//1311
f 1310//1310 1075//1075 1341//1341
f 1076//1076 1075//1075 1310//1310
f 1339//1339 1076//1076 1310//1310
f 1339//1339 1308//1308 1076//1076
f 1312//1312 1308//1308 1339//1339
f 1039//1039 1345//1345 1040//1040
f 1357//1357 1046//1046 1047//1047
f 1046//1046 1043//1043 1044//1044
f 1046//1046 1044//1044 1362//1362
f 1045//1045 1046//1046 1362//1362
f 1045//1045 1362//1362 1344//1344
f 1042//1042 1045//1045 1344//1344
f 1348//1348 1042//1042 1363//1363
f 1348//1348 1363//1363 1039//1039
f 1348//1348 1039//1039 1043//1043
f 1344//1344 1362//1362 1041//1041
f 1363//1363 1344//1344 1345//1345
f 1047//1047 1045//1045 1347//1347
f 1347//1347 1045//1045 1042//1042
f 1344//1344 1363//1363 1042//1042
f 1344//1344 1041//1041 1345//1345
f 1039//1039 1363//1363 1345//1345
f 1047//1047 1356//1356 1048//1048
f 1349//1349 1358//1358 1346//1346
f 1348//1348 1358//1358 1349//1349
f 1346//1346 1050//1050 1049//1049
f 1349//1349 1042//1042 1348//1348
f 1047//1047 1048//1048 1357//1357
f 1346//1346 1358//1358 1046//1046
f 1346//1346 1046//1046 1357//1357
f 1042//1042 1349//1349 1347//1347
f 1358//1358 1348//1348 1046//1046
f 1360//1360 1359//1359 1049//1049
f 1360//1360 1053//1053 1354//1354
f 1049//1049 1361//1361 1360//1360
f 1352//1352 1355//1355 1050//1050
f 1350//1350 1053//1053 1360//1360
f 1354//1354 1359//1359 1360//1360
f 1050//1050 1361//1361 1049//1049
f 1051//1051 1048//1048 1356//1356
f 1051//1051 1050//1050 1048//1048
f 1353//1353 1052//1052 1351//1351
f 1053//1053 1350//1350 1052//1052
f 1353//1353 1355//1355 1352//1352
f 1352//1352 1354//1354 1353//1353
f 1355//1355 1361//1361 1050//1050
f 1351//1351 1052//1052 1350//1350
f 1353//1353 1351//1351 1355//1355
f 1046//1046 1045//1045 1047//1047
f 1343//1343 1044//1044 1043//1043
f 1361//1361 1350//1350 1360//1360
f 1351//1351 1350//1350 1361//1361
f 1383//1383 1368//1368 1249//1249
f 1248//1248 1383//1383 1249//1249
f 1022//1022 1024//1024 1364//1364
f 1369//1369 1385//1385 1366//1366
f 1384//1384 1369//1369 1368//1368
f 1367//1367 1369//1369 1366//1366
f 1369//1369 1367//1367 1025//1025
f 1367//1367 1026//1026 1025//1025
f 1383//1383 1248//1248 1027//1027
f 1368//1368 1383//1383 1384//1384
f 1371//1371 1372//1372 1374//1374
f 1374//1374 1031//1031 1028//1028
f 1028//1028 1031//1031 1370//1370
f 1372//1372 1032//1032 1378//1378
f 1371//1371 1373//1373 1372//1372
f 1378//1378 1032//1032 1034//1034
f 1034//1034 1032//1032 1033//1033
f 1036//1036 1376//1376 1037//1037
f 1376//1376 1377//1377 1375//1375
f 1375//1375 1377//1377 1382//1382
f 1381//1381 1035//1035 1379//1379
f 1378//1378 1035//1035 1372//1372
f 1037//1037 1376//1376 1375//1375
f 1034//1034 1036//1036 1379//1379
f 1035//1035 1378//1378 1034//1034
f 1033//1033 1376//1376 1034//1034
f 1380//1380 1037//1037 1375//1375
f 1034//1034 1379//1379 1035//1035
f 1034//1034 1376//1376 1036//1036
f 1376//1376 1033//1033 1377//1377
f 1375//1375 1381//1381 1380//1380
f 1030//1030 1032//1032 1373//1373
f 1373//1373 1371//1371 1029//1029
f 1032//1032 1372//1372 1373//1373
f 1370//1370 1031//1031 1030//1030
f 1374//1374 1028//1028 1366//1366
f 1030//1030 1033//1033 1032//1032
f 1384//1384 1383//1383 1365//1365
f 1024//1024 1026//1026 1027//1027
f 1385//1385 1371//1371 1374//1374
f 1026//1026 1024//1024 1025//1025
f 1366//1366 1385//1385 1374//1374
f 1028//1028 1367//1367 1366//1366
f 1026//1026 1367//1367 1029//1029
f 1026//1026 1029//1029 1365//1365
f 1383//1383 1027//1027 1365//1365
f 1027//1027 1364//1364 1024//1024
f 1027//1027 1248//1248 1364//1364
f 1380//1380 1381//1381 1379//1379
f 1036//1036 1380//1380 1379//1379
f 1386//1386 1395//1395 1203//1203
f 1386//1386 1203//1203 1200//1200
f 1386//1386 1200//1200 1199//1199
f 1387//1387 1386//1386 1199//1199
f 1387//1387 1199//1199 1201//1201
f 1388//1388 1387//1387 1201//1201
f 1388//1388 1201//1201 1202//1202
f 1389//1389 1388//1388 1202//1202
f 1389//1389 1202//1202 1209//1209
f 1399//1399 1389//1389 1209//1209
f 1399//1399 1209//1209 1215//1215
f 1400//1400 1399//1399 1215//1215
f 1390//1390 1400//1400 1215//1215
f 1390//1390 1215//1215 1218//1218
f 1397//1397 1390//1390 1218//1218
f 1391//1391 1397//1397 1218//1218
f 1391//1391 1218//1218 1222//1222
f 1392//1392 1391//1391 1222//1222
f 1392//1392 1222//1222 1212//1212
f 1393//1393 1392//1392 1212//1212
f 1393//1393 1212//1212 1206//1206
f 1394//1394 1393//1393 1206//1206
f 1395//1395 1206//1206 1203//1203
f 1395//1395 1394//1394 1206//1206
f 1392//1392 1406//1406 1396//1396
f 1391//1391 1396//1396 1397//1397
f 1391//1391 1392//1392 1396//1396
f 1390//1390 1397//1397 1398//1398
f 1390//1390 1398//1398 1400//1400
f 1399//1399 1400//1400 1401//1401
f 1401//1401 1389//1389 1399//1399
f 1389//1389 1401//1401 1402//1402
f 1388//1388 1389//1389 1402//1402
f 1388//1388 1402//1402 1403//1403
f 1387//1387 1388//1388 1403//1403
f 1386//1386 1387//1387 1403//1403
f 1386//1386 1403//1403 1404//1404
f 1395//1395 1386//1386 1404//1404
f 1395//1395 1404//1404 1405//1405
f 1394//1394 1395//1395 1405//1405
f 1394//1394 1405//1405 1406//1406
f 1393//1393 1394//1394 1406//1406
f 1392//1392 1393//1393 1406//1406
f 1406//1406 1405//1405 1404//1404
f 1406//1406 1403//1403 1402//1402
f 1406//1406 1404//1404 1403//1403
f 1406//1406 1402//1402 1401//1401
f 1398//1398 1396//1396 1406//1406
f 1398//1398 1406//1406 1401//1401
f 1398//1398 1401//1401 1400//1400
f 1397//1397 1396//1396 1398//1398
f 1020//1020 1407//1407 1411//1411
f 1021//1021 1414//1414 1409//1409
f 1021//1021 1409//1409 1411//1411
f 1412//1412 1408//1408 1409//1409
f 1409//1409 1414//1414 1412//1412
f 1019//1019 1407//1407 1020//1020
f 1408//1408 1412//1412 1019//1019
f 1408//1408 1019//1019 1020//1020
f 1434//1434 1422//1422 1016//1016
f 1012//1012 1017//1017 1014//1014
f 1013//1013 1014//1014 1017//1017
f 1407//1407 1413//1413 1437//1437
f 1434//1434 1431//1431 1422//1422
f 1410//1410 1012//1012 1431//1431
f 1017//1017 1435//1435 1436//1436
f 1412//1412 1018//1018 1019//1019
f 1435//1435 1017//1017 1012//1012
f 1018//1018 1412//1412 1414//1414
f 1414//1414 1021//1021 1018//1018
f 1435//1435 1012//1012 1410//1410
f 1433//1433 1417//1417 1009//1009
f 1432//1432 1009//1009 1008//1008
f 1011//1011 1422//1422 1419//1419
f 1011//1011 1419//1419 1433//1433
f 1424//1424 1432//1432 1416//1416
f 1427//1427 1426//1426 1420//1420
f 1427//1427 1420//1420 1418//1418
f 1010//1010 1432//1432 1427//1427
f 1009//1009 1432//1432 1010//1010
f 1415//1415 1433//1433 1419//1419
f 1427//1427 1418//1418 1010//1010
f 1432//1432 1424//1424 1427//1427
f 1421//1421 1420//1420 1426//1426
f 1429//1429 1430//1430 1000//1000
f 1004//1004 1428//1428 1425//1425
f 1425//1425 1423//1423 1007//1007
f 1425//1425 1428//1428 1005//1005
f 1424//1424 1005//1005 999//999
f 1430//1430 999//999 1000//1000
f 999//999 1430//1430 1424//1424
f 1423//1423 1425//1425 1005//1005
f 1005//1005 1428//1428 999//999
f 1004//1004 1003//1003 1428//1428
f 1006//1006 1427//1427 1424//1424
f 1006//1006 1426//1426 1427//1427
f 1004//1004 1002//1002 1003//1003
f 1423//1423 1416//1416 1008//1008
f 1421//1421 1423//1423 1008//1008
f 1416//1416 1432//1432 1008//1008
f 1431//1431 1415//1415 1419//1419
f 1422//1422 1431//1431 1419//1419
f 1415//1415 1417//1417 1433//1433
f 1415//1415 1014//1014 1417//1417
f 1431//1431 1012//1012 1415//1415
f 1434//1434 1413//1413 1015//1015
f 1435//1435 1018//1018 1021//1021
f 1016//1016 1436//1436 1437//1437
f 1435//1435 1410//1410 1018//1018
f 1018//1018 1410//1410 1015//1015
f 1436//1436 1435//1435 1437//1437
f 1437//1437 1435//1435 1021//1021
f 1410//1410 1431//1431 1015//1015
f 1016//1016 1413//1413 1434//1434
f 1407//1407 1019//1019 1413//1413
f 1437//1437 1411//1411 1407//1407
f 1437//1437 1021//1021 1411//1411
f 993//993 992//992 1440//1440
f 1439//1439 1467//1467 991//991
f 1467//1467 1439//1439 994//994
f 1440//1440 992//992 1438//1438
f 1467//1467 1438//1438 991//991
f 1438//1438 992//992 991//991
f 1442//1442 1466//1466 1450//1450
f 987//987 1452//1452 986//986
f 1443//1443 1452//1452 987//987
f 1452//1452 1443//1443 1446//1446
f 1446//1446 983//983 1452//1452
f 980//980 984//984 983//983
f 1464//1464 978//978 975//975
f 984//984 980//980 981//981
f 975//975 978//978 977//977
f 975//975 977//977 976//976
f 982//982 1465//1465 1454//1454
f 1452//1452 983//983 984//984
f 972//972 973//973 975//975
f 1460//1460 1461//1461 1462//1462
f 976//976 1462//1462 975//975
f 970//970 1459//1459 974//974
f 1458//1458 970//970 972//972
f 975//975 1462//1462 972//972
f 1451//1451 1464//1464 1463//1463
f 971//971 974//974 1457//1457
f 974//974 971//971 966//966
f 1451//1451 1463//1463 1460//1460
f 1453//1453 978//978 1464//1464
f 974//974 1459//1459 1457//1457
f 1453//1453 1464//1464 1451//1451
f 1458//1458 1462//1462 1461//1461
f 973//973 1463//1463 1464//1464
f 976//976 1460//1460 1462//1462
f 967//967 971//971 1457//1457
f 974//974 1463//1463 973//973
f 1462//1462 1458//1458 972//972
f 1453//1453 1451//1451 1455//1455
f 1451//1451 979//979 1455//1455
f 981//981 1453//1453 1455//1455
f 985//985 984//984 981//981
f 1465//1465 1455//1455 979//979
f 1465//1465 1456//1456 1455//1455
f 1455//1455 1456//1456 985//985
f 985//985 981//981 1455//1455
f 1452//1452 984//984 986//986
f 986//986 984//984 985//985
f 1454//1454 1465//1465 979//979
f 985//985 1456//1456 1448//1448
f 990//990 1449//1449 1466//1466
f 1466//1466 1442//1442 1447//1447
f 982//982 1443//1443 1468//1468
f 1445//1445 1441//1441 1438//1438
f 993//993 1440//1440 1447//1447
f 1443//1443 990//990 1468//1468
f 1444//1444 1441//1441 988//988
f 1450//1450 1467//1467 1442//1442
f 989//989 1448//1448 1468//1468
f 982//982 1446//1446 1443//1443
f 987//987 1449//1449 1443//1443
f 988//988 1445//1445 1449//1449
f 1449//1449 990//990 1443//1443
f 1450//1450 1445//1445 1467//1467
f 989//989 1444//1444 1448//1448
f 986//986 1444//1444 987//987
f 1444//1444 989//989 1441//1441
f 1467//1467 994//994 1442//1442
f 1438//1438 1467//1467 1445//1445
f 989//989 1438//1438 1441//1441
f 1440//1440 1438//1438 989//989
f 1469//1469 1440//1440 989//989
f 1469//1469 1447//1447 1440//1440
f 990//990 1447//1447 1469//1469
f 1466//1466 1447//1447 990//990
f 955//955 954//954 1470//1470
f 1476//1476 1474//1474 1485//1485
f 1476//1476 1485//1485 1471//1471
f 958//958 1473//1473 956//956
f 1491//1491 958//958 956//956
f 1473//1473 957//957 1492//1492
f 1492//1492 956//956 1473//1473
f 1486//1486 1476//1476 1471//1471
f 1486//1486 1471//1471 1484//1484
f 1474//1474 959//959 958//958
f 1487//1487 1476//1476 1486//1486
f 959//959 1484//1484 958//958
f 1479//1479 962//962 1475//1475
f 1486//1486 1483//1483 1479//1479
f 1483//1483 1486//1486 960//960
f 1480//1480 1481//1481 962//962
f 1481//1481 1482//1482 1490//1490
f 1490//1490 1477//1477 961//961
f 1479//1479 1480//1480 962//962
f 1480//1480 1479//1479 1483//1483
f 1487//1487 1486//1486 1479//1479
f 961//961 1475//1475 962//962
f 960//960 1486//1486 1484//1484
f 1487//1487 1479//1479 1475//1475
f 959//959 960//960 1484//1484
f 1482//1482 1481//1481 1489//1489
f 961//961 962//962 1481//1481
f 963//963 1489//1489 1481//1481
f 1490//1490 1488//1488 1477//1477
f 1490//1490 965//965 964//964
f 1482//1482 1489//1489 965//965
f 1488//1488 1481//1481 1480//1480
f 965//965 1490//1490 1482//1482
f 1490//1490 961//961 1481//1481
f 1477//1477 1478//1478 961//961
f 1475//1475 961//961 1478//1478
f 964//964 965//965 1489//1489
f 963//963 964//964 1489//1489
f 1491//1491 1472//1472 1485//1485
f 1485//1485 958//958 1491//1491
f 957//957 1471//1471 1472//1472
f 1472//1472 1471//1471 1485//1485
f 1488//1488 963//963 1481//1481
f 1490//1490 964//964 1488//1488
f 1499//1499 1496//1496 1494//1494
f 1498//1498 1496//1496 1495//1495
f 1499//1499 942//942 1495//1495
f 1496//1496 945//945 1494//1494
f 942//942 1515//1515 1495//1495
f 1515//1515 942//942 943//943
f 1495//1495 1496//1496 1499//1499
f 945//945 1496//1496 944//944
f 943//943 942//942 1493//1493
f 1497//1497 943//943 1493//1493
f 949//949 948//948 1517//1517
f 1500//1500 1515//1515 946//946
f 946//946 1515//1515 1503//1503
f 1513//1513 1506//1506 1502//1502
f 947//947 1517//1517 948//948
f 1503//1503 1517//1517 946//946
f 1517//1517 1516//1516 1498//1498
f 1500//1500 946//946 1502//1502
f 1503//1503 1516//1516 1517//1517
f 951//951 1507//1507 949//949
f 1511//1511 1514//1514 952//952
f 1505//1505 1507//1507 950//950
f 1513//1513 1505//1505 1510//1510
f 1510//1510 1514//1514 1508//1508
f 950//950 1514//1514 1504//1504
f 951//951 1513//1513 1512//1512
f 949//949 1506//1506 951//951
f 1510//1510 1504//1504 1514//1514
f 950//950 1504//1504 1505//1505
f 950//950 1507//1507 951//951
f 1512//1512 950//950 951//951
f 950//950 1512//1512 952//952
f 1510//1510 1505//1505 1504//1504
f 1508//1508 1509//1509 1512//1512
f 1509//1509 1508//1508 1514//1514
f 952//952 1514//1514 950//950
f 1508//1508 1512//1512 1513//1513
f 1508//1508 1513//1513 1510//1510
f 1511//1511 1509//1509 1514//1514
f 1511//1511 952//952 1509//1509
f 1503//1503 1515//1515 944//944
f 1498//1498 1501//1501 949//949
f 944//944 1516//1516 1503//1503
f 1507//1507 948//948 949//949
f 1500//1500 1495//1495 1515//1515
f 1516//1516 1496//1496 1498//1498
f 947//947 948//948 1502//1502
f 949//949 1501//1501 1506//1506
f 1495//1495 1500//1500 1498//1498
f 1517//1517 1498//1498 949//949
f 1116//1116 1519//1519 1518//1518
f 1113//1113 1519//1519 1116//1116
f 1113//1113 1520//1520 1519//1519
f 1111//1111 1520//1520 1113//1113
f 1111//1111 1521//1521 1520//1520
f 1106//1106 1521//1521 1111//1111
f 1106//1106 1522//1522 1521//1521
f 1105//1105 1522//1522 1106//1106
f 1104//1104 1523//1523 1522//1522
f 1104//1104 1522//1522 1105//1105
f 1108//1108 1523//1523 1104//1104
f 1108//1108 1524//1524 1523//1523
f 1107//1107 1524//1524 1108//1108
f 1107//1107 1525//1525 1524//1524
f 1109//1109 1525//1525 1107//1107
f 1112//1112 1525//1525 1109//1109
f 1112//1112 1526//1526 1525//1525
f 1115//1115 1526//1526 1112//1112
f 1115//1115 1527//1527 1526//1526
f 1117//1117 1527//1527 1115//1115
f 1117//1117 1528//1528 1527//1527
f 1118//1118 1528//1528 1117//1117
f 1118//1118 1529//1529 1528//1528
f 1120//1120 1529//1529 1118//1118
f 1120//1120 1530//1530 1529//1529
f 1119//1119 1530//1530 1120//1120
f 1119//1119 1531//1531 1530//1530
f 1121//1121 1531//1531 1119//1119
f 1121//1121 1518//1518 1531//1531
f 1116//1116 1518//1518 1121//1121
f 1532//1532 1520//1520 1533//1533
f 1532//1532 1519//1519 1520//1520
f 1534//1534 1519//1519 1532//1532
f 1533//1533 1520//1520 1521//1521
f 1534//1534 1518//1518 1519//1519
f 1536//1536 1518//1518 1534//1534
f 1533//1533 1521//1521 1522//1522
f 1536//1536 1531//1531 1518//1518
f 1535//1535 1533//1533 1522//1522
f 1537//1537 1531//1531 1536//1536
f 1537//1537 1530//1530 1531//1531
f 1523//1523 1535//1535 1522//1522
f 1529//1529 1530//1530 1537//1537
f 1529//1529 1537//1537 1539//1539
f 1523//1523 1538//1538 1535//1535
f 1524//1524 1538//1538 1523//1523
f 1528//1528 1539//1539 1540//1540
f 1528//1528 1529//1529 1539//1539
f 1525//1525 1538//1538 1524//1524
f 1525//1525 1541//1541 1538//1538
f 1527//1527 1528//1528 1540//1540
f 1526//1526 1541//1541 1525//1525
f 1527//1527 1540//1540 1541//1541
f 1527//1527 1541//1541 1526//1526
f 1552//1552 1536//1536 1534//1534
f 1542//1542 1552//1552 1534//1534
f 1542//1542 1534//1534 1532//1532
f 1543//1543 1542//1542 1532//1532
f 1543//1543 1532//1532 1533//1533
f 1544//1544 1543//1543 1533//1533
f 1544//1544 1533//1533 1535//1535
f 1545//1545 1544//1544 1535//1535
f 1546//1546 1545//1545 1535//1535
f 1546//1546 1535//1535 1538//1538
f 1547//1547 1546//1546 1538//1538
f 1547//1547 1538//1538 1541//1541
f 1548//1548 1547//1547 1541//1541
f 1548//1548 1541//1541 1540//1540
f 1549//1549 1548//1548 1540//1540
f 1549//1549 1540//1540 1539//1539
f 1550//1550 1549//1549 1539//1539
f 1550//1550 1539//1539 1537//1537
f 1551//1551 1550//1550 1537//1537
f 1551//1551 1537//1537 1536//1536
f 1552//1552 1551//1551 1536//1536
f 1553//1553 1545//1545 1546//1546
f 1554//1554 1553//1553 1546//1546
f 1556//1556 1554//1554 1546//1546
f 1556//1556 1546//1546 1547//1547
f 1553//1553 1544//1544 1545//1545
f 1555//1555 1544//1544 1553//1553
f 1557//1557 1556//1556 1547//1547
f 1555//1555 1543//1543 1544//1544
f 1557//1557 1547//1547 1548//1548
f 1560//1560 1557//1557 1548//1548
f 1558//1558 1543//1543 1555//1555
f 1542//1542 1543//1543 1558//1558
f 1559//1559 1542//1542 1558//1558
f 1548//1548 1561//1561 1560//1560
f 1542//1542 1559//1559 1562//1562
f 1549//1549 1561//1561 1548//1548
f 1552//1552 1542//1542 1562//1562
f 1549//1549 1564//1564 1561//1561
f 1552//1552 1562//1562 1563//1563
f 1550//1550 1564//1564 1549//1549
f 1551//1551 1552//1552 1563//1563
f 1550//1550 1565//1565 1564//1564
f 1551//1551 1563//1563 1565//1565
f 1551//1551 1565//1565 1550//1550
f 1566//1566 1577//1577 1562//1562
f 1566//1566 1562//1562 1559//1559
f 1567//1567 1566//1566 1559//1559
f 1567//1567 1559//1559 1558//1558
f 1568//1568 1567//1567 1558//1558
f 1568//1568 1558//1558 1555//1555
f 1569//1569 1568//1568 1555//1555
f 1570//1570 1555//1555 1553//1553
f 1570//1570 1569//1569 1555//1555
f 1571//1571 1570//1570 1553//1553
f 1571//1571 1553//1553 1554//1554
f 1572//1572 1571//1571 1554//1554
f 1572//1572 1554//1554 1556//1556
f 1573//1573 1572//1572 1556//1556
f 1573//1573 1556//1556 1557//1557
f 1574//1574 1573//1573 1557//1557
f 1574//1574 1557//1557 1560//1560
f 1575//1575 1574//1574 1560//1560
f 1575//1575 1560//1560 1561//1561
f 1576//1576 1575//1575 1561//1561
f 1576//1576 1561//1561 1564//1564
f 1581//1581 1576//1576 1564//1564
f 1581//1581 1564//1564 1565//1565
f 1580//1580 1581//1581 1565//1565
f 1580//1580 1565//1565 1563//1563
f 1577//1577 1580//1580 1563//1563
f 1577//1577 1563//1563 1562//1562
f 1578//1578 1575//1575 1576//1576
f 1574//1574 1575//1575 1578//1578
f 1571//1571 1569//1569 1570//1570
f 1579//1579 1569//1569 1571//1571
f 1579//1579 1568//1568 1569//1569
f 1579//1579 1567//1567 1568//1568
f 1580//1580 1577//1577 1566//1566
f 1576//1576 1581//1581 1578//1578
f 1585//1585 1567//1567 1579//1579
f 917//917 1585//1585 1579//1579
f 1585//1585 1566//1566 1567//1567
f 1582//1582 917//917 1579//1579
f 1582//1582 1579//1579 1571//1571
f 1585//1585 1580//1580 1566//1566
f 1584//1584 1580//1580 1585//1585
f 1584//1584 1581//1581 1580//1580
f 1582//1582 1571//1571 1572//1572
f 1578//1578 1581//1581 1584//1584
f 1572//1572 1586//1586 1582//1582
f 1578//1578 1584//1584 1583//1583
f 1573//1573 1586//1586 1572//1572
f 1574//1574 1586//1586 1573//1573
f 1574//1574 1583//1583 1586//1586
f 1574//1574 1578//1578 1583//1583
f 923//923 918//918 1584//1584
f 924//924 923//923 1584//1584
f 924//924 1584//1584 1585//1585
f 1598//1598 924//924 1585//1585
f 1598//1598 1585//1585 917//917
f 1582//1582 1598//1598 917//917
f 1600//1600 1582//1582 1586//1586
f 931//931 1589//1589 1590//1590
f 1593//1593 929//929 1592//1592
f 925//925 919//919 1595//1595
f 928//928 925//925 1595//1595
f 928//928 1595//1595 926//926
f 1596//1596 1592//1592 922//922
f 919//919 1597//1597 1598//1598
f 921//921 920//920 1600//1600
f 1591//1591 931//931 1590//1590
f 919//919 925//925 1594//1594
f 1602//1602 918//918 921//921
f 921//921 1600//1600 1602//1602
f 922//922 1592//1592 926//926
f 920//920 919//919 1598//1598
f 1604//1604 1603//1603 1605//1605
f 1621//1621 1604//1604 1605//1605
f 1608//1608 1618//1618 940//940
f 1608//1608 940//940 932//932
f 939//939 1610//1610 933//933
f 939//939 933//933 934//934
f 1611//1611 939//939 934//934
f 1611//1611 934//934 936//936
f 1613//1613 1612//1612 1615//1615
f 1616//1616 1613//1613 1615//1615
f 1614//1614 1587//1587 1588//1588
f 1617//1617 1614//1614 1588//1588
f 1617//1617 1588//1588 1589//1589
f 1617//1617 1589//1589 931//931
f 1615//1615 927//927 1601//1601
f 1606//1606 1621//1621 1605//1605
f 1618//1618 938//938 939//939
f 1618//1618 939//939 940//940
f 1612//1612 1611//1611 936//936
f 930//930 1616//1616 1615//1615
f 1587//1587 1616//1616 930//930
f 1616//1616 1587//1587 1614//1614
f 1617//1617 931//931 935//935
f 927//927 935//935 931//931
f 1619//1619 1621//1621 1606//1606
f 1619//1619 1606//1606 1607//1607
f 1606//1606 932//932 1609//1609
f 937//937 1606//1606 1609//1609
f 940//940 939//939 1611//1611
f 1609//1609 932//932 1613//1613
f 1609//1609 1613//1613 1616//1616
f 937//937 1609//1609 1616//1616
f 933//933 1610//1610 1614//1614
f 934//934 1614//1614 1617//1617
f 936//936 934//934 1617//1617
f 1612//1612 940//940 1611//1611
f 1612//1612 932//932 940//940
f 932//932 1612//1612 1613//1613
f 934//934 933//933 1614//1614
f 936//936 1617//1617 935//935
f 1610//1610 1616//1616 1614//1614
f 1610//1610 937//937 1616//1616
f 1621//1621 1619//1619 1622//1622
f 1604//1604 1621//1621 1622//1622
f 1604//1604 1620//1620 1603//1603
f 1604//1604 1622//1622 1620//1620
f 930//930 1615//1615 1601//1601
f 930//930 1601//1601 928//928
f 1587//1587 928//928 929//929
f 1588//1588 1587//1587 929//929
f 1588//1588 929//929 1593//1593
f 1589//1589 1588//1588 1593//1593
f 1590//1590 1589//1589 1593//1593
f 928//928 1601//1601 925//925
f 1590//1590 1593//1593 1599//1599
f 926//926 1595//1595 921//921
f 926//926 921//921 922//922
f 1599//1599 1596//1596 923//923
f 1597//1597 1599//1599 924//924
f 920//920 1598//1598 1600//1600
f 1587//1587 930//930 928//928
f 1594//1594 1591//1591 1590//1590
f 1601//1601 1594//1594 925//925
f 1601//1601 1591//1591 1594//1594
f 928//928 926//926 929//929
f 926//926 1592//1592 929//929
f 1599//1599 1594//1594 1590//1590
f 923//923 924//924 1599//1599
f 1607//1607 1622//1622 1619//1619
f 938//938 1622//1622 1607//1607
f 938//938 1620//1620 1622//1622
f 1618//1618 1620//1620 938//938
f 1618//1618 1603//1603 1620//1620
f 1608//1608 1603//1603 1618//1618
f 1608//1608 1605//1605 1603//1603
f 932//932 1605//1605 1608//1608
f 1625//1625 1623//1623 1624//1624
f 1629//1629 1624//1624 1623//1623
f 1625//1625 1628//1628 1623//1623
f 1626//1626 1628//1628 1625//1625
f 1629//1629 1623//1623 1627//1627
f 1631//1631 1627//1627 1634//1634
f 1631//1631 1629//1629 1627//1627
f 1630//1630 1628//1628 1626//1626
f 1635//1635 1631//1631 1634//1634
f 1630//1630 1633//1633 1628//1628
f 1632//1632 1633//1633 1630//1630
f 1636//1636 1633//1633 1632//1632
f 1638//1638 1635//1635 1634//1634
f 1637//1637 1638//1638 1634//1634
f 1642//1642 1633//1633 1636//1636
f 1637//1637 1640//1640 1638//1638
f 1642//1642 1636//1636 1639//1639
f 1642//1642 1639//1639 1641//1641
f 1643//1643 1640//1640 1637//1637
f 1643//1643 1646//1646 1640//1640
f 1645//1645 1642//1642 1641//1641
f 1645//1645 1641//1641 1644//1644
f 1645//1645 1644//1644 1647//1647
f 1643//1643 1647//1647 1646//1646
f 1645//1645 1647//1647 1643//1643
f 1648//1648 1637//1637 1634//1634
f 1648//1648 1654//1654 1637//1637
f 1648//1648 1634//1634 1627//1627
f 1649//1649 1648//1648 1627//1627
f 1649//1649 1627//1627 1623//1623
f 1650//1650 1649//1649 1623//1623
f 1650//1650 1623//1623 1628//1628
f 1651//1651 1650//1650 1628//1628
f 1651//1651 1628//1628 1633//1633
f 1652//1652 1633//1633 1642//1642
f 1652//1652 1651//1651 1633//1633
f 1653//1653 1652//1652 1642//1642
f 1653//1653 1642//1642 1645//1645
f 1653//1653 1645//1645 1643//1643
f 1654//1654 1653//1653 1643//1643
f 1654//1654 1643//1643 1637//1637
f 1648//1648 1650//1650 1655//1655
f 1648//1648 1649//1649 1650//1650
f 1655//1655 1654//1654 1648//1648
f 1653//1653 1654//1654 1655//1655
f 1653//1653 1651//1651 1652//1652
f 1650//1650 1651//1651 1653//1653
f 1653//1653 1655//1655 1650//1650
f 1624//1624 1629//1629 1656//1656
f 1624//1624 1656//1656 1657//1657
f 1625//1625 1624//1624 1657//1657
f 1625//1625 1657//1657 1658//1658
f 1626//1626 1658//1658 1659//1659
f 1626//1626 1625//1625 1658//1658
f 1630//1630 1659//1659 1660//1660
f 1630//1630 1626//1626 1659//1659
f 1632//1632 1630//1630 1660//1660
f 1632//1632 1660//1660 1661//1661
f 1636//1636 1632//1632 1661//1661
f 1636//1636 1661//1661 1662//1662
f 1639//1639 1636//1636 1662//1662
f 1639//1639 1662//1662 1663//1663
f 1641//1641 1639//1639 1663//1663
f 1641//1641 1663//1663 1664//1664
f 1644//1644 1641//1641 1664//1664
f 1644//1644 1664//1664 1665//1665
f 1647//1647 1644//1644 1665//1665
f 1647//1647 1665//1665 1666//1666
f 1646//1646 1647//1647 1666//1666
f 1646//1646 1666//1666 1667//1667
f 1640//1640 1646//1646 1667//1667
f 1640//1640 1667//1667 1668//1668
f 1638//1638 1640//1640 1668//1668
f 1638//1638 1668//1668 1669//1669
f 1635//1635 1638//1638 1669//1669
f 1631//1631 1635//1635 1669//1669
f 1631//1631 1669//1669 1670//1670
f 1631//1631 1670//1670 1656//1656
f 1629//1629 1631//1631 1656//1656
f 1661//1661 1674//1674 1662//1662
f 1661//1661 1671//1671 1674//1674
f 1660//1660 1671//1671 1661//1661
f 1659//1659 1671//1671 1660//1660
f 1663//1663 1662//1662 1674//1674
f 1663//1663 1674//1674 1675//1675
f 1664//1664 1663//1663 1675//1675
f 1658//1658 1671//1671 1659//1659
f 1665//1665 1664//1664 1675//1675
f 1665//1665 1675//1675 1676//1676
f 1657//1657 1671//1671 1658//1658
f 1676//1676 1666//1666 1665//1665
f 1677//1677 1671//1671 1657//1657
f 1677//1677 1657//1657 1656//1656
f 1672//1672 1677//1677 1656//1656
f 1676//1676 1667//1667 1666//1666
f 1672//1672 1656//1656 1670//1670
f 1673//1673 1667//1667 1676//1676
f 1673//1673 1668//1668 1667//1667
f 1672//1672 1670//1670 1669//1669
f 1672//1672 1668//1668 1673//1673
f 1672//1672 1669//1669 1668//1668
f 1674//1674 1671//1671 1684//1684
f 1683//1683 1672//1672 1673//1673
f 1677//1677 1672//1672 1683//1683
f 1680//1680 1671//1671 1677//1677
f 1684//1684 1671//1671 1680//1680
f 1673//1673 1676//1676 1678//1678
f 1683//1683 1673//1673 1678//1678
f 1677//1677 1683//1683 1679//1679
f 1680//1680 1677//1677 1679//1679
f 1674//1674 1684//1684 1681//1681
f 1674//1674 1681//1681 1682//1682
f 1675//1675 1674//1674 1682//1682
f 1675//1675 1682//1682 1692//1692
f 1676//1676 1675//1675 1692//1692
f 1676//1676 1692//1692 1678//1678
f 1686//1686 1680//1680 1679//1679
f 1687//1687 1696//1696 1679//1679
f 1686//1686 1679//1679 1696//1696
f 1685//1685 1684//1684 1680//1680
f 1685//1685 1680//1680 1686//1686
f 1689//1689 1684//1684 1685//1685
f 1687//1687 1679//1679 1683//1683
f 1681//1681 1684//1684 1689//1689
f 1678//1678 1687//1687 1683//1683
f 1687//1687 1691//1691 1688//1688
f 1691//1691 1687//1687 1678//1678
f 1692//1692 1690//1690 1691//1691
f 1678//1678 1692//1692 1691//1691
f 1692//1692 1682//1682 1690//1690
f 1698//1698 1691//1691 1695//1695
f 1694//1694 1685//1685 1693//1693
f 1694//1694 1689//1689 1685//1685
f 1695//1695 1689//1689 1694//1694
f 1681//1681 1689//1689 1695//1695
f 1695//1695 1690//1690 1682//1682
f 1695//1695 1691//1691 1690//1690
f 1699//1699 1696//1696 1697//1697
f 1695//1695 1697//1697 1698//1698
f 1695//1695 1699//1699 1697//1697
f 1681//1681 1695//1695 1682//1682
f 1694//1694 1693//1693 1699//1699
f 1694//1694 1699//1699 1695//1695
f 1698//1698 1688//1688 1691//1691
f 1698//1698 1697//1697 1688//1688
f 1697//1697 1687//1687 1688//1688
f 1696//1696 1687//1687 1697//1697
f 1699//1699 1686//1686 1696//1696
f 1699//1699 1685//1685 1686//1686
f 1693//1693 1685//1685 1699//1699
f 1702//1702 1700//1700 1703//1703
f 1701//1701 1700//1700 1702//1702
f 1704//1704 1702//1702 1703//1703
f 1706//1706 1700//1700 1701//1701
f 1706//1706 1705//1705 1700//1700
f 1707//1707 1704//1704 1703//1703
f 1707//1707 1703//1703 1708//1708
f 1709//1709 1705//1705 1706//1706
f 1710//1710 1707//1707 1708//1708
f 1713//1713 1705//1705 1709//1709
f 1710//1710 1708//1708 1715//1715
f 1711//1711 1710//1710 1715//1715
f 1712//1712 1705//1705 1713//1713
f 1714//1714 1712//1712 1713//1713
f 1717//1717 1712//1712 1714//1714
f 1715//1715 1718//1718 1711//1711
f 1717//1717 1714//1714 1716//1716
f 1719//1719 1718//1718 1715//1715
f 1720//1720 1717//1717 1716//1716
f 1719//1719 1722//1722 1718//1718
f 1720//1720 1716//1716 1721//1721
f 1724//1724 1722//1722 1719//1719
f 1720//1720 1721//1721 1723//1723
f 1724//1724 1723//1723 1722//1722
f 1724//1724 1720//1720 1723//1723
f 1725//1725 1719//1719 1715//1715
f 1725//1725 1730//1730 1719//1719
f 1725//1725 1715//1715 1708//1708
f 1726//1726 1708//1708 1703//1703
f 1726//1726 1725//1725 1708//1708
f 1727//1727 1703//1703 1700//1700
f 1727//1727 1726//1726 1703//1703
f 1727//1727 1700//1700 1705//1705
f 1728//1728 1727//1727 1705//1705
f 1728//1728 1705//1705 1712//1712
f 1729//1729 1712//1712 1717//1717
f 1729//1729 1728//1728 1712//1712
f 1733//1733 1729//1729 1717//1717
f 1733//1733 1717//1717 1720//1720
f 1733//1733 1720//1720 1724//1724
f 1730//1730 1733//1733 1724//1724
f 1730//1730 1724//1724 1719//1719
f 1731//1731 1726//1726 1727//1727
f 1731//1731 1725//1725 1726//1726
f 1732//1732 1725//1725 1731//1731
f 1732//1732 1730//1730 1725//1725
f 1732//1732 1733//1733 1730//1730
f 1732//1732 1729//1729 1733//1733
f 1731//1731 1729//1729 1732//1732
f 1731//1731 1728//1728 1729//1729
f 1731//1731 1727//1727 1728//1728
f 1704//1704 1707//1707 1734//1734
f 1704//1704 1734//1734 1735//1735
f 1702//1702 1704//1704 1735//1735
f 1702//1702 1735//1735 1736//1736
f 1701//1701 1702//1702 1736//1736
f 1706//1706 1736//1736 1737//1737
f 1706//1706 1701//1701 1736//1736
f 1709//1709 1737//1737 1738//1738
f 1709//1709 1706//1706 1737//1737
f 1713//1713 1709//1709 1738//1738
f 1713//1713 1738//1738 1739//1739
f 1714//1714 1713//1713 1739//1739
f 1714//1714 1739//1739 1740//1740
f 1716//1716 1714//1714 1740//1740
f 1716//1716 1740//1740 1741//1741
f 1721//1721 1716//1716 1741//1741
f 1721//1721 1741//1741 1742//1742
f 1723//1723 1721//1721 1742//1742
f 1723//1723 1742//1742 1743//1743
f 1722//1722 1723//1723 1743//1743
f 1718//1718 1743//1743 1744//1744
f 1718//1718 1722//1722 1743//1743
f 1711//1711 1744//1744 1745//1745
f 1711//1711 1718//1718 1744//1744
f 1710//1710 1711//1711 1745//1745
f 1710//1710 1745//1745 1746//1746
f 1707//1707 1710//1710 1746//1746
f 1707//1707 1746//1746 1734//1734
f 1740//1740 1739//1739 1749//1749
f 1738//1738 1749//1749 1739//1739
f 1741//1741 1740//1740 1749//1749
f 1741//1741 1749//1749 1747//1747
f 1738//1738 1753//1753 1749//1749
f 1737//1737 1753//1753 1738//1738
f 1736//1736 1753//1753 1737//1737
f 1742//1742 1741//1741 1747//1747
f 1742//1742 1747//1747 1750//1750
f 1735//1735 1753//1753 1736//1736
f 1750//1750 1743//1743 1742//1742
f 1752//1752 1753//1753 1735//1735
f 1751//1751 1743//1743 1750//1750
f 1752//1752 1735//1735 1734//1734
f 1748//1748 1752//1752 1734//1734
f 1748//1748 1734//1734 1746//1746
f 1751//1751 1744//1744 1743//1743
f 1751//1751 1745//1745 1744//1744
f 1748//1748 1746//1746 1745//1745
f 1748//1748 1745//1745 1751//1751
f 1760//1760 1749//1749 1753//1753
f 1751//1751 1763//1763 1755//1755
f 1748//1748 1751//1751 1755//1755
f 1748//1748 1755//1755 1767//1767
f 1752//1752 1748//1748 1767//1767
f 1752//1752 1767//1767 1756//1756
f 1752//1752 1756//1756 1754//1754
f 1753//1753 1752//1752 1754//1754
f 1753//1753 1754//1754 1764//1764
f 1753//1753 1764//1764 1760//1760
f 1749//1749 1760//1760 1766//1766
f 1747//1747 1749//1749 1766//1766
f 1747//1747 1766//1766 1762//1762
f 1750//1750 1747//1747 1762//1762
f 1751//1751 1750//1750 1762//1762
f 1751//1751 1762//1762 1763//1763
f 1757//1757 1764//1764 1754//1754
f 1757//1757 1754//1754 1756//1756
f 1758//1758 1760//1760 1764//1764
f 1755//1755 1759//1759 1767//1767
f 1760//1760 1758//1758 1766//1766
f 1762//1762 1761//1761 1763//1763
f 1759//1759 1755//1755 1763//1763
f 1761//1761 1762//1762 1766//1766
f 1768//1768 1763//1763 1761//1761
f 1765//1765 1758//1758 1764//1764
f 1765//1765 1766//1766 1758//1758
f 1768//1768 1761//1761 1766//1766
f 1768//1768 1756//1756 1767//1767
f 1765//1765 1756//1756 1768//1768
f 1766//1766 1765//1765 1768//1768
f 1768//1768 1759//1759 1763//1763
f 1768//1768 1767//1767 1759//1759
f 1756//1756 1765//1765 1757//1757
f 1764//1764 1757//1757 1765//1765
f 1771//1771 1769//1769 1770//1770
f 1774//1774 1770//1770 1769//1769
f 1771//1771 1772//1772 1769//1769
f 1774//1774 1769//1769 1775//1775
f 1773//1773 1772//1772 1771//1771
f 1776//1776 1775//1775 1777//1777
f 1776//1776 1774//1774 1775//1775
f 1773//1773 1778//1778 1772//1772
f 1780//1780 1776//1776 1777//1777
f 1779//1779 1778//1778 1773//1773
f 1783//1783 1780//1780 1777//1777
f 1781//1781 1780//1780 1783//1783
f 1778//1778 1779//1779 1782//1782
f 1786//1786 1778//1778 1782//1782
f 1786//1786 1782//1782 1785//1785
f 1784//1784 1781//1781 1783//1783
f 1784//1784 1787//1787 1781//1781
f 1789//1789 1785//1785 1790//1790
f 1789//1789 1786//1786 1785//1785
f 1784//1784 1788//1788 1787//1787
f 1789//1789 1790//1790 1791//1791
f 1789//1789 1788//1788 1784//1784
f 1789//1789 1791//1791 1788//1788
f 1792//1792 1797//1797 1784//1784
f 1792//1792 1784//1784 1783//1783
f 1793//1793 1783//1783 1777//1777
f 1793//1793 1792//1792 1783//1783
f 1798//1798 1793//1793 1777//1777
f 1798//1798 1777//1777 1775//1775
f 1798//1798 1775//1775 1769//1769
f 1794//1794 1798//1798 1769//1769
f 1794//1794 1769//1769 1772//1772
f 1794//1794 1772//1772 1778//1778
f 1795//1795 1794//1794 1778//1778
f 1796//1796 1795//1795 1778//1778
f 1796//1796 1778//1778 1786//1786
f 1796//1796 1786//1786 1789//1789
f 1797//1797 1796//1796 1789//1789
f 1797//1797 1789//1789 1784//1784
f 1799//1799 1793//1793 1798//1798
f 1799//1799 1792//1792 1793//1793
f 1799//1799 1797//1797 1792//1792
f 1799//1799 1796//1796 1797//1797
f 1800//1800 1796//1796 1799//1799
f 1800//1800 1795//1795 1796//1796
f 1800//1800 1794//1794 1795//1795
f 1794//1794 1800//1800 1798//1798
f 1800//1800 1799//1799 1798//1798
f 1774//1774 1801//1801 1802//1802
f 1770//1770 1774//1774 1802//1802
f 1770//1770 1802//1802 1803//1803
f 1771//1771 1770//1770 1803//1803
f 1771//1771 1803//1803 1804//1804
f 1773//1773 1771//1771 1804//1804
f 1773//1773 1804//1804 1805//1805
f 1779//1779 1773//1773 1805//1805
f 1779//1779 1805//1805 1806//1806
f 1782//1782 1779//1779 1806//1806
f 1782//1782 1806//1806 1807//1807
f 1785//1785 1807//1807 1808//1808
f 1785//1785 1782//1782 1807//1807
f 1790//1790 1785//1785 1808//1808
f 1790//1790 1808//1808 1809//1809
f 1791//1791 1809//1809 1810//1810
f 1791//1791 1790//1790 1809//1809
f 1788//1788 1810//1810 1811//1811
f 1788//1788 1791//1791 1810//1810
f 1787//1787 1811//1811 1812//1812
f 1787//1787 1788//1788 1811//1811
f 1787//1787 1812//1812 1813//1813
f 1781//1781 1787//1787 1813//1813
f 1781//1781 1813//1813 1814//1814
f 1780//1780 1781//1781 1814//1814
f 1780//1780 1814//1814 1815//1815
f 1776//1776 1780//1780 1815//1815
f 1776//1776 1815//1815 1801//1801
f 1774//1774 1776//1776 1801//1801
f 1806//1806 1805//1805 1818//1818
f 1805//1805 1824//1824 1818//1818
f 1807//1807 1806//1806 1818//1818
f 1804//1804 1824//1824 1805//1805
f 1807//1807 1818//1818 1819//1819
f 1808//1808 1807//1807 1819//1819
f 1809//1809 1808//1808 1819//1819
f 1803//1803 1824//1824 1804//1804
f 1809//1809 1819//1819 1820//1820
f 1810//1810 1809//1809 1820//1820
f 1802//1802 1824//1824 1803//1803
f 1820//1820 1811//1811 1810//1810
f 1822//1822 1824//1824 1802//1802
f 1822//1822 1802//1802 1801//1801
f 1820//1820 1812//1812 1811//1811
f 1821//1821 1812//1812 1820//1820
f 1821//1821 1813//1813 1812//1812
f 1822//1822 1801//1801 1815//1815
f 1816//1816 1822//1822 1815//1815
f 1816//1816 1815//1815 1814//1814
f 1816//1816 1813//1813 1821//1821
f 1816//1816 1814//1814 1813//1813
f 1817//1817 1818//1818 1824//1824
f 1822//1822 1823//1823 1824//1824
f 1816//1816 1821//1821 1830//1830
f 1816//1816 1830//1830 1831//1831
f 1822//1822 1816//1816 1831//1831
f 1822//1822 1831//1831 1832//1832
f 1823//1823 1822//1822 1832//1832
f 1824//1824 1823//1823 1825//1825
f 1817//1817 1824//1824 1825//1825
f 1817//1817 1825//1825 1838//1838
f 1818//1818 1817//1817 1838//1838
f 1818//1818 1838//1838 1828//1828
f 1819//1819 1818//1818 1828//1828
f 1819//1819 1828//1828 1826//1826
f 1820//1820 1819//1819 1826//1826
f 1820//1820 1826//1826 1827//1827
f 1821//1821 1820//1820 1827//1827
f 1821//1821 1827//1827 1830//1830
f 1826//1826 1828//1828 1844//1844
f 1827//1827 1826//1826 1829//1829
f 1830//1830 1827//1827 1829//1829
f 1842//1842 1825//1825 1823//1823
f 1833//1833 1823//1823 1832//1832
f 1825//1825 1842//1842 1834//1834
f 1834//1834 1838//1838 1825//1825
f 1833//1833 1842//1842 1823//1823
f 1831//1831 1835//1835 1832//1832
f 1838//1838 1834//1834 1837//1837
f 1831//1831 1836//1836 1835//1835
f 1838//1838 1837//1837 1828//1828
f 1830//1830 1836//1836 1831//1831
f 1836//1836 1830//1830 1829//1829
f 1829//1829 1844//1844 1839//1839
f 1826//1826 1844//1844 1829//1829
f 1840//1840 1829//1829 1839//1839
f 1840//1840 1839//1839 1845//1845
f 1841//1841 1829//1829 1840//1840
f 1841//1841 1836//1836 1829//1829
f 1843//1843 1834//1834 1842//1842
f 1843//1843 1837//1837 1834//1834
f 1843//1843 1845//1845 1837//1837
f 1845//1845 1828//1828 1837//1837
f 1845//1845 1839//1839 1844//1844
f 1846//1846 1841//1841 1840//1840
f 1845//1845 1846//1846 1840//1840
f 1847//1847 1832//1832 1846//1846
f 1845//1845 1847//1847 1846//1846
f 1843//1843 1847//1847 1845//1845
f 1828//1828 1845//1845 1844//1844
f 1843//1843 1842//1842 1847//1847
f 1846//1846 1835//1835 1836//1836
f 1846//1846 1836//1836 1841//1841
f 1846//1846 1832//1832 1835//1835
f 1832//1832 1847//1847 1833//1833
f 1847//1847 1842//1842 1833//1833
f 1850//1850 1849//1849 1848//1848
f 1850//1850 1848//1848 1853//1853
f 1852//1852 1848//1848 1849//1849
f 1851//1851 1850//1850 1853//1853
f 1852//1852 1854//1854 1848//1848
f 1856//1856 1851//1851 1853//1853
f 1855//1855 1854//1854 1852//1852
f 1856//1856 1853//1853 1859//1859
f 1860//1860 1856//1856 1859//1859
f 1855//1855 1858//1858 1854//1854
f 1857//1857 1858//1858 1855//1855
f 1864//1864 1860//1860 1859//1859
f 1862//1862 1860//1860 1864//1864
f 1863//1863 1858//1858 1857//1857
f 1863//1863 1857//1857 1861//1861
f 1864//1864 1867//1867 1862//1862
f 1863//1863 1861//1861 1868//1868
f 1865//1865 1863//1863 1868//1868
f 1866//1866 1867//1867 1864//1864
f 1866//1866 1870//1870 1867//1867
f 1871//1871 1870//1870 1866//1866
f 1865//1865 1868//1868 1869//1869
f 1871//1871 1865//1865 1869//1869
f 1871//1871 1869//1869 1870//1870
f 1872//1872 1878//1878 1864//1864
f 1872//1872 1864//1864 1859//1859
f 1872//1872 1859//1859 1853//1853
f 1873//1873 1872//1872 1853//1853
f 1873//1873 1853//1853 1848//1848
f 1874//1874 1873//1873 1848//1848
f 1874//1874 1848//1848 1854//1854
f 1875//1875 1874//1874 1854//1854
f 1875//1875 1854//1854 1858//1858
f 1875//1875 1858//1858 1863//1863
f 1876//1876 1875//1875 1863//1863
f 1876//1876 1863//1863 1865//1865
f 1876//1876 1865//1865 1871//1871
f 1877//1877 1876//1876 1871//1871
f 1877//1877 1871//1871 1866//1866
f 1878//1878 1877//1877 1866//1866
f 1878//1878 1866//1866 1864//1864
f 1879//1879 1872//1872 1873//1873
f 1879//1879 1878//1878 1872//1872
f 1879//1879 1877//1877 1878//1878
f 1879//1879 1876//1876 1877//1877
f 1880//1880 1876//1876 1879//1879
f 1880//1880 1875//1875 1876//1876
f 1880//1880 1874//1874 1875//1875
f 1874//1874 1880//1880 1873//1873
f 1880//1880 1879//1879 1873//1873
f 1850//1850 1881//1881 1882//1882
f 1850//1850 1851//1851 1881//1881
f 1849//1849 1850//1850 1882//1882
f 1849//1849 1882//1882 1883//1883
f 1849//1849 1883//1883 1884//1884
f 1852//1852 1849//1849 1884//1884
f 1852//1852 1884//1884 1885//1885
f 1855//1855 1852//1852 1885//1885
f 1855//1855 1885//1885 1886//1886
f 1857//1857 1855//1855 1886//1886
f 1857//1857 1886//1886 1887//1887
f 1861//1861 1857//1857 1887//1887
f 1861//1861 1887//1887 1888//1888
f 1868//1868 1861//1861 1888//1888
f 1868//1868 1888//1888 1889//1889
f 1869//1869 1868//1868 1889//1889
f 1869//1869 1889//1889 1890//1890
f 1870//1870 1869//1869 1890//1890
f 1870//1870 1890//1890 1891//1891
f 1867//1867 1870//1870 1891//1891
f 1867//1867 1891//1891 1892//1892
f 1862//1862 1867//1867 1892//1892
f 1862//1862 1892//1892 1893//1893
f 1860//1860 1893//1893 1894//1894
f 1860//1860 1862//1862 1893//1893
f 1856//1856 1860//1860 1894//1894
f 1856//1856 1894//1894 1895//1895
f 1856//1856 1895//1895 1881//1881
f 1851//1851 1856//1856 1881//1881
f 1887//1887 1886//1886 1898//1898
f 1886//1886 1896//1896 1898//1898
f 1885//1885 1896//1896 1886//1886
f 1888//1888 1887//1887 1898//1898
f 1884//1884 1896//1896 1885//1885
f 1889//1889 1888//1888 1898//1898
f 1889//1889 1898//1898 1899//1899
f 1883//1883 1896//1896 1884//1884
f 1890//1890 1889//1889 1899//1899
f 1883//1883 1902//1902 1896//1896
f 1902//1902 1883//1883 1882//1882
f 1899//1899 1891//1891 1890//1890
f 1902//1902 1882//1882 1881//1881
f 1900//1900 1891//1891 1899//1899
f 1900//1900 1892//1892 1891//1891
f 1902//1902 1881//1881 1895//1895
f 1901//1901 1893//1893 1892//1892
f 1901//1901 1892//1892 1900//1900
f 1901//1901 1902//1902 1895//1895
f 1901//1901 1895//1895 1894//1894
f 1901//1901 1894//1894 1893//1893
f 1897//1897 1898//1898 1896//1896
f 1898//1898 1906//1906 1899//1899
f 1896//1896 1902//1902 1909//1909
f 1900//1900 1908//1908 1903//1903
f 1901//1901 1900//1900 1903//1903
f 1901//1901 1903//1903 1910//1910
f 1902//1902 1901//1901 1910//1910
f 1902//1902 1910//1910 1909//1909
f 1896//1896 1909//1909 1904//1904
f 1897//1897 1896//1896 1904//1904
f 1897//1897 1904//1904 1905//1905
f 1898//1898 1897//1897 1905//1905
f 1906//1906 1898//1898 1905//1905
f 1899//1899 1906//1906 1907//1907
f 1900//1900 1899//1899 1907//1907
f 1900//1900 1907//1907 1908//1908
f 1912//1912 1904//1904 1909//1909
f 1910//1910 1912//1912 1909//1909
f 1911//1911 1912//1912 1910//1910
f 1905//1905 1904//1904 1912//1912
f 1905//1905 1912//1912 1914//1914
f 1913//1913 1910//1910 1903//1903
f 1906//1906 1905//1905 1914//1914
f 1903//1903 1915//1915 1913//1913
f 1908//1908 1915//1915 1903//1903
f 1908//1908 1907//1907 1916//1916
f 1907//1907 1906//1906 1916//1916
f 1915//1915 1908//1908 1916//1916
f 1917//1917 1914//1914 1912//1912
f 1918//1918 1914//1914 1917//1917
f 1918//1918 1906//1906 1914//1914
f 1919//1919 1915//1915 1916//1916
f 1906//1906 1919//1919 1916//1916
f 1918//1918 1920//1920 1919//1919
f 1906//1906 1918//1918 1919//1919
f 1919//1919 1913//1913 1915//1915
f 1920//1920 1910//1910 1913//1913
f 1919//1919 1920//1920 1913//1913
f 1920//1920 1911//1911 1910//1910
f 1920//1920 1918//1918 1911//1911
f 1918//1918 1912//1912 1911//1911
f 1917//1917 1912//1912 1918//1918
f 2426//2426 2541//2541 1921//1921
f 1955//1955 1971//1971 1947//1947
f 1950//1950 1958//1958 1948//1948
f 1954//1954 1958//1958 1950//1950
f 1957//1957 1952//1952 1953//1953
f 1957//1957 1973//1973 1952//1952
f 1971//1971 1955//1955 1969//1969
f 1951//1951 1949//1949 1959//1959
f 1978//1978 1973//1973 1957//1957
f 1962//1962 1951//1951 1959//1959
f 1967//1967 1964//1964 1960//1960
f 1968//1968 1961//1961 1956//1956
f 1968//1968 1956//1956 1963//1963
f 1967//1967 1981//1981 1964//1964
f 1970//1970 1969//1969 1958//1958
f 1970//1970 1971//1971 1969//1969
f 1970//1970 1958//1958 1954//1954
f 1977//1977 1959//1959 1971//1971
f 1977//1977 1971//1971 1970//1970
f 1992//1992 1965//1965 1966//1966
f 1970//1970 1954//1954 1973//1973
f 1977//1977 1962//1962 1959//1959
f 1974//1974 1972//1972 1979//1979
f 1975//1975 1970//1970 1973//1973
f 1977//1977 1963//1963 1962//1962
f 1991//1991 1974//1974 1979//1979
f 1975//1975 1973//1973 1978//1978
f 1977//1977 1968//1968 1963//1963
f 1975//1975 1978//1978 1981//1981
f 1985//1985 1968//1968 1977//1977
f 1985//1985 1982//1982 1968//1968
f 1992//1992 1987//1987 1965//1965
f 1980//1980 1976//1976 1990//1990
f 1975//1975 1981//1981 1967//1967
f 1983//1983 1980//1980 1990//1990
f 1985//1985 1991//1991 1979//1979
f 1985//1985 1979//1979 1982//1982
f 1986//1986 1975//1975 1967//1967
f 1986//1986 1967//1967 1987//1987
f 1997//1997 1991//1991 1985//1985
f 1986//1986 1987//1987 1992//1992
f 1984//1984 1995//1995 1988//1988
f 1997//1997 1990//1990 1991//1991
f 1993//1993 1995//1995 1984//1984
f 1986//1986 1992//1992 1995//1995
f 2001//2001 1994//1994 1989//1989
f 1997//1997 1983//1983 1990//1990
f 1986//1986 1995//1995 1993//1993
f 2001//2001 1989//1989 1998//1998
f 2000//2000 1986//1986 1993//1993
f 1999//1999 2002//2002 1996//1996
f 1997//1997 1998//1998 1983//1983
f 1997//1997 2001//2001 1998//1998
f 2000//2000 1993//1993 2002//2002
f 2005//2005 2002//2002 1999//1999
f 2000//2000 2002//2002 2005//2005
f 2003//2003 2004//2004 2006//2006
f 2010//2010 2001//2001 1997//1997
f 2010//2010 2006//2006 2001//2001
f 2013//2013 2003//2003 2006//2006
f 2007//2007 2000//2000 2005//2005
f 2007//2007 2005//2005 2012//2012
f 2010//2010 2013//2013 2006//2006
f 2011//2011 2012//2012 2008//2008
f 2007//2007 2012//2012 2011//2011
f 2010//2010 2016//2016 2013//2013
f 2015//2015 2009//2009 2016//2016
f 2018//2018 2016//2016 2010//2010
f 2007//2007 2011//2011 2020//2020
f 2019//2019 2015//2015 2016//2016
f 2019//2019 2016//2016 2018//2018
f 2017//2017 2020//2020 2014//2014
f 2021//2021 2020//2020 2017//2017
f 2021//2021 2007//2007 2020//2020
f 2029//2029 2007//2007 2021//2021
f 2018//2018 2026//2026 2019//2019
f 2023//2023 2007//2007 2029//2029
f 2028//2028 2022//2022 2026//2026
f 2028//2028 2024//2024 2022//2022
f 2028//2028 2026//2026 2018//2018
f 2027//2027 2029//2029 2025//2025
f 2043//2043 2028//2028 2018//2018
f 2043//2043 2032//2032 2028//2028
f 2030//2030 2029//2029 2027//2027
f 2030//2030 2023//2023 2029//2029
f 2037//2037 2023//2023 2030//2030
f 2033//2033 2031//2031 2032//2032
f 2034//2034 2033//2033 2032//2032
f 2049//2049 2023//2023 2037//2037
f 2034//2034 2032//2032 2043//2043
f 2038//2038 2037//2037 2035//2035
f 2038//2038 2035//2035 2036//2036
f 2038//2038 2049//2049 2037//2037
f 2043//2043 2042//2042 2034//2034
f 2039//2039 2049//2049 2038//2038
f 2044//2044 2041//2041 2040//2040
f 2044//2044 2040//2040 2042//2042
f 2044//2044 2042//2042 2043//2043
f 2052//2052 2044//2044 2043//2043
f 2046//2046 2052//2052 2043//2043
f 2048//2048 2047//2047 2045//2045
f 2048//2048 2039//2039 2047//2047
f 2048//2048 2049//2049 2039//2039
f 2056//2056 2049//2049 2048//2048
f 2056//2056 2050//2050 2049//2049
f 2054//2054 2053//2053 2052//2052
f 2051//2051 2053//2053 2054//2054
f 2054//2054 2052//2052 2046//2046
f 2060//2060 2054//2054 2046//2046
f 2061//2061 2060//2060 2046//2046
f 2055//2055 2050//2050 2056//2056
f 2057//2057 2055//2055 2056//2056
f 2057//2057 2056//2056 2058//2058
f 2068//2068 2050//2050 2055//2055
f 2068//2068 2067//2067 2050//2050
f 2063//2063 2060//2060 2061//2061
f 2063//2063 2059//2059 2060//2060
f 2062//2062 2059//2059 2063//2063
f 2064//2064 2063//2063 2061//2061
f 2064//2064 2061//2061 2065//2065
f 2066//2066 2067//2067 2068//2068
f 2066//2066 2068//2068 2069//2069
f 2071//2071 2067//2067 2066//2066
f 2066//2066 2069//2069 2070//2070
f 2071//2071 2076//2076 2067//2067
f 2072//2072 2064//2064 2065//2065
f 2074//2074 2064//2064 2072//2072
f 2074//2074 2073//2073 2064//2064
f 2084//2084 2072//2072 2065//2065
f 2075//2075 2076//2076 2071//2071
f 2075//2075 2071//2071 2079//2079
f 2077//2077 2076//2076 2075//2075
f 2080//2080 2075//2075 2079//2079
f 2077//2077 2078//2078 2076//2076
f 2081//2081 2084//2084 2065//2065
f 2086//2086 2081//2081 2065//2065
f 2086//2086 2065//2065 2082//2082
f 2083//2083 2084//2084 2081//2081
f 2083//2083 2085//2085 2084//2084
f 2087//2087 2085//2085 2083//2083
f 2089//2089 2078//2078 2077//2077
f 2094//2094 2078//2078 2089//2089
f 2094//2094 2096//2096 2078//2078
f 2089//2089 2077//2077 2088//2088
f 2090//2090 2089//2089 2088//2088
f 2091//2091 2086//2086 2082//2082
f 2099//2099 2082//2082 2098//2098
f 2099//2099 2091//2091 2082//2082
f 2091//2091 2093//2093 2086//2086
f 2092//2092 2093//2093 2091//2091
f 2095//2095 2096//2096 2094//2094
f 2095//2095 2094//2094 2100//2100
f 2105//2105 2096//2096 2095//2095
f 2101//2101 2095//2095 2100//2100
f 2097//2097 2099//2099 2098//2098
f 2106//2106 2097//2097 2098//2098
f 2106//2106 2098//2098 2111//2111
f 2097//2097 2107//2107 2099//2099
f 2104//2104 2096//2096 2105//2105
f 2103//2103 2096//2096 2104//2104
f 2103//2103 2108//2108 2096//2096
f 2102//2102 2107//2107 2097//2097
f 2118//2118 2106//2106 2111//2111
f 2119//2119 2118//2118 2111//2111
f 2118//2118 2122//2122 2106//2106
f 2120//2120 2108//2108 2110//2110
f 2110//2110 2108//2108 2103//2103
f 2115//2115 2105//2105 2109//2109
f 2115//2115 2104//2104 2105//2105
f 2110//2110 2103//2103 2121//2121
f 2112//2112 2111//2111 2113//2113
f 2116//2116 2112//2112 2113//2113
f 2112//2112 2119//2119 2111//2111
f 2114//2114 2113//2113 2108//2108
f 2114//2114 2108//2108 2120//2120
f 2117//2117 2113//2113 2114//2114
f 2117//2117 2116//2116 2113//2113
f 2124//2124 2110//2110 2121//2121
f 2126//2126 2119//2119 2112//2112
f 2126//2126 2125//2125 2119//2119
f 2123//2123 2122//2122 2118//2118
f 2127//2127 2114//2114 2120//2120
f 2130//2130 2116//2116 2117//2117
f 2127//2127 2120//2120 2128//2128
f 2129//2129 2116//2116 2130//2130
f 2131//2131 1962//1962 1963//1963
f 2137//2137 2311//2311 2312//2312
f 2167//2167 2141//2141 2132//2132
f 2162//2162 2133//2133 2134//2134
f 2153//2153 2162//2162 2134//2134
f 2135//2135 2156//2156 2140//2140
f 2147//2147 2138//2138 2136//2136
f 2201//2201 2163//2163 2142//2142
f 2167//2167 2145//2145 2141//2141
f 2146//2146 2137//2137 2312//2312
f 2147//2147 2136//2136 2166//2166
f 2154//2154 2144//2144 2307//2307
f 2148//2148 2146//2146 2312//2312
f 2158//2158 2313//2313 2137//2137
f 2158//2158 2155//2155 2313//2313
f 2159//2159 2143//2143 2149//2149
f 2154//2154 2152//2152 2144//2144
f 2159//2159 2149//2149 2157//2157
f 2164//2164 2156//2156 2135//2135
f 2160//2160 2148//2148 2312//2312
f 2161//2161 2148//2148 2160//2160
f 2168//2168 2147//2147 2166//2166
f 2162//2162 2153//2153 2145//2145
f 2165//2165 2131//2131 2139//2139
f 2164//2164 2167//2167 2156//2156
f 2169//2169 2131//2131 2165//2165
f 2172//2172 2163//2163 2201//2201
f 2201//2201 2168//2168 2166//2166
f 2170//2170 2177//2177 2171//2171
f 2176//2176 2177//2177 2170//2170
f 2181//2181 2173//2173 2178//2178
f 2181//2181 2178//2178 2180//2180
f 2183//2183 2184//2184 2175//2175
f 2183//2183 2175//2175 2174//2174
f 2182//2182 2179//2179 2189//2189
f 2186//2186 2182//2182 2189//2189
f 2190//2190 2188//2188 2185//2185
f 2190//2190 2210//2210 2188//2188
f 2191//2191 2187//2187 2192//2192
f 2218//2218 2191//2191 2192//2192
f 2218//2218 2192//2192 2186//2186
f 2194//2194 2196//2196 2193//2193
f 2197//2197 2196//2196 2194//2194
f 2197//2197 2190//2190 2196//2196
f 2198//2198 2195//2195 2199//2199
f 2200//2200 2145//2145 2167//2167
f 2204//2204 2145//2145 2200//2200
f 2204//2204 2162//2162 2145//2145
f 2216//2216 2198//2198 2199//2199
f 2204//2204 2166//2166 2162//2162
f 2200//2200 2167//2167 2164//2164
f 2200//2200 2164//2164 2131//2131
f 2204//2204 2201//2201 2166//2166
f 2202//2202 2200//2200 2131//2131
f 2202//2202 2131//2131 2169//2169
f 2204//2204 2172//2172 2201//2201
f 2202//2202 2169//2169 2177//2177
f 2202//2202 2177//2177 2176//2176
f 2204//2204 2180//2180 2172//2172
f 2202//2202 2176//2176 2184//2184
f 2206//2206 2221//2221 2203//2203
f 2204//2204 2181//2181 2180//2180
f 2207//2207 2221//2221 2206//2206
f 2208//2208 2202//2202 2184//2184
f 2209//2209 2181//2181 2204//2204
f 2209//2209 2189//2189 2181//2181
f 2208//2208 2183//2183 2210//2210
f 2208//2208 2184//2184 2183//2183
f 2209//2209 2186//2186 2189//2189
f 2212//2212 2208//2208 2210//2210
f 2211//2211 2205//2205 2215//2215
f 2213//2213 2211//2211 2215//2215
f 2212//2212 2210//2210 2190//2190
f 2226//2226 2186//2186 2209//2209
f 2213//2213 2215//2215 2216//2216
f 2226//2226 2218//2218 2186//2186
f 2226//2226 2199//2199 2218//2218
f 2212//2212 2190//2190 2197//2197
f 2217//2217 2222//2222 2214//2214
f 2219//2219 2222//2222 2217//2217
f 2226//2226 2216//2216 2199//2199
f 2224//2224 2197//2197 2221//2221
f 2224//2224 2212//2212 2197//2197
f 2224//2224 2221//2221 2207//2207
f 2224//2224 2207//2207 2222//2222
f 2226//2226 2213//2213 2216//2216
f 2225//2225 2223//2223 2220//2220
f 2225//2225 2220//2220 2227//2227
f 2226//2226 2227//2227 2213//2213
f 2228//2228 2225//2225 2227//2227
f 2234//2234 2227//2227 2226//2226
f 2244//2244 2219//2219 2233//2233
f 2244//2244 2224//2224 2222//2222
f 2244//2244 2222//2222 2219//2219
f 2234//2234 2228//2228 2227//2227
f 2231//2231 2233//2233 2230//2230
f 2231//2231 2230//2230 2229//2229
f 2234//2234 2237//2237 2228//2228
f 2231//2231 2244//2244 2233//2233
f 2236//2236 2235//2235 2232//2232
f 2236//2236 2232//2232 2237//2237
f 2238//2238 2236//2236 2237//2237
f 2238//2238 2237//2237 2234//2234
f 2248//2248 2238//2238 2234//2234
f 2248//2248 2234//2234 2239//2239
f 2243//2243 2240//2240 2241//2241
f 2243//2243 2242//2242 2240//2240
f 2243//2243 2231//2231 2242//2242
f 2243//2243 2244//2244 2231//2231
f 2252//2252 2244//2244 2243//2243
f 2247//2247 2245//2245 2246//2246
f 2247//2247 2246//2246 2248//2248
f 2256//2256 2247//2247 2248//2248
f 2256//2256 2248//2248 2239//2239
f 2251//2251 2250//2250 2249//2249
f 2251//2251 2252//2252 2250//2250
f 2251//2251 2261//2261 2244//2244
f 2251//2251 2244//2244 2252//2252
f 2254//2254 2256//2256 2255//2255
f 2254//2254 2253//2253 2256//2256
f 2255//2255 2256//2256 2239//2239
f 2255//2255 2239//2239 2257//2257
f 2267//2267 2255//2255 2257//2257
f 2260//2260 2251//2251 2259//2259
f 2264//2264 2251//2251 2260//2260
f 2264//2264 2261//2261 2251//2251
f 2264//2264 2262//2262 2261//2261
f 2260//2260 2258//2258 2263//2263
f 2260//2260 2259//2259 2258//2258
f 2266//2266 2267//2267 2257//2257
f 2273//2273 2266//2266 2257//2257
f 2266//2266 2265//2265 2267//2267
f 2273//2273 2257//2257 2292//2292
f 2266//2266 2268//2268 2265//2265
f 2270//2270 2264//2264 2269//2269
f 2270//2270 2269//2269 2271//2271
f 2270//2270 2262//2262 2264//2264
f 2272//2272 2270//2270 2271//2271
f 2281//2281 2262//2262 2270//2270
f 2274//2274 2273//2273 2292//2292
f 2285//2285 2274//2274 2292//2292
f 2274//2274 2275//2275 2273//2273
f 2276//2276 2275//2275 2274//2274
f 2279//2279 2281//2281 2277//2277
f 2279//2279 2262//2262 2281//2281
f 2279//2279 2278//2278 2262//2262
f 2280//2280 2277//2277 2281//2281
f 2280//2280 2281//2281 2282//2282
f 2283//2283 2280//2280 2282//2282
f 2284//2284 2285//2285 2292//2292
f 2287//2287 2285//2285 2284//2284
f 2291//2291 2284//2284 2292//2292
f 2287//2287 2286//2286 2285//2285
f 2287//2287 2288//2288 2286//2286
f 2289//2289 2278//2278 2279//2279
f 2289//2289 2296//2296 2278//2278
f 2289//2289 2279//2279 2290//2290
f 2294//2294 2289//2289 2290//2290
f 2293//2293 2291//2291 2292//2292
f 2301//2301 2293//2293 2292//2292
f 2293//2293 2297//2297 2291//2291
f 2298//2298 2297//2297 2293//2293
f 2302//2302 2289//2289 2295//2295
f 2303//2303 2289//2289 2302//2302
f 2303//2303 2296//2296 2289//2289
f 2302//2302 2295//2295 2299//2299
f 2300//2300 2301//2301 2292//2292
f 2300//2300 2292//2292 2306//2306
f 2144//2144 2300//2300 2306//2306
f 2304//2304 2296//2296 2303//2303
f 2304//2304 2311//2311 2296//2296
f 2304//2304 2303//2303 2151//2151
f 2150//2150 2304//2304 2151//2151
f 2309//2309 2301//2301 2300//2300
f 2308//2308 2299//2299 2305//2305
f 2308//2308 2302//2302 2299//2299
f 2307//2307 2144//2144 2306//2306
f 2313//2313 2307//2307 2306//2306
f 2313//2313 2306//2306 2311//2311
f 2309//2309 2310//2310 2301//2301
f 2143//2143 2311//2311 2304//2304
f 2143//2143 2304//2304 2149//2149
f 2312//2312 2311//2311 2143//2143
f 2137//2137 2313//2313 2311//2311
f 2169//2169 1968//1968 1982//1982
f 2169//2169 1961//1961 1968//1968
f 2169//2169 2165//2165 1961//1961
f 2165//2165 2139//2139 1956//1956
f 2165//2165 1956//1956 1961//1961
f 2131//2131 1963//1963 1956//1956
f 2139//2139 2131//2131 1956//1956
f 2177//2177 1982//1982 1979//1979
f 2169//2169 1982//1982 2177//2177
f 2177//2177 1979//1979 1972//1972
f 2171//2171 2177//2177 1972//1972
f 2170//2170 2171//2171 1972//1972
f 2170//2170 1972//1972 1974//1974
f 2176//2176 1974//1974 1991//1991
f 2176//2176 2170//2170 1974//1974
f 2176//2176 1991//1991 2184//2184
f 2184//2184 1991//1991 1990//1990
f 2184//2184 1990//1990 1976//1976
f 2175//2175 2184//2184 1976//1976
f 2174//2174 2175//2175 1976//1976
f 2174//2174 1976//1976 1980//1980
f 2183//2183 2174//2174 1980//1980
f 2183//2183 1980//1980 1983//1983
f 2183//2183 1983//1983 2210//2210
f 2210//2210 1983//1983 1998//1998
f 2188//2188 1998//1998 1989//1989
f 2188//2188 2210//2210 1998//1998
f 2185//2185 1989//1989 1994//1994
f 2185//2185 2188//2188 1989//1989
f 2190//2190 1994//1994 2001//2001
f 2190//2190 2185//2185 1994//1994
f 2196//2196 2001//2001 2006//2006
f 2190//2190 2001//2001 2196//2196
f 2193//2193 2006//2006 2004//2004
f 2193//2193 2196//2196 2006//2006
f 2194//2194 2004//2004 2003//2003
f 2194//2194 2193//2193 2004//2004
f 2194//2194 2003//2003 2013//2013
f 2197//2197 2194//2194 2013//2013
f 2221//2221 2197//2197 2013//2013
f 2221//2221 2013//2013 2016//2016
f 2203//2203 2221//2221 2016//2016
f 2203//2203 2016//2016 2009//2009
f 2203//2203 2009//2009 2015//2015
f 2206//2206 2203//2203 2015//2015
f 2207//2207 2206//2206 2015//2015
f 2207//2207 2019//2019 2222//2222
f 2207//2207 2015//2015 2019//2019
f 2222//2222 2019//2019 2026//2026
f 2222//2222 2026//2026 2022//2022
f 2214//2214 2222//2222 2022//2022
f 2214//2214 2022//2022 2024//2024
f 2217//2217 2214//2214 2024//2024
f 2219//2219 2217//2217 2024//2024
f 2219//2219 2024//2024 2028//2028
f 2219//2219 2028//2028 2032//2032
f 2219//2219 2032//2032 2233//2233
f 2230//2230 2032//2032 2031//2031
f 2230//2230 2233//2233 2032//2032
f 2229//2229 2230//2230 2031//2031
f 2229//2229 2031//2031 2033//2033
f 2229//2229 2033//2033 2034//2034
f 2231//2231 2229//2229 2034//2034
f 2231//2231 2042//2042 2242//2242
f 2231//2231 2034//2034 2042//2042
f 2242//2242 2042//2042 2040//2040
f 2240//2240 2242//2242 2040//2040
f 2241//2241 2240//2240 2040//2040
f 2241//2241 2040//2040 2041//2041
f 2241//2241 2041//2041 2044//2044
f 2243//2243 2241//2241 2044//2044
f 2243//2243 2044//2044 2052//2052
f 2252//2252 2243//2243 2052//2052
f 2250//2250 2052//2052 2053//2053
f 2252//2252 2052//2052 2250//2250
f 2249//2249 2053//2053 2051//2051
f 2249//2249 2250//2250 2053//2053
f 2249//2249 2051//2051 2054//2054
f 2249//2249 2054//2054 2251//2251
f 2251//2251 2054//2054 2060//2060
f 2251//2251 2060//2060 2259//2259
f 2259//2259 2060//2060 2059//2059
f 2258//2258 2259//2259 2059//2059
f 2263//2263 2258//2258 2059//2059
f 2263//2263 2059//2059 2062//2062
f 2260//2260 2062//2062 2063//2063
f 2260//2260 2263//2263 2062//2062
f 2260//2260 2063//2063 2264//2264
f 2264//2264 2063//2063 2064//2064
f 2264//2264 2064//2064 2269//2269
f 2271//2271 2064//2064 2073//2073
f 2271//2271 2269//2269 2064//2064
f 2272//2272 2271//2271 2073//2073
f 2272//2272 2073//2073 2074//2074
f 2270//2270 2074//2074 2072//2072
f 2270//2270 2272//2272 2074//2074
f 2270//2270 2072//2072 2084//2084
f 2281//2281 2270//2270 2084//2084
f 2282//2282 2084//2084 2085//2085
f 2282//2282 2281//2281 2084//2084
f 2283//2283 2085//2085 2087//2087
f 2283//2283 2282//2282 2085//2085
f 2280//2280 2087//2087 2083//2083
f 2280//2280 2283//2283 2087//2087
f 2277//2277 2280//2280 2083//2083
f 2277//2277 2083//2083 2081//2081
f 2279//2279 2081//2081 2086//2086
f 2277//2277 2081//2081 2279//2279
f 2290//2290 2086//2086 2093//2093
f 2290//2290 2279//2279 2086//2086
f 2294//2294 2093//2093 2092//2092
f 2294//2294 2290//2290 2093//2093
f 2289//2289 2092//2092 2091//2091
f 2289//2289 2294//2294 2092//2092
f 2295//2295 2091//2091 2099//2099
f 2289//2289 2091//2091 2295//2295
f 2299//2299 2099//2099 2107//2107
f 2299//2299 2295//2295 2099//2099
f 2305//2305 2299//2299 2107//2107
f 2308//2308 2107//2107 2102//2102
f 2308//2308 2305//2305 2107//2107
f 2302//2302 2308//2308 2102//2102
f 2302//2302 2102//2102 2097//2097
f 2302//2302 2097//2097 2303//2303
f 2303//2303 2097//2097 2106//2106
f 2303//2303 2106//2106 2151//2151
f 2151//2151 2106//2106 2122//2122
f 2150//2150 2151//2151 2122//2122
f 2150//2150 2122//2122 2123//2123
f 2150//2150 2123//2123 2118//2118
f 2150//2150 2118//2118 2304//2304
f 2149//2149 2118//2118 2119//2119
f 2304//2304 2118//2118 2149//2149
f 2149//2149 2119//2119 2125//2125
f 2157//2157 2149//2149 2125//2125
f 2157//2157 2125//2125 2126//2126
f 2159//2159 2157//2157 2126//2126
f 2159//2159 2126//2126 2112//2112
f 2143//2143 2159//2159 2112//2112
f 2143//2143 2112//2112 2116//2116
f 2312//2312 2143//2143 2116//2116
f 2160//2160 2116//2116 2129//2129
f 2160//2160 2312//2312 2116//2116
f 2161//2161 2129//2129 2130//2130
f 2161//2161 2160//2160 2129//2129
f 2148//2148 2130//2130 2117//2117
f 2148//2148 2161//2161 2130//2130
f 2146//2146 2114//2114 2137//2137
f 2146//2146 2117//2117 2114//2114
f 2148//2148 2117//2117 2146//2146
f 2137//2137 2114//2114 2158//2158
f 2158//2158 2114//2114 2127//2127
f 2158//2158 2127//2127 2128//2128
f 2155//2155 2158//2158 2128//2128
f 2155//2155 2128//2128 2120//2120
f 2313//2313 2155//2155 2120//2120
f 2313//2313 2120//2120 2110//2110
f 2307//2307 2313//2313 2110//2110
f 2307//2307 2110//2110 2124//2124
f 2154//2154 2307//2307 2124//2124
f 2154//2154 2124//2124 2121//2121
f 2152//2152 2154//2154 2121//2121
f 2144//2144 2152//2152 2121//2121
f 2144//2144 2121//2121 2103//2103
f 2144//2144 2103//2103 2104//2104
f 2300//2300 2144//2144 2104//2104
f 2309//2309 2300//2300 2104//2104
f 2309//2309 2104//2104 2115//2115
f 2309//2309 2115//2115 2109//2109
f 2310//2310 2309//2309 2109//2109
f 2301//2301 2109//2109 2105//2105
f 2301//2301 2310//2310 2109//2109
f 2301//2301 2105//2105 2095//2095
f 2301//2301 2095//2095 2293//2293
f 2293//2293 2095//2095 2101//2101
f 2298//2298 2293//2293 2101//2101
f 2298//2298 2101//2101 2100//2100
f 2297//2297 2298//2298 2100//2100
f 2291//2291 2297//2297 2100//2100
f 2284//2284 2094//2094 2089//2089
f 2291//2291 2094//2094 2284//2284
f 2291//2291 2100//2100 2094//2094
f 2287//2287 2284//2284 2089//2089
f 2287//2287 2089//2089 2090//2090
f 2288//2288 2287//2287 2090//2090
f 2288//2288 2090//2090 2088//2088
f 2286//2286 2288//2288 2088//2088
f 2286//2286 2088//2088 2077//2077
f 2285//2285 2286//2286 2077//2077
f 2274//2274 2077//2077 2075//2075
f 2285//2285 2077//2077 2274//2274
f 2274//2274 2075//2075 2080//2080
f 2276//2276 2274//2274 2080//2080
f 2275//2275 2276//2276 2080//2080
f 2275//2275 2080//2080 2079//2079
f 2273//2273 2275//2275 2079//2079
f 2273//2273 2079//2079 2071//2071
f 2273//2273 2071//2071 2066//2066
f 2266//2266 2273//2273 2066//2066
f 2268//2268 2066//2066 2070//2070
f 2268//2268 2266//2266 2066//2066
f 2268//2268 2070//2070 2069//2069
f 2265//2265 2268//2268 2069//2069
f 2267//2267 2069//2069 2068//2068
f 2267//2267 2265//2265 2069//2069
f 2267//2267 2068//2068 2055//2055
f 2255//2255 2267//2267 2055//2055
f 2255//2255 2055//2055 2057//2057
f 2254//2254 2255//2255 2057//2057
f 2253//2253 2057//2057 2058//2058
f 2253//2253 2254//2254 2057//2057
f 2256//2256 2253//2253 2058//2058
f 2256//2256 2058//2058 2056//2056
f 2256//2256 2048//2048 2247//2247
f 2256//2256 2056//2056 2048//2048
f 2245//2245 2048//2048 2045//2045
f 2245//2245 2247//2247 2048//2048
f 2246//2246 2045//2045 2047//2047
f 2246//2246 2245//2245 2045//2045
f 2248//2248 2246//2246 2047//2047
f 2248//2248 2047//2047 2039//2039
f 2248//2248 2039//2039 2038//2038
f 2238//2238 2248//2248 2038//2038
f 2236//2236 2038//2038 2036//2036
f 2236//2236 2238//2238 2038//2038
f 2235//2235 2236//2236 2036//2036
f 2235//2235 2036//2036 2035//2035
f 2232//2232 2235//2235 2035//2035
f 2237//2237 2035//2035 2037//2037
f 2237//2237 2232//2232 2035//2035
f 2237//2237 2037//2037 2030//2030
f 2237//2237 2030//2030 2228//2228
f 2225//2225 2228//2228 2030//2030
f 2225//2225 2030//2030 2027//2027
f 2223//2223 2225//2225 2027//2027
f 2223//2223 2027//2027 2025//2025
f 2220//2220 2223//2223 2025//2025
f 2220//2220 2025//2025 2029//2029
f 2227//2227 2220//2220 2029//2029
f 2213//2213 2029//2029 2021//2021
f 2227//2227 2029//2029 2213//2213
f 2211//2211 2021//2021 2017//2017
f 2211//2211 2213//2213 2021//2021
f 2211//2211 2017//2017 2014//2014
f 2205//2205 2211//2211 2014//2014
f 2205//2205 2014//2014 2020//2020
f 2215//2215 2205//2205 2020//2020
f 2215//2215 2020//2020 2216//2216
f 2216//2216 2020//2020 2011//2011
f 2216//2216 2011//2011 2198//2198
f 2195//2195 2011//2011 2008//2008
f 2195//2195 2198//2198 2011//2011
f 2195//2195 2008//2008 2012//2012
f 2199//2199 2195//2195 2012//2012
f 2218//2218 2199//2199 2012//2012
f 2191//2191 2005//2005 1999//1999
f 2218//2218 2005//2005 2191//2191
f 2218//2218 2012//2012 2005//2005
f 2187//2187 1999//1999 1996//1996
f 2187//2187 2191//2191 1999//1999
f 2192//2192 1996//1996 2002//2002
f 2192//2192 2187//2187 1996//1996
f 2192//2192 2002//2002 1993//1993
f 2192//2192 1993//1993 2186//2186
f 2182//2182 2186//2186 1993//1993
f 2182//2182 1993//1993 1984//1984
f 2179//2179 1984//1984 1988//1988
f 2179//2179 2182//2182 1984//1984
f 2179//2179 1988//1988 1995//1995
f 2189//2189 2179//2179 1995//1995
f 2181//2181 1995//1995 1992//1992
f 2181//2181 2189//2189 1995//1995
f 2173//2173 2181//2181 1992//1992
f 2173//2173 1992//1992 1966//1966
f 2178//2178 2173//2173 1966//1966
f 2178//2178 1966//1966 1965//1965
f 2180//2180 2178//2178 1965//1965
f 2180//2180 1965//1965 1987//1987
f 2180//2180 1987//1987 1967//1967
f 2172//2172 2180//2180 1967//1967
f 2163//2163 1967//1967 1960//1960
f 2163//2163 2172//2172 1967//1967
f 2163//2163 1960//1960 1964//1964
f 2142//2142 2163//2163 1964//1964
f 2201//2201 2142//2142 1964//1964
f 2201//2201 1964//1964 1981//1981
f 2201//2201 1981//1981 1978//1978
f 2201//2201 1978//1978 2168//2168
f 2147//2147 1978//1978 1957//1957
f 2147//2147 2168//2168 1978//1978
f 2138//2138 1957//1957 1953//1953
f 2138//2138 2147//2147 1957//1957
f 2136//2136 2138//2138 1953//1953
f 2136//2136 1953//1953 1952//1952
f 2136//2136 1952//1952 1973//1973
f 2166//2166 2136//2136 1973//1973
f 2162//2162 2166//2166 1973//1973
f 2162//2162 1973//1973 1954//1954
f 2162//2162 1954//1954 1950//1950
f 2133//2133 2162//2162 1950//1950
f 2133//2133 1950//1950 1948//1948
f 2134//2134 2133//2133 1948//1948
f 2134//2134 1948//1948 1958//1958
f 2153//2153 2134//2134 1958//1958
f 2153//2153 1958//1958 2145//2145
f 2145//2145 1958//1958 1969//1969
f 2141//2141 1969//1969 1955//1955
f 2145//2145 1969//1969 2141//2141
f 2141//2141 1955//1955 1947//1947
f 2132//2132 2141//2141 1947//1947
f 2132//2132 1947//1947 1971//1971
f 2167//2167 2132//2132 1971//1971
f 2156//2156 1971//1971 1959//1959
f 2167//2167 1971//1971 2156//2156
f 2156//2156 1959//1959 1949//1949
f 2140//2140 2156//2156 1949//1949
f 2135//2135 1949//1949 1951//1951
f 2135//2135 2140//2140 1949//1949
f 2164//2164 1951//1951 1962//1962
f 2164//2164 2135//2135 1951//1951
f 2164//2164 1962//1962 2131//2131
f 2314//2314 2327//2327 2278//2278
f 2314//2314 2278//2278 2296//2296
f 2315//2315 2314//2314 2296//2296
f 2315//2315 2296//2296 2311//2311
f 2316//2316 2315//2315 2311//2311
f 2316//2316 2311//2311 2306//2306
f 2316//2316 2306//2306 2292//2292
f 2317//2317 2316//2316 2292//2292
f 2317//2317 2292//2292 2257//2257
f 2318//2318 2317//2317 2257//2257
f 2318//2318 2257//2257 2239//2239
f 2318//2318 2239//2239 2234//2234
f 2319//2319 2318//2318 2234//2234
f 2319//2319 2234//2234 2226//2226
f 2320//2320 2319//2319 2226//2226
f 2320//2320 2226//2226 2209//2209
f 2321//2321 2320//2320 2209//2209
f 2321//2321 2209//2209 2204//2204
f 2322//2322 2204//2204 2200//2200
f 2322//2322 2321//2321 2204//2204
f 2322//2322 2200//2200 2202//2202
f 2323//2323 2322//2322 2202//2202
f 2323//2323 2202//2202 2208//2208
f 2323//2323 2208//2208 2212//2212
f 2324//2324 2323//2323 2212//2212
f 2324//2324 2212//2212 2224//2224
f 2325//2325 2324//2324 2224//2224
f 2325//2325 2224//2224 2244//2244
f 2326//2326 2325//2325 2244//2244
f 2326//2326 2244//2244 2261//2261
f 2327//2327 2326//2326 2261//2261
f 2327//2327 2261//2261 2262//2262
f 2327//2327 2262//2262 2278//2278
f 2328//2328 2315//2315 2316//2316
f 2330//2330 2328//2328 2316//2316
f 2329//2329 2315//2315 2328//2328
f 2329//2329 2314//2314 2315//2315
f 2330//2330 2316//2316 2317//2317
f 2332//2332 2327//2327 2314//2314
f 2332//2332 2314//2314 2329//2329
f 2331//2331 2330//2330 2317//2317
f 2332//2332 2326//2326 2327//2327
f 2331//2331 2317//2317 2318//2318
f 2333//2333 2331//2331 2318//2318
f 2334//2334 2326//2326 2332//2332
f 2318//2318 2335//2335 2333//2333
f 2319//2319 2335//2335 2318//2318
f 2325//2325 2326//2326 2334//2334
f 2324//2324 2334//2334 2336//2336
f 2324//2324 2325//2325 2334//2334
f 2320//2320 2335//2335 2319//2319
f 2323//2323 2324//2324 2336//2336
f 2320//2320 2337//2337 2335//2335
f 2321//2321 2337//2337 2320//2320
f 2323//2323 2336//2336 2338//2338
f 2321//2321 2339//2339 2337//2337
f 2322//2322 2323//2323 2338//2338
f 2322//2322 2338//2338 2339//2339
f 2322//2322 2339//2339 2321//2321
f 2340//2340 2332//2332 2329//2329
f 2342//2342 2340//2340 2329//2329
f 2342//2342 2329//2329 2328//2328
f 2344//2344 2342//2342 2328//2328
f 2346//2346 2344//2344 2328//2328
f 2346//2346 2328//2328 2330//2330
f 2348//2348 2346//2346 2330//2330
f 2349//2349 2348//2348 2330//2330
f 2350//2350 2349//2349 2330//2330
f 2350//2350 2330//2330 2331//2331
f 2351//2351 2350//2350 2331//2331
f 2353//2353 2331//2331 2333//2333
f 2353//2353 2351//2351 2331//2331
f 2354//2354 2353//2353 2333//2333
f 2354//2354 2333//2333 2335//2335
f 2356//2356 2354//2354 2335//2335
f 2358//2358 2356//2356 2335//2335
f 2359//2359 2358//2358 2335//2335
f 2359//2359 2335//2335 2337//2337
f 2361//2361 2359//2359 2337//2337
f 2361//2361 2337//2337 2339//2339
f 2363//2363 2361//2361 2339//2339
f 2364//2364 2363//2363 2339//2339
f 2365//2365 2364//2364 2339//2339
f 2365//2365 2339//2339 2338//2338
f 2368//2368 2365//2365 2338//2338
f 2369//2369 2368//2368 2338//2338
f 2370//2370 2369//2369 2338//2338
f 2370//2370 2338//2338 2336//2336
f 2370//2370 2336//2336 2334//2334
f 2373//2373 2370//2370 2334//2334
f 2374//2374 2373//2373 2334//2334
f 2376//2376 2374//2374 2334//2334
f 2376//2376 2334//2334 2332//2332
f 2378//2378 2376//2376 2332//2332
f 2380//2380 2378//2378 2332//2332
f 2340//2340 2380//2380 2332//2332
f 2370//2370 2373//2373 2382//2382
f 2372//2372 2382//2382 2391//2391
f 2372//2372 2370//2370 2382//2382
f 2398//2398 2397//2397 2396//2396
f 2387//2387 2404//2404 2407//2407
f 2388//2388 2407//2407 2408//2408
f 2345//2345 2407//2407 2388//2388
f 2409//2409 2341//2341 2408//2408
f 2389//2389 2409//2409 2410//2410
f 2379//2379 2389//2389 2410//2410
f 2377//2377 2410//2410 2411//2411
f 2390//2390 2411//2411 2391//2391
f 2392//2392 2391//2391 2393//2393
f 2371//2371 2392//2392 2394//2394
f 2416//2416 2415//2415 2393//2393
f 2367//2367 2413//2413 2415//2415
f 2417//2417 2416//2416 2396//2396
f 2362//2362 2395//2395 2417//2417
f 2360//2360 2417//2417 2396//2396
f 2397//2397 2383//2383 2396//2396
f 2398//2398 2357//2357 2397//2397
f 2384//2384 2399//2399 2398//2398
f 2355//2355 2384//2384 2385//2385
f 2385//2385 2401//2401 2386//2386
f 2385//2385 2386//2386 2400//2400
f 2401//2401 2352//2352 2386//2386
f 2401//2401 2403//2403 2402//2402
f 2404//2404 2403//2403 2401//2401
f 2404//2404 2405//2405 2403//2403
f 2406//2406 2404//2404 2387//2387
f 2407//2407 2347//2347 2387//2387
f 2388//2388 2408//2408 2343//2343
f 2381//2381 2409//2409 2389//2389
f 2411//2411 2390//2390 2375//2375
f 2412//2412 2390//2390 2391//2391
f 2391//2391 2392//2392 2372//2372
f 2393//2393 2394//2394 2392//2392
f 2394//2394 2413//2413 2414//2414
f 2413//2413 2394//2394 2393//2393
f 2415//2415 2413//2413 2393//2393
f 2416//2416 2395//2395 2366//2366
f 2416//2416 2366//2366 2415//2415
f 2417//2417 2395//2395 2416//2416
f 2412//2412 2382//2382 2373//2373
f 2391//2391 2382//2382 2412//2412
f 2372//2372 2418//2418 2370//2370
f 2392//2392 2418//2418 2372//2372
f 2369//2369 2370//2370 2418//2418
f 2371//2371 2369//2369 2418//2418
f 2371//2371 2418//2418 2392//2392
f 2371//2371 2419//2419 2369//2369
f 2394//2394 2419//2419 2371//2371
f 2368//2368 2369//2369 2419//2419
f 2414//2414 2419//2419 2394//2394
f 2414//2414 2368//2368 2419//2419
f 2414//2414 2420//2420 2368//2368
f 2413//2413 2420//2420 2414//2414
f 2365//2365 2368//2368 2420//2420
f 2367//2367 2365//2365 2420//2420
f 2367//2367 2420//2420 2413//2413
f 2367//2367 2421//2421 2365//2365
f 2415//2415 2421//2421 2367//2367
f 2364//2364 2365//2365 2421//2421
f 2366//2366 2364//2364 2421//2421
f 2366//2366 2421//2421 2415//2415
f 2366//2366 2422//2422 2364//2364
f 2395//2395 2422//2422 2366//2366
f 2363//2363 2364//2364 2422//2422
f 2362//2362 2363//2363 2422//2422
f 2362//2362 2422//2422 2395//2395
f 2362//2362 2423//2423 2363//2363
f 2417//2417 2423//2423 2362//2362
f 2361//2361 2363//2363 2423//2423
f 2360//2360 2361//2361 2423//2423
f 2360//2360 2423//2423 2417//2417
f 2360//2360 2424//2424 2361//2361
f 2396//2396 2424//2424 2360//2360
f 2359//2359 2361//2361 2424//2424
f 2380//2380 2340//2340 2425//2425
f 2381//2381 2425//2425 2409//2409
f 2381//2381 2380//2380 2425//2425
f 2341//2341 2425//2425 2340//2340
f 2409//2409 2425//2425 2341//2341
f 2426//2426 2408//2408 2407//2407
f 2426//2426 2407//2407 2404//2404
f 2541//2541 2404//2404 2401//2401
f 2541//2541 2426//2426 2404//2404
f 2426//2426 2409//2409 2408//2408
f 2428//2428 2409//2409 2426//2426
f 2428//2428 2410//2410 2409//2409
f 2541//2541 2401//2401 2385//2385
f 2427//2427 2385//2385 2384//2384
f 2427//2427 2541//2541 2385//2385
f 2411//2411 2410//2410 2428//2428
f 2391//2391 2411//2411 2428//2428
f 2398//2398 2427//2427 2384//2384
f 2391//2391 2428//2428 1924//1924
f 2396//2396 2427//2427 2398//2398
f 2393//2393 2391//2391 1924//1924
f 2416//2416 2427//2427 2396//2396
f 2393//2393 2427//2427 2416//2416
f 2393//2393 1924//1924 2427//2427
f 2429//2429 2428//2428 2426//2426
f 1921//1921 2429//2429 2426//2426
f 1931//1931 2441//2441 2536//2536
f 2536//2536 2430//2430 1931//1931
f 2452//2452 2430//2430 2537//2537
f 2542//2542 2452//2452 2537//2537
f 2543//2543 1927//1927 2452//2452
f 1927//1927 2432//2432 2544//2544
f 2544//2544 2433//2433 1927//1927
f 2433//2433 2544//2544 2434//2434
f 2435//2435 2433//2433 2434//2434
f 2545//2545 2542//2542 2538//2538
f 2442//2442 1925//1925 2534//2534
f 1923//1923 2438//2438 2439//2439
f 2440//2440 2546//2546 1923//1923
f 2427//2427 2546//2546 2440//2440
f 1924//1924 2546//2546 2427//2427
f 2429//2429 1924//1924 2428//2428
f 2430//2430 2536//2536 2431//2431
f 2430//2430 2431//2431 2537//2537
f 2436//2436 1928//1928 2545//2545
f 1928//1928 2436//2436 2534//2534
f 2442//2442 2534//2534 2539//2539
f 2437//2437 2442//2442 2539//2539
f 1926//1926 2442//2442 2437//2437
f 1923//1923 2439//2439 2440//2440
f 2452//2452 2542//2542 2543//2543
f 2543//2543 2432//2432 1927//1927
f 2538//2538 2542//2542 2435//2435
f 2542//2542 2545//2545 1928//1928
f 2534//2534 1925//1925 1928//1928
f 2437//2437 2540//2540 1926//1926
f 2540//2540 2538//2538 1926//1926
f 2540//2540 1922//1922 2538//2538
f 2535//2535 1922//1922 2540//2540
f 1922//1922 2535//2535 2438//2438
f 2438//2438 1923//1923 1922//1922
f 2452//2452 2468//2468 2457//2457
f 2446//2446 1935//1935 1934//1934
f 2443//2443 2446//2446 2466//2466
f 2443//2443 2466//2466 1936//1936
f 2459//2459 1936//1936 2466//2466
f 2444//2444 2447//2447 2453//2453
f 2444//2444 2453//2453 2470//2470
f 2445//2445 2471//2471 1933//1933
f 2448//2448 2453//2453 2472//2472
f 2462//2462 2448//2448 2456//2456
f 1930//1930 1931//1931 2450//2450
f 2451//2451 1931//1931 2430//2430
f 2457//2457 2465//2465 2430//2430
f 2469//2469 1927//1927 2441//2441
f 2459//2459 2466//2466 2447//2447
f 2453//2453 2454//2454 2470//2470
f 2454//2454 1932//1932 2461//2461
f 2461//2461 1932//1932 2471//2471
f 2471//2471 1932//1932 1933//1933
f 2445//2445 1933//1933 2472//2472
f 2455//2455 2472//2472 2453//2453
f 2463//2463 2462//2462 2456//2456
f 2456//2456 1929//1929 2463//2463
f 2449//2449 1930//1930 2467//2467
f 2449//2449 1929//1929 1930//1930
f 1930//1930 2450//2450 2467//2467
f 1931//1931 2451//2451 2464//2464
f 2465//2465 2451//2451 2430//2430
f 2457//2457 2430//2430 2452//2452
f 2452//2452 2469//2469 2468//2468
f 2469//2469 2452//2452 1927//1927
f 2455//2455 2445//2445 2472//2472
f 2449//2449 2463//2463 1929//1929
f 2450//2450 1931//1931 2464//2464
f 2458//2458 1935//1935 2446//2446
f 2458//2458 2443//2443 1936//1936
f 1934//1934 2470//2470 2454//2454
f 2445//2445 2466//2466 2471//2471
f 2455//2455 2447//2447 2445//2445
f 1932//1932 2454//2454 2462//2462
f 1933//1933 1932//1932 2449//2449
f 2448//2448 2472//2472 2464//2464
f 2456//2456 2465//2465 2457//2457
f 2468//2468 1929//1929 2457//2457
f 1931//1931 2469//2469 2441//2441
f 2459//2459 2447//2447 2460//2460
f 1934//1934 2460//2460 2470//2470
f 2446//2446 2461//2461 2466//2466
f 2445//2445 2447//2447 2466//2466
f 1932//1932 2462//2462 2463//2463
f 1932//1932 2463//2463 2449//2449
f 2449//2449 2467//2467 1933//1933
f 2472//2472 1933//1933 2467//2467
f 2472//2472 2467//2467 2450//2450
f 2472//2472 2450//2450 2464//2464
f 2464//2464 2451//2451 2448//2448
f 2451//2451 2456//2456 2448//2448
f 2456//2456 2451//2451 2465//2465
f 1929//1929 2456//2456 2457//2457
f 2468//2468 1930//1930 1929//1929
f 1931//1931 1930//1930 2469//2469
f 2443//2443 2458//2458 2446//2446
f 2460//2460 2447//2447 2444//2444
f 2444//2444 2470//2470 2460//2460
f 2461//2461 2446//2446 1934//1934
f 2461//2461 1934//1934 2454//2454
f 2471//2471 2466//2466 2461//2461
f 2447//2447 2455//2455 2453//2453
f 2454//2454 2453//2453 2448//2448
f 2469//2469 1930//1930 2468//2468
f 2462//2462 2454//2454 2448//2448
f 2494//2494 2509//2509 1939//1939
f 2488//2488 2485//2485 2473//2473
f 2486//2486 2485//2485 2488//2488
f 1939//1939 2495//2495 2498//2498
f 2496//2496 1939//1939 2498//2498
f 2477//2477 2489//2489 2490//2490
f 2492//2492 2477//2477 2490//2490
f 2479//2479 2478//2478 2481//2481
f 2479//2479 2481//2481 1935//1935
f 1935//1935 2482//2482 2499//2499
f 2460//2460 2481//2481 2493//2493
f 1934//1934 1935//1935 2481//2481
f 2494//2494 2514//2514 2509//2509
f 2494//2494 1939//1939 2473//2473
f 2494//2494 2473//2473 2483//2483
f 2473//2473 2485//2485 2483//2483
f 1938//1938 2486//2486 2488//2488
f 1938//1938 2498//2498 2495//2495
f 2495//2495 2486//2486 1938//1938
f 2474//2474 2476//2476 2475//2475
f 1937//1937 2475//2475 2476//2476
f 2480//2480 2475//2475 1937//1937
f 2489//2489 1937//1937 2490//2490
f 2497//2497 2492//2492 2478//2478
f 2482//2482 1935//1935 2458//2458
f 2482//2482 2458//2458 2491//2491
f 2491//2491 1936//1936 2459//2459
f 2459//2459 2493//2493 2500//2500
f 1937//1937 2489//2489 2480//2480
f 2497//2497 2477//2477 2492//2492
f 2499//2499 2479//2479 1935//1935
f 2458//2458 1936//1936 2491//2491
f 2459//2459 2500//2500 2491//2491
f 2459//2459 2460//2460 2493//2493
f 2481//2481 2460//2460 1934//1934
f 2483//2483 1942//1942 2494//2494
f 2483//2483 2485//2485 1942//1942
f 2484//2484 1942//1942 2485//2485
f 2487//2487 2484//2484 2485//2485
f 2486//2486 2487//2487 2485//2485
f 2486//2486 2509//2509 2487//2487
f 2475//2475 1938//1938 2488//2488
f 2498//2498 1938//1938 2480//2480
f 2489//2489 2498//2498 2480//2480
f 2498//2498 2489//2489 2477//2477
f 2498//2498 2477//2477 2496//2496
f 2497//2497 2474//2474 2496//2496
f 2476//2476 2474//2474 2478//2478
f 2499//2499 1937//1937 2476//2476
f 1937//1937 2499//2499 2482//2482
f 2490//2490 1937//1937 2482//2482
f 2492//2492 2490//2490 2491//2491
f 2478//2478 2492//2492 2493//2493
f 2481//2481 2478//2478 2493//2493
f 1941//1941 2514//2514 2494//2494
f 1942//1942 1941//1941 2494//2494
f 2495//2495 2509//2509 2486//2486
f 1939//1939 2509//2509 2495//2495
f 2496//2496 2473//2473 1939//1939
f 2474//2474 2475//2475 2488//2488
f 1938//1938 2475//2475 2480//2480
f 2474//2474 2497//2497 2478//2478
f 2482//2482 2491//2491 2490//2490
f 2500//2500 2492//2492 2491//2491
f 2492//2492 2500//2500 2493//2493
f 2474//2474 2473//2473 2496//2496
f 2474//2474 2488//2488 2473//2473
f 2496//2496 2477//2477 2497//2497
f 2476//2476 2478//2478 2479//2479
f 2479//2479 2499//2499 2476//2476
f 1941//1941 2526//2526 2514//2514
f 2512//2512 2527//2527 2519//2519
f 2512//2512 1943//1943 2527//2527
f 2521//2521 1944//1944 2513//2513
f 2506//2506 2530//2530 1940//1940
f 2528//2528 2506//2506 2526//2526
f 2526//2526 1941//1941 2507//2507
f 2529//2529 2507//2507 1941//1941
f 1941//1941 1942//1942 2529//2529
f 2484//2484 2508//2508 1942//1942
f 2487//2487 2524//2524 2484//2484
f 2525//2525 2487//2487 2509//2509
f 2518//2518 1946//1946 2532//2532
f 2522//2522 2510//2510 2515//2515
f 2502//2502 2510//2510 2522//2522
f 2522//2522 2511//2511 2502//2502
f 2511//2511 2522//2522 2523//2523
f 2521//2521 2520//2520 1943//1943
f 2513//2513 2503//2503 2504//2504
f 2504//2504 2503//2503 2530//2530
f 2505//2505 2530//2530 2506//2506
f 2526//2526 2506//2506 1940//1940
f 2526//2526 2507//2507 2528//2528
f 2529//2529 1942//1942 2508//2508
f 2524//2524 2508//2508 2484//2484
f 1946//1946 2518//2518 2501//2501
f 2512//2512 2519//2519 1945//1945
f 1943//1943 2520//2520 2527//2527
f 2521//2521 1943//1943 1944//1944
f 2503//2503 2513//2513 1944//1944
f 2530//2530 2505//2505 2504//2504
f 2525//2525 2524//2524 2487//2487
f 2509//2509 2514//2514 2525//2525
f 2533//2533 2501//2501 2515//2515
f 2516//2516 2531//2531 2510//2510
f 2502//2502 2511//2511 2517//2517
f 2518//2518 2523//2523 1945//1945
f 2515//2515 2519//2519 2527//2527
f 2522//2522 2515//2515 2520//2520
f 2523//2523 2504//2504 1945//1945
f 2506//2506 1943//1943 2512//2512
f 1943//1943 2506//2506 2528//2528
f 2507//2507 1943//1943 2528//2528
f 2529//2529 1944//1944 2507//2507
f 2529//2529 2503//2503 1944//1944
f 1940//1940 2530//2530 2524//2524
f 2525//2525 1940//1940 2524//2524
f 2525//2525 2526//2526 1940//1940
f 2526//2526 2525//2525 2514//2514
f 2533//2533 1946//1946 2501//2501
f 2531//2531 2515//2515 2510//2510
f 2502//2502 2516//2516 2510//2510
f 2516//2516 2502//2502 2517//2517
f 1945//1945 2519//2519 2518//2518
f 2515//2515 2501//2501 2519//2519
f 2520//2520 2515//2515 2527//2527
f 2522//2522 2520//2520 2521//2521
f 2513//2513 2522//2522 2521//2521
f 2522//2522 2513//2513 2523//2523
f 2504//2504 2523//2523 2513//2513
f 1945//1945 2504//2504 2512//2512
f 2505//2505 2512//2512 2504//2504
f 2512//2512 2505//2505 2506//2506
f 1944//1944 1943//1943 2507//2507
f 2529//2529 2508//2508 2503//2503
f 2508//2508 2530//2530 2503//2503
f 2531//2531 2533//2533 2515//2515
f 2518//2518 2511//2511 2523//2523
f 2519//2519 2501//2501 2518//2518
f 2530//2530 2508//2508 2524//2524
f 2511//2511 2518//2518 2517//2517
f 2532//2532 2531//2531 2517//2517
f 2532//2532 2533//2533 2531//2531
f 2532//2532 1946//1946 2533//2533
f 2536//2536 2441//2441 1927//1927
f 2543//2543 1928//1928 2432//2432
f 2544//2544 2442//2442 2434//2434
f 2435//2435 2434//2434 1926//1926
f 2538//2538 2435//2435 1926//1926
f 2545//2545 2538//2538 1922//1922
f 2545//2545 1922//1922 2436//2436
f 2436//2436 1923//1923 2534//2534
f 2437//2437 2546//2546 2540//2540
f 1924//1924 2540//2540 2546//2546
f 2540//2540 2429//2429 2535//2535
f 1921//1921 2535//2535 2429//2429
f 2438//2438 2541//2541 2439//2439
f 2440//2440 2439//2439 2541//2541
f 2440//2440 2541//2541 2427//2427
f 2536//2536 1927//1927 2433//2433
f 2536//2536 2433//2433 2431//2431
f 2433//2433 2435//2435 2431//2431
f 2435//2435 2537//2537 2431//2431
f 2537//2537 2435//2435 2542//2542
f 2543//2543 2542//2542 1928//1928
f 2432//2432 1925//1925 2544//2544
f 2432//2432 1928//1928 1925//1925
f 2544//2544 1925//1925 2442//2442
f 2442//2442 1926//1926 2434//2434
f 2436//2436 1922//1922 1923//1923
f 1923//1923 2539//2539 2534//2534
f 2546//2546 2539//2539 1923//1923
f 2546//2546 2437//2437 2539//2539
f 2540//2540 1924//1924 2429//2429
f 1921//1921 2438//2438 2535//2535
f 2438//2438 1921//1921 2541//2541
f 2516//2516 2517//2517 2531//2531
f 2518//2518 2532//2532 2517//2517
f 2383//2383 2424//2424 2396//2396
f 2383//2383 2359//2359 2424//2424
f 2383//2383 2547//2547 2359//2359
f 2397//2397 2547//2547 2383//2383
f 2358//2358 2359//2359 2547//2547
f 2357//2357 2547//2547 2397//2397
f 2357//2357 2358//2358 2547//2547
f 2357//2357 2548//2548 2358//2358
f 2398//2398 2548//2548 2357//2357
f 2356//2356 2358//2358 2548//2548
f 2399//2399 2548//2548 2398//2398
f 2399//2399 2356//2356 2548//2548
f 2399//2399 2549//2549 2356//2356
f 2384//2384 2549//2549 2399//2399
f 2354//2354 2356//2356 2549//2549
f 2355//2355 2549//2549 2384//2384
f 2355//2355 2354//2354 2549//2549
f 2355//2355 2550//2550 2354//2354
f 2385//2385 2550//2550 2355//2355
f 2353//2353 2354//2354 2550//2550
f 2400//2400 2550//2550 2385//2385
f 2400//2400 2353//2353 2550//2550
f 2400//2400 2551//2551 2353//2353
f 2386//2386 2551//2551 2400//2400
f 2351//2351 2353//2353 2551//2551
f 2352//2352 2551//2551 2386//2386
f 2352//2352 2351//2351 2551//2551
f 2352//2352 2552//2552 2351//2351
f 2401//2401 2552//2552 2352//2352
f 2350//2350 2351//2351 2552//2552
f 2402//2402 2552//2552 2401//2401
f 2402//2402 2350//2350 2552//2552
f 2402//2402 2553//2553 2350//2350
f 2403//2403 2553//2553 2402//2402
f 2349//2349 2350//2350 2553//2553
f 2405//2405 2553//2553 2403//2403
f 2405//2405 2349//2349 2553//2553
f 2405//2405 2554//2554 2349//2349
f 2404//2404 2554//2554 2405//2405
f 2348//2348 2349//2349 2554//2554
f 2406//2406 2554//2554 2404//2404
f 2406//2406 2348//2348 2554//2554
f 2406//2406 2555//2555 2348//2348
f 2387//2387 2555//2555 2406//2406
f 2346//2346 2348//2348 2555//2555
f 2347//2347 2346//2346 2555//2555
f 2347//2347 2555//2555 2387//2387
f 2347//2347 2556//2556 2346//2346
f 2407//2407 2556//2556 2347//2347
f 2344//2344 2346//2346 2556//2556
f 2345//2345 2344//2344 2556//2556
f 2345//2345 2556//2556 2407//2407
f 2345//2345 2557//2557 2344//2344
f 2388//2388 2557//2557 2345//2345
f 2342//2342 2344//2344 2557//2557
f 2343//2343 2342//2342 2557//2557
f 2343//2343 2557//2557 2388//2388
f 2343//2343 2558//2558 2342//2342
f 2408//2408 2558//2558 2343//2343
f 2340//2340 2342//2342 2558//2558
f 2341//2341 2340//2340 2558//2558
f 2341//2341 2558//2558 2408//2408
f 2381//2381 2559//2559 2380//2380
f 2389//2389 2559//2559 2381//2381
f 2378//2378 2380//2380 2559//2559
f 2379//2379 2378//2378 2559//2559
f 2379//2379 2559//2559 2389//2389
f 2379//2379 2560//2560 2378//2378
f 2410//2410 2560//2560 2379//2379
f 2376//2376 2378//2378 2560//2560
f 2377//2377 2376//2376 2560//2560
f 2377//2377 2560//2560 2410//2410
f 2377//2377 2561//2561 2376//2376
f 2411//2411 2561//2561 2377//2377
f 2374//2374 2376//2376 2561//2561
f 2375//2375 2561//2561 2411//2411
f 2375//2375 2374//2374 2561//2561
f 2375//2375 2562//2562 2374//2374
f 2390//2390 2562//2562 2375//2375
f 2373//2373 2374//2374 2562//2562
f 2412//2412 2562//2562 2390//2390
f 2412//2412 2373//2373 2562//2562
f 2065//2065 2563//2563 2582//2582
f 2061//2061 2563//2563 2065//2065
f 2046//2046 2563//2563 2061//2061
f 2046//2046 2564//2564 2563//2563
f 2043//2043 2564//2564 2046//2046
f 2043//2043 2565//2565 2564//2564
f 2018//2018 2565//2565 2043//2043
f 2018//2018 2566//2566 2565//2565
f 2010//2010 2566//2566 2018//2018
f 1997//1997 2567//2567 2566//2566
f 1997//1997 2566//2566 2010//2010
f 1985//1985 2567//2567 1997//1997
f 1985//1985 2568//2568 2567//2567
f 1977//1977 2568//2568 1985//1985
f 1977//1977 2569//2569 2568//2568
f 1970//1970 2569//2569 1977//1977
f 1970//1970 2570//2570 2569//2569
f 1975//1975 2570//2570 1970//1970
f 1975//1975 2571//2571 2570//2570
f 1986//1986 2571//2571 1975//1975
f 2000//2000 2571//2571 1986//1986
f 2000//2000 2572//2572 2571//2571
f 2007//2007 2572//2572 2000//2000
f 2007//2007 2573//2573 2572//2572
f 2023//2023 2573//2573 2007//2007
f 2049//2049 2573//2573 2023//2023
f 2049//2049 2574//2574 2573//2573
f 2050//2050 2574//2574 2049//2049
f 2050//2050 2575//2575 2574//2574
f 2067//2067 2575//2575 2050//2050
f 2076//2076 2575//2575 2067//2067
f 2076//2076 2576//2576 2575//2575
f 2078//2078 2576//2576 2076//2076
f 2078//2078 2577//2577 2576//2576
f 2096//2096 2577//2577 2078//2078
f 2096//2096 2578//2578 2577//2577
f 2108//2108 2578//2578 2096//2096
f 2108//2108 2579//2579 2578//2578
f 2113//2113 2579//2579 2108//2108
f 2111//2111 2579//2579 2113//2113
f 2111//2111 2580//2580 2579//2579
f 2098//2098 2580//2580 2111//2111
f 2098//2098 2581//2581 2580//2580
f 2082//2082 2581//2581 2098//2098
f 2082//2082 2582//2582 2581//2581
f 2065//2065 2582//2582 2082//2082
f 2583//2583 2568//2568 2569//2569
f 2583//2583 2569//2569 2570//2570
f 2591//2591 2568//2568 2583//2583
f 2583//2583 2570//2570 2571//2571
f 2591//2591 2567//2567 2568//2568
f 2584//2584 2583//2583 2571//2571
f 2586//2586 2567//2567 2591//2591
f 2584//2584 2571//2571 2572//2572
f 2586//2586 2566//2566 2567//2567
f 2585//2585 2584//2584 2572//2572
f 2586//2586 2565//2565 2566//2566
f 2585//2585 2572//2572 2573//2573
f 2587//2587 2585//2585 2573//2573
f 2588//2588 2565//2565 2586//2586
f 2588//2588 2564//2564 2565//2565
f 2574//2574 2587//2587 2573//2573
f 2574//2574 2592//2592 2587//2587
f 2563//2563 2564//2564 2588//2588
f 2575//2575 2592//2592 2574//2574
f 2576//2576 2592//2592 2575//2575
f 2563//2563 2588//2588 2589//2589
f 2582//2582 2563//2563 2589//2589
f 2577//2577 2592//2592 2576//2576
f 2577//2577 2593//2593 2592//2592
f 2581//2581 2582//2582 2589//2589
f 2581//2581 2589//2589 2590//2590
f 2578//2578 2593//2593 2577//2577
f 2580//2580 2581//2581 2590//2590
f 2579//2579 2580//2580 2590//2590
f 2579//2579 2593//2593 2578//2578
f 2579//2579 2590//2590 2593//2593
f 2605//2605 2587//2587 2592//2592
f 2594//2594 2595//2595 2588//2588
f 2595//2595 2589//2589 2588//2588
f 2594//2594 2588//2588 2586//2586
f 2597//2597 2594//2594 2586//2586
f 2596//2596 2589//2589 2595//2595
f 2598//2598 2597//2597 2586//2586
f 2598//2598 2586//2586 2591//2591
f 2596//2596 2590//2590 2589//2589
f 2600//2600 2590//2590 2596//2596
f 2599//2599 2598//2598 2591//2591
f 2583//2583 2599//2599 2591//2591
f 2601//2601 2599//2599 2583//2583
f 2600//2600 2593//2593 2590//2590
f 2602//2602 2593//2593 2600//2600
f 2583//2583 2604//2604 2601//2601
f 2603//2603 2593//2593 2602//2602
f 2584//2584 2604//2604 2583//2583
f 2592//2592 2593//2593 2603//2603
f 2592//2592 2603//2603 2605//2605
f 2584//2584 2606//2606 2604//2604
f 2585//2585 2607//2607 2606//2606
f 2585//2585 2606//2606 2584//2584
f 2587//2587 2605//2605 2608//2608
f 2587//2587 2607//2607 2585//2585
f 2587//2587 2608//2608 2607//2607
f 2618//2618 2598//2598 2599//2599
f 2609//2609 2618//2618 2599//2599
f 2609//2609 2599//2599 2601//2601
f 2610//2610 2609//2609 2601//2601
f 2610//2610 2601//2601 2604//2604
f 2620//2620 2604//2604 2606//2606
f 2620//2620 2610//2610 2604//2604
f 2611//2611 2620//2620 2606//2606
f 2611//2611 2606//2606 2607//2607
f 2619//2619 2611//2611 2607//2607
f 2619//2619 2607//2607 2608//2608
f 2612//2612 2619//2619 2608//2608
f 2612//2612 2608//2608 2605//2605
f 2612//2612 2605//2605 2603//2603
f 2613//2613 2612//2612 2603//2603
f 2613//2613 2603//2603 2602//2602
f 2614//2614 2602//2602 2600//2600
f 2614//2614 2613//2613 2602//2602
f 2615//2615 2614//2614 2600//2600
f 2615//2615 2600//2600 2596//2596
f 2616//2616 2615//2615 2596//2596
f 2616//2616 2596//2596 2595//2595
f 2616//2616 2595//2595 2594//2594
f 2617//2617 2616//2616 2594//2594
f 2617//2617 2594//2594 2597//2597
f 2617//2617 2597//2597 2598//2598
f 2618//2618 2617//2617 2598//2598
f 2629//2629 2609//2609 2610//2610
f 2629//2629 2618//2618 2609//2609
f 2628//2628 2618//2618 2629//2629
f 2629//2629 2610//2610 2620//2620
f 2630//2630 2629//2629 2620//2620
f 2630//2630 2620//2620 2611//2611
f 2628//2628 2617//2617 2618//2618
f 2622//2622 2630//2630 2611//2611
f 2622//2622 2611//2611 2619//2619
f 2627//2627 2617//2617 2628//2628
f 2627//2627 2616//2616 2617//2617
f 2619//2619 2623//2623 2622//2622
f 2615//2615 2616//2616 2627//2627
f 2612//2612 2623//2623 2619//2619
f 2615//2615 2627//2627 2621//2621
f 2614//2614 2615//2615 2621//2621
f 2613//2613 2623//2623 2612//2612
f 2613//2613 2621//2621 2623//2623
f 2614//2614 2621//2621 2613//2613
f 2621//2621 2625//2625 2624//2624
f 2621//2621 2624//2624 2623//2623
f 2621//2621 2626//2626 2625//2625
f 2627//2627 2626//2626 2621//2621
f 2628//2628 2631//2631 2639//2639
f 2628//2628 2632//2632 2631//2631
f 2629//2629 2632//2632 2628//2628
f 2629//2629 2633//2633 2632//2632
f 2630//2630 2633//2633 2629//2629
f 2622//2622 2633//2633 2630//2630
f 2622//2622 2634//2634 2633//2633
f 2622//2622 2635//2635 2634//2634
f 2623//2623 2635//2635 2622//2622
f 2623//2623 2636//2636 2635//2635
f 2624//2624 2636//2636 2623//2623
f 2625//2625 2636//2636 2624//2624
f 2625//2625 2637//2637 2636//2636
f 2626//2626 2637//2637 2625//2625
f 2626//2626 2638//2638 2637//2637
f 2627//2627 2638//2638 2626//2626
f 2627//2627 2639//2639 2638//2638
f 2628//2628 2639//2639 2627//2627
f 2638//2638 2639//2639 2631//2631
f 2638//2638 2632//2632 2633//2633
f 2638//2638 2631//2631 2632//2632
f 2638//2638 2633//2633 2634//2634
f 2637//2637 2638//2638 2634//2634
f 2637//2637 2635//2635 2636//2636
f 2637//2637 2634//2634 2635//2635
f 2646//2646 2645//2645 2640//2640
f 2641//2641 2646//2646 2640//2640
f 2641//2641 2640//2640 2642//2642
f 2641//2641 2642//2642 2644//2644
f 2643//2643 2641//2641 2644//2644
f 2647//2647 2643//2643 2644//2644
f 2647//2647 2644//2644 2645//2645
f 2646//2646 2647//2647 2645//2645
f 2641//2641 2643//2643 2646//2646
f 2646//2646 2643//2643 2647//2647
f 2682//2682 2649//2649 2648//2648
f 2650//2650 2682//2682 2648//2648
f 2650//2650 2652//2652 2682//2682
f 2653//2653 2649//2649 2652//2652
f 2651//2651 2649//2649 2653//2653
f 2651//2651 2648//2648 2649//2649
f 2655//2655 2653//2653 2652//2652
f 2655//2655 2652//2652 2650//2650
f 2644//2644 2651//2651 2645//2645
f 2645//2645 2651//2651 2654//2654
f 2640//2640 2645//2645 2654//2654
f 2640//2640 2654//2654 2655//2655
f 2656//2656 2648//2648 2651//2651
f 2656//2656 2644//2644 2642//2642
f 2656//2656 2651//2651 2644//2644
f 2657//2657 2655//2655 2650//2650
f 2657//2657 2656//2656 2642//2642
f 2657//2657 2640//2640 2655//2655
f 2657//2657 2642//2642 2640//2640
f 2658//2658 2650//2650 2648//2648
f 2658//2658 2659//2659 2650//2650
f 2659//2659 2657//2657 2650//2650
f 2659//2659 2660//2660 2657//2657
f 2660//2660 2656//2656 2657//2657
f 2660//2660 2661//2661 2656//2656
f 2661//2661 2648//2648 2656//2656
f 2661//2661 2658//2658 2648//2648
f 2662//2662 2661//2661 2660//2660
f 2662//2662 2660//2660 2663//2663
f 2659//2659 2664//2664 2663//2663
f 2659//2659 2663//2663 2660//2660
f 2665//2665 2659//2659 2658//2658
f 2665//2665 2658//2658 2661//2661
f 2665//2665 2661//2661 2662//2662
f 2665//2665 2664//2664 2659//2659
f 2666//2666 2667//2667 2668//2668
f 2664//2664 2667//2667 2666//2666
f 2669//2669 2670//2670 2671//2671
f 2663//2663 2666//2666 2670//2670
f 2663//2663 2664//2664 2666//2666
f 2663//2663 2670//2670 2669//2669
f 2670//2670 2666//2666 2672//2672
f 2670//2670 2672//2672 2673//2673
f 2671//2671 2673//2673 2674//2674
f 2671//2671 2670//2670 2673//2673
f 2674//2674 2669//2669 2671//2671
f 2674//2674 2675//2675 2669//2669
f 2662//2662 2669//2669 2675//2675
f 2662//2662 2663//2663 2669//2669
f 2673//2673 2675//2675 2674//2674
f 2662//2662 2675//2675 2673//2673
f 2676//2676 2672//2672 2677//2677
f 2665//2665 2673//2673 2672//2672
f 2665//2665 2662//2662 2673//2673
f 2665//2665 2672//2672 2676//2676
f 2664//2664 2676//2676 2667//2667
f 2664//2664 2665//2665 2676//2676
f 2676//2676 2668//2668 2667//2667
f 2676//2676 2677//2677 2668//2668
f 2677//2677 2666//2666 2668//2668
f 2677//2677 2672//2672 2666//2666
f 2678//2678 2653//2653 2655//2655
f 2679//2679 2678//2678 2655//2655
f 2679//2679 2655//2655 2654//2654
f 2680//2680 2679//2679 2654//2654
f 2680//2680 2654//2654 2651//2651
f 2680//2680 2651//2651 2653//2653
f 2678//2678 2680//2680 2653//2653
f 2680//2680 2678//2678 2679//2679
f 2681//2681 2682//2682 2652//2652
f 2683//2683 2681//2681 2652//2652
f 2683//2683 2652//2652 2649//2649
f 2684//2684 2683//2683 2649//2649
f 2684//2684 2649//2649 2682//2682
f 2681//2681 2684//2684 2682//2682
f 2683//2683 2684//2684 2681//2681
f 2686//2686 2687//2687 2685//2685
f 2690//2690 2686//2686 2685//2685
f 2688//2688 2690//2690 2685//2685
f 2689//2689 2688//2688 2685//2685
f 2689//2689 2685//2685 2687//2687
f 2691//2691 2689//2689 2687//2687
f 2691//2691 2687//2687 2686//2686
f 2690//2690 2691//2691 2686//2686
f 2691//2691 2688//2688 2689//2689
f 2691//2691 2690//2690 2688//2688
f 2692//2692 2695//2695 2694//2694
f 2692//2692 2694//2694 2693//2693
f 2697//2697 2696//2696 2694//2694
f 2697//2697 2694//2694 2695//2695
f 2698//2698 2697//2697 2695//2695
f 2698//2698 2695//2695 2692//2692
f 2699//2699 2698//2698 2692//2692
f 2699//2699 2692//2692 2693//2693
f 2699//2699 2693//2693 2694//2694
f 2696//2696 2699//2699 2694//2694
f 2698//2698 2699//2699 2696//2696
f 2698//2698 2696//2696 2697//2697
f 2700//2700 2702//2702 2701//2701
f 2706//2706 2701//2701 2702//2702
f 2703//2703 2706//2706 2702//2702
f 2704//2704 2703//2703 2702//2702
f 2704//2704 2702//2702 2700//2700
f 2705//2705 2704//2704 2700//2700
f 2705//2705 2700//2700 2701//2701
f 2706//2706 2705//2705 2701//2701
f 2706//2706 2704//2704 2705//2705
f 2706//2706 2703//2703 2704//2704
f 2708//2708 2711//2711 2712//2712
f 2708//2708 2712//2712 2707//2707
f 2708//2708 2707//2707 2709//2709
f 2713//2713 2708//2708 2709//2709
f 2713//2713 2709//2709 2710//2710
f 2711//2711 2713//2713 2710//2710
f 2711//2711 2710//2710 2712//2712
f 2713//2713 2711//2711 2708//2708
f 2717//2717 2714//2714 2715//2715
f 2719//2719 2715//2715 2714//2714
f 2716//2716 2719//2719 2714//2714
f 2720//2720 2718//2718 2717//2717
f 2718//2718 2714//2714 2717//2717
f 2720//2720 2717//2717 2719//2719
f 2720//2720 2719//2719 2716//2716
f 2712//2712 2718//2718 2721//2721
f 2710//2710 2718//2718 2712//2712
f 2707//2707 2712//2712 2721//2721
f 2707//2707 2721//2721 2720//2720
f 2722//2722 2714//2714 2718//2718
f 2722//2722 2710//2710 2709//2709
f 2722//2722 2718//2718 2710//2710
f 2723//2723 2720//2720 2716//2716
f 2723//2723 2722//2722 2709//2709
f 2723//2723 2707//2707 2720//2720
f 2723//2723 2709//2709 2707//2707
f 2724//2724 2716//2716 2714//2714
f 2724//2724 2725//2725 2716//2716
f 2725//2725 2723//2723 2716//2716
f 2725//2725 2726//2726 2723//2723
f 2726//2726 2722//2722 2723//2723
f 2726//2726 2727//2727 2722//2722
f 2727//2727 2714//2714 2722//2722
f 2727//2727 2724//2724 2714//2714
f 2728//2728 2727//2727 2726//2726
f 2728//2728 2726//2726 2729//2729
f 2725//2725 2730//2730 2729//2729
f 2725//2725 2729//2729 2726//2726
f 2731//2731 2725//2725 2724//2724
f 2731//2731 2724//2724 2727//2727
f 2731//2731 2727//2727 2728//2728
f 2731//2731 2730//2730 2725//2725
f 2732//2732 2733//2733 2734//2734
f 2730//2730 2733//2733 2732//2732
f 2735//2735 2736//2736 2737//2737
f 2729//2729 2732//2732 2736//2736
f 2729//2729 2730//2730 2732//2732
f 2729//2729 2736//2736 2735//2735
f 2736//2736 2732//2732 2738//2738
f 2736//2736 2738//2738 2739//2739
f 2737//2737 2739//2739 2740//2740
f 2737//2737 2736//2736 2739//2739
f 2740//2740 2735//2735 2737//2737
f 2740//2740 2741//2741 2735//2735
f 2728//2728 2735//2735 2741//2741
f 2728//2728 2729//2729 2735//2735
f 2739//2739 2741//2741 2740//2740
f 2728//2728 2741//2741 2739//2739
f 2742//2742 2738//2738 2743//2743
f 2731//2731 2739//2739 2738//2738
f 2731//2731 2728//2728 2739//2739
f 2731//2731 2738//2738 2742//2742
f 2730//2730 2742//2742 2733//2733
f 2730//2730 2731//2731 2742//2742
f 2742//2742 2734//2734 2733//2733
f 2742//2742 2743//2743 2734//2734
f 2743//2743 2732//2732 2734//2734
f 2743//2743 2738//2738 2732//2732
f 2745//2745 2746//2746 2720//2720
f 2745//2745 2720//2720 2721//2721
f 2744//2744 2745//2745 2721//2721
f 2744//2744 2721//2721 2718//2718
f 2746//2746 2744//2744 2718//2718
f 2746//2746 2718//2718 2720//2720
f 2746//2746 2745//2745 2744//2744
f 2748//2748 2715//2715 2719//2719
f 2749//2749 2748//2748 2719//2719
f 2749//2749 2719//2719 2717//2717
f 2747//2747 2749//2749 2717//2717
f 2747//2747 2717//2717 2715//2715
f 2748//2748 2747//2747 2715//2715
f 2747//2747 2748//2748 2749//2749
f 2753//2753 2750//2750 2751//2751
f 2753//2753 2752//2752 2750//2750
f 2754//2754 2757//2757 2750//2750
f 2754//2754 2750//2750 2752//2752
f 2755//2755 2754//2754 2752//2752
f 2758//2758 2752//2752 2753//2753
f 2758//2758 2755//2755 2752//2752
f 2758//2758 2753//2753 2751//2751
f 2756//2756 2758//2758 2751//2751
f 2757//2757 2756//2756 2751//2751
f 2757//2757 2751//2751 2750//2750
f 2754//2754 2755//2755 2757//2757
f 2755//2755 2756//2756 2757//2757
f 2758//2758 2756//2756 2755//2755
f 2759//2759 2761//2761 2760//2760
f 2762//2762 2761//2761 2759//2759
f 2763//2763 2762//2762 2759//2759
f 2763//2763 2759//2759 2760//2760
f 2764//2764 2763//2763 2760//2760
f 2764//2764 2760//2760 2761//2761
f 2762//2762 2764//2764 2761//2761
f 2762//2762 2763//2763 2764//2764
f 2766//2766 2768//2768 2767//2767
f 2766//2766 2765//2765 2768//2768
f 2769//2769 2767//2767 2768//2768
f 2769//2769 2768//2768 2765//2765
f 2770//2770 2769//2769 2765//2765
f 2770//2770 2765//2765 2766//2766
f 2771//2771 2766//2766 2767//2767
f 2769//2769 2771//2771 2767//2767
f 2771//2771 2770//2770 2766//2766
f 2771//2771 2769//2769 2770//2770
f 2773//2773 2772//2772 2775//2775
f 2774//2774 2772//2772 2773//2773
f 2777//2777 2775//2775 2772//2772
f 2777//2777 2772//2772 2776//2776
f 2794//2794 2777//2777 2776//2776
f 2778//2778 2780//2780 2779//2779
f 2778//2778 2774//2774 2780//2780
f 2778//2778 2772//2772 2774//2774
f 2778//2778 2779//2779 2783//2783
f 2781//2781 2794//2794 2776//2776
f 2787//2787 2782//2782 2778//2778
f 2787//2787 2778//2778 2783//2783
f 2784//2784 2778//2778 2782//2782
f 2784//2784 2782//2782 2785//2785
f 2784//2784 2785//2785 2790//2790
f 2789//2789 2787//2787 2786//2786
f 2789//2789 2790//2790 2787//2787
f 2786//2786 2787//2787 2783//2783
f 2786//2786 2783//2783 2788//2788
f 2789//2789 2784//2784 2790//2790
f 2791//2791 2784//2784 2789//2789
f 2792//2792 2793//2793 2781//2781
f 2793//2793 2794//2794 2781//2781
f 2800//2800 2781//2781 2795//2795
f 2800//2800 2792//2792 2781//2781
f 2804//2804 2794//2794 2793//2793
f 2804//2804 2788//2788 2794//2794
f 2797//2797 2796//2796 2786//2786
f 2798//2798 2797//2797 2786//2786
f 2798//2798 2786//2786 2788//2788
f 2798//2798 2788//2788 2804//2804
f 2801//2801 2799//2799 2796//2796
f 2801//2801 2796//2796 2797//2797
f 2815//2815 2799//2799 2801//2801
f 2802//2802 2800//2800 2795//2795
f 2815//2815 2791//2791 2799//2799
f 2815//2815 2784//2784 2791//2791
f 2819//2819 2802//2802 2795//2795
f 2808//2808 2805//2805 2803//2803
f 2803//2803 2805//2805 2798//2798
f 2803//2803 2798//2798 2804//2804
f 2803//2803 2804//2804 2807//2807
f 2806//2806 2803//2803 2807//2807
f 2809//2809 2805//2805 2808//2808
f 2809//2809 2815//2815 2805//2805
f 2811//2811 2810//2810 2806//2806
f 2811//2811 2806//2806 2807//2807
f 2811//2811 2807//2807 2818//2818
f 2810//2810 2809//2809 2806//2806
f 2812//2812 2809//2809 2810//2810
f 2813//2813 2812//2812 2814//2814
f 2813//2813 2784//2784 2815//2815
f 2813//2813 2809//2809 2812//2812
f 2813//2813 2815//2815 2809//2809
f 2816//2816 2811//2811 2818//2818
f 2816//2816 2813//2813 2814//2814
f 2816//2816 2817//2817 2819//2819
f 2816//2816 2818//2818 2817//2817
f 2816//2816 2814//2814 2811//2811
f 2816//2816 2819//2819 2795//2795
f 2778//2778 2784//2784 2820//2820
f 2778//2778 2820//2820 2821//2821
f 2821//2821 2822//2822 2772//2772
f 2821//2821 2772//2772 2778//2778
f 2776//2776 2772//2772 2822//2822
f 2776//2776 2822//2822 2823//2823
f 2823//2823 2824//2824 2781//2781
f 2823//2823 2781//2781 2776//2776
f 2795//2795 2781//2781 2824//2824
f 2795//2795 2824//2824 2825//2825
f 2825//2825 2826//2826 2816//2816
f 2825//2825 2816//2816 2795//2795
f 2813//2813 2816//2816 2826//2826
f 2813//2813 2826//2826 2827//2827
f 2827//2827 2820//2820 2784//2784
f 2827//2827 2784//2784 2813//2813
f 2832//2832 2828//2828 2822//2822
f 2829//2829 2822//2822 2828//2828
f 2829//2829 2823//2823 2822//2822
f 2830//2830 2823//2823 2829//2829
f 2821//2821 2834//2834 2831//2831
f 2821//2821 2832//2832 2822//2822
f 2821//2821 2831//2831 2832//2832
f 2833//2833 2830//2830 2829//2829
f 2833//2833 2829//2829 2834//2834
f 2835//2835 2823//2823 2830//2830
f 2824//2824 2823//2823 2835//2835
f 2836//2836 2834//2834 2821//2821
f 2837//2837 2836//2836 2821//2821
f 2836//2836 2833//2833 2834//2834
f 2820//2820 2837//2837 2821//2821
f 2820//2820 2840//2840 2837//2837
f 2838//2838 2836//2836 2839//2839
f 2838//2838 2833//2833 2836//2836
f 2841//2841 2838//2838 2839//2839
f 2841//2841 2839//2839 2840//2840
f 2841//2841 2840//2840 2820//2820
f 2842//2842 2841//2841 2820//2820
f 2843//2843 2824//2824 2835//2835
f 2848//2848 2843//2843 2835//2835
f 2851//2851 2824//2824 2843//2843
f 2851//2851 2825//2825 2824//2824
f 2844//2844 2833//2833 2838//2838
f 2844//2844 2838//2838 2847//2847
f 2848//2848 2835//2835 2845//2845
f 2846//2846 2833//2833 2844//2844
f 2846//2846 2845//2845 2833//2833
f 2849//2849 2844//2844 2847//2847
f 2849//2849 2847//2847 2850//2850
f 2857//2857 2848//2848 2845//2845
f 2849//2849 2850//2850 2842//2842
f 2855//2855 2842//2842 2820//2820
f 2855//2855 2849//2849 2842//2842
f 2852//2852 2825//2825 2851//2851
f 2853//2853 2845//2845 2846//2846
f 2854//2854 2845//2845 2853//2853
f 2853//2853 2846//2846 2855//2855
f 2859//2859 2853//2853 2855//2855
f 2862//2862 2856//2856 2854//2854
f 2856//2856 2845//2845 2854//2854
f 2858//2858 2845//2845 2856//2856
f 2858//2858 2857//2857 2845//2845
f 2862//2862 2854//2854 2859//2859
f 2826//2826 2857//2857 2858//2858
f 2826//2826 2858//2858 2860//2860
f 2826//2826 2861//2861 2857//2857
f 2826//2826 2852//2852 2861//2861
f 2827//2827 2859//2859 2855//2855
f 2827//2827 2855//2855 2820//2820
f 2827//2827 2860//2860 2862//2862
f 2827//2827 2826//2826 2860//2860
f 2827//2827 2862//2862 2859//2859
f 2826//2826 2825//2825 2852//2852
f 2833//2833 2845//2845 2863//2863
f 2833//2833 2863//2863 2864//2864
f 2845//2845 2835//2835 2865//2865
f 2845//2845 2865//2865 2863//2863
f 2865//2865 2866//2866 2864//2864
f 2865//2865 2864//2864 2863//2863
f 2830//2830 2833//2833 2864//2864
f 2830//2830 2864//2864 2866//2866
f 2835//2835 2830//2830 2866//2866
f 2835//2835 2866//2866 2865//2865
f 2851//2851 2792//2792 2800//2800
f 2843//2843 2792//2792 2851//2851
f 2843//2843 2793//2793 2792//2792
f 2848//2848 2793//2793 2843//2843
f 2848//2848 2804//2804 2793//2793
f 2848//2848 2807//2807 2804//2804
f 2857//2857 2807//2807 2848//2848
f 2857//2857 2818//2818 2807//2807
f 2861//2861 2818//2818 2857//2857
f 2861//2861 2817//2817 2818//2818
f 2852//2852 2817//2817 2861//2861
f 2852//2852 2819//2819 2817//2817
f 2852//2852 2802//2802 2819//2819
f 2851//2851 2802//2802 2852//2852
f 2851//2851 2800//2800 2802//2802
f 2828//2828 2775//2775 2829//2829
f 2828//2828 2773//2773 2775//2775
f 2832//2832 2773//2773 2828//2828
f 2832//2832 2774//2774 2773//2773
f 2832//2832 2780//2780 2774//2774
f 2831//2831 2780//2780 2832//2832
f 2831//2831 2779//2779 2780//2780
f 2831//2831 2783//2783 2779//2779
f 2834//2834 2783//2783 2831//2831
f 2834//2834 2788//2788 2783//2783
f 2829//2829 2788//2788 2834//2834
f 2829//2829 2794//2794 2788//2788
f 2829//2829 2777//2777 2794//2794
f 2829//2829 2775//2775 2777//2777
f 2815//2815 2849//2849 2855//2855
f 2801//2801 2849//2849 2815//2815
f 2801//2801 2844//2844 2849//2849
f 2797//2797 2844//2844 2801//2801
f 2798//2798 2844//2844 2797//2797
f 2798//2798 2846//2846 2844//2844
f 2805//2805 2846//2846 2798//2798
f 2805//2805 2855//2855 2846//2846
f 2815//2815 2855//2855 2805//2805
f 2809//2809 2853//2853 2859//2859
f 2808//2808 2853//2853 2809//2809
f 2803//2803 2853//2853 2808//2808
f 2803//2803 2854//2854 2853//2853
f 2806//2806 2854//2854 2803//2803
f 2806//2806 2859//2859 2854//2854
f 2809//2809 2859//2859 2806//2806
f 2812//2812 2862//2862 2860//2860
f 2810//2810 2862//2862 2812//2812
f 2810//2810 2856//2856 2862//2862
f 2811//2811 2856//2856 2810//2810
f 2811//2811 2858//2858 2856//2856
f 2814//2814 2858//2858 2811//2811
f 2814//2814 2860//2860 2858//2858
f 2812//2812 2860//2860 2814//2814
f 2791//2791 2841//2841 2842//2842
f 2789//2789 2841//2841 2791//2791
f 2789//2789 2838//2838 2841//2841
f 2786//2786 2838//2838 2789//2789
f 2786//2786 2847//2847 2838//2838
f 2796//2796 2847//2847 2786//2786
f 2799//2799 2847//2847 2796//2796
f 2799//2799 2850//2850 2847//2847
f 2799//2799 2842//2842 2850//2850
f 2791//2791 2842//2842 2799//2799
f 2785//2785 2837//2837 2840//2840
f 2782//2782 2837//2837 2785//2785
f 2782//2782 2836//2836 2837//2837
f 2787//2787 2836//2836 2782//2782
f 2787//2787 2839//2839 2836//2836
f 2790//2790 2839//2839 2787//2787
f 2790//2790 2840//2840 2839//2839
f 2785//2785 2840//2840 2790//2790
f 2868//2868 3343//3343 2872//2872
f 2868//2868 3333//3333 3343//3343
f 3333//3333 3349//3349 3343//3343
f 3333//3333 3338//3338 3349//3349
f 2869//2869 3338//3338 3333//3333
f 2869//2869 2871//2871 3338//3338
f 2872//2872 2874//2874 2870//2870
f 3344//3344 3338//3338 2871//2871
f 2874//2874 3342//3342 3344//3344
f 2874//2874 3336//3336 3342//3342
f 2873//2873 2875//2875 3347//3347
f 3349//3349 2875//2875 2873//2873
f 3338//3338 2875//2875 3349//3349
f 3340//3340 2875//2875 3338//3338
f 2875//2875 3337//3337 2876//2876
f 3340//3340 3337//3337 2875//2875
f 3340//3340 3341//3341 3337//3337
f 2873//2873 3347//3347 3348//3348
f 3319//3319 3329//3329 2878//2878
f 3208//3208 3320//3320 3331//3331
f 2877//2877 3320//3320 3208//3208
f 3330//3330 3320//3320 2877//2877
f 2878//2878 2883//2883 3318//3318
f 3329//3329 2880//2880 2878//2878
f 3316//3316 2880//2880 3329//3329
f 3316//3316 2882//2882 2880//2880
f 3331//3331 2882//2882 3316//3316
f 3317//3317 2882//2882 3331//3331
f 3320//3320 3318//3318 3317//3317
f 3330//3330 3318//3318 3320//3320
f 3330//3330 2878//2878 3318//3318
f 3319//3319 2878//2878 3330//3330
f 3325//3325 2879//2879 2883//2883
f 3326//3326 2879//2879 3325//3325
f 3318//3318 2883//2883 2881//2881
f 2882//2882 2885//2885 3324//3324
f 2881//2881 2885//2885 2882//2882
f 2881//2881 3321//3321 2885//2885
f 2883//2883 3321//3321 2881//2881
f 2887//2887 2885//2885 3321//3321
f 3327//3327 2887//2887 3321//3321
f 2887//2887 2886//2886 3328//3328
f 2887//2887 2888//2888 2886//2886
f 3322//3322 3028//3028 2888//2888
f 2889//2889 3313//3313 2892//2892
f 3314//3314 3310//3310 3313//3313
f 3314//3314 2890//2890 3310//3310
f 2891//2891 3312//3312 2890//2890
f 2891//2891 3213//3213 3312//3312
f 2889//2889 2892//2892 3213//3213
f 3315//3315 2893//2893 3312//3312
f 2895//2895 3300//3300 2894//2894
f 2895//2895 2896//2896 3300//3300
f 3315//3315 2898//2898 2893//2893
f 2892//2892 2898//2898 3315//3315
f 2892//2892 3311//3311 2898//2898
f 3300//3300 3309//3309 3301//3301
f 3300//3300 3307//3307 3309//3309
f 2897//2897 2900//2900 3307//3307
f 2897//2897 3304//3304 2900//2900
f 3303//3303 3304//3304 2897//2897
f 2898//2898 2894//2894 3303//3303
f 2900//2900 2901//2901 3308//3308
f 3304//3304 2901//2901 2900//2900
f 2904//2904 3286//3286 2903//2903
f 2907//2907 2908//2908 2905//2905
f 3286//3286 2907//2907 2905//2905
f 2904//2904 3297//3297 3286//3286
f 2904//2904 3298//3298 3297//3297
f 3299//3299 2906//2906 3298//3298
f 3291//3291 2909//2909 2907//2907
f 2906//2906 2910//2910 3296//3296
f 3288//3288 2910//2910 2906//2906
f 2905//2905 2908//2908 3288//3288
f 2907//2907 2914//2914 2908//2908
f 2909//2909 2914//2914 2907//2907
f 2910//2910 2912//2912 3289//3289
f 2914//2914 2913//2913 2908//2908
f 2917//2917 2918//2918 2916//2916
f 3293//3293 2918//2918 2917//2917
f 3293//3293 2919//2919 2918//2918
f 2920//2920 3270//3270 2926//2926
f 2922//2922 3268//3268 3271//3271
f 2926//2926 3268//3268 2922//2922
f 2920//2920 2926//2926 2922//2922
f 3279//3279 2930//2930 2929//2929
f 3279//3279 2932//2932 2930//2930
f 2931//2931 2932//2932 3279//3279
f 2931//2931 3280//3280 2932//2932
f 3283//3283 3051//3051 2933//2933
f 2929//2929 3051//3051 3283//3283
f 2929//2929 3276//3276 3051//3051
f 2930//2930 3276//3276 2929//2929
f 2930//2930 3277//3277 3276//3276
f 2932//2932 3277//3277 2930//2930
f 2935//2935 3251//3251 3254//3254
f 3255//3255 3263//3263 2937//2937
f 3263//3263 3260//3260 3265//3265
f 3262//3262 3260//3260 3263//3263
f 3262//3262 2938//2938 3260//3260
f 3262//3262 3261//3261 2938//2938
f 2937//2937 3263//3263 3266//3266
f 3266//3266 3259//3259 2940//2940
f 3266//3266 3263//3263 3259//3259
f 3267//3267 3053//3053 3265//3265
f 3257//3257 3053//3053 3267//3267
f 2939//2939 3256//3256 3257//3257
f 3259//3259 3258//3258 3256//3256
f 2942//2942 3235//3235 3236//3236
f 2942//2942 3232//3232 3235//3235
f 2943//2943 3232//3232 2942//2942
f 3233//3233 3231//3231 3204//3204
f 3201//3201 3236//3236 3233//3233
f 3232//3232 3247//3247 3235//3235
f 2943//2943 3247//3247 3232//3232
f 2943//2943 2947//2947 3247//3247
f 3234//3234 2947//2947 2943//2943
f 3234//3234 2944//2944 2947//2947
f 3235//3235 2948//2948 3236//3236
f 3247//3247 3246//3246 2946//2946
f 2947//2947 3246//3246 3247//3247
f 2948//2948 3242//3242 3241//3241
f 2948//2948 3235//3235 3242//3242
f 3241//3241 3245//3245 3249//3249
f 3249//3249 3244//3244 3238//3238
f 3245//3245 3244//3244 3249//3249
f 3222//3222 3221//3221 3200//3200
f 2952//2952 3222//3222 3200//3200
f 2953//2953 3220//3220 3221//3221
f 3218//3218 2953//2953 3221//3221
f 2950//2950 3218//3218 3222//3222
f 3227//3227 3226//3226 2955//2955
f 3230//3230 3227//3227 2955//2955
f 2958//2958 3227//3227 3230//3230
f 2953//2953 2959//2959 2958//2958
f 2954//2954 2959//2959 2953//2953
f 3218//3218 2955//2955 2954//2954
f 2956//2956 3224//3224 3227//3227
f 2957//2957 2956//2956 3227//3227
f 2959//2959 3228//3228 2958//2958
f 2959//2959 2960//2960 3228//3228
f 2954//2954 2960//2960 2959//2959
f 2954//2954 3226//3226 2960//2960
f 2955//2955 3226//3226 2954//2954
f 3223//3223 2956//2956 2957//2957
f 3224//3224 3226//3226 3227//3227
f 3224//3224 2961//2961 3229//3229
f 2963//2963 2962//2962 2964//2964
f 2965//2965 2964//2964 2966//2966
f 2965//2965 2963//2963 2964//2964
f 2967//2967 2966//2966 2968//2968
f 2967//2967 2965//2965 2966//2966
f 2969//2969 2967//2967 2968//2968
f 2969//2969 2968//2968 2970//2970
f 2971//2971 2969//2969 2970//2970
f 2971//2971 2970//2970 2972//2972
f 2973//2973 2971//2971 2972//2972
f 2973//2973 2972//2972 2975//2975
f 2974//2974 2973//2973 2975//2975
f 2974//2974 2975//2975 2977//2977
f 2976//2976 2974//2974 2977//2977
f 2976//2976 2977//2977 2979//2979
f 2978//2978 2976//2976 2979//2979
f 2980//2980 2978//2978 2979//2979
f 2980//2980 2979//2979 2981//2981
f 2982//2982 2981//2981 2983//2983
f 2982//2982 2980//2980 2981//2981
f 2984//2984 2982//2982 2983//2983
f 2984//2984 2983//2983 2985//2985
f 2986//2986 2985//2985 2987//2987
f 2986//2986 2984//2984 2985//2985
f 2988//2988 2986//2986 2987//2987
f 2988//2988 2987//2987 2989//2989
f 2988//2988 2989//2989 2991//2991
f 2990//2990 2988//2988 2991//2991
f 2992//2992 2991//2991 2993//2993
f 2992//2992 2990//2990 2991//2991
f 2994//2994 2993//2993 2995//2995
f 2994//2994 2992//2992 2993//2993
f 2996//2996 2995//2995 2997//2997
f 2996//2996 2994//2994 2995//2995
f 2996//2996 2997//2997 2999//2999
f 2998//2998 2996//2996 2999//2999
f 3000//3000 2999//2999 3001//3001
f 3000//3000 2998//2998 2999//2999
f 3003//3003 3000//3000 3001//3001
f 3003//3003 3001//3001 3002//3002
f 3003//3003 3002//3002 3004//3004
f 3005//3005 3003//3003 3004//3004
f 3005//3005 3004//3004 3006//3006
f 3007//3007 3005//3005 3006//3006
f 3007//3007 3006//3006 3009//3009
f 3008//3008 3007//3007 3009//3009
f 3008//3008 3009//3009 3010//3010
f 3018//3018 3010//3010 3011//3011
f 3018//3018 3008//3008 3010//3010
f 3012//3012 3018//3018 3011//3011
f 3012//3012 3011//3011 3013//3013
f 3014//3014 3012//3012 3013//3013
f 3014//3014 3013//3013 3015//3015
f 3016//3016 3014//3014 3015//3015
f 3016//3016 3015//3015 2962//2962
f 2963//2963 3016//3016 2962//2962
f 3016//3016 2963//2963 3026//3026
f 3017//3017 3016//3016 3026//3026
f 3014//3014 3016//3016 3017//3017
f 3012//3012 3014//3014 3017//3017
f 3018//3018 3012//3012 3017//3017
f 3008//3008 3018//3018 3019//3019
f 3007//3007 3008//3008 3019//3019
f 3020//3020 3007//3007 3019//3019
f 3005//3005 3007//3007 3020//3020
f 3003//3003 3005//3005 3020//3020
f 3021//3021 3003//3003 3020//3020
f 3000//3000 3003//3003 3021//3021
f 2998//2998 3000//3000 3021//3021
f 2996//2996 2998//2998 3021//3021
f 3022//3022 2994//2994 2996//2996
f 2992//2992 2994//2994 3022//3022
f 2990//2990 2992//2992 3022//3022
f 3049//3049 2990//2990 3022//3022
f 2988//2988 2990//2990 3049//3049
f 2888//2888 3024//3024 3023//3023
f 3028//3028 3024//3024 2888//2888
f 2886//2886 2888//2888 3023//3023
f 2886//2886 3023//3023 3027//3027
f 3339//3339 3346//3346 3026//3026
f 3029//3029 3025//3025 3027//3027
f 3339//3339 3026//3026 3024//3024
f 3339//3339 3024//3024 3028//3028
f 3025//3025 2886//2886 3027//3027
f 3025//3025 3032//3032 2886//2886
f 3029//3029 3027//3027 2978//2978
f 3030//3030 3026//3026 3346//3346
f 3034//3034 3032//3032 3025//3025
f 3030//3030 3017//3017 3026//3026
f 3339//3339 3028//3028 3032//3032
f 2902//2902 3029//3029 2978//2978
f 3036//3036 2902//2902 2978//2978
f 3033//3033 3031//3031 3032//3032
f 3031//3031 3339//3339 3032//3032
f 3033//3033 3032//3032 3034//3034
f 3035//3035 3339//3339 3031//3031
f 3035//3035 3335//3335 3339//3339
f 3038//3038 3033//3033 3034//3034
f 3035//3035 3037//3037 3335//3335
f 2918//2918 2902//2902 3036//3036
f 3229//3229 3017//3017 3030//3030
f 3229//3229 2961//2961 3017//3017
f 2919//2919 2902//2902 2918//2918
f 3229//3229 3030//3030 3037//3037
f 2961//2961 3018//3018 3017//3017
f 2918//2918 3036//3036 3041//3041
f 3040//3040 3018//3018 2961//2961
f 2919//2919 3034//3034 2902//2902
f 2919//2919 3038//3038 3034//3034
f 3229//3229 3037//3037 3035//3035
f 2919//2919 3039//3039 3038//3038
f 2916//2916 2918//2918 3041//3041
f 3039//3039 2919//2919 2915//2915
f 3043//3043 3229//3229 3035//3035
f 3019//3019 3018//3018 3040//3040
f 3043//3043 3042//3042 3229//3229
f 3019//3019 3040//3040 3042//3042
f 3049//3049 2916//2916 3041//3041
f 3049//3049 2915//2915 2916//2916
f 3278//3278 3039//3039 2915//2915
f 3248//3248 3042//3042 3043//3043
f 3239//3239 3248//3248 3043//3043
f 3278//3278 3044//3044 3039//3039
f 3047//3047 3278//3278 2915//2915
f 3047//3047 2915//2915 3049//3049
f 3248//3248 3019//3019 3042//3042
f 3274//3274 3044//3044 3278//3278
f 3052//3052 3043//3043 3045//3045
f 3052//3052 3239//3239 3043//3043
f 3019//3019 3248//3248 3046//3046
f 3020//3020 3019//3019 3046//3046
f 3264//3264 3048//3048 3044//3044
f 3264//3264 3045//3045 3048//3048
f 3050//3050 3264//3264 3044//3044
f 3264//3264 3052//3052 3045//3045
f 3050//3050 3044//3044 3274//3274
f 3053//3053 3052//3052 3264//3264
f 3049//3049 3051//3051 3047//3047
f 3022//3022 3051//3051 3049//3049
f 3020//3020 3046//3046 3052//3052
f 3022//3022 3274//3274 3051//3051
f 3021//3021 3052//3052 3053//3053
f 3021//3021 3020//3020 3052//3052
f 3022//3022 3050//3050 3274//3274
f 2996//2996 3050//3050 3022//3022
f 3021//3021 3053//3053 3054//3054
f 2996//2996 3054//3054 3050//3050
f 3021//3021 3054//3054 2996//2996
f 2986//2986 2988//2988 3049//3049
f 3041//3041 2986//2986 3049//3049
f 2984//2984 2986//2986 3041//3041
f 2982//2982 2984//2984 3041//3041
f 3036//3036 2982//2982 3041//3041
f 2980//2980 2982//2982 3036//3036
f 2978//2978 2980//2980 3036//3036
f 3027//3027 2976//2976 2978//2978
f 2974//2974 2976//2976 3027//3027
f 2973//2973 2974//2974 3027//3027
f 3023//3023 2973//2973 3027//3027
f 2971//2971 2973//2973 3023//3023
f 2969//2969 2971//2971 3023//3023
f 3024//3024 2969//2969 3023//3023
f 2967//2967 2969//2969 3024//3024
f 2965//2965 2967//2967 3024//3024
f 3026//3026 2965//2965 3024//3024
f 2963//2963 2965//2965 3026//3026
f 3048//3048 3055//3055 3044//3044
f 3048//3048 3056//3056 3055//3055
f 3045//3045 3056//3056 3048//3048
f 3045//3045 3057//3057 3056//3056
f 3043//3043 3057//3057 3045//3045
f 3043//3043 3058//3058 3057//3057
f 3035//3035 3058//3058 3043//3043
f 3035//3035 3059//3059 3058//3058
f 3031//3031 3059//3059 3035//3035
f 3031//3031 3060//3060 3059//3059
f 3033//3033 3060//3060 3031//3031
f 3033//3033 3061//3061 3060//3060
f 3038//3038 3061//3061 3033//3033
f 3038//3038 3062//3062 3061//3061
f 3039//3039 3062//3062 3038//3038
f 3039//3039 3063//3063 3062//3062
f 3044//3044 3063//3063 3039//3039
f 3044//3044 3055//3055 3063//3063
f 3064//3064 3055//3055 3056//3056
f 3064//3064 3056//3056 3057//3057
f 3066//3066 3064//3064 3057//3057
f 3065//3065 3055//3055 3064//3064
f 3066//3066 3057//3057 3058//3058
f 3065//3065 3063//3063 3055//3055
f 3068//3068 3066//3066 3058//3058
f 3067//3067 3063//3063 3065//3065
f 3067//3067 3062//3062 3063//3063
f 3059//3059 3068//3068 3058//3058
f 3059//3059 3069//3069 3068//3068
f 3061//3061 3062//3062 3067//3067
f 3060//3060 3069//3069 3059//3059
f 3060//3060 3061//3061 3067//3067
f 3060//3060 3067//3067 3069//3069
f 3064//3064 3070//3070 3065//3065
f 3064//3064 3071//3071 3070//3070
f 3066//3066 3072//3072 3071//3071
f 3066//3066 3071//3071 3064//3064
f 3068//3068 3072//3072 3066//3066
f 3068//3068 3073//3073 3072//3072
f 3068//3068 3074//3074 3073//3073
f 3069//3069 3074//3074 3068//3068
f 3069//3069 3075//3075 3074//3074
f 3067//3067 3076//3076 3075//3075
f 3067//3067 3075//3075 3069//3069
f 3067//3067 3077//3077 3076//3076
f 3065//3065 3077//3077 3067//3067
f 3065//3065 3070//3070 3077//3077
f 3084//3084 3079//3079 3083//3083
f 3085//3085 3081//3081 3080//3080
f 3086//3086 3083//3083 3078//3078
f 3088//3088 3081//3081 3085//3085
f 3089//3089 3086//3086 3082//3082
f 3098//3098 3087//3087 3088//3088
f 3092//3092 3089//3089 3090//3090
f 3093//3093 3091//3091 3098//3098
f 3073//3073 3084//3084 3083//3083
f 3073//3073 3083//3083 3086//3086
f 3074//3074 3084//3084 3073//3073
f 3074//3074 3085//3085 3084//3084
f 3100//3100 3093//3093 3098//3098
f 3074//3074 3088//3088 3085//3085
f 3073//3073 3086//3086 3089//3089
f 3072//3072 3073//3073 3089//3089
f 3099//3099 3092//3092 3094//3094
f 3074//3074 3098//3098 3088//3088
f 3072//3072 3089//3089 3092//3092
f 3075//3075 3098//3098 3074//3074
f 3097//3097 3099//3099 3095//3095
f 3075//3075 3100//3100 3098//3098
f 3072//3072 3092//3092 3099//3099
f 3104//3104 3096//3096 3100//3100
f 3105//3105 3099//3099 3097//3097
f 3071//3071 3072//3072 3099//3099
f 3075//3075 3104//3104 3100//3100
f 3071//3071 3099//3099 3105//3105
f 3107//3107 3102//3102 3101//3101
f 3107//3107 3104//3104 3075//3075
f 3107//3107 3101//3101 3104//3104
f 3106//3106 3071//3071 3105//3105
f 3106//3106 3105//3105 3103//3103
f 3109//3109 3108//3108 3107//3107
f 3111//3111 3107//3107 3075//3075
f 3111//3111 3109//3109 3107//3107
f 3111//3111 3075//3075 3076//3076
f 3112//3112 3071//3071 3106//3106
f 3112//3112 3070//3070 3071//3071
f 3112//3112 3106//3106 3110//3110
f 3115//3115 3113//3113 3111//3111
f 3115//3115 3111//3111 3076//3076
f 3114//3114 3070//3070 3112//3112
f 3116//3116 3070//3070 3114//3114
f 3118//3118 3115//3115 3076//3076
f 3119//3119 3070//3070 3116//3116
f 3117//3117 3119//3119 3116//3116
f 3120//3120 3122//3122 3118//3118
f 3120//3120 3118//3118 3076//3076
f 3121//3121 3070//3070 3119//3119
f 3123//3123 3121//3121 3119//3119
f 3124//3124 3120//3120 3076//3076
f 3124//3124 3076//3076 3077//3077
f 3125//3125 3077//3077 3070//3070
f 3125//3125 3070//3070 3121//3121
f 3126//3126 3124//3124 3077//3077
f 3131//3131 3126//3126 3077//3077
f 3129//3129 3125//3125 3121//3121
f 3127//3127 3077//3077 3125//3125
f 3127//3127 3131//3131 3077//3077
f 3128//3128 3120//3120 3124//3124
f 3132//3132 3127//3127 3125//3125
f 3130//3130 3124//3124 3126//3126
f 3133//3133 3131//3131 3127//3127
f 3133//3133 3134//3134 3131//3131
f 3135//3135 3115//3115 3158//3158
f 3135//3135 3158//3158 3136//3136
f 3135//3135 3113//3113 3115//3115
f 3136//3136 3113//3113 3135//3135
f 3138//3138 3176//3176 3140//3140
f 3137//3137 3138//3138 3140//3140
f 3139//3139 3176//3176 3138//3138
f 3141//3141 3137//3137 3140//3140
f 3139//3139 3142//3142 3176//3176
f 3377//3377 3142//3142 3139//3139
f 3378//3378 3142//3142 3377//3377
f 3143//3143 3141//3141 3140//3140
f 3143//3143 3140//3140 3147//3147
f 3144//3144 3142//3142 3378//3378
f 3145//3145 3142//3142 3144//3144
f 3145//3145 3179//3179 3142//3142
f 3146//3146 3143//3143 3147//3147
f 3149//3149 3179//3179 3145//3145
f 3148//3148 3146//3146 3147//3147
f 3150//3150 3148//3148 3147//3147
f 3151//3151 3179//3179 3149//3149
f 3153//3153 3150//3150 3147//3147
f 3151//3151 3154//3154 3179//3179
f 3152//3152 3154//3154 3151//3151
f 3153//3153 3147//3147 3156//3156
f 3366//3366 3153//3153 3156//3156
f 3155//3155 3154//3154 3152//3152
f 3383//3383 3154//3154 3155//3155
f 3154//3154 3383//3383 3136//3136
f 3156//3156 3364//3364 3366//3366
f 3157//3157 3154//3154 3136//3136
f 3157//3157 3136//3136 3158//3158
f 3156//3156 3365//3365 3364//3364
f 3161//3161 3365//3365 3156//3156
f 3157//3157 3158//3158 3351//3351
f 3157//3157 3351//3351 3159//3159
f 3161//3161 3160//3160 3365//3365
f 3161//3161 3362//3362 3160//3160
f 3164//3164 3157//3157 3159//3159
f 3164//3164 3159//3159 3352//3352
f 3161//3161 3162//3162 3362//3362
f 3164//3164 3352//3352 3163//3163
f 3166//3166 3162//3162 3161//3161
f 3166//3166 3165//3165 3162//3162
f 3166//3166 3164//3164 3163//3163
f 3166//3166 3163//3163 3356//3356
f 3166//3166 3358//3358 3165//3165
f 3166//3166 3356//3356 3358//3358
f 3168//3168 3167//3167 3157//3157
f 3168//3168 3157//3157 3164//3164
f 3169//3169 3168//3168 3164//3164
f 3169//3169 3164//3164 3166//3166
f 3170//3170 3166//3166 3161//3161
f 3171//3171 3170//3170 3161//3161
f 3171//3171 3161//3161 3156//3156
f 3172//3172 3171//3171 3156//3156
f 3172//3172 3156//3156 3147//3147
f 3173//3173 3172//3172 3147//3147
f 3174//3174 3173//3173 3147//3147
f 3174//3174 3147//3147 3140//3140
f 3175//3175 3174//3174 3140//3140
f 3176//3176 3175//3175 3140//3140
f 3177//3177 3176//3176 3142//3142
f 3178//3178 3177//3177 3142//3142
f 3178//3178 3142//3142 3179//3179
f 3180//3180 3179//3179 3154//3154
f 3181//3181 3180//3180 3154//3154
f 3181//3181 3154//3154 3157//3157
f 3167//3167 3181//3181 3157//3157
f 3177//3177 3178//3178 3182//3182
f 3177//3177 3182//3182 3183//3183
f 3176//3176 3177//3177 3183//3183
f 3175//3175 3176//3176 3183//3183
f 3175//3175 3183//3183 3184//3184
f 3174//3174 3175//3175 3184//3184
f 3174//3174 3184//3184 3185//3185
f 3173//3173 3174//3174 3185//3185
f 3173//3173 3185//3185 3186//3186
f 3172//3172 3173//3173 3186//3186
f 3172//3172 3186//3186 3187//3187
f 3171//3171 3172//3172 3187//3187
f 3171//3171 3187//3187 3188//3188
f 3170//3170 3171//3171 3188//3188
f 3170//3170 3188//3188 3189//3189
f 3166//3166 3170//3170 3189//3189
f 3166//3166 3189//3189 3190//3190
f 3169//3169 3166//3166 3190//3190
f 3169//3169 3190//3190 3191//3191
f 3168//3168 3169//3169 3191//3191
f 3168//3168 3191//3191 3192//3192
f 3167//3167 3168//3168 3192//3192
f 3167//3167 3192//3192 3193//3193
f 3181//3181 3167//3167 3193//3193
f 3180//3180 3181//3181 3193//3193
f 3180//3180 3193//3193 3194//3194
f 3179//3179 3180//3180 3194//3194
f 3178//3178 3179//3179 3194//3194
f 3178//3178 3194//3194 3182//3182
f 2949//2949 2952//2952 3196//3196
f 2952//2952 3195//3195 3196//3196
f 3219//3219 2949//2949 3196//3196
f 3219//3219 3196//3196 3197//3197
f 3200//3200 3195//3195 2952//2952
f 3334//3334 2868//2868 3198//3198
f 2941//2941 3201//3201 3006//3006
f 3334//3334 3198//3198 3195//3195
f 2941//2941 3006//3006 3002//3002
f 3201//3201 3197//3197 3006//3006
f 2868//2868 3199//3199 3198//3198
f 3203//3203 3334//3334 3195//3195
f 3203//3203 3195//3195 3200//3200
f 3201//3201 3219//3219 3197//3197
f 2867//2867 3199//3199 2868//2868
f 2941//2941 3002//3002 3206//3206
f 3202//3202 2941//2941 3206//3206
f 3183//3183 3200//3200 3219//3219
f 3184//3184 3183//3183 3219//3219
f 3183//3183 3203//3203 3200//3200
f 3184//3184 3219//3219 3201//3201
f 3182//3182 3203//3203 3183//3183
f 3184//3184 3201//3201 3204//3204
f 3185//3185 3184//3184 3204//3204
f 3194//3194 3203//3203 3182//3182
f 3185//3185 3204//3204 3202//3202
f 3194//3194 2867//2867 3203//3203
f 3329//3329 3199//3199 2867//2867
f 3329//3329 3205//3205 3199//3199
f 3252//3252 3202//3202 3206//3206
f 2877//2877 3205//3205 3329//3329
f 2934//2934 3252//3252 3206//3206
f 3252//3252 3185//3185 3202//3202
f 3329//3329 2867//2867 3194//3194
f 3252//3252 3186//3186 3185//3185
f 3316//3316 3329//3329 3194//3194
f 3316//3316 3194//3194 3193//3193
f 3253//3253 3186//3186 3252//3252
f 3207//3207 3205//3205 2877//2877
f 3209//3209 2934//2934 3206//3206
f 3187//3187 3186//3186 3253//3253
f 3193//3193 3208//3208 3316//3316
f 3207//3207 2877//2877 3208//3208
f 3209//3209 3210//3210 2934//2934
f 3211//3211 3207//3207 3208//3208
f 3212//3212 3210//3210 3209//3209
f 2891//2891 3193//3193 3192//3192
f 2922//2922 3187//3187 3253//3253
f 2891//2891 3208//3208 3193//3193
f 2922//2922 3188//3188 3187//3187
f 2922//2922 3253//3253 3210//3210
f 3213//3213 2891//2891 3192//3192
f 2920//2920 2922//2922 3210//3210
f 2920//2920 3210//3210 3212//3212
f 2891//2891 3211//3211 3208//3208
f 3314//3314 3211//3211 2891//2891
f 3213//3213 3192//3192 3191//3191
f 3214//3214 3188//3188 2922//2922
f 3214//3214 3189//3189 3188//3188
f 2977//2977 3211//3211 3314//3314
f 2977//2977 3314//3314 2889//2889
f 2903//2903 3190//3190 3189//3189
f 3212//3212 2921//2921 2920//2920
f 2904//2904 2903//2903 3189//3189
f 2903//2903 3191//3191 3190//3190
f 3284//3284 3191//3191 2903//2903
f 3284//3284 3213//3213 3191//3191
f 2904//2904 3189//3189 3214//3214
f 3216//3216 2921//2921 3212//3212
f 3215//3215 2977//2977 2889//2889
f 3216//3216 3214//3214 2921//2921
f 3215//3215 2889//2889 3213//3213
f 3216//3216 2904//2904 3214//3214
f 3215//3215 3213//3213 3284//3284
f 3217//3217 3215//3215 3284//3284
f 2985//2985 2904//2904 3216//3216
f 3217//3217 3284//3284 3298//3298
f 2985//2985 3298//3298 2904//2904
f 2985//2985 3217//3217 3298//3298
f 3004//3004 3002//3002 3006//3006
f 3009//3009 3006//3006 3197//3197
f 3010//3010 3009//3009 3197//3197
f 3010//3010 3197//3197 3196//3196
f 3011//3011 3010//3010 3196//3196
f 3013//3013 3011//3011 3196//3196
f 3013//3013 3196//3196 3195//3195
f 3015//3015 3013//3013 3195//3195
f 3015//3015 3195//3195 3198//3198
f 2962//2962 3015//3015 3198//3198
f 2962//2962 3198//3198 3199//3199
f 2964//2964 2962//2962 3199//3199
f 2966//2966 2964//2964 3199//3199
f 2966//2966 3199//3199 3205//3205
f 2968//2968 2966//2966 3205//3205
f 2970//2970 2968//2968 3205//3205
f 2970//2970 3205//3205 3207//3207
f 2972//2972 2970//2970 3207//3207
f 2972//2972 3207//3207 3211//3211
f 2975//2975 2972//2972 3211//3211
f 2975//2975 3211//3211 2977//2977
f 3215//3215 2979//2979 2977//2977
f 2981//2981 2979//2979 3215//3215
f 3217//3217 2981//2981 3215//3215
f 2983//2983 2981//2981 3217//3217
f 2985//2985 2983//2983 3217//3217
f 2987//2987 2985//2985 3216//3216
f 2989//2989 2987//2987 3216//3216
f 3212//3212 2989//2989 3216//3216
f 2991//2991 2989//2989 3212//3212
f 2993//2993 2991//2991 3212//3212
f 3209//3209 2993//2993 3212//3212
f 2995//2995 2993//2993 3209//3209
f 2997//2997 2995//2995 3209//3209
f 3206//3206 2997//2997 3209//3209
f 2999//2999 2997//2997 3206//3206
f 3001//3001 2999//2999 3206//3206
f 3002//3002 3001//3001 3206//3206
f 2951//2951 3220//3220 3230//3230
f 2951//2951 3230//3230 2950//2950
f 2949//2949 2950//2950 2952//2952
f 3222//3222 2952//2952 2950//2950
f 2951//2951 2949//2949 3219//3219
f 2950//2950 3230//3230 2955//2955
f 3219//3219 3220//3220 2951//2951
f 3220//3220 2953//2953 2958//2958
f 2953//2953 3218//3218 2954//2954
f 3218//3218 2950//2950 2955//2955
f 3218//3218 3221//3221 3222//3222
f 2951//2951 2950//2950 2949//2949
f 3219//3219 3221//3221 3220//3220
f 3219//3219 3200//3200 3221//3221
f 3220//3220 2958//2958 3230//3230
f 3225//3225 3226//3226 3224//3224
f 2961//2961 3224//3224 2956//2956
f 2957//2957 3227//3227 2958//2958
f 3223//3223 2957//2957 2958//2958
f 2960//2960 3225//3225 3228//3228
f 3226//3226 3225//3225 2960//2960
f 2958//2958 3228//3228 3223//3223
f 2956//2956 3040//3040 2961//2961
f 2956//2956 3042//3042 3040//3040
f 3223//3223 3042//3042 2956//2956
f 3228//3228 3042//3042 3223//3223
f 3228//3228 3229//3229 3042//3042
f 3225//3225 3229//3229 3228//3228
f 3225//3225 3224//3224 3229//3229
f 2943//2943 2942//2942 3201//3201
f 2943//2943 3201//3201 2941//2941
f 3236//3236 3201//3201 2942//2942
f 3234//3234 2941//2941 3202//3202
f 3233//3233 3204//3204 3201//3201
f 3233//3233 3236//3236 2948//2948
f 3202//3202 3231//3231 3234//3234
f 2944//2944 2948//2948 3241//3241
f 3231//3231 2944//2944 3234//3234
f 2943//2943 2941//2941 3234//3234
f 2947//2947 2944//2944 3241//3241
f 3233//3233 2948//2948 2944//2944
f 3204//3204 3231//3231 3202//3202
f 2944//2944 3231//3231 3233//3233
f 3240//3240 3239//3239 3237//3237
f 3238//3238 3246//3246 3249//3249
f 3241//3241 3242//3242 3245//3245
f 3246//3246 2947//2947 3249//3249
f 2947//2947 3241//3241 3249//3249
f 3243//3243 3046//3046 3248//3248
f 3238//3238 3046//3046 3243//3243
f 3244//3244 3046//3046 3238//3238
f 3244//3244 3052//3052 3046//3046
f 3237//3237 3052//3052 3244//3244
f 3237//3237 3239//3239 3052//3052
f 3240//3240 2945//2945 2946//2946
f 3245//3245 3242//3242 2945//2945
f 3243//3243 3248//3248 3240//3240
f 3245//3245 3237//3237 3244//3244
f 3248//3248 3239//3239 3240//3240
f 3246//3246 3243//3243 2946//2946
f 3246//3246 3238//3238 3243//3243
f 2946//2946 3243//3243 3240//3240
f 3237//3237 2945//2945 3240//3240
f 3235//3235 2945//2945 3242//3242
f 3235//3235 2946//2946 2945//2945
f 3235//3235 3247//3247 2946//2946
f 3245//3245 2945//2945 3237//3237
f 3254//3254 3251//3251 2936//2936
f 3253//3253 2937//2937 2935//2935
f 3250//3250 3254//3254 2936//2936
f 3253//3253 3252//3252 2937//2937
f 2934//2934 3254//3254 3250//3250
f 3254//3254 2934//2934 3210//3210
f 2934//2934 3250//3250 3252//3252
f 2935//2935 3210//3210 3253//3253
f 3255//3255 3252//3252 3250//3250
f 2935//2935 3254//3254 3210//3210
f 3255//3255 3250//3250 2936//2936
f 2937//2937 3252//3252 3255//3255
f 3251//3251 2935//2935 3266//3266
f 3266//3266 2935//2935 2937//2937
f 3260//3260 2938//2938 3267//3267
f 2939//2939 2938//2938 3261//3261
f 2939//2939 2940//2940 3256//3256
f 3267//3267 3265//3265 3260//3260
f 2939//2939 3261//3261 2940//2940
f 3259//3259 3256//3256 2940//2940
f 3263//3263 3265//3265 3259//3259
f 3264//3264 3258//3258 3265//3265
f 3264//3264 3265//3265 3053//3053
f 3262//3262 3255//3255 2936//2936
f 3261//3261 2936//2936 3251//3251
f 3251//3251 2940//2940 3261//3261
f 3262//3262 3263//3263 3255//3255
f 2936//2936 3261//3261 3262//3262
f 3265//3265 3258//3258 3259//3259
f 2938//2938 3257//3257 3267//3267
f 2940//2940 3251//3251 3266//3266
f 2938//2938 2939//2939 3257//3257
f 3257//3257 3054//3054 3053//3053
f 3256//3256 3054//3054 3257//3257
f 3256//3256 3050//3050 3054//3054
f 3258//3258 3050//3050 3256//3256
f 3258//3258 3264//3264 3050//3050
f 2921//2921 3270//3270 2920//2920
f 2926//2926 3269//3269 2923//2923
f 2928//2928 2924//2924 2925//2925
f 2925//2925 3275//3275 2928//2928
f 3275//3275 2925//2925 3268//3268
f 2926//2926 3275//3275 3268//3268
f 3275//3275 2926//2926 2923//2923
f 3272//3272 3269//3269 3270//3270
f 3270//3270 3269//3269 2926//2926
f 3271//3271 3268//3268 2925//2925
f 3272//3272 2921//2921 3214//3214
f 3272//3272 3270//3270 2921//2921
f 3271//3271 3214//3214 2922//2922
f 3272//3272 2924//2924 3269//3269
f 3271//3271 2924//2924 3272//3272
f 2925//2925 2924//2924 3271//3271
f 3214//3214 3271//3271 3272//3272
f 3278//3278 3277//3277 3273//3273
f 3273//3273 3277//3277 2932//2932
f 2923//2923 3282//3282 3275//3275
f 2924//2924 2927//2927 3269//3269
f 3274//3274 3273//3273 2933//2933
f 3051//3051 3274//3274 2933//2933
f 3269//3269 2927//2927 3282//3282
f 2923//2923 3269//3269 3282//3282
f 3274//3274 3278//3278 3273//3273
f 3273//3273 2932//2932 3280//3280
f 2928//2928 3279//3279 3281//3281
f 2931//2931 3279//3279 2928//2928
f 2928//2928 3275//3275 2931//2931
f 3276//3276 3047//3047 3051//3051
f 3277//3277 3047//3047 3276//3276
f 3277//3277 3278//3278 3047//3047
f 3282//3282 3283//3283 2933//2933
f 2929//2929 2927//2927 3281//3281
f 2924//2924 2928//2928 3281//3281
f 3281//3281 3279//3279 2929//2929
f 3275//3275 3280//3280 2931//2931
f 3275//3275 3282//3282 3280//3280
f 3282//3282 2933//2933 3280//3280
f 3283//3283 3282//3282 2927//2927
f 2924//2924 3281//3281 2927//2927
f 2929//2929 3283//3283 2927//2927
f 3280//3280 2933//2933 3273//3273
f 3296//3296 3298//3298 2906//2906
f 3286//3286 3291//3291 2907//2907
f 3286//3286 3297//3297 3291//3291
f 3297//3297 3298//3298 3296//3296
f 2903//2903 2905//2905 3285//3285
f 3286//3286 2905//2905 2903//2903
f 3299//3299 3298//3298 3284//3284
f 2913//2913 2910//2910 2908//2908
f 2914//2914 2909//2909 3287//3287
f 3293//3293 2913//2913 2914//2914
f 2909//2909 3289//3289 3287//3287
f 3292//3292 3294//3294 3287//3287
f 3287//3287 2911//2911 3292//3292
f 2912//2912 3295//3295 2911//2911
f 3290//3290 3295//3295 2912//2912
f 2910//2910 2913//2913 2912//2912
f 3290//3290 2912//2912 2913//2913
f 3294//3294 2919//2919 3293//3293
f 2915//2915 2919//2919 3294//3294
f 3292//3292 2915//2915 3294//3294
f 2911//2911 3295//3295 3292//3292
f 3292//3292 2916//2916 2915//2915
f 3290//3290 2917//2917 2916//2916
f 2913//2913 3293//3293 2917//2917
f 3288//3288 2908//2908 2910//2910
f 3292//3292 3295//3295 2916//2916
f 2914//2914 3294//3294 3293//3293
f 2911//2911 3287//3287 3289//3289
f 3289//3289 2909//2909 3291//3291
f 3289//3289 3296//3296 2910//2910
f 3295//3295 3290//3290 2916//2916
f 2917//2917 3290//3290 2913//2913
f 3287//3287 3294//3294 2914//2914
f 3289//3289 3291//3291 3296//3296
f 2912//2912 2911//2911 3289//3289
f 3297//3297 3296//3296 3291//3291
f 3299//3299 3288//3288 2906//2906
f 3285//3285 3284//3284 2903//2903
f 3299//3299 3285//3285 3288//3288
f 3285//3285 2905//2905 3288//3288
f 3285//3285 3299//3299 3284//3284
f 3213//3213 2892//2892 3315//3315
f 2890//2890 3314//3314 2891//2891
f 2892//2892 3313//3313 3311//3311
f 3310//3310 2890//2890 3312//3312
f 3213//3213 3315//3315 3312//3312
f 2889//2889 3314//3314 3313//3313
f 3034//3034 3302//3302 3305//3305
f 3301//3301 2899//2899 3302//3302
f 2896//2896 2895//2895 3310//3310
f 2896//2896 3310//3310 3312//3312
f 3306//3306 2901//2901 3304//3304
f 2896//2896 2897//2897 3307//3307
f 3304//3304 3302//3302 3306//3306
f 2894//2894 3301//3301 3303//3303
f 2896//2896 3307//3307 3300//3300
f 2895//2895 2894//2894 3311//3311
f 3302//3302 3304//3304 3301//3301
f 3301//3301 3309//3309 2899//2899
f 3301//3301 2894//2894 3300//3300
f 3311//3311 2894//2894 2898//2898
f 3029//3029 2902//2902 3309//3309
f 3308//3308 3029//3029 3309//3309
f 2901//2901 3029//3029 3308//3308
f 2901//2901 3025//3025 3029//3029
f 3306//3306 3025//3025 2901//2901
f 3306//3306 3034//3034 3025//3025
f 3302//3302 3034//3034 3306//3306
f 2899//2899 3305//3305 3302//3302
f 2902//2902 3034//3034 3305//3305
f 2899//2899 3309//3309 2902//2902
f 2893//2893 3303//3303 2897//2897
f 3309//3309 3307//3307 3308//3308
f 2902//2902 3305//3305 2899//2899
f 3308//3308 3307//3307 2900//2900
f 3303//3303 2893//2893 2898//2898
f 3304//3304 3303//3303 3301//3301
f 2895//2895 3313//3313 3310//3310
f 2897//2897 2896//2896 3312//3312
f 2895//2895 3311//3311 3313//3313
f 2897//2897 3312//3312 2893//2893
f 3319//3319 2877//2877 3329//3329
f 3326//3326 2878//2878 2880//2880
f 3326//3326 3325//3325 2878//2878
f 3319//3319 3330//3330 2877//2877
f 3328//3328 3032//3032 3323//3323
f 2880//2880 3324//3324 3326//3326
f 2887//2887 3328//3328 2885//2885
f 3326//3326 3324//3324 2879//2879
f 2883//2883 2878//2878 3325//3325
f 3327//3327 3321//3321 2883//2883
f 2879//2879 3327//3327 2883//2883
f 3323//3323 2885//2885 3328//3328
f 2884//2884 3028//3028 3322//3322
f 2884//2884 3032//3032 3028//3028
f 3323//3323 3032//3032 2884//2884
f 3322//3322 2888//2888 2887//2887
f 2884//2884 2879//2879 3324//3324
f 2886//2886 3032//3032 3328//3328
f 3322//3322 3327//3327 2879//2879
f 2884//2884 3322//3322 2879//2879
f 3323//3323 2884//2884 3324//3324
f 3323//3323 3324//3324 2885//2885
f 2882//2882 3324//3324 2880//2880
f 3327//3327 3322//3322 2887//2887
f 3331//3331 3316//3316 3208//3208
f 2882//2882 3317//3317 2881//2881
f 3318//3318 2881//2881 3317//3317
f 3331//3331 3320//3320 3317//3317
f 3344//3344 2871//2871 2874//2874
f 2872//2872 3336//3336 2874//2874
f 3333//3333 2868//2868 3334//3334
f 3343//3343 3336//3336 2872//2872
f 2870//2870 2867//2867 2872//2872
f 2867//2867 2868//2868 2872//2872
f 2871//2871 2869//2869 3334//3334
f 2871//2871 3332//3332 2874//2874
f 3332//3332 2870//2870 2874//2874
f 2869//2869 3333//3333 3334//3334
f 3203//3203 3332//3332 3334//3334
f 2871//2871 3334//3334 3332//3332
f 3203//3203 2870//2870 3332//3332
f 2870//2870 3203//3203 2867//2867
f 3346//3346 3347//3347 2876//2876
f 3345//3345 3337//3337 3341//3341
f 3345//3345 3341//3341 3348//3348
f 3342//3342 3341//3341 3340//3340
f 3342//3342 3350//3350 3341//3341
f 3336//3336 3350//3350 3342//3342
f 3347//3347 3346//3346 3339//3339
f 3030//3030 3346//3346 2876//2876
f 3337//3337 3030//3030 2876//2876
f 3337//3337 3037//3037 3030//3030
f 3345//3345 3037//3037 3337//3337
f 3345//3345 3335//3335 3037//3037
f 3348//3348 3335//3335 3345//3345
f 3348//3348 3339//3339 3335//3335
f 3348//3348 3347//3347 3339//3339
f 3348//3348 3341//3341 3350//3350
f 3343//3343 2873//2873 3336//3336
f 3340//3340 3344//3344 3342//3342
f 2873//2873 3350//3350 3336//3336
f 2873//2873 3348//3348 3350//3350
f 3349//3349 2873//2873 3343//3343
f 2876//2876 3347//3347 2875//2875
f 3338//3338 3344//3344 3340//3340
f 3158//3158 3118//3118 3351//3351
f 3158//3158 3115//3115 3118//3118
f 3351//3351 3122//3122 3159//3159
f 3351//3351 3118//3118 3122//3122
f 3352//3352 3159//3159 3353//3353
f 3353//3353 3128//3128 3352//3352
f 3353//3353 3120//3120 3128//3128
f 3353//3353 3122//3122 3120//3120
f 3159//3159 3122//3122 3353//3353
f 3352//3352 3354//3354 3163//3163
f 3354//3354 3130//3130 3163//3163
f 3354//3354 3124//3124 3130//3130
f 3352//3352 3124//3124 3354//3354
f 3352//3352 3128//3128 3124//3124
f 3163//3163 3130//3130 3357//3357
f 3163//3163 3357//3357 3356//3356
f 3356//3356 3357//3357 3355//3355
f 3355//3355 3131//3131 3356//3356
f 3355//3355 3126//3126 3131//3131
f 3357//3357 3126//3126 3355//3355
f 3357//3357 3130//3130 3126//3126
f 3358//3358 3134//3134 3133//3133
f 3356//3356 3134//3134 3358//3358
f 3356//3356 3131//3131 3134//3134
f 3359//3359 3165//3165 3358//3358
f 3359//3359 3132//3132 3165//3165
f 3359//3359 3127//3127 3132//3132
f 3359//3359 3133//3133 3127//3127
f 3358//3358 3133//3133 3359//3359
f 3360//3360 3162//3162 3165//3165
f 3360//3360 3129//3129 3162//3162
f 3360//3360 3125//3125 3129//3129
f 3360//3360 3132//3132 3125//3125
f 3165//3165 3132//3132 3360//3360
f 3361//3361 3362//3362 3162//3162
f 3361//3361 3121//3121 3123//3123
f 3361//3361 3123//3123 3362//3362
f 3361//3361 3129//3129 3121//3121
f 3162//3162 3129//3129 3361//3361
f 3160//3160 3123//3123 3119//3119
f 3362//3362 3123//3123 3160//3160
f 3363//3363 3365//3365 3160//3160
f 3363//3363 3117//3117 3365//3365
f 3363//3363 3119//3119 3117//3117
f 3160//3160 3119//3119 3363//3363
f 3364//3364 3116//3116 3114//3114
f 3365//3365 3116//3116 3364//3364
f 3365//3365 3117//3117 3116//3116
f 3364//3364 3367//3367 3366//3366
f 3367//3367 3112//3112 3110//3110
f 3367//3367 3110//3110 3366//3366
f 3367//3367 3114//3114 3112//3112
f 3364//3364 3114//3114 3367//3367
f 3368//3368 3153//3153 3366//3366
f 3368//3368 3103//3103 3153//3153
f 3368//3368 3106//3106 3103//3103
f 3368//3368 3110//3110 3106//3106
f 3366//3366 3110//3110 3368//3368
f 3369//3369 3150//3150 3153//3153
f 3369//3369 3105//3105 3097//3097
f 3369//3369 3103//3103 3105//3105
f 3153//3153 3103//3103 3369//3369
f 3148//3148 3097//3097 3095//3095
f 3150//3150 3097//3097 3148//3148
f 3369//3369 3097//3097 3150//3150
f 3370//3370 3146//3146 3148//3148
f 3370//3370 3094//3094 3146//3146
f 3370//3370 3099//3099 3094//3094
f 3370//3370 3095//3095 3099//3099
f 3148//3148 3095//3095 3370//3370
f 3371//3371 3143//3143 3146//3146
f 3371//3371 3090//3090 3143//3143
f 3371//3371 3092//3092 3090//3090
f 3371//3371 3094//3094 3092//3092
f 3146//3146 3094//3094 3371//3371
f 3372//3372 3141//3141 3143//3143
f 3372//3372 3082//3082 3141//3141
f 3372//3372 3089//3089 3082//3082
f 3372//3372 3090//3090 3089//3089
f 3143//3143 3090//3090 3372//3372
f 3141//3141 3373//3373 3137//3137
f 3373//3373 3086//3086 3137//3137
f 3373//3373 3082//3082 3086//3086
f 3141//3141 3082//3082 3373//3373
f 3137//3137 3086//3086 3078//3078
f 3137//3137 3374//3374 3138//3138
f 3374//3374 3079//3079 3138//3138
f 3374//3374 3083//3083 3079//3079
f 3374//3374 3078//3078 3083//3083
f 3137//3137 3078//3078 3374//3374
f 3376//3376 3139//3139 3138//3138
f 3376//3376 3375//3375 3139//3139
f 3375//3375 3080//3080 3139//3139
f 3375//3375 3085//3085 3080//3080
f 3375//3375 3084//3084 3085//3085
f 3376//3376 3084//3084 3375//3375
f 3376//3376 3079//3079 3084//3084
f 3138//3138 3079//3079 3376//3376
f 3139//3139 3080//3080 3081//3081
f 3139//3139 3081//3081 3377//3377
f 3377//3377 3088//3088 3087//3087
f 3377//3377 3087//3087 3378//3378
f 3377//3377 3081//3081 3088//3088
f 3378//3378 3379//3379 3144//3144
f 3379//3379 3091//3091 3144//3144
f 3379//3379 3098//3098 3091//3091
f 3379//3379 3087//3087 3098//3098
f 3378//3378 3087//3087 3379//3379
f 3144//3144 3093//3093 3145//3145
f 3144//3144 3091//3091 3093//3093
f 3149//3149 3145//3145 3380//3380
f 3380//3380 3096//3096 3149//3149
f 3380//3380 3100//3100 3096//3096
f 3380//3380 3093//3093 3100//3100
f 3145//3145 3093//3093 3380//3380
f 3151//3151 3149//3149 3381//3381
f 3381//3381 3104//3104 3101//3101
f 3381//3381 3101//3101 3151//3151
f 3381//3381 3096//3096 3104//3104
f 3149//3149 3096//3096 3381//3381
f 3152//3152 3101//3101 3102//3102
f 3151//3151 3101//3101 3152//3152
f 3152//3152 3382//3382 3155//3155
f 3382//3382 3108//3108 3155//3155
f 3382//3382 3107//3107 3108//3108
f 3382//3382 3102//3102 3107//3107
f 3152//3152 3102//3102 3382//3382
f 3155//3155 3109//3109 3383//3383
f 3155//3155 3108//3108 3109//3109
f 3384//3384 3136//3136 3383//3383
f 3384//3384 3113//3113 3136//3136
f 3384//3384 3111//3111 3113//3113
f 3384//3384 3109//3109 3111//3111
f 3383//3383 3109//3109 3384//3384
f 2793//2793 3385//3385 3387//3387
f 2792//2792 3385//3385 2793//2793
f 2792//2792 3386//3386 3385//3385
f 2800//2800 3386//3386 2792//2792
f 2804//2804 2793//2793 3387//3387
f 2804//2804 3387//3387 3388//3388
f 2800//2800 3390//3390 3386//3386
f 2807//2807 2804//2804 3388//3388
f 2807//2807 3388//3388 3389//3389
f 2802//2802 3390//3390 2800//2800
f 3389//3389 2818//2818 2807//2807
f 3393//3393 2818//2818 3389//3389
f 3391//3391 3390//3390 2802//2802
f 3391//3391 2802//2802 2819//2819
f 3392//3392 3391//3391 2819//2819
f 3392//3392 2819//2819 2817//2817
f 3394//3394 2818//2818 3393//3393
f 3394//3394 2817//2817 2818//2818
f 3394//3394 3392//3392 2817//2817
f 3405//3405 3388//3388 3387//3387
f 3395//3395 3405//3405 3387//3387
f 3395//3395 3387//3387 3385//3385
f 3396//3396 3395//3395 3385//3385
f 3396//3396 3385//3385 3386//3386
f 3397//3397 3386//3386 3390//3390
f 3397//3397 3396//3396 3386//3386
f 3398//3398 3397//3397 3390//3390
f 3398//3398 3390//3390 3391//3391
f 3399//3399 3398//3398 3391//3391
f 3399//3399 3391//3391 3392//3392
f 3400//3400 3399//3399 3392//3392
f 3400//3400 3392//3392 3394//3394
f 3401//3401 3400//3400 3394//3394
f 3402//3402 3401//3401 3394//3394
f 3402//3402 3394//3394 3393//3393
f 3403//3403 3393//3393 3389//3389
f 3403//3403 3402//3402 3393//3393
f 3404//3404 3403//3403 3389//3389
f 3404//3404 3389//3389 3388//3388
f 3405//3405 3404//3404 3388//3388
f 3407//3407 3395//3395 3406//3406
f 3406//3406 3395//3395 3396//3396
f 3407//3407 3405//3405 3395//3395
f 3409//3409 3406//3406 3396//3396
f 3408//3408 3405//3405 3407//3407
f 3409//3409 3396//3396 3397//3397
f 3408//3408 3404//3404 3405//3405
f 3408//3408 3403//3403 3404//3404
f 3409//3409 3397//3397 3398//3398
f 3410//3410 3403//3403 3408//3408
f 3402//3402 3403//3403 3410//3410
f 3398//3398 3412//3412 3409//3409
f 3399//3399 3412//3412 3398//3398
f 3402//3402 3410//3410 3411//3411
f 3400//3400 3412//3412 3399//3399
f 3401//3401 3402//3402 3411//3411
f 3400//3400 3413//3413 3412//3412
f 3401//3401 3411//3411 3413//3413
f 3400//3400 3401//3401 3413//3413
f 3410//3410 3415//3415 3414//3414
f 3408//3408 3415//3415 3410//3410
f 3408//3408 3416//3416 3415//3415
f 3407//3407 3416//3416 3408//3408
f 3407//3407 3417//3417 3416//3416
f 3406//3406 3417//3417 3407//3407
f 3406//3406 3418//3418 3417//3417
f 3409//3409 3418//3418 3406//3406
f 3409//3409 3419//3419 3418//3418
f 3412//3412 3419//3419 3409//3409
f 3412//3412 3420//3420 3419//3419
f 3413//3413 3420//3420 3412//3412
f 3413//3413 3421//3421 3420//3420
f 3411//3411 3421//3421 3413//3413
f 3411//3411 3414//3414 3421//3421
f 3410//3410 3414//3414 3411//3411
f 3418//3418 3416//3416 3417//3417
f 3418//3418 3414//3414 3415//3415
f 3418//3418 3415//3415 3416//3416
f 3419//3419 3421//3421 3414//3414
f 3419//3419 3414//3414 3418//3418
f 3419//3419 3420//3420 3421//3421
f 3429//3429 2818//2818 2817//2817
f 3422//3422 3429//3429 2817//2817
f 3422//3422 2817//2817 2819//2819
f 3423//3423 3422//3422 2819//2819
f 3423//3423 2819//2819 2802//2802
f 3424//3424 3423//3423 2802//2802
f 3424//3424 2802//2802 2800//2800
f 3425//3425 3424//3424 2800//2800
f 3425//3425 2800//2800 2792//2792
f 3426//3426 3425//3425 2792//2792
f 3426//3426 2792//2792 2793//2793
f 3427//3427 3426//3426 2793//2793
f 3427//3427 2793//2793 2804//2804
f 3428//3428 3427//3427 2804//2804
f 3428//3428 2804//2804 2807//2807
f 3429//3429 2807//2807 2818//2818
f 3429//3429 3428//3428 2807//2807
f 3426//3426 3427//3427 3428//3428
f 3426//3426 3429//3429 3422//3422
f 3426//3426 3423//3423 3424//3424
f 3426//3426 3428//3428 3429//3429
f 3426//3426 3422//3422 3423//3423
f 3426//3426 3424//3424 3425//3425
f 3431//3431 3430//3430 3461//3461
f 3475//3475 3440//3440 3437//3437
f 3475//3475 3437//3437 3438//3438
f 3484//3484 3453//3453 3487//3487
f 3460//3460 3459//3459 3456//3456
f 3460//3460 3456//3456 3457//3457
f 3461//3461 3430//3430 3462//3462
f 3471//3471 3462//3462 3430//3430
f 3430//3430 3431//3431 3432//3432
f 3462//3462 3471//3471 3468//3468
f 3462//3462 3468//3468 3461//3461
f 3461//3461 3468//3468 3431//3431
f 3430//3430 3432//3432 3471//3471
f 3471//3471 3470//3470 3468//3468
f 3464//3464 3466//3466 3469//3469
f 3433//3433 3466//3466 3464//3464
f 3467//3467 3470//3470 3432//3432
f 3463//3463 3434//3434 3439//3439
f 3435//3435 3465//3465 3469//3469
f 3469//3469 3466//3466 3435//3435
f 3465//3465 3467//3467 3434//3434
f 3467//3467 3432//3432 3433//3433
f 3468//3468 3433//3433 3431//3431
f 3431//3431 3433//3433 3432//3432
f 3439//3439 3434//3434 3436//3436
f 3443//3443 3445//3445 3478//3478
f 3475//3475 3474//3474 3473//3473
f 3475//3475 3473//3473 3443//3443
f 3479//3479 3440//3440 3441//3441
f 3475//3475 3438//3438 3474//3474
f 3469//3469 3476//3476 3438//3438
f 3474//3474 3472//3472 3473//3473
f 3479//3479 3439//3439 3440//3440
f 3478//3478 3440//3440 3443//3443
f 3474//3474 3438//3438 3477//3477
f 3436//3436 3437//3437 3439//3439
f 3478//3478 3445//3445 3447//3447
f 3440//3440 3478//3478 3442//3442
f 3476//3476 3441//3441 3477//3477
f 3472//3472 3477//3477 3441//3441
f 3482//3482 3473//3473 3448//3448
f 3482//3482 3445//3445 3473//3473
f 3444//3444 3442//3442 3478//3478
f 3442//3442 3446//3446 3441//3441
f 3474//3474 3477//3477 3472//3472
f 3475//3475 3443//3443 3440//3440
f 3441//3441 3476//3476 3479//3479
f 3478//3478 3447//3447 3444//3444
f 3446//3446 3472//3472 3441//3441
f 3473//3473 3445//3445 3443//3443
f 3476//3476 3477//3477 3438//3438
f 3437//3437 3440//3440 3439//3439
f 3440//3440 3442//3442 3441//3441
f 3450//3450 3483//3483 3453//3453
f 3447//3447 3480//3480 3481//3481
f 3472//3472 3446//3446 3473//3473
f 3492//3492 3488//3488 3481//3481
f 3488//3488 3483//3483 3450//3450
f 3493//3493 3494//3494 3450//3450
f 3450//3450 3448//3448 3493//3493
f 3493//3493 3444//3444 3481//3481
f 3446//3446 3493//3493 3448//3448
f 3445//3445 3482//3482 3447//3447
f 3446//3446 3442//3442 3444//3444
f 3481//3481 3444//3444 3447//3447
f 3448//3448 3450//3450 3449//3449
f 3452//3452 3484//3484 3489//3489
f 3455//3455 3458//3458 3457//3457
f 3489//3489 3492//3492 3451//3451
f 3456//3456 3491//3491 3486//3486
f 3489//3489 3455//3455 3456//3456
f 3488//3488 3492//3492 3454//3454
f 3484//3484 3487//3487 3455//3455
f 3491//3491 3454//3454 3486//3486
f 3487//3487 3454//3454 3491//3491
f 3452//3452 3489//3489 3451//3451
f 3486//3486 3489//3489 3456//3456
f 3492//3492 3489//3489 3486//3486
f 3451//3451 3492//3492 3481//3481
f 3487//3487 3458//3458 3455//3455
f 3453//3453 3483//3483 3487//3487
f 3487//3487 3485//3485 3458//3458
f 3457//3457 3456//3456 3455//3455
f 3458//3458 3485//3485 3490//3490
f 3456//3456 3459//3459 3491//3491
f 3491//3491 3485//3485 3487//3487
f 3490//3490 3457//3457 3458//3458
f 3491//3491 3459//3459 3485//3485
f 3455//3455 3489//3489 3484//3484
f 3454//3454 3492//3492 3486//3486
f 3483//3483 3454//3454 3487//3487
f 3484//3484 3452//3452 3453//3453
f 3454//3454 3483//3483 3488//3488
f 3480//3480 3449//3449 3452//3452
f 3449//3449 3482//3482 3448//3448
f 3453//3453 3452//3452 3449//3449
f 3452//3452 3451//3451 3480//3480
f 3451//3451 3481//3481 3480//3480
f 3494//3494 3493//3493 3481//3481
f 3493//3493 3446//3446 3444//3444
f 3494//3494 3481//3481 3488//3488
f 3494//3494 3488//3488 3450//3450
f 3482//3482 3449//3449 3480//3480
f 3480//3480 3447//3447 3482//3482
f 3453//3453 3449//3449 3450//3450
f 3448//3448 3473//3473 3446//3446
f 3490//3490 3495//3495 3506//3506
f 3490//3490 3496//3496 3495//3495
f 3460//3460 3490//3490 3506//3506
f 3460//3460 3506//3506 3497//3497
f 3460//3460 3497//3497 3499//3499
f 3485//3485 3496//3496 3490//3490
f 3485//3485 3498//3498 3496//3496
f 3499//3499 3459//3459 3460//3460
f 3501//3501 3498//3498 3485//3485
f 3500//3500 3459//3459 3499//3499
f 3500//3500 3501//3501 3485//3485
f 3500//3500 3485//3485 3459//3459
f 3505//3505 3506//3506 3495//3495
f 3505//3505 3495//3495 3496//3496
f 3514//3514 3505//3505 3496//3496
f 3502//3502 3514//3514 3496//3496
f 3502//3502 3496//3496 3498//3498
f 3518//3518 3502//3502 3498//3498
f 3518//3518 3498//3498 3501//3501
f 3512//3512 3518//3518 3501//3501
f 3512//3512 3501//3501 3500//3500
f 3510//3510 3512//3512 3500//3500
f 3508//3508 3500//3500 3499//3499
f 3503//3503 3508//3508 3499//3499
f 3503//3503 3499//3499 3497//3497
f 3507//3507 3503//3503 3497//3497
f 3507//3507 3497//3497 3506//3506
f 3514//3514 3504//3504 3515//3515
f 3515//3515 3505//3505 3514//3514
f 3505//3505 3515//3515 3527//3527
f 3507//3507 3505//3505 3527//3527
f 3507//3507 3527//3527 3516//3516
f 3505//3505 3507//3507 3506//3506
f 3503//3503 3507//3507 3516//3516
f 3503//3503 3516//3516 3517//3517
f 3517//3517 3508//3508 3503//3503
f 3517//3517 3509//3509 3508//3508
f 3509//3509 3510//3510 3508//3508
f 3518//3518 3511//3511 3513//3513
f 3518//3518 3510//3510 3511//3511
f 3518//3518 3512//3512 3510//3510
f 3513//3513 3502//3502 3518//3518
f 3514//3514 3502//3502 3504//3504
f 3510//3510 3509//3509 3511//3511
f 3508//3508 3510//3510 3500//3500
f 3502//3502 3513//3513 3504//3504
f 3517//3517 3523//3523 3525//3525
f 3519//3519 3523//3523 3517//3517
f 3519//3519 3517//3517 3516//3516
f 3516//3516 3523//3523 3519//3519
f 3516//3516 3522//3522 3523//3523
f 3523//3523 3522//3522 3520//3520
f 3524//3524 3523//3523 3520//3520
f 3517//3517 3525//3525 3509//3509
f 3509//3509 3523//3523 3526//3526
f 3509//3509 3525//3525 3523//3523
f 3509//3509 3526//3526 3511//3511
f 3511//3511 3523//3523 3524//3524
f 3526//3526 3523//3523 3511//3511
f 3511//3511 3524//3524 3513//3513
f 3527//3527 3522//3522 3516//3516
f 3527//3527 3520//3520 3522//3522
f 3515//3515 3520//3520 3527//3527
f 3515//3515 3521//3521 3520//3520
f 3504//3504 3521//3521 3515//3515
f 3504//3504 3520//3520 3521//3521
f 3513//3513 3520//3520 3504//3504
f 3513//3513 3524//3524 3520//3520
f 3465//3465 3476//3476 3469//3469
f 3464//3464 3437//3437 3436//3436
f 3433//3433 3464//3464 3436//3436
f 3468//3468 3466//3466 3433//3433
f 3479//3479 3463//3463 3439//3439
f 3463//3463 3476//3476 3465//3465
f 3438//3438 3464//3464 3469//3469
f 3438//3438 3437//3437 3464//3464
f 3434//3434 3463//3463 3465//3465
f 3433//3433 3434//3434 3467//3467
f 3467//3467 3465//3465 3470//3470
f 3470//3470 3465//3465 3435//3435
f 3435//3435 3468//3468 3470//3470
f 3466//3466 3468//3468 3435//3435
f 3479//3479 3476//3476 3463//3463
f 3433//3433 3436//3436 3434//3434
f 3470//3470 3471//3471 3432//3432
f 3490//3490 3460//3460 3457//3457
f 2775//2775 3529//3529 3528//3528
f 2773//2773 2775//2775 3528//3528
f 2773//2773 3528//3528 3530//3530
f 2775//2775 3531//3531 3529//3529
f 2774//2774 2773//2773 3530//3530
f 2774//2774 3530//3530 3532//3532
f 2777//2777 3531//3531 2775//2775
f 2777//2777 3533//3533 3531//3531
f 2780//2780 2774//2774 3532//3532
f 3534//3534 2780//2780 3532//3532
f 3533//3533 2777//2777 2794//2794
f 3535//3535 2779//2779 2780//2780
f 3535//3535 2780//2780 3534//3534
f 3536//3536 3533//3533 2794//2794
f 3536//3536 2794//2794 2788//2788
f 3535//3535 2783//2783 2779//2779
f 3537//3537 3536//3536 2788//2788
f 3537//3537 2783//2783 3535//3535
f 3537//3537 2788//2788 2783//2783
f 3539//3539 3530//3530 3528//3528
f 3539//3539 3538//3538 3530//3530
f 3540//3540 3539//3539 3528//3528
f 3540//3540 3528//3528 3529//3529
f 3541//3541 3540//3540 3529//3529
f 3541//3541 3529//3529 3531//3531
f 3542//3542 3541//3541 3531//3531
f 3542//3542 3531//3531 3533//3533
f 3543//3543 3542//3542 3533//3533
f 3543//3543 3533//3533 3536//3536
f 3544//3544 3543//3543 3536//3536
f 3544//3544 3536//3536 3537//3537
f 3545//3545 3544//3544 3537//3537
f 3545//3545 3537//3537 3535//3535
f 3546//3546 3545//3545 3535//3535
f 3547//3547 3546//3546 3535//3535
f 3547//3547 3535//3535 3534//3534
f 3548//3548 3547//3547 3534//3534
f 3548//3548 3534//3534 3532//3532
f 3538//3538 3548//3548 3532//3532
f 3538//3538 3532//3532 3530//3530
f 3550//3550 3540//3540 3549//3549
f 3549//3549 3540//3540 3541//3541
f 3550//3550 3539//3539 3540//3540
f 3552//3552 3549//3549 3541//3541
f 3551//3551 3538//3538 3539//3539
f 3551//3551 3539//3539 3550//3550
f 3552//3552 3541//3541 3542//3542
f 3553//3553 3548//3548 3538//3538
f 3553//3553 3538//3538 3551//3551
f 3553//3553 3547//3547 3548//3548
f 3543//3543 3552//3552 3542//3542
f 3543//3543 3556//3556 3552//3552
f 3547//3547 3553//3553 3554//3554
f 3546//3546 3547//3547 3554//3554
f 3544//3544 3556//3556 3543//3543
f 3546//3546 3554//3554 3555//3555
f 3544//3544 3557//3557 3556//3556
f 3545//3545 3546//3546 3555//3555
f 3545//3545 3557//3557 3544//3544
f 3545//3545 3555//3555 3557//3557
f 3555//3555 3558//3558 3567//3567
f 3554//3554 3558//3558 3555//3555
f 3554//3554 3559//3559 3558//3558
f 3553//3553 3559//3559 3554//3554
f 3553//3553 3560//3560 3559//3559
f 3551//3551 3560//3560 3553//3553
f 3551//3551 3561//3561 3560//3560
f 3550//3550 3561//3561 3551//3551
f 3549//3549 3562//3562 3561//3561
f 3549//3549 3561//3561 3550//3550
f 3549//3549 3563//3563 3562//3562
f 3552//3552 3563//3563 3549//3549
f 3552//3552 3564//3564 3563//3563
f 3556//3556 3565//3565 3564//3564
f 3556//3556 3564//3564 3552//3552
f 3556//3556 3566//3566 3565//3565
f 3557//3557 3566//3566 3556//3556
f 3555//3555 3567//3567 3566//3566
f 3555//3555 3566//3566 3557//3557
f 3562//3562 3560//3560 3561//3561
f 3563//3563 3560//3560 3562//3562
f 3563//3563 3558//3558 3559//3559
f 3563//3563 3567//3567 3558//3558
f 3563//3563 3559//3559 3560//3560
f 3564//3564 3566//3566 3567//3567
f 3564//3564 3567//3567 3563//3563
f 3564//3564 3565//3565 3566//3566
f 3568//3568 2779//2779 2783//2783
f 3568//3568 3574//3574 2779//2779
f 3569//3569 3568//3568 2783//2783
f 3569//3569 2783//2783 2788//2788
f 3570//3570 2788//2788 2794//2794
f 3570//3570 3569//3569 2788//2788
f 3570//3570 2794//2794 2777//2777
f 3571//3571 3570//3570 2777//2777
f 3571//3571 2777//2777 2775//2775
f 3572//3572 3571//3571 2775//2775
f 3572//3572 2775//2775 2773//2773
f 3572//3572 2773//2773 2774//2774
f 3573//3573 3572//3572 2774//2774
f 3573//3573 2774//2774 2780//2780
f 3574//3574 3573//3573 2780//2780
f 3574//3574 2780//2780 2779//2779
f 3572//3572 3568//3568 3569//3569
f 3572//3572 3573//3573 3574//3574
f 3572//3572 3574//3574 3568//3568
f 3572//3572 3570//3570 3571//3571
f 3572//3572 3569//3569 3570//3570
f 3654//3654 3642//3642 3633//3633
f 3605//3605 3654//3654 3633//3633
f 3605//3605 3633//3633 3604//3604
f 3605//3605 3604//3604 3632//3632
f 3606//3606 3605//3605 3632//3632
f 3578//3578 3607//3607 3576//3576
f 3578//3578 3575//3575 3607//3607
f 3577//3577 3607//3607 3575//3575
f 3577//3577 3614//3614 3607//3607
f 3607//3607 3614//3614 3576//3576
f 3613//3613 3610//3610 3611//3611
f 3616//3616 3582//3582 3612//3612
f 3614//3614 3617//3617 3613//3613
f 3609//3609 3610//3610 3581//3581
f 3615//3615 3583//3583 3611//3611
f 3608//3608 3582//3582 3615//3615
f 3612//3612 3579//3579 3616//3616
f 3612//3612 3617//3617 3579//3579
f 3614//3614 3613//3613 3580//3580
f 3616//3616 3575//3575 3578//3578
f 3616//3616 3577//3577 3575//3575
f 3610//3610 3613//3613 3581//3581
f 3611//3611 3583//3583 3613//3613
f 3583//3583 3582//3582 3580//3580
f 3580//3580 3576//3576 3614//3614
f 3580//3580 3578//3578 3576//3576
f 3578//3578 3580//3580 3616//3616
f 3625//3625 3624//3624 3591//3591
f 3625//3625 3591//3591 3626//3626
f 3623//3623 3622//3622 3625//3625
f 3623//3623 3625//3625 3626//3626
f 3589//3589 3623//3623 3626//3626
f 3588//3588 3618//3618 3620//3620
f 3587//3587 3588//3588 3620//3620
f 3621//3621 3587//3587 3619//3619
f 3621//3621 3619//3619 3622//3622
f 3622//3622 3619//3619 3625//3625
f 3627//3627 3589//3589 3626//3626
f 3618//3618 3588//3588 3627//3627
f 3587//3587 3620//3620 3619//3619
f 3586//3586 3585//3585 3623//3623
f 3586//3586 3587//3587 3584//3584
f 3621//3621 3611//3611 3610//3610
f 3627//3627 3588//3588 3589//3589
f 3623//3623 3611//3611 3622//3622
f 3611//3611 3623//3623 3585//3585
f 3626//3626 3591//3591 3595//3595
f 3592//3592 3591//3591 3624//3624
f 3626//3626 3595//3595 3627//3627
f 3620//3620 3630//3630 3590//3590
f 3619//3619 3620//3620 3590//3590
f 3619//3619 3590//3590 3624//3624
f 3586//3586 3589//3589 3588//3588
f 3618//3618 3630//3630 3620//3620
f 3619//3619 3624//3624 3625//3625
f 3623//3623 3589//3589 3586//3586
f 3611//3611 3621//3621 3622//3622
f 3627//3627 3595//3595 3618//3618
f 3587//3587 3586//3586 3588//3588
f 3586//3586 3584//3584 3585//3585
f 3649//3649 3631//3631 3628//3628
f 3649//3649 3628//3628 3644//3644
f 3598//3598 3599//3599 3600//3600
f 3597//3597 3646//3646 3631//3631
f 3591//3591 3592//3592 3596//3596
f 3590//3590 3648//3648 3624//3624
f 3628//3628 3631//3631 3646//3646
f 3644//3644 3599//3599 3649//3649
f 3600//3600 3646//3646 3598//3598
f 3598//3598 3646//3646 3597//3597
f 3645//3645 3597//3597 3631//3631
f 3631//3631 3647//3647 3645//3645
f 3649//3649 3596//3596 3647//3647
f 3649//3649 3629//3629 3596//3596
f 3594//3594 3595//3595 3598//3598
f 3594//3594 3645//3645 3593//3593
f 3645//3645 3647//3647 3592//3592
f 3593//3593 3645//3645 3592//3592
f 3592//3592 3647//3647 3596//3596
f 3591//3591 3596//3596 3595//3595
f 3630//3630 3618//3618 3595//3595
f 3630//3630 3648//3648 3590//3590
f 3643//3643 3646//3646 3600//3600
f 3647//3647 3631//3631 3649//3649
f 3638//3638 3603//3603 3642//3642
f 3638//3638 3642//3642 3635//3635
f 3646//3646 3601//3601 3636//3636
f 3654//3654 3641//3641 3642//3642
f 3603//3603 3633//3633 3642//3642
f 3646//3646 3643//3643 3601//3601
f 3636//3636 3628//3628 3646//3646
f 3641//3641 3635//3635 3642//3642
f 3632//3632 3604//3604 3640//3640
f 3603//3603 3601//3601 3604//3604
f 3603//3603 3636//3636 3601//3601
f 3638//3638 3636//3636 3603//3603
f 3636//3636 3644//3644 3628//3628
f 3602//3602 3635//3635 3641//3641
f 3602//3602 3641//3641 3632//3632
f 3644//3644 3636//3636 3638//3638
f 3637//3637 3634//3634 3639//3639
f 3633//3633 3603//3603 3604//3604
f 3638//3638 3635//3635 3634//3634
f 3634//3634 3635//3635 3602//3602
f 3644//3644 3638//3638 3634//3634
f 3644//3644 3634//3634 3637//3637
f 3643//3643 3640//3640 3604//3604
f 3643//3643 3604//3604 3601//3601
f 3600//3600 3639//3639 3643//3643
f 3606//3606 3632//3632 3641//3641
f 3640//3640 3602//3602 3632//3632
f 3602//3602 3639//3639 3634//3634
f 3639//3639 3602//3602 3640//3640
f 3643//3643 3639//3639 3640//3640
f 3637//3637 3639//3639 3600//3600
f 3599//3599 3644//3644 3637//3637
f 3630//3630 3594//3594 3593//3593
f 3637//3637 3600//3600 3599//3599
f 3597//3597 3594//3594 3598//3598
f 3645//3645 3594//3594 3597//3597
f 3594//3594 3630//3630 3595//3595
f 3648//3648 3630//3630 3593//3593
f 3648//3648 3593//3593 3592//3592
f 3629//3629 3649//3649 3599//3599
f 3598//3598 3629//3629 3599//3599
f 3629//3629 3595//3595 3596//3596
f 3629//3629 3598//3598 3595//3595
f 3592//3592 3624//3624 3648//3648
f 3606//3606 3650//3650 3651//3651
f 3641//3641 3650//3650 3606//3606
f 3641//3641 3652//3652 3650//3650
f 3606//3606 3651//3651 3653//3653
f 3654//3654 3652//3652 3641//3641
f 3654//3654 3655//3655 3652//3652
f 3653//3653 3605//3605 3606//3606
f 3656//3656 3605//3605 3653//3653
f 3657//3657 3655//3655 3654//3654
f 3657//3657 3654//3654 3605//3605
f 3657//3657 3605//3605 3656//3656
f 3658//3658 3659//3659 3651//3651
f 3658//3658 3651//3651 3650//3650
f 3669//3669 3658//3658 3650//3650
f 3669//3669 3650//3650 3652//3652
f 3668//3668 3669//3669 3652//3652
f 3673//3673 3668//3668 3652//3652
f 3673//3673 3652//3652 3655//3655
f 3673//3673 3655//3655 3657//3657
f 3664//3664 3673//3673 3657//3657
f 3663//3663 3664//3664 3657//3657
f 3672//3672 3663//3663 3657//3657
f 3672//3672 3657//3657 3656//3656
f 3660//3660 3672//3672 3656//3656
f 3660//3660 3656//3656 3653//3653
f 3659//3659 3660//3660 3653//3653
f 3659//3659 3653//3653 3651//3651
f 3668//3668 3670//3670 3669//3669
f 3669//3669 3670//3670 3658//3658
f 3658//3658 3670//3670 3671//3671
f 3658//3658 3671//3671 3659//3659
f 3661//3661 3659//3659 3671//3671
f 3660//3660 3659//3659 3661//3661
f 3662//3662 3660//3660 3661//3661
f 3660//3660 3662//3662 3672//3672
f 3663//3663 3662//3662 3666//3666
f 3672//3672 3662//3662 3663//3663
f 3664//3664 3663//3663 3666//3666
f 3667//3667 3664//3664 3666//3666
f 3667//3667 3666//3666 3665//3665
f 3673//3673 3664//3664 3667//3667
f 3668//3668 3673//3673 3667//3667
f 3670//3670 3668//3668 3667//3667
f 3661//3661 3674//3674 3680//3680
f 3675//3675 3674//3674 3661//3661
f 3675//3675 3661//3661 3671//3671
f 3671//3671 3674//3674 3675//3675
f 3671//3671 3678//3678 3674//3674
f 3674//3674 3678//3678 3676//3676
f 3679//3679 3674//3674 3676//3676
f 3661//3661 3680//3680 3662//3662
f 3662//3662 3674//3674 3681//3681
f 3662//3662 3680//3680 3674//3674
f 3666//3666 3662//3662 3681//3681
f 3666//3666 3674//3674 3679//3679
f 3681//3681 3674//3674 3666//3666
f 3666//3666 3679//3679 3665//3665
f 3671//3671 3676//3676 3678//3678
f 3682//3682 3676//3676 3671//3671
f 3682//3682 3671//3671 3670//3670
f 3670//3670 3676//3676 3682//3682
f 3670//3670 3677//3677 3676//3676
f 3667//3667 3677//3677 3670//3670
f 3665//3665 3677//3677 3667//3667
f 3665//3665 3676//3676 3677//3677
f 3665//3665 3679//3679 3676//3676
f 3615//3615 3585//3585 3584//3584
f 3612//3612 3608//3608 3609//3609
f 3582//3582 3583//3583 3615//3615
f 3612//3612 3582//3582 3608//3608
f 3617//3617 3612//3612 3581//3581
f 3616//3616 3580//3580 3582//3582
f 3584//3584 3587//3587 3608//3608
f 3621//3621 3609//3609 3587//3587
f 3609//3609 3621//3621 3610//3610
f 3585//3585 3615//3615 3611//3611
f 3612//3612 3609//3609 3581//3581
f 3581//3581 3613//3613 3617//3617
f 3583//3583 3580//3580 3613//3613
f 3579//3579 3577//3577 3616//3616
f 3614//3614 3577//3577 3617//3617
f 3587//3587 3609//3609 3608//3608
f 3584//3584 3608//3608 3615//3615
f 3579//3579 3617//3617 3577//3577
f 3685//3685 3683//3683 3703//3703
f 3685//3685 3684//3684 3683//3683
f 3685//3685 3686//3686 3684//3684
f 3685//3685 3687//3687 3686//3686
f 3688//3688 3687//3687 3685//3685
f 3689//3689 3687//3687 3688//3688
f 3689//3689 3788//3788 3687//3687
f 3690//3690 3788//3788 3689//3689
f 3690//3690 3784//3784 3788//3788
f 3690//3690 3691//3691 3784//3784
f 3692//3692 3691//3691 3690//3690
f 3694//3694 3693//3693 3691//3691
f 3694//3694 3691//3691 3692//3692
f 3700//3700 3693//3693 3694//3694
f 3700//3700 3791//3791 3693//3693
f 3701//3701 3791//3791 3700//3700
f 3701//3701 3695//3695 3791//3791
f 3696//3696 3695//3695 3701//3701
f 3696//3696 3790//3790 3695//3695
f 3697//3697 3790//3790 3696//3696
f 3697//3697 3698//3698 3790//3790
f 3702//3702 3698//3698 3697//3697
f 3702//3702 3699//3699 3698//3698
f 3703//3703 3699//3699 3702//3702
f 3703//3703 3683//3683 3699//3699
f 3701//3701 3705//3705 3704//3704
f 3700//3700 3705//3705 3701//3701
f 3701//3701 3704//3704 3706//3706
f 3700//3700 3707//3707 3705//3705
f 3696//3696 3701//3701 3706//3706
f 3694//3694 3707//3707 3700//3700
f 3694//3694 3709//3709 3707//3707
f 3696//3696 3706//3706 3708//3708
f 3697//3697 3696//3696 3708//3708
f 3697//3697 3708//3708 3711//3711
f 3694//3694 3710//3710 3709//3709
f 3692//3692 3710//3710 3694//3694
f 3702//3702 3697//3697 3711//3711
f 3712//3712 3710//3710 3692//3692
f 3712//3712 3692//3692 3690//3690
f 3713//3713 3702//3702 3711//3711
f 3714//3714 3712//3712 3690//3690
f 3713//3713 3703//3703 3702//3702
f 3714//3714 3690//3690 3689//3689
f 3716//3716 3685//3685 3703//3703
f 3716//3716 3703//3703 3713//3713
f 3715//3715 3714//3714 3689//3689
f 3718//3718 3715//3715 3689//3689
f 3718//3718 3689//3689 3688//3688
f 3717//3717 3685//3685 3716//3716
f 3717//3717 3688//3688 3685//3685
f 3718//3718 3688//3688 3717//3717
f 3707//3707 3731//3731 3719//3719
f 3705//3705 3719//3719 3720//3720
f 3705//3705 3707//3707 3719//3719
f 3704//3704 3705//3705 3720//3720
f 3704//3704 3720//3720 3721//3721
f 3706//3706 3704//3704 3721//3721
f 3708//3708 3721//3721 3722//3722
f 3708//3708 3706//3706 3721//3721
f 3711//3711 3708//3708 3722//3722
f 3711//3711 3722//3722 3723//3723
f 3711//3711 3723//3723 3724//3724
f 3713//3713 3711//3711 3724//3724
f 3713//3713 3724//3724 3725//3725
f 3716//3716 3713//3713 3725//3725
f 3716//3716 3725//3725 3726//3726
f 3717//3717 3716//3716 3726//3726
f 3717//3717 3726//3726 3727//3727
f 3718//3718 3717//3717 3727//3727
f 3715//3715 3718//3718 3727//3727
f 3715//3715 3727//3727 3728//3728
f 3714//3714 3728//3728 3729//3729
f 3714//3714 3715//3715 3728//3728
f 3712//3712 3729//3729 3730//3730
f 3712//3712 3714//3714 3729//3729
f 3710//3710 3712//3712 3730//3730
f 3710//3710 3730//3730 3731//3731
f 3709//3709 3710//3710 3731//3731
f 3707//3707 3709//3709 3731//3731
f 3732//3732 3720//3720 3733//3733
f 3732//3732 3721//3721 3720//3720
f 3733//3733 3720//3720 3719//3719
f 3735//3735 3721//3721 3732//3732
f 3734//3734 3733//3733 3719//3719
f 3734//3734 3719//3719 3731//3731
f 3737//3737 3734//3734 3731//3731
f 3736//3736 3722//3722 3721//3721
f 3736//3736 3721//3721 3735//3735
f 3736//3736 3723//3723 3722//3722
f 3739//3739 3723//3723 3736//3736
f 3738//3738 3737//3737 3731//3731
f 3730//3730 3738//3738 3731//3731
f 3740//3740 3723//3723 3739//3739
f 3724//3724 3723//3723 3740//3740
f 3730//3730 3741//3741 3738//3738
f 3729//3729 3741//3741 3730//3730
f 3724//3724 3740//3740 3742//3742
f 3725//3725 3724//3724 3742//3742
f 3729//3729 3743//3743 3741//3741
f 3728//3728 3743//3743 3729//3729
f 3725//3725 3742//3742 3744//3744
f 3728//3728 3745//3745 3743//3743
f 3726//3726 3725//3725 3744//3744
f 3727//3727 3745//3745 3728//3728
f 3727//3727 3746//3746 3745//3745
f 3726//3726 3744//3744 3746//3746
f 3727//3727 3726//3726 3746//3746
f 3742//3742 3763//3763 3747//3747
f 3744//3744 3742//3742 3747//3747
f 3744//3744 3747//3747 3762//3762
f 3744//3744 3762//3762 3761//3761
f 3746//3746 3744//3744 3761//3761
f 3746//3746 3761//3761 3748//3748
f 3746//3746 3748//3748 3767//3767
f 3745//3745 3746//3746 3767//3767
f 3745//3745 3767//3767 3749//3749
f 3743//3743 3745//3745 3749//3749
f 3743//3743 3749//3749 3759//3759
f 3741//3741 3743//3743 3759//3759
f 3741//3741 3759//3759 3750//3750
f 3741//3741 3750//3750 3751//3751
f 3738//3738 3741//3741 3751//3751
f 3738//3738 3751//3751 3774//3774
f 3737//3737 3738//3738 3774//3774
f 3737//3737 3774//3774 3773//3773
f 3734//3734 3737//3737 3773//3773
f 3734//3734 3773//3773 3752//3752
f 3733//3733 3734//3734 3752//3752
f 3733//3733 3752//3752 3772//3772
f 3733//3733 3772//3772 3753//3753
f 3733//3733 3753//3753 3754//3754
f 3732//3732 3733//3733 3754//3754
f 3732//3732 3754//3754 3755//3755
f 3735//3735 3732//3732 3755//3755
f 3735//3735 3755//3755 3756//3756
f 3736//3736 3756//3756 3757//3757
f 3736//3736 3735//3735 3756//3756
f 3736//3736 3757//3757 3766//3766
f 3739//3739 3736//3736 3766//3766
f 3739//3739 3766//3766 3765//3765
f 3740//3740 3765//3765 3758//3758
f 3740//3740 3739//3739 3765//3765
f 3742//3742 3740//3740 3758//3758
f 3742//3742 3758//3758 3763//3763
f 3750//3750 3759//3759 3775//3775
f 3751//3751 3750//3750 3775//3775
f 3751//3751 3775//3775 3774//3774
f 3752//3752 3773//3773 3772//3772
f 3755//3755 3754//3754 3760//3760
f 3756//3756 3755//3755 3760//3760
f 3756//3756 3760//3760 3757//3757
f 3758//3758 3765//3765 3764//3764
f 3758//3758 3764//3764 3763//3763
f 3747//3747 3763//3763 3762//3762
f 3759//3759 3749//3749 3767//3767
f 3760//3760 3766//3766 3757//3757
f 3767//3767 3775//3775 3759//3759
f 3768//3768 3767//3767 3748//3748
f 3761//3761 3768//3768 3748//3748
f 3762//3762 3768//3768 3761//3761
f 3769//3769 3768//3768 3762//3762
f 3763//3763 3769//3769 3762//3762
f 3764//3764 3769//3769 3763//3763
f 3765//3765 3770//3770 3764//3764
f 3766//3766 3770//3770 3765//3765
f 3760//3760 3770//3770 3766//3766
f 3771//3771 3770//3770 3760//3760
f 3754//3754 3771//3771 3760//3760
f 3753//3753 3771//3771 3754//3754
f 3772//3772 3771//3771 3753//3753
f 3776//3776 3764//3764 3770//3770
f 3777//3777 3764//3764 3776//3776
f 3778//3778 3776//3776 3770//3770
f 3777//3777 3769//3769 3764//3764
f 3778//3778 3770//3770 3771//3771
f 3779//3779 3769//3769 3777//3777
f 3779//3779 3768//3768 3769//3769
f 3787//3787 3778//3778 3771//3771
f 3780//3780 3768//3768 3779//3779
f 3767//3767 3768//3768 3780//3780
f 3772//3772 3787//3787 3771//3771
f 3772//3772 3786//3786 3787//3787
f 3773//3773 3786//3786 3772//3772
f 3773//3773 3785//3785 3786//3786
f 3767//3767 3780//3780 3781//3781
f 3775//3775 3767//3767 3781//3781
f 3774//3774 3785//3785 3773//3773
f 3774//3774 3782//3782 3785//3785
f 3775//3775 3781//3781 3782//3782
f 3774//3774 3775//3775 3782//3782
f 3776//3776 3789//3789 3783//3783
f 3777//3777 3776//3776 3783//3783
f 3777//3777 3783//3783 3684//3684
f 3779//3779 3777//3777 3684//3684
f 3779//3779 3684//3684 3686//3686
f 3780//3780 3779//3779 3686//3686
f 3781//3781 3780//3780 3788//3788
f 3781//3781 3788//3788 3784//3784
f 3782//3782 3781//3781 3784//3784
f 3782//3782 3784//3784 3691//3691
f 3782//3782 3691//3691 3785//3785
f 3687//3687 3780//3780 3686//3686
f 3687//3687 3788//3788 3780//3780
f 3693//3693 3785//3785 3691//3691
f 3778//3778 3790//3790 3776//3776
f 3786//3786 3785//3785 3693//3693
f 3778//3778 3695//3695 3790//3790
f 3786//3786 3693//3693 3791//3791
f 3787//3787 3695//3695 3778//3778
f 3787//3787 3791//3791 3695//3695
f 3787//3787 3786//3786 3791//3791
f 3783//3783 3683//3683 3684//3684
f 3783//3783 3699//3699 3683//3683
f 3789//3789 3699//3699 3783//3783
f 3789//3789 3698//3698 3699//3699
f 3776//3776 3698//3698 3789//3789
f 3776//3776 3790//3790 3698//3698
f 3796//3796 3792//3792 3793//3793
f 3794//3794 3796//3796 3793//3793
f 3795//3795 3796//3796 3794//3794
f 3800//3800 3794//3794 3793//3793
f 3795//3795 3797//3797 3796//3796
f 3795//3795 3798//3798 3797//3797
f 3795//3795 3801//3801 3799//3799
f 3795//3795 3799//3799 3798//3798
f 3804//3804 3802//3802 3801//3801
f 3804//3804 3801//3801 3795//3795
f 3805//3805 3800//3800 3793//3793
f 3804//3804 3803//3803 3802//3802
f 3807//3807 3803//3803 3804//3804
f 3806//3806 3805//3805 3793//3793
f 3808//3808 3803//3803 3807//3807
f 3809//3809 3806//3806 3793//3793
f 3815//3815 3793//3793 3810//3810
f 3815//3815 3809//3809 3793//3793
f 3811//3811 3803//3803 3808//3808
f 3812//3812 3813//3813 3814//3814
f 3812//3812 3814//3814 3815//3815
f 3812//3812 3815//3815 3810//3810
f 3816//3816 3817//3817 3818//3818
f 3816//3816 3818//3818 3819//3819
f 3816//3816 3819//3819 3820//3820
f 3821//3821 3816//3816 3820//3820
f 3821//3821 3813//3813 3812//3812
f 3821//3821 3820//3820 3813//3813
f 3823//3823 3821//3821 3822//3822
f 3823//3823 3816//3816 3821//3821
f 3825//3825 3823//3823 3822//3822
f 3826//3826 3823//3823 3825//3825
f 3826//3826 3824//3824 3823//3823
f 3827//3827 3803//3803 3811//3811
f 3828//3828 3827//3827 3829//3829
f 3828//3828 3829//3829 3830//3830
f 3828//3828 3803//3803 3827//3827
f 3832//3832 3833//3833 3831//3831
f 3834//3834 3833//3833 3832//3832
f 3834//3834 3835//3835 3833//3833
f 3836//3836 3835//3835 3834//3834
f 3837//3837 3835//3835 3836//3836
f 3838//3838 3835//3835 3837//3837
f 3838//3838 3850//3850 3835//3835
f 3839//3839 3828//3828 3830//3830
f 3839//3839 3830//3830 3840//3840
f 3839//3839 3840//3840 3841//3841
f 3839//3839 3841//3841 3842//3842
f 3839//3839 3842//3842 3843//3843
f 3839//3839 3843//3843 3844//3844
f 3845//3845 3828//3828 3839//3839
f 3852//3852 3850//3850 3838//3838
f 3852//3852 3846//3846 3847//3847
f 3852//3852 3847//3847 3848//3848
f 3852//3852 3848//3848 3849//3849
f 3852//3852 3849//3849 3850//3850
f 3851//3851 3846//3846 3852//3852
f 3851//3851 3852//3852 3853//3853
f 3851//3851 3839//3839 3844//3844
f 3851//3851 3844//3844 3846//3846
f 3854//3854 3851//3851 3853//3853
f 3855//3855 3851//3851 3854//3854
f 3856//3856 3851//3851 3855//3855
f 3857//3857 3792//3792 3796//3796
f 3915//3915 3857//3857 3796//3796
f 3863//3863 3858//3858 3862//3862
f 3863//3863 3859//3859 3858//3858
f 3861//3861 3862//3862 3860//3860
f 3863//3863 3862//3862 3861//3861
f 3865//3865 3863//3863 3861//3861
f 3866//3866 3861//3861 3864//3864
f 3866//3866 3865//3865 3861//3861
f 3871//3871 3865//3865 3866//3866
f 3867//3867 3793//3793 3792//3792
f 3868//3868 3865//3865 3871//3871
f 3870//3870 3869//3869 3868//3868
f 3870//3870 3868//3868 3871//3871
f 3874//3874 3870//3870 3871//3871
f 3874//3874 3873//3873 3872//3872
f 3874//3874 3871//3871 3873//3873
f 3875//3875 3874//3874 3872//3872
f 3875//3875 3872//3872 3877//3877
f 3876//3876 3875//3875 3877//3877
f 3876//3876 3877//3877 3879//3879
f 3878//3878 3876//3876 3879//3879
f 3878//3878 3879//3879 3880//3880
f 3882//3882 3878//3878 3880//3880
f 3882//3882 3880//3880 3881//3881
f 3883//3883 3884//3884 3890//3890
f 3857//3857 3883//3883 3890//3890
f 3857//3857 3886//3886 3885//3885
f 3857//3857 3887//3887 3886//3886
f 3857//3857 3888//3888 3887//3887
f 3857//3857 3889//3889 3888//3888
f 3857//3857 3890//3890 3889//3889
f 3792//3792 3857//3857 3867//3867
f 3867//3867 3857//3857 3891//3891
f 3891//3891 3857//3857 3892//3892
f 3892//3892 3857//3857 3893//3893
f 3893//3893 3857//3857 3881//3881
f 3881//3881 3857//3857 3882//3882
f 3882//3882 3857//3857 3885//3885
f 3897//3897 3895//3895 3894//3894
f 3897//3897 3896//3896 3895//3895
f 3898//3898 3897//3897 3894//3894
f 3899//3899 3898//3898 3894//3894
f 3899//3899 3894//3894 3883//3883
f 3901//3901 3900//3900 3899//3899
f 3902//3902 3901//3901 3899//3899
f 3903//3903 3902//3902 3899//3899
f 3903//3903 3899//3899 3883//3883
f 3903//3903 3883//3883 3904//3904
f 3905//3905 3904//3904 3883//3883
f 3906//3906 3905//3905 3883//3883
f 3907//3907 3906//3906 3883//3883
f 3857//3857 3908//3908 3907//3907
f 3857//3857 3909//3909 3908//3908
f 3857//3857 3907//3907 3883//3883
f 3857//3857 3910//3910 3909//3909
f 3857//3857 3911//3911 3910//3910
f 3912//3912 3911//3911 3857//3857
f 3913//3913 3912//3912 3857//3857
f 3915//3915 3913//3913 3857//3857
f 3915//3915 3914//3914 3913//3913
f 3915//3915 3922//3922 3914//3914
f 3917//3917 3915//3915 3916//3916
f 3918//3918 3915//3915 3917//3917
f 3919//3919 3915//3915 3918//3918
f 3921//3921 3919//3919 3920//3920
f 3921//3921 3922//3922 3915//3915
f 3921//3921 3915//3915 3919//3919
f 3921//3921 3923//3923 3922//3922
f 3926//3926 3925//3925 3924//3924
f 3926//3926 3928//3928 3925//3925
f 3929//3929 3928//3928 3926//3926
f 3929//3929 3927//3927 3928//3928
f 3930//3930 3927//3927 3929//3929
f 3931//3931 3927//3927 3930//3930
f 3937//3937 3927//3927 3931//3931
f 3932//3932 3923//3923 3921//3921
f 3933//3933 3935//3935 3934//3934
f 3933//3933 3936//3936 3935//3935
f 3933//3933 3937//3937 3936//3936
f 3933//3933 3927//3927 3937//3937
f 3939//3939 3938//3938 3933//3933
f 3940//3940 3939//3939 3933//3933
f 3941//3941 3940//3940 3933//3933
f 3941//3941 3934//3934 3942//3942
f 3941//3941 3933//3933 3934//3934
f 4692//4692 3944//3944 3943//3943
f 4692//4692 3945//3945 3944//3944
f 4692//4692 3941//3941 3942//3942
f 4692//4692 3946//3946 3945//3945
f 4692//4692 3942//3942 3946//3946
f 4692//4692 3932//3932 3921//3921
f 4692//4692 3947//3947 3932//3932
f 4692//4692 3948//3948 3947//3947
f 4692//4692 3949//3949 3948//3948
f 4692//4692 3943//3943 3949//3949
f 3950//3950 4932//4932 4692//4692
f 3950//3950 4692//4692 3921//3921
f 3916//3916 3796//3796 3797//3797
f 3916//3916 3915//3915 3796//3796
f 3916//3916 3797//3797 3798//3798
f 3917//3917 3798//3798 3799//3799
f 3917//3917 3916//3916 3798//3798
f 3918//3918 3799//3799 3801//3801
f 3918//3918 3917//3917 3799//3799
f 3919//3919 3918//3918 3801//3801
f 3919//3919 3801//3801 3802//3802
f 3920//3920 3919//3919 3802//3802
f 3920//3920 3802//3802 3803//3803
f 3921//3921 3920//3920 3803//3803
f 3953//3953 3951//3951 3952//3952
f 3953//3953 3954//3954 3951//3951
f 3953//3953 3956//3956 3954//3954
f 3955//3955 3956//3956 3953//3953
f 3958//3958 3956//3956 3955//3955
f 3958//3958 3957//3957 3956//3956
f 3959//3959 3957//3957 3958//3958
f 3959//3959 3960//3960 3957//3957
f 3965//3965 3961//3961 3963//3963
f 3965//3965 3966//3966 3964//3964
f 3965//3965 3962//3962 3961//3961
f 3965//3965 3964//3964 3962//3962
f 3967//3967 3966//3966 3965//3965
f 3985//3985 3967//3967 3965//3965
f 3969//3969 3951//3951 3968//3968
f 3969//3969 3952//3952 3951//3951
f 3969//3969 3968//3968 3971//3971
f 3970//3970 3969//3969 3971//3971
f 3970//3970 3971//3971 3973//3973
f 3972//3972 3970//3970 3973//3973
f 3974//3974 3973//3973 3975//3975
f 3974//3974 3972//3972 3973//3973
f 3974//3974 3975//3975 3976//3976
f 3987//3987 3974//3974 3976//3976
f 3979//3979 3977//3977 3978//3978
f 3980//3980 3979//3979 3978//3978
f 3982//3982 3980//3980 3978//3978
f 3982//3982 3981//3981 3980//3980
f 3982//3982 3983//3983 3987//3987
f 3982//3982 3978//3978 3983//3983
f 3984//3984 3987//3987 3976//3976
f 3984//3984 3976//3976 3985//3985
f 3984//3984 3985//3985 3965//3965
f 3986//3986 3987//3987 3984//3984
f 3986//3986 3982//3982 3987//3987
f 3988//3988 3959//3959 4237//4237
f 3988//3988 3960//3960 3959//3959
f 3956//3956 3989//3989 3954//3954
f 3956//3956 3991//3991 3989//3989
f 3868//3868 3992//3992 3990//3990
f 3957//3957 3991//3991 3956//3956
f 3993//3993 3957//3957 3960//3960
f 3993//3993 3991//3991 3957//3957
f 3988//3988 3993//3993 3960//3960
f 3869//3869 3988//3988 3992//3992
f 3869//3869 3992//3992 3868//3868
f 3869//3869 3993//3993 3988//3988
f 3870//3870 3993//3993 3869//3869
f 3870//3870 3994//3994 3993//3993
f 3952//3952 4233//4233 3953//3953
f 3952//3952 4013//4013 4233//4233
f 3969//3969 4013//4013 3952//3952
f 3951//3951 3954//3954 3989//3989
f 3951//3951 3989//3989 4277//4277
f 3968//3968 3951//3951 4277//4277
f 3996//3996 3978//3978 3977//3977
f 3996//3996 3995//3995 3978//3978
f 3997//3997 3977//3977 3979//3979
f 3997//3997 3996//3996 3977//3977
f 3998//3998 3997//3997 3979//3979
f 3998//3998 3979//3979 3980//3980
f 3999//3999 3998//3998 3980//3980
f 3999//3999 3980//3980 3981//3981
f 4000//4000 3999//3999 3981//3981
f 4000//4000 3981//3981 3982//3982
f 4001//4001 4000//4000 3982//3982
f 4002//4002 4003//4003 4004//4004
f 4005//4005 4003//4003 4002//4002
f 3986//3986 4001//4001 3982//3982
f 3986//3986 4004//4004 4003//4003
f 4006//4006 3986//3986 4003//4003
f 4008//4008 3986//3986 4006//4006
f 4008//4008 4006//4006 4007//4007
f 4008//4008 4001//4001 3986//3986
f 4009//4009 3987//3987 3983//3983
f 4010//4010 3987//3987 4009//4009
f 4010//4010 3974//3974 3987//3987
f 4011//4011 3972//3972 3974//3974
f 4011//4011 3974//3974 4010//4010
f 4012//4012 3970//3970 3972//3972
f 4012//4012 3972//3972 4011//4011
f 4013//4013 3969//3969 3970//3970
f 4013//4013 3970//3970 4012//4012
f 3983//3983 3978//3978 3995//3995
f 3983//3983 3995//3995 4009//4009
f 4016//4016 4014//4014 4015//4015
f 4016//4016 4015//4015 4017//4017
f 4018//4018 4016//4016 4017//4017
f 4018//4018 4017//4017 4019//4019
f 4020//4020 4018//4018 4019//4019
f 4020//4020 4019//4019 4021//4021
f 4022//4022 4020//4020 4021//4021
f 4022//4022 4021//4021 4023//4023
f 4022//4022 4023//4023 4025//4025
f 4024//4024 4022//4022 4025//4025
f 4027//4027 4025//4025 4026//4026
f 4027//4027 4024//4024 4025//4025
f 4028//4028 4026//4026 4029//4029
f 4028//4028 4027//4027 4026//4026
f 4030//4030 4028//4028 4029//4029
f 4030//4030 4176//4176 4028//4028
f 4031//4031 4176//4176 4030//4030
f 4170//4170 4032//4032 4028//4028
f 4170//4170 4028//4028 4176//4176
f 4033//4033 4170//4170 4159//4159
f 4033//4033 4032//4032 4170//4170
f 4035//4035 4036//4036 4034//4034
f 4037//4037 4036//4036 4035//4035
f 4037//4037 4038//4038 4036//4036
f 4040//4040 4038//4038 4037//4037
f 4040//4040 4039//4039 4038//4038
f 4042//4042 4041//4041 4039//4039
f 4042//4042 4039//4039 4040//4040
f 4044//4044 4041//4041 4042//4042
f 4044//4044 4043//4043 4041//4041
f 4045//4045 4043//4043 4044//4044
f 4045//4045 4046//4046 4043//4043
f 4047//4047 4046//4046 4045//4045
f 4047//4047 4048//4048 4046//4046
f 4049//4049 4048//4048 4047//4047
f 4049//4049 4050//4050 4048//4048
f 4051//4051 4050//4050 4049//4049
f 4034//4034 4015//4015 4014//4014
f 4034//4034 4014//4014 4035//4035
f 4054//4054 4052//4052 4067//4067
f 4054//4054 4053//4053 4052//4052
f 4055//4055 4053//4053 4054//4054
f 4055//4055 4056//4056 4053//4053
f 4094//4094 4057//4057 4056//4056
f 4094//4094 4056//4056 4055//4055
f 4058//4058 4059//4059 4057//4057
f 4058//4058 4057//4057 4094//4094
f 4060//4060 4061//4061 4059//4059
f 4060//4060 4059//4059 4058//4058
f 4062//4062 4061//4061 4060//4060
f 4062//4062 4063//4063 4061//4061
f 4064//4064 4065//4065 4063//4063
f 4064//4064 4063//4063 4062//4062
f 4064//4064 4066//4066 4065//4065
f 4097//4097 4066//4066 4064//4064
f 4068//4068 4069//4069 4067//4067
f 4070//4070 4069//4069 4068//4068
f 4071//4071 4069//4069 4070//4070
f 4071//4071 4072//4072 4069//4069
f 4073//4073 4072//4072 4071//4071
f 4073//4073 4074//4074 4072//4072
f 4123//4123 4074//4074 4073//4073
f 4123//4123 4075//4075 4074//4074
f 4076//4076 4075//4075 4123//4123
f 4076//4076 4077//4077 4075//4075
f 4078//4078 4077//4077 4076//4076
f 4078//4078 4079//4079 4077//4077
f 4080//4080 4081//4081 4079//4079
f 4080//4080 4079//4079 4078//4078
f 4082//4082 4081//4081 4080//4080
f 4082//4082 4086//4086 4081//4081
f 4083//4083 4086//4086 4082//4082
f 4120//4120 4084//4084 4086//4086
f 4120//4120 4086//4086 4083//4083
f 4119//4119 4085//4085 4084//4084
f 4119//4119 4084//4084 4120//4120
f 4086//4086 4084//4084 4085//4085
f 4086//4086 4079//4079 4081//4081
f 4091//4091 4086//4086 4085//4085
f 4077//4077 4079//4079 4086//4086
f 4087//4087 4091//4091 4085//4085
f 4077//4077 4086//4086 4091//4091
f 4092//4092 4075//4075 4077//4077
f 4088//4088 4091//4091 4087//4087
f 4092//4092 4074//4074 4075//4075
f 4092//4092 4072//4072 4074//4074
f 4091//4091 4092//4092 4077//4077
f 4089//4089 4091//4091 4088//4088
f 4092//4092 4069//4069 4072//4072
f 4089//4089 4096//4096 4091//4091
f 4093//4093 4089//4089 4090//4090
f 4093//4093 4096//4096 4089//4089
f 4054//4054 4069//4069 4092//4092
f 4054//4054 4067//4067 4069//4069
f 4096//4096 4092//4092 4091//4091
f 4092//4092 4055//4055 4054//4054
f 4094//4094 4092//4092 4096//4096
f 4092//4092 4094//4094 4055//4055
f 4095//4095 4096//4096 4093//4093
f 4094//4094 4060//4060 4058//4058
f 4096//4096 4060//4060 4094//4094
f 4096//4096 4062//4062 4060//4060
f 4096//4096 4064//4064 4062//4062
f 4064//4064 4096//4096 4095//4095
f 4097//4097 4064//4064 4095//4095
f 4099//4099 4098//4098 4113//4113
f 4099//4099 4100//4100 4098//4098
f 4099//4099 4101//4101 4100//4100
f 4102//4102 4101//4101 4099//4099
f 4104//4104 4103//4103 4101//4101
f 4104//4104 4101//4101 4102//4102
f 4104//4104 4105//4105 4103//4103
f 4106//4106 4105//4105 4104//4104
f 4106//4106 4107//4107 4105//4105
f 4108//4108 4109//4109 4107//4107
f 4108//4108 4107//4107 4106//4106
f 4110//4110 4109//4109 4108//4108
f 4110//4110 4111//4111 4109//4109
f 4070//4070 4111//4111 4110//4110
f 4068//4068 4111//4111 4070//4070
f 4068//4068 4112//4112 4111//4111
f 4118//4118 4115//4115 4116//4116
f 4118//4118 4114//4114 4115//4115
f 4114//4114 4099//4099 4113//4113
f 4102//4102 4099//4099 4114//4114
f 4118//4118 4102//4102 4114//4114
f 4120//4120 4117//4117 4119//4119
f 4118//4118 4116//4116 4117//4117
f 4104//4104 4102//4102 4118//4118
f 4121//4121 4118//4118 4117//4117
f 4104//4104 4118//4118 4122//4122
f 4121//4121 4122//4122 4118//4118
f 4120//4120 4121//4121 4117//4117
f 4121//4121 4083//4083 4082//4082
f 4121//4121 4120//4120 4083//4083
f 4121//4121 4082//4082 4080//4080
f 4121//4121 4080//4080 4078//4078
f 4123//4123 4122//4122 4121//4121
f 4108//4108 4104//4104 4122//4122
f 4108//4108 4106//4106 4104//4104
f 4121//4121 4078//4078 4076//4076
f 4123//4123 4121//4121 4076//4076
f 4070//4070 4108//4108 4122//4122
f 4070//4070 4110//4110 4108//4108
f 4070//4070 4122//4122 4123//4123
f 4070//4070 4073//4073 4071//4071
f 4070//4070 4123//4123 4073//4073
f 4067//4067 4112//4112 4068//4068
f 4067//4067 4052//4052 4112//4112
f 4151//4151 4125//4125 4124//4124
f 4151//4151 4124//4124 4130//4130
f 4148//4148 4125//4125 4151//4151
f 4148//4148 4126//4126 4125//4125
f 4149//4149 4126//4126 4148//4148
f 4152//4152 4126//4126 4149//4149
f 4152//4152 4127//4127 4126//4126
f 4147//4147 4127//4127 4152//4152
f 4147//4147 4128//4128 4127//4127
f 4129//4129 4128//4128 4147//4147
f 4131//4131 4155//4155 4130//4130
f 4132//4132 4133//4133 4155//4155
f 4132//4132 4155//4155 4131//4131
f 4134//4134 4133//4133 4132//4132
f 4134//4134 4135//4135 4133//4133
f 4134//4134 4136//4136 4135//4135
f 4137//4137 4136//4136 4134//4134
f 4139//4139 4138//4138 4136//4136
f 4139//4139 4136//4136 4137//4137
f 4139//4139 4140//4140 4138//4138
f 4141//4141 4140//4140 4139//4139
f 4142//4142 4143//4143 4140//4140
f 4142//4142 4140//4140 4141//4141
f 4144//4144 4143//4143 4142//4142
f 4144//4144 4145//4145 4143//4143
f 4146//4146 4145//4145 4144//4144
f 4150//4150 4129//4129 4147//4147
f 4153//4153 4150//4150 4147//4147
f 4155//4155 4151//4151 4130//4130
f 4152//4152 4153//4153 4147//4147
f 4156//4156 4152//4152 4149//4149
f 4155//4155 4148//4148 4151//4151
f 4135//4135 4149//4149 4148//4148
f 4155//4155 4135//4135 4148//4148
f 4135//4135 4156//4156 4149//4149
f 4157//4157 4152//4152 4156//4156
f 4157//4157 4153//4153 4152//4152
f 4154//4154 4153//4153 4157//4157
f 4135//4135 4155//4155 4133//4133
f 4156//4156 4135//4135 4136//4136
f 4156//4156 4136//4136 4138//4138
f 4157//4157 4158//4158 4154//4154
f 4156//4156 4138//4138 4140//4140
f 4157//4157 4156//4156 4140//4140
f 4145//4145 4158//4158 4157//4157
f 4157//4157 4140//4140 4143//4143
f 4157//4157 4143//4143 4145//4145
f 4130//4130 4124//4124 4131//4131
f 4031//4031 4030//4030 4169//4169
f 4031//4031 4169//4169 4168//4168
f 4160//4160 4161//4161 4159//4159
f 4163//4163 4160//4160 4162//4162
f 4163//4163 4161//4161 4160//4160
f 4164//4164 4163//4163 4162//4162
f 4165//4165 4164//4164 4162//4162
f 4167//4167 4164//4164 4165//4165
f 4166//4166 4167//4167 4165//4165
f 4167//4167 4166//4166 4168//4168
f 4169//4169 4167//4167 4168//4168
f 4171//4171 4160//4160 4159//4159
f 4171//4171 4159//4159 4170//4170
f 4171//4171 4162//4162 4160//4160
f 4172//4172 4162//4162 4171//4171
f 4172//4172 4165//4165 4162//4162
f 4173//4173 4165//4165 4172//4172
f 4173//4173 4166//4166 4165//4165
f 4174//4174 4166//4166 4173//4173
f 4175//4175 4166//4166 4174//4174
f 4175//4175 4168//4168 4166//4166
f 4176//4176 4168//4168 4175//4175
f 4031//4031 4168//4168 4176//4176
f 4179//4179 4178//4178 4180//4180
f 4179//4179 4180//4180 4181//4181
f 4182//4182 4179//4179 4181//4181
f 4182//4182 4181//4181 4183//4183
f 4184//4184 4182//4182 4183//4183
f 4183//4183 4189//4189 4177//4177
f 4184//4184 4183//4183 4177//4177
f 4177//4177 4185//4185 4184//4184
f 4177//4177 4005//4005 4185//4185
f 4186//4186 4180//4180 4178//4178
f 4187//4187 4180//4180 4186//4186
f 4187//4187 4181//4181 4180//4180
f 4188//4188 4181//4181 4187//4187
f 4188//4188 4183//4183 4181//4181
f 4189//4189 4183//4183 4188//4188
f 4190//4190 4177//4177 4189//4189
f 4005//4005 4177//4177 4190//4190
f 4005//4005 4190//4190 4003//4003
f 4142//4142 4008//4008 4144//4144
f 4146//4146 4144//4144 4008//4008
f 4141//4141 4008//4008 4142//4142
f 4139//4139 4008//4008 4141//4141
f 4137//4137 4008//4008 4139//4139
f 4134//4134 4008//4008 4137//4137
f 4132//4132 4008//4008 4134//4134
f 4131//4131 4008//4008 4132//4132
f 4001//4001 4124//4124 4125//4125
f 4001//4001 4131//4131 4124//4124
f 4001//4001 4008//4008 4131//4131
f 4126//4126 4001//4001 4125//4125
f 4127//4127 4001//4001 4126//4126
f 4128//4128 4001//4001 4127//4127
f 4192//4192 4176//4176 4191//4191
f 4193//4193 4191//4191 4176//4176
f 4193//4193 4176//4176 4175//4175
f 4193//4193 4175//4175 4174//4174
f 4195//4195 4193//4193 4174//4174
f 4170//4170 4176//4176 4192//4192
f 4170//4170 4192//4192 4194//4194
f 4173//4173 4195//4195 4174//4174
f 4170//4170 4194//4194 4196//4196
f 4171//4171 4170//4170 4196//4196
f 4173//4173 4197//4197 4195//4195
f 4171//4171 4196//4196 4197//4197
f 4172//4172 4197//4197 4173//4173
f 4172//4172 4171//4171 4197//4197
f 4186//4186 4007//4007 4006//4006
f 4178//4178 4007//4007 4186//4186
f 4199//4199 4198//4198 4003//4003
f 4199//4199 4003//4003 4190//4190
f 4201//4201 4003//4003 4198//4198
f 4200//4200 4199//4199 4190//4190
f 4200//4200 4190//4190 4189//4189
f 4203//4203 4200//4200 4189//4189
f 4006//4006 4003//4003 4201//4201
f 4006//4006 4201//4201 4202//4202
f 4188//4188 4203//4203 4189//4189
f 4186//4186 4006//4006 4202//4202
f 4186//4186 4202//4202 4204//4204
f 4188//4188 4205//4205 4203//4203
f 4187//4187 4186//4186 4204//4204
f 4187//4187 4205//4205 4188//4188
f 4187//4187 4204//4204 4205//4205
f 4206//4206 4204//4204 4216//4216
f 4206//4206 4205//4205 4204//4204
f 4207//4207 4205//4205 4206//4206
f 4208//4208 4205//4205 4207//4207
f 4208//4208 4203//4203 4205//4205
f 4209//4209 4203//4203 4208//4208
f 4210//4210 4203//4203 4209//4209
f 4210//4210 4200//4200 4203//4203
f 4211//4211 4200//4200 4210//4210
f 4212//4212 4200//4200 4211//4211
f 4212//4212 4199//4199 4200//4200
f 4213//4213 4199//4199 4212//4212
f 4213//4213 4198//4198 4199//4199
f 4214//4214 4198//4198 4213//4213
f 4214//4214 4201//4201 4198//4198
f 4215//4215 4201//4201 4214//4214
f 4215//4215 4202//4202 4201//4201
f 4216//4216 4202//4202 4215//4215
f 4216//4216 4204//4204 4202//4202
f 4218//4218 4196//4196 4217//4217
f 4218//4218 4197//4197 4196//4196
f 4219//4219 4197//4197 4218//4218
f 4220//4220 4195//4195 4197//4197
f 4220//4220 4197//4197 4219//4219
f 4221//4221 4195//4195 4220//4220
f 4222//4222 4195//4195 4221//4221
f 4222//4222 4193//4193 4195//4195
f 4223//4223 4193//4193 4222//4222
f 4224//4224 4193//4193 4223//4223
f 4224//4224 4191//4191 4193//4193
f 4224//4224 4192//4192 4191//4191
f 4225//4225 4192//4192 4224//4224
f 4225//4225 4194//4194 4192//4192
f 4226//4226 4194//4194 4225//4225
f 4217//4217 4194//4194 4226//4226
f 4217//4217 4196//4196 4194//4194
f 4051//4051 4227//4227 4228//4228
f 4051//4051 4228//4228 4229//4229
f 4051//4051 4230//4230 4227//4227
f 4231//4231 4230//4230 4051//4051
f 4050//4050 4051//4051 4232//4232
f 4232//4232 4051//4051 4229//4229
f 3955//3955 3953//3953 4233//4233
f 4229//4229 4234//4234 4232//4232
f 4235//4235 4234//4234 4229//4229
f 4236//4236 3955//3955 4233//4233
f 3958//3958 3955//3955 4236//4236
f 4237//4237 4234//4234 4235//4235
f 4237//4237 4238//4238 4234//4234
f 4236//4236 3959//3959 3958//3958
f 4239//4239 3959//3959 4236//4236
f 4239//4239 4237//4237 3959//3959
f 4239//4239 4238//4238 4237//4237
f 4242//4242 4240//4240 4241//4241
f 4242//4242 4241//4241 4243//4243
f 4244//4244 4242//4242 4243//4243
f 4244//4244 4243//4243 4246//4246
f 4245//4245 4244//4244 4246//4246
f 4247//4247 4245//4245 4246//4246
f 4247//4247 4246//4246 4248//4248
f 4249//4249 4247//4247 4248//4248
f 4249//4249 4248//4248 4250//4250
f 4252//4252 4249//4249 4250//4250
f 4252//4252 4250//4250 4251//4251
f 4252//4252 4251//4251 4254//4254
f 4253//4253 4252//4252 4254//4254
f 4253//4253 4254//4254 4255//4255
f 4256//4256 4253//4253 4255//4255
f 4238//4238 4241//4241 4240//4240
f 4238//4238 4239//4239 4241//4241
f 3964//3964 3966//3966 4257//4257
f 3964//3964 4257//4257 4258//4258
f 3962//3962 3964//3964 4258//4258
f 3962//3962 4258//4258 4259//4259
f 3961//3961 3962//3962 4259//4259
f 3961//3961 4259//4259 4260//4260
f 3961//3961 4260//4260 4261//4261
f 3963//3963 3961//3961 4261//4261
f 3963//3963 4261//4261 4262//4262
f 3965//3965 3963//3963 4262//4262
f 3965//3965 4262//4262 4263//4263
f 4264//4264 4265//4265 4266//4266
f 4267//4267 4264//4264 4266//4266
f 3984//3984 3965//3965 4263//4263
f 3984//3984 4266//4266 4265//4265
f 4268//4268 4266//4266 3984//3984
f 4269//4269 4270//4270 4268//4268
f 4271//4271 3984//3984 4263//4263
f 4271//4271 4268//4268 3984//3984
f 4271//4271 4269//4269 4268//4268
f 3985//3985 4273//4273 4272//4272
f 3985//3985 4272//4272 3967//3967
f 3976//3976 4273//4273 3985//3985
f 3976//3976 4274//4274 4273//4273
f 3975//3975 4274//4274 3976//3976
f 3973//3973 4274//4274 3975//3975
f 3973//3973 4275//4275 4274//4274
f 3973//3973 4276//4276 4275//4275
f 3971//3971 4276//4276 3973//3973
f 3971//3971 4277//4277 4276//4276
f 3968//3968 4277//4277 3971//3971
f 3967//3967 4272//4272 4257//4257
f 3967//3967 4257//4257 3966//3966
f 3871//3871 4278//4278 4279//4279
f 3873//3873 3871//3871 4279//4279
f 3872//3872 3873//3873 4279//4279
f 3872//3872 4279//4279 4280//4280
f 3877//3877 3872//3872 4280//4280
f 3877//3877 4280//4280 4281//4281
f 3879//3879 3877//3877 4281//4281
f 3879//3879 4281//4281 4282//4282
f 3880//3880 3879//3879 4282//4282
f 3880//3880 4282//4282 4283//4283
f 3881//3881 4283//4283 4284//4284
f 3881//3881 3880//3880 4283//4283
f 3893//3893 3881//3881 4284//4284
f 3893//3893 4284//4284 4285//4285
f 3892//3892 3893//3893 4285//4285
f 3891//3891 4285//4285 4286//4286
f 3891//3891 3892//3892 4285//4285
f 3867//3867 3891//3891 4286//4286
f 4039//4039 4041//4041 4287//4287
f 4038//4038 4039//4039 4287//4287
f 4043//4043 4287//4287 4041//4041
f 4036//4036 4038//4038 4287//4287
f 4288//4288 4287//4287 4043//4043
f 4288//4288 4043//4043 4046//4046
f 4288//4288 4046//4046 4048//4048
f 4288//4288 4048//4048 4050//4050
f 4026//4026 4287//4287 4029//4029
f 4026//4026 4034//4034 4036//4036
f 4026//4026 4036//4036 4287//4287
f 4015//4015 4034//4034 4026//4026
f 4019//4019 4017//4017 4015//4015
f 4021//4021 4019//4019 4015//4015
f 4021//4021 4015//4015 4026//4026
f 4021//4021 4026//4026 4025//4025
f 4021//4021 4025//4025 4023//4023
f 4232//4232 4288//4288 4050//4050
f 4234//4234 4288//4288 4232//4232
f 4238//4238 4288//4288 4234//4234
f 4244//4244 4240//4240 4242//4242
f 4245//4245 4240//4240 4244//4244
f 4256//4256 4288//4288 4238//4238
f 4256//4256 4238//4238 4240//4240
f 4247//4247 4240//4240 4245//4245
f 4249//4249 4240//4240 4247//4247
f 4249//4249 4256//4256 4240//4240
f 4252//4252 4253//4253 4256//4256
f 4252//4252 4256//4256 4249//4249
f 3810//3810 3793//3793 3867//3867
f 4289//4289 3867//3867 4286//4286
f 4289//4289 3810//3810 3867//3867
f 4290//4290 3810//3810 4289//4289
f 4290//4290 4289//4289 4291//4291
f 4292//4292 4290//4290 4291//4291
f 4293//4293 4289//4289 4294//4294
f 4293//4293 4291//4291 4289//4289
f 4296//4296 4295//4295 4293//4293
f 4297//4297 4296//4296 4293//4293
f 4297//4297 4293//4293 4294//4294
f 3864//3864 4299//4299 4298//4298
f 3864//3864 4298//4298 3866//3866
f 3861//3861 4300//4300 4299//4299
f 3861//3861 4299//4299 3864//3864
f 3860//3860 4300//4300 3861//3861
f 3860//3860 4301//4301 4300//4300
f 3862//3862 4301//4301 3860//3860
f 3862//3862 4302//4302 4301//4301
f 3858//3858 4302//4302 3862//3862
f 3858//3858 4303//4303 4302//4302
f 3859//3859 4303//4303 3858//3858
f 3859//3859 4304//4304 4303//4303
f 3863//3863 4304//4304 3859//3859
f 3863//3863 4305//4305 4304//4304
f 3865//3865 4306//4306 4305//4305
f 3865//3865 4305//4305 3863//3863
f 3866//3866 4278//4278 3871//3871
f 3866//3866 4298//4298 4278//4278
f 4308//4308 4309//4309 4307//4307
f 4310//4310 4309//4309 4308//4308
f 4310//4310 4311//4311 4309//4309
f 4312//4312 4311//4311 4310//4310
f 4312//4312 4313//4313 4311//4311
f 4314//4314 4313//4313 4312//4312
f 4314//4314 4315//4315 4313//4313
f 4317//4317 4315//4315 4314//4314
f 4317//4317 4316//4316 4315//4315
f 4318//4318 4316//4316 4317//4317
f 4318//4318 4319//4319 4316//4316
f 4318//4318 4343//4343 4319//4319
f 4320//4320 4343//4343 4318//4318
f 4321//4321 4348//4348 4343//4343
f 4321//4321 4343//4343 4320//4320
f 4309//4309 4322//4322 4307//4307
f 4309//4309 4374//4374 4322//4322
f 4323//4323 4324//4324 4374//4374
f 4323//4323 4374//4374 4309//4309
f 4337//4337 4324//4324 4323//4323
f 4337//4337 4325//4325 4324//4324
f 4326//4326 4325//4325 4337//4337
f 4326//4326 4377//4377 4325//4325
f 4327//4327 4377//4377 4326//4326
f 4327//4327 4328//4328 4377//4377
f 4330//4330 4329//4329 4328//4328
f 4330//4330 4328//4328 4327//4327
f 4340//4340 4331//4331 4329//4329
f 4340//4340 4329//4329 4330//4330
f 4332//4332 4331//4331 4340//4340
f 4332//4332 4333//4333 4331//4331
f 4334//4334 4336//4336 4333//4333
f 4334//4334 4333//4333 4332//4332
f 4335//4335 4336//4336 4334//4334
f 4338//4338 4323//4323 4309//4309
f 4337//4337 4323//4323 4338//4338
f 4338//4338 4309//4309 4311//4311
f 4339//4339 4326//4326 4337//4337
f 4339//4339 4327//4327 4326//4326
f 4339//4339 4337//4337 4338//4338
f 4338//4338 4311//4311 4313//4313
f 4340//4340 4327//4327 4339//4339
f 4340//4340 4330//4330 4327//4327
f 4315//4315 4338//4338 4313//4313
f 4341//4341 4332//4332 4340//4340
f 4316//4316 4339//4339 4338//4338
f 4342//4342 4340//4340 4339//4339
f 4316//4316 4338//4338 4315//4315
f 4342//4342 4341//4341 4340//4340
f 4341//4341 4334//4334 4332//4332
f 4344//4344 4339//4339 4316//4316
f 4344//4344 4342//4342 4339//4339
f 4349//4349 4316//4316 4319//4319
f 4345//4345 4342//4342 4344//4344
f 4343//4343 4349//4349 4319//4319
f 4344//4344 4316//4316 4349//4349
f 4342//4342 4345//4345 4341//4341
f 4344//4344 4346//4346 4345//4345
f 4349//4349 4343//4343 4348//4348
f 4344//4344 4347//4347 4346//4346
f 4349//4349 4347//4347 4344//4344
f 4352//4352 4366//4366 4350//4350
f 4352//4352 4351//4351 4366//4366
f 4354//4354 4353//4353 4351//4351
f 4354//4354 4351//4351 4352//4352
f 4356//4356 4353//4353 4354//4354
f 4356//4356 4355//4355 4353//4353
f 4357//4357 4358//4358 4355//4355
f 4357//4357 4355//4355 4356//4356
f 4360//4360 4359//4359 4358//4358
f 4360//4360 4358//4358 4357//4357
f 4362//4362 4361//4361 4359//4359
f 4362//4362 4359//4359 4360//4360
f 4363//4363 4364//4364 4361//4361
f 4363//4363 4361//4361 4362//4362
f 4365//4365 4322//4322 4364//4364
f 4365//4365 4364//4364 4363//4363
f 4369//4369 4351//4351 4353//4353
f 4369//4369 4366//4366 4351//4351
f 4355//4355 4369//4369 4353//4353
f 4358//4358 4369//4369 4355//4355
f 4369//4369 4367//4367 4366//4366
f 4368//4368 4358//4358 4359//4359
f 4368//4368 4359//4359 4361//4361
f 4369//4369 4370//4370 4367//4367
f 4368//4368 4361//4361 4364//4364
f 4373//4373 4369//4369 4358//4358
f 4373//4373 4358//4358 4368//4368
f 4374//4374 4368//4368 4364//4364
f 4374//4374 4364//4364 4322//4322
f 4372//4372 4370//4370 4369//4369
f 4372//4372 4371//4371 4370//4370
f 4373//4373 4372//4372 4369//4369
f 4375//4375 4371//4371 4372//4372
f 4376//4376 4372//4372 4373//4373
f 4368//4368 4324//4324 4325//4325
f 4368//4368 4374//4374 4324//4324
f 4377//4377 4373//4373 4368//4368
f 4377//4377 4368//4368 4325//4325
f 4376//4376 4375//4375 4372//4372
f 4377//4377 4376//4376 4373//4373
f 4378//4378 4375//4375 4376//4376
f 4376//4376 4377//4377 4328//4328
f 4376//4376 4328//4328 4329//4329
f 4378//4378 4376//4376 4329//4329
f 4378//4378 4331//4331 4333//4333
f 4378//4378 4329//4329 4331//4331
f 4336//4336 4378//4378 4333//4333
f 4307//4307 4322//4322 4365//4365
f 4307//4307 4365//4365 4308//4308
f 4381//4381 4380//4380 4379//4379
f 4381//4381 4382//4382 4380//4380
f 4384//4384 4382//4382 4381//4381
f 4384//4384 4383//4383 4382//4382
f 4385//4385 4403//4403 4383//4383
f 4385//4385 4383//4383 4384//4384
f 4387//4387 4386//4386 4403//4403
f 4387//4387 4403//4403 4385//4385
f 4390//4390 4389//4389 4388//4388
f 4390//4390 4388//4388 4380//4380
f 4391//4391 4389//4389 4390//4390
f 4391//4391 4392//4392 4389//4389
f 4408//4408 4392//4392 4391//4391
f 4408//4408 4393//4393 4392//4392
f 4395//4395 4393//4393 4408//4408
f 4395//4395 4394//4394 4393//4393
f 4397//4397 4394//4394 4395//4395
f 4397//4397 4396//4396 4394//4394
f 4398//4398 4396//4396 4397//4397
f 4398//4398 4399//4399 4396//4396
f 4406//4406 4386//4386 4400//4400
f 4406//4406 4400//4400 4401//4401
f 4402//4402 4406//4406 4401//4401
f 4403//4403 4386//4386 4406//4406
f 4405//4405 4402//4402 4404//4404
f 4405//4405 4406//4406 4402//4402
f 4398//4398 4405//4405 4404//4404
f 4383//4383 4403//4403 4406//4406
f 4407//4407 4406//4406 4405//4405
f 4407//4407 4383//4383 4406//4406
f 4407//4407 4382//4382 4383//4383
f 4397//4397 4405//4405 4398//4398
f 4382//4382 4407//4407 4409//4409
f 4409//4409 4407//4407 4405//4405
f 4405//4405 4397//4397 4395//4395
f 4408//4408 4405//4405 4395//4395
f 4408//4408 4409//4409 4405//4405
f 4409//4409 4380//4380 4382//4382
f 4409//4409 4408//4408 4391//4391
f 4409//4409 4391//4391 4390//4390
f 4380//4380 4409//4409 4390//4390
f 4380//4380 4388//4388 4379//4379
f 4366//4366 4114//4114 4113//4113
f 4367//4367 4114//4114 4366//4366
f 4367//4367 4115//4115 4114//4114
f 4370//4370 4115//4115 4367//4367
f 4371//4371 4115//4115 4370//4370
f 4371//4371 4116//4116 4115//4115
f 4375//4375 4116//4116 4371//4371
f 4375//4375 4117//4117 4116//4116
f 4378//4378 4117//4117 4375//4375
f 4336//4336 4119//4119 4117//4117
f 4336//4336 4117//4117 4378//4378
f 4366//4366 4113//4113 4098//4098
f 4366//4366 4098//4098 4350//4350
f 4095//4095 4349//4349 4348//4348
f 4095//4095 4348//4348 4097//4097
f 4093//4093 4349//4349 4095//4095
f 4093//4093 4347//4347 4349//4349
f 4090//4090 4347//4347 4093//4093
f 4090//4090 4346//4346 4347//4347
f 4089//4089 4346//4346 4090//4090
f 4089//4089 4345//4345 4346//4346
f 4088//4088 4345//4345 4089//4089
f 4088//4088 4341//4341 4345//4345
f 4087//4087 4341//4341 4088//4088
f 4087//4087 4334//4334 4341//4341
f 4085//4085 4334//4334 4087//4087
f 4085//4085 4335//4335 4334//4334
f 4119//4119 4336//4336 4335//4335
f 4119//4119 4335//4335 4085//4085
f 4398//4398 4158//4158 4145//4145
f 4404//4404 4158//4158 4398//4398
f 4402//4402 4158//4158 4404//4404
f 4402//4402 4154//4154 4158//4158
f 4401//4401 4154//4154 4402//4402
f 4401//4401 4153//4153 4154//4154
f 4400//4400 4153//4153 4401//4401
f 4400//4400 4150//4150 4153//4153
f 4386//4386 4150//4150 4400//4400
f 4386//4386 4129//4129 4150//4150
f 4129//4129 4386//4386 4387//4387
f 4129//4129 4387//4387 4128//4128
f 4410//4410 4290//4290 4292//4292
f 4411//4411 4410//4410 4292//4292
f 4412//4412 4410//4410 4411//4411
f 4412//4412 4413//4413 4410//4410
f 4413//4413 4412//4412 4414//4414
f 4416//4416 4414//4414 4415//4415
f 4416//4416 4413//4413 4414//4414
f 4416//4416 4415//4415 4417//4417
f 4418//4418 4416//4416 4417//4417
f 4419//4419 4418//4418 4417//4417
f 4420//4420 4419//4419 4421//4421
f 4419//4419 4420//4420 4418//4418
f 4295//4295 4296//4296 4420//4420
f 4295//4295 4420//4420 4421//4421
f 4421//4421 4293//4293 4295//4295
f 4421//4421 4422//4422 4293//4293
f 4419//4419 4422//4422 4421//4421
f 4419//4419 4423//4423 4422//4422
f 4417//4417 4423//4423 4419//4419
f 4417//4417 4424//4424 4423//4423
f 4415//4415 4424//4424 4417//4417
f 4414//4414 4424//4424 4415//4415
f 4414//4414 4425//4425 4424//4424
f 4412//4412 4425//4425 4414//4414
f 4412//4412 4426//4426 4425//4425
f 4411//4411 4426//4426 4412//4412
f 4291//4291 4426//4426 4411//4411
f 4292//4292 4291//4291 4411//4411
f 4428//4428 4427//4427 4267//4267
f 4429//4429 4427//4427 4428//4428
f 4430//4430 4429//4429 4428//4428
f 4431//4431 4429//4429 4430//4430
f 4431//4431 4430//4430 4432//4432
f 4434//4434 4432//4432 4433//4433
f 4431//4431 4432//4432 4434//4434
f 4434//4434 4433//4433 4435//4435
f 4437//4437 4434//4434 4435//4435
f 4436//4436 4437//4437 4435//4435
f 4269//4269 4437//4437 4436//4436
f 4270//4270 4269//4269 4436//4436
f 4435//4435 4438//4438 4436//4436
f 4435//4435 4439//4439 4438//4438
f 4433//4433 4439//4439 4435//4435
f 4433//4433 4440//4440 4439//4439
f 4432//4432 4440//4440 4433//4433
f 4430//4430 4440//4440 4432//4432
f 4430//4430 4441//4441 4440//4440
f 4430//4430 4442//4442 4441//4441
f 4428//4428 4442//4442 4430//4430
f 4266//4266 4442//4442 4428//4428
f 4267//4267 4266//4266 4428//4428
f 4394//4394 4396//4396 4271//4271
f 4399//4399 4271//4271 4396//4396
f 4393//4393 4394//4394 4271//4271
f 4392//4392 4393//4393 4271//4271
f 4389//4389 4392//4392 4271//4271
f 4388//4388 4389//4389 4271//4271
f 4263//4263 4381//4381 4379//4379
f 4263//4263 4379//4379 4388//4388
f 4263//4263 4388//4388 4271//4271
f 4384//4384 4381//4381 4263//4263
f 4385//4385 4384//4384 4263//4263
f 4387//4387 4385//4385 4263//4263
f 4398//4398 4145//4145 4146//4146
f 4398//4398 4146//4146 4399//4399
f 4444//4444 4291//4291 4443//4443
f 4444//4444 4426//4426 4291//4291
f 4446//4446 4443//4443 4291//4291
f 4445//4445 4426//4426 4444//4444
f 4445//4445 4425//4425 4426//4426
f 4293//4293 4447//4447 4446//4446
f 4293//4293 4446//4446 4291//4291
f 4449//4449 4447//4447 4293//4293
f 4425//4425 4445//4445 4448//4448
f 4424//4424 4425//4425 4448//4448
f 4422//4422 4449//4449 4293//4293
f 4424//4424 4448//4448 4450//4450
f 4422//4422 4450//4450 4449//4449
f 4423//4423 4424//4424 4450//4450
f 4423//4423 4450//4450 4422//4422
f 4438//4438 4268//4268 4270//4270
f 4436//4436 4438//4438 4270//4270
f 4452//4452 4451//4451 4266//4266
f 4451//4451 4442//4442 4266//4266
f 4454//4454 4452//4452 4266//4266
f 4453//4453 4442//4442 4451//4451
f 4268//4268 4454//4454 4266//4266
f 4268//4268 4456//4456 4454//4454
f 4441//4441 4442//4442 4453//4453
f 4441//4441 4453//4453 4455//4455
f 4440//4440 4441//4441 4455//4455
f 4438//4438 4456//4456 4268//4268
f 4438//4438 4458//4458 4456//4456
f 4440//4440 4455//4455 4457//4457
f 4439//4439 4458//4458 4438//4438
f 4439//4439 4440//4440 4457//4457
f 4439//4439 4457//4457 4458//4458
f 4437//4437 4269//4269 4271//4271
f 4399//4399 4437//4437 4271//4271
f 4399//4399 4434//4434 4437//4437
f 4431//4431 4434//4434 4399//4399
f 4427//4427 4264//4264 4267//4267
f 4146//4146 4431//4431 4399//4399
f 4182//4182 4146//4146 4179//4179
f 4178//4178 4179//4179 4146//4146
f 4182//4182 4431//4431 4146//4146
f 4008//4008 4178//4178 4146//4146
f 4182//4182 4429//4429 4431//4431
f 4007//4007 4178//4178 4008//4008
f 4184//4184 4429//4429 4182//4182
f 4002//4002 4185//4185 4005//4005
f 4002//4002 4264//4264 4185//4185
f 4185//4185 4264//4264 4184//4184
f 4184//4184 4264//4264 4427//4427
f 4184//4184 4427//4427 4429//4429
f 4458//4458 4459//4459 4468//4468
f 4457//4457 4459//4459 4458//4458
f 4457//4457 4460//4460 4459//4459
f 4455//4455 4461//4461 4460//4460
f 4455//4455 4460//4460 4457//4457
f 4455//4455 4462//4462 4461//4461
f 4453//4453 4462//4462 4455//4455
f 4453//4453 4463//4463 4462//4462
f 4453//4453 4464//4464 4463//4463
f 4451//4451 4464//4464 4453//4453
f 4451//4451 4465//4465 4464//4464
f 4452//4452 4465//4465 4451//4451
f 4452//4452 4466//4466 4465//4465
f 4454//4454 4466//4466 4452//4452
f 4454//4454 4467//4467 4466//4466
f 4456//4456 4467//4467 4454//4454
f 4456//4456 4468//4468 4467//4467
f 4458//4458 4468//4468 4456//4456
f 4449//4449 4470//4470 4469//4469
f 4450//4450 4470//4470 4449//4449
f 4450//4450 4471//4471 4470//4470
f 4450//4450 4472//4472 4471//4471
f 4448//4448 4472//4472 4450//4450
f 4448//4448 4473//4473 4472//4472
f 4448//4448 4474//4474 4473//4473
f 4445//4445 4474//4474 4448//4448
f 4445//4445 4475//4475 4474//4474
f 4444//4444 4475//4475 4445//4445
f 4444//4444 4476//4476 4475//4475
f 4443//4443 4477//4477 4476//4476
f 4443//4443 4476//4476 4444//4444
f 4443//4443 4478//4478 4477//4477
f 4446//4446 4478//4478 4443//4443
f 4447//4447 4478//4478 4446//4446
f 4447//4447 4479//4479 4478//4478
f 4447//4447 4469//4469 4479//4479
f 4449//4449 4469//4469 4447//4447
f 4265//4265 4002//4002 4004//4004
f 4264//4264 4002//4002 4265//4265
f 4465//4465 4265//4265 4464//4464
f 4466//4466 4265//4265 4465//4465
f 4463//4463 4464//4464 4265//4265
f 3984//3984 4265//4265 4466//4466
f 3984//3984 4466//4466 4467//4467
f 4468//4468 3984//3984 4467//4467
f 4459//4459 3984//3984 4468//4468
f 4209//4209 4462//4462 4210//4210
f 4210//4210 4462//4462 4463//4463
f 4210//4210 4463//4463 4265//4265
f 4209//4209 4461//4461 4462//4462
f 4209//4209 4460//4460 4461//4461
f 4208//4208 4460//4460 4209//4209
f 4004//4004 4210//4210 4265//4265
f 4004//4004 4212//4212 4211//4211
f 4004//4004 4211//4211 4210//4210
f 4213//4213 4212//4212 4004//4004
f 4207//4207 4460//4460 4208//4208
f 4207//4207 4459//4459 4460//4460
f 4206//4206 4459//4459 4207//4207
f 4214//4214 4213//4213 4004//4004
f 3986//3986 4216//4216 4215//4215
f 3986//3986 4215//4215 4214//4214
f 3986//3986 4206//4206 4216//4216
f 3986//3986 4214//4214 4004//4004
f 3984//3984 4206//4206 3986//3986
f 3984//3984 4459//4459 4206//4206
f 4032//4032 4297//4297 4294//4294
f 4033//4033 4297//4297 4032//4032
f 4420//4420 4296//4296 4297//4297
f 4317//4317 4314//4314 4410//4410
f 4314//4314 4290//4290 4410//4410
f 4312//4312 4290//4290 4314//4314
f 4318//4318 4317//4317 4410//4410
f 4318//4318 4410//4410 4413//4413
f 4320//4320 4318//4318 4413//4413
f 4310//4310 4290//4290 4312//4312
f 4321//4321 4320//4320 4413//4413
f 4308//4308 4290//4290 4310//4310
f 4321//4321 4413//4413 4416//4416
f 4163//4163 4164//4164 4418//4418
f 4163//4163 4418//4418 4420//4420
f 4164//4164 4416//4416 4418//4418
f 4033//4033 4161//4161 4163//4163
f 4033//4033 4420//4420 4297//4297
f 4033//4033 4163//4163 4420//4420
f 4159//4159 4161//4161 4033//4033
f 4066//4066 4164//4164 4167//4167
f 4066//4066 4416//4416 4164//4164
f 4066//4066 4321//4321 4416//4416
f 4065//4065 4066//4066 4167//4167
f 4063//4063 4065//4065 4167//4167
f 4063//4063 4167//4167 4169//4169
f 4061//4061 4063//4063 4169//4169
f 4059//4059 4061//4061 4169//4169
f 4057//4057 4059//4059 4169//4169
f 4057//4057 4169//4169 4030//4030
f 4056//4056 4057//4057 4030//4030
f 4053//4053 4056//4056 4030//4030
f 4052//4052 4053//4053 4030//4030
f 4365//4365 4290//4290 4308//4308
f 3810//3810 4360//4360 4357//4357
f 3810//3810 4362//4362 4360//4360
f 3810//3810 4363//4363 4362//4362
f 3810//3810 4290//4290 4365//4365
f 3810//3810 4365//4365 4363//4363
f 4356//4356 3810//3810 4357//4357
f 4354//4354 3810//3810 4356//4356
f 4352//4352 3810//3810 4354//4354
f 4350//4350 3810//3810 4352//4352
f 3812//3812 3810//3810 4350//4350
f 3812//3812 4350//4350 4287//4287
f 4112//4112 4052//4052 4030//4030
f 4098//4098 4287//4287 4350//4350
f 4029//4029 4111//4111 4112//4112
f 4029//4029 4112//4112 4030//4030
f 4029//4029 4098//4098 4100//4100
f 4029//4029 4100//4100 4101//4101
f 4029//4029 4101//4101 4103//4103
f 4029//4029 4103//4103 4105//4105
f 4029//4029 4105//4105 4107//4107
f 4029//4029 4107//4107 4109//4109
f 4029//4029 4109//4109 4111//4111
f 4029//4029 4287//4287 4098//4098
f 4476//4476 4477//4477 4289//4289
f 4478//4478 4289//4289 4477//4477
f 4475//4475 4476//4476 4289//4289
f 4294//4294 4289//4289 4478//4478
f 4294//4294 4478//4478 4479//4479
f 4294//4294 4469//4469 4470//4470
f 4294//4294 4479//4479 4469//4469
f 4294//4294 4470//4470 4471//4471
f 4222//4222 4474//4474 4475//4475
f 4221//4221 4474//4474 4222//4222
f 4221//4221 4473//4473 4474//4474
f 4220//4220 4473//4473 4221//4221
f 4220//4220 4472//4472 4473//4473
f 4219//4219 4472//4472 4220//4220
f 4219//4219 4471//4471 4472//4472
f 4028//4028 4224//4224 4223//4223
f 4028//4028 4223//4223 4222//4222
f 4225//4225 4224//4224 4028//4028
f 4032//4032 4217//4217 4226//4226
f 4032//4032 4219//4219 4218//4218
f 4032//4032 4471//4471 4219//4219
f 4032//4032 4218//4218 4217//4217
f 4032//4032 4226//4226 4225//4225
f 4032//4032 4294//4294 4471//4471
f 4032//4032 4225//4225 4028//4028
f 4028//4028 4475//4475 4289//4289
f 4028//4028 4222//4222 4475//4475
f 4348//4348 4321//4321 4066//4066
f 4097//4097 4348//4348 4066//4066
f 4284//4284 4283//4283 4282//4282
f 4279//4279 4281//4281 4280//4280
f 4278//4278 4282//4282 4281//4281
f 4278//4278 4281//4281 4279//4279
f 4286//4286 4285//4285 4284//4284
f 4278//4278 4284//4284 4282//4282
f 4278//4278 4286//4286 4284//4284
f 4298//4298 4286//4286 4278//4278
f 4299//4299 4286//4286 4298//4298
f 4480//4480 4286//4286 4299//4299
f 4480//4480 4299//4299 4300//4300
f 4480//4480 4300//4300 4301//4301
f 4480//4480 4301//4301 4302//4302
f 4480//4480 4302//4302 4303//4303
f 4480//4480 4303//4303 4304//4304
f 4480//4480 4304//4304 4305//4305
f 4480//4480 4305//4305 4306//4306
f 4231//4231 4051//4051 4049//4049
f 4231//4231 4049//4049 4047//4047
f 4231//4231 4047//4047 4045//4045
f 4231//4231 4045//4045 4044//4044
f 4231//4231 4044//4044 4042//4042
f 4040//4040 4231//4231 4042//4042
f 4037//4037 4231//4231 4040//4040
f 4018//4018 4014//4014 4016//4016
f 4020//4020 4014//4014 4018//4018
f 4022//4022 4014//4014 4020//4020
f 4027//4027 4022//4022 4024//4024
f 4027//4027 4035//4035 4014//4014
f 4027//4027 4231//4231 4037//4037
f 4027//4027 4014//4014 4022//4022
f 4027//4027 4037//4037 4035//4035
f 4289//4289 4286//4286 4480//4480
f 4289//4289 4480//4480 4231//4231
f 4028//4028 4231//4231 4027//4027
f 4028//4028 4289//4289 4231//4231
f 4482//4482 4227//4227 4481//4481
f 4482//4482 4228//4228 4227//4227
f 3990//3990 4228//4228 4482//4482
f 3990//3990 4229//4229 4228//4228
f 3990//3990 4235//4235 4229//4229
f 3992//3992 4235//4235 3990//3990
f 3992//3992 4237//4237 4235//4235
f 3988//3988 4237//4237 3992//3992
f 4481//4481 4227//4227 4230//4230
f 4483//4483 4481//4481 4230//4230
f 4306//4306 4482//4482 4481//4481
f 4306//4306 3990//3990 4482//4482
f 4306//4306 4481//4481 4483//4483
f 4480//4480 4306//4306 4483//4483
f 3865//3865 3868//3868 4306//4306
f 3868//3868 3990//3990 4306//4306
f 4485//4485 4484//4484 3874//3874
f 4485//4485 3874//3874 3875//3875
f 4486//4486 4485//4485 3875//3875
f 4486//4486 3875//3875 3876//3876
f 4487//4487 4486//4486 3876//3876
f 4487//4487 3876//3876 3878//3878
f 4488//4488 3878//3878 3882//3882
f 4488//4488 4487//4487 3878//3878
f 4489//4489 3882//3882 3885//3885
f 4489//4489 4488//4488 3882//3882
f 4489//4489 3885//3885 3886//3886
f 4490//4490 4489//4489 3886//3886
f 4490//4490 3886//3886 3887//3887
f 4491//4491 4490//4490 3887//3887
f 4491//4491 3887//3887 3888//3888
f 4491//4491 3888//3888 3889//3889
f 4492//4492 4491//4491 3889//3889
f 4492//4492 3889//3889 3890//3890
f 4493//4493 4492//4492 3890//3890
f 3870//3870 3874//3874 4484//4484
f 3870//3870 4484//4484 3994//3994
f 3997//3997 3998//3998 3999//3999
f 3995//3995 3997//3997 3999//3999
f 3995//3995 3996//3996 3997//3997
f 3995//3995 4000//4000 4001//4001
f 3995//3995 3999//3999 4000//4000
f 4009//4009 3995//3995 4001//4001
f 4128//4128 4009//4009 4001//4001
f 4010//4010 4009//4009 4128//4128
f 4011//4011 4010//4010 4128//4128
f 4012//4012 4011//4011 4128//4128
f 4248//4248 4246//4246 4243//4243
f 4248//4248 4243//4243 4241//4241
f 4250//4250 4248//4248 4241//4241
f 4254//4254 4251//4251 4250//4250
f 4255//4255 4254//4254 4250//4250
f 4255//4255 4250//4250 4241//4241
f 4255//4255 4241//4241 4239//4239
f 4274//4274 4275//4275 4387//4387
f 4273//4273 4274//4274 4387//4387
f 4276//4276 4387//4387 4275//4275
f 4276//4276 4012//4012 4128//4128
f 4276//4276 4128//4128 4387//4387
f 4277//4277 4013//4013 4012//4012
f 4277//4277 4012//4012 4276//4276
f 4272//4272 4273//4273 4387//4387
f 4277//4277 4233//4233 4013//4013
f 4263//4263 4272//4272 4387//4387
f 4257//4257 4272//4272 4263//4263
f 4261//4261 4263//4263 4262//4262
f 4260//4260 4263//4263 4261//4261
f 4260//4260 4257//4257 4263//4263
f 4259//4259 4258//4258 4257//4257
f 4259//4259 4257//4257 4260//4260
f 3989//3989 4233//4233 4277//4277
f 3991//3991 4233//4233 3989//3989
f 3991//3991 4236//4236 4233//4233
f 3991//3991 4239//4239 4236//4236
f 3993//3993 4239//4239 3991//3991
f 3994//3994 4239//4239 3993//3993
f 4486//4486 4484//4484 4485//4485
f 4487//4487 4484//4484 4486//4486
f 4493//4493 4255//4255 4239//4239
f 4493//4493 3994//3994 4484//4484
f 4493//4493 4239//4239 3994//3994
f 4493//4493 4484//4484 4487//4487
f 4491//4491 4492//4492 4493//4493
f 4489//4489 4493//4493 4487//4487
f 4489//4489 4487//4487 4488//4488
f 4489//4489 4491//4491 4493//4493
f 4490//4490 4491//4491 4489//4489
f 4288//4288 4256//4256 4255//4255
f 4288//4288 4255//4255 4493//4493
f 3890//3890 3884//3884 4288//4288
f 3890//3890 4288//4288 4493//4493
f 4231//4231 4480//4480 4483//4483
f 4231//4231 4483//4483 4230//4230
f 3852//3852 3933//3933 3938//3938
f 3853//3853 3852//3852 3938//3938
f 3854//3854 3853//3853 3938//3938
f 3854//3854 3938//3938 3939//3939
f 3855//3855 3854//3854 3939//3939
f 3855//3855 3939//3939 3940//3940
f 3856//3856 3855//3855 3940//3940
f 3856//3856 3940//3940 3941//3941
f 3851//3851 3856//3856 3941//3941
f 3927//3927 3933//3933 3852//3852
f 3927//3927 3852//3852 3838//3838
f 4500//4500 4495//4495 4494//4494
f 4500//4500 4494//4494 3839//3839
f 4497//4497 4498//4498 4496//4496
f 4502//4502 4498//4498 4497//4497
f 3851//3851 4500//4500 3839//3839
f 3851//3851 4506//4506 4499//4499
f 3851//3851 4499//4499 4500//4500
f 4503//4503 4501//4501 4498//4498
f 4503//4503 4498//4498 4502//4502
f 4503//4503 4502//4502 4506//4506
f 4509//4509 4505//4505 4504//4504
f 4507//4507 4506//4506 3851//3851
f 4507//4507 4503//4503 4506//4506
f 4513//4513 4507//4507 3851//3851
f 4510//4510 4505//4505 4509//4509
f 4510//4510 4508//4508 4505//4505
f 4510//4510 4509//4509 4513//4513
f 4518//4518 4511//4511 4512//4512
f 4514//4514 4513//4513 3851//3851
f 4514//4514 4510//4510 4513//4513
f 4515//4515 4514//4514 3851//3851
f 4519//4519 4516//4516 4517//4517
f 4519//4519 4511//4511 4518//4518
f 4519//4519 4517//4517 4511//4511
f 4522//4522 4518//4518 4515//4515
f 4522//4522 4519//4519 4518//4518
f 4522//4522 4515//4515 3851//3851
f 4524//4524 4522//4522 3851//3851
f 4525//4525 4523//4523 4521//4521
f 4526//4526 4525//4525 4521//4521
f 4526//4526 4521//4521 4520//4520
f 4526//4526 4520//4520 4527//4527
f 4528//4528 4530//4530 4529//4529
f 4531//4531 4530//4530 4528//4528
f 4532//4532 4524//4524 3851//3851
f 4532//4532 4527//4527 4524//4524
f 4532//4532 4526//4526 4527//4527
f 4539//4539 4532//4532 3851//3851
f 4534//4534 4533//4533 4530//4530
f 4534//4534 4530//4530 4531//4531
f 4536//4536 4537//4537 4535//4535
f 4538//4538 4534//4534 4531//4531
f 4538//4538 4531//4531 4539//4539
f 4540//4540 4537//4537 4536//4536
f 4540//4540 4536//4536 4544//4544
f 4543//4543 4540//4540 4544//4544
f 4545//4545 4543//4543 4544//4544
f 4545//4545 4544//4544 4546//4546
f 4547//4547 4542//4542 4541//4541
f 4548//4548 4541//4541 4551//4551
f 4548//4548 4547//4547 4541//4541
f 4549//4549 4552//4552 4550//4550
f 4704//4704 4548//4548 4551//4551
f 4704//4704 4551//4551 4705//4705
f 4554//4554 4553//4553 4552//4552
f 4554//4554 4552//4552 4549//4549
f 4554//4554 4549//4549 4557//4557
f 4703//4703 4557//4557 4558//4558
f 4703//4703 4554//4554 4557//4557
f 4560//4560 4559//4559 4556//4556
f 4560//4560 4556//4556 4555//4555
f 4560//4560 4555//4555 4565//4565
f 4561//4561 4560//4560 4565//4565
f 4563//4563 4564//4564 4562//4562
f 4566//4566 4561//4561 4565//4565
f 4566//4566 4565//4565 4567//4567
f 4569//4569 4568//4568 4564//4564
f 4569//4569 4564//4564 4563//4563
f 4569//4569 4563//4563 4572//4572
f 4573//4573 4572//4572 4702//4702
f 4573//4573 4569//4569 4572//4572
f 4575//4575 4570//4570 4577//4577
f 4575//4575 4574//4574 4571//4571
f 4575//4575 4571//4571 4570//4570
f 4576//4576 4575//4575 4577//4577
f 4576//4576 4577//4577 4580//4580
f 4581//4581 4576//4576 4580//4580
f 4581//4581 4580//4580 4701//4701
f 4583//4583 4578//4578 4579//4579
f 4583//4583 4582//4582 4578//4578
f 4586//4586 4583//4583 4579//4579
f 4586//4586 4579//4579 4584//4584
f 4591//4591 4587//4587 4585//4585
f 4588//4588 4586//4586 4584//4584
f 4588//4588 4584//4584 4589//4589
f 4593//4593 4590//4590 4587//4587
f 4593//4593 4587//4587 4591//4591
f 4593//4593 4591//4591 4592//4592
f 4596//4596 4593//4593 4592//4592
f 4596//4596 4592//4592 4597//4597
f 4599//4599 4595//4595 4594//4594
f 4599//4599 4598//4598 4595//4595
f 4600//4600 4599//4599 4594//4594
f 4600//4600 4594//4594 4603//4603
f 4604//4604 4603//4603 4700//4700
f 4604//4604 4600//4600 4603//4603
f 4605//4605 4601//4601 4602//4602
f 4609//4609 4602//4602 4606//4606
f 4609//4609 4605//4605 4602//4602
f 4610//4610 4607//4607 4608//4608
f 4610//4610 4611//4611 4607//4607
f 4612//4612 4609//4609 4606//4606
f 4612//4612 4606//4606 4699//4699
f 4614//4614 4613//4613 4611//4611
f 4614//4614 4611//4611 4610//4610
f 4617//4617 4610//4610 4618//4618
f 4617//4617 4614//4614 4610//4610
f 4621//4621 4620//4620 4619//4619
f 4621//4621 4619//4619 4615//4615
f 4621//4621 4615//4615 4616//4616
f 4621//4621 4616//4616 4625//4625
f 4622//4622 4621//4621 4625//4625
f 4629//4629 4624//4624 4623//4623
f 4626//4626 4625//4625 4627//4627
f 4626//4626 4627//4627 4617//4617
f 4626//4626 4622//4622 4625//4625
f 4636//4636 4626//4626 4617//4617
f 4630//4630 4628//4628 4624//4624
f 4630//4630 4624//4624 4629//4629
f 4631//4631 4630//4630 4629//4629
f 4631//4631 4629//4629 4633//4633
f 4641//4641 4634//4634 4632//4632
f 4635//4635 4633//4633 4636//4636
f 4635//4635 4631//4631 4633//4633
f 4638//4638 4637//4637 4634//4634
f 4638//4638 4634//4634 4641//4641
f 4643//4643 4638//4638 4641//4641
f 4643//4643 4641//4641 4644//4644
f 4652//4652 4643//4643 4644//4644
f 4652//4652 4644//4644 4635//4635
f 4646//4646 4640//4640 4639//4639
f 4646//4646 4642//4642 4640//4640
f 4646//4646 4645//4645 4642//4642
f 4646//4646 4639//4639 4647//4647
f 4654//4654 4649//4649 4648//4648
f 4650//4650 4647//4647 4651//4651
f 4650//4650 4651//4651 4652//4652
f 4650//4650 4646//4646 4647//4647
f 4695//4695 4650//4650 4652//4652
f 4653//4653 4649//4649 4654//4654
f 4655//4655 4653//4653 4654//4654
f 4655//4655 4654//4654 4656//4656
f 4658//4658 4655//4655 4656//4656
f 4663//4663 4659//4659 4657//4657
f 4660//4660 4656//4656 4695//4695
f 4660//4660 4658//4658 4656//4656
f 4667//4667 4662//4662 4661//4661
f 4667//4667 4661//4661 4659//4659
f 4667//4667 4659//4659 4663//4663
f 4666//4666 4665//4665 4664//4664
f 4666//4666 4668//4668 4665//4665
f 4674//4674 4668//4668 4666//4666
f 4669//4669 4667//4667 4663//4663
f 4669//4669 4663//4663 4670//4670
f 4672//4672 4671//4671 4668//4668
f 4673//4673 4672//4672 4668//4668
f 4673//4673 4668//4668 4674//4674
f 4697//4697 4674//4674 4677//4677
f 4697//4697 4673//4673 4674//4674
f 4678//4678 4675//4675 4679//4679
f 4678//4678 4676//4676 4675//4675
f 4682//4682 4678//4678 4679//4679
f 4683//4683 4681//4681 4680//4680
f 4683//4683 4684//4684 4681//4681
f 4685//4685 4682//4682 4679//4679
f 4685//4685 4679//4679 4686//4686
f 4687//4687 4684//4684 4683//4683
f 4688//4688 4687//4687 4683//4683
f 4688//4688 4683//4683 4689//4689
f 4691//4691 4688//4688 4689//4689
f 4691//4691 4689//4689 4693//4693
f 4694//4694 4692//4692 4690//4690
f 3941//3941 4677//4677 4669//4669
f 3941//3941 4685//4685 4686//4686
f 3941//3941 4660//4660 4695//4695
f 3941//3941 4692//4692 4694//4694
f 3941//3941 4691//4691 4693//4693
f 3941//3941 4670//4670 4660//4660
f 3941//3941 4669//4669 4670//4670
f 3941//3941 4694//4694 4696//4696
f 3941//3941 4697//4697 4677//4677
f 3941//3941 4696//4696 4691//4691
f 3941//3941 4693//4693 4685//4685
f 3941//3941 4686//4686 4697//4697
f 3851//3851 3941//3941 4695//4695
f 3851//3851 4695//4695 4652//4652
f 3851//3851 4652//4652 4635//4635
f 3851//3851 4635//4635 4636//4636
f 3851//3851 4636//4636 4617//4617
f 3851//3851 4617//4617 4618//4618
f 3851//3851 4618//4618 4698//4698
f 3851//3851 4698//4698 4612//4612
f 3851//3851 4612//4612 4699//4699
f 3851//3851 4699//4699 4604//4604
f 3851//3851 4604//4604 4700//4700
f 3851//3851 4700//4700 4596//4596
f 3851//3851 4596//4596 4597//4597
f 3851//3851 4597//4597 4588//4588
f 3851//3851 4588//4588 4589//4589
f 3851//3851 4589//4589 4581//4581
f 3851//3851 4581//4581 4701//4701
f 3851//3851 4701//4701 4573//4573
f 3851//3851 4573//4573 4702//4702
f 3851//3851 4702//4702 4566//4566
f 3851//3851 4566//4566 4567//4567
f 3851//3851 4567//4567 4703//4703
f 3851//3851 4703//4703 4558//4558
f 3851//3851 4558//4558 4704//4704
f 3851//3851 4704//4704 4705//4705
f 3851//3851 4705//4705 4545//4545
f 3851//3851 4545//4545 4546//4546
f 3851//3851 4546//4546 4538//4538
f 3851//3851 4538//4538 4539//4539
f 3897//3897 3823//3823 3824//3824
f 3897//3897 3898//3898 3823//3823
f 3897//3897 3824//3824 3826//3826
f 3896//3896 3897//3897 3826//3826
f 3896//3896 3826//3826 3825//3825
f 3895//3895 3896//3896 3825//3825
f 3895//3895 3825//3825 3822//3822
f 3894//3894 3822//3822 3821//3821
f 3894//3894 3895//3895 3822//3822
f 3898//3898 3899//3899 3816//3816
f 3898//3898 3816//3816 3823//3823
f 3923//3923 3932//3932 3827//3827
f 3923//3923 3827//3827 3811//3811
f 3932//3932 3829//3829 3827//3827
f 3947//3947 3829//3829 3932//3932
f 3947//3947 3830//3830 3829//3829
f 3948//3948 3830//3830 3947//3947
f 3948//3948 3840//3840 3830//3830
f 3949//3949 3840//3840 3948//3948
f 3943//3943 3841//3841 3840//3840
f 3943//3943 3840//3840 3949//3949
f 3944//3944 3842//3842 3841//3841
f 3944//3944 3841//3841 3943//3943
f 3945//3945 3842//3842 3944//3944
f 3945//3945 3843//3843 3842//3842
f 3946//3946 3843//3843 3945//3945
f 3946//3946 3844//3844 3843//3843
f 3942//3942 3844//3844 3946//3946
f 3942//3942 3846//3846 3844//3844
f 3934//3934 3846//3846 3942//3942
f 3934//3934 3847//3847 3846//3846
f 3935//3935 3848//3848 3847//3847
f 3935//3935 3847//3847 3934//3934
f 3936//3936 3848//3848 3935//3935
f 3936//3936 3849//3849 3848//3848
f 3937//3937 3849//3849 3936//3936
f 3937//3937 3850//3850 3849//3849
f 3931//3931 3835//3835 3850//3850
f 3937//3937 3931//3931 3850//3850
f 3927//3927 3838//3838 3837//3837
f 3928//3928 3927//3927 3837//3837
f 3928//3928 3837//3837 3836//3836
f 3925//3925 3928//3928 3836//3836
f 3925//3925 3836//3836 3834//3834
f 3924//3924 3925//3925 3834//3834
f 3926//3926 3924//3924 3834//3834
f 3926//3926 3834//3834 3832//3832
f 3929//3929 3926//3926 3832//3832
f 3929//3929 3832//3832 3831//3831
f 3930//3930 3831//3831 3833//3833
f 3930//3930 3929//3929 3831//3831
f 3930//3930 3833//3833 3835//3835
f 3931//3931 3930//3930 3835//3835
f 3921//3921 3803//3803 3828//3828
f 3950//3950 3828//3828 4706//4706
f 3950//3950 3921//3921 3828//3828
f 4287//4287 3821//3821 3812//3812
f 4288//4288 3821//3821 4287//4287
f 4288//4288 3884//3884 3821//3821
f 3883//3883 3894//3894 3884//3884
f 3894//3894 3821//3821 3884//3884
f 3903//3903 3820//3820 3819//3819
f 3902//3902 3903//3903 3819//3819
f 3902//3902 3819//3819 3818//3818
f 3901//3901 3902//3902 3818//3818
f 3901//3901 3818//3818 3817//3817
f 3900//3900 3901//3901 3817//3817
f 3899//3899 3900//3900 3817//3817
f 3899//3899 3817//3817 3816//3816
f 3904//3904 3813//3813 3820//3820
f 3903//3903 3904//3904 3820//3820
f 3905//3905 3814//3814 3813//3813
f 3905//3905 3813//3813 3904//3904
f 3906//3906 3815//3815 3814//3814
f 3906//3906 3814//3814 3905//3905
f 3907//3907 3815//3815 3906//3906
f 3907//3907 3809//3809 3815//3815
f 3908//3908 3806//3806 3809//3809
f 3908//3908 3809//3809 3907//3907
f 3909//3909 3806//3806 3908//3908
f 3909//3909 3805//3805 3806//3806
f 3910//3910 3805//3805 3909//3909
f 3910//3910 3800//3800 3805//3805
f 3911//3911 3800//3800 3910//3910
f 3911//3911 3794//3794 3800//3800
f 3912//3912 3795//3795 3794//3794
f 3912//3912 3794//3794 3911//3911
f 3913//3913 3804//3804 3795//3795
f 3913//3913 3795//3795 3912//3912
f 3914//3914 3804//3804 3913//3913
f 3914//3914 3807//3807 3804//3804
f 3922//3922 3807//3807 3914//3914
f 3922//3922 3808//3808 3807//3807
f 3923//3923 3808//3808 3922//3922
f 3923//3923 3811//3811 3808//3808
f 3845//3845 3839//3839 4494//4494
f 4708//4708 3845//3845 4494//4494
f 4709//4709 4642//4642 4719//4719
f 4820//4820 4578//4578 4582//4582
f 4707//4707 4578//4578 4820//4820
f 4711//4711 4564//4564 4803//4803
f 4781//4781 4552//4552 4787//4787
f 4780//4780 4542//4542 4547//4547
f 4715//4715 4615//4615 4863//4863
f 4718//4718 4624//4624 4717//4717
f 4740//4740 4517//4517 4749//4749
f 4896//4896 4659//4659 4661//4661
f 4896//4896 4661//4661 4904//4904
f 4708//4708 4494//4494 4721//4721
f 4721//4721 4706//4706 4708//4708
f 4722//4722 4721//4721 4724//4724
f 4725//4725 4722//4722 4724//4724
f 4722//4722 4706//4706 4721//4721
f 4723//4723 4706//4706 4722//4722
f 4725//4725 4724//4724 4726//4726
f 4728//4728 4725//4725 4726//4726
f 4729//4729 4726//4726 4727//4727
f 4728//4728 4726//4726 4729//4729
f 4732//4732 4730//4730 4731//4731
f 4732//4732 4723//4723 4730//4730
f 4732//4732 4706//4706 4723//4723
f 4735//4735 4731//4731 4730//4730
f 4735//4735 4730//4730 4733//4733
f 4734//4734 4706//4706 4732//4732
f 4735//4735 4733//4733 4736//4736
f 4737//4737 4735//4735 4736//4736
f 4741//4741 4739//4739 4738//4738
f 4739//4739 4734//4734 4738//4738
f 4741//4741 4738//4738 4742//4742
f 4740//4740 4734//4734 4739//4739
f 4740//4740 4706//4706 4734//4734
f 4744//4744 4741//4741 4742//4742
f 4745//4745 4744//4744 4742//4742
f 4745//4745 4742//4742 4743//4743
f 4747//4747 4749//4749 4750//4750
f 4748//4748 4747//4747 4750//4750
f 4747//4747 4740//4740 4749//4749
f 4751//4751 4740//4740 4747//4747
f 4751//4751 4706//4706 4740//4740
f 4748//4748 4750//4750 4746//4746
f 4752//4752 4748//4748 4746//4746
f 4754//4754 4746//4746 4753//4753
f 4752//4752 4746//4746 4754//4754
f 4758//4758 4756//4756 4757//4757
f 4758//4758 4757//4757 4755//4755
f 4760//4760 4755//4755 4757//4757
f 4758//4758 4751//4751 4756//4756
f 4760//4760 4757//4757 4761//4761
f 4759//4759 4751//4751 4758//4758
f 4759//4759 4706//4706 4751//4751
f 4763//4763 4761//4761 4762//4762
f 4763//4763 4760//4760 4761//4761
f 4767//4767 4765//4765 4766//4766
f 4767//4767 4766//4766 4764//4764
f 4765//4765 4759//4759 4766//4766
f 4768//4768 4767//4767 4764//4764
f 4716//4716 4759//4759 4765//4765
f 4716//4716 4706//4706 4759//4759
f 4770//4770 4768//4768 4764//4764
f 4770//4770 4764//4764 4769//4769
f 4773//4773 4771//4771 4772//4772
f 4773//4773 4716//4716 4771//4771
f 4772//4772 4771//4771 4774//4774
f 4780//4780 4716//4716 4773//4773
f 4780//4780 4706//4706 4716//4716
f 4775//4775 4772//4772 4774//4774
f 4775//4775 4774//4774 4776//4776
f 4777//4777 4775//4775 4776//4776
f 4779//4779 4780//4780 4778//4778
f 4782//4782 4779//4779 4778//4778
f 4782//4782 4778//4778 4783//4783
f 4781//4781 4780//4780 4779//4779
f 4781//4781 4706//4706 4780//4780
f 4785//4785 4782//4782 4783//4783
f 4785//4785 4783//4783 4784//4784
f 4789//4789 4787//4787 4786//4786
f 4788//4788 4787//4787 4789//4789
f 4710//4710 4787//4787 4788//4788
f 4710//4710 4781//4781 4787//4787
f 4710//4710 4706//4706 4781//4781
f 4789//4789 4786//4786 4790//4790
f 4791//4791 4789//4789 4790//4790
f 4791//4791 4790//4790 4792//4792
f 4793//4793 4791//4791 4792//4792
f 4796//4796 4795//4795 4797//4797
f 4796//4796 4710//4710 4795//4795
f 4797//4797 4795//4795 4794//4794
f 4711//4711 4710//4710 4796//4796
f 4711//4711 4706//4706 4710//4710
f 4799//4799 4797//4797 4794//4794
f 4799//4799 4794//4794 4798//4798
f 4801//4801 4798//4798 4800//4800
f 4801//4801 4799//4799 4798//4798
f 4806//4806 4804//4804 4802//4802
f 4804//4804 4803//4803 4802//4802
f 4805//4805 4803//4803 4804//4804
f 4805//4805 4711//4711 4803//4803
f 4805//4805 4706//4706 4711//4711
f 4806//4806 4802//4802 4807//4807
f 4809//4809 4806//4806 4807//4807
f 4809//4809 4807//4807 4808//4808
f 4809//4809 4808//4808 4810//4810
f 4813//4813 4814//4814 4811//4811
f 4813//4813 4812//4812 4814//4814
f 4813//4813 4805//4805 4812//4812
f 4811//4811 4814//4814 4815//4815
f 4707//4707 4805//4805 4813//4813
f 4707//4707 4706//4706 4805//4805
f 4816//4816 4811//4811 4815//4815
f 4816//4816 4815//4815 4817//4817
f 4818//4818 4816//4816 4817//4817
f 4821//4821 4820//4820 4819//4819
f 4822//4822 4820//4820 4821//4821
f 4822//4822 4707//4707 4820//4820
f 4712//4712 4706//4706 4707//4707
f 4712//4712 4707//4707 4822//4822
f 4821//4821 4819//4819 4823//4823
f 4824//4824 4821//4821 4823//4823
f 4824//4824 4823//4823 4825//4825
f 4826//4826 4824//4824 4825//4825
f 4829//4829 4828//4828 4827//4827
f 4829//4829 4827//4827 4830//4830
f 4828//4828 4712//4712 4827//4827
f 4832//4832 4829//4829 4830//4830
f 4831//4831 4712//4712 4828//4828
f 4832//4832 4830//4830 4833//4833
f 4835//4835 4832//4832 4833//4833
f 4835//4835 4833//4833 4834//4834
f 4837//4837 4838//4838 4840//4840
f 4839//4839 4838//4838 4837//4837
f 4839//4839 4831//4831 4838//4838
f 4713//4713 4831//4831 4839//4839
f 4841//4841 4837//4837 4840//4840
f 4841//4841 4840//4840 4836//4836
f 4843//4843 4841//4841 4836//4836
f 4843//4843 4836//4836 4842//4842
f 4846//4846 4847//4847 4844//4844
f 4847//4847 4845//4845 4844//4844
f 4849//4849 4846//4846 4844//4844
f 4849//4849 4844//4844 4848//4848
f 4847//4847 4713//4713 4845//4845
f 4714//4714 4713//4713 4847//4847
f 4849//4849 4848//4848 4850//4850
f 4852//4852 4850//4850 4851//4851
f 4852//4852 4849//4849 4850//4850
f 4853//4853 4854//4854 4856//4856
f 4855//4855 4854//4854 4853//4853
f 4855//4855 4714//4714 4854//4854
f 4715//4715 4714//4714 4855//4855
f 4857//4857 4853//4853 4856//4856
f 4857//4857 4856//4856 4858//4858
f 4860//4860 4857//4857 4858//4858
f 4860//4860 4858//4858 4859//4859
f 4861//4861 4862//4862 4863//4863
f 4861//4861 4863//4863 4864//4864
f 4865//4865 4864//4864 4866//4866
f 4865//4865 4861//4861 4864//4864
f 4718//4718 4863//4863 4862//4862
f 4718//4718 4715//4715 4863//4863
f 4865//4865 4866//4866 4868//4868
f 4867//4867 4865//4865 4868//4868
f 4867//4867 4868//4868 4869//4869
f 4870//4870 4867//4867 4869//4869
f 4874//4874 4872//4872 4873//4873
f 4874//4874 4717//4717 4872//4872
f 4874//4874 4718//4718 4717//4717
f 4875//4875 4718//4718 4874//4874
f 4876//4876 4873//4873 4872//4872
f 4876//4876 4872//4872 4871//4871
f 4876//4876 4871//4871 4877//4877
f 4878//4878 4876//4876 4877//4877
f 4880//4880 4881//4881 4879//4879
f 4882//4882 4881//4881 4880//4880
f 4880//4880 4879//4879 4883//4883
f 4882//4882 4875//4875 4881//4881
f 4709//4709 4875//4875 4882//4882
f 4885//4885 4880//4880 4883//4883
f 4886//4886 4883//4883 4884//4884
f 4885//4885 4883//4883 4886//4886
f 4888//4888 4887//4887 4889//4889
f 4888//4888 4719//4719 4887//4887
f 4889//4889 4887//4887 4890//4890
f 4720//4720 4719//4719 4888//4888
f 4891//4891 4889//4889 4890//4890
f 4891//4891 4890//4890 4892//4892
f 4893//4893 4891//4891 4892//4892
f 4896//4896 4895//4895 4894//4894
f 4896//4896 4720//4720 4895//4895
f 4899//4899 4894//4894 4895//4895
f 4899//4899 4895//4895 4897//4897
f 4899//4899 4897//4897 4898//4898
f 4900//4900 4899//4899 4898//4898
f 4902//4902 4901//4901 4905//4905
f 4903//4903 4902//4902 4905//4905
f 4906//4906 4901//4901 4902//4902
f 4906//4906 4904//4904 4901//4901
f 4907//4907 4904//4904 4906//4906
f 4907//4907 4896//4896 4904//4904
f 4910//4910 4903//4903 4905//4905
f 4910//4910 4905//4905 4908//4908
f 4910//4910 4908//4908 4909//4909
f 4911//4911 4910//4910 4909//4909
f 4915//4915 4914//4914 4913//4913
f 4916//4916 4915//4915 4913//4913
f 4915//4915 4907//4907 4914//4914
f 4916//4916 4913//4913 4912//4912
f 4917//4917 4907//4907 4915//4915
f 4918//4918 4916//4916 4912//4912
f 4918//4918 4912//4912 4919//4919
f 4920//4920 4918//4918 4919//4919
f 4922//4922 4921//4921 4923//4923
f 4922//4922 4917//4917 4921//4921
f 4924//4924 4923//4923 4921//4921
f 4924//4924 4921//4921 4925//4925
f 3950//3950 4712//4712 4831//4831
f 3950//3950 4896//4896 4907//4907
f 3950//3950 4831//4831 4713//4713
f 3950//3950 4917//4917 4922//4922
f 3950//3950 4714//4714 4715//4715
f 3950//3950 4907//4907 4917//4917
f 3950//3950 4718//4718 4875//4875
f 3950//3950 4715//4715 4718//4718
f 3950//3950 4922//4922 4926//4926
f 3950//3950 4719//4719 4720//4720
f 3950//3950 4875//4875 4709//4709
f 3950//3950 4713//4713 4714//4714
f 3950//3950 4720//4720 4896//4896
f 3950//3950 4706//4706 4712//4712
f 3950//3950 4709//4709 4719//4719
f 4928//4928 4924//4924 4925//4925
f 4928//4928 4925//4925 4927//4927
f 4930//4930 4926//4926 4931//4931
f 4930//4930 3950//3950 4926//4926
f 4932//4932 3950//3950 4930//4930
f 4933//4933 4930//4930 4931//4931
f 4933//4933 4931//4931 4929//4929
f 4934//4934 4933//4933 4929//4929
f 4934//4934 4929//4929 4935//4935
f 4936//4936 4934//4934 4935//4935
f 4728//4728 4729//4729 4506//4506
f 4728//4728 4506//4506 4502//4502
f 4727//4727 4499//4499 4506//4506
f 4729//4729 4727//4727 4506//4506
f 4726//4726 4500//4500 4499//4499
f 4727//4727 4726//4726 4499//4499
f 4726//4726 4724//4724 4495//4495
f 4726//4726 4495//4495 4500//4500
f 4724//4724 4494//4494 4495//4495
f 4721//4721 4494//4494 4724//4724
f 4708//4708 4706//4706 3828//3828
f 4708//4708 3828//3828 3845//3845
f 4723//4723 4722//4722 4496//4496
f 4723//4723 4496//4496 4498//4498
f 4725//4725 4497//4497 4496//4496
f 4725//4725 4496//4496 4722//4722
f 4725//4725 4728//4728 4502//4502
f 4725//4725 4502//4502 4497//4497
f 4735//4735 4513//4513 4509//4509
f 4735//4735 4737//4737 4513//4513
f 4736//4736 4507//4507 4513//4513
f 4737//4737 4736//4736 4513//4513
f 4736//4736 4733//4733 4503//4503
f 4736//4736 4503//4503 4507//4507
f 4733//4733 4501//4501 4503//4503
f 4730//4730 4501//4501 4733//4733
f 4730//4730 4498//4498 4501//4501
f 4723//4723 4498//4498 4730//4730
f 4734//4734 4732//4732 4505//4505
f 4732//4732 4504//4504 4505//4505
f 4731//4731 4504//4504 4732//4732
f 4735//4735 4509//4509 4504//4504
f 4735//4735 4504//4504 4731//4731
f 4745//4745 4515//4515 4518//4518
f 4744//4744 4745//4745 4518//4518
f 4741//4741 4518//4518 4512//4512
f 4741//4741 4744//4744 4518//4518
f 4743//4743 4514//4514 4515//4515
f 4745//4745 4743//4743 4515//4515
f 4742//4742 4510//4510 4514//4514
f 4743//4743 4742//4742 4514//4514
f 4742//4742 4508//4508 4510//4510
f 4738//4738 4508//4508 4742//4742
f 4734//4734 4505//4505 4508//4508
f 4738//4738 4734//4734 4508//4508
f 4740//4740 4511//4511 4517//4517
f 4740//4740 4739//4739 4511//4511
f 4741//4741 4511//4511 4739//4739
f 4741//4741 4512//4512 4511//4511
f 4754//4754 4524//4524 4527//4527
f 4752//4752 4754//4754 4527//4527
f 4752//4752 4527//4527 4520//4520
f 4748//4748 4752//4752 4520//4520
f 4754//4754 4753//4753 4522//4522
f 4754//4754 4522//4522 4524//4524
f 4746//4746 4519//4519 4522//4522
f 4753//4753 4746//4746 4522//4522
f 4746//4746 4750//4750 4516//4516
f 4746//4746 4516//4516 4519//4519
f 4749//4749 4516//4516 4750//4750
f 4749//4749 4517//4517 4516//4516
f 4747//4747 4521//4521 4751//4751
f 4747//4747 4520//4520 4521//4521
f 4748//4748 4520//4520 4747//4747
f 4763//4763 4539//4539 4531//4531
f 4760//4760 4763//4763 4531//4531
f 4763//4763 4762//4762 4532//4532
f 4763//4763 4532//4532 4539//4539
f 4761//4761 4526//4526 4532//4532
f 4762//4762 4761//4761 4532//4532
f 4761//4761 4525//4525 4526//4526
f 4757//4757 4525//4525 4761//4761
f 4757//4757 4523//4523 4525//4525
f 4756//4756 4523//4523 4757//4757
f 4756//4756 4751//4751 4521//4521
f 4756//4756 4521//4521 4523//4523
f 4758//4758 4529//4529 4530//4530
f 4759//4759 4758//4758 4530//4530
f 4755//4755 4529//4529 4758//4758
f 4755//4755 4528//4528 4529//4529
f 4760//4760 4528//4528 4755//4755
f 4760//4760 4531//4531 4528//4528
f 4770//4770 4546//4546 4544//4544
f 4768//4768 4770//4770 4544//4544
f 4768//4768 4544//4544 4536//4536
f 4770//4770 4769//4769 4538//4538
f 4770//4770 4538//4538 4546//4546
f 4769//4769 4764//4764 4534//4534
f 4769//4769 4534//4534 4538//4538
f 4764//4764 4533//4533 4534//4534
f 4766//4766 4533//4533 4764//4764
f 4766//4766 4759//4759 4530//4530
f 4766//4766 4530//4530 4533//4533
f 4765//4765 4535//4535 4537//4537
f 4716//4716 4765//4765 4537//4537
f 4767//4767 4536//4536 4535//4535
f 4767//4767 4535//4535 4765//4765
f 4768//4768 4536//4536 4767//4767
f 4777//4777 4705//4705 4551//4551
f 4775//4775 4777//4777 4551//4551
f 4775//4775 4551//4551 4541//4541
f 4777//4777 4776//4776 4545//4545
f 4777//4777 4545//4545 4705//4705
f 4774//4774 4540//4540 4543//4543
f 4776//4776 4774//4774 4543//4543
f 4776//4776 4543//4543 4545//4545
f 4771//4771 4540//4540 4774//4774
f 4771//4771 4716//4716 4537//4537
f 4771//4771 4537//4537 4540//4540
f 4780//4780 4773//4773 4542//4542
f 4773//4773 4541//4541 4542//4542
f 4772//4772 4541//4541 4773//4773
f 4772//4772 4775//4775 4541//4541
f 4785//4785 4558//4558 4557//4557
f 4782//4782 4785//4785 4557//4557
f 4782//4782 4557//4557 4549//4549
f 4784//4784 4704//4704 4558//4558
f 4785//4785 4784//4784 4558//4558
f 4783//4783 4547//4547 4548//4548
f 4784//4784 4783//4783 4548//4548
f 4784//4784 4548//4548 4704//4704
f 4783//4783 4778//4778 4547//4547
f 4780//4780 4547//4547 4778//4778
f 4781//4781 4550//4550 4552//4552
f 4781//4781 4779//4779 4550//4550
f 4779//4779 4549//4549 4550//4550
f 4782//4782 4549//4549 4779//4779
f 4793//4793 4567//4567 4565//4565
f 4791//4791 4793//4793 4565//4565
f 4791//4791 4565//4565 4555//4555
f 4789//4789 4791//4791 4555//4555
f 4792//4792 4703//4703 4567//4567
f 4793//4793 4792//4792 4567//4567
f 4792//4792 4790//4790 4554//4554
f 4792//4792 4554//4554 4703//4703
f 4790//4790 4786//4786 4554//4554
f 4786//4786 4553//4553 4554//4554
f 4787//4787 4553//4553 4786//4786
f 4787//4787 4552//4552 4553//4553
f 4788//4788 4555//4555 4556//4556
f 4788//4788 4556//4556 4710//4710
f 4789//4789 4555//4555 4788//4788
f 4801//4801 4702//4702 4572//4572
f 4799//4799 4801//4801 4572//4572
f 4799//4799 4572//4572 4563//4563
f 4800//4800 4566//4566 4702//4702
f 4801//4801 4800//4800 4702//4702
f 4794//4794 4560//4560 4561//4561
f 4798//4798 4794//4794 4561//4561
f 4798//4798 4561//4561 4566//4566
f 4800//4800 4798//4798 4566//4566
f 4794//4794 4795//4795 4559//4559
f 4794//4794 4559//4559 4560//4560
f 4710//4710 4556//4556 4559//4559
f 4795//4795 4710//4710 4559//4559
f 4796//4796 4562//4562 4564//4564
f 4711//4711 4796//4796 4564//4564
f 4797//4797 4562//4562 4796//4796
f 4797//4797 4563//4563 4562//4562
f 4797//4797 4799//4799 4563//4563
f 4810//4810 4701//4701 4580//4580
f 4809//4809 4810//4810 4580//4580
f 4809//4809 4580//4580 4577//4577
f 4806//4806 4809//4809 4577//4577
f 4810//4810 4808//4808 4573//4573
f 4810//4810 4573//4573 4701//4701
f 4808//4808 4807//4807 4569//4569
f 4808//4808 4569//4569 4573//4573
f 4807//4807 4802//4802 4568//4568
f 4807//4807 4568//4568 4569//4569
f 4802//4802 4564//4564 4568//4568
f 4803//4803 4564//4564 4802//4802
f 4805//4805 4570//4570 4571//4571
f 4804//4804 4570//4570 4805//4805
f 4806//4806 4570//4570 4804//4804
f 4806//4806 4577//4577 4570//4570
f 4818//4818 4589//4589 4584//4584
f 4816//4816 4818//4818 4584//4584
f 4816//4816 4584//4584 4579//4579
f 4811//4811 4816//4816 4579//4579
f 4817//4817 4581//4581 4589//4589
f 4818//4818 4817//4817 4589//4589
f 4815//4815 4575//4575 4576//4576
f 4817//4817 4815//4815 4576//4576
f 4817//4817 4576//4576 4581//4581
f 4815//4815 4814//4814 4575//4575
f 4814//4814 4574//4574 4575//4575
f 4812//4812 4574//4574 4814//4814
f 4812//4812 4805//4805 4571//4571
f 4812//4812 4571//4571 4574//4574
f 4813//4813 4578//4578 4707//4707
f 4811//4811 4578//4578 4813//4813
f 4811//4811 4579//4579 4578//4578
f 4826//4826 4597//4597 4592//4592
f 4824//4824 4826//4826 4592//4592
f 4824//4824 4592//4592 4591//4591
f 4821//4821 4824//4824 4591//4591
f 4825//4825 4588//4588 4597//4597
f 4826//4826 4825//4825 4597//4597
f 4819//4819 4583//4583 4586//4586
f 4823//4823 4819//4819 4586//4586
f 4825//4825 4823//4823 4586//4586
f 4825//4825 4586//4586 4588//4588
f 4819//4819 4582//4582 4583//4583
f 4820//4820 4582//4582 4819//4819
f 4822//4822 4587//4587 4712//4712
f 4822//4822 4585//4585 4587//4587
f 4821//4821 4585//4585 4822//4822
f 4821//4821 4591//4591 4585//4585
f 4835//4835 4700//4700 4603//4603
f 4832//4832 4835//4835 4603//4603
f 4832//4832 4603//4603 4594//4594
f 4834//4834 4596//4596 4700//4700
f 4835//4835 4834//4834 4700//4700
f 4833//4833 4593//4593 4596//4596
f 4834//4834 4833//4833 4596//4596
f 4833//4833 4830//4830 4593//4593
f 4830//4830 4590//4590 4593//4593
f 4827//4827 4590//4590 4830//4830
f 4827//4827 4587//4587 4590//4590
f 4827//4827 4712//4712 4587//4587
f 4828//4828 4595//4595 4831//4831
f 4829//4829 4595//4595 4828//4828
f 4829//4829 4594//4594 4595//4595
f 4832//4832 4594//4594 4829//4829
f 4843//4843 4699//4699 4606//4606
f 4841//4841 4843//4843 4606//4606
f 4841//4841 4606//4606 4602//4602
f 4842//4842 4604//4604 4699//4699
f 4843//4843 4842//4842 4699//4699
f 4836//4836 4599//4599 4600//4600
f 4836//4836 4840//4840 4599//4599
f 4836//4836 4600//4600 4604//4604
f 4842//4842 4836//4836 4604//4604
f 4838//4838 4598//4598 4599//4599
f 4838//4838 4599//4599 4840//4840
f 4831//4831 4598//4598 4838//4838
f 4831//4831 4595//4595 4598//4598
f 4713//4713 4839//4839 4601//4601
f 4837//4837 4601//4601 4839//4839
f 4837//4837 4602//4602 4601//4601
f 4837//4837 4841//4841 4602//4602
f 4852//4852 4618//4618 4610//4610
f 4849//4849 4852//4852 4610//4610
f 4851//4851 4612//4612 4698//4698
f 4852//4852 4698//4698 4618//4618
f 4852//4852 4851//4851 4698//4698
f 4848//4848 4605//4605 4609//4609
f 4850//4850 4848//4848 4609//4609
f 4850//4850 4609//4609 4612//4612
f 4851//4851 4850//4850 4612//4612
f 4844//4844 4605//4605 4848//4848
f 4845//4845 4605//4605 4844//4844
f 4845//4845 4713//4713 4601//4601
f 4845//4845 4601//4601 4605//4605
f 4847//4847 4607//4607 4611//4611
f 4714//4714 4847//4847 4611//4611
f 4847//4847 4608//4608 4607//4607
f 4846//4846 4608//4608 4847//4847
f 4846//4846 4610//4610 4608//4608
f 4849//4849 4610//4610 4846//4846
f 4860//4860 4627//4627 4625//4625
f 4857//4857 4860//4860 4625//4625
f 4857//4857 4625//4625 4616//4616
f 4859//4859 4617//4617 4627//4627
f 4860//4860 4859//4859 4627//4627
f 4858//4858 4856//4856 4614//4614
f 4859//4859 4858//4858 4614//4614
f 4859//4859 4614//4614 4617//4617
f 4856//4856 4613//4613 4614//4614
f 4854//4854 4611//4611 4613//4613
f 4854//4854 4613//4613 4856//4856
f 4854//4854 4714//4714 4611//4611
f 4715//4715 4855//4855 4615//4615
f 4853//4853 4615//4615 4855//4855
f 4853//4853 4616//4616 4615//4615
f 4853//4853 4857//4857 4616//4616
f 4870//4870 4636//4636 4633//4633
f 4867//4867 4870//4870 4633//4633
f 4865//4865 4867//4867 4633//4633
f 4865//4865 4633//4633 4629//4629
f 4869//4869 4626//4626 4636//4636
f 4870//4870 4869//4869 4636//4636
f 4866//4866 4621//4621 4622//4622
f 4868//4868 4866//4866 4622//4622
f 4869//4869 4868//4868 4622//4622
f 4869//4869 4622//4622 4626//4626
f 4866//4866 4864//4864 4620//4620
f 4866//4866 4620//4620 4621//4621
f 4864//4864 4619//4619 4620//4620
f 4863//4863 4619//4619 4864//4864
f 4863//4863 4615//4615 4619//4619
f 4862//4862 4623//4623 4624//4624
f 4718//4718 4862//4862 4624//4624
f 4861//4861 4623//4623 4862//4862
f 4861//4861 4629//4629 4623//4623
f 4865//4865 4629//4629 4861//4861
f 4878//4878 4644//4644 4641//4641
f 4876//4876 4878//4878 4641//4641
f 4877//4877 4635//4635 4644//4644
f 4878//4878 4877//4877 4644//4644
f 4871//4871 4630//4630 4631//4631
f 4877//4877 4871//4871 4631//4631
f 4877//4877 4631//4631 4635//4635
f 4871//4871 4872//4872 4630//4630
f 4872//4872 4628//4628 4630//4630
f 4717//4717 4628//4628 4872//4872
f 4717//4717 4624//4624 4628//4628
f 4874//4874 4634//4634 4875//4875
f 4874//4874 4632//4632 4634//4634
f 4873//4873 4632//4632 4874//4874
f 4873//4873 4876//4876 4641//4641
f 4873//4873 4641//4641 4632//4632
f 4886//4886 4651//4651 4647//4647
f 4885//4885 4886//4886 4647//4647
f 4885//4885 4647//4647 4639//4639
f 4886//4886 4884//4884 4643//4643
f 4886//4886 4643//4643 4652//4652
f 4886//4886 4652//4652 4651//4651
f 4883//4883 4638//4638 4643//4643
f 4884//4884 4883//4883 4643//4643
f 4879//4879 4637//4637 4638//4638
f 4879//4879 4638//4638 4883//4883
f 4881//4881 4637//4637 4879//4879
f 4881//4881 4875//4875 4634//4634
f 4881//4881 4634//4634 4637//4637
f 4709//4709 4640//4640 4642//4642
f 4882//4882 4640//4640 4709//4709
f 4880//4880 4640//4640 4882//4882
f 4880//4880 4639//4639 4640//4640
f 4880//4880 4885//4885 4639//4639
f 4893//4893 4695//4695 4656//4656
f 4891//4891 4893//4893 4656//4656
f 4891//4891 4656//4656 4654//4654
f 4893//4893 4892//4892 4650//4650
f 4893//4893 4650//4650 4695//4695
f 4892//4892 4890//4890 4646//4646
f 4892//4892 4646//4646 4650//4650
f 4890//4890 4645//4645 4646//4646
f 4887//4887 4645//4645 4890//4890
f 4719//4719 4642//4642 4645//4645
f 4887//4887 4719//4719 4645//4645
f 4720//4720 4888//4888 4649//4649
f 4888//4888 4648//4648 4649//4649
f 4889//4889 4648//4648 4888//4888
f 4889//4889 4891//4891 4654//4654
f 4889//4889 4654//4654 4648//4648
f 4900//4900 4670//4670 4663//4663
f 4899//4899 4900//4900 4663//4663
f 4894//4894 4663//4663 4657//4657
f 4894//4894 4899//4899 4663//4663
f 4900//4900 4898//4898 4660//4660
f 4900//4900 4660//4660 4670//4670
f 4895//4895 4653//4653 4655//4655
f 4897//4897 4895//4895 4655//4655
f 4897//4897 4655//4655 4658//4658
f 4898//4898 4897//4897 4658//4658
f 4898//4898 4658//4658 4660//4660
f 4720//4720 4653//4653 4895//4895
f 4720//4720 4649//4649 4653//4653
f 4894//4894 4659//4659 4896//4896
f 4894//4894 4657//4657 4659//4659
f 4911//4911 4677//4677 4674//4674
f 4910//4910 4911//4911 4674//4674
f 4910//4910 4674//4674 4666//4666
f 4909//4909 4669//4669 4677//4677
f 4911//4911 4909//4909 4677//4677
f 4909//4909 4908//4908 4667//4667
f 4909//4909 4667//4667 4669//4669
f 4908//4908 4905//4905 4662//4662
f 4908//4908 4662//4662 4667//4667
f 4901//4901 4662//4662 4905//4905
f 4901//4901 4661//4661 4662//4662
f 4904//4904 4661//4661 4901//4901
f 4906//4906 4665//4665 4668//4668
f 4907//4907 4906//4906 4668//4668
f 4902//4902 4665//4665 4906//4906
f 4902//4902 4664//4664 4665//4665
f 4903//4903 4664//4664 4902//4902
f 4903//4903 4666//4666 4664//4664
f 4903//4903 4910//4910 4666//4666
f 4920//4920 4686//4686 4679//4679
f 4918//4918 4920//4920 4679//4679
f 4919//4919 4697//4697 4686//4686
f 4920//4920 4919//4919 4686//4686
f 4919//4919 4912//4912 4673//4673
f 4919//4919 4673//4673 4697//4697
f 4912//4912 4913//4913 4672//4672
f 4912//4912 4672//4672 4673//4673
f 4913//4913 4671//4671 4672//4672
f 4914//4914 4671//4671 4913//4913
f 4914//4914 4907//4907 4668//4668
f 4914//4914 4668//4668 4671//4671
f 4917//4917 4675//4675 4676//4676
f 4917//4917 4915//4915 4675//4675
f 4916//4916 4675//4675 4915//4915
f 4916//4916 4679//4679 4675//4675
f 4916//4916 4918//4918 4679//4679
f 4928//4928 4693//4693 4689//4689
f 4924//4924 4928//4928 4689//4689
f 4924//4924 4689//4689 4683//4683
f 4927//4927 4685//4685 4693//4693
f 4928//4928 4927//4927 4693//4693
f 4925//4925 4678//4678 4682//4682
f 4925//4925 4921//4921 4678//4678
f 4925//4925 4682//4682 4685//4685
f 4927//4927 4925//4925 4685//4685
f 4921//4921 4676//4676 4678//4678
f 4917//4917 4676//4676 4921//4921
f 4926//4926 4681//4681 4684//4684
f 4922//4922 4681//4681 4926//4926
f 4923//4923 4681//4681 4922//4922
f 4923//4923 4680//4680 4681//4681
f 4923//4923 4683//4683 4680//4680
f 4924//4924 4683//4683 4923//4923
f 4936//4936 4696//4696 4694//4694
f 4934//4934 4936//4936 4694//4694
f 4933//4933 4934//4934 4694//4694
f 4933//4933 4694//4694 4690//4690
f 4935//4935 4691//4691 4696//4696
f 4936//4936 4935//4935 4696//4696
f 4929//4929 4687//4687 4688//4688
f 4929//4929 4931//4931 4687//4687
f 4929//4929 4688//4688 4691//4691
f 4935//4935 4929//4929 4691//4691
f 4926//4926 4684//4684 4687//4687
f 4926//4926 4687//4687 4931//4931
f 4930//4930 4690//4690 4692//4692
f 4932//4932 4930//4930 4692//4692
f 4930//4930 4933//4933 4690//4690
# 10000 faces, 0 coords texture

# End of File
