####
#
# OBJ File Generated by Meshlab
#
####
# Object cnc.obj
#
# Vertices: 2476
# Faces: 5000
#
####
vn -0.6019537587373333 -0.0397453133404097 0.7975412104772198
v -31.9249999541033880 -2.1765090015017701 -16.7841715461729990
vn -0.5584945329764345 0.1273148401284475 0.8196796862912379
v -28.4249867023832721 -2.5606812614936958 -16.7598729005286238
vn -0.8591926237806172 0.1375664462212899 0.4928118384485335
v -31.9250005912537418 -2.6861231149753944 -16.7358397738805031
vn -0.8035888256350373 0.2671063422685437 0.5318826949943204
v -28.4250043285982201 -3.2038529220605336 -16.5409433333112617
vn -0.7106697854407991 0.3999286879447792 0.5787965969322001
v -31.9250053982533366 -3.3257584031725909 -16.4703753689388037
vn -0.3210428452686220 0.6858071895425792 0.6531462242664627
v -28.4251219635762844 -3.7565517442735965 -16.0982271946941573
vn -0.5578035002845086 0.6753241926008289 0.4824857406788189
v -31.9250021960007651 -3.8494034418610834 -15.9882818468779462
vn -0.8602006885573455 0.4658459659821604 0.2074664102538445
v -28.4250002864999978 -4.1127530490979085 -15.5301130288614058
vn -0.3222199435382496 0.9448532495888662 0.0585375497229509
v -28.4247256134448385 -4.2655621217910555 -14.8459612843911728
vn -0.7103013742282753 0.6782321416032457 0.1883430908361076
v -31.9249983467651504 -4.1808518679938063 -15.3441959381560427
vn -0.8027849597872194 0.5940129327441720 -0.0518164459616843
v -31.9249992144206587 -4.2628632323134132 -14.6548484193119943
vn -0.7131659492024336 0.6688118641533166 -0.2099643285559650
v -28.4250005098219098 -4.1383170105118312 -14.0240843863796556
vn -0.8037822999902302 0.5336943440078832 -0.2628770841979395
v -31.9250123913533059 -4.0898355247063991 -13.8984072488157402
vn -0.8014890676985423 0.4824616484003547 -0.3533355801253735
v -28.4249989380978505 -3.8240840479191442 -13.4937243244469069
vn -0.7087125706287971 0.5173717751916741 -0.4796383413236874
v -31.9249991973421317 -3.7094573598239782 -13.3563593898701463
vn -0.5558710133731817 0.5446435920651667 -0.6279894697475623
v -28.4249991217887334 -3.5969937815296462 -13.2498125527624975
vn -0.3186903520837676 0.4271065239866102 -0.8461775680416016
v -28.4253156469325283 -3.2087955610100094 -12.9645858471373039
vn -0.8020114374859506 0.3254909852450941 -0.5008325794773113
v -31.9250049443078936 -3.2872693247466356 -13.0081232844553920
vn -0.7083772248715267 0.2214368958779770 -0.6701995288175311
v -31.9249990033319051 -2.8035488252175180 -12.8007617462194183
vn -0.8011384315058793 0.0477658179722481 -0.5965698954839588
v -31.9249992539027261 -2.4021118445351295 -12.7243907242349472
vn -0.7117542086529445 -0.0473679175905142 -0.7008296703536169
v -28.4249905803274387 -2.0498462840074181 -12.7190226821180961
vn -0.7097595927343239 0.1483348798404199 -0.6886494637653724
v -28.4249941767784016 -2.7087713898596126 -12.7740375866777267
vn -0.5572530851695481 -0.1820569273075351 -0.8101384290899668
v -31.9249999742638124 -1.8592314557324250 -12.7415637729444970
vn -0.3208429282035682 -0.3738619426243481 -0.8702224217284386
v -28.4249646949721360 -1.3800432005261523 -12.8934383228805363
vn -0.7106172901175494 -0.3812607214124595 -0.5913233711718502
v -31.9250067672578055 -1.1001017356930454 -13.0415049262696794
vn -0.8956574700285339 -0.2965037934641693 -0.3314863448823243
v -28.4249989020114562 -0.8676352954749188 -13.2340808997352841
vn -0.7077398069323433 -0.5349730646000915 -0.4614197501578751
v -31.9249992439913441 -0.6715194017167060 -13.4446561161286020
vn -0.5583845675361047 -0.6834281665916111 -0.4702473985539381
v -28.4249978132669519 -0.5701523035813246 -13.5709423413822794
vn -0.3209388048100986 -0.8981903525076055 -0.3004203292544110
v -28.4243100540122668 -0.2963345416190608 -14.0880719840644844
vn -0.5567453419457098 -0.7427466468320428 -0.3719704865194431
v -31.9250052049768520 -0.3942097684881398 -13.8537872526915802
vn -0.5556677244839319 -0.8176317395882121 -0.1507040755414508
v -31.9250001438812347 -0.2288981510363505 -14.3698612923541873
vn -0.8967925896117753 -0.4417696040683425 -0.0245493001673327
v -28.4249991354420466 -0.1943914665491775 -14.6764344271463507
vn -0.7083775394611883 -0.7046312395845746 0.0411834649880032
v -31.9249992785179728 -0.1956786584758584 -14.8776043844539974
vn -0.5549529980422634 -0.8013403863359831 0.2233399990839100
v -31.9249992424806379 -0.2592412328601663 -15.2511674040710403
vn -0.3193597224716380 -0.9339191829661755 0.1606372539314264
v -28.4243954371229464 -0.2256137725733659 -15.1105106040244888
vn -0.7844863552443984 -0.5221977154061770 0.3345006793116109
v -31.9249966672870684 -0.4869167114865526 -15.8272229397941828
vn -0.8958581224861277 -0.4149738017375652 0.1588551801078640
v -28.4249993226108408 -0.3183779306198920 -15.4450239201578139
vn -0.4518674848074693 -0.7457001049554179 0.4896397958124424
v -28.4249661626448962 -0.5197699821795769 -15.8654386514588719
vn -0.7090541037300383 -0.4419958239419198 0.5494378669162652
v -31.9250066635211631 -0.9470631478930537 -16.3309088984902857
vn -0.7081237388720484 -0.4997541699160437 0.4988051123408793
v -28.4249996206862008 -0.8435626378277935 -16.2381379624125231
vn -0.5559803537273850 -0.4387531516414706 0.7059614140970091
v -28.4249959734403035 -1.0833600452183765 -16.4292593909890172
vn -0.3184632574152337 -0.2499838960334706 0.9143791365732300
v -28.4253419950923849 -1.6176990808500815 -16.6989812555860198
vn -0.7107683091400323 -0.2682581784353769 0.6502660689477449
v -31.9249861335239302 -1.5236089496917384 -16.6678861474243156
vn -0.8950160753632350 -0.0264147073460312 0.4452510393892593
v -28.4249993032871053 -2.1138665444557860 -16.7778610813630138
vn -0.5562421854240853 0.0051830448632057 0.8310040717111942
v -31.9250051660898357 6.0278213549490358 -2.5367608895932774
vn -0.7081331965817940 0.1512782938139688 0.6896827196034310
v -31.9250002262325800 5.5979871827454684 -2.4921750156945737
vn -0.2433137070821693 0.3376069254015001 0.9092964334400956
v -28.4250125432776777 5.2927474515443054 -2.4055265526197225
vn -0.8013830677733720 0.0828383033037796 0.5923875371679339
v -28.4249993025586676 5.6586466312324983 -2.5042701714419993
vn -0.7080839235148411 0.2484434221699482 0.6609788372106279
v -31.9249987230896544 5.2921464495821118 -2.4039969238557566
vn -0.7092204885815924 0.3625845196871317 0.6045980190666681
v -28.4249334644946074 4.9840252990693834 -2.2603815888333276
vn -0.6023203677299159 0.4189641343618813 0.6794698144407141
v -31.9250025173120910 4.9385726371537784 -2.2382475593496873
vn -0.8597353362859198 0.3515451353562358 0.3705012406844305
v -28.4250000242043228 4.5707919786643600 -1.9518991236509775
vn -0.5576605335318927 0.6380264584864799 0.5309773701506730
v -31.9249973463751466 4.4855985412225348 -1.8635428589812719
vn -0.8962962989049927 0.4042361610223458 0.1823350506379071
v -31.9249991310018117 4.1491727419962467 -1.3480208238285942
vn -0.4543568795266469 0.8123992269191591 0.3654686335760713
v -28.4249611753354614 4.1425893754700445 -1.3585297123746665
vn -0.3235929992963760 0.9459241481901672 -0.0226953007709073
v -28.4249957400033217 3.9561010186398402 -0.5181615649150992
vn -0.8037920576346618 0.5898735851143164 0.0772494768125964
v -31.9250111529235596 3.9606224363834301 -0.6648597342260132
vn -0.7088100622737323 0.6888859877627004 -0.1517379039123588
v -31.9249991212312239 4.0247318116046413 -0.0156914008050738
vn -0.8963697279673929 0.4148286822179866 -0.1563281010981424
v -28.4249984765102397 4.1054215600543769 0.2567920973389610
vn -0.5584586448472301 0.6581633736269382 -0.5049207023002747
v -28.4249973604833173 4.3813628848253643 0.7289664146022438
vn -0.7092849062362563 0.6112674287199334 -0.3510940790892749
v -31.9250011717100932 4.2148361357492643 0.4865121543595824
vn -0.8954983288203106 0.3106058437654425 -0.3187581416980408
v -31.9249996430367879 4.6321449736485452 1.0097526759706668
vn -0.3202410461319465 0.5710907502344013 -0.7558445788447685
v -28.4242599380394942 4.7413770086193443 1.1051508792479185
vn -0.5557912153111703 0.4012487355521855 -0.7280766286598580
v -31.9249995934319237 5.0280612060067247 1.2876846913621582
vn -0.8958440716772624 0.1723227399393774 -0.4095952545385380
v -28.4249990153228680 5.2031761939594432 1.3709431531063354
vn -0.7093840443809951 0.1750486434142327 -0.6827387860789068
v -31.9250021669902218 5.5061955355480521 1.4767996181048286
vn -0.3186534201422180 0.1286852037856140 -0.9390953711728761
v -28.4250405194347451 5.6301166022534721 1.5024220843556981
vn -0.7116975490653182 -0.0784963530690721 -0.6980866144034527
v -28.4250141551360294 6.2450207976157026 1.5228815836158907
vn -0.6050874878550005 -0.0864701209534031 -0.7914493352221785
v -31.9250007237264697 6.2386417548564905 1.5333518204268675
vn -0.5557205187172903 -0.3304177272283328 -0.7628884784880742
v -31.9249992390248210 6.8052648667029567 1.3653469454837073
vn -0.7081922253842808 -0.2313205586830831 -0.6670491518889791
v -28.4249998571086024 6.7435635620066625 1.3916773538113199
vn -0.3167410827221979 -0.4639240644891924 -0.8273146613615630
v -28.4250702970051066 7.0215594095524443 1.2555176590734431
vn -0.7076760998493580 -0.3889859608670216 -0.5898173106567501
v -31.9249993426063732 7.0693851192582793 1.2270793926145520
vn -0.8004996482255242 -0.3762711161081783 -0.4664979746724714
v -28.4249994269620530 7.2681198177340116 1.0884590992832630
vn -0.8595053430267152 -0.4172686079036717 -0.2951905726249746
v -28.4249988504260251 7.5914566165437627 0.7749092883318567
vn -0.8028423415021751 -0.4370305012595235 -0.4055225217668612
v -31.9250017786083369 7.5018224757741008 0.8836027236173570
vn -0.6048953743213428 -0.7474654713640286 -0.2745850601238036
v -31.9249975828857018 7.9264544173814624 0.1798582330871354
vn -0.7106821687207669 -0.6602297161094692 -0.2429559158126365
v -28.4249193457895935 7.9168215751490116 0.1849703217629148
vn -0.3175345685498003 -0.9431853408619693 -0.0978427849101967
v -28.4253969634126626 8.0334657259130005 -0.3815192727481840
vn -0.8019816401099708 -0.5972891061478460 0.0084363856969975
v -31.9250005768910370 8.0381601900518032 -0.5203350383172799
vn -0.7994250360892987 -0.5951934399390464 0.0816356584290727
v -28.4249997139254447 8.0131552983786953 -0.7756253360804464
vn -0.3163202436854444 -0.9048814832506582 0.2848350482382214
v -28.4251334997217384 7.9521007878467449 -1.0631107963845958
vn -0.8007406917387637 -0.5824778000770900 0.1397639331554456
v -31.9249990203802589 7.9621316621785976 -1.0280165908387808
vn -0.9761859597831579 -0.1972893323457431 0.0902102614163472
v -28.4249992355354308 7.8453098354475097 -1.3494918491790766
vn -0.7084745154142675 -0.6378847088004285 0.3019386680885893
v -31.9250001401534433 7.8313940378510587 -1.3876299220816757
vn -0.3170529990701805 -0.7983126862226243 0.5120295409413620
v -28.4249926177144197 7.7057724073177720 -1.6038833580658105
vn -0.5556281177066659 -0.6533764457936427 0.5141756654061087
v -31.9249996587987965 7.6079204593584624 -1.7431746063703042
vn -0.5560479612717451 -0.6047506684427683 0.5701642691221197
v -28.4249975775557289 7.5269634873974471 -1.8400336421311299
vn -0.7116908359376820 -0.3981638342966777 0.5787587710786689
v -28.4250470260228738 7.1589792165396489 -2.1776029537390826
vn -0.6051537559085345 -0.4464686068200369 0.6591317886689801
v -31.9250081228871636 7.1447134561885184 -2.2011366346275159
vn -0.5569712761181085 -0.2976200004667253 0.7753743179275107
v -28.4250000604753303 6.6978832254338077 -2.4077728530195830
vn -0.7084986674386070 -0.1793360096673075 0.6825454079212061
v -31.9250004546131585 6.4938106934677187 -2.4735207311691503
vn -0.5581671023716704 -0.0897301613873540 0.8248624030512074
v -28.4249322466804948 6.1937662606618629 -2.5310157884919193
vn -0.7099333441748388 0.1668215245215113 0.6842260049026555
v -28.4249984501794515 13.6746845379910376 -16.7071773055211992
vn -0.7087489436289202 0.2380326288581536 0.6640899054373333
v -31.9249990113768085 13.5918608684244244 -16.6818955065881482
vn -0.5602417397221685 0.4183509735884089 0.7149207340472846
v -28.4249988458215483 13.1699650550967622 -16.4970278523741101
vn -0.7112294534142863 0.4330487152820401 0.5537341192202173
v -31.9249987158119879 13.0501463650730738 -16.4208243971548207
vn -0.9297945843438898 0.2983351737933675 0.2155879287030109
v -31.9249997744070626 12.5567804686529776 -15.9179547487533437
vn -0.6083483259382420 0.6472505388544350 0.4593245631149961
v -28.4249972087231981 12.5533735604128953 -15.9273162107006314
vn -0.7091861333625287 0.6584526611689167 0.2519823828085558
v -31.9249991412600238 12.3231653665839485 -15.4644275256406178
vn -0.5608544682844935 0.8082159376345911 0.1795251056503153
v -28.4249935232277622 12.2208208535502187 -15.1230210864401400
vn -0.7098557694213086 0.7033757484063868 0.0369776036681256
v -31.9250021211933017 12.1888693938327251 -14.8870943985774407
vn -0.8011947339357227 0.5965274482757478 -0.0473497810691023
v -28.4249991665290800 12.2020690170641632 -14.5869276179942045
vn -0.3176248817646695 0.9074880606554953 -0.2749179045673594
v -28.4249938759209932 12.2639084035161225 -14.2195916249002217
vn -0.5556723059955553 0.8136788728205913 -0.1707482950866394
v -31.9249982017283038 12.2565011348008088 -14.2495637442613727
vn -0.7082576786770240 0.6453570810082935 -0.2861560738259597
v -31.9249984008888568 12.3928839859677513 -13.8740307779183123
vn -0.5565644855175250 0.7326416571663678 -0.3917552496714385
v -28.4249997971366817 12.4121571737550482 -13.8340219520152719
vn -0.5559436165018281 0.6766672448199794 -0.4827505930173531
v -31.9250006574833201 12.5810300915685733 -13.5579020645700421
vn -0.7096637890481357 0.5319775072178358 -0.4619277414576229
v -28.4249973096954740 12.6400730443415465 -13.4776042169670625
vn -0.5588718126864066 0.4318335147859289 -0.7079421674771469
v -28.4250055715616590 13.1020985847104328 -13.0485242856407631
vn -0.7107682652621363 0.4413436491079519 -0.5477447001006313
v -31.9250094070510038 12.9784597902688947 -13.1342864553038847
vn -0.8349656480376463 0.1536811631219781 -0.5284074816829805
v -28.4249989194711752 13.6568089076595296 -12.7956166223636423
vn -0.6044106471997907 0.2282600747732924 -0.7632726300713403
v -31.9250062223027591 13.6621408465323384 -12.7887651173487153
vn -0.8955303713058619 0.0035069046895204 -0.4449865792226591
v -31.9249991673667495 14.2255963225758713 -12.7160206992157647
vn -0.4538247546941808 -0.0224227622880536 -0.8908087964081518
v -28.4250104102580998 14.2874854314013557 -12.7078291067252600
vn -0.7094142233701319 -0.1621903543513122 -0.6858758988589324
v -31.9249986927898846 14.6763888737540640 -12.7670170740319620
vn -0.8958443015659627 -0.1998086761823394 -0.3969124340129112
v -31.9250014140451803 15.1251396259777486 -12.9199238052113383
vn -0.2510722269255767 -0.4478402755889230 -0.8581385811318991
v -28.4250583392088672 15.2046297060953801 -12.9473291141909694
vn -0.7092393917463566 -0.4729665720838387 -0.5227639112319451
v -31.9249996755783556 15.5995747739444628 -13.2475382420425181
vn -0.8339830992933196 -0.4648125339986361 -0.2973575261043106
v -31.9250024470100833 15.9361863439531266 -13.6429396787713735
vn -0.7145616277817342 -0.5810527269604734 -0.3895887685672110
v -28.4250051529629779 15.9125040974688403 -13.5889989564395339
vn -0.8022704577210642 -0.5657235319217646 -0.1905754393881815
v -31.9249998485614377 16.1812817355504706 -14.1731689700791961
vn -0.3224514279974438 -0.9311490994796424 -0.1702540193964894
v -28.4248219302495926 16.2345124564688135 -14.3723431786440088
vn -0.5558951066622759 -0.8312515844314561 -0.0011974009899401
v -31.9249994649538209 16.2610281974399093 -14.6966878816537037
vn -0.9495477861769850 -0.3094926443067686 0.0507277526250749
v -28.4249980654073831 16.2359258181787105 -15.0949927393607428
vn -0.8038145922141275 -0.5583705357382176 0.2051936796371948
v -31.9249962166666990 16.1439128282285758 -15.4778666656537016
vn -0.3188258424738503 -0.8260341686104159 0.4647769728148528
v -28.4254639024856424 16.0080711487748744 -15.7421342207398318
vn -0.9285861800592760 -0.2805637645944840 0.2429231981501415
v -28.4249992791316366 15.7587623519518800 -16.0845382029037616
vn -0.4477078295220178 -0.6771438767000184 0.5839810524600554
v -31.9249993050369270 15.7396178283460699 -16.1094032993646508
vn -0.7094761529109459 -0.4393292804752585 0.5510293746868455
v -28.4250013817881459 15.4845157804710727 -16.3511625647838592
vn -0.5564751563108131 -0.4453543411965727 0.7014234891891080
v -31.9250010934391071 15.3688609935946463 -16.4362116438069989
vn -0.3202604554028203 -0.3652061687274746 0.8741039383440492
v -28.4249042174677200 14.9810540714235749 -16.6425383322513802
vn -0.8592263306920233 -0.1359537673822544 0.4932004519260842
v -31.9249989343389124 14.8399400593841033 -16.6919528531718342
vn -0.7105720139311142 0.0418258729056049 0.7023802455746919
v -31.9250002301658995 14.1643354174344598 -16.7910859690098064
vn -0.5601679881403268 -0.0616466874062160 0.8260820243744922
v -28.4249033192420946 14.2911195935382285 -16.7906823221750479
vn -0.7374532916725636 0.6720321997295414 -0.0673451195557242
v -23.9868857818333368 23.8099276017467361 -13.9410925276611692
vn -0.2601935259997574 0.9654461341164119 -0.0145976418468548
v -23.8799219465588983 24.0000228532995799 -11.7354524955461486
vn -0.1714834857929458 0.0073875087224528 -0.9851592961623903
v -23.7250003800000009 19.0000000000000000 -28.0000000000000000
vn -0.8805602804723189 0.0537587503389636 -0.4708753436064623
v -23.9249905404776122 19.4600000148381298 -27.7966591640894372
vn -0.3630963391178834 0.0687126255276150 -0.9292145196951523
v -23.7253749731003758 19.3679824501729385 -27.9873447487205169
vn -0.2932308906827171 0.1345907685936464 -0.9465204539569083
v -23.7250003800000009 19.7336521100000013 -27.9458827999999997
vn -0.4059103476915620 0.2050342109164799 -0.8906165066911638
v -23.7244449019358967 20.0748209993125108 -27.8845194964388376
vn -0.3049498903286673 0.2974008930633089 -0.9047421031397180
v -23.7252027908582370 20.5484670489087691 -27.7556285635998847
vn -0.2731349083024999 0.3915336744269478 -0.8786914723930793
v -23.7252180640931023 21.0070970726993451 -27.5809728363634541
vn -0.8736050902418619 0.2022831371808321 -0.4426010378611744
v -23.9250286614787910 21.0362892264892984 -27.3847961476728656
vn -0.3005300483329050 0.4934402700214791 -0.8162097708127192
v -23.7283455004843944 21.5454424303385608 -27.3080442237617156
vn -0.8782913999174452 0.3422275210904147 -0.3338930077724959
v -23.9250046447437796 22.3550547404219877 -26.4558214765806952
vn -0.3968853527678938 0.5797020551257491 -0.7116372278354242
v -23.7246578745795880 22.1509596669847824 -26.8871651916799657
vn -0.3744082275278661 0.6779705992949525 -0.6325933493572983
v -23.7253821247133274 22.6870897991681915 -26.3828867014469921
vn -0.4148344887532759 0.7251501746800615 -0.5496085617075890
v -23.7250003800000009 23.0160369899999999 -25.9784965499999991
vn -0.2869340851219871 0.8178932656830431 -0.4987177926899490
v -23.7253572449161503 23.2762170569309319 -25.5985612669119362
vn -0.8395854355731567 0.4991934709053491 -0.2142479287622245
v -23.9250886623506815 23.4409119380397719 -24.9596741219828786
vn -0.2115106501429433 0.8992578382407886 -0.3828819468695447
v -23.7270891974176656 23.6110173391656666 -24.9434671140626918
vn -0.3897592575090844 0.8904030036297665 -0.2350961767299870
v -23.7267386748187761 23.8463084050507810 -24.2457320895838535
vn -0.4094140922558752 0.9024896550685197 -0.1337629379035992
v -23.7252729615430127 23.9643028688078736 -23.6124126683491085
vn -0.9261148871056786 0.3756015968436686 -0.0351376767832267
v -23.9249919407726139 23.7986333747297074 -23.3201688107243115
vn -0.3780874167470585 0.9252998470923728 -0.0294974281653089
v -23.7251144032399637 23.9998265418649481 -23.1263472971297652
vn -0.4318235146120545 0.9018147713779185 -0.0160801229064167
v -23.7250576636434474 23.9999998558015299 -14.6949937888547559
vn -0.2305929932522033 0.0124227805997743 -0.9729709892823933
v -23.7298047233893392 9.9262764005300017 -27.9999934008524818
vn -0.2349264056011929 0.0146324940956844 -0.9719030168014932
v -23.8740386999999998 7.6299171399999999 -28.0000000000000000
vn -0.1678118965562705 -0.0073603174915809 -0.9857915566186448
v -23.7294452362439188 1.9141595484966658 -27.9999953606107930
vn -0.2217772415113664 -0.0127063922398593 -0.9750145654008743
v -23.9324784700036624 4.9630156341354033 -27.9998799968132630
vn -0.6312049637743390 -0.0746937718794998 -0.7720110971670348
v -24.1664204742470758 3.8804233561799260 -27.8270076484353979
vn -0.2920428616871534 -0.9554312422642478 -0.0431521522403535
v -23.7250171966176069 -11.9998036990176367 -23.1435883921209999
vn -0.9259182096253620 -0.3762844784335911 -0.0329463256543795
v -23.9249762671170636 -11.7983895296847408 -23.4377282456216491
vn -0.4007925133250324 -0.9011342513844799 -0.1652949552900416
v -23.7237364155570027 -11.9276654557167028 -23.8898144246638573
vn -0.2975530420441263 -0.9015732447223668 -0.3140507468086488
v -23.7241140554119241 -11.7010715763803699 -24.7142085855768201
vn -0.2539581244799533 -0.8637204507378310 -0.4353070801030723
v -23.7251959349177390 -11.4576729715521228 -25.2677957002793292
vn -0.8412332402230593 -0.4812999307042728 -0.2463270432735202
v -23.9250531708129053 -11.3081360377360145 -25.2287566822861962
vn -0.2926178554448717 -0.7947317896514792 -0.5317670290570874
v -23.7275196502557435 -11.1438657661667975 -25.8048053138560292
vn -0.4135149674435648 -0.6792824282272631 -0.6062843840986015
v -23.7237889799700774 -10.6870693889479771 -26.3829158254169265
vn -0.8893499912182922 -0.2814549976885172 -0.3603327315082273
v -23.9250098070289461 -9.9720134072442583 -26.8063030010107468
vn -0.2830910914421641 -0.6275676623818919 -0.7252711652055472
v -23.7251991963220306 -10.2504983618604761 -26.8010548904877091
vn -0.2821187380714627 -0.5498335797581013 -0.7861883058144260
v -23.7225615835966011 -9.8617369966231720 -27.1017312622740150
vn -0.4157578372635680 -0.4379433972873154 -0.7970890800446115
v -23.7261861564468681 -9.4461454129280096 -27.3623506958681837
vn -0.3107720914236916 -0.3727585544478288 -0.8743407615330021
v -23.7252220010645019 -9.0071027036959457 -27.5809701205737490
vn -0.2285620271337753 -0.2456784223953309 -0.9420199108945844
v -23.7232785342042334 -8.3025130080847447 -27.8349928006389682
vn -0.8486970081356217 -0.1371621506336836 -0.5107836457984802
v -23.9249953437412977 -8.2594552846690075 -27.6690718664878226
vn -0.3205094834506766 -0.0895978207645315 -0.9429983571207466
v -23.7253251552667983 -7.4602120531779992 -27.9826460358948275
vn -0.2259817146242281 -0.0101717850044800 -0.9740784359820911
v -23.7250003800000009 -7.0000000000000000 -28.0000000000000000
vn -0.9674466950972710 -0.0132364661979594 -0.2527284869340184
v -23.9249992399999982 -7.0000000000000000 -27.7999992399999982
vn -0.4525416925111020 -0.8916126604022365 -0.0152604177411114
v -23.7265119273612406 -11.9999962066959558 -14.1992879751119521
vn -0.7073125371348155 -0.7025220704841511 -0.0785602653672442
v -24.0002501370548202 -11.8437536163531369 -13.5357297614351246
vn -0.8781385426014179 -0.0364400823545707 -0.4770165829359078
v -23.9256425453999917 0.9935401046669762 -27.8000119291075158
vn -0.8849391121784479 0.0289766185180176 -0.4648043925309676
v -23.9250848996800016 11.1694659145821031 -27.8002229829254901
vn 0.2344603617048551 0.0748990415693080 -0.9692360251049420
v -14.1254018733994222 19.3679834405090112 -27.9883800182947802
vn 0.0955581501708432 0.0038271250006009 -0.9954164922534469
v -14.1250000000000000 19.0000000000000000 -28.0000000000000000
vn 0.2922647759342389 0.1670054000648835 -0.9416424465248352
v -14.1247954796594666 19.8761512526941999 -27.9240343393278749
vn 0.3987972605122122 0.2465993208105552 -0.8832607315983926
v -14.1257072922714588 20.3546400827409641 -27.8144286475057427
vn 0.2891538444560221 0.3501543417404949 -0.8909444377718417
v -14.1247952443968874 20.8199735206956511 -27.6584812691293749
vn 0.2926670906869850 0.4524690169074921 -0.8423881307138555
v -14.1244635991508876 21.3855352865919528 -27.3986132149424257
vn 0.3951717424021908 0.5477611916635456 -0.7374259087624661
v -14.1270751503705139 22.0052793156009336 -27.0008615530338858
vn 0.2293837683074904 0.7063532818890532 -0.6696626971853959
v -14.1252598681715078 22.6501867163398956 -26.4277996007538079
vn 0.2953087892629332 0.7718123070500625 -0.5631149808610322
v -14.1250000000000000 23.0160369899999999 -25.9784965499999991
vn 0.4296854302805491 0.7845429978244294 -0.4470600804917353
v -14.1265553294597535 23.3073694560728235 -25.5465984119359710
vn 0.3748838352321825 0.8517213300917560 -0.3661050203812287
v -14.1247952899736156 23.5809542847133784 -25.0071408249067133
vn 0.2224899343122272 0.9425728623671936 -0.2491076639902036
v -14.1238898808736497 23.8348603064925761 -24.3029926172732580
vn 0.3219948478509049 0.9419246290358524 -0.0953798258183800
v -14.1246805723781410 23.9826465143058130 -23.4602078828148279
vn 0.4030036628859656 0.9150177358606429 -0.0181821550141225
v -14.1250000000000000 24.0000000000000000 -23.0000000000000000
vn 0.5028398266920410 0.6612262557042147 -0.5567153199434184
v -19.7338793708280633 -5.9754995332379846 -28.0000005688432054
vn 0.6513025032618536 0.5158270640633125 -0.5565316605770660
v -19.9193990299298243 -5.7840523033406139 -28.0000001022018097
vn 0.2821383357695001 0.6447625084054617 -0.7104078175554613
v -19.4292193298539821 -6.1667558444762278 -27.9999985113289682
vn 0.1516491500998781 0.8174752303969822 -0.5556408758914211
v -19.1202378533360466 -6.2504004504336681 -27.9999995420119205
vn 0.8485081091889000 0.2733558055361208 -0.4531121188187054
v -20.1381529121516536 -5.4016227664457794 -27.9999924279317085
vn 0.7041330342289144 -0.0030919269582598 -0.7100613424875819
v -20.1928762839236349 -4.9780440031479358 -27.9999999835615334
vn 0.6829852915638843 -0.1724005143689760 -0.7097951494288394
v -20.1481906946376483 -4.6545048718046349 -28.0000000032403626
vn 0.7103580960115974 -0.4305025739571528 -0.5568293358355362
v -20.0032598635522341 -4.3310358281105330 -28.0000003653793890
vn 0.5707533839101577 -0.6032078988100762 -0.5571183048224470
v -19.7788058983433572 -4.0614591330995387 -27.9999998816554765
vn 0.3512931634622979 -0.7515242469922345 -0.5583945016629428
v -19.4447207670886684 -3.8380372233529965 -27.9999994735706643
vn 0.0563065357693993 -0.7022267649447229 -0.7097232873627005
v -19.0408763979589182 -3.7362915479858034 -28.0000000040500083
vn 0.1230763316411569 -0.0066075268396013 -0.9923752098772016
v -14.1250000000000000 -7.0000000000000000 -28.0000000000000000
vn -0.6002441671374671 -0.3700043233016673 -0.7090865536417423
v -17.8337639817739770 -4.3561464737739772 -27.9999999943854974
vn -0.7987977960405052 -0.2228289765087203 -0.5588106372188234
v -17.6843870692885154 -4.7062934219630499 -28.0000021933134313
vn -0.8284009288522078 0.0609529665631963 -0.5568093362578840
v -17.6607021789504266 -5.0834883282830043 -27.9999996178166093
vn -0.7636741109878601 0.3241110942153981 -0.5583492194078891
v -17.7373517099440576 -5.4592885322980296 -28.0000028550074660
vn -0.6272897759143168 0.5441226730065774 -0.5571696812942566
v -17.9440014714265637 -5.8053799656823175 -28.0000007751170621
vn -0.4058041423081623 0.7232464792214743 -0.5587821833051572
v -18.2729747705826604 -6.0963833137402954 -28.0000088360598873
vn -0.1836094304017087 0.8106179072632875 -0.5560451290063138
v -18.6942960365807274 -6.2458196641251735 -28.0000014569032381
vn -0.0130477239113791 0.7062202168735796 -0.7078719956176870
v -18.9222839550522650 -6.2661845788427213 -27.9999999676352331
vn 0.5149825936453516 0.4806811786937404 -0.7097453999089413
v -19.8153069982985315 5.0951314568686650 -27.9999999847717511
vn 0.4046129585619710 0.7240442535780877 -0.5586128110098073
v -19.5250914237122153 4.8793096105871401 -28.0000009759369348
vn 0.7604748956781486 0.3310969279628260 -0.5586168251466189
v -20.0614689646831224 5.4279939306787277 -28.0000013959526690
vn 0.8904305878225074 -0.0385033763075536 -0.4534874400498686
v -20.2039038939297022 6.0336916523644559 -27.9999983331357392
vn 0.0813265825706235 0.5893576578224999 -0.8037683361102008
v -19.0333969167572583 4.7297643261736741 -27.9999978864156951
vn -0.1847026191771575 0.8098507438564969 -0.5568004266738457
v -18.6331974479510336 4.7671665347915226 -28.0000000515866923
vn -0.1598366921686462 -0.5739533849954024 -0.8031374376088471
v -18.6502408931755781 -3.7589742384240870 -27.9999996065516044
vn -0.3414793171140152 0.6166652891352278 -0.7093065607754603
v -18.3519445350892134 4.8678300100952736 -28.0000002005485733
vn 0.6344356440297654 -0.3054094106570171 -0.7100820413632993
v -20.0660578515489050 6.5558172480611319 -28.0000017042841165
vn 0.5191005055816998 -0.4772022774909900 -0.7090928369841537
v -19.8801746179395415 6.8351377320119004 -28.0000001379243031
vn -0.4078504420474069 -0.5727873576491990 -0.7110363280726122
v -18.2051048001311493 -3.9506383526676165 -27.9999998599289910
vn -0.4954387200251011 0.5004025201723692 -0.7100266139413586
v -18.0803263688591969 5.0531299559528939 -27.9999978787229509
vn -0.4130549367172474 -0.3678818031386834 -0.8330957917148194
v -17.9732311506091058 -4.1665071018019590 -28.0000000842519157
vn -0.3755239338042874 0.2376999894232100 -0.8958127539661170
v -17.8418541792538399 5.3393394848977156 -28.0000000233666633
vn 0.4000516018208515 -0.7268860662915761 -0.5582072755811494
v -19.5725465632242432 7.0945042086318839 -28.0000020925376738
vn -0.7839522577899563 0.2764968994369313 -0.5558491900756838
v -17.7303699662010779 5.5798961042737307 -27.9999999083268030
vn 0.0827611883783659 -0.5898618314107276 -0.8032518942044165
v -19.1400513444579516 7.2534236110259878 -27.9999996291766564
vn -0.6935675586567220 0.1334210769661288 -0.7079285682893103
v -17.6847560897721863 5.7511656172907752 -27.9999999341611066
vn -0.7050776999142322 0.0158644109512715 -0.7089525777855844
v -17.6562847210767906 5.9876661895401835 -27.9999999897017773
vn 0.4589392551360090 0.6911180472543589 -0.5583284023355135
v -19.6210903750771486 15.9352959540087600 -28.0000048032314517
vn 0.5763566768836383 0.3995238396468224 -0.7128770458960714
v -20.0141703826564168 16.3299057164245731 -28.0000005489110819
vn 0.1615736549557083 0.6856907220541207 -0.7097338851380511
v -19.2246357414049385 15.7664712627644530 -28.0000001562785918
vn 0.8764863190839119 0.1707707742122788 -0.4501211782772211
v -20.1748019219195278 16.7763406961578774 -27.9999993349608332
vn -0.0345589407502892 0.5499020463256787 -0.8345138818863644
v -18.8356986210050863 15.7333284276949374 -28.0000007795065962
vn 0.8216133389439445 -0.1189173986844906 -0.5575035188763358
v -20.1888973687490001 17.1212847569748412 -28.0000011054526858
vn -0.0846110882734937 -0.5432139801337708 -0.8353200198297670
v -18.7484951125671095 7.2576712364024303 -27.9999987104098231
vn -0.2136458970355831 0.6714636169213013 -0.7095717312793858
v -18.5114531358154082 15.8026208246784456 -27.9999999654901934
vn -0.3207794551942661 -0.6247417851159314 -0.7118976352365761
v -18.2873074285158879 7.1048977873281096 -28.0000013926166034
vn -0.4069123072129311 0.5746450582538425 -0.7100742434866142
v -18.1645111685100709 15.9788959755921773 -28.0000006509820309
vn 0.7416730587049070 -0.3719313858619855 -0.5582007866369327
v -20.0854020433709834 17.5178181580247774 -27.9999990820259193
vn -0.5269308395454615 -0.4686654048504528 -0.7090110215167860
v -17.9862944665231161 6.8497878253819851 -28.0000001408011379
vn -0.4667517409120601 0.3753736408939178 -0.8007730278160006
v -17.9283824236440310 16.2191633824184152 -27.9999999951281993
vn 0.5598584521034610 -0.6118317546370688 -0.5587668723412675
v -19.7902400866751300 17.9353786104383097 -27.9999910240060110
vn 0.2745456516789422 -0.7834290734210051 -0.5575514075517076
v -19.3624023057221883 18.1915489874618181 -27.9999972074553867
vn -0.0073699444362357 -0.7033515875215245 -0.7108039309471763
v -18.8800896015232915 18.2739271288209331 -28.0000001345391567
vn -0.8058529227611277 -0.2022333725554050 -0.5565094158252983
v -17.6959256861890672 6.3081017541953797 -28.0000008356788648
vn -0.2896672999637407 -0.7784131753025582 -0.5569252946734464
v -18.5102891610843194 18.1974583391905043 -28.0000000045783359
vn -0.5554793685271643 -0.6142518159222756 -0.5604795962181405
v -18.1292297099739734 17.9985289386466434 -28.0000061619497984
vn -0.7672418572814951 -0.3097150639247799 -0.5616195434752173
v -17.7633223607919284 17.5347168790618859 -27.9999980371798749
vn -0.8263204151088059 0.0609462640393186 -0.5598929580500726
v -17.6520790692999228 16.9169553549196472 -28.0000047026087877
vn -0.7689544911648805 0.3148335609558969 -0.5564070626916857
v -17.7512582965884071 16.5215070116176399 -28.0000003059300653
vn -0.6067489864017912 0.3620411644429020 -0.7076594256768060
v -17.8432472416968508 16.3444822983909930 -28.0000000033874876
vn -0.4843789915158499 -0.2636144855532399 -0.8341968566139463
v -17.8115535954910307 6.6114504458654872 -27.9999994473517191
vn 0.3788713964769891 -0.1088415830674120 -0.9190266452758351
v -14.1249322362950327 -7.5207602529355189 -27.9766836698272989
vn 0.4609925779938128 -0.2209845109154245 -0.8594484795321294
v -14.1273084821570922 -8.2451305388128340 -27.8464702277743257
vn 0.2935288777204664 -0.3363665777682663 -0.8948174804420330
v -14.1247888142401479 -8.8199773456048547 -27.6584792191109266
vn 0.2831886920547997 -0.4176253384737929 -0.8633615936309316
v -14.1250000000000000 -9.1377754200000005 -27.5199470499999990
vn 0.4167619881530253 -0.4812764707382466 -0.7711565366023134
v -14.1210455512369801 -9.5969641614586845 -27.2771929008966296
vn 0.3216462478533554 -0.5871215372710048 -0.7428539504602434
v -14.1247798793721682 -10.0939240680934912 -26.9295522806682150
vn 0.2715677750557881 -0.6830404135161492 -0.6780167675322913
v -14.1254757098081463 -10.5596217496674907 -26.5167733454524210
vn 0.2908546825527704 -0.7642165019325661 -0.5756532739514988
v -14.1246307220429763 -11.0371894740703773 -25.9562907372685103
vn 0.4288473573061999 -0.7867956105823708 -0.4438948200866989
v -14.1260685288875205 -11.3621301697540513 -25.4465462360224564
vn 0.2908063937802295 -0.8865903431362229 -0.3597071097353129
v -14.1246751711279739 -11.6345069821964255 -24.8867706477209936
vn 0.2809436269993647 -0.9341158567215005 -0.2202231701476912
v -14.1195987859992993 -11.8929236397029836 -24.0643574749638169
vn 0.3417656889229707 -0.9363188038583025 -0.0806431114005722
v -14.1248515325537429 -11.9893538139975391 -23.3465655407492427
vn 0.3519082220829631 -0.9358390735305753 -0.0191267269505944
v -14.1250000000000000 -12.0000000000000000 -23.0000000000000000
vn 0.9765317483974649 0.2150757931510082 -0.0113202284541839
v -13.9250001900000004 23.7999992399999982 -23.0000000000000000
vn 0.8805241907949567 0.4566414316508524 -0.1271052804754655
v -13.9249792683020210 23.6598807402158400 -24.3286723680544377
vn 0.8606629014498342 0.3828403057543299 -0.3356972897684522
v -13.9250370210911889 22.5561766903485683 -26.2784947741155577
vn 0.8906334032875014 0.1945828128677985 -0.4109862161739469
v -13.9249806322080758 21.0435517193291091 -27.3725496109740654
vn 0.9241561136078696 0.0404945794072557 -0.3798626945619005
v -13.9249996246339371 19.5104548137783738 -27.7990647078850621
vn 0.9744939334348155 -0.0080531177670849 -0.2242693046160591
v -13.9250001900000004 -7.0000000000000000 -27.7999992399999982
vn 0.8932296734160237 -0.0777949941753038 -0.4428190255740690
v -13.9250020708752231 -7.7429608192240984 -27.7525769609701705
vn 0.8509479081956902 -0.2130848320039891 -0.4800859422095287
v -13.9249653561884514 -8.9987635197419564 -27.3897295972763004
vn 0.8845901760713326 -0.3400112758860566 -0.3192061288077422
v -13.9250302891102233 -10.5846414387784264 -26.2521774181741172
vn 0.8835008855095555 -0.4533788703390457 -0.1177870333862008
v -13.9249931455952183 -11.6612783827370183 -24.3125024950008530
vn 0.9675416316937027 -0.2525556163053431 -0.0088798430231346
v -13.9250001900000004 -11.8000001900000004 -23.0000000000000000
vn 0.8829683894967432 0.4652026875283441 0.0628751355142378
v -13.9249986625041764 -10.2003612723073100 -11.3566887309631372
vn 0.3861515610331480 0.9194838366482666 0.0737322592509327
v -14.1248814095489852 -10.0001528831273969 -11.3182005216279649
vn 0.3946933991627088 0.9170190349880607 0.0573864977756303
v -14.1248175632712769 -9.9996796031462729 -20.2006259939826016
vn 0.8637270378630986 0.5019413737688329 0.0450606409552126
v -13.9250006948357417 -10.1987627389926807 -20.3915612478933106
vn 0.3866326899481621 0.9061200091125559 0.1716440856811268
v -14.1238730526057488 -9.9267834831145443 -20.7775984297063374
vn 0.2564094284518202 0.9027634064543918 0.3453584181222074
v -14.1246023419375781 -9.7400767598103322 -21.4429917830607621
vn 0.8526767801779778 0.4880447069386231 0.1864260512227574
v -13.9249960499444505 -9.9581741250921336 -21.4395521113300660
vn 0.3784355155895071 0.7920823259821718 0.4789490050174198
v -14.1263853695248471 -9.4336276194846107 -22.0576480321946704
vn 0.3925388740854183 0.6951713450885370 0.6022043119237411
v -14.1284235228819277 -9.0295441412934068 -22.6221222867301357
vn 0.8939651761668554 0.3468851547599897 0.2837198498662037
v -13.9250050520434812 -9.3369950985148140 -22.5925816758513314
vn 0.9178363321648866 0.2264318288984253 0.3260446199829438
v -13.9250038183077507 -8.4193453966377003 -23.4463064104924968
vn 0.3217637334236397 0.6079586766655790 0.7258473305870311
v -14.1245323922363291 -8.5476255115870394 -23.0886976778892432
vn 0.4511347377640904 0.4328493496160750 0.7804606901820659
v -14.1245366040268348 -7.9753687741560038 -23.4857576651037547
vn 0.2624725276029757 0.3326370788154988 0.9057928825348522
v -14.1244877057105356 -7.3569489624789863 -23.7659602746597614
vn 0.9382793267700783 0.1150648270474722 0.3261778510757957
v -13.9250008805768850 -7.2938554468321701 -24.0156064970151348
vn 0.3851188093203655 0.1830304833657694 0.9045348776396391
v -14.1246369659545294 -6.7869393420153932 -23.9254716559825980
vn 0.2579846843099935 0.0923831822113016 0.9617220234069648
v -14.1250000000000000 -6.3920683900000004 -23.9807395899999989
vn 0.1901681470014665 0.0181014738616758 0.9815846435789752
v -14.1247245255527005 -6.1050350727351423 -23.9998089393908351
vn 0.8424855696333063 0.0423686686116190 0.5370502405545705
v -13.9249992867755417 -6.3005375730110433 -24.1986940889608775
vn 0.8619033316760446 0.1336795163876113 0.4891343718694369
v -13.9249994657588125 -2.2470494277498574 -24.2019697162647098
vn 0.2488001108914580 0.0440871519233469 0.9675509432870631
v -14.1249154068355089 -2.3283628667088614 -24.0002065562666687
vn 0.3009507076262937 0.2941471868065357 0.9071417221542806
v -14.1240695485101906 -2.0680639935357532 -24.0569259864978022
vn 0.3329288128461049 0.3576252874079108 0.8725036156849395
v -14.1237875399821871 -1.5821699909238067 -24.2867977187033652
vn 0.3082897283929971 0.2403904157859142 0.9204183241144470
v -14.1249800334933475 -1.0834017482184279 -24.4522274600615255
vn 0.8584259360190364 0.1445854817638889 0.4921381420220804
v -13.9250050198035460 -1.3799005782017475 -24.5823072465757484
vn 0.4466791780797733 0.1539847174956945 0.8813435304396063
v -14.1259473006100631 -0.7042035228255219 -24.5335956565579316
vn 0.8835979353511750 0.0464227501917019 0.4659394991925235
v -13.9250001111279360 -0.3714727199302622 -24.7848353489427708
vn 0.3734286760656263 0.0487107451448885 0.9263791271392632
v -14.1281487563049932 -0.2313054547932226 -24.5905394033986546
vn 0.3013306094380793 -0.0576319149011585 0.9517764581037405
v -14.1256201168593609 0.2887349958226966 -24.5835520059498052
vn 0.9205237150504145 -0.0391011400051965 0.3887250839347482
v -13.9250003707711745 0.6094399432229380 -24.7595415441975426
vn 0.3806127214740560 -0.1772040209846812 0.9075972075755706
v -14.1268350286096211 0.7556662421110109 -24.5271814727898310
vn 0.9210124275143527 -0.1149295878979918 0.3721925552583191
v -13.9250002867489115 1.4341106958752112 -24.5551156206477152
vn 0.3748639466820867 -0.2973487300025438 0.8781006515450288
v -14.1282306427778899 1.3483416692775232 -24.3735395889828652
vn 0.2519985121340363 -0.3980899724212232 0.8820550570910537
v -14.1250000000000000 1.7651622300000001 -24.2033672300000013
vn 0.8422903510840615 -0.1481612798385176 0.5182617095901463
v -13.9250031031338999 2.2577305897325641 -24.2011330075166349
vn 0.3044690998980594 -0.2639257919643495 0.9152277003802149
v -14.1223083763416142 2.1116857315951991 -24.0400295020294585
vn 0.2234241196115032 -0.0280942728312426 0.9743163626922768
v -14.1250162816172775 2.3658649860668270 -24.0000158588975374
vn 0.7896022235604002 0.1263457209600092 0.6004707214707204
v -13.9249810616274061 9.7516455696507442 -24.2005394498307673
vn 0.1821171268960007 0.0536671160160068 0.9818111797844179
v -14.1250707197900773 9.6438809745985790 -24.0000436427859469
vn 0.2997922291939328 0.2883617447032069 0.9093800764843351
v -14.1233294674580740 9.9015756974555647 -24.0458700613322911
vn 0.3298681561202198 0.3934922984133253 0.8581088571196809
v -14.1250000000000000 10.2348375300000001 -24.2033672300000013
vn 0.8979202176140509 0.1503508045305767 0.4136833552089615
v -13.9250007562018414 10.4417503514024297 -24.5124770880683727
vn 0.3092027301178340 0.3231953617942030 0.8943927715508395
v -14.1241605063845128 10.5214490475258167 -24.3247610982625737
vn 0.3845651958230890 0.2157806769811732 0.8975234312278961
v -14.1258321940577822 10.9960171505196520 -24.4740687814835738
vn 0.3154387837243002 0.1055816678782788 0.9430540202610745
v -14.1242429885228287 11.5102521155359589 -24.5656950852044780
vn 0.9210886973193361 0.0496792348052793 0.3861704096635713
v -13.9249981794334872 11.3367262337002561 -24.7571619233145519
vn 0.3686612146798953 0.0086595225663173 0.9295234916125937
v -14.1252613521581178 11.9150829251192221 -24.5926142295229937
vn 0.3908184985431290 -0.0843089128355592 0.9165985535734718
v -14.1279681376758290 12.3816545125125916 -24.5774276764913360
vn 0.8243112987884921 -0.0884751323189423 0.5591806806844950
v -13.9250128317708839 12.6147532319833591 -24.7674443420891954
vn 0.3083883345815303 -0.1903160284462368 0.9320281349886822
v -14.1251853389165074 12.8744203163865816 -24.5016663800541075
vn 0.3509336937570184 -0.2936127491834954 0.8891777640623751
v -14.1246829706486778 13.3679059762714871 -24.3661177302137695
vn 0.2625296626341351 -0.3998716033843704 0.8781690481017991
v -14.1250000000000000 13.7651624699999999 -24.2033672300000013
vn 0.3159330425267941 -0.2608816111035260 0.9122100074148449
v -14.1240664074953806 14.1070547979844960 -24.0410303846783684
vn 0.8373243007812251 -0.1432492565309586 0.5276055968472664
v -13.9249839200419405 14.2879908589533944 -24.2058659883558178
vn 0.2507835313244278 -0.0341580817337066 0.9674403577837362
v -14.1249460258893773 14.3506449541005310 -24.0000895489428352
vn 0.1745672689433505 -0.0497086346586225 0.9833897092475778
v -14.1237782505071241 18.2880862175097256 -23.9982893140444062
vn 0.8754454396340147 -0.0888716860739375 0.4750758946088321
v -13.9250125477281852 18.6657323367436199 -24.1888517500095119
vn 0.3191654805979007 -0.2281828316538853 0.9198184556384622
v -14.1249213736565515 18.9724802654478637 -23.8836133129765003
vn 0.9123885786782020 -0.2474408608639564 0.3260676338928389
v -13.9250101386873943 20.4141787912542689 -23.4948430667439681
vn 0.3161104389520981 -0.4128443548769761 0.8541860037671685
v -14.1242392402710220 19.8020295106980448 -23.5919607151361710
vn 0.3288919463569511 -0.6099305179457114 0.7209818658607252
v -14.1247905761258430 20.5466051755455190 -23.0895370320972546
vn 0.4175516301597189 -0.6880573059508026 0.5934878093766418
v -14.1237975086405143 21.0345006189059731 -22.6152892582400256
vn 0.3266701514329918 -0.8089989496099214 0.4886791500491809
v -14.1252434538001683 21.4755598185842658 -21.9916474500947743
vn 0.2916432956954569 -0.8907688446545576 0.3485327150622687
v -14.1251319652400156 21.7425648521975212 -21.4167337878094450
vn 0.8596440034355588 -0.4540491452245157 0.2342041013265390
v -13.9250001862822526 21.7158131794590297 -22.0245120467638102
vn 0.3069959795423439 -0.9319384047530456 0.1929877672060732
v -14.1264900399221212 21.9388869471614782 -20.7539325090743318
vn 0.3987712862429160 -0.9161139518993568 0.0414329386299508
v -14.1250750244153629 21.9999210175685178 -20.0993950243300752
vn 0.8631959502482490 -0.5021926591261994 0.0519161303910374
v -13.9250059172969660 22.1976850185881034 -20.4938021958021146
vn 0.8851619819142507 -0.4604803198295804 0.0666793882941574
v -13.9250007594480287 22.2001999790539273 -11.3472103619222082
vn 0.3284480234979487 -0.9416466819858235 0.0736438874950285
v -14.1248930679998601 22.0001481841077045 -11.3218145491563416
vn 0.2958855829160770 0.7743909491116377 0.5592587770937443
v -19.4474365139123968 4.8386278172715791 -23.9999827293922614
vn 0.5383446922701539 0.6320185345050116 0.5574383951134786
v -19.7834150949868430 5.0650028637934925 -23.9999957915992397
vn 0.7032931579165218 0.4416084269172943 0.5571002883713481
v -20.0259336658235227 5.3616241933641158 -24.0001434975307149
vn 0.7025494816812616 0.1573749452011727 0.6940153834118653
v -20.1622551994635444 5.7182740284514786 -23.9984956865521397
vn 0.7228179334820231 -0.0499789935902132 0.6892287974515338
v -20.1938114638611061 6.0872413428167880 -23.9993107729510626
vn 0.6795038619311249 -0.2265279227758631 0.6978249077121993
v -20.1058167055801817 6.4631261085592540 -24.0005297582457828
vn 0.6757116832844559 -0.4827861048857948 0.5570738712254325
v -19.9492715317966898 6.7497464025761671 -23.9999952377680934
vn 0.5037764365203512 -0.6594576646482205 0.5579649545836833
v -19.6923333031930596 7.0134915250315757 -23.9999677549030892
vn 0.2363129346990507 -0.7945556313877988 0.5593188227870205
v -19.2517518239804346 7.2303727206777380 -23.9999978599148420
vn -0.1451054495032399 -0.8797145318997732 0.4528208816837246
v -18.7282457731058152 7.2599073884968846 -23.9999994274604269
vn -0.4325110841395260 -0.5513045630028145 0.7134405657857755
v -18.1442274368102332 7.0119892598629194 -23.9999978482866183
vn -0.7905376743645992 -0.4136664054393414 0.4515864152309115
v -17.7816500182848571 6.5642955870027437 -24.0000036151977874
vn -0.7009626363766088 -0.0711050060155780 0.7096446015601604
v -17.6581707364382972 6.0814101690857454 -24.0000003859210373
vn -0.8772940421997296 0.1717962736696194 0.4481531031624040
v -17.6798989107428248 5.7733859335568969 -24.0000000871360619
vn -0.7654543841011404 0.4581296466536877 0.4518814144411241
v -17.8143119821969904 5.3718486443216173 -23.9999966268568024
vn -0.5213966485866453 0.6457231348251340 0.5578415258782876
v -18.1012939951830667 5.0346518263303492 -23.9999993926428417
vn -0.2640678003790716 0.6528227177617416 0.7099934478409873
v -18.3864421435312195 4.8501651195337274 -23.9999999815907756
vn -0.0337320548481104 0.8278110828690778 0.5599919281157979
v -18.9082660033377081 4.7248343884707129 -24.0000117803196389
vn 0.3832484765511645 0.7415297580130507 0.5506852306012191
v -19.4216709343319067 -6.1774095507011300 -23.9616177410568874
vn 0.7864913026916451 0.4332768983609936 0.4401165301793111
v -19.9676175382391001 -5.7199533333409791 -23.8483591406626871
vn 0.8000174782481735 0.2207478437507588 0.5578910502748937
v -20.1410524509133175 -5.3735617843319519 -23.8101740335832694
vn 0.8741054890814085 0.0210652181937107 0.4852791470279791
v -20.1948625252491638 -4.9752630106422524 -23.8143618994390458
vn 0.8398348948419754 -0.2489076596108492 0.4824130246923459
v -20.1169729417382364 -4.5556760293245215 -23.8645864642849617
vn 0.7328588306292018 -0.4633845938313551 0.4981893742027715
v -19.9351381153633405 -4.2371316505876289 -23.9280982600483760
vn 0.5081913376099377 -0.5419951567265192 0.6693151832008731
v -19.7122711192028532 -4.0043424929782612 -23.9764742435146232
vn 0.2237586084672409 -0.7982564556743326 0.5592125857945762
v -19.2593813818366684 -3.7712684649736055 -24.0013438387319447
vn -0.0983210095141586 -0.8235052468259001 0.5587236235728091
v -18.7250792494487115 -3.7437021642437514 -24.0000011850113317
vn -0.3275141533362564 -0.6223607734582445 0.7109159915383046
v -18.2740880418335969 -3.9078587807013885 -24.0000304329364127
vn -0.6619168231843192 -0.6002863483494942 0.4489124849798773
v -17.9846990745297717 -4.1510733703848208 -23.9999996616752114
vn -0.7454857066031321 -0.3666687962476775 0.5566013430712398
v -17.8169796263542182 -4.3862693259660288 -24.0000005882052498
vn -0.6978735037912358 -0.0767969098731358 0.7120918531622739
v -17.6622569502683362 -4.8113193798682543 -23.9999986066987177
vn -0.8040950627432626 0.2041407105787540 0.5583526666510243
v -17.7081755902482527 -5.3716104585706201 -23.9999987980728839
vn -0.6917519084340256 0.4595182532132767 0.5570657700323207
v -17.8873586718564503 -5.7298775607365240 -23.9999998860242769
vn -0.5122426153684669 0.6548062069757555 0.5557304511240110
v -18.1662901465106827 -6.0244201054431343 -24.0002385988506042
vn -0.2360603256921955 0.6834705520824603 0.6907557651371369
v -18.5010352475729398 -6.1942859820190579 -23.9957489248696199
vn -0.0845078081968452 0.7328704321318056 0.6750995186346274
v -18.7467062838729603 -6.2539240901840740 -23.9919962655766916
vn 0.0859303430968676 0.8433188148746938 0.5304991542062969
v -19.0006678679816083 -6.2655629886739854 -23.9915622370666561
vn 0.3036863180307396 0.6406687123360442 0.7052079276884284
v -19.4305305163359385 15.8330702165966741 -23.9959623078047208
vn 0.5836215741549236 0.4786447131685886 0.6559612006336113
v -19.7587240121709655 16.0430920251045919 -23.9685655198549661
vn 0.8162778353409426 0.3143321323355595 0.4846501894278855
v -20.0502832606942683 16.3984986805432698 -23.8943874637770612
vn 0.7668765915723701 0.1120458593411836 0.6319383029242966
v -20.1716603016413103 16.7713987473660779 -23.8361168719782448
vn 0.7506562367214316 -0.0587359828709728 0.6580769701086636
v -20.1931437114308139 17.0833728964646880 -23.8387421268938304
vn 0.8414602387447020 -0.2863784272020352 0.4581834382046103
v -20.1117821421155227 17.4540730951113083 -23.8159289683186195
vn 0.6979787451771594 -0.4207334308282182 0.5794903376799606
v -19.9165311684412636 17.7929532627211024 -23.8594563244962075
vn 0.4639415198527359 -0.6132965454995677 0.6392383072337187
v -19.5589089515216088 18.1126113035569354 -23.9398329108430730
vn 0.1617868281877504 -0.8314711231103158 0.5314892225234840
v -19.1093940672078197 18.2534174546146808 -23.9877817348082374
vn -0.1276427090608112 -0.7217891347884700 0.6802409747471326
v -18.7088725963866374 18.2546686000886602 -23.9917850349295740
vn -0.4372203090806113 -0.7068421935815110 0.5560688039265754
v -18.2036092738355144 18.0508910768793385 -23.9999592306795293
vn -0.6944279264766168 -0.4511399469065482 0.5605734592669753
v -17.8254239936087444 17.6457750439509056 -24.0000031513741270
vn -0.8224824088055813 -0.0923606994704050 0.5612416488454024
v -17.6470836306599885 17.0835863436164495 -23.9999844777331433
vn -0.6778065875087128 0.1941428725239412 0.7091451014975331
v -17.7211681968821466 16.5985586967338037 -24.0000000484504987
vn -0.7651182109645983 0.4625452902370291 0.4479352383212054
v -17.8351834182933864 16.3567097635758785 -23.9999999970240587
vn -0.5742253979932977 0.5995706631820097 0.5574766471798830
v -18.0548734626388452 16.0728028335562279 -24.0000030739060684
vn -0.2955468892390821 0.6390639965477384 0.7101050940371672
v -18.3965139464837328 15.8466758929785581 -24.0000061319021150
vn -0.0348362248271748 0.8907165772995926 0.4532222593424657
v -18.8992596162595241 15.7214972119311867 -24.0000253026011485
vn 0.6416112023316688 -0.0010573207728069 0.7670293000370284
v -22.0984424545363005 6.0848679394657879 -23.2520507582688261
vn 0.1110025635449978 -0.0011117130637609 0.9938194981889330
v -20.4840403355018310 6.2640566594679186 -23.9816581227894332
vn 0.2751091066951190 -0.0935922500138049 0.9568466283322353
v -21.1391662127312685 2.6778808596700716 -23.8033097368932474
vn 0.3872793225882952 -0.1891406927874466 0.9023527717181545
v -21.6576908274407671 3.0799892504509234 -23.5493385989865622
vn 0.5782319227242061 -0.0834012759185979 0.8115984664338749
v -21.9930536702129871 3.5659171874166202 -23.3190751640978355
vn 0.4498940144520453 0.1470484973161377 0.8808927943837938
v -20.3113319726074373 -6.5061479974673171 -23.6543481214504148
vn 0.7911081785098455 0.1592204678910245 0.5905901222501081
v -21.3444808487997264 -6.3638065819774114 -22.7992853340064698
vn 0.6403651461807734 0.1104503470672576 0.7600876267836486
v -21.1251265189714594 -5.0832199595925891 -23.2788139857330023
vn 0.5351643170231443 0.1380672475968177 0.8333886181885319
v -21.1368877364675072 -3.4574202723288989 -23.4798827035629039
vn 0.9452610934215548 0.2039432372887149 0.2547324502839901
v -21.8974848094818917 -6.1953076289068543 -21.7016953748958095
vn 0.3146446201713461 0.0457151657452567 0.9481080564039697
v -20.2477934118227765 -4.0664200884548469 -23.8519212118280279
vn 0.4229363107516139 0.0795547554185112 0.9026604665864765
v -20.3990466097174625 -5.4566527828711449 -23.6976791936566755
vn 0.8519515770467005 0.2735288763463626 0.4464980001885071
v -22.0544441454306437 -4.4436205749996942 -22.1563349408210790
vn 0.5883185576541429 0.4611115380811110 0.6642721010009535
v -19.7720379383168030 -5.9431288062262082 -23.9033887299885812
vn 0.0487540991611748 -0.7479534025383066 0.6619582656379117
v -18.8079131363073735 21.0222355142832704 -22.6306767412928522
vn 0.0321175179581917 -0.6083733816869433 0.7930008155701973
v -18.9039270319289123 20.4766695071322218 -23.1465366080710169
vn 0.0871524912975646 -0.4197338304646334 0.9034533495560877
v -19.1269484107000132 19.7815371028495406 -23.5896423228883449
vn 0.0318844157899110 -0.2999687932693493 0.9534160199484097
v -18.8996808718302489 19.0557625503471009 -23.8603203483436914
vn -0.5555031831791767 -0.0550862924447071 0.8296877206892352
v -31.9249992389711004 12.1962230266537599 -22.4847949616127778
vn 0.7078818585192085 -0.0882063026155652 0.7008016285356955
v -24.9249992404456613 12.2222857073500784 -22.4821869784125248
vn -0.5555868819264175 -0.1835455879730072 0.8109465048737335
v -31.9249984826361377 12.5088829058797764 -22.4324389029908424
vn 0.7080976645061695 -0.2036559993232482 0.6761079288549702
v -24.9249986446702145 12.5425639595834149 -22.4238174672597168
vn -0.7078174364336166 -0.2701631950146685 0.6526916000225599
v -31.9249992387489030 12.8042716517119182 -22.3339964609413961
vn 0.8015656854530634 -0.2863666363241945 0.5248681753588487
v -24.9249975413619573 13.0233432973310439 -22.2342238940370081
vn -0.5564651709479309 -0.4797106321490856 0.6783982775074056
v -31.9250078385896110 13.1799951123292374 -22.1383440340452218
vn 0.8014224643185750 -0.4094280883168392 0.4359938923686443
v -24.9249983673471931 13.4595855034574257 -21.9075023858604858
vn -0.5562213462943630 -0.6261845916324601 0.5463613009068042
v -31.9249981732495733 13.5587083073910453 -21.8039404594432540
vn -0.8334269674812157 -0.4788041386486905 0.2759458038962546
v -31.9250025820777452 13.8303166239937507 -21.4316529395892346
vn 0.6027334312472137 -0.6877486344711441 0.4046161472804035
v -24.9249981726009686 13.8215342518227846 -21.4550894535835930
vn -0.5559933776149356 -0.7801675603568436 0.2867227612436555
v -31.9249992392506279 13.9880186430078144 -21.0740687067994727
vn 0.7083185058502197 -0.6765027941558817 0.2015660283118091
v -24.9249992404454517 13.9963617265933404 -21.0492371149381299
vn -0.6033688538820453 -0.7936270417292108 0.0781162262350680
v -31.9250006903137411 14.1018514902436145 -20.5970645481591816
vn 0.7093182114999256 -0.7006483914120560 0.0771978396475268
v -24.9249982527712390 14.0922397917184998 -20.6358922401392917
vn 0.7086168171966621 -0.7019356565055841 -0.0717533310177796
v -24.9249992162254301 14.0880997471352654 -20.1459448959840444
vn -0.5563899592876500 -0.8138394490090552 -0.1676173154555478
v -31.9249993812036728 14.0644792428139205 -19.9889474635996649
vn -0.7096431239947816 -0.6249356844405526 -0.3253644523910764
v -31.9249992734360468 13.8987607632341401 -19.4746575691813852
vn 0.7095835405454667 -0.6589184490260508 -0.2496350867167185
v -24.9249984056764937 13.9614868673446484 -19.6194512402865051
vn 0.6033322759370897 -0.6078539505193350 -0.5162400019861004
v -24.9250347035608435 13.6044486694989395 -19.0212329450664761
vn -0.8334822323142714 -0.4216196429639107 -0.3571333715622265
v -31.9249998878081804 13.6027753160715879 -19.0323118160292530
vn -0.7100365577690922 -0.4190920923506972 -0.5658709258837505
v -31.9250012277283766 13.2032142549444078 -18.6563733361079080
vn 0.5570493217084876 -0.4189056083272521 -0.7170872642127237
v -24.9249960388869525 13.0848577432510584 -18.5856153408882925
vn -0.6013981866536650 -0.2737659616244663 -0.7505813875560164
v -31.9249992420079778 12.7189450255267538 -18.4169846494991809
vn 0.8328010637933554 -0.1900571174320975 -0.5199237254233141
v -24.9250007533372795 12.7186941550556494 -18.4177276402123091
vn 0.7084253545178495 -0.1357033578358451 -0.6926168607161798
v -24.9250005664727361 12.3533249852098557 -18.3164540041128312
vn -0.7092925646946978 -0.0626458548503007 -0.7021250277115132
v -31.9249972604050924 12.2159150807376040 -18.2941151765569465
vn 0.5554958260614832 0.0177100966865078 -0.8313307041747134
v -24.9249992404707399 11.9868967848137480 -18.2906754170653620
vn 0.5563351714223648 0.1843454215386329 -0.8102517772866603
v -24.9249990742168315 11.6046175065447521 -18.3257177746181377
vn -0.5564005929290791 0.1150422414454861 -0.8229116981009372
v -31.9249997473740379 11.6429770899707368 -18.3185665387927408
vn 0.8332810716698273 0.2134346572970226 -0.5099885318919306
v -24.9249981115406101 11.1902101045426452 -18.4523036025129876
vn -0.6021178544338001 0.3069986214715448 -0.7370250577738918
v -31.9249986405268942 11.1886838537636333 -18.4506593655828866
vn -0.8330770482257460 0.3095038574527879 -0.4584648230140698
v -31.9249993562263796 10.8162204317328019 -18.6555835344417282
vn 0.4487819100317268 0.5054056701842390 -0.7369938302142667
v -24.9249993966637291 10.8114609282167518 -18.6574043156851666
vn -0.5565200236624516 0.5796977600236934 -0.5951772595506793
v -31.9250013469316158 10.5095717364067731 -18.9059151742262408
vn 0.5569199545154078 0.6401525868668908 -0.5291926206875754
v -24.9250014892100324 10.4133216550596561 -19.0069874596912420
vn -0.7083479346436586 0.6001271239251027 -0.3716054878704663
v -31.9250005737609470 10.1994518648555967 -19.3063336529623655
vn 0.7100933252677871 0.6457613195045786 -0.2806417425149763
v -24.9249968622124918 10.0529729737874707 -19.5773516963623173
vn -0.5568871682537286 0.7974803339896622 -0.2321676091406382
v -31.9249982798972596 10.0043255707420755 -19.7199903898541926
vn -0.8591426007966251 0.5117006495154998 -0.0060362887461226
v -31.9249991559341026 9.8939235370373062 -20.3147138917887808
vn 0.7095611331507019 0.6998949741439828 -0.0816702117658925
v -24.9249964294653275 9.8969873775561314 -20.2556651122002052
vn -0.7082147870993287 0.6921755347682073 0.1390138280970594
v -31.9249992805284677 9.9334733320064270 -20.7802018432447113
vn 0.5558662034791347 0.8239799252578811 0.1098628536026161
v -24.9250007224405579 9.9281914970648941 -20.7520938882444383
vn -0.7080814832969461 0.6668630099720368 0.2321946143712893
v -31.9249992393245599 10.0081194731940837 -21.0615493156539877
vn 0.6011708056541296 0.7540406058903557 0.2646061735819290
v -24.9249992314688278 10.0073705763353864 -21.0617809711817863
vn 0.7100671006471717 0.5750323712020712 0.4063772688626207
v -24.9250011260788362 10.2195965564293463 -21.5248659377891371
vn -0.7098752823650287 0.6148932110003186 0.3434871504916719
v -31.9250019024322924 10.1831776346567668 -21.4634713786891282
vn -0.5570154405568223 0.5857661306816689 0.5887374959415401
v -31.9250002117088982 10.5844351449288396 -21.9511246468114010
vn 0.7092479830879682 0.4463867188407266 0.5456245923052399
v -24.9249982768218423 10.6468408562130517 -22.0055404398699679
vn 0.8951155188119555 0.2148844530043874 0.3906313861417292
v -24.9249992389584349 10.9833965811769261 -22.2317446620153945
vn -0.4487840867850167 0.4387382684342440 0.7785252566615036
v -31.9249992348730025 10.9612996078701794 -22.2211047649609199
vn 0.7095583232338769 0.2108689446540614 0.6723550208855522
v -24.9250012913863301 11.3916725819339391 -22.4111699736001064
vn -0.8333131278583791 0.1745973243064108 0.5245045331395399
v -31.9250022833444298 11.3092835519505748 -22.3787245534507093
vn 0.8009341667572296 0.0250214878932732 0.5982293754610426
v -24.9249992388098036 11.8952519848849274 -22.4917809492680192
vn -0.5561129237144823 0.1029566644013860 0.8247050026118861
v -31.9250140519201153 11.7962449137737657 -22.4863151669645021
vn -0.5555524915881449 -0.0575650601170096 0.8294864031097370
v -31.9249992391747242 0.1962372173166006 -22.4847937090201881
vn 0.7079181153388046 -0.0886824866717245 0.7007049011765755
v -24.9249992404456329 0.2222849311996918 -22.4821870710412455
vn -0.5555343173463057 -0.1833123509475949 0.8110352669524551
v -31.9249992385613162 0.5059035491964137 -22.4321771911631878
vn 0.8006427109851699 -0.1634909772849259 0.5764043283084691
v -24.9249992404456968 0.5312849382634599 -22.4257143864703430
vn -0.5557181146236907 -0.3059691683955353 0.7730202100012877
v -31.9249992394041691 0.8042763402084715 -22.3339946104239218
vn 0.7080519924701921 -0.2981849622647556 0.6401156959785921
v -24.9249992404456471 0.8284132226409651 -22.3238200861429092
vn 0.8955860630821227 -0.2554180760375155 0.3642625564704093
v -24.9249992451017945 1.1877190453341224 -22.1299689126327515
vn -0.6031107577122694 -0.4611753043840906 0.6508262076453081
v -31.9249970088043575 1.2022961301473709 -22.1254864732901453
vn 0.7095444055008187 -0.5191325103218593 0.4764957222781903
v -24.9249981385868864 1.5944831677277764 -21.7671786212243816
vn -0.5572888103139119 -0.6651394368829529 0.4970097699260378
v -31.9249981715658429 1.6517189772043097 -21.6980771593269068
vn -0.8339349585164244 -0.5049182719439931 0.2227330770705184
v -31.9250025418118568 1.9209399450629525 -21.2500771836283526
vn 0.6036524566890364 -0.7285797534694836 0.3236900591115477
v -24.9249998785752958 1.9227834241135331 -21.2596355870541878
vn 0.5570001612686271 -0.8256758478441608 0.0894998024218464
v -24.9250024459742328 2.0883211886846307 -20.6553189308831691
vn -0.8018423120978770 -0.5857835357359173 0.1179260606916813
v -31.9249991832767499 2.0808073728772758 -20.7139669059515974
vn -0.7085269574097069 -0.7052089930811679 -0.0258810104360009
v -31.9249993018261016 2.0981374289182102 -20.2616129120596078
vn 0.5562272265677528 -0.8260563621812818 -0.0907863366623688
v -24.9249993652667321 2.0962627554870150 -20.2321726478834556
vn -0.6025627637207136 -0.7650478060967445 -0.2272002864518736
v -31.9249996224455543 2.0166011201303324 -19.7790331128225176
vn 0.8951084352784109 -0.4279656797867525 -0.1250050639698172
v -24.9249884043277881 2.0169398840393034 -19.7949830964933788
vn 0.7079604145584988 -0.6346556723498399 -0.3098454920961914
v -24.9249992283330961 1.8642083218641479 -19.4218675412844597
vn -0.5556429612493079 -0.7182830145375899 -0.4187247432871534
v -31.9249992397470130 1.8266115163942500 -19.3528281773209692
vn 0.5554254780277781 -0.6727041807052073 -0.4888472395537792
v -24.9249992576574861 1.6987506051017693 -19.1548606233355230
vn -0.7083167534630211 -0.5302815114608471 -0.4659279937569808
v -31.9249999152702024 1.5924700353828387 -19.0172212158468206
vn 0.5562781744540412 -0.5573318196902897 -0.6163893537260274
v -24.9249977744412874 1.4111693560499268 -18.8278880990475201
vn -0.5560559707008221 -0.4813629534014204 -0.6775628860413094
v -31.9250017898062310 1.2163914745503102 -18.6747564119502343
vn 0.5557310587319189 -0.4082446418851337 -0.7242232409504541
v -24.9249992670313816 1.0387344064571744 -18.5635249049108673
vn -0.7085438634903398 -0.2724562996608021 -0.6509478921429316
v -31.9249995348534981 0.7865763201130014 -18.4415394292229351
vn 0.7081972010062759 -0.2148459032438033 -0.6725310121817659
v -24.9249992582221438 0.7064687264109282 -18.4129304704161889
vn -0.7103092822440171 -0.1082454717448066 -0.6955168160474147
v -31.9249991467123770 0.2704936156693145 -18.3007524692449159
vn 0.5582047915876178 -0.0382299640477795 -0.8288219835993310
v -24.9250014481359479 0.2091689971307148 -18.2933764889134238
vn -0.6041354174462799 0.1586315697640692 -0.7809330460809021
v -31.9249999800261186 -0.4471270243868489 -18.3294340258662203
vn 0.8959352927363131 0.0839396891177779 -0.4361812465252348
v -24.9250007014373729 -0.4285986150678465 -18.3296768987930783
vn 0.7081830632779416 0.2784012929180393 -0.6488216002784085
v -24.9249950131531826 -0.8647849193867756 -18.4757058529346203
vn 0.5563077664031720 0.4961500827836549 -0.6666009033846910
v -24.9250001391226732 -1.2128712198892062 -18.6710694280062306
vn -0.7093599865478297 0.3530221675014929 -0.6100686508397318
v -31.9249986044361229 -1.0822987946649969 -18.5845395357026284
vn -0.7086827019302295 0.4931266228328091 -0.5045740399964884
v -31.9250003012411980 -1.5322868224623538 -18.9488082242170570
vn 0.5562354394198537 0.6277277970466966 -0.5445731803424620
v -24.9249987800897479 -1.5624362761696897 -18.9822413105232286
vn -0.4481786276791115 0.7504443610540774 -0.4857665886552986
v -31.9249992413443522 -1.7658178073046864 -19.2518408917438428
vn 0.8326848710001754 0.4654226277607566 -0.3000294705119709
v -24.9249988265544360 -1.7651334824563911 -19.2522260823187246
vn 0.4480505269171124 0.8134603968850583 -0.3708542948772487
v -24.9249996883737346 -1.9160604736966744 -19.5277352580968362
vn -0.7076327089022993 0.6720462517365990 -0.2181966654611878
v -31.9249992399999982 -1.9906473200000001 -19.7234821300000007
vn -0.8325584069700340 0.5030516817634574 -0.2319170206312515
v -31.9249992400001830 -1.9153471842461118 -19.5280597564237617
vn 0.7081437374222076 0.6859248257518179 -0.1674502331053793
v -24.9249960937597130 -2.0299867883306413 -19.8438884017288117
vn -0.5566850902989783 0.8256555464922772 -0.0916222068352282
v -31.9249836307181560 -2.0966170932879971 -20.1800651735940093
vn 0.8018855484740232 0.5974436720579965 0.0063738423554612
v -24.9249971707009017 -2.1105274175006028 -20.3974236896461569
vn -0.7084777691462864 0.6976350704808335 0.1066046859228216
v -31.9250011760331454 -2.0728657265265911 -20.7547477598877386
vn 0.5556298928185944 0.8077732052748090 0.1969209766542372
v -24.9249992397960192 -2.0460214997681554 -20.8727374368024847
vn -0.4481328962518098 0.8320075221578287 0.3270174160037274
v -31.9249992420981030 -1.9567743450363457 -21.1602926631736388
vn 0.8326504554531950 0.5157032669121246 0.2018498440171524
v -24.9249992412988668 -1.9560482247836954 -21.1599976126650908
vn -0.7085487030957002 0.5813975218796000 0.3999195630294436
v -31.9249979942986819 -1.7560936113468071 -21.5524053028770304
vn 0.7082942569331596 0.6140203429874853 0.3482790030895259
v -24.9250005496441744 -1.8191152475591574 -21.4488886071983558
vn -0.5560938728060006 0.5610641790123608 0.6131611465649214
v -31.9250009764376124 -1.4454979090644811 -21.9196587906699563
vn 0.7086623963284667 0.5240721127253695 0.4723833492975412
v -24.9249971235288719 -1.5503958970998717 -21.8156025563725180
vn 0.7090017040869995 0.3990916570300775 0.5814141664000955
v -24.9249989578211348 -1.1510559782363616 -22.1548782728005946
vn -0.5567095797864097 0.3996839855239629 0.7282356455775285
v -31.9250091361868193 -1.0668547545262279 -22.2077299896847080
vn -0.7090436478190105 0.2066327560204670 0.6742106567141292
v -31.9250154626370062 -0.6072573302460068 -22.4054349838592195
vn 0.7830920373870258 0.1874486812520892 0.5929838554951473
v -24.9250012637100902 -0.6515071152173806 -22.3959686939794942
vn 0.7086360625798462 0.0330001896605646 0.7048020419193596
v -24.9249988418202193 -0.1243915792087484 -22.4920686354950981
vn -0.7086712595533282 0.0839819186120943 0.7005227214226037
v -31.9249992946831291 -0.1698294906883388 -22.4888857242586688
vn 0.2399424207490582 0.6289437294432324 0.7394980864878016
v -23.0552301327893474 -8.3591449853670117 -13.5052278743858523
vn 0.1788271221615439 0.9747217786176339 0.1339339936980021
v -20.7346269040798354 -9.9420885668282395 -11.6115610199893151
vn 0.0360423649015792 0.9549226875040374 0.2946584613113427
v -21.0869320791456225 -9.9431637282678196 -11.4534420269016586
vn 0.0693479542539351 0.8982622071577041 0.4339537630127938
v -21.9243921297617383 -9.6265769605063713 -12.1381629177742258
vn 0.1892470965031338 0.8200550168924764 0.5400882388412230
v -22.4680756502934429 -9.0939790537278977 -12.8695824936101157
vn 0.6151628996767174 0.7467409451870345 0.2528884490096514
v -22.1168665720183704 -9.0944324651503159 -13.3911755217900659
vn 0.1902841541215059 0.3915943942534524 0.9002476165364365
v -23.6633571599541845 -7.4010608058030831 -13.9712469323499526
vn 0.7848783205566918 0.4628446536572081 0.4119961753475946
v -23.7549512059924268 -5.6352813813088991 -14.8411220486631095
vn 0.8914427937599205 0.0522720827502611 0.4501081812391968
v -24.9248887487329860 -4.9989465936297979 -14.1678466004982173
vn 0.3629025417944303 0.2450026926385560 0.8990413926838958
v -24.1860321169578789 -6.0482046632111404 -14.2547478957567471
vn 0.5851371287625327 0.5520307913253574 0.5940341286258215
v -22.9485077820208971 -7.8742956766465033 -14.0025609622646172
vn 0.5450988485329600 0.4067978303827555 0.7330639607318886
v -23.5247174319484316 -6.7738803929959897 -14.2918098359828729
vn 0.8242773771592926 0.4479900189692114 0.3462249967974045
v -23.0808575174967530 -7.0144342589890272 -14.6193640236410740
vn 0.9454133392076693 0.0786293598172006 0.3162452241899338
v -24.9248605494756141 -3.7954436783562162 -14.2773330525684443
vn 0.7218774797349070 0.2401205729453784 0.6490262049408809
v -24.7211621197098417 -4.5631836888903701 -14.3809540852867599
vn 0.7266629655186568 -0.0513668436366683 0.6850710780046384
v -24.9250367723122466 18.3454209647857240 -14.1959389419515780
vn 0.8138399092253364 -0.4536609301685225 0.3631203142082899
v -23.3292105306936257 18.4314274802514149 -14.7989916962424015
vn 0.5744808097637479 -0.4156544868005673 0.7051263339400575
v -23.4039653777276833 18.7270901905607339 -14.4287708702440121
vn 0.1150127853654880 -0.4850842236024650 0.8668710141736578
v -23.3875371951053843 20.0017777891379431 -13.7167409783516483
vn 0.4370492821825697 -0.5763695910667642 0.6904969365878689
v -22.9941350804535425 20.0894377184988500 -13.8036360221939702
vn 0.2012964453969849 -0.3046398445605729 0.9309534393172673
v -23.8847338281241441 18.7308082614586944 -14.1569410171009782
vn 0.3352194322258659 -0.9354508325130394 0.1120699433783633
v -21.2985255037208852 21.7554962812756649 -12.1578592220987662
vn 0.1460820797100451 -0.6867348084978433 0.7120781760347795
v -22.9350987190399991 20.7562551241403952 -13.1772685748279343
vn 0.1303506730584296 -0.9200766089923768 0.3694153971050793
v -21.6546185947544920 21.6836845079783949 -12.0352427949727883
vn 0.0543882483973800 -0.9785832471502771 0.1985365125942442
v -20.5828935112086491 22.0086540116442784 -11.2698755861723257
vn 0.7288481469060247 -0.6569939494999718 0.1927156689843410
v -22.3451307940603243 20.7743081714102509 -13.6798434006758285
vn 0.4580942889111349 -0.7488074650530100 0.4789958274848402
v -22.5664321580942371 20.7560308897787813 -13.3504335092218867
vn 0.1477529493924905 -0.8183476622459938 0.5554063104091786
v -22.3730524311379284 21.2674288168871612 -12.6547382473596510
vn 0.4895310509042430 -0.8384687693567615 0.2394357387984199
v -21.9660223427438375 21.2652215975183303 -12.9729271673946638
vn 0.9296484383387442 -0.0568719554642208 0.3640320889372387
v -24.9249286468284765 16.7544039862883203 -14.1628004337431133
vn 0.8399153346659802 -0.4045968186412175 0.3617231606330180
v -24.5497185106392628 16.4360707376748962 -14.6914450634740987
vn 0.6736487081623362 -0.2970702957529547 0.6767175610049349
v -24.6370451473849919 16.6742584828826104 -14.4248041486594545
vn 0.3335046360279649 -0.1689652897175300 0.9274833629874585
v -24.5504997414982888 17.5409438662080319 -14.2299305721223917
vn 0.8859917537865141 -0.4060479843578547 0.2239277709914972
v -24.5180781208692231 16.0169932042364209 -15.6352554917215869
vn 0.9223599893724531 -0.2154300951780643 0.3206897630053355
v -24.8354035595418452 15.7962754144196360 -14.4901585066571297
vn 0.9148349655144388 -0.4026156877674940 0.0312664970168280
v -24.7908491466368197 14.9139239221488271 -16.2797220515153391
vn 0.9967012576710667 -0.0296987767051192 0.0755287072518354
v -24.9246624278723452 15.2469841954947096 -14.3245113428792497
vn 0.9468922149210143 -0.2618598208194638 0.1866134174232226
v -21.7730347478133872 19.6161096021249222 -20.8207199771438312
vn 0.9536027671883542 -0.2135425466684625 0.2122294587776663
v -22.0854808020658808 17.7427738391149568 -21.1905289515766597
vn 0.9551699875437086 -0.2496294527015001 0.1591710753865195
v -21.9893178811804191 19.5327058218542682 -19.5719720341541041
vn 0.9391648244699559 -0.2754527998746972 0.2051711176542815
v -22.4089883542609840 17.9850702051581059 -19.4790981456672618
vn 0.9285036291511186 -0.3400427509419202 0.1491708355713444
v -21.9436695816616876 20.1105199149574005 -18.7961784943255488
vn 0.9246033931218594 -0.3301255450615458 0.1900675930435320
v -22.5029100736744105 19.0724316894461339 -17.4630001095116647
vn 0.8728198559106576 -0.4186534243821041 0.2508282467770268
v -23.3372611880195073 17.4175571748639513 -16.8540712916698361
vn 0.9026157651246657 -0.3550207660164675 0.2434030325314267
v -22.9801353782580655 17.5950493902432328 -17.8226786274381261
vn 0.7704094686628836 -0.5286708075676174 0.3563375195238025
v -22.6056372940674599 20.2648762877799768 -14.0664253000276815
vn 0.9008495705949816 -0.3896391501799270 0.1914455113234612
v -23.0094603231816563 18.5259001935086403 -16.0733743802398017
vn 0.8339620651090495 -0.4786258443250546 0.2746353493328528
v -23.9004321733493299 16.7370904062761774 -16.1698826068197725
vn 0.9039680982624596 -0.3942128742045454 0.1656438563157219
v -21.6508571029152428 20.1932674628635063 -20.4962135694354934
vn 0.7646812554686093 -0.6161582605380221 0.1887102951767875
v -21.2291775169671091 20.7912851298722963 -20.8014157821641525
vn 0.2236890770320399 -0.9683400740946442 0.1108183094932114
v -19.5210466867244037 21.9387844842238238 -20.3054285343458005
vn 0.7591006802977086 -0.6399790844265377 0.1191340785339216
v -21.5462228396962594 20.9938464826075659 -17.8345641676129958
vn 0.8405310108437193 -0.5251675106420092 0.1330665456683636
v -21.7257971584449017 20.6067252871708106 -18.5382346218434115
vn 0.6749272481961456 -0.7312419882603542 0.0987844332241788
v -21.8378798001824386 21.1407450786598972 -15.0260992303431102
vn 0.0534486369765496 -0.9977845453825369 0.0396136870426520
v -19.0077272804462964 21.9996810199740302 -20.1131847445220693
vn 0.3570190196338118 -0.9328931654722933 0.0474105624813327
v -21.0122076239604176 21.7869132971596819 -13.8251018358872724
vn 0.1626119288429517 -0.9845854136437239 0.0644121404549805
v -20.5962115620799509 21.9638358508031182 -11.6029452437420364
vn 0.6073651040013589 -0.7797552541208858 0.1519518809106739
v -20.8661115276174201 21.2632998581964330 -20.4882964119577906
vn 0.4158588872880971 -0.9067008010358144 0.0703920681932159
v -20.2999723689667775 21.7121638126622756 -19.5809233151973245
vn 0.6472983773363362 -0.7554115348163529 0.1017753593172156
v -21.2114261997401030 21.3113724976556327 -17.8682597093771918
vn 0.8768522974687580 -0.4600458059911539 0.1395990860059986
v -22.3005751194304587 20.3443449091795365 -15.9536727770311888
vn 0.4660437420524965 -0.8814225946716475 0.0767947921151347
v -20.8516403048759322 21.6326607768375254 -17.2181428227908810
vn 0.2620517174373322 -0.9641137951103117 0.0425850615373085
v -19.9260716689726038 21.9077158942491828 -18.4916203737141203
vn 0.3526316031148996 -0.9345366475786895 0.0478769967416520
v -20.5316715267243950 21.8397138742964891 -16.2391251835032620
vn 0.5499668836235857 -0.8319851911259908 0.0730552439213652
v -21.4843500048003868 21.4929755563460141 -14.5386435211672946
vn 0.4831749224136528 -0.8727103553552477 0.0701329452274593
v -21.0810668330946882 21.6223347918392612 -15.8789286932076656
vn 0.0317676198895965 -0.9984997922223979 0.0445980185476676
v -20.1042529103808647 22.0000861602182418 -11.3864378590477546
vn 0.2172217378458231 -0.9757192878887808 0.0280461735188758
v -20.3267908338877419 21.9504168160426865 -14.8143749798592896
vn 0.1410155253237002 0.8300722226516012 0.5395319516024156
v -24.1339554305442121 8.1534922499192586 -22.1238579281802785
vn 0.1374154443409233 0.7271101183837360 0.6726275874513147
v -22.9746023340298322 8.6111807437812082 -22.9004610989631132
vn 0.4777603053216604 0.3040539838546472 0.8241943129875816
v -22.3954289421806294 8.4332218424995880 -23.0479275288496197
vn 0.5874740534359632 0.0209041703074623 0.8089729613548748
v -21.9174482142371332 8.3386404684683892 -23.3782472875234859
vn 0.0129222306210714 0.4210046449362798 0.9069664298626785
v -20.5530581343444183 9.9875601276422206 -24.0810450030212202
vn 0.0184588294752475 0.0186856086708994 0.9996550003091076
v -20.0337674436935131 9.6157907748626315 -23.9999993939172143
vn 0.0570277852551500 0.4927929242698517 0.8682758579497996
v -21.7964495110490866 9.5528551511817508 -23.8100886197708519
vn 0.0185489785236849 0.2047753904917811 0.9786332177300474
v -19.9920673090282008 9.7944363021676697 -24.0187421964567207
vn 0.1126420560069773 0.1655191792884348 0.9797526057664782
v -20.4593095263603608 9.6944217170199547 -23.9738934551106126
vn 0.1848526940928132 0.5150006609655307 0.8370207886854993
v -22.2872559109709734 9.0137295612892316 -23.3658051215404861
vn 0.2610539323343581 0.1973168346886126 0.9449428084075963
v -21.1769305885949208 9.3873358528953723 -23.7985485499352514
vn 0.9874942141245590 0.1008841723488400 0.1211509836526682
v -24.9229213039092201 6.9280433342054977 -19.7729418732715132
vn 0.8404367644584466 0.4453950739919161 0.3086896062557874
v -24.9247994555940480 7.7859001738326299 -21.1795144806445208
vn 0.7264702818393538 0.4267519348511820 0.5386313356137222
v -24.6521086449123068 7.3932142856650476 -20.9390609277277200
vn 0.4317670977105840 0.5907266575610863 0.6816298037654208
v -24.3630587995526682 7.6705958940884820 -21.4510108050899646
vn 0.7939245478027561 0.0829763472080392 0.6023277664197459
v -24.3896648473728916 7.0880526595107183 -21.1311033178985994
vn 0.9887862651220498 -0.0788558216293151 0.1268206659072299
v -24.9213339575845474 5.0150257701740815 -19.8686627628586407
vn 0.9297899559115755 0.0951324921399933 0.3555846549349177
v -24.7322980904302270 7.0463736321917292 -20.5121161034518558
vn 0.6926662254668552 -0.0061390867797350 0.7212321482789094
v -24.0140787709891868 6.2366060172985014 -21.5866244109595300
vn 0.6571317666993030 0.1442247694755384 0.7398493475460938
v -23.9774085362971690 7.2646326173039872 -21.5676129982565463
vn 0.0219742735678228 -0.0974873646150643 0.9949941432197357
v -19.5719859411157167 14.3397532474443370 -24.0002945145617517
vn 0.0295195729227086 -0.3714493429634966 0.9279838255198457
v -19.9628219304386150 14.0565812656913423 -24.0578978041931144
vn 0.0454299470702353 -0.5121837129577101 0.8576735766537579
v -21.1808535675425347 14.4463069504295820 -23.8124925109226773
vn 0.2382226618197895 -0.2866851598369988 0.9279340399644408
v -20.6645770883877198 14.6028098687661121 -23.7934595116432064
vn 0.1184871545412833 -0.6167555260711530 0.7781859773019590
v -21.8042047430615327 14.9706937698643632 -23.3731721586727552
vn 0.3017540815050083 -0.6185116130411714 0.7255259187846268
v -21.9066584076346338 15.3782696756887791 -23.0285551012983660
vn 0.0933127175228501 -0.7651713605061425 0.6370286695351157
v -22.4316772392816866 15.4073514068308484 -22.8517688431947406
vn 0.8238897826297562 -0.2750051545731307 0.4955580602073804
v -21.9936962888949594 16.3104462759955773 -22.3530813325841002
vn 0.1468424834626767 -0.8175128870358164 0.5568751786360010
v -22.5257688422213356 15.6686482667599769 -22.4466055492283232
vn 0.4351265114258309 -0.2245389743291976 0.8719215377897132
v -21.1456673953446916 15.0610273603798088 -23.5010659906395958
vn 0.5284648524204768 -0.6383034524574924 0.5597263638038228
v -22.3179636810952502 16.0257243236209952 -22.1703069333816494
vn 0.3668200177968262 -0.8947246694998382 0.2547760591812769
v -22.9716416226563567 16.1637258527529930 -21.0642892653570968
vn 0.1392752409934844 -0.9181537173967290 0.3709395617574031
v -22.9494177187931037 15.9747158796445046 -21.7751291325906351
vn 0.8319245334355455 -0.4204015754127289 0.3621658267403833
v -22.1732753665262798 16.4851193241581733 -21.8438205512029313
vn 0.5430076162706454 -0.8327395384503884 0.1081091567514303
v -23.0407735008660595 16.3864801063939964 -19.8312033217877683
vn 0.1533297456716247 -0.9879873731610711 0.0192597914464592
v -23.3499588508941116 16.2090123968484789 -20.2700501005343980
vn 0.8288423319622449 -0.5027447792157796 0.2454955716885023
v -22.4734753560446450 16.6676698845974478 -20.7415587551182021
vn 0.2579048797789488 -0.9532681040317182 -0.1573689766821248
v -23.6875225387054194 16.0717574306391668 -19.2203152673098892
vn 0.4020172718290206 -0.8820130033422445 -0.2458356668312087
v -24.3418277934082816 15.5486183228660728 -18.0086614084196555
vn 0.8258974949063966 -0.5154919911025712 0.2283885614833749
v -23.0180097710843157 16.5746872038733422 -19.0667452454601225
vn 0.7299170105689219 -0.6240061995039962 -0.2789935853432965
v -24.9237429443200149 15.7875239035504968 -18.5653177940303671
vn 0.7304287707290344 -0.6720921353497310 0.1215153179328053
v -23.7655329378305673 15.9495033369799675 -17.7493719090700743
vn 0.9967086593901162 -0.0810259949259947 0.0025761294630062
v -24.9248946504451396 14.3590115101420608 -15.8639009354267042
vn 0.7675298773310543 -0.6371438122282114 0.0703253150969031
v -24.6070477591210697 15.1696286150531527 -16.7484470596620554
vn 0.9072466499132529 -0.3978698160691244 -0.1363932757957688
v -24.9241683494561777 15.0085158731749768 -17.2437641809072915
vn 0.7138951505561921 0.6103209240044049 0.3433104771700993
v -24.9250317719615211 8.3149393011703445 -22.4243142938708466
vn 0.7116206598728191 0.5270484952042287 0.4645599209414561
v -24.9250194448108289 8.8598617073314880 -23.1926053120111924
vn 0.6024207875734976 0.4700339987772814 0.6451024993694922
v -24.9250008532367282 9.5541482480227113 -23.8164899181698146
vn 0.5553690486814074 0.3810872087353241 0.7391466424905333
v -24.9249993763408071 10.0881600853072069 -24.1333208332650244
vn 0.7074682167598605 0.2648857548976892 0.6552284022590171
v -24.9249992673284133 10.4457809661903944 -24.2955068455111594
vn 0.5553970288772091 0.2262429638994007 0.8002176338974186
v -24.9250009316972729 10.9023416657068424 -24.4498990158780209
vn 0.7076109008658441 0.1060961574049001 0.6985917394013068
v -24.9249997035039605 11.4472439695476247 -24.5578865137251690
vn 0.5551364344077692 0.0349083026453310 0.8310264433815874
v -24.9249992456541989 11.8629456115373539 -24.5912777153853099
vn 0.6008370733511234 -0.0735845521419246 0.7959774651162739
v -24.9249990523124367 12.3742891112873483 -24.5807259604377712
vn 0.7076659782240994 -0.1667344693191796 0.6865919312116768
v -24.9249992210532518 12.9290001070264005 -24.4894928855264453
vn 0.7077453795628916 -0.2506313825357609 0.6605152441810798
v -24.9249977667586613 13.4417133567675329 -24.3400784974317084
vn 0.4480679841805110 -0.4303619986495241 0.7835966000888470
v -24.9249956957512673 13.9692159542609655 -24.1073287830732745
vn 0.8326927296775806 -0.3208330062060613 0.4513191776014854
v -24.9249994555657217 14.4212297093666137 -23.8258235012098822
vn 0.5563440473094524 -0.5627467273279880 0.6113897463197896
v -24.9249950626150678 14.9057217242057281 -23.4348508797321529
vn 0.6020095611760847 -0.6442251050229268 0.4717610648525127
v -24.9249991035447387 15.3906715119702522 -22.8780912904501683
vn 0.7114670622848885 -0.6408426840418187 0.2883318809874970
v -24.9250262713406876 15.7907620554969110 -22.2154879834698242
vn 0.7146822493273622 -0.6923729783620277 0.0992418325630738
v -24.9250321182845340 16.1927365074814915 -20.9219425174293328
vn 0.7176941429389696 -0.6867312151085759 -0.1153921807862073
v -24.9249949775785282 16.1351262420312693 -19.6078138319619164
vn 0.0197666413907390 -0.0635624052927247 0.9977820906999352
v -20.0666297425387867 2.3216426415457576 -24.0000975087502582
vn 0.0292108877938521 -0.3921470281027306 0.9194386506910025
v -20.3968800028246804 2.0417940096335245 -24.0662376287739157
vn 0.2025428230916927 -0.8255215804689995 0.5267736942881757
v -24.4460806612230392 3.9451142869038600 -21.8957710071349965
vn 0.5575757615594861 -0.2399043986534562 0.7947044416813603
v -22.9443636325841496 4.0823864930934013 -22.4284479897456279
vn 0.3710863025891550 -0.4349276323232650 0.8204467750393007
v -22.3634858345419154 3.3546674951121012 -23.1495105088785387
vn 0.1919581494577624 -0.7124990378564362 0.6749053192192250
v -23.4650814822739306 3.6048137494970169 -22.5609039161998091
vn 0.9038049021872721 -0.3516895138945038 0.2438261360045381
v -24.9249823822958021 4.2952007661011669 -20.9991606071980179
vn 0.5087683578931371 -0.5404165799947230 0.6701527274237774
v -24.3489386399342820 4.3938721590085894 -21.4212546623853548
vn 0.7239479899470245 -0.1001038579407408 0.6825529470136679
v -24.1302596204530246 4.8574657921679734 -21.4575051111057427
vn 0.8331159736706274 -0.2512344787723795 0.4927463963245324
v -24.6906849603743055 4.8655762860769771 -20.6548704863713866
vn 0.1477241454070728 -0.1263653454911218 0.9809227167940699
v -20.5091071511540903 2.3118742681417448 -23.9672224458471526
vn 0.1113469708136697 -0.4275209413724281 0.8971218962764496
v -21.6445060227424051 2.5530714038849216 -23.7404757676595999
vn 0.1348679605250943 -0.6391902484169233 0.7571304111924929
v -22.6756504999670696 3.1188899364070632 -23.2211294315095067
vn 0.1856781858500008 0.9233132068513370 0.3361790197995002
v -23.0115901812759311 -4.0499913947791812 -21.5384810000437454
vn 0.5166668782023192 0.8205263557738974 0.2445236930219183
v -22.7450566763539683 -4.3207344387876896 -20.9761576448208054
vn 0.2420550026424644 0.7785498580322456 0.5790246059138824
v -22.4913169722202149 -3.6881041928526899 -22.4319154649366759
vn 0.5685382984277900 0.6754526589903389 0.4696039913413366
v -22.4242734651937354 -4.0656855428765244 -21.9884332448017545
vn 0.6651665560617339 0.3380663146172324 0.6657812100218019
v -21.8238171636031240 -3.9404178512547263 -22.7185658891420097
vn 0.0921728561388660 0.7245080376849049 0.6830755945875773
v -22.2069837856092036 -3.2821089346496040 -23.0278766037912881
vn 0.3863001668948630 0.4586945136870289 0.8002321689175093
v -21.6815015992244255 -3.3189314820337565 -23.1599226407481389
vn 0.1317177860846143 0.5638727129195138 0.8152901253257980
v -21.5707875668152802 -2.8628045299271583 -23.4709030057725201
vn 0.1055245931392992 0.4096841977903926 0.9061034258425623
v -20.8952866883167374 -2.4100582555284134 -23.8390725755150115
vn 0.0749125611491489 0.1112112175906278 0.9909693099506589
v -19.8425043765917515 -2.2932295285869762 -23.9996870223400087
vn 0.3165125576183971 0.2124975935547955 0.9244807048301666
v -20.7325017854977105 -2.7823578110270675 -23.7643828888901645
vn 0.0189082266233506 0.4075483032610427 0.9129878747688850
v -19.9343875346124335 -2.0244784724266434 -24.0746667878597833
vn 0.3275594480539775 0.8804326027799920 -0.3428457961717225
v -24.6589684110281517 -3.3164180789341997 -17.6747483393687688
vn 0.8186313269339258 0.5428275094670969 0.1875661097537309
v -24.4570373497886493 -3.3804479732451287 -16.7808401187052993
vn 0.1791278190077963 0.9317691488418955 -0.3157839098560273
v -24.1964641442018440 -3.8072935456108778 -18.6052083201018981
vn 0.7767359339224380 0.6070474879277182 0.1678530200928324
v -23.5461944606106748 -4.1498543404244765 -18.0588490517151214
vn 0.1484127925384901 0.9740063054164495 -0.1711296585046709
v -23.7163287306444985 -4.0990050298648306 -19.4058217404140230
vn 0.1818943413555758 0.9785487202932742 0.0967308151274281
v -23.2692220114796449 -4.2132059521125775 -20.5319096276521442
vn 0.7138018483804682 0.6924224255589143 -0.1050623901866730
v -24.7328097433400593 -3.0778482084514822 -16.8964261317517632
vn 0.4600208676310729 0.8785430678741020 -0.1286191246833684
v -23.8641446877716383 -3.8708970878230882 -18.3305011965710136
vn 0.5051320975244524 0.8605676250063252 0.0653064073542550
v -23.1293422516747071 -4.3351661450186336 -19.7266010204168545
vn 0.8210713396423440 0.5253652707022147 0.2232334821614245
v -22.9477624463999170 -4.6149352744612360 -19.2197435422873752
vn 0.9361761324752961 0.3226843571447049 -0.1394598674805959
v -24.9249785259695926 -3.0337872808178727 -17.3109316793385837
vn 0.9258332508545144 0.3618289506138022 0.1091448675379485
v -24.7416338426541280 -3.0050893931112483 -16.3709710542218900
vn 0.8624649805201587 0.4324499085566249 0.2629472075640452
v -24.5052656360924068 -3.7717325863484628 -16.0865262553299111
vn 0.7647546525578914 0.4164770706601595 0.4916270649642787
v -24.5187320089111260 -4.5287677204036845 -14.6620432000261935
vn 0.9059896598386985 0.2784909258194073 0.3187876103326613
v -24.7137330757754370 -4.0693157996055342 -14.6858396915156302
vn 0.9893007945032702 0.1440988327115836 -0.0227917618089832
v -24.9243583696200837 -2.3958295936385112 -15.8801918603457821
vn 0.9942109049914143 0.0678443605208513 0.0833175800276854
v -24.9231931516160437 -3.3894260660255044 -14.3939339515030547
vn 0.9102255156738609 0.3861835804012477 0.1495050261520569
v -22.0994160975001286 -8.1375644438146040 -17.7889121531214798
vn 0.9314494286719343 0.3284765664219758 0.1565410717299341
v -21.9053470026385462 -7.9508966893584931 -19.3990820615500326
vn 0.9164072987799095 0.3562193791918252 0.1824977167832527
v -22.5541599502379562 -7.3424420133145025 -16.7088594575608127
vn 0.9345333309498666 0.2890569461097880 0.2075898245324904
v -22.4202445295045258 -6.3134471937290968 -19.0057974345438794
vn 0.8834476524612536 0.4107698866675367 0.2253626978180715
v -23.1091075191469706 -6.0439278284186093 -16.5774957502667135
vn 0.8908183812807822 0.3764455479458695 0.2544235857856363
v -23.0512144942053467 -5.3904497035405594 -17.8516861037395280
vn 0.8432463879213309 0.4770667399071670 0.2476748976621889
v -23.8267656482294150 -5.0759500002369888 -15.7570691243496004
vn 0.8555239292638288 0.4317525253704039 0.2857771217107099
v -22.4173817378780917 -4.7775206652074882 -20.8119284523270842
vn 0.8471907351122244 0.4485485262096958 0.2847315893523559
v -23.7515790739112020 -4.6291272510927230 -16.7728173323666283
vn 0.7273277645745954 0.6236112591758142 -0.2865367695568535
v -24.9250259245275458 -3.7795941585450041 -18.5425667477311897
vn 0.8348178686849470 0.5344828196830355 -0.1319365058958078
v -24.9250056723597382 -4.0837135577293919 -19.3847648008093394
vn 0.5596708992950469 0.8278494943183075 -0.0378642210958563
v -24.9250068572401382 -4.2101711934437240 -20.2986093073132423
vn 0.8025400587304550 0.5847604231709246 0.1182569305617182
v -24.9249994655869926 -4.0967023513634366 -21.3542901239236578
vn 0.7099501712082577 0.6444694251391452 0.2839540710435147
v -24.9250027303050601 -3.8250848277977845 -22.1388322446012147
vn 0.7100485703579702 0.5734504788950275 0.4086386863571117
v -24.9249939354353351 -3.3777644110505505 -22.9003769274140332
vn 0.7086274157882141 0.4976634626317472 0.5001782317881268
v -24.9249991915822591 -2.9158201659691643 -23.4171430472399429
vn 0.6020258882424401 0.4544656648790739 0.6565255435487050
v -24.9249875024809384 -2.3819779234653451 -23.8611749941001818
vn 0.5562990116144302 0.3438313742898699 0.7565126540453554
v -24.9250021116197900 -1.6364576805551905 -24.2634829155619229
vn 0.5552672358072666 0.2390359015760581 0.7965802750487100
v -24.9249996257023128 -1.1296707689561889 -24.4397641195599604
vn 0.6005367832842308 0.1315514153253496 0.7887013357719931
v -24.9249992222700314 -0.7079789006673299 -24.5338574637568350
vn 0.7079524375928499 0.0132869607423620 0.7061351165184839
v -24.9249998541468152 -0.1663108419605055 -24.5938744325571683
vn 0.7077583074145174 -0.0795188731108673 0.7019650469253544
v -24.9250010469532945 0.4865434737114316 -24.5674909916619448
vn 0.5551878029649473 -0.1970707002021277 0.8080406193755350
v -24.9249992686153448 0.9600837608264181 -24.4823759478207350
vn 0.7076464677575393 -0.2496846224270862 0.6609796260050087
v -24.9249979768409027 1.4445702592828624 -24.3398391609034697
vn 0.7074963902529194 -0.3108840564577884 0.6346652355529168
v -24.9249992399999982 1.8345583700000001 -24.1704521200000002
vn 0.5565502092562623 -0.4451285176736817 0.7015072824500409
v -24.9249994090395788 2.1928454057356528 -23.9777025582027150
vn 0.7105092471162265 -0.4818937799138675 0.5127913753590813
v -24.9250199947543827 2.8463329769372376 -23.4990064211666798
vn 0.6150473171985860 -0.6711794759824912 0.4138053994653650
v -24.9251162252780141 3.5763699684041019 -22.6186671003178077
vn 0.3485803300662486 -0.0004535464809756 0.9372787993902855
v -21.1461331620466417 6.0820040336211996 -23.8265283683190212
vn 0.4624195384285028 0.0561648375783436 0.8848806029625516
v -21.4302866289768197 8.7525015514018598 -23.6699028417595656
vn 0.2406988722298891 0.0042893128620939 0.9705903640065827
v -20.8061985490870676 4.4067464275032862 -23.9188751702257498
vn 0.5275129077954286 -0.0006825555640296 0.8495467416376298
v -21.6510771265196631 6.0675187422691677 -23.5805892511207347
vn 0.1324688752851108 -0.1575673091196925 0.9785829245278486
v -20.0633780626783640 14.3197699195889996 -23.9664820462399852
vn 0.6607417144405540 -0.2622883905378982 0.7032959455216534
v -21.6365396265992302 15.6513996232264976 -23.0136501533604623
vn 0.2968734678803880 -0.0346411220893309 0.9542882880603033
v -20.3838111241463551 16.0937851330001536 -23.8029912554215564
vn 0.6275097281326802 -0.1450527247227240 0.7649779396488264
v -20.9029580201598897 18.2856374281862379 -23.2782725763956400
vn 0.7060225438861547 -0.2509017718899337 0.6622540814423227
v -21.0916364906601679 18.9374826977790072 -22.9472278698910550
vn 0.8279378220061906 -0.4658136309450143 0.3123085399368188
v -21.4197110104355168 20.2202743439320329 -21.4164674478664416
vn 0.4991216954515949 -0.2628157745278296 0.8257150851164476
v -20.4312124810025395 19.1128210060393720 -23.4323652626748711
vn 0.3257718308271417 -0.1486863982105348 0.9336836023122128
v -19.9623367183806550 18.4697204543868061 -23.7983775726907218
vn 0.0950031739860095 -0.1773054142346864 0.9795596903791266
v -19.2825849174086024 18.6476914935049578 -23.9446102477156799
vn 0.2417804261543845 -0.8988841899689678 0.3654441661217714
v -19.6411231289560781 21.6177227063840682 -21.5408028968083372
vn 0.0907843351522589 -0.9775619509965404 0.1900811312434764
v -19.1323098382811025 21.9441591392663717 -20.6726586142620086
vn 0.8408789051119108 -0.2072414101586059 0.4999736641596901
v -21.5403616871098187 18.6903389447360411 -22.4029394581770269
vn 0.9187447403513295 -0.2423832354195339 0.3117025332978978
v -21.6719003896242874 19.2075102784062786 -21.7991903046691498
vn 0.4414502351469417 -0.1184870327986399 0.8894281943739382
v -20.4196582943832361 18.3639772546701785 -23.6099398945200534
vn 0.4965286853789229 -0.4698375216771239 0.7298711994730144
v -20.3522208492642136 19.9440789157547123 -23.0951375461994459
vn 0.2773552366706384 -0.3372126711785877 0.8996453118245967
v -19.6670019253498793 19.2462804391618612 -23.7111830777725139
vn 0.3085214036623521 -0.7211074436678362 0.6203374873156146
v -19.7624060374406056 20.8250600006666708 -22.6831997950447466
vn 0.2010850676950723 -0.5743639689112547 0.7935180065799259
v -19.5446957992195927 20.3294147970581847 -23.1995423530932889
vn 0.5700801578488275 -0.7246976556017540 0.3870683681113419
v -20.5397457837294048 21.1013971587941072 -21.7067169298786133
vn 0.0721723751968045 -0.8668805337989549 0.4932639135177949
v -19.0929489934771368 21.4832001944417428 -21.9557263134558909
vn 0.4257144841642814 -0.8831684473328500 0.1969280874035567
v -20.1943962074342949 21.6658818845598873 -20.7415742501686893
vn 0.0443357368486311 -0.9433275903476439 0.3288881264609545
v -19.0262190500770956 21.7674700928152589 -21.3246619495427900
vn 0.7616131895908220 -0.3954160829408883 0.5134115997842075
v -21.1610878489649785 19.8351009997289474 -22.3695479393157086
vn 0.6112003615948082 -0.5905539667838819 0.5269536320229680
v -20.7379287931492726 20.5205840249422238 -22.2384340392513060
vn 0.0591074312986411 0.1507152296141178 0.9868086091677758
v -19.1059220737418514 -6.5609586989957442 -23.9601228512312616
vn 0.4764315140578186 0.8596058286232929 0.1846370271896633
v -20.4358068498653793 -9.5218809550909711 -20.7963373274029095
vn 0.8406700186552307 0.2531745036934847 0.4787239187817670
v -21.4602616703769264 -6.9629288289811795 -22.4198066912424920
vn 0.6583555441027776 0.2310504087247047 0.7163684011577300
v -20.9043783115632671 -6.8758275913694664 -23.1624389714792152
vn 0.8061583684448653 0.5227545826311328 0.2771936711479229
v -21.2922250860655708 -8.5056910046240457 -21.2600750829960248
vn 0.4142587669219329 0.3409846312606313 0.8438715277057113
v -20.1519124405751420 -7.3761775074759894 -23.4918026136489750
vn 0.0253945108415561 0.2466326479003912 0.9687762671580884
v -18.9560370143956654 -6.9695942059729328 -23.8805941625063269
vn 0.0378471786705137 0.5007344900297458 0.8647731272196960
v -18.8674655319560962 -7.9863966863390177 -23.4851798638754090
vn 0.0712426278375753 0.6419209241927707 0.7634540032394197
v -18.8917472950373657 -8.5530530334883732 -23.0816046605884573
vn 0.2227030893371552 0.7391398428042036 0.6356694319998910
v -19.7233740196254814 -8.9559489971584778 -22.5604554601202167
vn 0.0375427515286357 0.7621097531422110 0.6463584655384174
v -18.8549861467230002 -9.0361965412444682 -22.6156376492024123
vn 0.0590709735085194 0.8655083075301231 0.4973992256579193
v -18.8678958105926355 -9.4648129686974762 -21.9854427826629575
vn 0.2987558470470834 0.8649184147696571 0.4033126326406390
v -19.7938431948330695 -9.4863237415636501 -21.7237084341746396
vn 0.0982755488523322 0.9761932409872840 0.1933615079288416
v -19.2187756086606711 -9.9504101518139478 -20.6534180147431279
vn 0.0640696018401195 0.9278976853879556 0.3672886760733622
v -18.8938078341364104 -9.7335018467713965 -21.4237453348341340
vn 0.0384582946987171 0.9984042954581560 0.0413499985437693
v -18.8819461595594298 -9.9999245891385069 -20.2193538676779880
vn 0.9008713647347818 0.3434798432010055 0.2654286750061204
v -21.6526079136367180 -7.7577751127622196 -21.3513432678275805
vn 0.6225811590650031 0.4168389657936401 0.6622974988427526
v -20.8781953044087167 -7.6699949511940000 -22.8151416363391242
vn 0.2447310121485875 0.1965671557847360 0.9494567314835507
v -19.6749345729896064 -6.8706847329528129 -23.8185696116605641
vn 0.5092962877396170 0.6379542332388434 0.5776085937616275
v -20.3700720407113067 -8.6263248854879429 -22.4973296931751996
vn 0.7411039590836606 0.4907353379645496 0.4581961914980780
v -21.0801875777155914 -8.2026041827188703 -22.1594140813221863
vn 0.2917832021585986 0.5311025681872652 0.7954826365188404
v -19.7600090314483907 -8.1286419364479059 -23.2800108392551195
vn 0.1240093526358472 0.3339254088194701 0.9344064970897772
v -19.2426728681292438 -7.3306228503915447 -23.7673167380496793
vn 0.6535149035271944 0.7035376287888045 0.2792007803464525
v -20.8291436491033402 -9.1468169572854201 -21.1373368322168140
vn 0.2998227226748606 0.9422248916743176 0.1493940710910383
v -19.7809917523104808 -9.8442928952333606 -20.5548559182146846
vn 0.8392525810067331 0.5211452967444867 0.1551215167365180
v -21.4621344750799139 -8.6262656886586502 -20.2116950449525135
vn 0.7270291130122810 0.6795253017768327 0.0983566625993406
v -21.8877596527927558 -9.0832340272622538 -15.0998028324108216
vn 0.2106559060381510 0.9768475735958051 0.0373216721387710
v -19.7866272323373877 -9.9545574180413663 -18.1877717585681999
vn 0.3586084854131809 0.9104758872667691 0.2059942059754443
v -21.5391262039254663 -9.6172013369466676 -12.2975210764396614
vn 0.8560691046752342 0.4990432398819420 0.1345419367657448
v -21.6643730361075448 -8.5593479406721666 -19.0878347375853359
vn 0.6735525536564984 0.7314288333162660 0.1064838920044533
v -21.4947387488194082 -9.1955306783872324 -16.9113169281840996
vn 0.8432597712235398 0.5073941617666570 0.1773812922524101
v -22.5488490681671720 -8.3470775234007686 -14.2004394935558373
vn 0.8020963240384490 0.5852133510829132 0.1190244541189522
v -22.0806941580447251 -8.7767582801669572 -15.5969821658352803
vn 0.5578023299080177 0.8262422021119832 0.0786154195964620
v -21.4017927469356870 -9.4823379693331606 -15.2027671227432535
vn 0.1956729578547548 0.9803090213179170 0.0265766116553416
v -20.4000508329424548 -9.9358995058170070 -14.8365270593660039
vn 0.0393714832676110 0.9893491156323362 0.1401364110530252
v -20.2991715124489644 -9.9998940066068744 -11.3056633548276526
vn 0.6112129565553407 0.7847858699188918 0.1026151066584616
v -20.9178289558540911 -9.3587835558183095 -19.3378775087433148
vn 0.7512121331592345 0.6487376740902413 0.1217364415872932
v -21.4557638711781387 -8.9000015059239637 -18.8675706279422251
vn 0.4136651064269039 0.9076653324616871 0.0708859927773691
v -20.2323087080534094 -9.7429830273484459 -19.5583848572788064
vn 0.5222103784292972 0.8487795840120635 0.0828826786791942
v -20.9555828902899890 -9.5632946682871385 -17.2635367327183644
vn 0.3738503251171938 0.9256874243479166 0.0577817169517189
v -20.5937178409737598 -9.7954824136503795 -16.5410536854512671
vn 0.3827651678564090 0.9226245795001300 0.0474838033234829
v -21.0331872182880666 -9.7632993633493168 -14.1489734226961286
vn -0.9897733223841535 0.0918492746595290 -0.1091443129125510
v -23.9253125920474581 17.2597639732870149 -24.7141106449917380
vn -0.9876574722857457 0.1395154893349083 -0.0711909100501755
v -23.9251151573816365 22.8195400480691113 -17.8858987576288264
vn 0.9540352900944081 -0.2988362082430395 -0.0226624336160409
v -24.9250321323365789 13.7024238674734349 -9.2457740337714736
vn 0.8651491577985694 -0.4706814044524520 -0.1731356412270250
v -24.9249632186288750 13.1008818365357822 -6.9556965939324638
vn 0.4817226366010655 -0.7797402400106759 -0.3999355691786007
v -25.1236468912226414 12.6577874744705827 -6.5808618771468188
vn 0.9083318700301092 -0.3352878226388061 -0.2500305778854527
v -24.9250056398512783 12.1760043907533593 -5.3719863273193713
vn 0.3974297909725262 -0.6550573776869718 -0.6426113858199231
v -25.1227159568851590 11.2517007321124076 -4.6850857379774853
vn 0.9571598214793046 -0.1792947308160222 -0.2273729879456135
v -24.9250071677045462 10.7822121639455499 -3.9319189106664352
vn 0.5051355619767129 -0.5387772647068685 -0.6742085160107779
v -25.1217505159550143 10.6585678643291217 -4.1502327592687065
vn 0.4154124209900020 -0.4971277122405977 -0.7617719857080956
v -25.1254556226647061 10.0191428207520232 -3.7011389880742356
vn 0.9425556786794773 -0.1304144301418569 -0.3075400282887494
v -24.9249938252290484 8.8277634339671405 -2.8057973633730731
vn 0.4824442167239235 -0.1911315336055806 -0.8548194631682289
v -25.1252506192272449 7.4908585341559890 -2.6748739725930553
vn 0.4234511576944729 -0.0826522920070560 -0.9021406296543744
v -25.1235654596676703 6.5938338224640187 -2.5513245245527729
vn 0.9082764671752219 -0.0439947535240293 -0.4160508632824331
v -24.9250129336847621 6.9294547238397692 -2.3423745703522596
vn 0.8797764759479116 0.0594496967078485 -0.4716556857815016
v -24.9250094856692321 5.1754633492311806 -2.3267785267652563
vn 0.4822425590415521 0.2348751077325920 -0.8439643345643573
v -25.1297517585928993 3.8152917114798912 -2.8514035919977068
vn 0.9703829473567983 0.0823456068998610 -0.2271038011646367
v -24.9249924695371199 3.4685449596600271 -2.7080854404589703
vn 0.9330488554175517 0.1953155722755498 -0.3021120001434425
v -24.9249896237980906 1.8809542366635776 -3.4792324167989701
vn 0.3420471216741855 0.5335306211619906 -0.7735301176017036
v -25.1236739700316996 1.6669839539283877 -3.9123009535710067
vn 0.9850820493705178 0.1139617256653261 -0.1289421618066088
v -24.9249999811785798 0.8743715236549190 -4.2427093284616202
vn 0.5762199055346311 0.5409214391667461 -0.6126782329375159
v -25.1248108550538198 1.0493364690034692 -4.3946359823880465
vn 0.8834098683257865 0.3530542218048874 -0.3081228991982937
v -24.9250002942370941 0.1265924316111883 -5.0112496784445240
vn 0.9158316192989682 0.3452584369865677 -0.2050586666830300
v -24.9249948061848841 -0.6529515087440663 -6.0937098118879787
vn 0.4380477154338213 0.8102313029649165 -0.3894090839964877
v -25.1214005903944440 -0.7315162706919189 -6.7581875386694525
vn 0.4876833602715546 0.8182200747430647 -0.3044352959196731
v -25.1233541240921348 -1.0052824020476152 -7.3974591114679713
vn 0.8801222737496367 0.4454416813339589 -0.1642147733309804
v -24.9250002511732625 -1.2253251826199043 -7.3205940278947033
vn 0.4806311203134725 0.8463777005348316 -0.2294308484567565
v -25.1245360464237528 -1.2286007373426948 -8.1060521894794437
vn 0.9573603359987927 0.2856985554560645 -0.0428663325536128
v -24.9250053465834824 -1.6193323434744595 -8.7777275040853127
vn 0.3833768347161111 0.9128391524656989 -0.1405236077275289
v -25.1234597388976191 -1.3828087797925095 -8.8475519779373446
vn 0.5226179054105057 0.8515200077652848 -0.0422398072882102
v -25.1244452672317067 -1.4605519860510794 -9.5610762057503766
vn 0.9417368758824753 0.3343870655381376 0.0362897644509915
v -24.9250106807752303 -1.6755254739888841 -10.8746402120500996
vn 0.9082859793178067 0.3867516721519021 0.1594983506573043
v -24.9249873262036203 -1.1252715581152943 -12.9772824366168233
vn 0.4319396458358839 0.8325640704094367 0.3467927493740920
v -25.1217249045549202 -0.9068308419874715 -12.8575082599703006
vn 0.4809004768549846 0.7587576917579368 0.4393421178976768
v -25.1195717166353845 -0.4120433940827551 -13.8512146304932191
vn 0.9118910840077057 0.3264039850327504 0.2488274290788529
v -24.9250311346096041 -0.1116014632605356 -14.7283971952566279
vn 0.4293635631715051 0.6564036839761982 0.6203072902063493
v -25.1288726690611668 0.5433405661294497 -15.1015918477956017
vn 0.9309025763526796 0.2346641029169375 0.2799163306099386
v -24.9249947312547384 1.1478559848948851 -15.9907581439238093
vn 0.9451113194909161 0.1442627480964665 0.2931771704648827
v -24.9249554416323207 2.6838849735793242 -16.9824840007850781
vn 0.4352236800868258 0.3588017672314295 0.8257370284317419
v -25.1256435754504750 2.9626037049102263 -16.8257585675678598
vn 0.9306114204299354 0.0750549218063377 0.3582305722269146
v -24.9250012489237562 4.4992879122585991 -17.5618223127265587
vn 0.9105654200964952 -0.0219725078185232 0.4127806010759931
v -24.9249888482594422 6.3420877659978974 -17.7226107940456465
vn 0.3848529009069191 -0.0508778009546405 0.9215745732351501
v -25.1254675584394143 6.4293731470382145 -17.4637481515427169
vn 0.4582438201806934 -0.1664051077810121 0.8731104978011626
v -25.1220548593856670 7.2969366237222753 -17.3573467246690250
vn 0.9409299926587960 -0.1119933697054286 0.3195437905156994
v -24.9250934963843029 8.6424719018641820 -17.2646272298615315
vn 0.9398572172195730 -0.2035560216121270 0.2742869980617446
v -24.9249833963184386 10.7766716898034787 -16.0700862808005027
vn 0.4634920671653086 -0.6203321660397531 0.6327425285621768
v -25.1235247693773367 11.2564999410931854 -15.3116921941540376
vn 0.4302469416902838 -0.7535678256949008 0.4970141861593260
v -25.1264218477824848 12.1853457296526866 -14.1894711564068547
vn 0.8899798013222900 -0.3664701379299813 0.2713587869296250
v -24.9249685071226956 12.2506945915774210 -14.5418939787983454
vn 0.5260651657429960 -0.7476475911044553 0.4053128679273570
v -25.1220081507497319 12.5608526203928559 -13.5732278193591771
vn 0.3770460020762159 -0.8533269391774982 0.3600964415157477
v -25.1291799284746098 12.8910520024395989 -12.8858314982790549
vn 0.9313518177381809 -0.3370356247686780 0.1378070362230222
v -24.9250026597471823 13.2195382076790224 -12.7301053011087362
vn 0.4782586774550334 -0.8446233227276171 0.2405827927003964
v -25.1276628822267796 13.1500725366469648 -12.1625908213125538
vn 0.9102411225908560 -0.4081182609887898 0.0700041698188356
v -24.9249947323472867 13.6142209367226918 -11.2067020077116783
vn 0.4656108780816597 -0.8811938351951506 0.0818775611879577
v -25.1250475790353569 13.4376594441360719 -10.7063700817591148
vn 0.7108784356336759 0.5743704409561603 0.4058946246340835
v -24.9250058995031765 -9.4881078738267579 -12.3548317458384656
vn 0.7091093642548773 0.4800392939201827 0.5164554054501279
v -24.9249994247851525 -7.4644566779956998 -11.5165786178635710
vn 0.7131634123574272 0.4582138823879062 0.5305072904887475
v -24.9250172448249465 -8.7535820364218555 -13.1916000903344859
vn 0.7085751322001163 0.5954837120568600 0.3785768491370941
v -24.9249979132299444 -7.7912615431681491 -11.1024994111038016
vn 0.7080466058450539 0.3631709089751672 0.6056210818865618
v -24.9249992031623897 -7.1070411356609169 -11.7864717952201143
vn 0.7135804932632407 0.3076516264103728 0.6294071467668940
v -24.9250005082889530 -7.8828632749538734 -13.7614879699883232
vn 0.7101458663624651 0.6758684179281940 0.1972174691439477
v -24.9250006938479842 -8.0294634654936328 -10.5836891528205062
vn 0.8332968567268224 0.2000095236973421 0.5153761141143040
v -24.9249989949992248 -6.7739510379566585 -11.9561995840799877
vn 0.7086967089369757 0.6460025815279915 0.2836011978131795
v -24.9249996043261746 -9.8783325774548469 -11.6274526222381329
vn 0.3735252795428041 0.9001188114369298 0.2241985522697209
v -24.9250127575264813 -10.0976018315214695 -10.9455133565742173
vn 0.5572436497037478 0.1481580777281619 0.8170242951520736
v -24.9250066084294737 -6.3154097578808726 -12.0826107794059912
vn 0.8010672349689276 0.5985512972529560 0.0052563881173815
v -24.9249992389782093 -8.1014338406081716 -10.0524030950145082
vn 0.8324562330432665 0.5512129358465132 0.0563996402726332
v -24.9249992743598661 -10.1810652691991663 -10.4111157140166934
vn 0.8111009653050003 0.1041648975463224 0.5755561642450377
v -24.9251196025089463 -6.7730299617786027 -14.1537517634331778
vn 0.5551377464154945 0.8317285749051333 0.0070469987230149
v -24.9249992821001634 -10.2012359865873794 -10.0000155836722264
vn 0.8015910074219230 0.5856733677105765 -0.1201605724639258
v -24.9249975814451510 -8.0607215369429657 -9.5553132295521035
vn 0.7076649106334794 0.7027162032236024 -0.0734868150426605
v -24.9250006082616054 -10.1760007841611024 -9.5213401029997176
vn 0.5553569903110991 0.8097263114256674 -0.1895307729567438
v -24.9249992399999982 -10.0960226100000003 -9.0712366099999997
vn 0.7094077480930338 -0.0577658026941380 0.7024270488703241
v -24.9250054488499941 -5.7668367258464581 -12.0914584246021874
vn 0.7081725878950278 0.6651489169455155 -0.2367878882887952
v -24.9249986975004063 -9.9726023916663564 -8.6248395586551911
vn 0.5580512679339902 -0.2882488057910042 0.7781332844168317
v -24.9249735894827289 -5.1748719879028311 -11.9417241438619630
vn 0.8008711741289946 0.5448121742506133 -0.2485660017733017
v -24.9249992405055814 -7.8884218492961882 -9.0741124370115891
vn 0.5562439110545233 0.7355487550392580 -0.3867308371140902
v -24.9250001887404373 -9.7494663567702400 -8.1011823763564728
vn 0.5551427452069697 0.6868228920917782 -0.4691384095794706
v -24.9249992403142997 -7.7303858591347057 -8.8090903166186969
vn 0.8010101723281552 0.4804599047171451 -0.3571288055954194
v -24.9250027688954034 -9.4272189872808063 -7.5626029941821198
vn 0.7084476232427376 -0.4246680297036440 0.5637011882809376
v -24.9250004044552895 -4.7003223607803770 -11.6535546426194241
vn 0.7077667066319819 0.5180188300805442 -0.4803361121811500
v -24.9249992404458744 -7.5671088921539722 -8.5995744355693748
vn 0.7089464092360862 0.4904913375303505 -0.5067674384162303
v -24.9250001656129498 -9.0062320396672302 -7.0613125256634390
vn 0.8016940120854693 0.3361159166702496 -0.4942800841094259
v -24.9249975340745991 -7.2367506514317697 -8.2911498018945551
vn 0.5598820068247726 0.4650296836250735 -0.6857692992409543
v -24.9249889207649638 -8.4110581262472284 -6.5489043774104188
vn 0.5557966744911332 0.3148612229481424 -0.7693844727496113
v -24.9249992374091178 -6.8165356972341851 -8.0629819233318543
vn 0.8043585641569309 0.2232305669284553 -0.5506136706041731
v -24.9250004530324567 -7.6432999653587954 -6.1277620553443635
vn 0.7088287435439906 -0.5579059485191448 0.4316280400214998
v -24.9250005105593040 -4.3399416079393891 -11.3000482070998203
vn 0.8325411279477005 0.1457103266309306 -0.5344565192685725
v -24.9249992413427073 -6.5600432371946109 -7.9754373253662765
vn 0.4481495279883398 -0.8133210451968479 0.3710402646664308
v -24.9249992404795826 -4.0897431570947900 -10.8763212503631426
vn 0.8059413041340082 0.0848045643294796 -0.5858897508573276
v -24.9251047955897391 -6.5982486501504027 -5.8209739833345058
vn 0.4490061219241931 0.0821086264203795 -0.8897480969026881
v -24.9249996118622477 -6.2319746371412066 -7.9078025480712189
vn 0.5573387584825156 -0.8218242679018620 0.1182302033354286
v -24.9249960268399811 -3.9202980057463450 -10.3587814351291971
vn 0.8334391302892113 -0.0657370560008814 -0.5486873933043294
v -24.9249958766980022 -5.7402861469066844 -7.9125141857314851
vn 0.7081600342478976 -0.7026957969557228 -0.0687603289315727
v -24.9249975674109940 -3.9104772374933194 -9.7651243724820347
vn 0.5553224993202566 -0.7992102416029943 -0.2299563251262886
v -24.9249992649471679 -3.9733769559884182 -9.4433848978180404
vn 0.4486321363304276 -0.2934406090148938 -0.8441693048391210
v -24.9249829887519709 -5.3161235843297225 -8.0111012318402128
vn 0.7090012285401730 -0.3924472081433201 -0.5859201709695947
v -24.9249993720497969 -4.8971050289698184 -8.2063446536729696
vn 0.5560386604045298 -0.7439200973385824 -0.3706803163256579
v -24.9249991907917163 -4.1177641213501532 -9.0586421218880080
vn 0.8019675319412074 -0.4489722673839383 -0.3940456583091022
v -24.9249997007718882 -4.4271759018309664 -8.5945699988664188
vn 0.9542292448028817 0.0983497770740145 -0.2824426839420940
v -24.9246279834405478 -3.9410982611094125 -5.7365549576336043
vn 0.5563216755460069 0.5788093142710665 0.5962264427469997
v -24.9249961337157160 -1.4850641164597229 -1.0979887638974986
vn 0.6029427375897788 0.6936552921305860 0.3940842433883580
v -24.9250023420490621 -1.8253692684144118 -0.6615533843864758
vn 0.8924364995895512 0.4113276357700408 0.1853824971570332
v -24.9249106524673891 -3.0731975871896307 -2.6171652820972615
vn 0.7092154164560369 0.3525700237872669 0.6104980519114995
v -24.9250238860628706 -1.0704340153603502 -1.4240276790103932
vn 0.7089682154446697 0.1862356976202077 0.6802060970184809
v -24.9249983297073783 -0.4819333261745025 -1.6587913245190682
vn 0.7089840234130751 0.6850863016079152 0.1673272658421114
v -24.9249990334699696 -2.0275827164878075 -0.1648875823306097
vn 0.7275478736289618 0.6273169454574586 0.2777544626462378
v -24.9250795464301760 -3.8841126836813586 -1.2488774766217481
vn 0.9884166932634578 0.1507393320330297 0.0176094933591942
v -24.9241487464224605 -2.4259759897631108 -4.1038261561039011
vn 0.5551458941787021 0.0394870502460181 0.8308151473338686
v -24.9249992405285461 -0.0615947054883831 -1.7073875921807871
vn 0.8338784806461820 0.5515465698006273 0.0210490108170659
v -24.9249985229026620 -2.1022152516576811 0.2934658148666691
vn 0.6095666612577639 0.7894312155918819 0.0722968971131287
v -24.9250214351643571 -4.1944405915181715 -0.0189069016315246
vn 0.5553009542584671 -0.0776530502841537 0.8280162160134319
v -24.9249992404795364 0.1962129653221845 -1.7001868033161329
vn 0.7090932406873888 0.6938350303110438 -0.1256173822555220
v -24.9249988011162351 -2.0548276268224495 0.8490266618003764
vn 0.8349648467822375 0.5429846586786122 -0.0894503497901815
v -24.9249893003338023 -4.1425189877902122 1.1392352950977951
vn 0.7085117222681631 -0.1751488954818010 0.6836183173526779
v -24.9249994895423406 0.5477766283195248 -1.6385928325364909
vn 0.7090171689089690 0.6625564865578686 -0.2414819999759890
v -24.9249978284908771 -3.9158196875168141 1.9225207984671053
vn 0.5565852476885761 -0.3711943390976351 0.7432547508609120
v -24.9249999471129868 1.0157533328577137 -1.4518203809757126
vn 0.7081019376566484 0.6480128244672165 -0.2804835560472673
v -24.9249983168694733 -1.9071270726721186 1.2787896377335632
vn 0.7094681713591896 0.6029450265598554 -0.3648454587561464
v -24.9250001665774157 -3.5799613586886352 2.6016284389836701
vn 0.7079906399687863 0.5840157580491263 -0.3970829234138541
v -24.9249992413371615 -1.7373109367722752 1.5767700532008362
vn 0.7079540005779518 -0.4461608483814795 0.5474866486382951
v -24.9249992475185849 1.3408814500128432 -1.2260456613423820
vn 0.7101829751966353 0.5092002801127893 -0.4861637753616697
v -24.9250157084893047 -3.0140984654229821 3.3344925400990624
vn 0.7085562897052610 0.4918898419714208 -0.5059568832266689
v -24.9249978867303987 -1.4579030854787842 1.9118430378086404
vn 0.5563954544474895 -0.6562837287420425 0.5096231604417255
v -24.9249976553581725 1.6336820443709381 -0.9395071006873768
vn 0.7082353029802130 0.4152580269469859 -0.5709321559245215
v -24.9249996488264252 -2.4313507455485710 3.8182965347900413
vn 0.6010965896450903 0.4215394079962524 -0.6789605418750126
v -24.9249992388102974 -1.0961123559127472 2.1859906733578143
vn 0.5555289695836840 -0.7427175970801246 0.3738423931830308
v -24.9249992404543725 1.8642128868528709 -0.5781238429654849
vn 0.8330748308927922 0.2062712403877208 -0.5132626048348511
v -24.9249988209305329 -0.8164949391390059 2.3297750695232780
vn 0.6009723934980504 0.3828424031516750 -0.7016151912567706
v -24.9250001629215454 -1.9592714520444250 4.1119627950512800
vn 0.7074622384078529 0.2634112894042098 -0.6558289974081368
v -24.9249992551792658 -1.5250569910940499 4.3069508413237880
vn 0.5552264807069549 0.2317899179045648 -0.7987471371338771
v -24.9249997364107294 -1.1296862178925915 4.4397606903146363
vn 0.7827511229956093 0.1093408917107026 -0.6126542653479374
v -24.9250018694145083 -0.3282303730962939 2.4751052235098583
vn 0.4479349851153953 0.1283851131403938 -0.8848002666328706
v -24.9249993353263264 -0.6098908255182112 4.5515520853040927
vn 0.7082012260935084 -0.0568692538667507 -0.7037164992554107
v -24.9249992405046719 0.1719669714344308 2.4884520978683651
vn 0.7076604304070072 0.0010803657452556 -0.7065518721552052
v -24.9249992348028009 -0.0709063038311204 4.5929055250317408
vn 0.8013286160929288 -0.5784968376378130 0.1523609460250272
v -24.9249965711964911 2.0198472300981565 -0.2058997382759525
vn 0.8012990223567202 0.4250043095557399 0.4210596319159711
v -24.9250019355971233 16.4845708818489243 -11.4629254324154886
vn 0.7083039085066279 0.4018947643695795 0.5803328110373862
v -24.9249985404145065 16.8053020123728913 -11.7290804813094862
vn 0.6013205747474956 0.6857665992810521 0.4100460189976762
v -24.9249992276894723 16.1976769174846105 -11.0839921540954762
vn 0.9230979395363532 -0.3278073466304105 -0.2010784362353878
v -24.9248460300120556 4.2463128902567808 1.1031267356970653
vn 0.7077992426905790 -0.0898435599097393 -0.7006770773968477
v -24.9249977773991596 0.4620879424826629 4.5696475164641539
vn 0.5562556558691781 -0.8306521205261997 0.0244274431506513
v -24.9249979356474647 2.1011668082738790 0.2809083548817694
vn 0.7087748738759816 0.6697692310046860 0.2214663752389463
v -24.9249993342992582 16.0021916898372574 -10.6650836993457112
vn 0.4498317059254107 0.3487274848150265 0.8222168677902567
v -24.9249933232076977 17.1611260502869989 -11.9322125693399155
vn 0.9915836203802805 -0.0827469574405238 -0.0995734142624013
v -24.9244217636519387 5.1064734419181654 -0.3461595035891628
vn 0.5562420404029887 -0.8152877148275347 -0.1609370514816777
v -24.9250044774760084 2.0708838340974105 0.7696033666631121
vn 0.8343274674404075 0.0736412684729047 0.5463283267890996
v -24.9249958087257006 17.7293033420783281 -12.0902203170275211
vn 0.5555679477320195 -0.2214728219419763 -0.8014324953443613
v -24.9249977696902789 1.0486719503678359 4.4628855300709986
vn 0.8014058443050006 -0.1678327426451395 -0.5740913195738111
v -24.9249978808515920 0.5981358835141644 2.4108946481650699
vn 0.7190515736996436 -0.6059490630465156 -0.3402801307057407
v -24.9250174043787887 3.6703752718084988 2.4547888130763451
vn 0.7082610725878515 -0.2857305729292396 -0.6455418597970505
v -24.9249987523334298 1.6208091485084359 4.2701875580534372
vn 0.7099100205061489 -0.3842331731213354 -0.5902479406639800
v -24.9250071504394768 1.1385605676182167 2.1670792913984620
vn 0.7078301687269268 -0.6565802449751997 -0.2605356677085062
v -24.9249998109806938 1.9611406180340576 1.1479162187331635
vn 0.5570779077787258 0.8283213670281306 0.0595643986751010
v -24.9249955972391319 15.8939994584481461 -10.0922150722611175
vn 0.7080453738514146 -0.6018178646569027 -0.3694414789211091
v -24.9249975146494371 1.8072270235395318 1.4679883231966546
vn 0.5570053031508898 -0.4509493199947963 -0.6974165204940417
v -24.9250061868595552 2.2683234663042993 3.9350170358611378
vn 0.7086827710616184 -0.0586575873803731 0.7030846445792567
v -24.9249988797835478 18.2568424725093941 -12.0884501434559262
vn 0.7110018094479308 -0.5061558990904900 -0.4881420211144151
v -24.9249867983057669 3.0015500535211195 3.3491938967259318
vn 0.5561372869302614 -0.6151994776772679 -0.5587852188018800
v -24.9249995055055500 1.5394174355145378 1.8256306235890825
vn 0.4487154974280752 0.8734092412670439 -0.1892371518418135
v -24.9249996682602095 15.9427051793804786 -9.5545782091013507
vn 0.5555160298045596 -0.2414770312417278 0.7956700220649646
v -24.9249992410251409 18.6069760084811016 -12.0121131670868486
vn 0.5562070831111785 0.7445826578689034 -0.3690939532122331
v -24.9249963080816563 16.1218570160779358 -9.0460500230174556
vn 0.8027352701241960 -0.1803974054375219 0.5683949878473984
v -24.9250030914761886 19.2256033731201157 -14.0231492831115148
vn 0.7111147863864885 -0.3735211310951012 0.5956489949692984
v -24.9249949254361454 20.1495176082199698 -13.6268500798732628
vn 0.7082501458747742 -0.3300836892792955 0.6240404545701590
v -24.9249973057149106 18.9495296576196104 -11.8786329954226400
vn 0.7081940796947914 0.5387434806400787 -0.4563075799864172
v -24.9249995223990481 16.3650492899059010 -8.6794099722019808
vn 0.7079310844891409 -0.4373117467429697 0.5546097869445162
v -24.9249992423585809 19.2585515169569526 -11.6831724293153556
vn 0.7095112577282701 -0.4877403252325212 0.5086286959058866
v -24.9249995943996581 20.8754755980904569 -13.0660380723536598
vn 0.7091983450378883 0.4134926937570668 -0.5710179503352281
v -24.9250150431795525 16.7156418047749966 -8.3295297405786588
vn 0.7101940927614570 -0.5767235531064657 0.4037502865621086
v -24.9250112780620121 21.3937094248879554 -12.4858289943627412
vn 0.7093699302129488 -0.5544497007335784 0.4351779308123534
v -24.9249914793805587 19.6254016754664562 -11.3441845585977408
vn 0.4489833144980503 0.6729012692881519 0.5878927326415415
v -24.9249993823076998 10.4114861252272348 -0.9910282744696091
vn 0.7082614522209756 0.4051155406544316 0.5781410848729763
v -24.9249967346269692 10.8181481769994576 -1.3479789607828654
vn 0.5555016456556313 0.7295421293906255 0.3989814571105748
v -24.9249986017376983 10.1606555097958751 -0.6244497047725306
vn 0.5552615614390589 0.3361930772284738 0.7606962686985572
v -24.9249992405919905 11.1276480857012263 -1.5185860326956551
vn 0.8006482446047947 0.5698745500313610 0.1849469806128629
v -24.9249966480129999 9.9991284100962616 -0.2555803887219747
vn 0.5567982972107064 0.1662157897608712 0.8138476315978487
v -24.9249960372835773 11.5667416063571249 -1.6693116028266699
vn 0.7096156772448512 -0.6495355636172134 0.2730368879928130
v -24.9249904370773869 21.9149382208753423 -11.5496853187590283
vn 0.5553660902755920 0.8242444815686053 0.1104062515245594
v -24.9250020629935918 9.9159349822632326 0.1189921841029754
vn 0.7083807658925512 0.7035957246649565 -0.0561226045963414
v -24.9249952128713019 9.8992762732094626 0.5283201599626627
vn 0.9481698359063823 0.2555540453746552 -0.1888546853268750
v -24.9247458170268139 7.5982795987197553 0.8345035602281388
vn 0.7097441495083653 -0.0454394050639099 0.7029925338907129
v -24.9250009863360873 12.2252183039071802 -1.7028136159872584
vn 0.7088457236946972 -0.6454211594117661 0.2845509918860111
v -24.9249981971998409 19.9552406237694129 -10.7822646666631279
vn 0.7081331696979983 0.2839563087612013 -0.6464644063582922
v -24.9249985551611957 17.0999519541281479 -8.1008072277911651
vn 0.7082017556035021 0.6748018269937194 -0.2075879756779182
v -24.9249944297281409 9.9964580441882180 1.0346980759490478
vn 0.9880530127035017 -0.1514392524314858 0.0285901540836497
v -24.9243302629651922 14.4195565038165725 -4.0800317621207531
vn 0.4483435917615504 -0.8745920385586172 0.1845989973326892
v -24.9249991225613776 22.1175489360155950 -10.8361172495306786
vn 0.7189042911906882 0.6148220227562339 -0.3243000160985922
v -24.9250014935090967 8.2991853486285105 2.3959432960700773
vn 0.7095251935677112 0.1189368393116857 -0.6945703909232299
v -24.9249952373816512 17.5839337092745254 -7.9315489708420612
vn 0.8006708529476289 -0.5863689050883123 0.1228726673660594
v -24.9249992404458958 20.0674303171807047 -10.3778244139832427
vn 0.8884567378220333 -0.4170769304267326 0.1915501478058563
v -24.9248640010878830 15.0760604174158068 -2.6253074970505392
vn 0.6030792925205528 -0.2985487967170137 0.7397053351921512
v -24.9250018770879862 12.7894774160926730 -1.5616037109014196
vn 0.7080439256747603 0.6144733840952322 -0.3479888784912928
v -24.9249992456455480 10.1600785923508301 1.4111740265699875
vn 0.8324631594382031 -0.5515826368519033 0.0525517164483353
v -24.9249992745470941 22.1810658244789316 -10.4111082822840650
vn 0.7078251992738576 -0.7058054311007776 0.0286736935459913
v -24.9249992403816734 20.1006524388592638 -10.0654456465883211
vn 0.7077041567530270 0.5521250860157487 -0.4408091604159211
v -24.9249992341017013 10.3311450287845457 1.6680101317476437
vn 0.7102911203053932 0.5573688229708197 -0.4299145491785930
v -24.9249991358779255 8.6558619529028480 2.9354515549792093
vn 0.5562433987394559 -0.0598428492620335 -0.8288619394995648
v -24.9249992331516914 18.1047872820022562 -7.9005259412147968
vn 0.7093538879785398 -0.4229751101651329 0.5638342999415014
v -24.9249840332254493 13.2812289596038990 -1.2765012303544796
vn 0.7078277733927106 -0.7063138514850162 -0.0100292778563471
v -24.9249993853364451 22.2026207447695185 -9.8935645668404675
vn 0.5558718932151071 0.5515671171044239 -0.6219165166343207
v -24.9249988708254477 10.5570465439379788 1.9228021492352332
vn 0.4487204005040584 -0.8787490731870234 -0.1626347704041927
v -24.9249984798152120 22.1380587220660878 -9.2602129731555358
vn 0.8011262382795955 -0.5898200592601083 -0.1015334823316284
v -24.9250019715147744 20.0815056701161083 -9.6851037622928242
vn 0.8020236184844574 0.3985596043858141 -0.4448689213070754
v -24.9249738451421692 9.1737172015863742 3.5104942599736551
vn 0.8333987232842497 -0.1388118179770400 -0.5349559301644311
v -24.9249953627594927 18.5292336338997430 -7.9634613883951584
vn 0.6015150906045785 -0.6014791269299534 0.5257399125447358
v -24.9249984605813246 13.6015536534051620 -0.9709390249466322
vn 0.8100707978487615 -0.0714976149979541 -0.5819565220205677
v -24.9250053598395276 18.5849480544695567 -5.8253705136770284
vn 0.8583623180937416 0.2574060075276694 -0.4437975643977824
v -24.9249953020573187 10.9363892705742760 2.2077753309036687
vn 0.7109888991481585 -0.2430730532719751 -0.6598562540895778
v -24.9250030948690622 19.5449962711844698 -6.0884758493891411
vn 0.7080969905832999 -0.2997586862753050 -0.6393304168654713
v -24.9249992364321855 18.9236523952987632 -8.1121743018930488
vn 0.5563975508564584 0.4545093389934007 -0.6955882590791171
v -24.9249991744088248 9.7193841946321022 3.9208035092339903
vn 0.7086773559150837 -0.6618791838235624 -0.2443201817989272
v -24.9250017068896561 21.9346714916126295 -8.5140439741945109
vn 0.7088202600527080 -0.6473432165320918 -0.2802152725115044
v -24.9249998024482302 19.9509355845735108 -9.2107777399256463
vn 0.7092270008637157 -0.6078505978208326 -0.3570920217180937
v -24.9249991136958791 21.5945210980422928 -7.8151344203332975
vn 0.7107543332976229 -0.3824630496702824 -0.5903814811929308
v -24.9250127824112333 20.1984424626747021 -6.4141723087860205
vn 0.6025286404518644 -0.5223317326010901 -0.6034308564808160
v -24.9249970354149184 19.3180086451111706 -8.3526652762639397
vn 0.8339430837864398 -0.4476726981163211 -0.3226888414030090
v -24.9249984971633936 19.7160827934973852 -8.7800178300972149
vn 0.7108154562694904 -0.5140469421901193 -0.4801011647073819
v -24.9249855345318636 21.0346602593703054 -7.0770594211619660
vn 0.5554695266658496 -0.7223124749383322 0.4119688016028377
v -24.9249979138155560 13.8135164006842395 -0.6698524731600051
vn 0.5553184791463360 0.3783584067876267 -0.7405851083648179
v -24.9249993767556255 10.0881637418572350 4.1333226448630702
vn 0.8072501603545735 -0.5365773507004432 0.2458290571165434
v -24.9249635571285566 15.8049517355864744 -1.4026883835129347
vn 0.7074793941875617 0.2645773698064851 -0.6553409205797265
v -24.9249992677434093 10.4457926978887574 4.2955110971274877
vn 0.8328650130274045 -0.5156008288100141 0.2012253845947071
v -24.9249992553276840 13.9515658646608909 -0.3877030543696516
vn 0.7083178559588621 0.2109751546877605 -0.6736284577081911
v -24.9249992405046115 11.3442449377803811 2.3906520491982692
vn 0.7151212265388619 -0.6865103386410154 0.1315491782283421
v -24.9249822661824219 16.1507313257808178 -0.3335911842490298
vn 0.4493554172245079 -0.8788954790315630 0.1600701282215644
v -24.9249960825397245 14.0749774094574356 0.0271582200764053
vn 0.7077551018054052 0.1906741600158720 -0.6802397228702997
v -24.9249983341933152 10.9124525035928635 4.4525992530446432
vn 0.8949401411225049 0.0654968998307276 -0.4413528066300185
v -24.9249992404453984 11.6997103132636777 2.4724123108882363
vn 0.5552427547824716 0.1225483484200675 -0.8226101054333613
v -24.9249993753528543 11.4675907422883316 4.5600504197050009
vn 0.8005532776104515 0.0048684812259913 -0.5992418106221524
v -24.9249992404454588 12.0130901611570255 2.4939350232999540
vn 0.7074011157490925 0.0316225336482398 -0.7061045792250642
v -24.9249992461983929 11.8629542106603534 4.5912780719773822
vn 0.5549029284389740 -0.0290271618574412 -0.8314085421045136
v -24.9249992399999982 12.1899480800000006 4.5880074500000001
vn 0.6083954751410132 -0.7863561122066003 -0.1072334398555848
v -24.9250132615797995 16.1906604408354973 0.8192105764976512
vn 0.7086000777703443 -0.7027717892883267 -0.0632276993440817
v -24.9250008753756944 14.0973310259352118 0.5704706673819693
vn 0.7077845889681214 -0.1018742272383782 -0.6990440740352578
v -24.9249992404455298 12.3261774022515880 2.4685104722416553
vn 0.6003906065122884 -0.0988059075470206 -0.7935795563430399
v -24.9249977840969628 12.5035097916887690 4.5639277554673079
vn 0.8324638179099800 -0.5386968601729176 -0.1296521681676774
v -24.9249992426031817 14.0379025466201330 0.9016738329701254
vn 0.7075804404986237 -0.1692368570981919 -0.6860676398310155
v -24.9249992210048070 12.9290241605998748 4.4894881469162513
vn 0.8008880599388641 -0.1831925842832186 -0.5701041944337879
v -24.9249984132243192 12.6763009105444091 2.3847727353218580
vn 0.5553741078522284 -0.2946819571076482 -0.7776388265014470
v -24.9249986144292173 13.4511555881420417 4.3369404020969631
vn 0.8333790963926035 -0.5311510442126544 -0.1528327514888565
v -24.9249996946068144 16.0354402101173754 1.5656871885363548
vn 0.7076738057971698 -0.6635208863857995 -0.2427711224967927
v -24.9249992385380814 13.9770483130239054 1.1020808919600338
vn 0.7100571601849179 -0.6396213892709615 -0.2944542539295617
v -24.9249997517384116 15.8204446764414097 2.1450987223668925
vn 0.6014069427929105 -0.3772710484086723 -0.7042558094848108
v -24.9249994641035073 13.8936286586250510 4.1427613588253758
vn 0.7079086210505178 -0.3341422972933128 -0.6222654653778418
v -24.9249992404454446 13.0166086947167567 2.2317415942097698
vn 0.6023900065438346 -0.6595536610953709 -0.4495722946888649
v -24.9250049710056558 13.7921304985956557 1.5025077257231341
vn 0.7098984946721483 -0.4367452916844349 -0.5525374896364008
v -24.9249898001389738 14.5458620170626407 3.7453821740451643
vn 0.7094122915387711 -0.4514124973520269 -0.5412586792358309
v -24.9249984141537695 13.3673567149565464 1.9956249665834840
vn 0.6048070503965272 -0.6352154377729147 -0.4803225784882666
v -24.9250100738175675 15.3546948635129006 2.9424146609792556
vn -0.5709457162548549 0.8188271495609392 0.0595238459118522
v -24.2054626526975696 23.8329190354915710 -8.3189231674411985
vn -0.3295701237299894 0.9439180932633330 0.0200540957091912
v -23.8574844659313889 24.0000050263840379 -7.9650401299006521
vn -0.4159579526511782 0.9092138094658964 0.0175849453440487
v -23.7265510208990626 23.9999980184215538 -5.6923224224488376
vn -0.1587897620364547 0.0067727845708262 0.9872891880607034
v -23.7250003800000009 19.0000000000000000 8.0000000000000000
vn -0.8878773453386909 0.0292248872888217 0.4591510923402826
v -23.9249992399999982 11.3962955499999996 7.8000001900000004
vn -0.9245478876963801 0.3781416471851036 0.0471179161285647
v -23.9249613105631944 23.7972989339947922 3.4296761272855716
vn -0.3764073401557497 0.9255442127231639 0.0410539227301410
v -23.7249521122856208 23.9994490271088878 3.2451726089828115
vn -0.2952496926373597 0.9456994835333778 0.1359415530374990
v -23.7250003800000009 23.9458827999999997 3.7336523499999998
vn -0.3929997454887063 0.8991959148631119 0.1923483993676665
v -23.7250003800000009 23.9039268500000013 3.9754517100000002
vn -0.2985881744931805 0.9130652765538849 0.2777713138616145
v -23.7253880533395609 23.7794611827380464 4.4816544462944510
vn -0.2917089979870199 0.8852127944474426 0.3623591713203330
v -23.7250003800000009 23.6193981199999996 4.9134173399999996
vn -0.3110446666537428 0.8526946899580807 0.4197177397532232
v -23.7250003800000009 23.5199470499999990 5.1377754199999996
vn -0.8376821293684593 0.5096141231763149 0.1964232562502704
v -23.9250112769426622 23.5256969674796430 4.6502318254573920
vn -0.9036048889677193 0.3422051980295461 0.2576699576496936
v -23.9250054734577873 22.8406721697297961 5.9142891411464982
vn -0.3950619089972507 0.7840609710264845 0.4787217164203586
v -23.7261076388768899 23.2762885288378385 5.5984471215803797
vn -0.2847538766918852 0.7627031720399271 0.5806884716172485
v -23.7250003800000009 23.0160369899999999 5.9784965500000000
vn -0.4694085398137007 0.6419547770809151 0.6062587623556149
v -23.7273862988951549 22.6867974764994926 6.3832028851552476
vn -0.8757987295066113 0.2920690990336157 0.3842814421544419
v -23.9249956288063572 21.7937206051083159 6.9222132900759057
vn -0.3021460492470141 0.6067832831903468 0.7352018853112144
v -23.7253762271107682 22.1507980295963591 6.8872896036788838
vn -0.3932132443756519 0.4707526330196684 0.7897944688035129
v -23.7270686985421584 21.5460093404718336 7.3077119648882425
vn -0.8531153103206960 0.1796736707231978 0.4898077575388883
v -23.9250076740286453 20.5551374964094933 7.5585831559552066
vn -0.3066905666920440 0.3867185428872720 0.8697066545044130
v -23.7252155736064019 21.0070956095789079 7.5809728078137981
vn -0.2914319021832986 0.2979385688479280 0.9090104815582012
v -23.7252166878005042 20.5484774838816655 7.7556250250220593
vn -0.3924177920406766 0.2003068302186232 0.8977112287688552
v -23.7248533884161112 20.0749447123934743 7.8844921289466301
vn -0.3063822407440311 0.1338412569702412 0.9424523544929433
v -23.7250003800000009 19.7336521100000013 7.9458823199999999
vn -0.9079758262980476 0.0429648966611428 0.4168140070982198
v -23.9249888560484116 19.3521009833310806 7.7982562140820804
vn -0.3713907550640245 0.0683030877865585 0.9259609037382709
v -23.7256622529918744 19.3679144891022474 7.9873490868656285
vn -0.1997545154710404 0.0092652758625962 0.9798021678951928
v -23.7285253967622900 10.0949354048188535 7.9999826429858345
vn -0.4734604774073388 0.0523597861655708 0.8792574305207268
v -24.4288690262972743 7.1157127946061935 7.7081241974315278
vn -0.2423417650159878 0.0136461066032104 0.9700949709711465
v -23.8740386999999998 7.6299171399999999 8.0000000000000000
vn -0.2046138681743509 -0.0103401713528130 0.9787881516483145
v -23.9263339626074192 5.1777042102625623 7.9999853142474171
vn -0.2083711362233722 -0.0068230682525816 0.9780260299851949
v -23.7279349261006622 1.8949032410952173 8.0000013847366311
vn -0.5312664740990705 -0.0206869246874876 0.8469521737650338
v -24.2707431208374480 5.5484950121511414 7.8496103631519949
vn -0.8988141270025550 -0.4369739595895351 0.0344517596252853
v -23.9249822959286149 -11.7982996113375513 3.4512511865005218
vn -0.8630002100233407 -0.5014222428800851 0.0616958008682510
v -23.9268441042390130 -11.8014263724748467 -5.1652556098005462
vn -0.4530358038239590 -0.8914750857593060 0.0055436381571388
v -23.7250114382960398 -11.9999999208832175 -5.3042014892470108
vn -0.1026206260845196 -0.0090182830290695 0.9946796859659037
v -23.7250003800000009 -7.0000000000000000 8.0000000000000000
vn -0.9243795811174802 -0.0238629081321259 0.3807268727428488
v -23.9249856181893676 -7.4214637274835544 7.7985419589272693
vn -0.3882758265891598 -0.1331898561594404 0.9118675039185969
v -23.7314828593913063 -7.6143239973418622 7.9683099311136916
vn -0.3039336569190709 -0.2524080891274008 0.9186481855067558
v -23.7251779012807162 -8.3132875028759301 7.8258711428588752
vn -0.8716640593123678 -0.1486904999987443 0.4670041786892365
v -23.9250117592909533 -8.5805548830620406 7.5471652588823073
vn -0.4080039825409453 -0.3634378176913233 0.8375235536404313
v -23.7279918181062044 -8.8873021620998536 7.6342890523854958
vn -0.3116930937241559 -0.4939211614589770 0.8117199650049761
v -23.7253252462263369 -9.5463755840653874 7.3074970046111556
vn -0.2597493856623592 -0.6105477725535979 0.7481722222041305
v -23.7229596087745129 -10.1510298848830285 6.8871112164952777
vn -0.8370949113186553 -0.3439696584528851 0.4253903895343877
v -23.9250439314707570 -10.1016569478686762 6.7245096225527474
vn -0.2847812058602443 -0.6891714266580421 0.6662900340444122
v -23.7252319022806653 -10.6074101248385446 6.4641506154452202
vn -0.4036725391109712 -0.7204192421300361 0.5639544278897770
v -23.7248197956300011 -10.9295656633486580 6.0939095773203658
vn -0.9319581677394598 -0.3024761398578410 0.1999053736156404
v -23.9249994070858101 -11.1046383453661868 5.4954763692514783
vn -0.3900168603705964 -0.7992540962170931 0.4572523792249315
v -23.7302825440077356 -11.2771355950789847 5.5970504961313887
vn -0.8673950858094959 -0.4667073379439308 0.1726558015904088
v -23.9250052608148707 -11.5274543831551224 4.6347253712013599
vn -0.3006606663049516 -0.8940997977441120 0.3319468563053437
v -23.7254809889209888 -11.6593192599373712 4.8342167947222467
vn -0.3728086067880501 -0.9127757923914254 0.1668954628770918
v -23.7249372094712037 -11.9276409883235779 3.8899451179414495
vn -0.2916704472225760 -0.9555548498743633 0.0429334263548298
v -23.7250183456735293 -11.9998038322441101 3.1435856599163117
vn -0.2748726681109895 -0.9614696033925251 -0.0046063084749259
v -23.9500263135620273 -11.9999952199254842 -10.4617292033949969
vn -0.3805256228339534 -0.9243703313404991 0.0271981783266434
v -23.7893912450154268 -11.9999884498335661 -7.0657315568190748
vn -0.5311646285997065 -0.8461228792178527 0.0440478216104606
v -24.2323941527456235 -11.8245159804776119 -8.5012108579044128
vn 0.2872128178842857 0.9577778739505922 0.0130514908593438
v -14.1250000000000000 24.0000000000000000 3.0000000000000000
vn 0.1413173352782287 0.0063140359455920 0.9899442124180223
v -14.1250000000000000 19.0000000000000000 8.0000000000000000
vn 0.2541760230015726 0.0747805117322873 0.9642626324794306
v -14.1254018901072129 19.3679764902460825 7.9883809082350679
vn 0.2969968940844347 0.1671777888789122 0.9401300079296251
v -14.1247954761398820 19.8761546636650337 7.9240331902228167
vn 0.3928670035360611 0.2486157169850737 0.8853506326877473
v -14.1257070687725150 20.3546332632432900 7.8144299882140142
vn 0.2891536446281873 0.3501532863478589 0.8909449174096177
v -14.1247952889817139 20.8199547527427669 7.6584886591660783
vn 0.2926671642882397 0.4524813055385483 0.8423815044774020
v -14.1244635289762801 21.3855418249189633 7.3986093930171393
vn 0.3951734072215048 0.5477678858207623 0.7374200441325141
v -14.1270753476035118 22.0052708792257796 7.0008677118622327
vn 0.2293833081568843 0.7063379733806333 0.6696790016862881
v -14.1252597781268232 22.6501816230456363 6.4278047041274444
vn 0.2953075970114168 0.7718137244246427 0.5631136634260479
v -14.1250000000000000 23.0160369899999999 5.9784965500000000
vn 0.4115897636958135 0.7874450116327030 0.4588291839841890
v -14.1265553649340081 23.3073707455769004 5.5465970764936490
vn 0.2986907767869506 0.8661794857031270 0.4006456269691139
v -14.1250000000000000 23.5199470499999990 5.1377754199999996
vn 0.2920148696990011 0.9004228001626479 0.3224377410011608
v -14.1261336724409627 23.7215032512332762 4.6571044731140532
vn 0.3936364402587298 0.8910478726655071 0.2260177902703890
v -14.1250000000000000 23.8501567799999989 4.2149009700000004
vn 0.3058915122375458 0.9362152984859252 0.1730066403983889
v -14.1250000000000000 23.9039268500000013 3.9754517100000002
vn 0.3029614311087141 0.9484001268458314 0.0935498298201052
v -14.1246806053274661 23.9826454655917409 3.4602197040336322
vn 0.6612057210899919 0.5018630138203468 0.5576203993372394
v -19.9693355713174618 -5.7225682065027454 8.0000000689621782
vn 0.4684278903752460 0.6841736495354156 0.5590006518779621
v -19.6872237619265285 -6.0190171767353879 7.9999957692237098
vn 0.7799829878977470 0.2865604635036129 0.5563359051388804
v -20.1148989064272499 -5.4343826104312489 8.0000002600174831
vn 0.2748330236392048 0.6499145645691308 0.7085745323381651
v -19.4124390411876711 -6.1679925494694254 8.0000001647628824
vn 0.1630791111618740 0.8151612960459124 0.5558032609938534
v -19.1775914014273638 -6.2415019113852725 7.9999991096324399
vn 0.8292946509750860 0.0078270382425516 0.5587567622288431
v -20.1983430893582465 -5.0613793936969209 7.9999999647051068
vn 0.6837743606890123 -0.1698847448179031 0.7096420204176811
v -20.1540323059940256 -4.6921815234319224 8.0000004379692733
vn 0.6227309122379315 -0.3273568791492274 0.7106642559021750
v -20.0292707489311184 -4.3682085117340783 7.9999997878323903
vn 0.6163590524380753 -0.6462352450891823 0.4499794734009123
v -19.7768966052073090 -4.0599464537297605 8.0000000220950298
vn 0.2924890223094238 -0.6392549517600926 0.7111984803686513
v -19.4621646914438173 -3.8490806997402558 8.0000020435587977
vn 0.1304477179833334 -0.0043034335186738 0.9914458499246901
v -14.1250000000000000 -7.0000000000000000 8.0000000000000000
vn -0.6071017829256777 -0.3598666356719687 0.7084655458796861
v -17.8399802013858313 -4.3429792798848359 8.0000002424820948
vn -0.6685653599979942 -0.2247114514494747 0.7088900641130633
v -17.7282326228140938 -4.5870470913932753 8.0000001470911872
vn -0.8905694806516733 -0.0370320654258433 0.4533372103215275
v -17.6490841574529611 -4.9424490222217248 7.9999991195569127
vn -0.7666030685930945 0.3158346865372956 0.5590779784641312
v -17.7373517099384799 -5.4592885322804250 8.0000028550074731
vn -0.6313301172380297 0.5395583434338657 0.5570449506988807
v -17.9440014713639364 -5.8053799655970968 8.0000007751170639
vn -0.4270288058883698 0.7107745393490517 0.5589686513165979
v -18.2729747720968199 -6.0963833141076682 8.0000088360303252
vn -0.1888783137370571 0.8093622397658299 0.5561094743313452
v -18.6942960173952422 -6.2458196605163190 8.0000014568922904
vn -0.0090982671213258 0.7061154333703470 0.7080382873062701
v -18.9222838514484017 -6.2661845744931419 7.9999999676357643
vn 0.5822654645778650 0.3909001002590323 0.7128562550594625
v -20.0203705776000547 5.3405641556252803 8.0000026699758848
vn 0.4343027518162190 0.5536396439704543 0.7105380105167692
v -19.6970224268354102 4.9931539603519228 8.0000004113852743
vn 0.2883726282162095 0.7775795131588689 0.5587587386442311
v -19.3532645488590482 4.8012680940633157 8.0000017049657153
vn 0.8148355922283536 0.1587816948009184 0.5575224937471279
v -20.1737572854211002 5.7810036526429771 7.9999997804803424
vn -0.0140476998187458 0.5965649098708107 0.8024418797898287
v -18.9219541709380756 4.7301923056538655 8.0000001069047446
vn 0.0918129190850075 -0.6973700801596364 0.7108061333354068
v -19.0433374135455757 -3.7341005026789547 8.0000001271356052
vn 0.6901672820237980 -0.1312872602679216 0.7116409053133653
v -20.1815236772902260 6.2351445664072944 7.9999986784939709
vn -0.1836724824171920 -0.6796667269380765 0.7101531943855414
v -18.6253079811122646 -3.7663748814896798 7.9999984742892760
vn -0.2535970959697841 0.6557116737536978 0.7111474627802706
v -18.5281129082636795 4.7941763914502298 7.9999999222502582
vn 0.7311147489653088 -0.3960352044636004 0.5555423842254231
v -20.0226728653807768 6.6298422913562804 8.0000000017185791
vn -0.3233723981145389 0.4457203624768318 0.8347236971664181
v -18.1658790869343214 4.9819841333350388 8.0000004501817532
vn -0.2872481748223789 -0.4699895930010609 0.8346246273217136
v -18.2463281647417510 -3.9270788174361853 8.0000006329785496
vn 0.5175507675286555 -0.4793742436198128 0.7087605643547278
v -19.8801763882439815 6.8351358985103889 8.0000001378310852
vn -0.4621849403450589 0.3806043748837515 0.8009528018164261
v -17.9383411094176850 5.2057173735457809 8.0000000228121841
vn -0.4973688560003603 -0.5003667271199784 0.7087011778402333
v -18.0050477643835656 -4.1287175482223599 7.9999998409086706
vn 0.4212972594881921 -0.7154564603264068 0.5573425091673410
v -19.5951396312772133 7.0793453392382180 8.0000046252837986
vn -0.7383565776864115 0.3820153777248458 0.5557821653930195
v -17.8204562634611143 5.3802227025311193 8.0000000183158608
vn 0.1526233600023072 -0.6869924599014059 0.7104558184857251
v -19.1764158060156404 7.2459931254222196 7.9999999151240875
vn -0.8092349558978849 0.1871561262900979 0.5568764410037771
v -17.6929376205131454 5.6937130232987601 8.0000012708178545
vn 0.4170627910193695 0.5655606533973161 0.7114771786051430
v -19.6738897823116012 15.9741313003610035 8.0000043015040134
vn 0.6626459431438056 0.4993851828702150 0.5581351029676760
v -19.9760542177265741 16.2860892525920100 7.9999995976696754
vn 0.6653877073367760 0.2352791670971530 0.7084510656743901
v -20.1172460076953890 16.5714859737171665 8.0000000127263213
vn 0.2806774234815105 0.7803048506851576 0.5588779150628469
v -19.3082563189106367 15.7886435279240853 7.9999998236289072
vn 0.8267054694410921 0.0852851662002271 0.5561335336251386
v -20.1802072493747247 16.8274272234090496 7.9999992616863436
vn 0.8219755258682693 -0.1195273061962418 0.5568388078672787
v -20.1851964636235195 17.1454119631723430 8.0000011518387346
vn -0.0054388561728706 0.5962051745897045 0.8028136823921169
v -18.8623092983242735 15.7295301364434135 8.0000001500910383
vn -0.2265211157107372 0.6685046174277522 0.7083712025590378
v -18.5114531358163354 15.8026208246781472 7.9999999654894687
vn 0.7484119452944533 -0.3584699483897080 0.5580133118860626
v -20.0932494447274834 17.5015611677333744 7.9999983850953100
vn -0.0879410051893148 -0.6985163414582252 0.7101699094738589
v -18.7167676176033275 7.2543184081128018 7.9999998402881500
vn -0.2724829609696661 -0.6512286670607034 0.7082755531426613
v -18.3924296901825031 7.1481352810707124 8.0000000181218347
vn -0.3617494258118895 0.6063673507665709 0.7081355723652770
v -18.3062299906510653 15.8957814748471780 7.9999999565309770
vn -0.4125392080292433 -0.5725544095949134 0.7085145375304762
v -18.1931700600126547 7.0341796454423076 7.9999999563889084
vn -0.4795893514739192 0.5172526193839283 0.7088326894925844
v -18.0959713638853010 16.0416227521224108 7.9999998714111689
vn 0.6082174195746237 -0.5649653343243821 0.5575712883010793
v -19.8769807961421137 17.8407087351727256 8.0000006772650192
vn -0.4825701635818358 -0.3497592357766784 0.8029909801545184
v -17.9227264812350100 6.7870118533091350 7.9999999487213413
vn 0.4353363762342778 -0.7075237479846325 0.5566797872789936
v -19.6178117582784388 18.0603036402990718 8.0000005825126994
vn 0.1903766754377100 -0.6756754462349209 0.7121933816067975
v -19.2851361569059065 18.2217158769634828 8.0000087074923609
vn -0.0461260281100437 -0.7953893038279154 0.6043411659707912
v -18.8227146512764456 18.2669589033036743 8.0000002911160664
vn -0.6603569801776844 -0.2461094154664705 0.7094778462710175
v -17.7287754876353993 6.4149532658309596 8.0000000524587573
vn -0.6989536262314653 -0.0829821659112858 0.7103363910982999
v -17.6613730993645568 6.1308698944623359 7.9999998959246437
vn -0.3064902591659191 -0.7721170243747678 0.5566857477132516
v -18.5102891272228582 18.1974583300468673 8.0000000045694399
vn -0.5404149650093368 -0.6283574547358101 0.5595699908607427
v -18.1292296717841026 17.9985288957089224 8.0000061619610232
vn -0.7032638920854914 -0.4419314428991771 0.5568810446278609
v -17.8349845797708682 17.6503795525022618 8.0000007549463579
vn -0.7998932708486172 -0.2246092338297312 0.5565262323821960
v -17.7077932635346613 17.3558311841258934 8.0000023831232134
vn -0.8259383330510546 0.0751099829095008 0.5587346064673099
v -17.6520790692998730 16.9169553549200131 8.0000047026087930
vn -0.7643170245810813 0.3253611468445088 0.5567401638642111
v -17.7512582965884143 16.5215070116176541 8.0000003059300546
vn -0.4486604846644759 0.3217554985731965 0.8337728519438321
v -17.8933563651385654 16.2621917406434555 8.0000001203778979
vn 0.3887496428748082 -0.0868005019376690 0.9172455440219255
v -14.1269789541452973 -7.4906495162753641 7.9807083599233133
vn 0.2791414537649839 -0.2087891921460420 0.9372764384283723
v -14.1248160642547944 -8.1166898117236386 7.8751161585877547
vn 0.2936942869297617 -0.3232359613942758 0.8995900061063024
v -14.1213277813479809 -8.7135118579520761 7.7013218503519560
vn 0.3963623687813393 -0.4293773603718833 0.8114998182465104
v -14.1261936717208414 -9.3856564497535278 7.3985494014920965
vn 0.2846438351279461 -0.5656878816413917 0.7739348213433281
v -14.1247133100331936 -10.0051275876550374 7.0009718180116138
vn 0.3906526269370033 -0.6352489240579833 0.6662201809840296
v -14.1217327155139234 -10.4618964220403203 6.6095932855525392
vn 0.2972126061541189 -0.7276462786075102 0.6182196696739100
v -14.1247761309892041 -10.8010798313612053 6.2504670704046665
vn 0.3005975153984004 -0.7950391942297900 0.5268337625615455
v -14.1247032351181758 -11.1773452486132303 5.7546963834542622
vn 0.3844805310287920 -0.8415428482370366 0.3794474348851422
v -14.1194865135985079 -11.5912433960573811 4.9985098834874817
vn 0.2781349002281757 -0.9338787631516002 0.2247474872150972
v -14.1258682007062770 -11.8931494087137235 4.0633685194439479
vn 0.3415451922345806 -0.9362703058292361 0.0821267074944094
v -14.1248302434546886 -11.9893541171720095 3.3465565220932239
vn 0.3597319197376446 -0.9329328802480235 0.0151389191818931
v -14.1250000000000000 -12.0000000000000000 3.0000000000000000
vn 0.9740064759900101 0.2264921599301706 0.0035617719871000
v -13.9250001900000004 23.7999992399999982 3.0000000000000000
vn 0.9822916149910562 0.0037640021967828 0.1873206219446356
v -13.9250001900000004 19.0000000000000000 7.8000001900000004
vn 0.8495202001946374 0.0760932062669467 0.5220395132758430
v -13.9250008052695833 19.7295981575859898 7.7559900872721546
vn 0.8893421848464556 0.1963241214897037 0.4129495339309984
v -13.9249806330248234 21.0435424451443538 7.3725540247962815
vn 0.8900874751535423 0.3418260634660327 0.3014949898590493
v -13.9250370143683906 22.5561797842042004 6.2784917893709622
vn 0.8547878240666111 0.4807879721052530 0.1953988272902035
v -13.9249969027530032 23.4956665486314655 4.7336865609325454
vn 0.8492887137689753 0.5229412174453064 0.0723958822134274
v -13.9249988246918424 23.7722128527543255 3.5884710162229618
vn 0.9694708455365282 -0.0121743607021761 0.2449041947296584
v -13.9250001900000004 -7.0000000000000000 7.8000001900000004
vn 0.9822800011698680 -0.1871394155670456 0.0102390645543615
v -13.9250001900000004 -11.8000001900000004 3.0000000000000000
vn 0.8928774166624844 -0.4399913501387656 0.0957994291068286
v -13.9249931202784722 -11.6548508693496800 4.3242997439739561
vn 0.8598714908370654 -0.4110455336614329 0.3027583004685923
v -13.9249898396944900 -10.8609327622235412 5.8813694717729215
vn 0.8710068713063595 -0.2899425231765040 0.3965858840038931
v -13.9249645452960955 -9.8630671457506569 6.8840465561652442
vn 0.8865957596602436 -0.1299005371677496 0.4439299600117182
v -13.9249897060772376 -8.2967034413402505 7.6564356377132494
vn 0.3199387620891580 0.9327100944067432 -0.1664063349293566
v -14.1253394524606506 -10.1508874697830613 -9.3181163206426056
vn 0.3255688728006149 0.9449813311454647 -0.0318620911096986
v -14.1249346614081919 -10.2000114098576766 -9.9008515221622293
vn 0.8710917823757797 0.4910104876825283 0.0103830469108582
v -13.9250131434954483 -10.4259405650033017 -9.9672726265525053
vn 0.2491507355521516 0.9637703780109517 0.0952395371809901
v -14.1258118262612999 -10.1856499431266219 -10.3953777295737986
vn 0.3572768257433602 0.9143776823786427 0.1904382413135836
v -14.1243427919962361 -10.1068646054657485 -10.8851469071469680
vn 0.3289471987580853 0.9416119015803276 -0.0718384801585350
v -14.1249032294991093 -10.0001316525607074 -8.6771280141753575
vn 0.8800855366265610 0.4704860900241370 -0.0639709880691079
v -13.9250006712621666 -10.2002243219492659 -8.6515820920191420
vn 0.3146527450496583 0.9480953837361327 -0.0459216002655604
v -14.1248282164994361 -9.9996685405020855 0.2007328789403872
vn 0.8636960237053413 0.5019945378805948 -0.0450628735616228
v -13.9250007270467488 -10.1987659452332213 0.3915463865282367
vn 0.2096901931568825 0.0379566927266398 -0.9770308656184229
v -14.1249006513441859 -6.2237156701903027 3.9991612075049705
vn 0.3255345229616931 0.1874171356876042 -0.9267697079699775
v -14.1236307083180215 -6.7869064852166137 3.9254781758810728
vn 0.3538720990773542 0.3120193643582361 -0.8817133625845021
v -14.1254515189229473 -7.2629495787960314 3.7965391993103399
vn 0.8956826382383625 0.0859038863676130 -0.4363176983177592
v -13.9250072421467888 -6.6227673598917205 4.1853760393528407
vn 0.9160795445592809 0.2193192630815935 -0.3357042282745445
v -13.9249971017071328 -8.3086531116578399 3.5569315810574800
vn 0.3201033726055477 0.4492402632473962 -0.8340965272220980
v -14.1238332810935869 -7.9155120094305973 3.5221873567522137
vn 0.3122190959357842 0.5978483673966146 -0.7383065526827214
v -14.1230139314258256 -8.5476936299529882 3.0886410692550279
vn 0.9171615995874175 0.3207110444247210 -0.2365566025843590
v -13.9250074741291971 -9.4100343519796965 2.4746579186245148
vn 0.3639527941922036 0.6979550973868952 -0.6167633627505262
v -14.1270447513402022 -9.0405145361920471 2.6075809163192680
vn 0.4519914521792285 0.7694972559914769 -0.4511958556752262
v -14.1263853593381832 -9.4336213579517292 2.0576581592414813
vn 0.2564741122456686 0.9008769410915801 -0.3502024653786345
v -14.1239791522264539 -9.7421008408466285 1.4404419199903973
vn 0.8539324168064188 0.4865947209119318 -0.1844586813023117
v -13.9249960523613829 -9.9581725437540882 1.4395560569729102
vn 0.3864952243178161 0.9050731713606637 -0.1773809348906239
v -14.1238730795834986 -9.9267832770920332 0.7775998892267326
vn 0.1621807670183797 0.0712639252429831 -0.9841843586281447
v -14.1250284916080240 -2.3103729159130149 4.0002297254220718
vn 0.3195763351169351 0.3934169736025127 -0.8620290313641811
v -14.1248479139629808 -1.7654053673986940 4.2032546394982946
vn 0.8398099526471868 0.1161522315990337 -0.5303092517854976
v -13.9249993176736169 -2.2498616975939196 4.2010294401292985
vn 0.3791212702909595 0.3082289042601238 -0.8725032979832068
v -14.1240127177917714 -2.0658071276959529 4.0584256340842106
vn 0.9232132290998316 -0.0897043638527178 -0.3736715947471003
v -13.9250008960506353 1.0341031730085131 4.6966261070381545
vn 0.3276136250778675 -0.3493325193749223 -0.8778588175615188
v -14.1243692706657935 1.5632232928292953 4.2950464387212692
vn 0.3233724369095008 -0.2062153272063846 -0.9235288332653045
v -14.1270589778911848 0.9553992502029933 4.4856454263162195
vn 0.3821273686319396 -0.0761270421093078 -0.9209687006636640
v -14.1255445027726942 0.3811172752184084 4.5776531486676681
vn 0.3073289092458947 0.0371507006973813 -0.9508778927808881
v -14.1250806786187670 -0.1182239226655729 4.5917981256051981
vn 0.8536638931744496 0.0108801155230729 -0.5207106495708018
v -13.9249988714435897 -0.0664749305680511 4.7957081587593970
vn 0.4550992859637741 0.1234372677042101 -0.8818434559812655
v -14.1278099836413311 -0.6079698539980057 4.5496217455530017
vn 0.3229206874844705 0.2317278745584891 -0.9176188869825871
v -14.1254846561908458 -1.0833894684541230 4.4522302650217549
vn 0.3055590797826683 0.3258653753442104 -0.8946761458282799
v -14.1250638238868209 -1.4719967120123789 4.3271701689184052
vn 0.8404580731027554 0.1538404775041042 -0.5195799600039561
v -13.9250081396773648 -1.1398862567727719 4.6659627365361800
vn 0.2017502546096893 -0.0402471463220580 -0.9786097291453097
v -14.1250235328247822 2.3506548570009409 4.0000421597737583
vn 0.8571840470830102 -0.1281102132996137 -0.4988218947427220
v -13.9250027838584138 2.2509169418597623 4.2010675526981993
vn 0.3007850904246814 -0.2850575558973204 -0.9100936870476919
v -14.1243177064993120 2.0937838345363891 4.0464726125495281
vn 0.2997637525407494 0.2631651781617208 -0.9169982451814170
v -14.1248696483178264 9.8927084217115002 4.0416481688029089
vn 0.7864428539126042 0.1246590924216150 -0.6049526826177546
v -13.9249770211323298 9.7517867375738447 4.2005716266962203
vn 0.1823401543008371 0.0388722848864882 -0.9824668002519222
v -14.1251523459160193 9.6501304667665355 4.0000547179865888
vn 0.2422706065463222 -0.4009716458001068 -0.8834742172061563
v -14.1250000000000000 13.7651624699999999 4.2033681899999999
vn 0.3168547432979782 -0.2972053740331888 -0.9007064101555871
v -14.1246837186696297 13.3679070643177109 4.3661169146854668
vn 0.3036754621823506 -0.1947176231792502 -0.9326662108663309
v -14.1251852880785691 12.8744244389346356 4.5016660209030892
vn 0.8225913978833647 -0.1733415255699390 -0.5415681929742348
v -13.9250142520994018 13.3168566879943580 4.6086574492923074
vn 0.4463047738846623 -0.1185064554241126 -0.8869995878412645
v -14.1261477271526523 12.5062567096160659 4.5624189542220916
vn 0.3115886324107630 -0.0527918059610293 -0.9487494660740333
v -14.1250000000000000 12.2023382199999997 4.5874280900000004
vn 0.3826243855077313 0.0145996012911040 -0.9237886291013609
v -14.1252611280030145 11.9151172983600855 4.5926146791002456
vn 0.8619027240852516 -0.0333387370688600 -0.5059765042223563
v -13.9250014922527150 12.3120047303974101 4.7895919701699663
vn 0.8855062037981193 0.0383843736956785 -0.4630393103085678
v -13.9250003527348962 11.6646959843317344 4.7806879568302474
vn 0.3771158357883466 0.1094742849433019 -0.9196733264229258
v -14.1246324355855251 11.5276283335040191 4.5672266513418958
vn 0.3107285021388991 0.2142909749192140 -0.9260276324314998
v -14.1253158259728124 10.9989027830996537 4.4745025615054779
vn 0.9033161219308921 0.1223523942684385 -0.4111567529258328
v -13.9250061656564323 10.7542211682153273 4.6279500174251726
vn 0.3091020921717457 0.3230082592925356 -0.8944951431080302
v -14.1241605131564008 10.5214660102763027 4.3247671787543167
vn 0.3211030886180967 0.3922559129587984 -0.8619907802458089
v -14.1250000000000000 10.2348375300000001 4.2033681899999999
vn 0.8643472533110359 -0.0761579776651818 -0.4970953511466565
v -13.9249988366170729 14.2598652276051894 4.2008479976186042
vn 0.1835931599842140 -0.0473657896797690 -0.9818604959845482
v -14.1249430761703945 14.3237817257225757 4.0002303478184400
vn 0.3686870014672304 -0.2915004637646995 -0.8826649276900422
v -14.1238592407336832 14.0803392824608089 4.0517734371324163
vn 0.9212414222537294 -0.0167387029552603 -0.3886310046140184
v -13.9250001900000004 18.0000000000000000 4.1999998099999996
vn 0.3369416580498568 -0.9390031781657231 -0.0688719860704228
v -14.1250219942424344 21.9993484824385952 0.2981419868029554
vn 0.8893561626099646 -0.4516722042588794 -0.0709777143024721
v -13.9250026828123872 22.1949139781579312 0.5340505165205551
vn 0.3813962500055668 -0.8925214980976282 -0.2407120186348345
v -14.1266825384524388 21.8844423264670986 0.9670395700989206
vn 0.3100871560728312 -0.8667160832641191 -0.3907034510341164
v -14.1249285814874046 21.6737734128282682 1.5981954920576800
vn 0.8511960516449341 -0.4784358985677930 -0.2157877953585492
v -13.9249998920499980 21.8266616386009034 1.7590204579055315
vn 0.3835597920003442 -0.7657150985589533 -0.5162966916410613
v -14.1298208227576652 21.2713204461861025 2.3100506536936902
vn 0.9381490083921812 -0.2548632078158385 -0.2343526900946256
v -13.9249885829367148 21.1517042770308556 2.8116116353687488
vn 0.3229643865301624 -0.6951612272554583 -0.6422187113078229
v -14.1251525667964568 20.9069024689067291 2.7492644382987574
vn 0.3780363668741659 -0.5936278415208509 -0.7104185323398290
v -14.1247903495286415 20.5465979124231914 3.0895435977217298
vn 0.8941409547262847 -0.2270701336580793 -0.3859418446886395
v -13.9249984334754622 20.1182870704031629 3.6506793883025495
vn 0.3194229703093982 -0.4966344572907267 -0.8070459601969808
v -14.1257217073598831 20.0512819740593926 3.4375310642842609
vn 0.3224442231345688 -0.3571630415937805 -0.8766209469814327
v -14.1226790864761007 19.5459508608795680 3.6949581507992368
vn 0.3957447822718415 -0.2265514333341709 -0.8899778173408849
v -14.1249211723973236 18.9725006128078597 3.8836083782387161
vn 0.2547617117208530 -0.1142556356199517 -0.9602302432073995
v -14.1242152217434658 18.4812004285167717 3.9721239322745339
vn 0.9014260842658967 -0.0890714421458368 -0.4236712083669523
v -13.9250058057338162 18.8821384177359519 4.1250931677914302
vn 0.2712501873314375 -0.0222804320123226 -0.9622509642614053
v -14.1252744917688773 18.1225226265590393 3.9997627708567167
vn 0.3031337670843951 -0.9518805573750920 -0.0450923912041457
v -14.1250007331626026 22.0000127580834359 -8.6170471050824773
vn 0.3049651045690757 -0.9370832747269660 -0.1699153354531554
v -14.1247326135019478 22.0187674503674522 -8.7692991791121546
vn 0.3738403150706349 -0.9075571658625378 0.1912678998667746
v -14.1243786146159103 22.1067163720103821 -10.8859502402217938
vn 0.2591423562715368 -0.9617813714492127 0.0884411257238825
v -14.1258105079171514 22.1856442309104693 -10.3954708362535158
vn 0.3830501996011815 -0.9217501025127209 -0.0604093792658354
v -14.1256384246537969 22.1965500990945870 -9.7645237325247844
vn 0.8960684805808571 -0.4426311411069095 0.0337483485804783
v -13.9250049417368214 22.4083059744478419 -10.2638659811417945
vn 0.8835262711747613 -0.4639849303259097 -0.0640258742578580
v -13.9250002421501424 22.3437460703176285 -9.2892457243580075
vn 0.3841277342969686 -0.9047965292251783 -0.1838181831211171
v -14.1248447895707372 22.1259733263892286 -9.2011156815901103
vn 0.8416356830157631 -0.5363415682038917 -0.0631434817790430
v -13.9250008211999994 22.2001081359781267 -8.6519305888184785
vn -0.2930278746107942 0.9544384954467279 0.0564076511695619
v -31.7250003800000009 20.9513912200000014 -9.2538070700000006
vn -0.9416732476872007 0.3360548476266759 0.0178503214775327
v -31.9249634255596462 20.7639001205915683 -9.2534828282190205
vn -0.3829202529524333 0.9237365078019570 -0.0091073614559714
v -31.7250003800000009 20.9699993099999986 -10.0000000000000000
vn -0.4503892845119576 0.8856290254612748 0.1131844585502787
v -31.7237582064574681 20.8565367429385837 -8.1377934878432274
vn -0.9607649374177688 0.2729201929931230 0.0494500079396073
v -31.9250070080172605 20.5434118158200008 -7.3838928079279116
vn -0.3316158150869869 0.9201057708886369 0.2084138228659999
v -31.7237738496759647 20.6008416177824003 -6.6690138859038450
vn -0.3721210383147282 0.8871087109885187 0.2730642190618490
v -31.7250003800000009 20.3049259199999987 -5.5875148799999996
vn -0.9143834170043387 0.3822172283966103 0.1334651903092445
v -31.9249760586023363 19.9771351210796482 -5.1720425745646246
vn -0.3037844601706273 0.8908051353419397 0.3379071064764231
v -31.7272314434194698 19.9630083603168842 -4.5905480852062732
vn -0.3990962127461046 0.8288567097622676 0.3920698504779270
v -31.7250003800000009 19.4875049599999990 -3.5047605000000002
vn -0.2870987030061405 0.8306606669558271 0.4770505121102926
v -31.7269499232352246 18.9683545275935437 -2.5162692196401908
vn -0.9304532206585129 0.3136593235013458 0.1894060002927009
v -31.9249955584163914 18.8036943842234052 -2.5895155106049450
vn -0.2614691784211265 0.7973355310216721 0.5439576451399221
v -31.7250003800000009 18.3687953899999989 -1.5670987400000000
vn -0.4768894191975881 0.6900731812088249 0.5444037898781742
v -31.7279257904401071 17.7093525596540964 -0.6685745474862805
vn -0.9480568305162247 0.2422232419972303 0.2061944401478411
v -31.9249880924942744 17.3080166157990405 -0.4791884371961874
vn -0.3805385185943235 0.6698043554074603 0.6376147436683332
v -31.7223611111708124 16.7643566444295686 0.4094668034941743
vn -0.9540019679625238 0.1982821226188936 0.2248653930096352
v -31.9249964146300336 15.7293936067951794 1.1309737741184498
vn -0.2926829368256185 0.6316958999126346 0.7178418966072525
v -31.7250003800000009 15.9054374700000007 1.2242245700000001
vn -0.3795618347287081 0.5563460575113466 0.7391967788816171
v -31.7227622720233207 14.9901388063561196 1.9752211635193380
vn -0.9267189077259590 0.2077553558732601 0.3130970746736234
v -31.9250004590044725 14.2693242495830859 2.2431534362752412
vn -0.3036383188757122 0.5126666719561122 0.8031043859771752
v -31.7250003800000009 14.1219177200000008 2.5751881600000002
vn -0.9698507666127056 0.1116154382100732 0.2166367569317826
v -31.9250006642800912 13.0095952034959375 3.0054663003676612
vn -0.4646568927881861 0.4294581233204415 0.7743769704081550
v -31.7294821959003137 13.1628361257440787 3.1482988992015071
vn -0.3876296758887650 0.3814832189004927 0.8391744681934084
v -31.7250003800000009 12.1569681200000002 3.6452426899999999
vn -0.2862415872769301 0.3178036423704816 0.9039173627103523
v -31.7210102313232341 11.1221743678224758 4.0727941569194872
vn -0.9534695924856578 0.1013216317631508 0.2839536285066387
v -31.9250076114867021 10.9457735171213102 3.9409038425129790
vn -0.3776030076839140 0.2308483353507219 0.8967301794039624
v -31.7241498964962396 9.6948311434005578 4.5097520035906591
vn -0.9544426954604897 0.0560985215022920 0.2930735350852609
v -31.9249993228497964 8.8653640589394822 4.4936709322805148
vn -0.3033476201924210 0.1616415063638995 0.9390698827797664
v -31.7250003800000009 8.5995130500000005 4.7425718300000002
vn -0.9478841931531868 0.0253247881706472 0.3176070079114187
v -31.9249995460803468 7.4069837982459568 4.7070384547337607
vn -0.4646821081853881 0.0949409025359184 0.8803730819135990
v -31.7294853498538103 7.4931415120907552 4.8981378217497715
vn -0.3861149333759044 0.0310106006386181 0.9219292819257631
v -31.7250003800000009 6.3732123400000003 4.9653472900000004
vn -0.9021497190846401 -0.0130653425367734 0.4312252093511019
v -31.9250145718351526 5.5142583894602470 4.7758409052173070
vn -0.2919632179160711 -0.0323373965715976 0.9558827188348287
v -31.7250003800000009 5.6267876599999997 4.9653472900000004
vn -0.3806341891143747 -0.1002094354218546 0.9192799808163319
v -31.7271452406326340 4.4494628750382228 4.8937792842989225
vn -0.9299201855944378 -0.0612339969959022 0.3626276961787560
v -31.9249994867782902 3.7364190900811001 4.5997621180889050
vn -0.3814834665417718 -0.1606748090870340 0.9103043284968594
v -31.7250003800000009 3.4004869499999999 4.7425718300000002
vn -0.3281535863484426 -0.2340494745554502 0.9151699663051519
v -31.7263631902506376 2.3057671330327980 4.5131780982524656
vn -0.9645324412299354 -0.0843990403137553 0.2501079203246835
v -31.9249885093807286 1.5887567230980484 4.1166708836447166
vn -0.3810573405980223 -0.3118567592655836 0.8703681203242284
v -31.7294814412588444 0.8812874659551485 4.0706351051815579
vn -0.4005771436086915 -0.3677447458477044 0.8392268786923528
v -31.7250003800000009 -0.1569678500000000 3.6452426899999999
vn -0.9516134257122880 -0.1451263089335174 0.2708694195723413
v -31.9250303816638592 -0.8200227414329736 3.1190898016820716
vn -0.2901067723752191 -0.4394736509795409 0.8501182098489276
v -31.7250003800000009 -0.8294734400000000 3.3213810900000000
vn -0.3823739129408451 -0.4643695004508372 0.7988436378624710
v -31.7250003800000009 -1.4849999000000000 2.9644002899999999
vn -0.3348919353185102 -0.5315366328202675 0.7780206935735801
v -31.7252691084612515 -2.4357166921074609 2.3741041961353391
vn -0.9570513943865949 -0.1811189534204581 0.2263814330163856
v -31.9249522628359799 -3.0272153026424364 1.7123692812752052
vn -0.3809073465586505 -0.5907757392885493 0.7112619905532112
v -31.7294945804056070 -3.6225112685327256 1.4713234518483358
vn -0.3978960359926741 -0.6347763829020531 0.6623727713690400
v -31.7250003800000009 -4.4526052500000004 0.7165267500000000
vn -0.9277828875095958 -0.2756726479712850 0.2514428460005513
v -31.9249858915390483 -4.8519983696376716 0.0375234063838196
vn -0.3017010977283412 -0.7119849978056026 0.6340771329493516
v -31.7264229990389026 -5.1841959115544798 -0.0430080985462353
vn -0.3861363851059214 -0.7292970513338939 0.5648225411693654
v -31.7250003800000009 -5.9330735199999998 -0.9610480100000000
vn -0.9277167840271221 -0.3060158663454185 0.2137658957346492
v -31.9249995254855108 -5.9958471045957458 -1.3732609613439057
vn -0.3039097708219368 -0.7888716084021669 0.5341539447162552
v -31.7250003800000009 -6.3687944400000003 -1.5670987400000000
vn -0.3888774240718491 -0.7901411462259003 0.4737629344810165
v -31.7250003800000009 -6.7737646099999997 -2.1941149200000001
vn -0.9435013114014457 -0.2937021820364809 0.1534415317010426
v -31.9249985401906677 -7.0531475035471498 -3.0643903139077091
vn -0.3027815426807755 -0.8525072383261864 0.4260924148741779
v -31.7278140014732521 -7.3539534420558343 -3.2250419405205393
vn -0.4618836677059025 -0.8163858853492970 0.3466663579134669
v -31.7250003800000009 -7.7944989199999997 -4.1851310699999997
vn -0.9263128998600978 -0.3513430681018699 0.1360237481087073
v -31.9249995989393263 -7.7763976642274741 -4.6626407819493449
vn -0.3238002440942696 -0.8969985756337976 0.3009102145747629
v -31.7210271494304088 -8.1961038026366655 -5.2302155947447870
vn -0.9261189959822209 -0.3642840576677708 0.0979833180188710
v -31.9249996884791436 -8.2395167026798042 -6.0613915290429556
vn -0.3793228614701215 -0.8956055331314726 0.2323895345974290
v -31.7250003800000009 -8.5070867499999991 -6.3060417199999996
vn -0.3828995740602743 -0.9044148350913174 0.1882065946007361
v -31.7250003800000009 -8.6731824900000003 -7.0337524399999998
vn -0.9470119750983806 -0.3167576117766175 0.0532253173014299
v -31.9250079423332664 -8.5613673355427160 -7.4858892364071137
vn -0.3800640085336570 -0.9172827485951649 0.1189273246442042
v -31.7253286482995804 -8.8496807718846480 -8.0725336415496596
vn -0.2940100874604252 -0.9549884688469024 0.0394346654729339
v -31.7223585425353427 -8.9678637305695652 -9.5624848831514164
vn -0.9539486169609647 -0.2997995262390443 0.0101133706105938
v -31.9250761631055475 -8.7749283205579580 -9.4930879690145353
vn -0.3837176862924807 -0.9227157552133044 -0.0368289601738442
v -31.7250003800000009 -8.9513912199999996 -10.7461929299999994
vn -0.9540645680796140 -0.2979044928073653 -0.0318388614784770
v -31.9250024883846741 -8.6990270031276058 -11.5615964865082663
vn -0.2937553676500034 -0.9501977875614531 -0.1040766471891324
v -31.7250003800000009 -8.8956108100000009 -11.4905309700000000
vn -0.4511429186985732 -0.8782654756888678 -0.1584923377363686
v -31.7227087883103849 -8.7452860446378669 -12.6002845212395442
vn -0.2928992370178478 -0.9245888728997469 -0.2436092220428822
v -31.7223488130944595 -8.4318411718426578 -13.9937845554913416
vn -0.9431419682473579 -0.3211651590334128 -0.0856514352100552
v -31.9250162502454629 -8.3105269365148899 -13.7172012366589726
vn -0.3863937030916695 -0.8690326188207137 -0.3090019638072204
v -31.7250003800000009 -8.0671987499999993 -15.1200418499999998
vn -0.9071054275181846 -0.3847619233262631 -0.1706399886466433
v -31.9250101470332126 -7.5553769989723820 -15.8961161679030134
vn -0.2964510258936440 -0.8718543399026981 -0.3898548438065592
v -31.7223587972367120 -7.6754112587501453 -16.1001216036274322
vn -0.3933226148455166 -0.8095226408344296 -0.4358559562831928
v -31.7250003800000009 -7.1469769500000000 -17.1594619799999997
vn -0.2889621028337291 -0.8018243543690549 -0.5230474241085195
v -31.7229483748805485 -6.6137215949548578 -18.0698524376680645
vn -0.9275045992729171 -0.3129174371270361 -0.2044942440985392
v -31.9249948643230539 -6.3188623639879937 -18.1841282011058780
vn -0.4464596615193026 -0.7024887114578884 -0.5542412659756629
v -31.7229588764600692 -5.7475448583130468 -19.2856696702341033
vn -0.9601605860742508 -0.2099793854006931 -0.1843917206826232
v -31.9249993349777696 -5.0343126825854112 -19.8244872833890327
vn -0.3753839671182855 -0.6732756528771231 -0.6370139499833749
v -31.7229592071700388 -4.7646190154690125 -20.4092005499265738
vn -0.9261016597379146 -0.2531424919012240 -0.2797402270405858
v -31.9249997810814605 -4.0012895810211289 -20.8743133148061091
vn -0.3028651951571262 -0.6375679915495691 -0.7083641222661440
v -31.7250003800000009 -3.9054369900000001 -21.2242240899999999
vn -0.9474378427169635 -0.1884222835533969 -0.2585702559235103
v -31.9250002258289243 -2.8696465384338810 -21.8154965990235432
vn -0.3876002015915559 -0.5677770474651144 -0.7262198758626635
v -31.7272251311753948 -3.0937822344819450 -21.8966780944700474
vn -0.3819645824352225 -0.5070247291418067 -0.7726765052748553
v -31.7250003800000009 -2.1219174900000000 -22.5751876799999991
vn -0.9547462833977629 -0.1447228222109095 -0.2598361773684875
v -31.9249616265243539 -1.3706498175436099 -22.8137313270934641
vn -0.3023789419190451 -0.4531849340683355 -0.8385644823252397
v -31.7264232578688272 -1.2186095061962681 -23.1194368671459181
vn -0.4592302781131039 -0.3534195551617421 -0.8149859935565994
v -31.7260816338546618 0.1216463907656174 -23.7721809098671883
vn -0.9694984708081019 -0.0866916707580050 -0.2292537225912329
v -31.9249951563645276 0.6639719947275480 -23.7871948798807438
vn -0.3856460091836343 -0.2844796313765325 -0.8776949896932352
v -31.7229412246990883 1.5245381823051860 -24.2898109255034385
vn -0.2933687039489251 -0.2211549817226167 -0.9300673511109812
v -31.7250003800000009 2.6688616299999999 -24.5946712500000011
vn -0.9131415073171514 -0.0779092361413989 -0.4001284025640074
v -31.9249842816645106 3.1219932818994098 -24.5071085053898479
vn -0.3039129099138782 -0.1528533940516499 -0.9403577952644249
v -31.7272313514868110 3.7032531599184999 -24.7970528606452305
vn -0.3958056875489390 -0.0770035430315774 -0.9151001650445134
v -31.7250003800000009 4.8812904399999999 -24.9281406399999987
vn -0.2992328284232184 -0.0035154259748906 -0.9541736509535650
v -31.7250108796597274 5.9341119720585738 -24.9741013931544735
vn -0.9434646659920444 -0.0053291616750073 -0.3314302702837532
v -31.9249996015619715 5.6433487203522477 -24.7796482666043367
vn -0.3863972246226116 0.0595926355002328 -0.9204052925739180
v -31.7250003800000009 7.1187095600000001 -24.9281406399999987
vn -0.9484001228904843 0.0346151847277487 -0.3151808939126518
v -31.9250026687069379 7.5858028794091927 -24.6897505504942565
vn -0.3921741453176808 0.1317762130214901 -0.9104034651878592
v -31.7253295889844722 8.1664732710071331 -24.8166983519612039
vn -0.9294668381773324 0.0953768115775738 -0.3563631021050420
v -31.9249929177712879 9.8347139251353770 -24.2838932411248898
vn -0.2975720169917352 0.2043681679473859 -0.9325687892232398
v -31.7250003800000009 9.3311386100000000 -24.5946712500000011
vn -0.2997431366511980 0.2708632835633457 -0.9147606974765500
v -31.7272230307564520 10.3509205997169023 -24.3281983732239411
vn -0.3929174135260480 0.3274398219472147 -0.8593015007267106
v -31.7250003800000009 11.4691553099999997 -23.9351806600000003
vn -0.2950982651170090 0.4052747635971785 -0.8652568288757868
v -31.7223562812918338 12.4391541087349360 -23.5190844879083691
vn -0.9539964150598722 0.1266158660081525 -0.2717706064457996
v -31.9250485099329069 12.1876684153193171 -23.4265838778450153
vn -0.3816519518279858 0.4532635517569724 -0.8055395336757490
v -31.7250003800000009 13.4849996599999997 -22.9644012500000017
vn -0.9597568703408846 0.1473518989461507 -0.2390693784457423
v -31.9250006658750749 13.7582609591159635 -22.5732238427911476
vn -0.3786947727462939 0.5148107378705709 -0.7691294905721606
v -31.7229449397021419 14.3818347571529692 -22.4085990950647762
vn -0.9270159097797497 0.2306258146525798 -0.2957249340705936
v -31.9250000148100597 14.9709560147967036 -21.7387684554775262
vn -0.3030189716710316 0.5869681982993441 -0.7507648346803760
v -31.7250003800000009 15.3336420100000002 -21.7040176400000000
vn -0.9453126918229896 0.2338490180231309 -0.2273731546335035
v -31.9249910787808666 16.3377611894628316 -20.5663817208975424
vn -0.3834164750245050 0.6186215583998276 -0.6857836205121495
v -31.7260857376140635 16.1357195220134848 -21.0224853043567101
vn -0.3051537391355670 0.6904232202393241 -0.6558940253165476
v -31.7250003800000009 16.9737873099999987 -20.1821861300000016
vn -0.3977298677583037 0.7016996968312966 -0.5911247649691465
v -31.7250003800000009 17.4676857000000005 -19.6225299799999995
vn -0.2831833532689464 0.7810981657621067 -0.5565005335796431
v -31.7242176614274811 18.1202942868624923 -18.7935642694197149
vn -0.9420794019935659 0.2727032019776353 -0.1952418089718245
v -31.9250034976788193 18.0607202584912763 -18.5708826186362899
vn -0.4497054846091607 0.7696614039758387 -0.4531956534901685
v -31.7229516494625230 18.9356505979327601 -17.5430366221535756
vn -0.8709680104886666 0.4396873020214254 -0.2192938693774497
v -31.9249995336545425 19.1758067538910169 -16.6839250998296862
vn -0.3026945147353091 0.8540012205736647 -0.4231523909986174
v -31.7250003800000009 19.4875049599999990 -16.4952392600000017
vn -0.9439476187177626 0.3130310055712558 -0.1047591650793096
v -31.9249928014964581 19.8988465915158841 -15.0338363892302489
vn -0.3834333111154156 0.8549044570254499 -0.3494528083806019
v -31.7260887871964137 19.9144415132087786 -15.5331985728285975
vn -0.3069279326253848 0.9067557845626505 -0.2891179540196002
v -31.7250003800000009 20.3049259199999987 -14.4124851199999995
vn -0.9597470664680035 0.2753778600831694 -0.0552503627325299
v -31.9250126714652183 20.4831621340763981 -12.9535553439206748
vn -0.3907918657154654 0.8941754523128426 -0.2184764934077559
v -31.7247977933048659 20.5836096565913707 -13.3979864151084467
vn -0.3827936638544566 0.9126453168045502 -0.1433441196129220
v -31.7250003800000009 20.8027973199999998 -12.2311630200000003
vn -0.9437079154876172 0.3298215132768939 -0.0251622659106075
v -31.9250007091246211 20.7346411793881806 -11.1035258098099252
vn -0.3043341665715736 0.9490982330801898 -0.0811988855911672
v -31.7257740567194517 20.9274009886701116 -11.1834878642537898
vn -0.5546311025236486 0.8307411162195706 -0.0474714433703447
v -26.9249994344538486 20.9371548424711662 -11.0533097353009513
vn -0.7071598141966952 0.7003723050913889 -0.0969723230941179
v -26.9249992399999982 20.8027973199999998 -12.2311630200000003
vn -0.5549757196280559 0.8136133368674823 -0.1733069205042959
v -26.9249992478543163 20.6133316575214103 -13.2678095577503132
vn -0.7071459936329098 0.6781044408277700 -0.2002970569393916
v -26.9249992399999982 20.3049259199999987 -14.4124851199999995
vn -0.7073565123384647 0.6616772501089682 -0.2486563514986045
v -26.9249996222761396 19.9630763425059286 -15.4092993479484086
vn -0.5547114885189040 0.7530892165024640 -0.3537679981186074
v -26.9249992399999982 19.4875049599999990 -16.4952392600000017
vn -0.6003098229524367 0.6860535257308088 -0.4110458323583156
v -26.9249991937670039 18.8323863940194052 -17.7322390116967270
vn -0.5542139964604148 0.6561224650170843 -0.5122012856556299
v -26.9249996284702142 17.7483179642300897 -19.2846675806702059
vn -0.7070686515829405 0.5231311224950146 -0.4758022179706484
v -26.9249992399999982 16.9737873099999987 -20.1821861300000016
vn -0.5549915266055041 0.5746077080661744 -0.6015067640742122
v -26.9250009237482608 16.2332751816200194 -20.9319773535682607
vn -0.7071581617656857 0.4474344832279433 -0.5474757688397905
v -26.9249992399999982 15.3336420100000002 -21.7040176400000000
vn -0.5549746440927028 0.4785709113482538 -0.6804212130919198
v -26.9249992472115665 14.4896909893004100 -22.3350394187870265
vn -0.7071511624032437 0.3608679424024877 -0.6080391119475260
v -26.9249992399999982 13.4849996599999997 -22.9644012500000017
vn -0.5549764672932888 0.3718153168049323 -0.7441468208222817
v -26.9249993982598177 12.5564036929025082 -23.4626002775459170
vn -0.7071616484132310 0.2662175896891459 -0.6550195401311195
v -26.9249992399999982 11.4691553099999997 -23.9351806600000003
vn -0.5549901041454048 0.2567330156859219 -0.7912484710617045
v -26.9249996003664620 10.4766555526773804 -24.2894217022738026
vn -0.5546922380493927 0.1948843065926942 -0.8089107664579825
v -26.9249992399999982 9.3311386100000000 -24.5946712500000011
vn -0.7073740135526182 0.1155024522217034 -0.6973386469149931
v -26.9249992095236941 8.2969685209775665 -24.7970264665171456
vn -0.5546497462240382 0.0738639758096236 -0.8287989937802804
v -26.9249992399999982 7.1187095600000001 -24.9281406399999987
vn -0.7071379831824202 0.0194181732144626 -0.7068088902169470
v -26.9249992399999982 6.3732123400000003 -24.9653472900000004
vn -0.5545099282237518 -0.0402595468573391 -0.8312026879095925
v -26.9249992482903266 5.3194438780076521 -24.9587730213793044
vn -0.7071275302558964 -0.0927152268427484 -0.7009811286088191
v -26.9249994764560441 3.8333848795563048 -24.8166741730970166
vn -0.5546783820918179 -0.1753921397782725 -0.8133692210454009
v -26.9249992399999982 2.6688616299999999 -24.5946712500000011
vn -0.7074407821416795 -0.2016265953655954 -0.6774025803051293
v -26.9249987562738831 1.6492959074006315 -24.3282724189006210
vn -0.6002086994625790 -0.3195061178395014 -0.7332566793098921
v -26.9249983605549872 -0.0765453422187695 -23.6942789113245738
vn -0.5541451217848744 -0.4282578332116153 -0.7138055843819934
v -26.9249992465015744 -1.7517504320104254 -22.8116517153285159
vn -0.7071265314638634 -0.4166726896153894 -0.5712757112188153
v -26.9249987299687348 -2.9888794766955176 -21.9761474914501136
vn -0.7071492087182067 -0.4614499656768480 -0.5357274734284678
v -26.9249992399999982 -3.9054369900000001 -21.2242240899999999
vn -0.5550063712732131 -0.5897237000709326 -0.5866803946108896
v -26.9249992460302821 -4.6734453324067156 -20.5026475385342906
vn -0.7073888482370491 -0.5578364681006135 -0.4340731415866390
v -26.9249975627418650 -5.8859175535430417 -19.1204509997917036
vn -0.5542168249855145 -0.7165015211111986 -0.4236381488349631
v -26.9249992470130977 -6.9349910617370103 -17.5441405680303930
vn -0.7069626504780114 -0.6352796306682769 -0.3108433716312489
v -26.9249992399999982 -7.4875040100000003 -16.4952392600000017
vn -0.7070845400113740 -0.6578583817094935 -0.2593333817530435
v -26.9249994472752761 -7.9149146795437382 -15.5320158936724191
vn -0.5546118644515470 -0.7974121908922569 -0.2377803137898289
v -26.9249989435392507 -8.3965828029477940 -14.1190347444741686
vn -0.6001901751902559 -0.7874278474337663 -0.1404604524089094
v -26.9249990501033984 -8.7484632400643925 -12.6005367198764215
vn -0.5544702133717336 -0.8298540464065635 -0.0624903524246547
v -26.9249992644667095 -8.9309215578379284 -11.1188921110651560
vn -0.7071944542129096 -0.7069877319880528 0.0066596357929205
v -26.9249985978650237 -8.9710901527676086 -9.6925709036633521
vn -0.5548610063203867 -0.8274201452735022 0.0866323661266637
v -26.9249992481130072 -8.8660873116733878 -8.2034777287774929
vn -0.7071325710104178 -0.6949643223940627 0.1303384732746157
v -26.9249992399999982 -8.6731824900000003 -7.0337524399999998
vn -0.4472481957593432 -0.8658004605562019 0.2244072500849317
v -26.9249992399999982 -8.5070867499999991 -6.3060417199999996
vn -0.8321412161726871 -0.5256861047152062 0.1766213907090375
v -26.9249996033981880 -8.1931198331881117 -5.2313851342681223
vn -0.4471091643010092 -0.8242133836885093 0.3475135872837078
v -26.9249992399999982 -7.7944989199999997 -4.1851310699999997
vn -0.7073596115350321 -0.6242403417575338 0.3316117846088190
v -26.9249994715333685 -7.2949400786400700 -3.1099631693560412
vn -0.5545654869030515 -0.7058761461494296 0.4406767375675852
v -26.9249992399999982 -6.7737646099999997 -2.1941149200000001
vn -0.7071147776933316 -0.5741204764115408 0.4127643028808275
v -26.9249989527616513 -6.1569444347536235 -1.2596892040468064
vn -0.5543756326394724 -0.6400205938509116 0.5320162566898790
v -26.9249992399999982 -5.4676852199999999 -0.3774694800000000
vn -0.7070020464883102 -0.5060092126336443 0.4940675894968425
v -26.9249993867971718 -4.7185035672449231 0.4545690707911769
vn -0.6002583806191782 -0.5128765956373191 0.6137161185303152
v -26.9249988614438003 -3.6263565491038405 1.4722801804273404
vn -0.7072229999409729 -0.4005498353267251 0.5825765681644123
v -26.9249995279419316 -2.4344821880805121 2.3710890554843957
vn -0.5999160280948350 -0.4012596137683195 0.6921643457975976
v -26.9249992399999982 -1.4849999000000000 2.9644002899999999
vn -0.5545323607812451 -0.3591004250368144 0.7506935097526543
v -26.9249992645944616 -0.4964224612763704 3.4900271150215678
vn -0.6002556746484129 -0.2720349335371865 0.7521237398113406
v -26.9249989398575131 0.8779004149195639 4.0728125615123627
vn -0.8321836504478350 -0.1389326640103375 0.5368128973844668
v -26.9249990523082623 2.3054146814612078 4.5098024724770438
vn -0.4471124433128713 -0.1552229562017561 0.8809065199570170
v -26.9249992399999982 3.4004869499999999 4.7425718300000002
vn -0.7071579046996173 -0.0578814799971093 0.7046825044615421
v -26.9249994015659588 4.5747096908415550 4.9062597307551865
vn -0.5544812605324776 0.0003031322204182 0.8321961546589671
v -26.9249993056115535 6.0000665695303015 4.9727867661191976
vn -0.6000411244717003 0.0796872653037492 0.7959903194707504
v -26.9249992947064207 7.4911376131150407 4.9015589200189069
vn -0.7070929130246567 0.1406131111114300 0.6929989648865789
v -26.9249989175423465 8.9668432993151708 4.6759043929030177
vn -0.5543617596675815 0.2338299477317011 0.7987531502047754
v -26.9249992399999982 10.0544815100000005 4.4104847899999999
vn -0.7070923671000304 0.2640013824921157 0.6559905902001396
v -26.9249992684983042 11.4725792769160932 3.9438191652109373
vn -0.5998213845121625 0.3811923409015278 0.7034960596335461
v -26.9249996949792525 13.1623312491688580 3.1522227480739820
vn -0.7070004538570854 0.3980863965747189 0.5845319316410615
v -26.9249996982203541 14.4344536592170627 2.3711086074155405
vn -0.5541445161323905 0.5239046838688890 0.6468753647037722
v -26.9249992399999982 15.3336420100000002 1.7040172800000000
vn -0.5546528786515063 0.5798166104255380 0.5968022138684115
v -26.9249995554936135 16.4590848206975551 0.7231889925449950
vn -0.6001715406144386 0.6223234866273060 0.5025013431111648
v -26.9249987571574039 17.7086972768357214 -0.6626366883387582
vn -0.7072636772928800 0.5826860268821554 0.4003187290877619
v -26.9249992399999982 18.3687953899999989 -1.5670987400000000
vn -0.7071499760350520 0.6027313731951813 0.3696671518540383
v -26.9249992399999982 18.7737636600000002 -2.1941149200000001
vn -0.5545538053741635 0.7401098422696923 0.3804043878829022
v -26.9249993720345131 19.3238419886835686 -3.1692182749305378
vn -0.7071502487746540 0.6535127069987081 0.2699252997574803
v -26.9249976725326690 19.9148893938227083 -4.4679240594739120
vn -0.6000002158048457 0.7644455012933011 0.2358448994287817
v -26.9249992399999982 20.3049259199999987 -5.5875148799999996
vn -0.7072226369074565 0.6898771183624178 0.1546146933691320
v -26.9249994276623852 20.5973970634381374 -6.6682839510682390
vn -0.6002559686940788 0.7934053377749545 0.1009987229490720
v -26.9250000103182821 20.8597554261565143 -8.1378438622588298
vn -0.7070656829645812 0.7069214712738334 0.0178928316895091
v -26.9249998466001834 20.9681313564118597 -9.6266825523881856
vn 0.0996759769293078 -0.9237797264667417 -0.3697238382796273
v -31.4117831285741822 12.0125007571702476 -7.5186653150804830
vn 0.3623077574958604 -0.8848286998213286 -0.2929355916081516
v -25.1327034339122868 13.1266343998232564 -7.7705874794286283
vn 0.0868287271581339 -0.8340219883228300 -0.5448560315662583
v -31.4058427570291059 11.3965485342509005 -6.3675364819631026
vn 0.4431001949043674 -0.8929825538769746 -0.0790213625994138
v -25.1258618449026088 13.4292007201185246 -9.2025871217012831
vn 0.1526333275319776 -0.9875719723647058 0.0374788837373893
v -30.0645853421966400 12.7108773972535545 -10.2877386601644503
vn 0.4826823947938029 -0.8757852295776557 -0.0042352579298317
v -25.1267082409288030 13.4718717109308628 -9.9356320463823842
vn 0.1545349578703302 -0.8681079289149874 -0.4717070813025243
v -26.4713081147659963 12.3777127793637476 -6.5269582628382512
vn 0.1523441244979042 -0.9078370868153675 -0.3906700545646595
v -26.4728418194623636 12.6916003649661295 -7.1793505792646712
vn 0.0944054777052225 -0.6162531998847252 -0.7818692981637569
v -31.4029084151105380 10.0894848154473973 -4.9403753451759123
vn 0.0999382427511173 -0.7609773396960446 -0.6410349726067601
v -31.3933337960999950 10.9925318089264614 -5.8278821219679111
vn 0.4099717655823009 -0.4147614426993338 -0.8123398901169990
v -25.1282907317919069 9.3876771223267212 -3.3449299295910930
vn 0.0818005036140670 -0.5256781404063692 -0.8467415014674707
v -31.3770550100596530 9.4850300865427126 -4.5013629956969856
vn 0.3424486999058808 -0.7606431275835133 -0.5514987945523936
v -25.1324321927693859 12.0737077075094525 -5.6488027505396516
vn 0.0801248461420551 -0.6947428667160610 -0.7147813359187979
v -31.4230290650319724 10.5320758990433490 -5.3395902716404606
vn 0.0723225552728537 -0.3994855371176671 -0.9138822427603099
v -31.3980619431050307 8.4125285690782352 -3.9582618393305897
vn 0.1457704114809980 -0.7534687370695314 -0.6411207759818003
v -26.3831386600000002 11.5734872800000002 -5.3232889200000004
vn 0.0802691146880935 -0.2770866847056045 -0.9574862079351568
v -31.3754963653598686 7.8164942196329559 -3.7520364635390502
vn 0.1033217487487657 -0.1490311818066093 -0.9834197085094555
v -31.4040383348157768 7.1403547212828888 -3.5961533040648233
vn 0.1543968167528898 -0.6247326131179336 -0.7654219653781912
v -26.3831386600000002 10.5363063799999992 -4.3116517099999996
vn 0.4349504768856027 -0.3084269712046471 -0.8459851571336904
v -25.1262381103126948 8.7062004005057165 -3.0344280391623557
vn 0.0908739513891449 -0.0126916228066121 -0.9957815260735952
v -31.3775958156750576 5.9754996666650717 -3.4855921285029972
vn 0.1555452256772218 -0.0696288420947589 -0.9853717608687420
v -30.0404650016478456 6.5015365515004904 -3.3058510884079331
vn 0.0881410278070020 0.4314127304022040 -0.8978386354262331
v -31.3933366037706421 3.2981623265102078 -4.0820015700482770
vn 0.0765125255598062 0.1483467621217444 -0.9859711312206126
v -31.3922436592994814 5.1059023257128411 -3.5553690255441706
vn 0.0849266851106323 0.2950307344232383 -0.9517060070745609
v -31.3810219725058666 3.9513972363191514 -3.8207756148955547
vn 0.4741225199198529 0.0060363117959692 -0.8804381858170115
v -25.1312734226826073 5.7985271125125974 -2.5313587922775604
vn 0.3786183043768206 0.1301231204133802 -0.9163602747417121
v -25.1236261102582823 5.0174842262413568 -2.5919633097600485
vn 0.1521640422605265 0.2150873440773072 -0.9646675793560737
v -27.6230942040435821 4.4354513177328334 -3.0912262382765512
vn 0.0814453883318951 0.7430646675142564 -0.6642450967913834
v -31.3961761007600764 1.2042397219590830 -5.6051307140813265
vn 0.0957506895095441 0.5051986006658113 -0.8576748680844932
v -31.4239521672409943 2.7512599127551756 -4.3689532923676389
vn 0.4341874370476688 0.3885581376595408 -0.8127138753389941
v -25.1314168407073382 2.8034807961958106 -3.2419140771572117
vn 0.0679108339952933 0.5922698506493213 -0.8028726814619453
v -31.3893647164568819 2.1916886909145559 -4.7244106624852709
vn 0.1519991148610116 0.8468459810821087 -0.5096549356246339
v -30.0377304843550483 0.2715745763806934 -6.4994172473005056
vn 0.1478586817377684 0.4887907583142487 -0.8597798583482582
v -26.3831386600000002 2.3621647399999999 -3.6990842800000001
vn 0.0802171766811318 0.8754546257779250 -0.4765966877448285
v -31.4203316526741503 0.3141786316466875 -6.8398232580583143
vn 0.1066279890961279 0.6602744158305105 -0.7434165506235343
v -31.3542619503445650 1.6830232250175248 -5.1293111356716832
vn 0.0844467386004706 0.8077281087938538 -0.5834758354928230
v -31.4101523108921441 0.7888475432761765 -6.1082160465424247
vn 0.4180141700247470 0.6630127090750429 -0.6210300324972169
v -25.1235377919928666 0.4870572254732233 -4.9548185096021653
vn 0.4376951794074912 0.7214085156901762 -0.5366494977293288
v -25.1231188961327412 0.0112825056958428 -5.5303801001491335
vn 0.1527658152961714 0.8869665434301390 -0.4358359284323488
v -30.0516069889980848 -0.0466307251141394 -7.0882052901918442
vn 0.1524508073195589 0.9867151109517488 -0.0561430420185142
v -30.0442472364767177 -0.7040090785260705 -9.6654958365327577
vn 0.0740183380859968 0.9916692731794767 -0.1054198190980959
v -31.4178002532358427 -0.4708411999477809 -9.3403731657707976
vn 0.4958954395777680 0.7439308194380265 -0.4479449172568415
v -25.1228864722492631 -0.4025022627308874 -6.1456255208653214
vn 0.1052511838367169 0.9287669086376877 -0.3554071154613574
v -31.3985052178052477 -0.1069433750475656 -7.7582430757228424
vn 0.0873546320290016 0.9703794155252881 -0.2252397793194581
v -31.4109040257570982 -0.3137372226374072 -8.4444610514552885
vn 0.1524045219446146 0.9784062069890276 -0.1396214733347903
v -30.0443083750844870 -0.6373466804059741 -8.9995998059895594
vn 0.0883921034109840 0.9954998239358231 0.0341604537195759
v -31.4030384675289689 -0.4989439352459120 -10.2862238476086958
vn 0.0993346945228977 0.9841443587044634 0.1469438657931093
v -31.4143847875469469 -0.4336752721662467 -10.9450402014250638
vn 0.3762818510782062 0.9254505833335540 0.0441948679910131
v -25.1273460801591924 -1.4605921451788932 -10.3759565098317825
vn 0.0858790421245110 0.9637833044964863 0.2524807558955924
v -31.4063589629873476 -0.3124394269737427 -11.5683777708681834
vn 0.4960881498834487 0.8576369411781244 0.1354821931910143
v -25.1242436740348047 -1.3795711795851446 -11.1809855033063954
vn 0.0821696654958095 0.9369345028035962 0.3397085273119952
v -31.4171054302496486 -0.1224451387720036 -12.1910686744678340
vn 0.4225093667681604 0.8760425614561408 0.2324548676851741
v -25.1234535081928207 -1.2281575037676702 -11.8972422067715602
vn 0.0721380772758327 0.8963001378955874 0.4375410387784180
v -31.4142108472191914 0.1242226229315039 -12.7867073852468724
vn 0.1020508040951523 0.6572943037708774 0.7466925951245870
v -31.4212112814043785 1.6982365188480348 -14.8746584486393694
vn 0.1526749862792472 0.9303366380050766 0.3334127900216827
v -26.3831386600000002 -0.8368940900000000 -12.4884262100000001
vn 0.1023962469176609 0.8511657421601706 0.5148124784716310
v -31.4011944636400671 0.4355951402757612 -13.3694853790756767
vn 0.0879620785829566 0.5662608002882568 0.8195189923292009
v -31.3932912845425349 2.1800236217687612 -15.2669051737384276
vn 0.1533784409831575 0.8901274160261893 0.4291249667405932
v -26.3831386600000002 -0.5551528300000000 -13.1567954999999994
vn 0.0830944985524529 0.7879796675817531 0.6100683140338188
v -31.3829436562744277 0.8009159742365064 -13.9162053025231405
vn 0.1554389912932533 0.8418872116612635 0.5167829745908420
v -26.3831386600000002 -0.2082635000000000 -13.7937908199999999
vn 0.0692663515498706 0.7300747165960971 0.6798478364532009
v -31.4095051914899734 1.2482963347889884 -14.4408988962599789
vn 0.0746046010454589 0.4095288239083537 0.9092416047954959
v -31.3988608372666782 3.2149193290899536 -15.9003309503932044
vn 0.3874766561810503 0.7438581525098872 0.5445520084062951
v -25.1264238243080626 0.0820022958700163 -14.5619985215278618
vn 0.4847096429642240 0.5747293270755907 0.6593502579181517
v -25.1257222346176619 1.0970984030779629 -15.6380814015092735
vn 0.4693259780596408 0.5144115312920771 0.7177143601685159
v -25.1245410127388418 1.6777302363505804 -16.0943611382452616
vn 0.1486188335941692 0.4499179133586158 0.8806170072966669
v -30.4516833479448792 2.9664591694762796 -15.9244253965376288
vn 0.0631337739165628 0.0355211294908785 0.9973727367191990
v -31.4183187607311289 5.8045645717297063 -16.5004783805974000
vn 0.4191197340443054 0.4557394306091573 0.7852644267523341
v -25.1273742357552123 2.3191517088870466 -16.5025959305733210
vn 0.1513627368925171 0.3283575321206433 0.9323468522926687
v -30.0393473657091619 3.8619720873345433 -16.3635236482310411
vn 0.1034213759479641 0.2367264186620959 0.9660562207782982
v -31.3971452582409434 4.5266395842846814 -16.3367180156997698
vn 0.0836540419459309 -0.0665697555246885 0.9942688111951877
v -31.3655640525751522 6.5315437318430503 -16.4901938311093836
vn 0.1013486510007437 -0.1888667653377681 0.9767588217626589
v -31.3924581542462242 7.1787239486168986 -16.4003258955627267
vn 0.5343872260189778 0.2628010049325588 0.8033467025352000
v -25.1252543419520364 3.6614683139901407 -17.0956381282560308
vn 0.0829623498252902 0.1297493310792888 0.9880700175574316
v -31.4034222872030533 5.1524288086559737 -16.4497642870337693
vn 0.4233449014905525 0.2069472042365246 0.8820158439850390
v -25.1222163370621452 4.4039349887415300 -17.3013350058574744
vn 0.0903164896068687 -0.3447900858964160 0.9343247446004170
v -31.4252270261713100 8.2410541902635188 -16.1139049159059233
vn 0.4365326528028826 0.0954373423762180 0.8946121822985883
v -25.1234069413593026 5.1326510250151491 -17.4207963022226622
vn 0.1490326824949636 0.0294707605073633 0.9883930057540234
v -26.4722423142143342 5.8190300422523515 -17.2596263438134656
vn 0.1519170481631176 -0.2746245062778381 0.9494749027905154
v -30.0509686260841278 7.8176646141809405 -16.4604824319307177
vn 0.1495010661118302 -0.3717759282849616 0.9162052665092475
v -30.0427857231625239 8.4524933997351575 -16.2484941179268958
vn 0.0954751716940497 -0.5097744534820837 0.8549938585551563
v -31.3780649266892588 9.4505736985768962 -15.5191212536535517
vn 0.4861773267677568 -0.2361935595442681 0.8413347784127114
v -25.1260207802162441 8.0394379456420726 -17.1884961200958593
vn 0.1568177456573604 -0.4342796243226794 0.8870227745357476
v -30.0545896414643998 9.0613945985488549 -15.9717694752809916
vn 0.0798585236431437 -0.6296984160865747 0.7727240911085901
v -31.3854200041567530 10.0056195603752016 -15.1328207912287933
vn 0.0787203092919816 -0.7288235047580347 0.6801613130847636
v -31.3430090126337966 10.6345401407772755 -14.5772789365700230
vn 0.4358307884632456 -0.3232062224933110 0.8399936080525315
v -25.1235074642266021 8.7807161695253946 -16.9363364156440568
vn 0.0868737657091645 -0.8073429018160173 0.5836526258990032
v -31.4172372829010307 11.3419068477458875 -13.7086736092070929
vn 0.4046809750254156 -0.4228638388039789 0.8108140861408623
v -25.1258160893438003 9.4584964429569425 -16.6238325324943119
vn 0.0884567571955202 -0.8710879743402488 0.4830953767800464
v -31.4103390876598283 11.6936568121165294 -13.1418041917622084
vn 0.4736116001631262 -0.4821744531220472 0.7370209284324142
v -25.1249346356138545 10.0985242990970541 -16.2486859460373019
vn 0.0664432857997112 -0.9223454306426503 0.3806102945858953
v -31.4033578330515155 11.9936380577435475 -12.5323328379034322
vn 0.4326308878655801 -0.5559128005766589 0.7097826942238418
v -25.1242420073285189 10.7136493808738003 -15.7994711491024926
vn 0.4202151057496575 -0.6984511810258074 0.5792971712544945
v -25.1320434033990487 11.7590060400021343 -14.7549698780840064
vn 0.0997099485898091 -0.9548274767028856 0.2799328774642562
v -31.4075305822514501 12.2218505743540433 -11.8954726765767660
vn 0.0685895344384489 -0.9900243864532304 0.1230739208501200
v -31.4226514293413004 12.4670631002966807 -10.7766655564507978
vn 0.1513433955340320 -0.9717494592744128 0.1811026367232561
v -30.0335294539329887 12.5808540205203947 -11.3303932979307938
vn 0.4849865373848011 -0.8582745097707418 0.1677883322322906
v -25.1249201151168045 13.3365403660879238 -11.4186025698681028
vn 0.1073290147613529 -0.9914480791443206 -0.0742373824389992
v -31.4025004708197777 12.4857848997713106 -9.4664286592586055
vn 0.0888305395399694 -0.9708041779087024 -0.2228191719759468
v -31.3672804394002682 12.3699141414265465 -8.6448429953746491
vn 0.4522922015032055 -0.8734280483532300 -0.1804306204867998
v -25.1287400444480440 13.3128466057848733 -8.4704656390381654
vn 0.0718564174044160 -0.8811842742435965 -0.4672803549300873
v -31.4067224062089458 11.7579683843420835 -6.9746508690914952
vn -0.4915314126907493 -0.0520425184084738 0.8693034260923742
v -25.9314153079087468 5.0768849645834377 7.3184616011667831
vn -0.7449041627556595 -0.0409158052903232 0.6659156742311556
v -26.3868797121387040 5.1010870769880921 6.9436624695149547
vn -0.2050644343751842 -0.0203746322530981 0.9785363826219936
v -25.2808519998743435 5.6644052620484633 7.5712909196962350
vn -0.6499216968891776 -0.1281965401267750 0.7491110965752785
v -26.2528506976009872 3.0726040428187744 6.8490046223560315
vn -0.3904185472216978 -0.1496280252213302 0.9083968362195368
v -25.6841689607282895 2.9968695075637686 7.1870507121537894
vn -0.7091167723017489 -0.1805828825698335 0.6815740794389993
v -26.3596743591910361 1.7858309563989307 6.4521764516656948
vn -0.4238159057333237 -0.2222661488837078 0.8780534363624163
v -25.7221520798831840 1.7233228793034632 6.9013776002457998
vn -0.5012056518876313 -0.2757295055378292 0.8202232222338983
v -25.8617894092931948 0.3750757155429101 6.4403733030418708
vn -0.7204545391912273 -0.2510990018196430 0.6464476376659870
v -26.3608918536801795 -0.0070676157187209 5.8955111997325709
vn -0.4862234000784276 -0.3592608339737724 0.7965666691424157
v -25.8584871356160697 -1.1312859946832221 5.8406024508660925
vn -0.6997624298582701 -0.3246180608543204 0.6363612624335570
v -26.3443665032034211 -1.7613335392607399 5.1239025296159735
vn -0.2127345983295058 -0.3308848628972150 0.9193797899557479
v -25.2787018350396053 -0.0347272386426116 6.5194016237924846
vn -0.5174436691588887 -0.4276224938728352 0.7412091823374584
v -25.9300294385282939 -2.6225483857972596 5.0229994814930468
vn -0.2677429060326544 -0.4331828436902567 0.8606197535506677
v -25.3669625102194729 -1.9628042811036355 5.6533430091526000
vn -0.7255708759847975 -0.3696943114978380 0.5804076325900556
v -26.3784480081848187 -3.1527504891673286 4.2843187302998569
vn -0.7509360382318139 -0.4112262653479610 0.5167088398437518
v -26.3478752552478781 -4.5024477163804679 3.3653696351429931
vn -0.2659083852906489 -0.5176410689449259 0.8132284146374094
v -25.4738810309217314 -3.2523145046009230 4.8967853564558208
vn -0.1598000015870026 -0.5554323752638221 0.8160630098231280
v -24.9011810608508419 -4.0382933894660153 4.4816638639738962
vn -0.5392836860977521 -0.5149906578079830 0.6663015295489887
v -25.9969259252083162 -4.6128003590812154 3.6640702834545626
vn -0.2351892009616252 -0.6335213592649466 0.7371137816552658
v -25.4170480066749143 -5.4034942481893067 3.3450901186568087
vn -0.7024514937183904 -0.4938447476003037 0.5125224524256421
v -26.3466220581644883 -5.8709719294362186 2.1686223807993770
vn -0.5139171562944287 -0.6155954273579847 0.5974373827290923
v -25.8965743657700038 -6.5893816415786040 1.9430246824482111
vn -0.2348148953933530 -0.7318345319005959 0.6397500940361358
v -25.3656007780179529 -7.0832123528597375 1.7258898774837084
vn -0.7334441628626270 -0.5193924519039690 0.4385101377025662
v -26.4098188227123920 -7.0979155146437520 0.7311397628720683
vn -0.4983418493682588 -0.6869240278957637 0.5289525319607458
v -25.9666591758769876 -7.6716182475605503 0.6205969952375313
vn -0.7092453173191873 -0.5857824277569268 0.3922117122065664
v -26.3284608623904042 -8.1139008589915580 -0.4852411770358351
vn -0.2167268428061322 -0.8028302308843785 0.5554215480024352
v -25.2879866230576482 -8.4870825904808118 -0.0490334753786604
vn -0.2191534005282280 -0.7829459074520757 0.5822091488811900
v -24.7845219993839478 -8.2181387247203830 0.4037344110942973
vn -0.6535206689128985 -0.6664954507761315 0.3587402255091544
v -26.2693778364437840 -8.9356463200351950 -1.7085092977795653
vn -0.4620628315541775 -0.7480599346913397 0.4763447006168163
v -25.7252525552281313 -8.7967925951924180 -0.7811126517957613
vn -0.3177649480723390 -0.8360483131784420 0.4472679910390029
v -25.4980824824298651 -9.3286821524460937 -1.4909955422657466
vn -0.5737563321580063 -0.7601534339010018 0.3049105249693868
v -26.0912646100035914 -9.9940575824144222 -3.5808673960579669
vn -0.7737933227453665 -0.5884805835964458 0.2343810922507860
v -26.4350668929610713 -9.6693322347131812 -3.6597757702670664
vn -0.2016160291177835 -0.8918624284187074 0.4048856450627300
v -24.8292007453693806 -10.0693692106056609 -2.7477585828361977
vn -0.3297247463861959 -0.8769934093383347 0.3495198872706431
v -25.6562645781551915 -10.2802673393726138 -3.6633117322858966
vn -0.4412552400673682 -0.8615762813134692 0.2509584120748756
v -25.6801367537267282 -10.7684340463327128 -5.1588646276323447
vn -0.1784153705115554 -0.9354209441862079 0.3052140441444461
v -25.2335758629244538 -10.7437404555451508 -4.6434032545061719
vn -0.7144421297034050 -0.6795519136621418 0.1666782527595719
v -26.3585365346462446 -10.5355228568829897 -6.0583615385185938
vn -0.2435657810536919 -0.9495250455015691 0.1976813047937213
v -25.5047584139922741 -11.1589960250029261 -6.4146979183089199
vn -0.5190881604489641 -0.8427349802545083 0.1426367229613190
v -25.9733972233351729 -11.0267377088901437 -6.8795526929559303
vn -0.5024434247241401 -0.8642175494295588 0.0260505702326355
v -25.8907295945567064 -11.3601851198494863 -9.4380711864985241
vn -0.2391160366454037 -0.9673923520523517 0.0835198072891262
v -25.3425306862665849 -11.4981715334309946 -8.4214285613117639
vn -0.7331419347833230 -0.6796985355180221 -0.0226451821989085
v -26.4024471615693308 -10.9139739466722467 -10.7372045953121535
vn -0.7155537533355651 -0.6958488363252318 0.0614591170796165
v -26.3835341050509840 -10.9117181820938214 -8.6386286325087429
vn -0.5059769147871380 -0.8592471806419356 -0.0753766824779000
v -25.9436880762033404 -11.2501166479892216 -11.5405804291085374
vn -0.2353757597381828 -0.9714135105311917 -0.0308875911190782
v -25.3146789117912974 -11.5563191395841205 -10.6432507650354093
vn -0.7211603372237499 -0.6847771067452089 -0.1049194076088319
v -26.3417050756620306 -10.8388323894915199 -12.4184993621331845
vn -0.2440452533253576 -0.9609987386567475 -0.1300897329903573
v -25.3640398814959198 -11.4010466581068730 -12.3867578258128734
vn -0.4918916727027650 -0.8518918671875196 -0.1797855081630251
v -25.8622233103677068 -10.9823507002944236 -13.6669055422463064
vn -0.2497438786957172 -0.9423055443871289 -0.2229086271800522
v -25.4286106035713395 -11.0616547276065074 -14.0994065867798781
vn -0.6836339603610645 -0.7025601516686402 -0.1976204481534835
v -26.3377522562212718 -10.3773033819242571 -14.6238984097075040
vn -0.4661515978362011 -0.8361724548369450 -0.2889953522233771
v -25.8052498681942559 -10.4079763668672651 -15.7593594925710487
vn -0.7133393150514624 -0.6495662409397309 -0.2630793040764283
v -26.3217504724330773 -9.7888381586815338 -16.3798690246703771
vn -0.1983270579903137 -0.9286755979280208 -0.3134134838866057
v -25.3338539137318079 -10.6503050868292437 -15.6078334922763915
vn -0.5385440285393981 -0.7642091752883561 -0.3549009238219121
v -25.9524846230150850 -9.6751164255499376 -17.3504478279200143
vn -0.2061783510789174 -0.9022636604572402 -0.3786961507127857
v -24.7544079872923177 -10.1864129725935353 -16.9599101717663103
vn -0.2744154427590081 -0.8713994090847255 -0.4066438670657274
v -25.4624847943325250 -9.8806537973840651 -17.4362955834847995
vn -0.4953931671127050 -0.7524687713301391 -0.4340234534572464
v -25.9544750990146014 -9.0052227458545087 -18.6410149845893045
vn -0.7295033192973061 -0.6004093006160139 -0.3276180380687267
v -26.3872419930651922 -8.7512174980731459 -18.3767303437995970
vn -0.2254475467694347 -0.8389689330656671 -0.4952822760873843
v -25.3015913923684792 -9.1450014788779779 -18.9022010129740892
vn -0.6986222516763458 -0.5856953325896974 -0.4109597630490314
v -26.2847745750218174 -7.8594236676020284 -19.9764495019148036
vn -0.4282928372764697 -0.7359400143513123 -0.5243639392771607
v -25.7320344493764992 -8.2957230330395664 -19.9789017019784865
vn -0.2626061664526219 -0.7339031267262581 -0.6264377079346993
v -24.6237516015074185 -7.4494094103017279 -21.4210292530754849
vn -0.6650745162193826 -0.5636835679234884 -0.4898333626128382
v -26.2680786328107914 -6.9051419157276248 -21.2074103533903191
vn -0.1985351658565469 -0.7936271445870073 -0.5750997681211378
v -25.3441200289973914 -8.0954528068820721 -20.4746300466607813
vn -0.3368860454106297 -0.7164834591340283 -0.6108676167508997
v -25.5147314305187436 -7.2900155355119951 -21.4101345145279574
vn -0.6941621774384771 -0.4840214191469958 -0.5327871406301024
v -26.3173928467157694 -5.3728008507966365 -22.6739677839694060
vn -0.5004309882803454 -0.6105164597014602 -0.6138717116811561
v -25.9664633068642949 -6.2236253301820117 -22.2601333220465314
vn -0.7142356091505561 -0.4230659517418118 -0.5575685564108948
v -26.3542501805380525 -4.2878290978018239 -23.5392335609565748
vn -0.2361346151226506 -0.6800214664140545 -0.6941262484281635
v -25.3551074401965550 -6.4153981508266549 -22.4214448348156346
vn -0.4463763316047172 -0.5512280400181101 -0.7049083759474760
v -25.7909081245358749 -4.7809910308232233 -23.6778282567845366
vn -0.1941904579339668 -0.6069619970159120 -0.7706407724912122
v -25.2855052476834850 -4.8311517192115829 -23.8345969008656589
vn -0.7511684674006810 -0.3465095751238210 -0.5618514464966886
v -26.3976378050548917 -2.9581455038492144 -24.3894249254056561
vn -0.5435299359104933 -0.4337480583713887 -0.7186360905410929
v -26.0027081134097955 -2.7405521739222607 -24.9093841920732118
vn -0.7060366824412264 -0.2926692879931822 -0.6448696697108265
v -26.3520579373736510 -0.9103355844132472 -25.5373217216937718
vn -0.4453691071572911 -0.3898311337309341 -0.8060260824340436
v -25.7638795735033064 -1.7950602581720037 -25.5741749709334592
vn -0.2360986596659131 -0.4828024155459206 -0.8433025853434717
v -25.3500594608156575 -2.5871377850507051 -25.3298025471550510
vn -0.2673987470141099 -0.3650662031670451 -0.8917536528663518
v -24.5905828045773127 -0.5296587409024650 -26.3931106421247001
vn -0.4982685439937981 -0.3004149737736009 -0.8133137780702521
v -25.9033801708103475 -0.0554387940847176 -26.2545231772377399
vn -0.7160949823324608 -0.1812617913805990 -0.6740564807668334
v -26.3603162139678346 1.6614868458608014 -26.4285120902636059
vn -0.2444953263718505 -0.3698721948331319 -0.8963350907287096
v -25.3428606130431930 -0.5642221188743241 -26.2887427300548318
vn -0.2505235405095490 -0.2872475927720541 -0.9245143460743162
v -25.3850638819372172 1.0256251552160298 -26.8304236222074479
vn -0.4864419997392075 -0.2222996177684506 -0.8449597983512124
v -25.9302936000738065 1.5000348698131392 -26.7356621831701098
vn -0.5464340713228711 -0.1381462296158864 -0.8260299177030007
v -25.9516769683023441 3.1587100367229954 -27.0763681367324907
vn -0.7494920052820045 -0.0906050531883976 -0.6557838503311035
v -26.4151668502860666 3.7201621931010047 -26.7614074241764541
vn -0.2683796505357754 -0.1953342511134179 -0.9433010619734589
v -25.4327187199956093 2.5459382896524572 -27.1945005188660183
vn -0.3157249166016951 -0.0902683085738807 -0.9445471981346741
v -25.5740803421831728 4.4359585475912029 -27.4416605986871751
vn -0.6351248515303370 -0.0402910476377566 -0.7713579288817995
v -26.2261308532342134 5.2480476742831321 -27.1155188381827941
vn -0.1830352033537249 -0.0172770024709633 -0.9829545358351418
v -25.3659267700023747 5.5671669432503075 -27.5578534685622643
vn -0.3759450752309546 0.0260649581070884 -0.9262752929709761
v -25.6010901446419155 6.3736938965630605 -27.4864003643607688
vn -0.7464568143652446 0.1117687527571138 -0.6559801599094367
v -26.3935525060511154 8.4723282641756441 -26.7737613141399216
vn -0.6430576670085589 0.0543445776674599 -0.7638871014617635
v -26.2223636491947154 7.2349564464738467 -27.1015156260549936
vn -0.5121992040740715 0.1522175373983572 -0.8452702506620398
v -25.9329769909094594 8.8966577274442162 -27.0871601945904246
vn -0.6445679128278334 0.1993731282385485 -0.7380938703777086
v -26.2556373458198387 10.5480856395694236 -26.4928892135674587
vn -0.2686922841877175 0.1338805157002208 -0.9538765454364783
v -25.3869470200293676 8.7246066764798051 -27.3535316511787236
vn -0.2712272918920521 0.2594166492196257 -0.9268973827995013
v -25.4151557165239339 10.6303209736101536 -26.9296987289172201
vn -0.2636954652555938 0.2038300056885156 -0.9428244960673517
v -24.6079289616517727 9.8194662705667177 -27.2297252086298940
vn -0.4797941100310066 0.2989126767369110 -0.8248932195536156
v -25.8798948408346732 11.6908572550680070 -26.3971238856994894
vn -0.2077878436729838 0.3699609812327483 -0.9055126086295174
v -25.2908530707638803 12.7633055294005047 -26.2345084225383758
vn -0.7342362846398194 0.2636769292913490 -0.6255969591340732
v -26.4205767788818839 12.5615806135208068 -25.6112355933346691
vn -0.5683634348356618 0.3590316543192426 -0.7403102573506574
v -26.0277626115389573 13.3939483278176112 -25.6149757937275844
vn -0.3194508354520303 0.4218851490030222 -0.8485069739134132
v -25.5704141877139115 13.5872906799965829 -25.7749394993519765
vn -0.7177558827825476 0.3663517843353677 -0.5921257154062286
v -26.3721937377935909 15.0428108786003456 -24.3603346843157809
vn -0.7390518927761048 0.4209871594361451 -0.5259012372812431
v -26.4055505881027344 16.4244100964220117 -23.3391397106972782
vn -0.4560947071264971 0.4647570196474083 -0.7589324942441543
v -25.8020884436049940 15.3339595174037520 -24.6978337849498431
vn -0.4856644137097619 0.5263876704769179 -0.6978868802505439
v -25.8609073602721580 16.4745609408687379 -23.8709954610414599
vn -0.2265188313274389 0.5915027020937117 -0.7738305838294900
v -24.7000349208556038 16.6813844295133400 -24.0338479859863305
vn -0.1960186218782566 0.5391159388264395 -0.8191035980755035
v -25.1820855083177655 15.6481215918834735 -24.7173664459810674
vn -0.9652583332971193 0.1786270274001986 -0.1907058863345225
v -26.9250843687949413 17.2133633569348525 -21.7164995014014650
vn -0.5398458437595695 0.5846812186310655 -0.6055694324812068
v -26.0239322036966882 17.9224337656759580 -22.5222789234226539
vn -0.7427550433431263 0.4864290730620717 -0.4601105328813115
v -26.3765296576979615 18.1093918644488596 -21.8882878698900107
vn -0.2369785805204966 0.6382182713879267 -0.7324742933653693
v -25.3911006435763262 17.7915986793413516 -23.0214080514058246
vn -0.7586060303922220 0.5300003551585719 -0.3789676954363561
v -26.4361117841560542 19.6220458970381699 -20.0020719897399175
vn -0.2503340357341966 0.7189635178031717 -0.6484013653757358
v -25.3491539058566993 18.9921549204459623 -21.8294126456715247
vn -0.5340489899823651 0.6622213722389583 -0.5255992108524963
v -25.9538623829911117 19.8037114138058605 -20.4789106262295775
vn -0.5843622454659112 0.6840264978549659 -0.4366102567580246
v -26.1281646729585404 20.3770184467475417 -19.4344634750852130
vn -0.2697859570968996 0.7915621982474269 -0.5483108823094898
v -25.3755100215956091 20.4417799876811657 -19.9954011758696275
vn -0.7227653021986632 0.6074751762880625 -0.3295212104424575
v -26.3775577928712366 21.0552957816431885 -17.8243488079517363
vn -0.4773638509273202 0.7751577933639442 -0.4138286471656836
v -25.8591712260901261 21.3147311655241154 -18.2018595476600211
vn -0.1917783166726359 0.8506545296213546 -0.4894976491147657
v -25.1865481433729990 21.3227960875616489 -18.6345322471436248
vn -0.7155771076182361 0.6439033172822916 -0.2708097506471653
v -26.3521952460572706 21.7355475606243047 -16.4295303725494257
vn -0.2620608916715172 0.8736291138061110 -0.4099954396901001
v -25.4668783767031961 21.8299748461645748 -17.5369571725530804
vn -0.4508553867212297 0.8340733836722303 -0.3178852165703953
v -25.8492522759976211 22.2568038024162469 -16.1494996078687940
vn -0.7113180027097034 0.6714234804621052 -0.2078874909782491
v -26.3449140657829268 22.1751219570149338 -15.2581588198784814
vn -0.4611156454982602 0.8578978655543310 -0.2266795397781761
v -25.8019384368337441 22.8039841762662832 -14.5295437149934124
vn -0.2030552465342148 0.9135437831113175 -0.3524291747196755
v -25.1245869812617357 22.4761122215602853 -16.1705466963733322
vn -0.6801010281033929 0.7167741550023550 -0.1539396059932848
v -26.2856697189795874 22.6884182786640771 -13.5728943267407534
vn -0.2111367894427054 0.9390944649505414 -0.2711509580346035
v -25.3184644306120497 22.8655691751823156 -14.9144139658519599
vn -0.4763499787818106 0.8692279918309206 -0.1324137301496853
v -25.8449406164529449 23.1476138126096167 -12.8131424298467156
vn -0.7157296186717151 0.6949211515400755 -0.0693952887324243
v -26.3502596563290581 22.9210372457938441 -11.7226528746370615
vn -0.2157136356579397 0.9600894107086625 -0.1780335666000286
v -25.3095549184129212 23.2688011250745355 -13.2760445265963813
vn -0.2157335245037575 0.9727191619845976 -0.0853022761312298
v -24.6894614341855636 23.5663265608316479 -11.5496408033163291
vn -0.5217990867919849 0.8525283784983261 -0.0303492483937490
v -25.9324055536735614 23.3274659675117455 -10.4349804012877652
vn -0.2769913668920236 0.9570386279808081 -0.0857487447132658
v -25.3767990996866999 23.4877294382293975 -11.5698741309518578
vn -0.1436542517393258 0.9893160828543842 -0.0248423864165999
v -25.2920711201725048 23.5572926828014566 -10.6604645743277384
vn -0.3247573351856526 0.9457957101972864 0.0017742084219618
v -25.5268978944363027 23.5187292514624069 -9.9327994148040339
vn -0.7376114863948016 0.6746851865900921 0.0270035948411254
v -26.3943442537423394 22.9302851624342452 -9.2439588814127003
vn -0.4825849033920830 0.8717684153741072 0.0844490436545722
v -25.9756356192060949 23.2311613982253391 -8.2618427397056138
vn -0.2131125762243312 0.9678136471809525 0.1338647608048186
v -24.7256210766311497 23.4583918288466684 -7.6444050075065819
vn -0.2074354707352326 0.9694621737427342 0.1308190321125524
v -25.2972715675647137 23.4470077661745115 -7.8804840442941249
vn -0.6950763745178674 0.7056603504873314 0.1375220103735905
v -26.3082759777710713 22.7357002327843674 -6.7128199119743108
vn -0.7502306282108627 0.6332268466501082 0.1902045351086419
v -26.4184832560403393 22.3006490098378372 -5.4728088817041218
vn -0.5361623816078555 0.8043272191447405 0.2561008104077004
v -25.9696463860569970 22.4755186228708048 -4.7257474976594533
vn -0.3284192475560162 0.9171949688265808 0.2255974002375638
v -25.5805746519838166 22.9782313712997599 -5.7035619647954157
vn -0.2437404182665015 0.9098639136888315 0.3357651963353462
v -25.4136137985451818 22.3937299734174644 -3.7350891049382899
vn -0.6906019566633874 0.6657240775391541 0.2826311908430193
v -26.3137226202996892 21.7167898569607232 -3.3966266048245446
vn -0.4253239240997421 0.8344569179714773 0.3504015006217014
v -25.7273592216998495 22.1286736610858981 -3.3746210620633552
vn -0.6650541984851251 0.6474036261042015 0.3722518743867368
v -26.3070826173838199 20.7594890349146866 -1.4605728571415280
vn -0.4454569944264962 0.7966269010696144 0.4085996165058593
v -25.7737648186505339 21.4766900837010972 -2.0283255427430706
vn -0.2048534919989482 0.8878426249323578 0.4120321834141811
v -25.2314327108592273 21.9296383849473244 -2.5610285348633188
vn -0.2022121346676821 0.8504926504510937 0.4855641091779881
v -25.3263681315767393 21.3725356557468729 -1.4917238589373740
vn -0.6968066437988596 0.5858862310735382 0.4137605894671623
v -26.2927236080100180 19.9564147615318674 -0.1902208481398311
vn -0.4050238023104878 0.7347358893555823 0.5441680737187883
v -24.5717589674212569 20.1525032019455850 0.5448645466015011
vn -0.4258540856017834 0.7583119172781771 0.4935699888467328
v -25.6457493061309592 20.6036199615320754 -0.4031502015517202
vn -0.6876720838279973 0.5342438265611438 0.4916204215703069
v -26.3217293329209809 18.6085274188318550 1.4611278826035128
vn -0.4643846356764245 0.6889919218258322 0.5564503947401069
v -25.8921814840397779 19.5444054861471948 0.8284009410146964
vn -0.1922693090356787 0.7865295807969488 0.5868592091245725
v -25.2930958187590420 20.0841049960563680 0.5196382699946428
vn -0.7758731532655525 0.4277629162648824 0.4637237728544132
v -26.5388670107498683 17.5495146331836231 2.1537805987642096
vn -0.2237498869961123 0.7106240139499599 0.6670453499327270
v -25.2630104115228029 18.7931755800725000 2.0616628759688185
vn -0.4624324252100935 0.6312027579623692 0.6226871850737014
v -25.8300557729613054 18.4153528450402746 2.1731216627398871
vn -0.2596318057376324 0.6243374977574985 0.7367455560390722
v -25.4276453688512589 17.4053042834393175 3.3416581459568206
vn -0.5669497089007405 0.5219963926772561 0.6372501813332796
v -26.0610916602399492 16.7026024837421190 3.5279581140975362
vn -0.6865798413123643 0.4089922050524585 0.6011102209327474
v -26.2871416056929519 15.5587928280516579 4.1521693225517975
vn -0.3460909589347276 0.5138373083697089 0.7849791517429068
v -24.6110671159569705 15.6199973608565887 4.7953066881090338
vn -0.2805752245785249 0.5247130241963450 0.8037125018260175
v -25.3913825563820339 15.6010991138547279 4.7001261890175341
vn -0.7267336681557761 0.3194079274231688 0.6081420487584179
v -26.3582286717700853 13.8291378795190933 5.0684308026996820
vn -0.5256391918253245 0.3956141467125740 0.7531220929823409
v -25.9245208229939301 14.2217453859213698 5.2656542923646938
vn -0.2657851132878608 0.4167840836588609 0.8692809103869720
v -25.4680753335883949 13.5860458172299108 5.8175199591418520
vn -0.7339001684928409 0.2601046136241011 0.6274839700403803
v -26.3596955342996644 12.3607310461118960 5.7606361735276614
vn -0.6912556789511993 0.1994124913301562 0.6945503902664060
v -26.3354433305922804 10.6894724040387032 6.3508703351746583
vn -0.5054544940825724 0.2980409513232857 0.8097452350869635
v -25.9236479823551456 11.8931879181037896 6.2996301134353843
vn -0.2226412318302058 0.3059280619222850 0.9256559311199832
v -25.3493023828044919 11.6259885340522136 6.6425667647960411
vn -0.4685487982343466 0.2080577960281481 0.8585883630617521
v -25.8278929755056126 9.9304024492089109 6.9343844638283390
vn -0.3710324136424001 0.2875132302022048 0.8829898586537610
v -24.5900235043970419 11.5934124848705125 6.7391272844865053
vn -0.1929356100200332 0.1961089314985079 0.9614141341652468
v -25.2803692704928977 9.7447020472450419 7.1704585299898227
vn -0.7058915364692848 0.1268405088981223 0.6968705934701920
v -26.3222310241359096 9.0211939752808536 6.7628361824709708
vn -0.6959595765488759 0.0409636689149214 0.7169116023882848
v -26.3327415407267686 7.1032746503237600 6.9801595205856470
vn -0.4587279206797213 0.1137642023207881 0.8812640926868484
v -25.8061910327078579 8.1737900542509756 7.2601099927091619
vn -0.4389923706883717 0.0299120586579058 0.8979927434140265
v -25.8063969819385264 6.3004458222696815 7.3871104207220473
vn -0.2088208817365557 0.0859637015381300 0.9741684050351002
v -25.2966452728264315 7.6276001227935017 7.5042902156606752
vn -0.2877477978628298 -0.0745043993403239 -0.9548038014712915
v -24.7084576762394050 4.4320032429779461 -27.5540084127914824
vn -0.3084614662965870 -0.1635332921059479 -0.9370743760145991
v -24.5936451964069960 2.9072959028353615 -27.3860767018055249
vn -0.5032759351468403 -0.1124402487130360 -0.8567791568259723
v -24.3818978646072253 3.6585109101364108 -27.6156199159472742
vn -0.3277721707314414 -0.2637079721907709 -0.9072064315782987
v -24.6037278164326629 1.0342296976943739 -26.9521086872554569
vn -0.6618981747727594 -0.1797398985394704 -0.7277254805938230
v -24.2291300472216307 1.4346425825156628 -27.2822276393814924
vn -0.7502739332396774 -0.0786490474305967 -0.6564322908261931
v -23.9843195066766484 2.0054186911985723 -27.8110835837881893
vn -0.8973603748545771 -0.1460873177720618 -0.4164166822150828
v -24.0005500322486647 0.1528192056443041 -27.2257856715306268
vn -0.6463066683706116 -0.2851040435622852 -0.7078159186992863
v -24.2319368466150209 -0.5972272058947744 -26.6108411373858971
vn -0.3650340453756473 -0.4314922898308368 -0.8249633625399561
v -24.5793488386557257 -2.4260050401430497 -25.5216529521110012
vn -0.9794802877360124 -0.0790745197374478 -0.1853795734833541
v -23.9261859281836387 -1.5131697595043194 -26.8630062879011930
vn -0.8651381087488962 -0.2213116981722995 -0.4500635344509441
v -24.0684926924835487 -2.1036941823191908 -26.1793769972335610
vn -0.6233235895113847 -0.3827447265695968 -0.6818901502748134
v -24.2891158445244528 -2.3977211240262419 -25.7302539260860144
vn -0.2888042765255777 -0.5367607784190684 -0.7927672777123773
v -24.6699585219623145 -4.0670537993798286 -24.4801290735725132
vn -0.9750430435244403 -0.1155552330271010 -0.1895733404111689
v -23.9266220146650639 -3.7100983930897562 -25.7165459830183032
vn -0.5946593313772760 -0.4744124246619049 -0.6490863817184453
v -24.3442164677944959 -4.3077392926528741 -24.4922985991557702
vn -0.8494976029089594 -0.2932927816229182 -0.4385580541955914
v -24.0844002393459604 -4.0631391062656332 -24.9759036596536141
vn -0.3457038556439513 -0.5925398990456019 -0.7275886971579026
v -24.5184218526281938 -5.2541444831313244 -23.6226037795798582
vn -0.8533342405929755 -0.3468818612284087 -0.3892218495695285
v -24.0378993983892997 -6.0695044750729794 -23.5429886982616523
vn -0.6035794600649731 -0.5328521524567483 -0.5930939377618741
v -24.3037348648071081 -6.0503020696825738 -23.1310137845240433
vn -0.3231914673529878 -0.6536845461657509 -0.6842834131661377
v -24.6309134690621541 -6.2272061689361005 -22.7171611991905600
vn -0.9895492770849998 -0.0931182658035632 -0.1100963977353081
v -23.9255420496472446 -6.1584507284144419 -23.9292512094668872
vn -0.9856273538478835 -0.1255833151251499 -0.1129935852559626
v -23.9255237088989645 -8.0327044288306482 -21.9811841852615082
vn -0.7290520882705048 -0.5179041549727690 -0.4475023339049285
v -24.1683523762705299 -7.6258421317215941 -21.6474005944173875
vn -0.4350066869771118 -0.7343637053345285 -0.5210365923546434
v -24.4770874615702709 -8.4402253340100550 -20.2130152878640956
vn -0.7996571170613118 -0.4976566990188021 -0.3359855726886214
v -24.1062496437563922 -8.8721757266680772 -20.1935587367914486
vn -0.2531359138967575 -0.8207082472528024 -0.5122110717144703
v -24.6335300501084546 -8.9909352690991025 -19.3031250171691546
vn -0.2644789130353989 -0.8581307245196436 -0.4400710899332125
v -24.6923627107285135 -9.6806364413141281 -18.0488844600323546
vn -0.9585808642175911 -0.2375394392783263 -0.1571551511825005
v -23.9275635370835005 -9.3570887208482425 -20.1776466227483162
vn -0.6131905145559868 -0.6880318949761459 -0.3880844036470647
v -24.2782692309976760 -9.5620006773892197 -18.7158657613818349
vn -0.8725099128009437 -0.4286493904540208 -0.2344912623691679
v -24.0765730875489972 -9.8356129485495032 -18.7137081035677291
vn -0.5272206719881363 -0.7819437692819615 -0.3325692479912966
v -24.3505660882142152 -10.3074125096726910 -17.0620727475497134
vn -0.8569231984501690 -0.4780529354806837 -0.1927382235993512
v -24.0231228102964991 -10.8502898048065894 -16.7599096850947120
vn -0.3138408458801353 -0.9029469726281967 -0.2935825064250523
v -24.6333390019472880 -10.8556757405802706 -15.2146150702897565
vn -0.9774079283977349 -0.1915907969242303 -0.0892564173557637
v -23.9262134252769414 -10.8416457967548752 -17.5997478132351688
vn -0.6484851227309002 -0.7242910144364395 -0.2342425495150758
v -24.2544012019383928 -11.1003985162505856 -15.1512095786802128
vn -0.9031836549211101 -0.4254747350310744 -0.0568377984582651
v -23.9256551504973665 -11.7996339978631486 -15.0386777093054889
vn -0.3815734641763580 -0.8987973513212896 -0.2157892784507333
v -24.5423801315397263 -11.2081708352768885 -13.9583522317221149
vn -0.8149695438218062 -0.5604188000747332 -0.1474971564663985
v -24.0644267987520131 -11.4609185644045226 -14.6770407888849981
vn -0.2274949945585845 -0.9611246044657061 -0.1564785037678634
v -24.7065144822809266 -11.4196846017367566 -12.6837523300679820
vn -0.6396533552984957 -0.7543413551542087 -0.1476912487572923
v -24.3187940866207271 -11.6020317960560195 -12.6026058851161427
vn -0.4003102238784979 -0.9122028532710174 -0.0873938163862966
v -24.5603533732123331 -11.6021036355261380 -11.3578884670744458
vn -0.3423815775561526 -0.9392914409160559 0.0225043189632501
v -24.6073254764193656 -11.6442201703608390 -10.0027930051229479
vn -0.4932097778808517 -0.8697425424265137 -0.0170887359446190
v -24.2930828903957021 -11.8325189974845131 -10.2086935475204239
vn -0.2037263046917739 -0.9705969470174742 0.1282074850271737
v -24.7120268653194373 -11.4868067761818526 -7.7765427037523711
vn -0.5425873192496736 -0.8322980094870336 0.1134857893895726
v -24.4219586308620045 -11.5955246850218234 -7.7290060944480956
vn -0.6981520319823499 -0.7092906926297976 0.0974189590770605
v -24.0871200657095130 -11.8059225400276038 -6.9917462206243330
vn -0.2672016222270778 -0.9365100438567266 0.2270511634735442
v -24.6729314280847554 -11.0970832268428037 -5.6950296666183835
vn -0.6301056124593524 -0.7503308132852390 0.1999264559330168
v -24.2802549137540993 -11.2842180456797223 -5.5945873406067568
vn -0.3357574384667378 -0.8835314529735581 0.3265564485976172
v -24.6005152046853439 -10.4636836029429361 -3.6390888124051495
vn -0.9076215403181319 -0.3902303099785353 0.1547366948225213
v -24.0031401045752126 -10.8401739999272593 -3.0450754284575408
vn -0.7392924220366998 -0.6250150508750296 0.2506050695791976
v -24.1923018308891002 -10.6213485976799600 -3.2811037239671932
vn -0.8489146355752788 -0.5062094653204485 0.1519734145371396
v -24.0774979512804919 -11.2992454067888950 -4.7648138401747415
vn -0.5366943215655269 -0.7484990794511356 0.3894975394789054
v -24.3397835396038964 -9.7520851838473774 -1.7541030501030992
vn -0.9789518835179187 -0.1833129078288343 0.0897194938687059
v -23.9255100849280637 -10.7616689253665339 -2.1406274277125079
vn -0.8615086916986461 -0.4483944587470890 0.2382124755183749
v -24.0335427929391585 -10.0106820226545992 -1.4813571757942710
vn -0.2401073366606955 -0.8340442182770619 0.4967078707251497
v -24.6897280070386458 -9.2178888833110193 -1.1156037058283823
vn -0.7307237530485861 -0.5680831130651900 0.3785820563375285
v -24.1831277839041867 -9.0106644593261471 -0.1773035044188921
vn -0.4597466772645120 -0.7435136564704180 0.4856134629375817
v -24.4436108740259748 -8.7935095108630978 -0.2269546399372006
vn -0.5327012842646783 -0.6595988154525696 0.5302440423015891
v -24.4174105027044313 -7.8131573939376278 1.1145862443168859
vn -0.9161637091408392 -0.3351038064819038 0.2198851903485968
v -24.0197018718248785 -9.0680153450962742 0.1797627132513879
vn -0.9915662704342000 -0.1042907876059390 0.0769399958262535
v -23.9253907750799932 -9.0273357346431276 0.8426407164535209
vn -0.8713207469120968 -0.3729852336271159 0.3188764204149807
v -24.0523021049662340 -7.6887162621549701 1.8267741080531181
vn -0.2935723884143045 -0.7003928193898921 0.6505883116901185
v -24.6552173442971068 -6.8830377025692409 2.0428642135817574
vn -0.6829971516585679 -0.5239221619980644 0.5089405259886042
v -24.2076219321377906 -6.9163536946870376 2.3776852854707449
vn -0.4229824719048229 -0.6064830871310859 0.6732489090115433
v -24.5465183325230427 -5.9863372892969338 2.9677654804452844
vn -0.7720497971185613 -0.4062388388143540 0.4887833023006757
v -24.1162655776324328 -5.5089143241761906 3.8583596542916743
vn -0.2486236046021288 -0.5989817834258402 0.7611879704505610
v -24.6778510909684847 -4.9273745320352784 3.8345676353334337
vn -0.6203532381399194 -0.4656963762141907 0.6311012162167710
v -24.2713232046362855 -4.8059340317856885 4.1920054633556765
vn -0.9190639320561428 -0.2618230938141026 0.2945677449061815
v -23.9766327138502646 -6.1054336041389057 3.7228148877266829
vn -0.9938625705539484 -0.0737030922105616 0.0824926969525154
v -23.9252111068702717 -6.3618048752298506 3.8326094252733651
vn -0.3602680910414452 -0.4998076565113640 0.7876542446213131
v -24.5025849924397185 -3.5690357206158501 4.8851185933755294
vn -0.9068433620127672 -0.2377096702937945 0.3480362472820851
v -23.9924938644404939 -3.9038773552369728 5.3072541375703794
vn -0.6917021623436705 -0.3538384360092772 0.6295605449927743
v -24.2274596686431991 -2.6239394741965643 5.6611518112332826
vn -0.4548018660742164 -0.3908576307479263 0.8002409481534472
v -24.5072750708412208 -1.7822160283521806 5.8943270789569331
vn -0.9922039573598193 -0.0641149813816495 0.1068670957869856
v -23.9251698445863248 -3.3256157001290085 6.0769964785695754
vn -0.1676406542068583 -0.4478025381536050 0.8782764359131388
v -24.7643781689122235 -1.7730293880946031 5.8255711515153550
vn -0.9307953286017635 -0.1613062768813371 0.3280249095599547
v -23.9953466373540607 -2.1997203099865441 6.2598587012084108
vn -0.3761112542375540 -0.3279429800447851 0.8665989419998156
v -24.5433518357070213 -0.1400877768041324 6.5523538840307012
vn -0.7442636210901250 -0.2571747720148508 0.6163868906465518
v -24.1434320851499677 -0.5843685585831123 6.7177254005372218
vn -0.9935670187036046 -0.0412656966416070 0.1054595734161383
v -23.9251011026094815 -0.7976397910821706 7.3003339021158089
vn -0.3224712584238297 -0.2563549124155087 0.9112049420251124
v -24.6229291876394356 1.1166790438235905 6.9556932438775601
vn -0.6929954731938791 -0.2039406760000662 0.6914951010711701
v -24.1848408770063159 0.9215554028584674 7.1738768194779405
vn -0.9352805020314678 -0.1140002397457800 0.3350437700624654
v -23.9728801477290894 -0.2867578075337248 7.1933306345674559
vn -0.1956848677838784 -0.2132864030662814 0.9571919048902647
v -25.2030538366059425 2.4494811923294351 7.2229586547902285
vn -0.9107270113564960 -0.0369855691545404 0.4113494602646025
v -23.9259834636971185 1.0066012455837456 7.8000443821957282
vn -0.2019125576769688 -0.1131293257072456 0.9728479196243207
v -25.2431603106027858 4.0381920022997919 7.4672414739064203
vn -0.5974420375439535 -0.1719796346371252 0.7832534819874151
v -24.2838692150450370 2.3054821465584303 7.4344088028155113
vn -0.2917593449266725 -0.1739528962803035 0.9405407351750658
v -24.5792780700066302 2.4563749255528768 7.3009277068534768
vn -0.7118018693090979 -0.0905481069933041 0.6965193027964142
v -24.0514531942982011 2.8130210141528940 7.8201360281969841
vn -0.2445151069035520 -0.0803624442400295 0.9663095984474710
v -24.7182071844812263 4.3521199521569800 7.5452888480886173
vn -0.5507473528335807 -0.1036861302513671 0.8282068218387844
v -24.3735453601752496 3.7511260999808242 7.6235602606898656
vn -0.4675791767368350 -0.0284204370790835 0.8834941947960595
v -24.4310705735938818 5.5016438423390044 7.7265161548155588
vn -0.2378763741053500 0.0206987594749136 0.9710748642605735
v -24.7125326468758324 6.4756458157833539 7.6166305472764728
vn -0.2137664426273367 0.1232399158328628 0.9690798889420638
v -24.7529329920671479 8.1754394150736278 7.4810067704822858
vn -0.1802712763903729 0.1856790314089956 0.9659324842884222
v -24.7695619252887873 9.4482281956875163 7.2710587665134270
vn -0.4348650474773973 0.1571389952134835 0.8866790437727609
v -24.4691963946282058 8.8941436181984361 7.4646965192228896
vn -0.1804321147253969 0.2397096468939378 0.9539305725060420
v -24.7820036627428379 10.2524179662459165 7.0904408254227551
vn -0.6384089160043038 0.0776549327663622 0.7657700486329181
v -24.1475788736380501 8.3628394495198410 7.8132256537322027
vn -0.4605184923142440 0.2105303463152820 0.8623222666248292
v -24.4656264872758022 10.2325595814481058 7.1909744473809454
vn -0.7156687822333608 0.1731674349019835 0.6766322735622989
v -24.1623089162366149 10.3231548102084343 7.4178883629506434
vn -0.8327351975190175 0.0739714712036473 0.5487078569338433
v -23.9633693897244768 10.3563318481102602 7.7971880056670120
vn -0.6251028290784248 0.2775497831120168 0.7295290062585735
v -24.2845707579109025 12.2632562670036567 6.6987083110862953
vn -0.3276347158396435 0.3755320072254053 0.8669666686360751
v -24.5789817566376243 13.2327398477980704 6.1029948747726914
vn -0.8948918955283868 0.1572434196103932 0.4176637431078268
v -24.0229610762882402 12.0988944808027963 7.0989834344972582
vn -0.9867376349408894 0.0641983965155003 0.1490885833191080
v -23.9259567976998149 13.1293498647239684 7.0294146401306339
vn -0.3194644179545463 0.4540837481749415 0.8317153571411070
v -24.6317834423266007 14.3158341896590180 5.5543603266667088
vn -0.6478848293984116 0.3327609280094443 0.6852119472292383
v -24.2451845484828254 13.9972808162312354 5.9684658937971573
vn -0.9871549623486275 0.0775900584993037 0.1396598121599560
v -23.9252629619057622 14.6225137142290222 6.4037542032211627
vn -0.9036347002524439 0.1903049419142404 0.3837034761149467
v -24.0225369388530829 14.1441114858105621 6.2232264458093169
vn -0.9227706281602810 0.2044495673567070 0.3266416112688882
v -23.9943527827668177 15.5069791873820293 5.5500850508454160
vn -0.6902536631138521 0.3803873190061115 0.6155122810287799
v -24.2454370190407751 15.5652758557086219 5.0806008132493146
vn -0.2559659920190059 0.5881480240679609 0.7671788010070922
v -24.6417799785961940 16.7688158543437282 3.9777546012937957
vn -0.6093581589112503 0.4768684541331132 0.6334659514298984
v -24.2709271771922381 16.6336521760173213 4.3134180593721965
vn -0.8846819194530503 0.2733766487759107 0.3776282686676394
v -24.0012609103916219 16.7861567669446323 4.6471255828855220
vn -0.5061032586439029 0.6183089350606388 0.6012932333015245
v -24.3928803136598624 18.4689149441094642 2.6163312929500306
vn -0.9922093855444633 0.0754791064467670 0.0991132671617485
v -23.9252261366146506 17.8633836701946187 4.2707420092395578
vn -0.3700936354192578 0.6080326119497754 0.7023724395416517
v -24.5540955676550468 17.4243573296989034 3.4549689866194395
vn -0.8311899747837032 0.3685876020863945 0.4162528142935116
v -24.0736386175434021 17.9355630548776723 3.5522793132897998
vn -0.2291366075755678 0.7442988978638795 0.6273081903716661
v -24.7422819340491529 19.1759428976592154 1.6869408631777192
vn -0.8726841623993123 0.3700760751650397 0.3185373624676554
v -24.0316419339074976 19.7114011708525467 1.9132074609860266
vn -0.6180756215811948 0.6032627976413442 0.5040401997747382
v -24.2792695941893051 19.5835162356434296 1.5351575879961297
vn -0.9906597009871917 0.1016623442269799 0.0908742241025638
v -23.9254879323992498 20.3010081414234840 1.7231357468360451
vn -0.2566692044133422 0.8153473025668032 0.5189698408413149
v -24.6573636880050806 20.9273337760846161 -0.6038104003853667
vn -0.6084279662287002 0.6803930929648268 0.4085102801112405
v -24.2624053302600551 21.2098049546449161 -0.6617421036815218
vn -0.8090825022209053 0.4816113288019058 0.3368026611676659
v -24.0650397124592281 20.9285917236622296 0.1843736368972041
vn -0.9784020827043468 0.1742981363756723 0.1111284131793675
v -23.9253757909657345 21.6971995340313661 -0.1911772924669771
vn -0.2857135916226842 0.8534242835840720 0.4359297371722642
v -24.6506644839058389 21.6862266845317571 -1.9269541910001908
vn -0.8728079085739054 0.4291209804313535 0.2325113736669228
v -24.0221620398951252 21.9324180212304682 -1.2855468894046003
vn -0.2862147783844903 0.8862846578145199 0.3641161984269808
v -24.5938371241101628 22.3495773755139417 -3.3738111342355430
vn -0.6355713285030827 0.7020472862487264 0.3212144054298084
v -24.3048761460300433 22.1847498360360937 -2.5466186657128569
vn -0.9747584708968285 0.2067603112096118 0.0842383352362892
v -23.9266700287775009 23.0029086764811197 -2.8119677223221720
vn -0.2519382457742088 0.9187995763150876 0.3038658567187666
v -24.6775729507124808 22.7005811696713984 -4.3465466376798352
vn -0.2658010600313793 0.9410039912109920 0.2094308597393863
v -24.7024713936178593 23.2452821128481517 -6.2714989389569817
vn -0.8306124902785033 0.5198224633019913 0.1996684693185013
v -24.0632058389485231 22.8370267587643276 -3.3248604838181302
vn -0.5754156006073654 0.7769071322313253 0.2555625059858407
v -24.3082699872516805 22.9390537158615615 -4.4851624284199678
vn -0.8564647900801727 0.5154568197410919 0.0277908318573792
v -23.9263825654376205 23.7990159482312897 -5.0585259225355168
vn -0.5374334724139999 0.8294049854992656 0.1524881397289422
v -24.3543365482271135 23.4112059897338973 -6.3813592828318813
vn -0.7526324507655214 0.6501015681770619 0.1044621707050439
v -24.0453016299608642 23.7840072058609060 -6.4068655590160892
vn -0.3594210033057316 0.9285264909305436 0.0930327792926374
v -24.4924712078245292 23.5871981374955979 -8.0885187084406898
vn -0.1894998994753156 0.9799667526231801 0.0612776619334023
v -25.2613612697256151 23.5512515776238800 -9.0548533374942757
vn -0.1907555958110425 0.9816009466758004 0.0084784522140921
v -24.7406222767947526 23.6132194274523428 -9.5937104539403908
vn -0.4766801283074832 0.8790632752899030 -0.0048798886615909
v -24.4714681110807675 23.7200737298797755 -10.0286606208018405
vn -0.5381828652226577 0.8424303482803732 -0.0258903819388522
v -24.3036478480017522 23.8277949941533222 -10.7493668764915391
vn -0.6080532730740654 0.7859138720659099 -0.1122969402890592
v -24.3697163836796840 23.6138096624515015 -12.2807671575510593
vn -0.2828193014509918 0.9408855497771550 -0.1864071483267578
v -24.6327783911093583 23.3142220465054066 -13.3600542826292266
vn -0.6093625213583040 0.7662262567678572 -0.2038986047116754
v -24.2814544274891411 23.2716324351955812 -14.4803149260318360
vn -0.8729530267142886 0.4714342441575193 -0.1253106802550807
v -24.0433411349044412 23.4915854876880061 -14.7244881278560165
vn -0.2728231166456100 0.9228031864568528 -0.2720327665720709
v -24.6136609026172835 22.9437038533459337 -14.9486047508341144
vn -0.8760062855597169 0.4520330768981685 -0.1681638636861152
v -24.0446323787181591 23.0406225981805548 -16.0541667419589125
vn -0.4793891922976604 0.8118187717969728 -0.3333710906276238
v -24.4218241274787964 22.3981862398932314 -16.7668680124337151
vn -0.8931694744749876 0.4478191928183698 -0.0413069051077217
v -23.9252547499796187 23.7997450008893203 -15.1179077395571539
vn -0.2477271465999797 0.8607829738038288 -0.4446166133275603
v -24.6243122324995376 21.7310652823778874 -18.0160485186353121
vn -0.9333126768144983 0.3187327248332812 -0.1653387353819653
v -23.9788937724703075 22.4823085987980953 -17.8683111954672249
vn -0.7711317006016304 0.5698059224170137 -0.2840371650079149
v -24.1081051534780251 22.1647640370769992 -17.9609743741859695
vn -0.5906057503731444 0.7070485703850157 -0.3889307994266853
v -24.3004316972881043 21.3599110258255465 -19.0366912277775278
vn -0.4025661053276397 0.7607405296199113 -0.5091310022331706
v -24.5656297717071190 20.5501860795454832 -19.9998785795596490
vn -0.7751747470404765 0.5356113381693471 -0.3349994119027296
v -24.1156334081243031 21.0305462793172246 -19.9266336820127314
vn -0.3581706120069266 0.7122722132657507 -0.6036407101116461
v -24.5685645206449728 19.4019832587286594 -21.4932451007552423
vn -0.7411927973393134 0.5218342284590392 -0.4222822221937395
v -24.1372560481345744 19.9930771685755992 -21.2702367585171288
vn -0.6683054752501455 0.5402416058198398 -0.5113773548876386
v -24.2205920705636792 19.0382821595532832 -22.2478916487810245
vn -0.8968647324893011 0.3164974563271116 -0.3089708914369807
v -24.0148553587990143 19.0097540170022974 -22.7149875692941485
vn -0.9365161882570973 0.2877863791882638 -0.2002908612146500
v -23.9844034781619904 20.9128655682581375 -20.5951748380499033
vn -0.3545749356742503 0.6412464544277139 -0.6804995221713878
v -24.6173107363130903 18.2381523584779224 -22.7050671487728444
vn -0.9939121183847595 0.0850255456721640 -0.0700668074845053
v -23.9251970852122291 20.5539295735864087 -21.5229813554905256
vn -0.7355169711697142 0.4488888965751003 -0.5074579230368947
v -24.1783589379364443 17.5342880699398691 -23.7387505412654498
vn -0.6332406212207994 0.4626857376085691 -0.6204258407332099
v -24.2955933321124817 16.7214607365234826 -24.2318902209682143
vn -0.9000514729981930 0.2616352789954147 -0.3485029795263945
v -23.9965947116717437 17.0129090731025379 -24.5286658168062637
vn -0.3432243123825346 0.4985136351639131 -0.7960409706448515
v -24.5467147742541663 15.2409629052015454 -25.0382095906031985
vn -0.7491868286516538 0.3457398485352980 -0.5649628774615789
v -24.1617249711057660 15.3702695469487054 -25.3070827140633554
vn -0.9342134078911464 0.1817855967506881 -0.3069190533844497
v -23.9861337945993185 15.2092738983858684 -25.7447972656911581
vn -0.1548421885371165 0.4567344717978186 -0.8760236976935064
v -24.8950502214186606 14.2646675519982207 -25.5536888439170013
vn -0.5183981579505889 0.3894526251833520 -0.7613080865006177
v -24.4525171442047089 14.1591555682980434 -25.7158322911511199
vn -0.8744889645966639 0.2141178207309738 -0.4352270782523454
v -24.0031190052481769 13.8817320344402422 -26.3816757653871719
vn -0.9889456323627225 0.0693135381642544 -0.1310807753175401
v -23.9251647990303091 14.0852912417339375 -26.7916656977162440
vn -0.2682454215725628 0.3525985014558289 -0.8965035920599883
v -24.6157654208393026 12.2725461946149217 -26.4908686456873603
vn -0.6701343458381378 0.2678671207270458 -0.6922190145911146
v -24.2515648368790018 12.5173497249928900 -26.6315587856240867
vn -0.4188191318729635 0.2575897779866264 -0.8707686495585253
v -24.5940082442164289 11.1050017371099372 -26.8887088970652393
vn -0.9174486279606232 0.1343145502186589 -0.3744964841660456
v -24.0116814855019527 12.4723112169515336 -26.9862675674081665
vn -0.7631389700540488 0.1719298716609159 -0.6229438430673397
v -24.1120741147249973 10.8051619049497347 -27.3645233181856469
vn -0.8206445281379953 0.0824010496324910 -0.5654667324048612
v -23.9718654312172390 10.1801985175533094 -27.8079140891445036
vn -0.6168349938822580 0.1629408286450217 -0.7700421265637019
v -24.2896168686775553 9.8584777200103861 -27.4000450877521224
vn -0.6645247578767843 0.0852262995391954 -0.7423902774387986
v -24.0749599561401730 8.9692237537413639 -27.8273779881014960
vn -0.4088968604970010 0.1109807727870957 -0.9058071679707967
v -24.5001547123201995 8.0190590008101452 -27.5557190982774145
vn -0.1688258041629010 0.0614743025421713 -0.9837269732886780
v -25.1297777835503773 7.1704251964775523 -27.5466008953264492
vn -0.5189917036510299 0.0072276171960203 -0.8547487192684581
v -24.3216473153379447 6.4707483269810639 -27.8230734811319387
vn -0.2993138775703496 0.0262380802654167 -0.9537938801637319
v -24.5701166944131870 6.4599474954651077 -27.6548469545349320
vn 0.1329344770339373 0.8176637833280741 -0.5601378064809889
v -19.1035905965417179 4.7363196745133394 4.0000015660613695
vn 0.5403123278123422 0.7088749683319023 -0.4533860029670664
v -19.7014319458769478 4.9837486774375801 4.0000060539298152
vn 0.6571797106176460 0.2808661805955996 -0.6994490807415125
v -20.0678029931191872 5.4303282318849924 4.0009310748112341
vn 0.8407709804120409 0.0123680346750397 -0.5412496560878839
v -20.1984402202004105 6.0018949997634623 3.9994922051283717
vn 0.6745570896752106 -0.2467806121172452 -0.6957528744115599
v -20.1058196564171965 6.4631216108023297 4.0005542961847231
vn 0.6725916711289375 -0.4871858794229252 -0.5570191763475423
v -19.9492743612097883 6.7497422485277534 3.9999952454857310
vn 0.5172442238414030 -0.6496485216640060 -0.5571491821787734
v -19.6938238096100804 7.0121266095912809 3.9999652184737919
vn 0.3099671486001266 -0.7709941051308739 -0.5563168671199445
v -19.4130749943756520 7.1690447885538244 3.9999968011302460
vn 0.0546256080009759 -0.8278702882244363 -0.5582533733222868
v -19.0391255309860163 7.2678425195748417 3.9999828481680084
vn -0.2049550809864507 -0.8046762376209483 -0.5572159073339816
v -18.6398808676755863 7.2366020750274913 4.0000008502755273
vn -0.3353615181429822 -0.6207228690826897 -0.7086859473325179
v -18.3636560035747038 7.1347803927886115 3.9999999849975860
vn -0.5856513216679617 -0.5872187599270828 -0.5587366619600586
v -18.0067115771871791 6.8835931439443128 4.0000081552165119
vn -0.8325756832897527 -0.3223247615309166 -0.4504713972036838
v -17.7511691797947080 6.4861995922312561 3.9999986984324338
vn -0.7016715476949956 0.0242330775353984 -0.7120883351863536
v -17.6479820082271104 5.9576678115612909 4.0000002740818132
vn -0.7795766815147714 0.2881308549347523 -0.5560942438768678
v -17.7400813194961664 5.5524235109112006 4.0000000013441017
vn -0.6977354609073656 0.4522036520926152 -0.5555871521431064
v -17.8348357662923362 5.3572991103046528 3.9999999974668987
vn -0.5419988437160849 0.7080746279851826 -0.4526229939078130
v -18.1078033109773386 5.0189181130701925 3.9999984417592733
vn -0.1621286380675730 0.6836950955267572 -0.7115302671503246
v -18.5958820434720380 4.7730757004264239 4.0000021950100075
vn 0.0842919739317082 0.8437006394255272 -0.5301547832130280
v -19.0006677488709705 -6.2655629937611996 3.9915623357621723
vn 0.3639285261887847 0.8335895849255824 -0.4155531635418674
v -19.3471253264462035 -6.1979226001463559 3.9700128304064597
vn 0.5326801141492887 0.4932926829568773 -0.6876875925382880
v -19.7180653607762224 -5.9975005339507703 3.9271615355504399
vn 0.8022134884062226 0.3895194363600524 -0.4524689245869448
v -20.0032260923008387 -5.6712459282509782 3.8397116804916864
vn 0.8191526640358805 0.1400152420976129 -0.5562235566597901
v -20.1911588135431757 -5.1838157037921402 3.8020470006593179
vn 0.8625235960117743 -0.1362125032273095 -0.4873388967520117
v -20.1562276849413102 -4.6917490522239174 3.8465673391271533
vn 0.7778918858968200 -0.3957780907187988 -0.4881023629966063
v -19.9975336321345551 -4.3153280326945405 3.9115595976381514
vn 0.5536954152064956 -0.3408368640553602 -0.7597707675873129
v -19.8731718573068932 -4.1499549952316439 3.9507572006726916
vn 0.3736579850181846 -0.7105477688819672 -0.5962395310351442
v -19.4690362019969037 -3.8458133967688988 4.0032412271286884
vn -0.0535625587278415 -0.8255857794905458 -0.5617287361400647
v -18.8536935275220472 -3.7205772165102426 4.0000181202914078
vn -0.4070226714027428 -0.6838279088992910 -0.6055674495666010
v -18.2606775349831025 -3.9125324502836873 3.9999991516972164
vn -0.6508959257229353 -0.5155558108842930 -0.5572581984508816
v -17.9247135715078478 -4.2174190363257615 3.9999956607746703
vn -0.8394143888108637 -0.3049491176631537 -0.4498772271339682
v -17.7445256482336582 -4.5324565843204390 3.9999994677717869
vn -0.5488001111317358 -0.0318026242364965 -0.8353484489202495
v -17.6573658221428111 -4.9114149727561749 3.9999988306869287
vn -0.8041254220117867 0.2029620673674842 -0.5587384941851444
v -17.7081755902482847 -5.3716104585707427 3.9999987980728928
vn -0.6952756963883600 0.4546885214506466 -0.5566417649374737
v -17.8873586718564184 -5.7298775607364778 3.9999998860242676
vn -0.5374341796280626 0.6347855051910798 -0.5551683212925761
v -18.0961677839515289 -5.9602535046305132 4.0001489407015915
vn -0.3069240523836610 0.7776762863212882 -0.5486503620357153
v -18.4357328756208929 -6.1719993108450559 3.9970468986928775
vn -0.0884965850772450 0.7312585629917021 -0.6763351746589678
v -18.7467062175716066 -6.2539240812380186 3.9919956541187092
vn 0.1789506639513642 0.8094682299330771 -0.5592296885899181
v -19.2380826426031781 15.7679281892315419 4.0019134364098452
vn 0.5417808753382908 0.6056050301749543 -0.5828516368206135
v -19.6840931376375998 15.9743926621456271 3.9789969378189971
vn 0.7930694176734604 0.3438534864976776 -0.5027978506064539
v -20.0452790264446286 16.3970902152342894 3.8904255011174871
vn 0.7569882460929593 0.0676203166303086 -0.6499202166850342
v -20.1768082456886013 16.7957207211080259 3.8370634896909226
vn 0.8330987895837909 -0.0656293398279428 -0.5492168939023735
v -20.1913366074539589 17.0760915368976818 3.8113751649850216
vn 0.8576817618306319 -0.2642358700477763 -0.4410911475003754
v -20.1197965618676733 17.4368259211327299 3.8150365212663711
vn 0.7060119119389281 -0.4128212438375396 -0.5754353142072235
v -19.9165311580938429 17.7929532690535588 3.8594564830189322
vn 0.5913783989935117 -0.6456575115362081 -0.4831127891090673
v -19.6877037795113914 18.0111663847887975 3.9131937845786329
vn 0.2969368296779966 -0.7788110687886260 -0.5525231563591688
v -19.3006632059519028 18.2230475798208751 3.9791095484905430
vn -0.0194203663235757 -0.6107200717301380 -0.7916083901512119
v -18.8249013036579385 18.2638512748602615 3.9909561035421648
vn -0.1912476634501415 -0.7001491435078342 -0.6879066128989513
v -18.5433250709684714 18.2079758003276950 3.9948911970804644
vn -0.4406115641784641 -0.7052757013310340 -0.5553806213978171
v -18.2036091882884357 18.0508910092009671 3.9999594548603987
vn -0.6417361840041791 -0.5285582791898537 -0.5556984934653101
v -17.9250847140437841 17.7757084306071107 3.9999999957825718
vn -0.7577196858685978 -0.3409035802627969 -0.5564581085860824
v -17.7895821591707772 17.5660008923074500 3.9999998694553689
vn -0.8250495411325141 -0.0724768572033934 -0.5603930405054535
v -17.6470836306598784 17.0835863436156963 3.9999844777150542
vn -0.6761216518408790 0.1984722994736212 -0.7095549719744161
v -17.7211681968836672 16.5985586967294623 4.0000000485833116
vn -0.7283684089038470 0.5163438975698719 -0.4504091921278159
v -17.8847695662241151 16.2682693055900280 3.9999977493969672
vn -0.5127448043790414 0.6537151984573341 -0.5565511700537400
v -18.1224072336121935 16.0194803449843342 3.9999999568942490
vn -0.3081413552064802 0.6349552341350487 -0.7084354281485500
v -18.3349798280105318 15.8799117766458089 4.0000005355127897
vn -0.1409022121509984 0.8173491060064045 -0.5586474787569404
v -18.7094098846470480 15.7438844905970168 3.9999981480596758
vn 0.6110300272679655 -0.0486436167353180 -0.7901114505737888
v -21.9760675451472807 3.6472025417311955 3.3344858335039325
vn 0.6592190057957323 0.0065437812213811 -0.7519225234856400
v -23.0192891988336221 6.1194664593181196 2.3983975974218188
vn 0.5031911624582215 0.0024780044997176 -0.8641715764347049
v -21.6131900325670259 5.3759940844790419 3.6027464906537432
vn 0.0343581613263812 -0.0312793165793111 -0.9989199773278146
v -20.0321549598767774 2.3982998211614839 3.9998644712202367
vn 0.1820932436418359 0.0029209534224779 -0.9832769287698654
v -20.7370104915638258 4.5273531104452980 3.9372556254223947
vn 0.2958303853548333 -0.1104249031177913 -0.9488365106129912
v -21.0983812705443157 2.7108226215407409 3.8177671180566568
vn 0.3133772820588799 -0.0013206828213245 -0.9496277875495613
v -21.0755076359305562 5.7982873511803907 3.8525531468348255
vn 0.4656781769246368 0.0816726740495306 -0.8811772862765731
v -20.5094209135651901 -5.3469283939570094 3.6522343317457748
vn 0.6336720703473088 0.3383955815805255 -0.6956638107796993
v -21.7163503394624229 -3.7321665436866618 2.9061870232235392
vn 0.7985803883273574 0.2808139329554731 -0.5323653805771051
v -21.9737148265015634 -4.1206900621851270 2.4372949692763810
vn 0.6534789397028480 0.1452357769240649 -0.7428807740587345
v -21.0200265120567416 -6.1522170507444729 3.2074451399265174
vn 0.5173838392481119 0.1846242823817054 -0.8356002855671628
v -21.1766310261386579 -3.2909045492342113 3.4548357002749190
vn 0.3343161945667018 0.1529354345576378 -0.9299695881624870
v -20.7533289671187795 -2.7534275651123497 3.7396026643218638
vn 0.0382891891064532 0.0776165553569522 -0.9962477645305365
v -19.6904716082901885 -2.3309176869420045 4.0001654004051366
vn 0.0467583530794783 -0.9957347772058437 -0.0795355887645499
v -19.0255688403688623 21.9967604686936973 0.2774570663766243
vn 0.0982345856247487 -0.9646026962694786 -0.2447276129430146
v -19.2262650426324164 21.8924696737950484 0.9045938099807022
vn 0.0942114204787468 -0.8836731033099127 -0.4585259586304850
v -19.2000843662939253 21.4866939716409782 1.9405494821461111
vn 0.0466872672207418 -0.7872232043659246 -0.6148983050775996
v -18.8636608209698302 21.1551519931954388 2.4524594475134491
vn 0.0639032812438328 -0.7207892734155134 -0.6902022848233754
v -18.8889587650148378 20.8632878395320454 2.7900019818786275
vn 0.0641361099788509 -0.6118298412975465 -0.7883849343401989
v -18.9039264190148764 20.4766684227676059 3.1465374413429332
vn 0.0445641490321456 -0.5011151701805938 -0.8642323893698473
v -18.9034433907179924 19.9650860941338202 3.4865320356737697
vn 0.0708241438943077 -0.2123817583344264 -0.9746168115564269
v -19.2252658418561424 18.8884163222368464 3.9054053620035432
vn -0.7077950163329326 -0.0383167848909106 -0.7053779404332738
v -31.9249992390153636 12.0916876852743371 2.4919748331305720
vn -0.5553758147180695 -0.1730342996806108 -0.8133983252750653
v -31.9249992374754470 12.4035926206905831 2.4548601881743957
vn -0.5558225486312804 -0.3139090780953726 -0.7697547564791926
v -31.9250041607685304 12.7626427096938002 2.3533472179656778
vn -0.5554896896050511 -0.4439704389275879 -0.7030799770303012
v -31.9249992371961966 13.0846864555540385 2.1924370838837692
vn -0.7093459396771608 -0.4975753396292170 -0.4992465515718613
v -31.9250026377066654 13.4336395018400001 1.9360073868708265
vn -0.7084374949449771 -0.5725283027504802 -0.4127077153455461
v -31.9249992389710222 13.6987475078562984 1.6297528654397606
vn -0.7082202397600397 -0.6414076230253076 -0.2949921238258014
v -31.9250047701461632 13.9121124893412045 1.2702811315703797
vn -0.4479304103067114 -0.8700207906513220 -0.2059664325974255
v -31.9249992385423980 14.0460233066679372 0.8727326920961825
vn -0.5563134151296552 -0.8309700113775556 0.0020553194314385
v -31.9249993278151578 14.1044799089763195 0.4342823146422690
vn -0.7085315248428282 -0.6922877108293860 0.1368239881691256
v -31.9250001967336487 14.0580073194912707 -0.0355639642729189
vn -0.6016253885808469 -0.7416146536066017 0.2967399490646736
v -31.9249984651600016 13.9457085733688562 -0.4096101493656304
vn -0.5554955812237167 -0.6952036206162222 0.4561979670307849
v -31.9249992397131912 13.7725260530076312 -0.7369300533003424
vn -0.8329108254885251 -0.4140890959623554 0.3671372732222959
v -31.9249992397468212 13.5844269674445552 -0.9884972656259565
vn -0.7098875923099873 -0.4193812453486868 0.5658435979439139
v -31.9249990473063363 13.2629571425923274 -1.2953228093127946
vn -0.8338053429702493 -0.2058023852313086 0.5122636316071724
v -31.9249998504746877 12.7711676473752700 -1.5652305890455784
vn -0.7096219093428743 -0.1186544890551671 0.6945198758909861
v -31.9249972851664552 12.2875247531177774 -1.6949679172198804
vn -0.5563453081568954 0.0756649077557261 0.8274990754231248
v -31.9249993590241807 11.7362877451618584 -1.6948175275234150
vn -0.7080700990902770 0.2237737825683035 0.6697477353521692
v -31.9249992396532640 11.3442514996482426 -1.6060445059285990
vn -0.5557418030839464 0.4051710515869985 0.7259390244785645
v -31.9249996199635859 10.9643374555965565 -1.4391195088839670
vn -0.8006645848403869 0.3863488983741326 0.4578981888012499
v -31.9249992398901270 10.6591231853833701 -1.2260490550262617
vn -0.8329429701513297 0.4193075061961098 0.3610917109586989
v -31.9250001280535365 10.4044930809642189 -0.9778338306752912
vn -0.5553379847332576 0.6997769043514582 0.4493461993259698
v -31.9249992394466098 10.2124006497657014 -0.7108681155432894
vn -0.7080241881077436 0.6494159277744528 0.2774179190449266
v -31.9249995491553911 10.0638688702073971 -0.4314600777759030
vn -0.5553757812320663 0.8110375131907765 0.1837821912433113
v -31.9249992393528288 9.9539786456515102 -0.0881312189271279
vn -0.7085207357603646 0.7053585114660750 0.0216272351435598
v -31.9250016127981660 9.8944794208732034 0.3334396618663356
vn -0.7082048068449417 0.6930862081041150 -0.1344524440000183
v -31.9249992397356550 9.9356216063274090 0.7944844242706595
vn -0.7088524500847979 0.6445957777992026 -0.2863991746709827
v -31.9249994014582974 10.0755584417524862 1.2529747497812544
vn -0.5553083635595626 0.6794431310594773 -0.4795723647343483
v -31.9249992394687219 10.3199900340146602 1.6532837154906663
vn -0.7081907833032557 0.5056839506132942 -0.4926962112057008
v -31.9249993706364918 10.5214621599788440 1.8885320951937878
vn -0.5556271351933422 0.4791287400556679 -0.6794955018905627
v -31.9249992395161790 10.8052772361507277 2.1213677004355476
vn -0.5564556394153705 0.3225020304279726 -0.7657346549116517
v -31.9249970354305255 11.1875065740003610 2.3356836586051428
vn -0.4486429824171303 0.1323441382327382 -0.8838577393468343
v -31.9249919680897563 11.7164674174523142 2.4781768184114732
vn -0.6026351726790400 -0.0980590683485810 -0.7919692341023810
v -31.9249972985904513 -5.7254699633475310 -7.9107906196790756
vn -0.7083951445233487 -0.2333037833161624 -0.6661423751016812
v -31.9249992397752713 -5.2935140382767489 -8.0206320322599556
vn -0.8586425007609323 -0.2464240865437189 -0.4494532516937730
v -31.9249992463453012 -4.9446318734209802 -8.1784236685139025
vn -0.5563258286200214 -0.5587704415926574 -0.6150424099300741
v -31.9249996041327009 -4.5570522585605140 -8.4694968836534912
vn -0.7087853036862982 -0.5925417981776264 -0.3827761887719076
v -31.9249990786505826 -4.2112017300514353 -8.8863124474154578
vn -0.7076384005546020 -0.6606773648182778 -0.2505061150497146
v -31.9249992397884697 -4.0292664807823346 -9.2728746309445658
vn -0.5554905313378889 -0.8150893990901447 -0.1644978452284913
v -31.9249992396532036 -3.9415050771789364 -9.5687169423232934
vn -0.5560050999958045 -0.8311784226301112 -0.0008709378712266
v -31.9250007941610576 -3.8964982855615586 -9.9549474452418227
vn -0.8018830963441430 -0.5777236815365172 0.1523773197999714
v -31.9249988432646283 -3.9482948548361474 -10.4915907203506187
vn -0.8326566469436010 -0.5031211823390216 0.2314130164498632
v -31.9249992393684821 -4.1034382425179992 -10.9030809643802726
vn -0.7077536810520010 -0.5983490142226888 0.3755837910987091
v -31.9249992403956639 -4.2274695671794600 -11.1292283533466048
vn -0.5560931440317366 -0.5976861715883488 0.5775219956442882
v -31.9250029113654179 -4.4615714278414069 -11.4393404459081207
vn -0.8328337173850742 -0.3253550776715274 0.4478080756528548
v -31.9249992394443609 -4.7663072308705612 -11.7001482091879030
vn -0.7101711440920653 -0.3097941838263596 0.6322060659044064
v -31.9249943561868470 -5.1276098068020035 -11.9210368322063029
vn -0.5570831997903877 -0.1472685397842200 0.8172944914173389
v -31.9249996504959057 -5.7151150278495635 -12.0846882986692989
vn -0.8019984098177244 0.0503415878388871 0.5952010376198121
v -31.9249992764013761 -6.2452426154052532 -12.0925828741613195
vn -0.4493411800447541 0.3262509600323651 0.8316566689409447
v -31.9249997418467579 -6.7981353609672199 -11.9499423277399153
vn -0.7080979952992287 0.4078121391201058 0.5764429618266642
v -31.9249992394304378 -7.1730752038215249 -11.7438222023782206
vn -0.5571564545703085 0.6277569015290579 0.5435972385077765
v -31.9250089813084017 -7.5679381000880035 -11.4128662299319181
vn -0.5560998910576226 0.7384049975476421 0.3814590027281657
v -31.9249992366288140 -7.8466152906790771 -11.0055936310102318
vn -0.7091219051692370 0.6765861555787697 0.1984371378756825
v -31.9249967880191790 -8.0177608198133790 -10.6010324087269954
vn -0.7082961974418595 0.7028695213672118 0.0655052106509783
v -31.9250015830709621 -8.0992748133191181 -10.1272434298421921
vn -0.5552707918472795 0.8277935671675516 -0.0802007348926151
v -31.9249992419969537 -8.0903992157134983 -9.7908273212628263
vn -0.5560413389517818 0.7916679534236017 -0.2531400420691989
v -31.9250051030742092 -8.0198753498923576 -9.4069548211656393
vn -0.5556702134302832 0.7244400237967461 -0.4079427237097303
v -31.9250110233885955 -7.8363958858528981 -8.9762098695707468
vn -0.7076870002305824 0.5521452575075044 -0.4408114385047323
v -31.9249992399999982 -7.6418461799999999 -8.6906709699999993
vn -0.5569368137397801 0.5360118477920431 -0.6344388737521852
v -31.9250068299928174 -7.3265209283901580 -8.3597354559830581
vn -0.7082996858652872 0.3134395046197830 -0.6325086813213241
v -31.9249992378173282 -6.8785324643804353 -8.0890879181424715
vn -0.4479745720169143 0.2323376596182438 -0.8633295979806203
v -31.9249992396071001 -6.5312770216806317 -7.9665877200691533
vn -0.8331050282728720 0.0481660971952319 -0.5510136467887494
v -31.9249994520133420 -6.2095422693288196 -7.9079799811153793
vn -0.7076851945378506 -0.1214361315935788 -0.6960135999932124
v -31.9249992395733670 0.3556600707245846 2.4625725696391663
vn -0.5562706917976507 -0.3107714181664627 -0.7707036026241014
v -31.9250078563575563 0.7214013989140795 2.3693024841863961
vn -0.7091730227415813 -0.3918902566396193 -0.5860850199130684
v -31.9250011027932672 1.1901148723953110 2.1276080496371503
vn -0.5558909180130525 -0.5715627651175105 -0.6035737674898002
v -31.9249992396072173 1.4953510441494027 1.8691076640020734
vn -0.7077017335224557 -0.5684086475438536 -0.4196067989995851
v -31.9249992398819202 1.6987521835495409 1.6297466419229720
vn -0.5554575443481062 -0.7411910202511190 -0.3769652343729814
v -31.9249999024242506 1.8622203231012739 1.3693745007743876
vn -0.7078267265693139 -0.6730621247914916 -0.2144031280679748
v -31.9249992401269935 1.9880235737818455 1.0740552305320041
vn -0.7086614676730854 -0.7016136662025543 -0.0744122814677767
v -31.9249987398460675 2.0870058641087392 0.6699203680014356
vn -0.7086284505456635 -0.7004512490976464 0.0849338961475284
v -31.9250004621234638 2.0942999412334475 0.1892804116815917
vn -0.5563136468398344 -0.7812666040132298 0.2830858876620291
v -31.9250013497063101 1.9904293396485786 -0.2948316984949375
vn -0.7079586323978304 -0.6057404454676321 0.3631433429626217
v -31.9249992396665441 1.8266059367621470 -0.6471816865484590
vn -0.7092571383326650 -0.5053594941354832 0.4914937368993499
v -31.9250005105886174 1.5472195013582819 -1.0409978046458830
vn -0.7090984514580753 -0.3746245792594516 0.5973573559892258
v -31.9250000568896262 1.0599499649526936 -1.4268918129049881
vn -0.5561755646602331 -0.2673883845551698 0.7868749539029996
v -31.9249998922873814 0.5952186653555486 -1.6251323384140448
vn -0.7075173175369645 -0.1061152256720977 0.6986836224399839
v -31.9249992397896349 0.2703655903342133 -1.6908188879297485
vn -0.5551024860673175 -0.0143804959091908 0.8316576406787166
v -31.9249992397937916 0.0616103324532217 -1.7073870767431840
vn -0.7090047092191462 0.1115521142937240 0.6963249586950577
v -31.9249999695792219 -0.3619728198484510 -1.6839486191255375
vn -0.5560147930125072 0.3266209948649004 0.7643077100649460
v -31.9249991813055765 -0.8665919893804841 -1.5242484544232984
vn -0.8582828814160889 0.3077208772454327 0.4106803588868080
v -31.9249992237216134 -1.2362775659916618 -1.3098092529058381
vn -0.5561444685487460 0.6327372517852996 0.5388384732977214
v -31.9249991353891431 -1.5686665457176656 -1.0081064830907061
vn -0.8335360464512619 0.4824784148533195 0.2691323809336731
v -31.9250027271961052 -1.8339105943159533 -0.6369545393155199
vn -0.5567636297340451 0.7889138295197575 0.2600562058437407
v -31.9249997003287511 -2.0195052679031416 -0.1944594285527343
vn -0.6034430648854989 0.7970115726963274 0.0250802796978510
v -31.9249911803658222 -2.1079304307108155 0.3174330077671145
vn -0.5568289183584909 0.7990621710748380 -0.2268065308514714
v -31.9249987667132551 -2.0309620073655665 0.9471522410465530
vn -0.5557373448125376 0.7331228966403354 -0.3920291086161777
v -31.9250044842533427 -1.8704003926023327 1.3531598295023668
vn -0.5557015276271008 0.6438955739226830 -0.5259223346423740
v -31.9250114232901545 -1.6298860149270644 1.7215387431736893
vn -0.7079982796667391 0.4474883234321403 -0.5463447962421075
v -31.9249992432768863 -1.3511816302239510 2.0026089125749968
vn -0.7079509153271913 0.3688735919161503 -0.6022771576892730
v -31.9249992325250211 -1.0956769368796324 2.1853383158743158
vn -0.4490566584539940 0.3326223277004939 -0.8292831269314711
v -31.9250026710550259 -0.7891975458447903 2.3442108214847663
vn -0.7082201929532026 0.1368846126571845 -0.6925942254386916
v -31.9249992467388388 -0.4165103414115598 2.4527151337063686
vn -0.5556573069132278 0.0125304441061337 -0.8313169944398118
v -31.9250191513036903 -0.0168696419638301 2.4956346949306756
vn -0.6028037673224013 -0.2057410513144798 -0.7709074120190653
v -31.9249993950099515 18.5483952374911425 -7.9638154322385004
vn -0.5562621246094663 -0.4245612502018322 -0.7143669880054788
v -31.9250016817581539 19.0890407702496674 -8.1970391514235601
vn -0.7083402902998402 -0.4772876072526742 -0.5200486257081691
v -31.9249992385432648 19.4198744918303667 -8.4504923852218354
vn -0.6035680450089201 -0.6528241210267761 -0.4577404090199239
v -31.9249941069189376 19.7281663456568310 -8.7885289573327139
vn -0.5565639879496053 -0.7922011369918674 -0.2503075825188362
v -31.9250089427972696 19.9951084183016725 -9.3307853975964878
vn -0.5564408788139075 -0.8294489157510043 -0.0488676226584597
v -31.9249972907828017 20.1029255516902801 -9.8843143954155188
vn -0.7079666419099738 -0.6995014248628504 0.0973703782346405
v -31.9249992387713100 20.0719779184924576 -10.3520329092504699
vn -0.5561420094963911 -0.7891183566753787 0.2607648067344708
v -31.9249989225948241 19.9864670475280342 -10.6969740384635319
vn -0.5559098627563285 -0.7135559925787416 0.4263825394469232
v -31.9249992378027265 19.8023241719174372 -11.0839903587560826
vn -0.7088237045924718 -0.5008257646494872 0.4967318283249632
v -31.9250026103999964 19.5268218597533760 -11.4532689628180506
vn -0.5554889562705482 -0.4651132048354631 0.6892762335588989
v -31.9249992394298552 19.1947174319776721 -11.7290669977940052
vn -0.5559992038336296 -0.3218919163862406 0.7663226993255279
v -31.9250009850541332 18.8707900824513288 -11.9162096102519524
vn -0.8015762745300026 -0.1079466461539413 0.5880671710737795
v -31.9249987937397322 18.3587505249749334 -12.0733259233230754
vn -0.6042373364420264 0.1051212568590257 0.7898397069062962
v -31.9249976900595875 17.7160208337940297 -12.0938551958790210
vn -0.8336238380206120 0.2187840403911439 0.5071536654248994
v -31.9250021568517610 17.1459225860092204 -11.9216936660725228
vn -0.6018969082038269 0.4652351962975192 0.6490580282383714
v -31.9249975728573183 16.7532327496702074 -11.6961860007938565
vn -0.5560411603338263 0.6406684857789039 0.5294923222714174
v -31.9249973279075334 16.3901118802233725 -11.3544737988865538
vn -0.8326942520730630 0.4762195580548153 0.2825512609962277
v -31.9249992394999609 16.1864919511434415 -11.0621722263950932
vn -0.7076171315294524 0.6476744845417663 0.2824814281321640
v -31.9249992397656719 16.0679606964580088 -10.8244526419427256
vn -0.7083525106925559 0.6898711525984986 0.1493804318107670
v -31.9249988464061687 15.9594708267084169 -10.5124221616421547
vn -0.5568170874292980 0.8301397596244465 -0.0286829328594478
v -31.9249988515452223 15.8934775626075560 -9.9586065768254386
vn -0.8328031333796380 0.5411516271932575 -0.1165926988243544
v -31.9249992397332427 15.9481477884228440 -9.5451111881827231
vn -0.5555272845481791 0.7774256117001292 -0.2949556820866590
v -31.9249992396497824 16.0388548799467223 -9.2444014948572963
vn -0.7092437471839472 0.5847677464883609 -0.3937257798867089
v -31.9249991198692662 16.2352844879802554 -8.8441838954227361
vn -0.5570135336174804 0.5519284008806220 -0.6205730929296946
v -31.9249987317405868 16.6630105008333693 -8.3718638801891441
vn -0.8009845739192241 0.2810172989673632 -0.5286331336801795
v -31.9249992399826823 17.0763350989948002 -8.1121804892754739
vn -0.7092626159917005 0.1897653337770340 -0.6789224253573457
v -31.9250009189286565 17.4716789984171186 -7.9598433889739786
vn -0.5563982876078688 0.0123313766504333 -0.8308242188916597
v -31.9250003534613072 18.0281024999378126 -7.8967309860599384
vn 0.0197886121646429 0.9984192756181655 -0.0526057116926967
v -20.0878997454198966 -10.0001685395782438 -8.6187159641428188
vn 0.0267254760181997 0.9781365552994983 -0.2062392497039113
v -20.5227310179363585 -10.0086089177734223 -8.7312449311975708
vn 0.1555207660759454 0.9632653650582268 -0.2189363555885408
v -21.0546400726102299 -9.8490388066487853 -8.2976558054695548
vn 0.3155578476212126 0.9280978648170842 -0.1976299525037564
v -21.5682265980511403 -9.6083829223787802 -7.7168725937830889
vn 0.1022782603942714 0.8826811471303702 -0.4587081315513554
v -22.1505664313678281 -9.4879965290234480 -7.6471145877638387
vn 0.1473893648243122 0.7821166826106970 -0.6054501382597283
v -22.6238555133032442 -9.0404403346148410 -7.0917927149924926
vn 0.1300492506443200 0.6505736638821606 -0.7482253004742569
v -23.1119598421945867 -8.5168945153569986 -6.6285330360268828
vn 0.4686012614544969 0.7213011782758905 -0.5100367319919873
v -22.6568414809000664 -8.5884458914388553 -6.4806164317977064
vn 0.7618360115414399 0.5627294087908431 -0.3208449843780314
v -22.6094459222944693 -8.2461768052794930 -5.9111096037837321
vn 0.4545289534170233 0.8479564376393705 -0.2727147050886219
v -21.9944607146347195 -9.2784769662288173 -7.1243167967469230
vn 0.3542918872371658 0.5391300878834732 -0.7640785345608695
v -23.2148688646346670 -7.9218461687028903 -6.2420995192909512
vn 0.1798027712853404 0.3353271220852946 -0.9247846693323291
v -23.6643989386820621 -7.1818151658338678 -5.9547791552673113
vn 0.6102249573542834 0.4305127317150602 -0.6650445768918049
v -23.2629685075475869 -7.0412251213301644 -5.6478475234569130
vn 0.1520846857245588 0.1474172750376531 -0.9773118209601965
v -24.3056576400322584 -6.2128120993190210 -5.7855294860293478
vn 0.8193283735360956 0.4380736692546976 -0.3698546695993197
v -22.9493392391191193 -7.2854076123498990 -5.4151444964495878
vn 0.8064567446192336 0.4577804468626245 -0.3742520294245634
v -23.6821571856585500 -5.7544433894157070 -5.1546240769497640
vn 0.7166126801339471 0.3222348261895119 -0.6185717286312528
v -24.5947532345305397 -4.5756283143616407 -5.4824012019556241
vn 0.4590799565394272 0.3009249301853621 -0.8358766535181447
v -24.1015106822530996 -5.8218221506114807 -5.6305496318319710
vn 0.8566092885296912 0.0798355507709297 -0.5097517156790732
v -24.9242902427452790 -4.8429475448004853 -5.8272237009420840
vn 0.6497759494176917 0.3918576251959138 -0.6513361782782807
v -23.9637780247917576 -5.6244205552694417 -5.4423342684457063
vn 0.9458808419206076 0.2261081573086468 -0.2327757162722326
v -24.8052565492594752 -3.8209897932201549 -5.4283593681082554
vn 0.1946384696994803 -0.3050156245025938 -0.9322453190670024
v -23.8817895510864098 18.8273186582169032 -5.8639541759666338
vn 0.5173178134511429 -0.3332278308976825 -0.7882521757669647
v -23.8266407532283715 18.0357101739376979 -5.5453299705111672
vn 0.5451000607694376 -0.4325422653773981 -0.7181734556577150
v -23.4283928061835773 19.0278079149939003 -5.7680104304275028
vn 0.2548146948752081 -0.5234262048085027 -0.8130771669376911
v -23.3705512841214329 19.9114969460694233 -6.2442752215345347
vn 0.2385772974431825 -0.1441851509896033 -0.9603600967235220
v -24.3905891463003428 17.8383213448713462 -5.7647765347835671
vn 0.4314608841905227 -0.8863112776761879 -0.1682076825758432
v -21.6390601956971977 21.5372148265282846 -7.3839422331470965
vn 0.2465828306502993 -0.7522599226593083 -0.6109843830975531
v -22.7601436620610755 20.8414264924448034 -6.8782840445607922
vn 0.1203738644379116 -0.8827404988845132 -0.4541798590750188
v -21.9638786870979530 21.5123030194442322 -7.6776447079229362
vn 0.0295269334279660 -0.9255420042526075 -0.3774919317898156
v -21.3816208069036762 21.8617973605182847 -8.3332987617660343
vn 0.0171493162415982 -0.9700106652447373 -0.2424566152199355
v -20.4320977895840237 22.0287514202202175 -8.8089676999382771
vn 0.5217826137779450 -0.6498724227397970 -0.5526379810702141
v -22.9144703506399843 20.2131877203846564 -6.2615189204002393
vn 0.5869933898824006 -0.7547523601071817 -0.2928952631010055
v -22.2064966033457587 21.0179071346069861 -6.6588724472276049
vn 0.0772209525300685 -0.9895551475040445 -0.1217272957828177
v -20.3642950603748503 21.9925180406314986 -8.6447967969660660
vn 0.8207379313087346 -0.1431206525625487 -0.5530874496145515
v -24.9242091851549894 16.6983175529263370 -5.8114120061871404
vn 0.9942900901148741 -0.0554097127879449 -0.0911974803824822
v -24.9245144580569828 15.3462257509887134 -5.6554602782253758
vn 0.8583388540730899 -0.2791873235443048 -0.4304751444167974
v -24.6531433137125511 16.2879325996053801 -5.3740163258073057
vn 0.9701311569095125 -0.0280861432514666 -0.2409495942114639
v -24.9236517810453506 16.1125492166672863 -5.7377168830917986
vn 0.9270441294268215 -0.3608449394050283 -0.1018828336916885
v -24.7877335849450127 14.9325561908516775 -3.7027883465557507
vn 0.6970267677700858 -0.5052682124664022 -0.5087806192092950
v -22.8455256388630268 19.6470304585953528 -5.6999139856350274
vn 0.9071588992463056 -0.3864040989213229 -0.1665971303925488
v -22.7187674726106295 19.3713910071780120 -4.2911832036788917
vn 0.9485860679513825 -0.2676761338369482 -0.1689199782815511
v -22.0891298186037197 19.5705446648493897 -1.0852965073456327
vn 0.8117157134500286 -0.4545115631684732 -0.3667926382637224
v -23.1245453845183668 18.9123020850446117 -5.3607005217461881
vn 0.9330107178336131 -0.1956105217823873 -0.3020389447995542
v -21.7614730413468109 18.6571453345788569 1.8949470484378170
vn 0.9205967256784623 -0.3349625240048166 -0.2007530228475193
v -22.5998031827185528 18.6036138322101294 -2.2425686979674651
vn 0.7595612302155319 -0.4449169535311912 -0.4744635307523558
v -23.8130751213789580 17.5862559743407445 -5.2231206390623779
vn 0.8743184880739472 -0.4339590095721271 -0.2173631970303751
v -23.3014541884722384 17.9099947312805803 -3.9580814948509926
vn 0.8544434887498977 -0.4510451717146403 -0.2578460346908868
v -24.4384749880190917 16.1204317148108700 -4.3534728707864918
vn 0.9345054548165500 -0.2723670377469991 -0.2291631551254210
v -22.3872912762472858 17.5603745495858341 0.0675065237663001
vn 0.8822617723181230 -0.3891034377795734 -0.2649767533467833
v -23.2120330155122367 17.2747866149704628 -2.5353676507294169
vn 0.8530568342931686 -0.4560785647483360 -0.2535475897002675
v -22.8549827913922279 16.7466421239719523 -0.6680924027553561
vn 0.9499898754909120 -0.2551301044895125 -0.1800773896077244
v -21.7286806096911427 19.5936392197948344 1.0939225252798852
vn 0.8915686497226303 -0.4006871170253170 -0.2110809728083176
v -21.6297715338692491 20.1345133047263758 0.7676291009660449
vn 0.7810574293409884 -0.6025068441520569 -0.1641182342738791
v -21.2293382334082104 20.8386520434535889 0.6585431904253005
vn 0.2037593084154414 -0.9741594924466682 -0.0974444842467273
v -19.4791969191991754 21.9498979571672344 0.3372561410081428
vn 0.8245344854181311 -0.5514610937427580 -0.1266236330401979
v -21.9293753279962900 20.7515105946538831 -3.3019392203421836
vn 0.0557688453759794 -0.9984125360060899 -0.0078894759850262
v -19.8128734769006449 21.9997235539162190 -5.0711387934623637
vn 0.1908263238046941 -0.9679461600250622 -0.1632958830954496
v -21.0022587562160155 21.8645929252152307 -8.2529876339751151
vn 0.1573989920757115 -0.9873657839223196 -0.0182856783580405
v -20.4961808979183502 21.9635704388877038 -7.2822141462920200
vn 0.4001454039998050 -0.9055262817928442 -0.1410879464740323
v -20.0754213123278014 21.7397712221683932 0.4771621487589950
vn 0.9149762479938706 -0.3749212829671521 -0.1491727092511345
v -22.2972827878546269 20.0522050454889538 -3.2437149536984142
vn 0.7960438514768619 -0.5665068046420860 -0.2130357407105608
v -22.5171143190411200 20.4851595868468834 -6.0436465584360466
vn 0.6896653075452230 -0.7171066433008036 -0.1005973444103113
v -21.6570310219780815 21.1643820854046751 -3.8549995847149807
vn 0.3746610561204652 -0.9259481803643976 -0.0474242586295085
v -21.0188675958370546 21.7701506415374837 -5.8704440629482884
vn 0.6166788802520745 -0.7817280732335422 -0.0927813460218229
v -21.5931862330602051 21.4426157983407109 -5.7060007892059463
vn 0.2098157321582160 -0.9773214383426764 -0.0286385176766187
v -20.2974662412828764 21.9400672477973373 -4.6507869124040742
vn 0.0222315465029950 -0.9956172339621903 -0.0908409697084013
v -20.1057001399910931 22.0002112610771547 -8.6429580181652899
vn 0.9061965251026641 -0.3977178647962470 -0.1436257564428157
v -21.8287220085119209 20.2841667543716326 -0.9553047815051589
vn 0.4941960483239811 -0.8658609788395679 -0.0778140806277809
v -20.9167393788877050 21.6040982119662353 -2.8851175437501100
vn 0.3358442382978995 -0.9404054738063209 -0.0533497182486693
v -20.3603867319252920 21.8470747261815106 -2.8623397367695409
vn 0.2731015701436109 0.7229852172589433 -0.6345927103348517
v -24.3313009422853739 8.0093827638080057 1.8280139664740180
vn 0.1329841434430147 0.6148145227769118 -0.7773791354129114
v -22.4405620049120209 8.9765109760680577 3.3348386824852705
vn 0.1967796500604573 0.6935869919572737 -0.6929753631333112
v -23.3202924345799083 8.3936062395866973 2.5807662465769039
vn 0.5628224708253413 0.2234541421810823 -0.7958009252797927
v -22.9745909146649083 7.8448876511369301 2.3997105896036830
vn 0.1326433319154297 0.4133480400783791 -0.9008602245974321
v -21.5423889789646203 9.4766570490840092 3.7618395549024761
vn 0.1732030677214007 0.1223093093429279 -0.9772620580887972
v -20.6369263318939424 9.6440265298863892 3.9485179950120735
vn 0.0338863404721273 0.3814068235206223 -0.9237859876082316
v -20.4259976491872344 9.9389066877304799 4.0560679283739471
vn 0.4341581032759725 0.2630766303768652 -0.8615668447133771
v -21.9343495652215239 8.6465916780855849 3.3731627531013531
vn 0.7487928936285231 0.3301369269331366 -0.5747336878299097
v -24.4923554382754354 7.2647462586004972 1.0015587116078062
vn 0.8026553215181527 0.4847890852311185 -0.3474535619034090
v -24.9244273651601311 7.8174507832887743 1.2579439080750032
vn 0.5746252461707484 0.3740837968940575 -0.7279197341496741
v -24.0393217573287572 7.4502579875906800 1.5494516931353841
vn 0.7087883011622261 0.0003584724985867 -0.7054211618834759
v -24.0142919403020620 6.0989800291180467 1.5973455413440316
vn 0.9920948382161376 0.0656423679743949 -0.1069528471412038
v -24.9231609086266879 6.8909100765115596 -0.2526841921075327
vn 0.0328769936973315 -0.3571369615519120 -0.9334732422404478
v -19.8709313030915631 14.0625314525300205 4.0573891767528574
vn 0.0873129986569074 -0.4451257911811776 -0.8912011390762860
v -20.8051014474259439 14.3389875965950164 3.8864382436100016
vn 0.1611191285255255 -0.5624898464907518 -0.8109536355538370
v -21.6462628365776020 14.9372959993238315 3.4101355443727508
vn 0.3397864439861699 -0.2253584560646511 -0.9131039035966225
v -20.9718648564341592 14.9267670946688220 3.6159206923914224
vn 0.5940022012868572 -0.4289902633775325 -0.6805356263955937
v -21.8730707994523392 15.8554110909176913 2.7318381120943429
vn 0.7490382021421083 -0.4624760368113782 -0.4744024526780600
v -22.1307743601035902 16.3004762160977172 2.0927000467387242
vn 0.1921937545891132 -0.1504246834948831 -0.9697597513262777
v -20.3369323759874234 14.4759963931456319 3.9018310009400059
vn 0.5193716594789067 -0.2670002726161677 -0.8117659353243512
v -21.3977083655275315 15.3953833729670730 3.2755495322194124
vn 0.2699113604435667 -0.6473754017834625 -0.7127783292645782
v -22.1591922350314441 15.3880622722010969 2.8952250864807927
vn 0.2750739470410151 -0.7734063769737114 -0.5711189891044371
v -22.5267773903513771 15.7313535162072249 2.3401911519399965
vn 0.1423264386132181 -0.9890823166457602 -0.0382015152884506
v -23.3250864869867023 16.2121398057676807 0.3783268369971411
vn 0.4814396084353858 -0.8683807048217548 -0.1188732725336302
v -23.0448207755185450 16.3563595509139788 0.0899788886708265
vn 0.2503401505879559 -0.8955736034282852 -0.3678012096854443
v -22.8040808798713535 15.9933124856031608 1.7392693589006163
vn 0.6610411249609862 -0.6925344635238779 -0.2888263283393820
v -22.4928008009989924 16.4718877033915554 1.1389432906646286
vn 0.9034437194307088 -0.3256177708312671 -0.2788593070709375
v -22.3025549615196539 16.7826004815499985 1.1575263721703235
vn 0.2903103925988009 -0.9272888752321978 -0.2363370851553678
v -22.9153848401552480 16.1332455537082531 1.2504900201840208
vn 0.6936236259163560 -0.6995322414565306 -0.1718746890424800
v -22.8424635943981720 16.5552677375040425 -0.1033434104069252
vn 0.6106210176901510 -0.7915862416069295 -0.0230910124000695
v -23.6425344452909307 16.0287988593196005 -1.7036322198939116
vn 0.2525102574997065 -0.9599826985315646 0.1211271578857823
v -23.6173565134266639 16.1117825579405682 -0.5454342719569845
vn 0.0948409178705333 -0.9500472363516087 0.2973473541132413
v -23.9995635884447083 15.9388157792462213 -1.0840469851638173
vn 0.4496877644658099 -0.8799256143671758 0.1533356699215502
v -24.0076731606520539 15.7597979329646929 -1.8345202102015552
vn 0.2381447353679200 -0.9023348457383681 0.3592755365772331
v -24.4361995196118755 15.6284964819282255 -1.7615453790330915
vn 0.8089044661068527 -0.5428372374730839 -0.2258346703342472
v -23.7821301379066199 16.0019090312840326 -2.4025712148034892
vn 0.7695006342586761 -0.6332567187671693 -0.0827931278049908
v -24.5646570701016600 15.2327619792539632 -3.2425005650791570
vn 0.6724955957439100 -0.7190856506002915 0.1751156783551919
v -24.7600047066885303 15.0389464619512125 -3.0201164036230197
vn 0.0208340654898850 -0.2171034805537865 -0.9759262371955142
v -20.1793692728022265 2.1931471028396197 4.0222886923957137
vn 0.5948032581483749 -0.1730729074395092 -0.7850190142961588
v -22.8396050147575522 4.1413635095358821 2.5186558218152015
vn 0.1328366135427922 -0.7357765664908927 -0.6640687301065725
v -23.2602854441502842 3.5008875382799305 2.7249171989146737
vn 0.4136296368171896 -0.4155177394505994 -0.8100960015629900
v -22.4835030424035693 3.4566410766118509 3.0309166300976926
vn 0.4531080558263778 -0.4851237849616012 -0.7478957166676182
v -23.9752159511894050 4.3085904142210438 1.7288737624287822
vn 0.2487616842947367 -0.7861894801947977 -0.5657063952775145
v -24.3735913594340907 3.9515224886207383 1.9119795761397063
vn 0.7317428886244852 -0.4157626524203387 -0.5400868095037118
v -24.6721787054143782 4.5877993347026020 0.9462492249626433
vn 0.8320966749548053 -0.0880660744101134 -0.5475942750496480
v -24.4287782467615671 5.0491902461771598 1.0610571411684298
vn 0.1093489916872284 -0.1764033640573055 -0.9782252558415430
v -20.4365095148645253 2.3047927818522052 3.9790413124718018
vn 0.0156695362545004 -0.4120515915855325 -0.9110257688481695
v -20.6719708900829779 2.0321800715074101 4.0716317294267981
vn 0.0820384820898331 -0.4635824829109608 -0.8822476800731781
v -21.5702002432018354 2.4915349143362735 3.7802025429710144
vn 0.4386166193240284 -0.1807249581691542 -0.8803146884765231
v -21.7963799302338863 3.1847694157317781 3.4675796563174237
vn 0.1809283320693050 -0.5462424955059894 -0.8178533332804901
v -22.5121122136630092 3.0280094123280517 3.3186375783044975
vn 0.0186522166875602 0.0543062904859904 -0.9983500997276914
v -20.0803381579479314 9.6580960101646287 3.9999500108095174
vn 0.6752307968219742 -0.0995090120753467 -0.7308634123685150
v -24.1089821934467921 4.8342008645893646 1.4686588755086161
vn 0.5828084424057263 0.7957988044429767 -0.1644341275640189
v -22.8582869739743550 -4.4227768657622839 0.2687150591728493
vn 0.1865581026182127 0.9562400650054655 -0.2253907993371409
v -23.0922426501190330 -4.1561012858517818 1.1319495475756156
vn 0.1184611160876514 0.8800169826437559 -0.4599315973423081
v -22.8639709833449167 -3.8538773530379014 2.0787250407342919
vn 0.6342189392852918 0.7072709173016511 -0.3123046374793689
v -22.5329695158901444 -4.3453069919509755 1.2703135159618313
vn 0.8493441499939403 0.3749238002167869 -0.3715463078837872
v -22.1292438363685449 -4.5679944400820220 1.9084857608913581
vn 0.0295868513988480 0.4971840011681419 -0.8671405233332943
v -20.8221666761006823 -2.2475318267349675 3.9411556990671417
vn 0.1554806679957759 0.1926069004189526 -0.9688799429189310
v -20.2931745041026126 -2.3857450879986426 3.9209545910040373
vn 0.2310112832137780 0.6506820631700748 -0.7233578918465314
v -22.1303443768196146 -3.3434983517287162 2.9645368280898663
vn 0.5017620795389247 0.6674465606236356 -0.5502271387785714
v -22.3844692497270898 -3.9458778112617767 2.2138767978404328
vn 0.0836543662809592 0.5599343737886066 -0.8243030050000377
v -21.5784672396983908 -2.8246720440533095 3.5164532872702616
vn 0.0221471762771915 0.3473602597571914 -0.9374701875389764
v -19.7913740550369113 -2.0613780149125391 4.0569158112685288
vn 0.6505984502454445 0.7592321216038087 0.0169776931061175
v -24.1124991747433235 -3.6377079227917930 -2.3108766635838327
vn 0.8034716640995067 0.5554317463504924 -0.2143101960598512
v -23.8713100388135970 -3.9082860454641639 -2.4920079325881987
vn 0.2354888044567848 0.9718420018654680 0.0082550824123129
v -23.4429118926916864 -4.1872594986846075 -0.0488592314730580
vn 0.1646053103468940 0.9612881727235167 0.2209754302801220
v -23.8455270288505403 -4.0232261195150665 -0.9126525892774723
vn 0.8091173568465914 0.5534234698877508 -0.1976146903116959
v -23.1746953797651116 -4.4797806894424941 -1.3149558701783057
vn 0.5157731110963306 0.8566071868902633 0.0142205920397773
v -23.4499146510080223 -4.1654363941968136 -1.1654906493062618
vn 0.3316974658744298 0.8912274290638584 0.3093387476807695
v -24.5294057704164068 -3.4692755800208199 -2.0461707500442206
vn 0.6733024077776828 0.7175098648539305 0.1784473634382683
v -24.7768914482424805 -3.0057031106763339 -3.0791473837520593
vn 0.8714057594281834 0.4781217858878729 -0.1097795987184416
v -24.6993460781097163 -3.1157035339853114 -3.4716320273706271
vn 0.8610758886079495 0.3719033538177253 -0.3467509329146185
v -24.5732581047525045 -4.3521003854506954 -5.2394345156489521
vn 0.9972463015935005 0.0308440909934944 -0.0674422420213782
v -24.9247249702972304 -3.2539506927699922 -5.6576161142939885
vn 0.9065157017602963 0.3951042975679326 -0.1487342479235635
v -22.2455014225799097 -8.2352540920347970 -3.3520717434408462
vn 0.8645483546142403 0.4387755718302984 -0.2450145711969079
v -24.5601109787700871 -3.9425159657994877 -4.3995024272688550
vn 0.9454081423955784 0.2377990140530220 -0.2228341832115358
v -22.2156556118566364 -5.5945791403624581 0.7844363263963519
vn 0.9438441049209451 0.2880502093619151 -0.1618189806312504
v -21.9743923957346006 -7.7966800223167025 -0.6997150000941554
vn 0.8575169983116031 0.4442490688718887 -0.2594366250418738
v -22.5688144830046831 -4.7930633455619445 0.2599587986485887
vn 0.9386181768510601 0.2880585474436599 -0.1897845919178917
v -22.3342845415501081 -6.9028324896464124 -1.4267282053800505
vn 0.9142783989840937 0.3286319266843638 -0.2368460806405825
v -22.6518538289870754 -5.8980765242975703 -1.3942668880877049
vn 0.9051945718599882 0.3750875039935698 -0.1998303065680644
v -22.8444549577236913 -6.6107782573813534 -3.3700829086492829
vn 0.8682301054173523 0.4237673841871101 -0.2580652788466271
v -23.3759389300763445 -5.3931905665563447 -3.2479263155896376
vn 0.0442874339314319 0.9990028643130298 -0.0056480341829125
v -19.7725262309968635 -9.9999940353566164 -5.3372908763460662
vn 0.0760506057440800 0.9938524749022413 -0.0804584582045188
v -19.1143040003760660 -9.9958456871674635 0.2692773219135878
vn 0.6156346642512630 -0.0045481154347676 -0.7880185751733437
v -22.0372845938397361 6.5125299083209001 3.3133543783747554
vn 0.1097810035080113 -0.0000274407133195 -0.9939557990754826
v -20.4957165802769232 6.0471491952333736 3.9799278266420184
vn 0.3865476402805201 0.0773951404018690 -0.9190162751745676
v -21.3794092752125167 9.0766576722001489 3.6999611495813034
vn 0.8820619699051658 0.2054441568336363 -0.4239804001011539
v -24.7175500693570704 7.0197079439545158 0.5349831953510752
vn 0.9492041797577275 -0.0661540162953934 -0.3076281379497798
v -24.7844287224815041 5.0056494422073294 0.3846712998585669
vn 0.4704167610288561 -0.0765689889599514 -0.8791161816692779
v -20.6305603363179841 16.4759252706828754 3.6647989082315089
vn 0.8178564580282520 -0.1895324997181668 -0.5433122910555818
v -21.3978771106642682 18.6110735111274472 2.6711622685239726
vn 0.0364499096006822 -0.0905783099717661 -0.9952220726314107
v -19.7451605392116711 14.3160518053734958 4.0001523903767175
vn 0.6300906299614654 -0.1311585849959687 -0.7653647650738954
v -20.8303521393762665 18.1648825484355498 3.3624575270505441
vn 0.7848283175235233 -0.1676217929516965 -0.5966133140827935
v -21.7505384235417800 16.1239980135436731 2.7896751691227850
vn 0.8698333876545417 -0.3217094447732202 -0.3740226074251800
v -21.5776579942299769 19.4964316724412576 1.8292855162732076
vn 0.5240254001010980 -0.2634665679463861 -0.8099276187557976
v -20.5217269325775327 18.9458156427070392 3.4265712406743778
vn 0.3099605548351703 -0.4774500374562421 -0.8221714639777438
v -19.7804308963630326 20.0339480429168830 3.3282074448153600
vn 0.6635398026142055 -0.6959256652991404 -0.2745949721401504
v -20.9278759624584971 21.0954673748491501 0.9613733113374279
vn 0.4753705570488903 -0.8193417606594442 -0.3204713914384713
v -20.3826460258893931 21.3641863620817851 1.3244146265742063
vn 0.7280819832759097 -0.2738124675629200 -0.6284292786273749
v -21.1306719173538866 19.1453752746384538 2.8311267458671612
vn 0.4354804720994820 -0.0956493750593385 -0.8951022039246525
v -20.4173824927913117 17.9003714496543580 3.6513221028315312
vn 0.6450512269452371 -0.4427426951254924 -0.6228064069431685
v -20.8471636002983551 19.9032290307302375 2.7034127864049742
vn 0.4744914222232238 -0.5589396966434881 -0.6800325769789767
v -20.3296569352189529 20.2933166981695017 2.8455386926193689
vn 0.3182228896665739 -0.1900370279532022 -0.9287734495015291
v -19.9538644844449848 18.7259331941842326 3.7670879480404280
vn 0.7725394087498845 -0.5188738366970770 -0.3659956331974932
v -21.2323473892794432 20.3171142857733180 1.6978510139994767
vn 0.5436343164691939 -0.6721693885151085 -0.5026430573481517
v -20.4793784395167364 20.8105379275781921 2.1800834028254310
vn 0.1369484649281081 -0.3812548166129687 -0.9142701366463012
v -19.3177532417887470 19.5553419749035520 3.6787041676776333
vn 0.2649267593270319 -0.6835745036918451 -0.6801027202525546
v -19.7598753414630544 20.7480724616479257 2.7530805728811458
vn 0.2500214386270038 -0.8058929630017015 -0.5366803633553415
v -19.6023341839717702 21.3058303475518578 2.1239316190199831
vn 0.5842937400629769 -0.8009757133192761 -0.1305324940231176
v -20.6563711497090132 21.4418175888458116 0.2954766077637539
vn 0.2832944467029891 -0.9081669704797570 -0.3081834035065277
v -19.7900682583924414 21.6646477986068966 1.2362274104338673
vn 0.0464262717738602 -0.9348326767602996 -0.3520404348229800
v -18.9790779347827794 21.7357324929970268 1.4218973615646056
vn 0.9458558558868383 0.1884471503840696 -0.2642808570379256
v -21.8607257498218068 -6.2223229018686679 1.8161132813143439
vn 0.8932975981741417 0.2512169929383491 -0.3727055453777464
v -21.6315158107613108 -7.0578043790700189 2.0130311921319626
vn 0.7328720778789397 0.4567397696807382 -0.5042690752538682
v -21.0181060073500028 -8.0865493996621840 2.3806575325139159
vn 0.4703747979464434 0.2331406861115432 -0.8511127833232687
v -20.3213220350422645 -6.7713537160279103 3.5942926599733460
vn 0.3059062120260894 0.4149637979470366 -0.8568701394244173
v -19.8776792059620746 -7.7019560567325644 3.4457637786996393
vn 0.0686589843682233 0.1449282319793494 -0.9870571166051456
v -19.1059126211833927 -6.5609516105436985 3.9601246439878737
vn 0.7599476569396352 0.5697909371519081 -0.3127584477700148
v -21.0956697226898733 -8.6840561726015935 1.4894087081430929
vn 0.0442386852187678 0.5574776509463713 -0.8290124289933358
v -18.8568953581196013 -8.1237812625244672 3.3949222416923877
vn 0.0345126456014931 0.6879278518768915 -0.7249580318236575
v -18.8683829509243353 -8.6979952738530137 2.9586108236518389
vn 0.6745797998872078 0.7120523226029564 -0.1947397839679141
v -20.9762190205248551 -9.0950884263448994 0.7802644606184167
vn 0.2202280597250993 0.6483993830566142 -0.7287508777089192
v -19.6195590732305796 -8.6275305715950648 2.9391492460850221
vn 0.0436676487781126 0.8334060624382061 -0.5509332732204839
v -18.8727992609858752 -9.3405370154968423 2.2086401203481145
vn 0.2272625202304629 0.8766034601858995 -0.4241675618061884
v -19.6031043488872996 -9.4770888361741434 1.8496435938250431
vn 0.0489372867747249 0.9240036833199856 -0.3792391530080039
v -18.8821989460270387 -9.7331984314127382 1.4234968867821742
vn 0.2681622928957221 0.9507570257117781 -0.1554029045050391
v -19.7639476001369481 -9.8526921702592833 0.5513702290434090
vn 0.0849053901189295 0.9653132070910835 -0.2469038009919639
v -19.1304966147120901 -9.9140998713465258 0.8115657115732435
vn 0.6460137867318009 0.3126957705091549 -0.6963386693686665
v -20.8770643333134025 -7.4110529372426432 2.9787549634117951
vn 0.8056914123199064 0.2204476289242877 -0.5497855864022030
v -21.3938843484319534 -6.8934175136103475 2.5607365873331727
vn 0.3651441921345704 0.1097511611787390 -0.9244589777650009
v -20.1021674302584650 -6.4494959536377365 3.7472669829062655
vn 0.9032701027995127 0.3539977133338887 -0.2424638949265142
v -21.6662511199731362 -7.9129509225784291 1.0324045581527352
vn 0.2254552346607523 0.2475048052279769 -0.9422904586979145
v -19.5857122144507443 -7.0239579933424556 3.8025038499698947
vn 0.4677853384550680 0.4927178980055485 -0.7337615076518196
v -20.2164028924680323 -8.0018178619604363 3.1389980258687085
vn 0.0381904384545246 0.2700249041850328 -0.9620956509258916
v -18.9028281416571993 -7.0943364677608631 3.8497810329122522
vn 0.0984431482941703 0.4213804497664841 -0.9015250762505319
v -19.2103052699433370 -7.6491016844064257 3.6435083808937323
vn 0.5145677512795439 0.7156170996307315 -0.4723475373696927
v -20.4439140786733375 -9.0745328943940997 1.8802086847210782
vn 0.4690832297156258 0.8566930573279234 -0.2145645104058282
v -20.2895006889872462 -9.5775897895474102 0.8863677490035768
vn 0.8389102852458376 0.5213476037680985 -0.1562888650992429
v -21.4741088753614591 -8.5590892180775775 0.3065941947027168
vn 0.4095135617705138 0.9108852000738876 -0.0508605447511255
v -21.0809054018994075 -9.7642491852365829 -6.2490805549971267
vn 0.1931806275366251 0.9808700956540655 -0.0239812550993505
v -20.2914337364346089 -9.9675931324296734 -5.7358471836480840
vn 0.1061093327059518 0.9923938472340817 -0.0624120299672707
v -20.4894588888103790 -9.9730483047069534 -8.4597415516728223
vn 0.4112416377312406 0.9084108936223078 -0.0752991616450474
v -20.3206570354884519 -9.6924400530121435 -0.3269497926841520
vn 0.3028790570258008 0.9515221312588298 -0.0535715459905341
v -20.0596127526379142 -9.8744354862394577 -1.6271521534252833
vn 0.6836162304812250 0.7218285417847061 -0.1078536308503595
v -21.3620933168424969 -9.1464624721092971 -1.8837929514486780
vn 0.7892109463415828 0.6028149792102104 -0.1173038064788051
v -22.0087134178613191 -8.8204054133340666 -4.1357940513620974
vn 0.6179627771395811 0.7813162769553454 -0.0875607299796770
v -21.6203175151107949 -9.4162222631394954 -5.6440581646211463
vn 0.7051414452356281 0.6814152311691387 -0.1960837192163565
v -22.3003939845412731 -8.8482095765736464 -6.3773068306606335
vn 0.3156386609770380 0.9477224488596087 -0.0468443766547165
v -20.5508814977923180 -9.8591178568659057 -4.2529544005240529
vn 0.4807575621570075 0.8736521534730911 -0.0748604111709355
v -20.9194518383343144 -9.6335194869164535 -3.2660550777451145
vn 0.2094576420584791 0.9770925332868898 -0.0376520594165839
v -19.6792768853392985 -9.9548876779492446 -1.1467920159452536
vn 0.5764862706723742 0.8110549390935308 -0.0992646235989791
v -20.8855021224840023 -9.3901233641136237 -0.7555013229347721
vn -0.5908097101415637 -0.7782798032069884 0.2126603731834705
v -31.9249936731762212 12.2878325296632021 -11.6885104911701401
vn -0.7973741890951478 -0.5444386584518017 0.2603477477299502
v -31.9250020543597941 11.8857397951248593 -12.7749501716809934
vn -0.7053713112631065 -0.5778558729764299 0.4105288093588730
v -31.9250049349384959 11.3134074192553236 -13.7606318665672731
vn -0.6998809933861828 -0.4934608696348723 0.5163941955870196
v -31.9249959664108971 10.5723160464018946 -14.6277400816300496
vn -0.8558054674011939 -0.2928797496382858 0.4264017521282470
v -31.9250043496148130 9.7191891541794551 -15.3474254875543821
vn -0.7978043245999997 -0.2420692834219715 0.5521872161442271
v -31.9250012063182567 8.4807933314197861 -16.0183315892502165
vn -0.7002558465262936 -0.1368132336919018 0.7006596095769393
v -31.9250018868197678 7.1704551098769400 -16.4051529234063445
vn -0.7954304755877212 -0.0076523984245159 0.6059965340698278
v -31.9249994486050106 6.0055367604557190 -16.5013699617363940
vn -0.7047083447988570 0.0781187358450055 0.7051833888293411
v -31.9250006194394054 5.1937232529369943 -16.4541856251786882
vn -0.6999118546468793 0.1921712093906485 0.6878907049859746
v -31.9250123506962744 4.2309894891776256 -16.2636157438281757
vn -0.8553606497763812 0.2630928724623650 0.4462513857386088
v -31.9249653937007558 2.6897923808274804 -15.6215487602330221
vn -0.6984459829508224 0.4793962155245626 0.5313684949642634
v -31.9249992226511665 1.5981686327637319 -14.7851729902554823
vn -0.7030347960564596 0.5851080615160843 0.4042160707873234
v -31.9249570989379023 0.6818388006990391 -13.7776829387596820
vn -0.7019200854670086 0.6555799531775997 0.2784297372940681
v -31.9249832652498640 0.0243476140155982 -12.5719871181800702
vn -0.7007426278415199 0.6999627193955991 0.1378838677368706
v -31.9250065284158779 -0.3841511102887622 -11.3103289715404021
vn -0.8552951629930906 0.5179237653871313 -0.0150052460105994
v -31.9250257514719387 -0.5015498443108521 -9.7121048269669110
vn -0.7028117343245509 0.6987775105096720 -0.1332878722976039
v -31.9249992399999982 -0.3711210800000000 -8.7120504400000005
vn -0.7028821798535998 0.6639137607222708 -0.2552942607421155
v -31.9249777189554713 -0.1073558592449813 -7.7299471530282320
vn -0.7776375491569969 0.5129851918113550 -0.3634914512383568
v -31.9250097209829349 0.6661233470234487 -6.2571103724678672
vn -0.7001287830951851 0.4861587066774941 -0.5229430169753885
v -31.9249978021860521 1.4875161610447925 -5.3138980623430276
vn -0.7004702002333885 0.3746043388704550 -0.6074644745863135
v -31.9249820783093803 2.3678340827848805 -4.5959486462950174
vn -0.8934163529355347 0.1655988711677287 -0.4175933837782181
v -31.9249973271940810 3.6536630581574601 -3.9249715754650532
vn -0.7984304280575785 0.1192317807663949 -0.5901632265797881
v -31.9249950666172353 4.8165217925676558 -3.6021207315310320
vn -0.7987149088893618 0.0171698518725334 -0.6014646211578313
v -31.9250217910292022 5.9562847945058586 -3.4859740601544749
vn -0.5959873138304966 -0.1396660496484567 -0.7907543969708318
v -31.9249983085155691 7.2356792452329692 -3.6094783061826572
vn -0.8557698596414307 -0.1791718918975537 -0.4853404789249885
v -31.9249978046794780 8.3442434976001856 -3.9316923787729574
vn -0.8006441553947723 -0.2945482580914077 -0.5217377311327112
v -31.9249934278459975 9.3030059540959993 -4.3886930057788476
vn -0.7015242788212409 -0.4582810994418191 -0.5457491366174897
v -31.9249979842811733 10.2780925363086375 -5.0982815889202966
vn -0.5912550935768444 -0.6269003540385322 -0.5073592025634307
v -31.9249937069984249 11.0978699764124862 -5.9482211471032747
vn -0.7657942965958784 -0.5846142206609956 -0.2679278042722716
v -31.9249967602100426 11.9193958552810795 -7.2700111460838386
vn -0.8943039540363353 -0.4375927730822138 -0.0934505363344394
v -31.9250074944343467 12.3630853112716572 -8.6447405708624796
vn -0.8303427144195180 -0.5571262201960349 -0.0118891286689096
v -31.9250051902090703 12.5260837716886400 -10.1397189890295376
vn -0.9519953380454982 0.3043126660655709 0.0331463061547131
v -26.9250087827658540 22.1248437791868859 -8.3182434895758401
vn -0.9654721394989083 0.2533473085609853 0.0606521977862733
v -26.9250418497214383 21.7429040678680998 -6.1141524737903978
vn -0.9520833017282375 0.2861537441268253 0.1079510133924507
v -26.9249760584178368 21.1006486138117033 -4.1134998431303025
vn -0.9514094358539823 0.2682462869104851 0.1512085147296429
v -26.9250359231854368 20.2202996917632412 -2.2055685956579762
vn -0.9536105436687374 0.2330555860887481 0.1905571431267930
v -26.9250447584227857 18.7828209548249276 -0.0220173593236390
vn -0.9739800738394552 0.1452073789402124 0.1740046920775504
v -26.9249898765982003 16.5154829301257173 2.3701132525099675
vn -0.9366335933448861 0.1708264839958955 0.3058362702222329
v -26.9250074022384354 14.0886378022265149 4.0511955540371583
vn -0.9697474776244958 0.0947554997540402 0.2249693866002451
v -26.9250009939366670 12.2756488299982305 4.9403902153775814
vn -0.9514863723428698 0.0834150968522061 0.2961682036663335
v -26.9250035952892652 10.3835570246520508 5.6095943374246717
vn -0.9518296727892644 0.0390325376155352 0.3041327588491145
v -26.9250395825903794 8.2184212216635579 6.0617036165275513
vn -0.9657252329884799 -0.0023105928424943 0.2595562280702629
v -26.9250567032844863 5.5638022248479153 6.2114550525709120
vn -0.9513458973649987 -0.0520728580852986 0.3036929387022580
v -26.9250022848263590 3.1769495891055741 5.9660147620463775
vn -0.9526074170029366 -0.0943959383571864 0.2891859538301603
v -26.9249992759994576 0.8498138875327748 5.3744588374625124
vn -0.9520916881561634 -0.1385298680560950 0.2726369252326395
v -26.9250033217077380 -1.3859041168192026 4.4336318593567361
vn -0.9653568401646812 -0.1510993339270849 0.2127326078297674
v -26.9250385651243000 -3.2928557611603124 3.2868948693826705
vn -0.9374781551289035 -0.2418919408078262 0.2502458743482712
v -26.9249948770430336 -5.2865964298198147 1.6462683104303475
vn -0.9653984693496902 -0.2093120780576582 0.1555450074944869
v -26.9250147834089262 -6.9728424392836263 -0.2647658926592599
vn -0.9510759710717419 -0.2709258798535024 0.1485047638143258
v -26.9250032727489774 -8.2319584350196848 -2.2326602442968757
vn -0.9798510249880276 -0.1858687546849019 0.0731079671567721
v -26.9250005381893658 -9.0779651215601902 -4.0621800179765444
vn -0.9650819013935278 -0.2528183267186948 0.0685552133525395
v -26.9250050534943632 -9.7039575585086748 -5.9679680397389063
vn -0.9523401290098298 -0.3040535688320114 0.0244888945862838
v -26.9251188914615192 -10.1898780489615088 -8.8155520701048093
vn -0.9657556722932786 -0.2582057101613033 -0.0254124511500660
v -26.9250034018930720 -10.1357966138222686 -11.5861892347151141
vn -0.9515947138456508 -0.2956791571989393 -0.0839126723393957
v -26.9251169912190313 -9.5943023379345469 -14.5315582153704064
vn -0.9523345406851318 -0.2764096989960864 -0.1290604545123412
v -26.9249992399999982 -8.5956954999999997 -17.0289173100000006
vn -0.9651018805906558 -0.2215440400261388 -0.1396302202579236
v -26.9250078366989918 -7.8555139589216800 -18.4193236216076706
vn -0.9289078141322757 -0.2898251785149960 -0.2305030124374697
v -26.9249993847079452 -6.6921195397543363 -20.0756495009038467
vn -0.9507230324287466 -0.2145286385836115 -0.2238373937414183
v -26.9250100250472428 -5.3560151571065715 -21.5710935693667984
vn -0.9530998711931908 -0.1799990083365459 -0.2433125408386977
v -26.9250008213349012 -3.8167565124527063 -22.8930889290910322
vn -0.9660202687131291 -0.1255451743800477 -0.2259275318001269
v -26.9250089848776533 -2.1556272986776865 -24.0120827816307312
vn -0.9524968558161178 -0.1035498531322215 -0.2864038539836803
v -26.9251879111702763 0.4114363428830985 -25.2335521916115688
vn -0.9658899475449022 -0.0477783094151836 -0.2545070576253889
v -26.9250094144519352 3.1410107658844098 -25.9598316943317080
vn -0.9502759468504628 -0.0089638001555469 -0.3112800589890525
v -26.9250049855509417 5.5521829246476475 -26.2068789426493503
vn -0.9648305593609264 0.0279007667489547 -0.2613877176496676
v -26.9250348720993635 7.8657150000630054 -26.1108886706116010
vn -0.9630615029634899 0.0747682726140350 -0.2586933453338471
v -26.9250749733866783 10.7061878717735404 -25.5286804797028530
vn -0.9660022961085640 0.1189560507914716 -0.2295408937271947
v -26.9250150668354209 13.4683019035155471 -24.3958138585266333
vn -0.9654892162160867 0.1505844465420182 -0.2124968183999013
v -26.9250073815966964 15.4016833088148122 -23.2093368116231247
vn -0.9657781525630071 0.2038343655180185 -0.1603873793845759
v -26.9249922872957015 18.8813940565573404 -19.8496156866098836
vn -0.9530040486692002 0.2690790524427977 -0.1392111588795915
v -26.9249816676748637 20.5506697670302039 -17.1802009213459215
vn -0.9530511889398927 0.2868520572368136 -0.0970016933834918
v -26.9249992399999982 21.4802799200000010 -14.7750339499999992
vn -0.9508374378140401 0.3032466093773398 -0.0628463264827673
v -26.9250059317223460 21.8745049755934460 -13.2973741249183153
vn -0.9652750788356643 0.2609982736654588 -0.0111320852697123
v -26.9250800391584697 22.2025338020757772 -10.8374720989423015
# 2476 vertices, 0 vertices normals

f 1//1 2//2 44//44
f 3//3 2//2 1//1
f 3//3 4//4 2//2
f 5//5 4//4 3//3
f 5//5 6//6 4//4
f 7//7 6//6 5//5
f 7//7 8//8 6//6
f 10//10 8//8 7//7
f 10//10 9//9 8//8
f 11//11 9//9 10//10
f 11//11 12//12 9//9
f 13//13 12//12 11//11
f 13//13 14//14 12//12
f 15//15 14//14 13//13
f 15//15 16//16 14//14
f 18//18 17//17 16//16
f 18//18 16//16 15//15
f 19//19 17//17 18//18
f 19//19 22//22 17//17
f 20//20 21//21 22//22
f 20//20 22//22 19//19
f 23//23 21//21 20//20
f 23//23 24//24 21//21
f 25//25 24//24 23//23
f 25//25 26//26 24//24
f 27//27 28//28 26//26
f 27//27 26//26 25//25
f 30//30 28//28 27//27
f 30//30 29//29 28//28
f 31//31 29//29 30//30
f 31//31 32//32 29//29
f 33//33 32//32 31//31
f 33//33 35//35 32//32
f 34//34 35//35 33//33
f 34//34 37//37 35//35
f 36//36 37//37 34//34
f 36//36 38//38 37//37
f 36//36 40//40 38//38
f 39//39 40//40 36//36
f 39//39 41//41 40//40
f 43//43 41//41 39//39
f 43//43 42//42 41//41
f 1//1 44//44 42//42
f 1//1 42//42 43//43
f 8//8 4//4 6//6
f 12//12 8//8 9//9
f 41//41 42//42 44//44
f 40//40 41//41 44//44
f 37//37 40//40 44//44
f 37//37 2//2 4//4
f 37//37 38//38 40//40
f 37//37 44//44 2//2
f 22//22 16//16 17//17
f 22//22 14//14 16//16
f 21//21 14//14 22//22
f 32//32 35//35 37//37
f 32//32 4//4 8//8
f 32//32 37//37 4//4
f 28//28 29//29 32//32
f 26//26 32//32 8//8
f 26//26 8//8 12//12
f 26//26 14//14 21//21
f 26//26 21//21 24//24
f 26//26 28//28 32//32
f 26//26 12//12 14//14
f 45//45 48//48 93//93
f 46//46 48//48 45//45
f 46//46 47//47 48//48
f 49//49 47//47 46//46
f 51//51 50//50 47//47
f 51//51 47//47 49//49
f 51//51 52//52 50//50
f 53//53 52//52 51//51
f 53//53 55//55 52//52
f 54//54 55//55 53//53
f 57//57 55//55 54//54
f 57//57 56//56 55//55
f 58//58 59//59 56//56
f 58//58 56//56 57//57
f 61//61 59//59 58//58
f 61//61 60//60 59//59
f 62//62 60//60 61//61
f 62//62 63//63 60//60
f 64//64 63//63 62//62
f 64//64 65//65 63//63
f 66//66 65//65 64//64
f 66//66 67//67 65//65
f 69//69 67//67 66//66
f 69//69 68//68 67//67
f 69//69 71//71 68//68
f 70//70 71//71 69//69
f 70//70 72//72 71//71
f 73//73 72//72 70//70
f 73//73 74//74 72//72
f 76//76 74//74 73//73
f 76//76 75//75 74//74
f 77//77 78//78 75//75
f 77//77 75//75 76//76
f 77//77 79//79 78//78
f 80//80 79//79 77//77
f 80//80 81//81 79//79
f 83//83 81//81 80//80
f 83//83 82//82 81//81
f 85//85 84//84 82//82
f 85//85 82//82 83//83
f 85//85 86//86 84//84
f 87//87 86//86 85//85
f 87//87 88//88 86//86
f 90//90 89//89 88//88
f 90//90 88//88 87//87
f 90//90 91//91 89//89
f 92//92 91//91 90//90
f 92//92 93//93 91//91
f 45//45 93//93 92//92
f 48//48 50//50 52//52
f 48//48 47//47 50//50
f 59//59 52//52 55//55
f 59//59 55//55 56//56
f 84//84 86//86 88//88
f 65//65 59//59 60//60
f 65//65 60//60 63//63
f 84//84 93//93 48//48
f 84//84 91//91 93//93
f 84//84 89//89 91//91
f 84//84 88//88 89//89
f 84//84 48//48 52//52
f 81//81 82//82 84//84
f 68//68 65//65 67//67
f 78//78 79//79 81//81
f 71//71 65//65 68//68
f 74//74 71//71 72//72
f 74//74 65//65 71//71
f 74//74 59//59 65//65
f 75//75 81//81 84//84
f 75//75 52//52 59//59
f 75//75 78//78 81//81
f 75//75 59//59 74//74
f 75//75 84//84 52//52
f 134//134 94//94 135//135
f 95//95 94//94 134//134
f 95//95 96//96 94//94
f 97//97 96//96 95//95
f 97//97 99//99 96//96
f 98//98 99//99 97//97
f 100//100 101//101 99//99
f 100//100 99//99 98//98
f 102//102 101//101 100//100
f 102//102 103//103 101//101
f 105//105 104//104 103//103
f 105//105 103//103 102//102
f 106//106 107//107 104//104
f 106//106 104//104 105//105
f 108//108 109//109 107//107
f 108//108 107//107 106//106
f 111//111 109//109 108//108
f 111//111 110//110 109//109
f 113//113 110//110 111//111
f 113//113 112//112 110//110
f 113//113 115//115 112//112
f 114//114 115//115 113//113
f 116//116 115//115 114//114
f 116//116 118//118 115//115
f 117//117 118//118 116//116
f 119//119 118//118 117//117
f 119//119 121//121 118//118
f 120//120 121//121 119//119
f 122//122 121//121 120//120
f 122//122 123//123 121//121
f 124//124 123//123 122//122
f 124//124 125//125 123//123
f 126//126 125//125 124//124
f 126//126 127//127 125//125
f 129//129 128//128 127//127
f 129//129 127//127 126//126
f 129//129 130//130 128//128
f 131//131 130//130 129//129
f 131//131 132//132 130//130
f 133//133 132//132 131//131
f 133//133 135//135 132//132
f 134//134 135//135 133//133
f 107//107 103//103 104//104
f 130//130 135//135 94//94
f 130//130 132//132 135//135
f 109//109 103//103 107//107
f 128//128 130//130 94//94
f 128//128 96//96 99//99
f 128//128 94//94 96//96
f 125//125 101//101 103//103
f 125//125 103//103 109//109
f 125//125 128//128 99//99
f 125//125 109//109 110//110
f 125//125 99//99 101//101
f 125//125 127//127 128//128
f 125//125 110//110 112//112
f 121//121 123//123 125//125
f 121//121 125//125 112//112
f 121//121 115//115 118//118
f 121//121 112//112 115//115
f 136//136 137//137 158//158
f 137//137 136//136 1936//1936
f 138//138 185//185 139//139
f 138//138 159//159 185//185
f 140//140 138//138 139//139
f 141//141 140//140 139//139
f 142//142 141//141 139//139
f 142//142 139//139 145//145
f 143//143 142//142 145//145
f 144//144 143//143 145//145
f 146//146 144//144 145//145
f 148//148 146//146 145//145
f 148//148 145//145 147//147
f 149//149 148//148 147//147
f 150//150 149//149 147//147
f 150//150 147//147 152//152
f 151//151 150//150 152//152
f 153//153 151//151 152//152
f 154//154 153//153 152//152
f 155//155 152//152 156//156
f 155//155 154//154 152//152
f 157//157 155//155 156//156
f 157//157 156//156 1944//1944
f 157//157 1944//1944 158//158
f 1975//1975 1973//1973 159//159
f 184//184 1799//1799 161//161
f 1975//1975 159//159 160//160
f 1975//1975 160//160 1978//1978
f 1978//1978 160//160 162//162
f 1978//1978 162//162 163//163
f 1799//1799 162//162 161//161
f 1799//1799 163//163 162//162
f 165//165 164//164 182//182
f 165//165 182//182 1829//1829
f 166//166 164//164 165//165
f 166//166 165//165 169//169
f 167//167 166//166 169//169
f 168//168 167//167 169//169
f 170//170 168//168 169//169
f 171//171 170//170 169//169
f 171//171 169//169 172//172
f 173//173 171//171 172//172
f 174//174 173//173 172//172
f 175//175 174//174 172//172
f 175//175 172//172 178//178
f 176//176 175//175 178//178
f 177//177 176//176 178//178
f 179//179 177//177 178//178
f 180//180 178//178 181//181
f 180//180 179//179 178//178
f 184//184 180//180 181//181
f 161//161 180//180 184//184
f 183//183 1829//1829 182//182
f 1116//1116 1836//1836 183//183
f 183//183 182//182 1116//1116
f 185//185 159//159 1973//1973
f 136//136 158//158 1944//1944
f 186//186 138//138 140//140
f 186//186 187//187 138//138
f 186//186 140//140 141//141
f 188//188 141//141 142//142
f 188//188 186//186 141//141
f 189//189 142//142 143//143
f 189//189 188//188 142//142
f 190//190 143//143 144//144
f 190//190 189//189 143//143
f 191//191 190//190 144//144
f 191//191 144//144 146//146
f 192//192 146//146 148//148
f 192//192 191//191 146//146
f 193//193 148//148 149//149
f 193//193 192//192 148//148
f 193//193 149//149 150//150
f 194//194 150//150 151//151
f 194//194 193//193 150//150
f 195//195 194//194 151//151
f 195//195 151//151 153//153
f 196//196 195//195 153//153
f 197//197 153//153 154//154
f 197//197 196//196 153//153
f 197//197 154//154 155//155
f 198//198 197//197 155//155
f 198//198 155//155 157//157
f 199//199 198//198 157//157
f 201//201 200//200 180//180
f 204//204 201//201 180//180
f 202//202 180//180 200//200
f 203//203 180//180 202//202
f 205//205 204//204 180//180
f 219//219 180//180 203//203
f 206//206 205//205 180//180
f 161//161 207//207 206//206
f 161//161 206//206 180//180
f 161//161 208//208 207//207
f 161//161 209//209 208//208
f 210//210 209//209 161//161
f 211//211 213//213 212//212
f 211//211 214//214 213//213
f 211//211 215//215 214//214
f 211//211 180//180 219//219
f 211//211 216//216 215//215
f 211//211 217//217 216//216
f 211//211 218//218 217//217
f 211//211 219//219 218//218
f 220//220 161//161 162//162
f 222//222 220//220 162//162
f 221//221 161//161 220//220
f 224//224 161//161 221//221
f 223//223 222//222 162//162
f 224//224 210//210 161//161
f 224//224 226//226 210//210
f 225//225 226//226 224//224
f 228//228 223//223 162//162
f 228//228 162//162 160//160
f 227//227 226//226 225//225
f 227//227 230//230 226//226
f 231//231 230//230 227//227
f 229//229 228//228 160//160
f 229//229 160//160 159//159
f 231//231 232//232 230//230
f 233//233 232//232 231//231
f 234//234 229//229 159//159
f 233//233 212//212 232//232
f 233//233 211//211 212//212
f 235//235 211//211 233//233
f 236//236 234//234 159//159
f 237//237 211//211 235//235
f 238//238 211//211 237//237
f 239//239 159//159 240//240
f 241//241 159//159 239//239
f 240//240 159//159 138//138
f 242//242 240//240 138//138
f 241//241 236//236 159//159
f 243//243 236//236 241//241
f 244//244 242//242 138//138
f 243//243 245//245 236//236
f 246//246 245//245 243//243
f 249//249 244//244 138//138
f 246//246 247//247 245//245
f 248//248 247//247 246//246
f 252//252 249//249 138//138
f 248//248 250//250 247//247
f 251//251 250//250 248//248
f 251//251 262//262 250//250
f 253//253 252//252 138//138
f 254//254 253//253 138//138
f 187//187 255//255 262//262
f 187//187 238//238 255//255
f 187//187 262//262 251//251
f 187//187 256//256 254//254
f 187//187 257//257 256//256
f 187//187 258//258 257//257
f 187//187 211//211 238//238
f 187//187 259//259 258//258
f 187//187 260//260 259//259
f 187//187 261//261 260//260
f 187//187 251//251 261//261
f 187//187 254//254 138//138
f 179//179 180//180 211//211
f 179//179 211//211 263//263
f 177//177 263//263 264//264
f 177//177 179//179 263//263
f 177//177 264//264 265//265
f 176//176 177//177 265//265
f 176//176 265//265 266//266
f 175//175 176//176 266//266
f 175//175 266//266 267//267
f 174//174 175//175 267//267
f 174//174 267//267 268//268
f 173//173 174//174 268//268
f 173//173 268//268 269//269
f 171//171 173//173 269//269
f 171//171 269//269 270//270
f 170//170 171//171 270//270
f 170//170 270//270 271//271
f 168//168 170//170 271//271
f 168//168 271//271 272//272
f 167//167 168//168 272//272
f 167//167 272//272 273//273
f 166//166 167//167 273//273
f 166//166 273//273 274//274
f 164//164 166//166 274//274
f 164//164 274//274 275//275
f 199//199 276//276 277//277
f 198//198 199//199 277//277
f 197//197 198//198 277//277
f 196//196 197//197 277//277
f 195//195 196//196 277//277
f 195//195 277//277 278//278
f 194//194 195//195 278//278
f 193//193 194//194 278//278
f 192//192 193//193 278//278
f 192//192 278//278 279//279
f 191//191 192//192 279//279
f 190//190 191//191 279//279
f 189//189 190//190 279//279
f 189//189 279//279 280//280
f 188//188 189//189 280//280
f 186//186 188//188 280//280
f 187//187 186//186 280//280
f 280//280 211//211 187//187
f 280//280 281//281 211//211
f 263//263 211//211 281//281
f 263//263 281//281 282//282
f 264//264 263//263 282//282
f 264//264 282//282 283//283
f 265//265 264//264 283//283
f 266//266 265//265 283//283
f 267//267 266//266 283//283
f 267//267 283//283 284//284
f 268//268 267//267 284//284
f 269//269 268//268 284//284
f 270//270 269//269 284//284
f 271//271 270//270 284//284
f 271//271 284//284 285//285
f 272//272 271//271 285//285
f 273//273 272//272 285//285
f 274//274 273//273 285//285
f 275//275 285//285 286//286
f 275//275 274//274 285//285
f 288//288 287//287 290//290
f 288//288 290//290 289//289
f 290//290 291//291 289//289
f 293//293 292//292 291//291
f 293//293 291//291 290//290
f 293//293 294//294 292//292
f 296//296 294//294 293//293
f 296//296 295//295 294//294
f 296//296 298//298 295//295
f 297//297 298//298 296//296
f 297//297 299//299 298//298
f 301//301 300//300 299//299
f 301//301 299//299 297//297
f 301//301 302//302 300//300
f 305//305 302//302 301//301
f 305//305 303//303 302//302
f 305//305 304//304 303//303
f 307//307 305//305 306//306
f 307//307 304//304 305//305
f 306//306 308//308 307//307
f 306//306 309//309 308//308
f 311//311 309//309 306//306
f 311//311 310//310 309//309
f 311//311 312//312 310//310
f 313//313 312//312 311//311
f 313//313 314//314 312//312
f 316//316 315//315 314//314
f 316//316 314//314 313//313
f 316//316 317//317 315//315
f 318//318 317//317 316//316
f 318//318 319//319 317//317
f 321//321 319//319 318//318
f 321//321 320//320 319//319
f 321//321 322//322 320//320
f 322//322 321//321 323//323
f 324//324 323//323 321//321
f 325//325 323//323 324//324
f 324//324 326//326 325//325
f 324//324 327//327 326//326
f 328//328 327//327 324//324
f 328//328 329//329 327//327
f 328//328 330//330 329//329
f 332//332 330//330 328//328
f 332//332 331//331 330//330
f 332//332 333//333 331//331
f 335//335 333//333 332//332
f 335//335 334//334 333//333
f 335//335 336//336 334//334
f 335//335 337//337 336//336
f 340//340 337//337 335//335
f 340//340 338//338 337//337
f 340//340 339//339 338//338
f 340//340 341//341 339//339
f 343//343 341//341 340//340
f 342//342 341//341 343//343
f 343//343 344//344 342//342
f 343//343 346//346 344//344
f 345//345 346//346 343//343
f 345//345 347//347 346//346
f 345//345 348//348 347//347
f 351//351 348//348 345//345
f 351//351 349//349 348//348
f 351//351 350//350 349//349
f 351//351 352//352 350//350
f 354//354 352//352 351//351
f 354//354 353//353 352//352
f 356//356 353//353 354//354
f 355//355 356//356 354//354
f 165//165 1829//1829 1827//1827
f 165//165 1827//1827 1821//1821
f 1815//1815 165//165 1821//1821
f 1815//1815 169//169 165//165
f 1815//1815 172//172 169//169
f 172//172 1815//1815 1814//1814
f 178//178 172//172 1814//1814
f 181//181 178//178 1814//1814
f 1807//1807 181//181 1814//1814
f 1803//1803 181//181 1807//1807
f 184//184 181//181 1803//1803
f 224//224 357//357 374//374
f 221//221 357//357 224//224
f 221//221 358//358 357//357
f 220//220 358//358 221//221
f 220//220 359//359 358//358
f 222//222 359//359 220//220
f 222//222 360//360 359//359
f 223//223 360//360 222//222
f 223//223 361//361 360//360
f 223//223 362//362 361//361
f 228//228 362//362 223//223
f 228//228 363//363 362//362
f 229//229 363//363 228//228
f 229//229 364//364 363//363
f 234//234 364//364 229//229
f 234//234 365//365 364//364
f 236//236 365//365 234//234
f 236//236 366//366 365//365
f 245//245 366//366 236//236
f 247//247 366//366 245//245
f 247//247 367//367 366//366
f 250//250 367//367 247//247
f 250//250 368//368 367//367
f 262//262 368//368 250//250
f 255//255 368//368 262//262
f 255//255 369//369 368//368
f 238//238 369//369 255//255
f 238//238 370//370 369//369
f 237//237 370//370 238//238
f 235//235 371//371 370//370
f 235//235 370//370 237//237
f 233//233 371//371 235//235
f 231//231 371//371 233//233
f 231//231 372//372 371//371
f 227//227 373//373 372//372
f 227//227 372//372 231//231
f 225//225 374//374 373//373
f 225//225 373//373 227//227
f 224//224 374//374 225//225
f 203//203 393//393 219//219
f 203//203 375//375 393//393
f 202//202 375//375 203//203
f 200//200 425//425 375//375
f 200//200 375//375 202//202
f 201//201 376//376 425//425
f 201//201 425//425 200//200
f 204//204 376//376 201//201
f 204//204 377//377 376//376
f 204//204 378//378 377//377
f 205//205 378//378 204//204
f 206//206 379//379 378//378
f 206//206 378//378 205//205
f 207//207 379//379 206//206
f 207//207 380//380 379//379
f 208//208 381//381 380//380
f 208//208 380//380 207//207
f 209//209 381//381 208//208
f 209//209 382//382 381//381
f 210//210 382//382 209//209
f 210//210 383//383 382//382
f 226//226 383//383 210//210
f 226//226 384//384 383//383
f 230//230 384//384 226//226
f 230//230 385//385 384//384
f 232//232 385//385 230//230
f 212//212 385//385 232//232
f 212//212 386//386 385//385
f 213//213 386//386 212//212
f 213//213 387//387 386//386
f 214//214 387//387 213//213
f 214//214 388//388 387//387
f 215//215 388//388 214//214
f 215//215 389//389 388//388
f 216//216 389//389 215//215
f 216//216 390//390 389//389
f 217//217 390//390 216//216
f 217//217 391//391 390//390
f 218//218 391//391 217//217
f 218//218 392//392 391//391
f 219//219 393//393 392//392
f 219//219 392//392 218//218
f 241//241 411//411 243//243
f 241//241 394//394 411//411
f 239//239 394//394 241//241
f 239//239 395//395 394//394
f 240//240 395//395 239//239
f 240//240 396//396 395//395
f 242//242 397//397 396//396
f 242//242 396//396 240//240
f 242//242 398//398 397//397
f 244//244 398//398 242//242
f 244//244 399//399 398//398
f 249//249 399//399 244//244
f 249//249 400//400 399//399
f 252//252 400//400 249//249
f 252//252 401//401 400//400
f 253//253 401//401 252//252
f 253//253 402//402 401//401
f 254//254 402//402 253//253
f 254//254 403//403 402//402
f 256//256 403//403 254//254
f 256//256 404//404 403//403
f 257//257 404//404 256//256
f 257//257 405//405 404//404
f 258//258 405//405 257//257
f 258//258 406//406 405//405
f 259//259 406//406 258//258
f 259//259 407//407 406//406
f 260//260 407//407 259//259
f 260//260 408//408 407//407
f 261//261 408//408 260//260
f 251//251 408//408 261//261
f 251//251 409//409 408//408
f 248//248 409//409 251//251
f 248//248 410//410 409//409
f 246//246 410//410 248//248
f 246//246 411//411 410//410
f 243//243 411//411 246//246
f 360//360 361//361 413//413
f 413//413 674//674 360//360
f 684//684 674//674 413//413
f 747//747 412//412 416//416
f 415//415 747//747 416//416
f 415//415 744//744 747//747
f 415//415 414//414 744//744
f 684//684 413//413 746//746
f 746//746 744//744 414//414
f 414//414 684//684 746//746
f 417//417 419//419 775//775
f 417//417 423//423 419//419
f 774//774 418//418 424//424
f 420//420 419//419 423//423
f 418//418 419//419 691//691
f 419//419 420//420 691//691
f 421//421 774//774 424//424
f 422//422 379//379 380//380
f 422//422 380//380 381//381
f 418//418 775//775 419//419
f 422//422 378//378 379//379
f 422//422 420//420 423//423
f 423//423 378//378 422//422
f 423//423 377//377 378//378
f 423//423 376//376 377//377
f 423//423 425//425 376//376
f 423//423 417//417 425//425
f 420//420 422//422 697//697
f 691//691 424//424 418//418
f 696//696 422//422 381//381
f 696//696 697//697 422//422
f 696//696 381//381 382//382
f 408//408 409//409 341//341
f 410//410 631//631 341//341
f 410//410 341//341 409//409
f 407//407 408//408 341//341
f 411//411 631//631 410//410
f 407//407 341//341 342//342
f 406//406 407//407 342//342
f 394//394 631//631 411//411
f 405//405 406//406 342//342
f 404//404 405//405 342//342
f 597//597 352//352 353//353
f 758//758 352//352 597//597
f 769//769 352//352 758//758
f 769//769 350//350 352//352
f 767//767 350//350 769//769
f 767//767 349//349 350//350
f 426//426 349//349 767//767
f 426//426 348//348 349//349
f 426//426 347//347 348//348
f 427//427 347//347 426//426
f 427//427 346//346 347//347
f 428//428 346//346 427//427
f 429//429 344//344 346//346
f 429//429 346//346 428//428
f 756//756 344//344 429//429
f 756//756 342//342 344//344
f 403//403 342//342 756//756
f 404//404 342//342 403//403
f 483//483 430//430 484//484
f 431//431 430//430 483//483
f 431//431 432//432 430//430
f 433//433 432//432 431//431
f 433//433 434//434 432//432
f 435//435 434//434 433//433
f 435//435 436//436 434//434
f 437//437 436//436 435//435
f 437//437 438//438 436//436
f 440//440 439//439 438//438
f 440//440 438//438 437//437
f 440//440 441//441 439//439
f 442//442 441//441 440//440
f 442//442 443//443 441//441
f 444//444 443//443 442//442
f 445//445 443//443 444//444
f 445//445 446//446 443//443
f 448//448 446//446 445//445
f 448//448 447//447 446//446
f 449//449 447//447 448//448
f 449//449 450//450 447//447
f 449//449 451//451 450//450
f 452//452 451//451 449//449
f 452//452 453//453 451//451
f 454//454 453//453 452//452
f 455//455 456//456 453//453
f 455//455 453//453 454//454
f 457//457 456//456 455//455
f 457//457 459//459 456//456
f 458//458 459//459 457//457
f 458//458 461//461 459//459
f 460//460 461//461 458//458
f 463//463 461//461 460//460
f 463//463 462//462 461//461
f 463//463 464//464 462//462
f 465//465 464//464 463//463
f 465//465 466//466 464//464
f 467//467 466//466 465//465
f 467//467 468//468 466//466
f 470//470 468//468 467//467
f 470//470 469//469 468//468
f 472//472 471//471 469//469
f 472//472 469//469 470//470
f 474//474 473//473 471//471
f 474//474 471//471 472//472
f 474//474 476//476 473//473
f 475//475 476//476 474//474
f 475//475 477//477 476//476
f 478//478 477//477 475//475
f 478//478 480//480 477//477
f 479//479 480//480 478//478
f 481//481 482//482 480//480
f 481//481 480//480 479//479
f 481//481 484//484 482//482
f 483//483 484//484 481//481
f 541//541 485//485 542//542
f 486//486 485//485 541//541
f 486//486 487//487 485//485
f 488//488 487//487 486//486
f 488//488 489//489 487//487
f 490//490 489//489 488//488
f 490//490 492//492 489//489
f 491//491 492//492 490//490
f 493//493 492//492 491//491
f 493//493 494//494 492//492
f 496//496 495//495 494//494
f 496//496 494//494 493//493
f 496//496 498//498 495//495
f 497//497 498//498 496//496
f 497//497 499//499 498//498
f 500//500 499//499 497//497
f 500//500 501//501 499//499
f 502//502 501//501 500//500
f 503//503 501//501 502//502
f 503//503 504//504 501//501
f 505//505 504//504 503//503
f 505//505 506//506 504//504
f 507//507 506//506 505//505
f 507//507 508//508 506//506
f 509//509 508//508 507//507
f 509//509 510//510 508//508
f 511//511 510//510 509//509
f 511//511 512//512 510//510
f 513//513 512//512 511//511
f 513//513 514//514 512//512
f 515//515 514//514 513//513
f 516//516 514//514 515//515
f 516//516 518//518 514//514
f 517//517 518//518 516//516
f 517//517 519//519 518//518
f 520//520 519//519 517//517
f 520//520 521//521 519//519
f 522//522 521//521 520//520
f 523//523 525//525 521//521
f 523//523 521//521 522//522
f 523//523 524//524 525//525
f 526//526 524//524 523//523
f 526//526 527//527 524//524
f 528//528 527//527 526//526
f 528//528 529//529 527//527
f 530//530 529//529 528//528
f 530//530 531//531 529//529
f 532//532 531//531 530//530
f 534//534 533//533 531//531
f 534//534 531//531 532//532
f 536//536 533//533 534//534
f 536//536 535//535 533//533
f 537//537 535//535 536//536
f 537//537 538//538 535//535
f 540//540 538//538 537//537
f 540//540 539//539 538//538
f 540//540 542//542 539//539
f 541//541 542//542 540//540
f 544//544 545//545 807//807
f 800//800 546//546 544//544
f 547//547 546//546 800//800
f 548//548 547//547 800//800
f 548//548 543//543 547//547
f 553//553 543//543 548//548
f 803//803 553//553 548//548
f 544//544 546//546 545//545
f 552//552 549//549 554//554
f 555//555 554//554 553//553
f 712//712 554//554 550//550
f 552//552 554//554 712//712
f 712//712 557//557 552//552
f 549//549 543//543 553//553
f 549//549 553//553 554//554
f 555//555 553//553 803//803
f 555//555 550//550 554//554
f 557//557 551//551 552//552
f 713//713 556//556 557//557
f 715//715 556//556 713//713
f 557//557 556//556 551//551
f 713//713 557//557 712//712
f 575//575 563//563 558//558
f 575//575 574//574 560//560
f 563//563 575//575 560//560
f 574//574 573//573 559//559
f 560//560 574//574 559//559
f 560//560 562//562 563//563
f 560//560 559//559 588//588
f 588//588 562//562 560//560
f 562//562 561//561 563//563
f 564//564 566//566 571//571
f 564//564 599//599 567//567
f 599//599 609//609 567//567
f 562//562 565//565 561//561
f 570//570 565//565 569//569
f 566//566 570//570 571//571
f 564//564 567//567 566//566
f 569//569 565//565 562//562
f 568//568 569//569 588//588
f 569//569 571//571 570//570
f 568//568 571//571 569//569
f 588//588 569//569 562//562
f 567//567 609//609 356//356
f 575//575 558//558 572//572
f 573//573 574//574 577//577
f 577//577 572//572 579//579
f 577//577 574//574 572//572
f 575//575 572//572 574//574
f 577//577 576//576 573//573
f 578//578 576//576 577//577
f 654//654 576//576 578//578
f 653//653 578//578 577//577
f 653//653 577//577 579//579
f 582//582 581//581 580//580
f 583//583 647//647 581//581
f 583//583 581//581 582//582
f 584//584 583//583 582//582
f 585//585 583//583 584//584
f 587//587 647//647 583//583
f 587//587 650//650 647//647
f 585//585 587//587 583//583
f 586//586 650//650 587//587
f 586//586 652//652 650//650
f 589//589 587//587 585//585
f 586//586 587//587 589//589
f 590//590 652//652 586//586
f 589//589 585//585 603//603
f 590//590 654//654 652//652
f 589//589 603//603 588//588
f 590//590 576//576 654//654
f 559//559 589//589 588//588
f 559//559 586//586 589//589
f 590//590 586//586 559//559
f 590//590 559//559 573//573
f 590//590 573//573 576//576
f 591//591 582//582 580//580
f 584//584 582//582 591//591
f 592//592 595//595 591//591
f 597//597 605//605 593//593
f 603//603 595//595 594//594
f 568//568 603//603 594//594
f 596//596 568//568 594//594
f 599//599 564//564 598//598
f 595//595 584//584 591//591
f 601//601 600//600 768//768
f 601//601 768//768 593//593
f 601//601 593//593 605//605
f 603//603 584//584 595//595
f 603//603 585//585 584//584
f 610//610 605//605 597//597
f 602//602 596//596 594//594
f 606//606 604//604 605//605
f 606//606 605//605 610//610
f 606//606 608//608 604//604
f 568//568 588//588 603//603
f 608//608 596//596 602//602
f 607//607 596//596 608//608
f 607//607 608//608 598//598
f 571//571 596//596 607//607
f 610//610 608//608 606//606
f 610//610 598//598 608//608
f 610//610 599//599 598//598
f 607//607 598//598 564//564
f 607//607 564//564 571//571
f 610//610 597//597 609//609
f 599//599 610//610 609//609
f 602//602 592//592 600//600
f 594//594 595//595 592//592
f 602//602 594//594 592//592
f 568//568 596//596 571//571
f 604//604 602//602 600//600
f 604//604 600//600 601//601
f 602//602 604//604 608//608
f 605//605 604//604 601//601
f 597//597 356//356 609//609
f 597//597 353//353 356//356
f 630//630 613//613 625//625
f 612//612 611//611 625//625
f 612//612 625//625 613//613
f 613//613 630//630 614//614
f 745//745 613//613 614//614
f 621//621 620//620 745//745
f 619//619 618//618 615//615
f 619//619 616//616 618//618
f 613//613 620//620 612//612
f 620//620 613//613 745//745
f 617//617 620//620 621//621
f 619//619 615//615 617//617
f 619//619 617//617 621//621
f 618//618 616//616 325//325
f 618//618 325//325 326//326
f 615//615 618//618 326//326
f 624//624 623//623 622//622
f 624//624 622//622 628//628
f 626//626 624//624 628//628
f 625//625 623//623 624//624
f 623//623 625//625 611//611
f 630//630 625//625 624//624
f 630//630 624//624 626//626
f 629//629 630//630 626//626
f 622//622 627//627 628//628
f 630//630 629//629 412//412
f 630//630 412//412 614//614
f 339//339 631//631 632//632
f 339//339 341//341 631//631
f 748//748 633//633 632//632
f 748//748 632//632 631//631
f 635//635 633//633 634//634
f 640//640 635//635 634//634
f 636//636 635//635 640//640
f 637//637 635//635 636//636
f 749//749 636//636 640//640
f 639//639 637//637 636//636
f 638//638 641//641 749//749
f 634//634 633//633 748//748
f 749//749 641//641 636//636
f 636//636 641//641 639//639
f 641//641 643//643 639//639
f 641//641 638//638 644//644
f 644//644 642//642 641//641
f 645//645 642//642 647//647
f 645//645 646//646 642//642
f 642//642 643//643 641//641
f 642//642 644//644 647//647
f 650//650 645//645 647//647
f 648//648 646//646 645//645
f 649//649 651//651 648//648
f 652//652 645//645 650//650
f 652//652 648//648 645//645
f 649//649 648//648 652//652
f 654//654 649//649 652//652
f 654//654 655//655 649//649
f 578//578 653//653 655//655
f 654//654 578//578 655//655
f 611//611 656//656 623//623
f 612//612 656//656 611//611
f 612//612 657//657 656//656
f 620//620 657//657 612//612
f 658//658 657//657 620//620
f 617//617 658//658 620//620
f 615//615 659//659 658//658
f 615//615 658//658 617//617
f 327//327 660//660 659//659
f 327//327 615//615 326//326
f 327//327 659//659 615//615
f 329//329 660//660 327//327
f 329//329 661//661 660//660
f 330//330 661//661 329//329
f 330//330 662//662 661//661
f 331//331 662//662 330//330
f 331//331 663//663 662//662
f 333//333 663//663 331//331
f 333//333 664//664 663//663
f 334//334 664//664 333//333
f 336//336 665//665 664//664
f 336//336 664//664 334//334
f 337//337 666//666 665//665
f 337//337 665//665 336//336
f 338//338 667//667 666//666
f 338//338 666//666 337//337
f 338//338 632//632 667//667
f 633//633 667//667 632//632
f 339//339 632//632 338//338
f 633//633 668//668 667//667
f 633//633 669//669 668//668
f 635//635 669//669 633//633
f 670//670 669//669 635//635
f 637//637 670//670 635//635
f 639//639 671//671 670//670
f 639//639 670//670 637//637
f 643//643 671//671 639//639
f 672//672 671//671 643//643
f 642//642 672//672 643//643
f 646//646 672//672 642//642
f 673//673 672//672 646//646
f 648//648 673//673 646//646
f 651//651 673//673 648//648
f 655//655 651//651 649//649
f 322//322 323//323 674//674
f 322//322 674//674 675//675
f 678//678 679//679 686//686
f 677//677 679//679 678//678
f 416//416 677//677 678//678
f 677//677 681//681 679//679
f 677//677 682//682 681//681
f 679//679 681//681 676//676
f 676//676 680//680 743//743
f 681//681 680//680 676//676
f 683//683 681//681 682//682
f 683//683 627//627 680//680
f 681//681 683//683 680//680
f 684//684 675//675 674//674
f 684//684 685//685 675//675
f 685//685 684//684 414//414
f 414//414 415//415 685//685
f 686//686 685//685 415//415
f 686//686 415//415 678//678
f 416//416 678//678 415//415
f 371//371 372//372 323//323
f 373//373 323//323 372//372
f 373//373 674//674 323//323
f 374//374 674//674 373//373
f 370//370 371//371 323//323
f 369//369 370//370 323//323
f 325//325 369//369 323//323
f 368//368 369//369 325//325
f 357//357 674//674 374//374
f 358//358 674//674 357//357
f 367//367 368//368 325//325
f 359//359 674//674 358//358
f 360//360 674//674 359//359
f 616//616 364//364 365//365
f 616//616 363//363 364//364
f 616//616 362//362 363//363
f 616//616 365//365 366//366
f 616//616 366//366 367//367
f 616//616 367//367 325//325
f 677//677 416//416 412//412
f 677//677 629//629 682//682
f 412//412 629//629 677//677
f 687//687 704//704 688//688
f 687//687 688//688 690//690
f 704//704 707//707 688//688
f 704//704 703//703 707//707
f 723//723 690//690 688//688
f 723//723 424//424 690//690
f 697//697 696//696 695//695
f 693//693 692//692 689//689
f 693//693 694//694 692//692
f 420//420 693//693 691//691
f 697//697 693//693 420//420
f 697//697 695//695 694//694
f 696//696 698//698 695//695
f 690//690 689//689 687//687
f 424//424 691//691 690//690
f 690//690 691//691 689//689
f 689//689 691//691 693//693
f 694//694 693//693 697//697
f 696//696 307//307 308//308
f 698//698 696//696 308//308
f 706//706 703//703 701//701
f 708//708 707//707 702//702
f 723//723 688//688 708//708
f 702//702 705//705 700//700
f 702//702 706//706 705//705
f 707//707 706//706 702//702
f 688//688 707//707 708//708
f 701//701 699//699 706//706
f 707//707 703//703 706//706
f 699//699 725//725 709//709
f 699//699 705//705 706//706
f 710//710 705//705 714//714
f 700//700 705//705 710//710
f 705//705 709//709 714//714
f 699//699 709//709 705//705
f 711//711 700//700 710//710
f 713//713 711//711 710//710
f 713//713 712//712 711//711
f 715//715 710//710 714//714
f 715//715 713//713 710//710
f 718//718 803//803 716//716
f 555//555 803//803 718//718
f 719//719 716//716 717//717
f 720//720 555//555 718//718
f 719//719 718//718 716//716
f 421//421 717//717 788//788
f 719//719 717//717 421//421
f 721//721 718//718 719//719
f 721//721 720//720 718//718
f 722//722 550//550 555//555
f 722//722 555//555 720//720
f 723//723 719//719 421//421
f 722//722 712//712 550//550
f 724//724 722//722 720//720
f 724//724 720//720 721//721
f 708//708 721//721 719//719
f 722//722 711//711 712//712
f 724//724 711//711 722//722
f 708//708 719//719 723//723
f 708//708 702//702 721//721
f 702//702 724//724 721//721
f 724//724 700//700 711//711
f 724//724 702//702 700//700
f 421//421 424//424 723//723
f 701//701 725//725 699//699
f 703//703 725//725 701//701
f 726//726 725//725 703//703
f 703//703 727//727 726//726
f 704//704 727//727 703//703
f 704//704 728//728 727//727
f 687//687 728//728 704//704
f 729//729 728//728 687//687
f 689//689 729//729 687//687
f 730//730 729//729 689//689
f 692//692 730//730 689//689
f 692//692 731//731 730//730
f 694//694 731//731 692//692
f 694//694 732//732 731//731
f 695//695 732//732 694//694
f 698//698 732//732 695//695
f 698//698 733//733 732//732
f 309//309 698//698 308//308
f 309//309 733//733 698//698
f 309//309 734//734 733//733
f 310//310 734//734 309//309
f 310//310 735//735 734//734
f 312//312 735//735 310//310
f 314//314 735//735 312//312
f 314//314 736//736 735//735
f 315//315 736//736 314//314
f 315//315 737//737 736//736
f 317//317 737//737 315//315
f 317//317 738//738 737//737
f 319//319 738//738 317//317
f 319//319 739//739 738//738
f 675//675 741//741 740//740
f 320//320 739//739 319//319
f 320//320 675//675 740//740
f 320//320 740//740 739//739
f 685//685 741//741 675//675
f 322//322 675//675 320//320
f 742//742 741//741 685//685
f 686//686 742//742 685//685
f 743//743 742//742 686//686
f 679//679 743//743 686//686
f 676//676 743//743 679//679
f 787//787 807//807 288//288
f 787//787 288//288 289//289
f 614//614 412//412 747//747
f 413//413 361//361 362//362
f 413//413 362//362 616//616
f 621//621 745//745 744//744
f 619//619 413//413 616//616
f 745//745 614//614 747//747
f 745//745 747//747 744//744
f 413//413 744//744 746//746
f 619//619 744//744 413//413
f 621//621 744//744 619//619
f 626//626 628//628 683//683
f 626//626 683//683 682//682
f 627//627 683//683 628//628
f 629//629 626//626 682//682
f 389//389 390//390 304//304
f 388//388 389//389 304//304
f 387//387 388//388 304//304
f 387//387 304//304 307//307
f 386//386 387//387 307//307
f 385//385 386//386 307//307
f 384//384 385//385 307//307
f 696//696 382//382 383//383
f 696//696 383//383 384//384
f 696//696 384//384 307//307
f 640//640 761//761 751//751
f 748//748 631//631 394//394
f 748//748 394//394 395//395
f 638//638 749//749 759//759
f 398//398 761//761 640//640
f 749//749 752//752 759//759
f 748//748 395//395 750//750
f 755//755 400//400 401//401
f 751//751 749//749 640//640
f 748//748 750//750 634//634
f 750//750 395//395 396//396
f 750//750 396//396 397//397
f 749//749 751//751 752//752
f 398//398 750//750 397//397
f 761//761 398//398 399//399
f 761//761 399//399 400//400
f 761//761 400//400 755//755
f 638//638 759//759 760//760
f 638//638 760//760 644//644
f 750//750 640//640 634//634
f 750//750 398//398 640//640
f 756//756 402//402 403//403
f 754//754 752//752 751//751
f 770//770 753//753 760//760
f 756//756 755//755 401//401
f 756//756 401//401 402//402
f 765//765 428//428 427//427
f 765//765 427//427 426//426
f 764//764 765//765 426//426
f 757//757 769//769 758//758
f 593//593 757//757 758//758
f 758//758 597//597 593//593
f 760//760 759//759 770//770
f 760//760 580//580 581//581
f 752//752 770//770 759//759
f 761//761 754//754 751//751
f 755//755 754//754 761//761
f 762//762 770//770 752//752
f 762//762 752//752 754//754
f 753//753 591//591 580//580
f 753//753 580//580 760//760
f 763//763 754//754 755//755
f 763//763 755//755 756//756
f 762//762 763//763 765//765
f 762//762 754//754 763//763
f 753//753 770//770 771//771
f 771//771 766//766 753//753
f 592//592 753//753 766//766
f 428//428 756//756 429//429
f 428//428 763//763 756//756
f 592//592 591//591 753//753
f 764//764 762//762 765//765
f 428//428 765//765 763//763
f 600//600 592//592 766//766
f 757//757 766//766 764//764
f 768//768 600//600 766//766
f 767//767 764//764 426//426
f 757//757 768//768 766//766
f 757//757 764//764 767//767
f 768//768 757//757 593//593
f 769//769 757//757 767//767
f 771//771 770//770 762//762
f 771//771 762//762 764//764
f 771//771 764//764 766//766
f 581//581 647//647 644//644
f 644//644 760//760 581//581
f 792//792 774//774 788//788
f 776//776 792//792 788//788
f 790//790 375//375 425//425
f 772//772 790//790 794//794
f 772//772 375//375 790//790
f 772//772 393//393 375//375
f 794//794 778//778 772//772
f 793//793 780//780 779//779
f 781//781 782//782 780//780
f 781//781 780//780 793//793
f 773//773 795//795 808//808
f 781//781 783//783 782//782
f 784//784 783//783 781//781
f 784//784 786//786 783//783
f 785//785 784//784 796//796
f 785//785 786//786 784//784
f 774//774 421//421 788//788
f 775//775 418//418 774//774
f 789//789 774//774 792//792
f 789//789 775//775 774//774
f 417//417 775//775 777//777
f 789//789 777//777 775//775
f 417//417 790//790 425//425
f 789//789 792//792 791//791
f 790//790 417//417 777//777
f 793//793 777//777 789//789
f 793//793 789//789 791//791
f 794//794 777//777 793//793
f 794//794 790//790 777//777
f 795//795 792//792 776//776
f 781//781 793//793 791//791
f 792//792 795//795 791//791
f 797//797 795//795 776//776
f 797//797 776//776 788//788
f 793//793 779//779 794//794
f 784//784 781//781 791//791
f 784//784 791//791 795//795
f 784//784 795//795 773//773
f 773//773 796//796 784//784
f 797//797 788//788 717//717
f 799//799 787//787 785//785
f 799//799 785//785 796//796
f 804//804 809//809 801//801
f 548//548 805//805 798//798
f 544//544 813//813 800//800
f 801//801 797//797 717//717
f 810//810 773//773 808//808
f 810//810 796//796 773//773
f 810//810 799//799 796//796
f 716//716 804//804 801//801
f 803//803 804//804 716//716
f 802//802 809//809 804//804
f 802//802 804//804 798//798
f 805//805 802//802 798//798
f 812//812 806//806 799//799
f 813//813 806//806 812//812
f 798//798 804//804 803//803
f 798//798 803//803 548//548
f 548//548 800//800 805//805
f 805//805 800//800 813//813
f 807//807 787//787 806//806
f 544//544 807//807 806//806
f 544//544 806//806 813//813
f 716//716 801//801 717//717
f 809//809 795//795 797//797
f 809//809 797//797 801//801
f 795//795 809//809 808//808
f 802//802 808//808 809//809
f 802//802 811//811 808//808
f 812//812 810//810 811//811
f 805//805 811//811 802//802
f 805//805 812//812 811//811
f 805//805 813//813 812//812
f 799//799 806//806 787//787
f 808//808 811//811 810//810
f 799//799 810//810 812//812
f 291//291 787//787 289//289
f 291//291 785//785 787//787
f 292//292 785//785 291//291
f 292//292 786//786 785//785
f 292//292 783//783 786//786
f 294//294 783//783 292//292
f 294//294 782//782 783//783
f 295//295 782//782 294//294
f 298//298 782//782 295//295
f 298//298 780//780 782//782
f 298//298 779//779 780//780
f 299//299 779//779 298//298
f 300//300 794//794 779//779
f 300//300 779//779 299//299
f 300//300 778//778 794//794
f 302//302 778//778 300//300
f 302//302 772//772 778//778
f 392//392 393//393 772//772
f 303//303 391//391 392//392
f 303//303 392//392 772//772
f 303//303 772//772 302//302
f 304//304 390//390 391//391
f 304//304 391//391 303//303
f 139//139 185//185 1967//1967
f 139//139 1967//1967 814//814
f 156//156 1957//1957 815//815
f 152//152 1957//1957 156//156
f 145//145 139//139 814//814
f 145//145 814//814 1957//1957
f 147//147 145//145 1957//1957
f 147//147 1957//1957 152//152
f 156//156 815//815 1944//1944
f 816//816 1515//1515 1517//1517
f 816//816 1612//1612 1515//1515
f 817//817 1513//1513 1612//1612
f 817//817 1612//1612 816//816
f 817//817 818//818 1513//1513
f 819//819 818//818 817//817
f 819//819 1524//1524 818//818
f 819//819 820//820 1524//1524
f 821//821 820//820 819//819
f 822//822 820//820 821//821
f 823//823 822//822 821//821
f 824//824 823//823 821//821
f 824//824 1522//1522 823//823
f 1531//1531 1522//1522 824//824
f 824//824 825//825 1531//1531
f 827//827 825//825 824//824
f 827//827 826//826 825//825
f 1537//1537 826//826 827//827
f 828//828 1537//1537 827//827
f 828//828 1538//1538 1537//1537
f 828//828 829//829 1538//1538
f 830//830 829//829 828//828
f 830//830 1542//1542 829//829
f 831//831 1542//1542 830//830
f 831//831 832//832 1542//1542
f 834//834 832//832 831//831
f 833//833 834//834 831//831
f 835//835 834//834 833//833
f 835//835 1549//1549 834//834
f 835//835 1550//1550 1549//1549
f 836//836 1550//1550 835//835
f 1554//1554 1550//1550 836//836
f 837//837 1554//1554 836//836
f 839//839 837//837 836//836
f 839//839 838//838 837//837
f 839//839 840//840 838//838
f 841//841 840//840 839//839
f 841//841 842//842 840//840
f 843//843 842//842 841//841
f 844//844 843//843 841//841
f 844//844 1560//1560 843//843
f 844//844 1562//1562 1560//1560
f 844//844 1564//1564 1562//1562
f 845//845 1564//1564 844//844
f 845//845 846//846 1564//1564
f 845//845 847//847 846//846
f 848//848 847//847 845//845
f 848//848 1575//1575 847//847
f 848//848 849//849 1575//1575
f 850//850 1576//1576 849//849
f 850//850 849//849 848//848
f 850//850 1577//1577 1576//1576
f 851//851 1577//1577 850//850
f 851//851 1580//1580 1577//1577
f 851//851 852//852 1580//1580
f 851//851 1585//1585 852//852
f 853//853 1585//1585 851//851
f 853//853 1587//1587 1585//1585
f 853//853 1589//1589 1587//1587
f 854//854 1589//1589 853//853
f 854//854 855//855 1589//1589
f 854//854 856//856 855//855
f 857//857 1594//1594 856//856
f 857//857 856//856 854//854
f 857//857 1598//1598 1594//1594
f 857//857 1600//1600 1598//1598
f 858//858 1602//1602 1600//1600
f 858//858 1600//1600 857//857
f 858//858 1604//1604 1602//1602
f 858//858 859//859 1604//1604
f 861//861 859//859 858//858
f 861//861 1605//1605 859//859
f 861//861 860//860 1605//1605
f 861//861 862//862 860//860
f 864//864 862//862 861//861
f 864//864 863//863 862//862
f 864//864 865//865 863//863
f 866//866 865//865 864//864
f 866//866 1609//1609 865//865
f 866//866 867//867 1609//1609
f 816//816 867//867 866//866
f 816//816 1517//1517 867//867
f 536//536 730//730 731//731
f 537//537 731//731 732//732
f 537//537 536//536 731//731
f 534//534 730//730 536//536
f 534//534 729//729 730//730
f 540//540 537//537 732//732
f 540//540 732//732 733//733
f 532//532 729//729 534//534
f 532//532 728//728 729//729
f 540//540 733//733 734//734
f 530//530 728//728 532//532
f 540//540 734//734 735//735
f 541//541 540//540 735//735
f 528//528 728//728 530//530
f 528//528 727//727 728//728
f 541//541 735//735 736//736
f 486//486 541//541 736//736
f 486//486 736//736 737//737
f 528//528 726//726 727//727
f 526//526 726//726 528//528
f 488//488 486//486 737//737
f 488//488 737//737 738//738
f 488//488 738//738 739//739
f 526//526 725//725 726//726
f 490//490 488//488 739//739
f 523//523 725//725 526//526
f 490//490 739//739 740//740
f 491//491 490//490 740//740
f 491//491 740//740 741//741
f 522//522 725//725 523//523
f 522//522 709//709 725//725
f 491//491 741//741 742//742
f 520//520 709//709 522//522
f 493//493 491//491 742//742
f 517//517 709//709 520//520
f 743//743 493//493 742//742
f 516//516 709//709 517//517
f 743//743 496//496 493//493
f 869//869 868//868 870//870
f 871//871 868//868 869//869
f 872//872 869//869 870//870
f 872//872 870//870 873//873
f 871//871 876//876 868//868
f 875//875 872//872 873//873
f 874//874 876//876 871//871
f 875//875 873//873 881//881
f 714//714 516//516 515//515
f 714//714 709//709 516//516
f 874//874 877//877 876//876
f 878//878 875//875 881//881
f 874//874 880//880 877//877
f 879//879 880//880 874//874
f 879//879 882//882 880//880
f 879//879 884//884 882//882
f 886//886 881//881 551//551
f 886//886 878//878 881//881
f 883//883 884//884 879//879
f 883//883 885//885 884//884
f 680//680 496//496 743//743
f 883//883 887//887 885//885
f 888//888 886//886 551//551
f 680//680 497//497 496//496
f 889//889 890//890 887//887
f 889//889 887//887 883//883
f 889//889 892//892 890//890
f 680//680 500//500 497//497
f 891//891 892//892 889//889
f 893//893 551//551 556//556
f 893//893 888//888 551//551
f 894//894 895//895 892//892
f 894//894 892//892 891//891
f 893//893 556//556 715//715
f 680//680 502//502 500//500
f 900//900 893//893 715//715
f 895//895 894//894 896//896
f 627//627 502//502 680//680
f 897//897 895//895 896//896
f 848//848 714//714 515//515
f 850//850 515//515 513//513
f 850//850 848//848 515//515
f 850//850 513//513 511//511
f 851//851 850//850 511//511
f 851//851 511//511 509//509
f 845//845 714//714 848//848
f 851//851 509//509 507//507
f 845//845 715//715 714//714
f 899//899 897//897 896//896
f 899//899 896//896 898//898
f 851//851 507//507 505//505
f 851//851 505//505 503//503
f 853//853 851//851 503//503
f 853//853 503//503 502//502
f 853//853 502//502 627//627
f 844//844 715//715 845//845
f 844//844 900//900 715//715
f 899//899 898//898 901//901
f 844//844 902//902 900//900
f 903//903 899//899 901//901
f 844//844 905//905 902//902
f 903//903 901//901 904//904
f 854//854 853//853 627//627
f 903//903 904//904 906//906
f 844//844 907//907 905//905
f 854//854 627//627 622//622
f 2198//2198 903//903 906//906
f 478//478 657//657 658//658
f 475//475 657//657 478//478
f 841//841 907//907 844//844
f 841//841 908//908 907//907
f 475//475 656//656 657//657
f 479//479 658//658 659//659
f 479//479 478//478 658//658
f 479//479 659//659 660//660
f 2198//2198 906//906 909//909
f 481//481 479//479 660//660
f 474//474 656//656 475//475
f 481//481 660//660 661//661
f 474//474 623//623 656//656
f 472//472 623//623 474//474
f 481//481 661//661 662//662
f 483//483 662//662 663//663
f 483//483 481//481 662//662
f 470//470 623//623 472//472
f 2198//2198 909//909 910//910
f 483//483 663//663 664//664
f 841//841 911//911 908//908
f 431//431 483//483 664//664
f 470//470 622//622 623//623
f 431//431 664//664 665//665
f 913//913 2198//2198 910//910
f 433//433 431//431 665//665
f 841//841 912//912 911//911
f 467//467 622//622 470//470
f 433//433 665//665 666//666
f 857//857 854//854 622//622
f 435//435 433//433 666//666
f 435//435 666//666 667//667
f 913//913 910//910 912//912
f 857//857 622//622 467//467
f 2324//2324 913//913 912//912
f 435//435 667//667 668//668
f 857//857 467//467 465//465
f 437//437 668//668 669//669
f 437//437 435//435 668//668
f 2324//2324 912//912 841//841
f 2324//2324 841//841 839//839
f 670//670 440//440 437//437
f 670//670 437//437 669//669
f 836//836 2324//2324 839//839
f 836//836 921//921 2324//2324
f 857//857 465//465 463//463
f 671//671 440//440 670//670
f 857//857 463//463 460//460
f 858//858 857//857 460//460
f 671//671 442//442 440//440
f 858//858 460//460 458//458
f 672//672 442//442 671//671
f 835//835 921//921 836//836
f 672//672 444//444 442//442
f 858//858 458//458 457//457
f 858//858 457//457 455//455
f 672//672 445//445 444//444
f 833//833 921//921 835//835
f 673//673 445//445 672//672
f 673//673 448//448 445//445
f 651//651 448//448 673//673
f 651//651 449//449 448//448
f 915//915 916//916 914//914
f 917//917 914//914 916//916
f 655//655 449//449 651//651
f 915//915 920//920 916//916
f 917//917 916//916 921//921
f 655//655 452//452 449//449
f 918//918 917//917 921//921
f 919//919 920//920 915//915
f 919//919 924//924 920//920
f 918//918 921//921 833//833
f 923//923 924//924 919//919
f 655//655 454//454 452//452
f 922//922 918//918 833//833
f 653//653 454//454 655//655
f 653//653 455//455 454//454
f 925//925 922//922 833//833
f 923//923 927//927 924//924
f 653//653 861//861 858//858
f 653//653 858//858 455//455
f 926//926 927//927 923//923
f 928//928 925//925 833//833
f 928//928 833//833 831//831
f 579//579 861//861 653//653
f 926//926 929//929 927//927
f 931//931 929//929 926//926
f 930//930 928//928 831//831
f 931//931 932//932 929//929
f 933//933 932//932 931//931
f 934//934 930//930 831//831
f 933//933 935//935 932//932
f 936//936 935//935 933//933
f 934//934 831//831 830//830
f 579//579 864//864 861//861
f 937//937 934//934 830//830
f 940//940 937//937 830//830
f 938//938 936//936 939//939
f 938//938 935//935 936//936
f 949//949 940//940 830//830
f 942//942 938//938 939//939
f 942//942 939//939 941//941
f 943//943 942//942 941//941
f 943//943 941//941 945//945
f 944//944 943//943 945//945
f 946//946 944//944 945//945
f 948//948 945//945 947//947
f 948//948 946//946 945//945
f 958//958 830//830 828//828
f 958//958 949//949 830//830
f 954//954 948//948 947//947
f 950//950 864//864 579//579
f 950//950 579//579 572//572
f 951//951 950//950 572//572
f 952//952 864//864 950//950
f 952//952 866//866 864//864
f 953//953 949//949 958//958
f 953//953 955//955 949//949
f 957//957 951//951 572//572
f 954//954 947//947 962//962
f 956//956 866//866 952//952
f 961//961 954//954 962//962
f 953//953 959//959 955//955
f 958//958 828//828 827//827
f 960//960 957//957 572//572
f 956//956 816//816 866//866
f 967//967 816//816 956//956
f 953//953 966//966 959//959
f 960//960 572//572 558//558
f 963//963 966//966 953//953
f 2262//2262 958//958 827//827
f 964//964 961//961 962//962
f 964//964 962//962 965//965
f 970//970 960//960 558//558
f 963//963 968//968 966//966
f 969//969 964//964 965//965
f 973//973 816//816 967//967
f 971//971 972//972 968//968
f 971//971 968//968 963//963
f 2262//2262 827//827 824//824
f 971//971 965//965 972//972
f 971//971 969//969 965//965
f 970//970 558//558 976//976
f 974//974 970//970 976//976
f 975//975 816//816 973//973
f 978//978 976//976 977//977
f 978//978 974//974 976//976
f 980//980 978//978 977//977
f 979//979 816//816 975//975
f 980//980 977//977 981//981
f 984//984 980//980 981//981
f 983//983 984//984 981//981
f 2215//2215 817//817 816//816
f 2215//2215 816//816 979//979
f 2215//2215 979//979 982//982
f 986//986 985//985 824//824
f 986//986 824//824 821//821
f 987//987 824//824 985//985
f 2215//2215 819//819 817//817
f 983//983 996//996 984//984
f 988//988 986//986 821//821
f 989//989 2262//2262 824//824
f 989//989 824//824 987//987
f 990//990 988//988 821//821
f 991//991 996//996 983//983
f 999//999 819//819 2215//2215
f 999//999 821//821 819//819
f 989//989 994//994 2262//2262
f 992//992 994//994 989//989
f 993//993 994//994 992//992
f 995//995 990//990 821//821
f 2217//2217 2215//2215 982//982
f 993//993 2259//2259 994//994
f 2217//2217 982//982 997//997
f 995//995 821//821 999//999
f 998//998 2259//2259 993//993
f 991//991 1003//1003 996//996
f 1005//1005 995//995 999//999
f 998//998 1001//1001 2259//2259
f 2214//2214 2217//2217 997//997
f 2214//2214 997//997 1002//1002
f 1000//1000 1003//1003 991//991
f 1006//1006 1001//1001 998//998
f 1004//1004 1005//1005 999//999
f 1007//1007 1008//1008 1003//1003
f 1007//1007 1003//1003 1000//1000
f 1006//1006 1010//1010 1001//1001
f 1004//1004 1012//1012 1005//1005
f 1009//1009 1010//1010 1006//1006
f 1020//1020 2214//2214 1002//1002
f 1020//1020 1002//1002 1011//1011
f 1009//1009 1017//1017 1010//1010
f 1013//1013 1008//1008 1007//1007
f 1014//1014 1017//1017 1009//1009
f 1013//1013 1016//1016 1008//1008
f 1020//1020 1011//1011 1018//1018
f 1015//1015 1016//1016 1013//1013
f 1004//1004 1019//1019 1012//1012
f 1034//1034 1019//1019 1004//1004
f 1025//1025 1016//1016 1015//1015
f 1017//1017 1014//1014 1021//1021
f 1022//1022 1020//1020 1018//1018
f 1025//1025 1026//1026 1016//1016
f 1022//1022 1018//1018 1023//1023
f 1034//1034 1032//1032 1019//1019
f 1024//1024 1017//1017 1021//1021
f 1027//1027 1026//1026 1025//1025
f 1028//1028 1022//1022 1023//1023
f 1028//1028 1023//1023 1029//1029
f 1027//1027 1030//1030 1026//1026
f 1031//1031 1028//1028 1029//1029
f 1031//1031 1030//1030 1027//1027
f 1031//1031 1029//1029 1030//1030
f 1033//1033 1024//1024 1021//1021
f 1034//1034 1036//1036 1032//1032
f 1035//1035 1033//1033 1021//1021
f 1035//1035 1021//1021 1037//1037
f 1038//1038 1039//1039 1036//1036
f 1038//1038 1036//1036 1034//1034
f 1040//1040 1035//1035 1037//1037
f 1040//1040 1037//1037 1041//1041
f 1042//1042 1040//1040 1041//1041
f 1044//1044 1042//1042 1041//1041
f 1044//1044 1041//1041 1043//1043
f 1038//1038 1047//1047 1039//1039
f 1046//1046 1047//1047 1038//1038
f 1045//1045 1044//1044 1043//1043
f 1049//1049 1045//1045 1043//1043
f 1049//1049 1043//1043 1048//1048
f 1046//1046 1050//1050 1047//1047
f 1051//1051 1049//1049 1048//1048
f 1054//1054 1050//1050 1046//1046
f 1051//1051 1048//1048 1052//1052
f 1054//1054 1055//1055 1050//1050
f 1053//1053 1051//1051 1052//1052
f 1056//1056 1055//1055 1054//1054
f 1056//1056 1059//1059 1055//1055
f 1057//1057 1053//1053 1052//1052
f 1057//1057 1052//1052 1058//1058
f 1062//1062 1059//1059 1056//1056
f 1060//1060 1057//1057 1058//1058
f 1060//1060 1058//1058 1061//1061
f 1062//1062 1061//1061 1059//1059
f 1062//1062 1060//1060 1061//1061
f 1931//1931 1929//1929 1065//1065
f 1936//1936 1063//1063 1064//1064
f 137//137 1936//1936 1064//1064
f 1063//1063 1931//1931 1064//1064
f 1931//1931 1065//1065 1064//1064
f 1066//1066 1067//1067 1090//1090
f 1066//1066 1088//1088 1067//1067
f 1070//1070 1069//1069 1068//1068
f 1071//1071 1068//1068 1075//1075
f 1071//1071 1070//1070 1068//1068
f 1072//1072 1071//1071 1075//1075
f 1073//1073 1072//1072 1075//1075
f 1074//1074 1073//1073 1075//1075
f 1077//1077 1074//1074 1075//1075
f 1077//1077 1075//1075 1076//1076
f 1078//1078 1077//1077 1076//1076
f 1079//1079 1078//1078 1076//1076
f 1079//1079 1076//1076 1080//1080
f 1081//1081 1079//1079 1080//1080
f 1082//1082 1081//1081 1080//1080
f 1082//1082 1080//1080 1083//1083
f 1084//1084 1082//1082 1083//1083
f 1085//1085 1084//1084 1083//1083
f 1086//1086 1085//1085 1083//1083
f 1086//1086 1083//1083 1088//1088
f 1087//1087 1086//1086 1088//1088
f 1089//1089 1087//1087 1088//1088
f 1066//1066 1089//1089 1088//1088
f 1069//1069 1065//1065 1929//1929
f 1069//1069 1929//1929 1068//1068
f 1891//1891 1090//1090 1894//1894
f 1091//1091 1092//1092 1891//1891
f 1882//1882 1093//1093 1095//1095
f 1878//1878 1094//1094 1882//1882
f 1891//1891 1092//1092 1090//1090
f 1095//1095 1093//1093 1092//1092
f 1095//1095 1092//1092 1091//1091
f 1882//1882 1094//1094 1093//1093
f 1096//1096 1097//1097 1098//1098
f 1096//1096 1098//1098 1115//1115
f 1101//1101 1099//1099 1100//1100
f 1101//1101 1100//1100 1103//1103
f 1102//1102 1101//1101 1103//1103
f 1104//1104 1102//1102 1103//1103
f 1104//1104 1103//1103 1107//1107
f 1105//1105 1104//1104 1107//1107
f 1106//1106 1105//1105 1107//1107
f 1108//1108 1106//1106 1107//1107
f 1109//1109 1108//1108 1107//1107
f 1109//1109 1107//1107 1110//1110
f 1111//1111 1109//1109 1110//1110
f 1111//1111 1110//1110 1112//1112
f 1113//1113 1111//1111 1112//1112
f 1114//1114 1112//1112 1096//1096
f 1114//1114 1113//1113 1112//1112
f 1115//1115 1114//1114 1096//1096
f 1094//1094 1878//1878 1100//1100
f 1094//1094 1100//1100 1099//1099
f 1097//1097 1117//1117 1098//1098
f 1839//1839 1117//1117 1097//1097
f 1118//1118 1116//1116 1117//1117
f 1118//1118 1117//1117 1839//1839
f 1836//1836 1116//1116 1118//1118
f 1894//1894 1090//1090 1067//1067
f 199//199 158//158 137//137
f 199//199 157//157 158//158
f 1119//1119 1065//1065 1069//1069
f 1119//1119 1064//1064 1065//1065
f 1119//1119 137//137 1064//1064
f 1119//1119 199//199 137//137
f 1066//1066 1120//1120 1121//1121
f 1089//1089 1066//1066 1121//1121
f 1087//1087 1121//1121 1122//1122
f 1087//1087 1089//1089 1121//1121
f 1086//1086 1087//1087 1122//1122
f 1086//1086 1122//1122 1123//1123
f 1085//1085 1086//1086 1123//1123
f 1085//1085 1123//1123 1124//1124
f 1084//1084 1085//1085 1124//1124
f 1084//1084 1124//1124 1125//1125
f 1082//1082 1084//1084 1125//1125
f 1082//1082 1125//1125 1126//1126
f 1081//1081 1082//1082 1126//1126
f 1081//1081 1126//1126 1127//1127
f 1079//1079 1081//1081 1127//1127
f 1078//1078 1127//1127 1128//1128
f 1078//1078 1079//1079 1127//1127
f 1077//1077 1128//1128 1129//1129
f 1077//1077 1078//1078 1128//1128
f 1074//1074 1077//1077 1129//1129
f 1074//1074 1129//1129 1130//1130
f 1073//1073 1130//1130 1131//1131
f 1073//1073 1074//1074 1130//1130
f 1072//1072 1073//1073 1131//1131
f 1072//1072 1131//1131 1132//1132
f 1071//1071 1132//1132 1133//1133
f 1071//1071 1072//1072 1132//1132
f 1070//1070 1133//1133 1134//1134
f 1070//1070 1071//1071 1133//1133
f 1069//1069 1070//1070 1134//1134
f 1069//1069 1134//1134 1119//1119
f 1135//1135 1099//1099 1136//1136
f 1138//1138 1136//1136 1099//1099
f 1137//1137 1099//1099 1135//1135
f 1139//1139 1138//1138 1099//1099
f 1140//1140 1099//1099 1137//1137
f 1153//1153 1139//1139 1099//1099
f 1141//1141 1099//1099 1140//1140
f 1142//1142 1099//1099 1141//1141
f 1094//1094 1099//1099 1142//1142
f 1094//1094 1142//1142 1143//1143
f 1094//1094 1143//1143 1144//1144
f 1159//1159 1094//1094 1144//1144
f 1145//1145 1146//1146 1147//1147
f 1145//1145 1147//1147 1148//1148
f 1145//1145 1148//1148 1149//1149
f 1145//1145 1153//1153 1099//1099
f 1145//1145 1149//1149 1150//1150
f 1145//1145 1150//1150 1151//1151
f 1145//1145 1151//1151 1152//1152
f 1145//1145 1152//1152 1153//1153
f 1155//1155 1154//1154 1094//1094
f 1154//1154 1093//1093 1094//1094
f 1156//1156 1155//1155 1094//1094
f 1157//1157 1093//1093 1154//1154
f 1158//1158 1156//1156 1094//1094
f 1158//1158 1094//1094 1159//1159
f 1160//1160 1093//1093 1157//1157
f 1158//1158 1159//1159 1161//1161
f 1162//1162 1158//1158 1161//1161
f 1160//1160 1092//1092 1093//1093
f 1162//1162 1161//1161 1165//1165
f 1163//1163 1092//1092 1160//1160
f 1164//1164 1162//1162 1165//1165
f 1166//1166 1092//1092 1163//1163
f 1166//1166 1090//1090 1092//1092
f 1164//1164 1165//1165 1168//1168
f 1167//1167 1164//1164 1168//1168
f 1169//1169 1090//1090 1166//1166
f 1167//1167 1168//1168 1146//1146
f 1167//1167 1146//1146 1145//1145
f 1170//1170 1167//1167 1145//1145
f 1172//1172 1170//1170 1145//1145
f 1171//1171 1090//1090 1169//1169
f 1193//1193 1172//1172 1145//1145
f 1174//1174 1090//1090 1173//1173
f 1175//1175 1090//1090 1174//1174
f 1176//1176 1173//1173 1090//1090
f 1175//1175 1066//1066 1090//1090
f 1177//1177 1066//1066 1175//1175
f 1179//1179 1176//1176 1090//1090
f 1179//1179 1090//1090 1171//1171
f 1178//1178 1066//1066 1177//1177
f 1179//1179 1171//1171 1182//1182
f 1180//1180 1179//1179 1182//1182
f 1181//1181 1066//1066 1178//1178
f 1180//1180 1182//1182 1183//1183
f 1184//1184 1180//1180 1183//1183
f 1184//1184 1183//1183 1185//1185
f 1187//1187 1066//1066 1181//1181
f 1186//1186 1184//1184 1185//1185
f 1186//1186 1185//1185 1188//1188
f 1200//1200 1186//1186 1188//1188
f 1189//1189 1066//1066 1187//1187
f 1190//1190 1066//1066 1189//1189
f 1191//1191 1066//1066 1190//1190
f 1120//1120 1188//1188 1192//1192
f 1120//1120 1192//1192 1193//1193
f 1120//1120 1191//1191 1194//1194
f 1120//1120 1194//1194 1195//1195
f 1120//1120 1195//1195 1196//1196
f 1120//1120 1196//1196 1197//1197
f 1120//1120 1193//1193 1145//1145
f 1120//1120 1197//1197 1198//1198
f 1120//1120 1198//1198 1199//1199
f 1120//1120 1199//1199 1200//1200
f 1120//1120 1200//1200 1188//1188
f 1120//1120 1066//1066 1191//1191
f 1201//1201 1099//1099 1101//1101
f 1201//1201 1145//1145 1099//1099
f 1202//1202 1101//1101 1102//1102
f 1202//1202 1201//1201 1101//1101
f 1203//1203 1102//1102 1104//1104
f 1203//1203 1202//1202 1102//1102
f 1204//1204 1203//1203 1104//1104
f 1204//1204 1104//1104 1105//1105
f 1205//1205 1105//1105 1106//1106
f 1205//1205 1204//1204 1105//1105
f 1206//1206 1106//1106 1108//1108
f 1206//1206 1205//1205 1106//1106
f 1207//1207 1108//1108 1109//1109
f 1207//1207 1206//1206 1108//1108
f 1208//1208 1109//1109 1111//1111
f 1208//1208 1207//1207 1109//1109
f 1209//1209 1111//1111 1113//1113
f 1209//1209 1208//1208 1111//1111
f 1210//1210 1113//1113 1114//1114
f 1210//1210 1209//1209 1113//1113
f 1211//1211 1114//1114 1115//1115
f 1211//1211 1210//1210 1114//1114
f 1212//1212 1211//1211 1115//1115
f 275//275 182//182 164//164
f 1116//1116 182//182 275//275
f 1212//1212 1115//1115 1098//1098
f 1212//1212 1117//1117 1116//1116
f 1212//1212 1098//1098 1117//1117
f 1212//1212 1116//1116 275//275
f 199//199 1119//1119 1213//1213
f 199//199 1213//1213 276//276
f 1120//1120 1214//1214 1215//1215
f 1121//1121 1120//1120 1215//1215
f 1122//1122 1121//1121 1215//1215
f 1123//1123 1215//1215 1216//1216
f 1123//1123 1122//1122 1215//1215
f 1124//1124 1123//1123 1216//1216
f 1125//1125 1124//1124 1216//1216
f 1126//1126 1216//1216 1217//1217
f 1126//1126 1125//1125 1216//1216
f 1127//1127 1126//1126 1217//1217
f 1128//1128 1127//1127 1217//1217
f 1129//1129 1128//1128 1217//1217
f 1129//1129 1217//1217 1218//1218
f 1130//1130 1129//1129 1218//1218
f 1131//1131 1130//1130 1218//1218
f 1132//1132 1218//1218 1219//1219
f 1132//1132 1131//1131 1218//1218
f 1133//1133 1132//1132 1219//1219
f 1134//1134 1133//1133 1219//1219
f 1119//1119 1219//1219 1213//1213
f 1119//1119 1134//1134 1219//1219
f 1214//1214 1120//1120 1145//1145
f 1214//1214 1145//1145 1220//1220
f 1212//1212 1221//1221 1222//1222
f 1211//1211 1212//1212 1222//1222
f 1210//1210 1211//1211 1222//1222
f 1209//1209 1210//1210 1222//1222
f 1209//1209 1222//1222 1223//1223
f 1208//1208 1209//1209 1223//1223
f 1207//1207 1208//1208 1223//1223
f 1206//1206 1207//1207 1223//1223
f 1206//1206 1223//1223 1224//1224
f 1205//1205 1206//1206 1224//1224
f 1204//1204 1205//1205 1224//1224
f 1204//1204 1224//1224 1225//1225
f 1203//1203 1204//1204 1225//1225
f 1202//1202 1203//1203 1225//1225
f 1201//1201 1202//1202 1225//1225
f 1201//1201 1225//1225 1220//1220
f 1145//1145 1201//1201 1220//1220
f 286//286 1221//1221 1212//1212
f 286//286 1212//1212 275//275
f 1232//1232 1226//1226 1231//1231
f 1228//1228 1226//1226 1232//1232
f 1228//1228 1227//1227 1226//1226
f 1228//1228 1229//1229 1227//1227
f 1228//1228 1230//1230 1229//1229
f 287//287 288//288 1230//1230
f 287//287 1230//1230 1228//1228
f 1231//1231 1233//1233 1234//1234
f 1231//1231 1234//1234 1232//1232
f 1238//1238 1236//1236 1235//1235
f 1238//1238 1237//1237 1236//1236
f 1239//1239 1237//1237 1238//1238
f 1239//1239 1240//1240 1237//1237
f 1239//1239 1241//1241 1240//1240
f 1239//1239 1243//1243 1241//1241
f 1242//1242 1243//1243 1239//1239
f 1242//1242 1244//1244 1243//1243
f 1246//1246 1245//1245 1244//1244
f 1246//1246 1244//1244 1242//1242
f 1246//1246 1247//1247 1245//1245
f 1234//1234 1247//1247 1246//1246
f 1234//1234 1233//1233 1247//1247
f 1250//1250 1238//1238 1235//1235
f 1248//1248 1250//1250 1235//1235
f 1250//1250 1251//1251 1249//1249
f 1250//1250 1248//1248 1251//1251
f 1263//1263 1253//1253 1264//1264
f 1252//1252 1253//1253 1263//1263
f 1252//1252 1254//1254 1253//1253
f 1252//1252 1255//1255 1254//1254
f 1257//1257 1255//1255 1252//1252
f 1257//1257 1256//1256 1255//1255
f 1257//1257 1258//1258 1256//1256
f 1261//1261 1258//1258 1257//1257
f 1261//1261 1259//1259 1258//1258
f 1261//1261 1260//1260 1259//1259
f 1261//1261 1249//1249 1260//1260
f 1250//1250 1249//1249 1261//1261
f 1263//1263 1264//1264 1262//1262
f 1266//1266 1263//1263 1262//1262
f 1267//1267 1266//1266 1262//1262
f 1266//1266 1267//1267 1265//1265
f 1271//1271 1269//1269 1268//1268
f 1271//1271 1268//1268 1284//1284
f 1271//1271 1284//1284 1282//1282
f 1271//1271 1270//1270 1269//1269
f 1271//1271 1272//1272 1270//1270
f 1275//1275 1272//1272 1271//1271
f 1275//1275 1273//1273 1272//1272
f 1275//1275 1274//1274 1273//1273
f 1276//1276 1277//1277 1274//1274
f 1276//1276 1274//1274 1275//1275
f 1279//1279 1278//1278 1277//1277
f 1279//1279 1277//1277 1276//1276
f 1279//1279 1280//1280 1278//1278
f 1279//1279 1281//1281 1280//1280
f 1266//1266 1265//1265 1281//1281
f 1266//1266 1281//1281 1279//1279
f 1282//1282 1284//1284 1283//1283
f 1301//1301 1285//1285 1282//1282
f 1301//1301 1282//1282 1283//1283
f 1287//1287 1288//1288 1286//1286
f 1290//1290 1289//1289 1288//1288
f 1290//1290 1288//1288 1287//1287
f 1290//1290 1291//1291 1289//1289
f 1292//1292 1291//1291 1290//1290
f 1292//1292 1293//1293 1291//1291
f 1292//1292 1294//1294 1293//1293
f 1295//1295 1294//1294 1292//1292
f 1295//1295 1296//1296 1294//1294
f 1295//1295 1297//1297 1296//1296
f 1300//1300 1297//1297 1295//1295
f 1300//1300 1298//1298 1297//1297
f 1300//1300 1299//1299 1298//1298
f 1300//1300 1301//1301 1299//1299
f 1285//1285 1301//1301 1300//1300
f 1310//1310 1287//1287 1286//1286
f 1310//1310 1286//1286 1302//1302
f 1310//1310 1302//1302 1303//1303
f 355//355 1304//1304 356//356
f 1307//1307 1304//1304 355//355
f 1307//1307 1305//1305 1304//1304
f 1307//1307 1306//1306 1305//1305
f 1308//1308 1309//1309 1306//1306
f 1308//1308 1306//1306 1307//1307
f 1310//1310 1303//1303 1309//1309
f 1310//1310 1309//1309 1308//1308
f 1242//1242 1239//1239 1222//1222
f 1239//1239 1223//1223 1222//1222
f 1242//1242 1222//1222 1221//1221
f 1239//1239 1224//1224 1223//1223
f 1246//1246 1242//1242 1221//1221
f 1239//1239 1225//1225 1224//1224
f 1238//1238 1225//1225 1239//1239
f 1234//1234 1246//1246 1221//1221
f 1238//1238 1220//1220 1225//1225
f 1250//1250 1220//1220 1238//1238
f 1261//1261 1220//1220 1250//1250
f 1257//1257 1220//1220 1261//1261
f 1252//1252 1220//1220 1257//1257
f 1232//1232 1234//1234 1221//1221
f 1228//1228 1232//1232 1221//1221
f 1279//1279 1263//1263 1266//1266
f 1279//1279 1252//1252 1263//1263
f 1214//1214 1271//1271 1282//1282
f 1214//1214 1275//1275 1271//1271
f 1214//1214 1276//1276 1275//1275
f 1214//1214 1279//1279 1276//1276
f 1214//1214 1220//1220 1252//1252
f 1214//1214 1252//1252 1279//1279
f 286//286 1228//1228 1221//1221
f 286//286 287//287 1228//1228
f 286//286 293//293 290//290
f 286//286 290//290 287//287
f 296//296 293//293 286//286
f 296//296 286//286 285//285
f 1285//1285 1214//1214 1282//1282
f 1300//1300 1214//1214 1285//1285
f 297//297 296//296 285//285
f 297//297 285//285 284//284
f 1300//1300 1215//1215 1214//1214
f 1300//1300 1216//1216 1215//1215
f 1295//1295 1216//1216 1300//1300
f 1295//1295 1217//1217 1216//1216
f 284//284 301//301 297//297
f 1217//1217 1295//1295 1292//1292
f 283//283 301//301 284//284
f 1218//1218 1217//1217 1292//1292
f 282//282 301//301 283//283
f 1219//1219 1218//1218 1292//1292
f 1213//1213 1219//1219 1292//1292
f 1213//1213 1290//1290 1287//1287
f 1213//1213 1292//1292 1290//1290
f 281//281 305//305 301//301
f 281//281 301//301 282//282
f 306//306 305//305 281//281
f 311//311 306//306 281//281
f 313//313 311//311 281//281
f 316//316 313//313 281//281
f 1310//1310 1213//1213 1287//1287
f 1308//1308 1213//1213 1310//1310
f 328//328 321//321 318//318
f 328//328 324//324 321//321
f 332//332 318//318 316//316
f 332//332 328//328 318//318
f 276//276 1307//1307 355//355
f 276//276 355//355 354//354
f 276//276 354//354 351//351
f 280//280 332//332 316//316
f 280//280 316//316 281//281
f 280//280 343//343 340//340
f 280//280 340//340 335//335
f 280//280 335//335 332//332
f 277//277 276//276 351//351
f 277//277 351//351 345//345
f 279//279 343//343 280//280
f 279//279 345//345 343//343
f 278//278 277//277 345//345
f 278//278 345//345 279//279
f 276//276 1213//1213 1307//1307
f 1307//1307 1213//1213 1308//1308
f 1311//1311 1313//1313 1312//1312
f 1314//1314 1311//1311 1312//1312
f 1314//1314 1312//1312 1315//1315
f 1316//1316 1314//1314 1315//1315
f 1316//1316 1315//1315 1318//1318
f 1317//1317 1316//1316 1318//1318
f 1319//1319 1317//1317 1318//1318
f 1320//1320 1318//1318 1322//1322
f 1320//1320 1319//1319 1318//1318
f 1321//1321 1320//1320 1322//1322
f 1323//1323 1321//1321 1322//1322
f 1324//1324 1323//1323 1322//1322
f 1324//1324 1322//1322 1325//1325
f 1326//1326 1324//1324 1325//1325
f 1326//1326 1325//1325 1327//1327
f 1328//1328 1326//1326 1327//1327
f 1329//1329 1328//1328 1327//1327
f 1329//1329 1327//1327 1330//1330
f 1331//1331 1329//1329 1330//1330
f 1333//1333 1330//1330 1332//1332
f 1333//1333 1331//1331 1330//1330
f 1334//1334 1332//1332 1336//1336
f 1334//1334 1333//1333 1332//1332
f 1335//1335 1334//1334 1336//1336
f 1337//1337 1335//1335 1336//1336
f 1337//1337 1336//1336 1338//1338
f 1339//1339 1337//1337 1338//1338
f 1341//1341 1338//1338 1340//1340
f 1341//1341 1339//1339 1338//1338
f 1342//1342 1340//1340 1343//1343
f 1342//1342 1341//1341 1340//1340
f 1344//1344 1342//1342 1343//1343
f 1345//1345 1344//1344 1343//1343
f 1345//1345 1343//1343 1346//1346
f 1347//1347 1345//1345 1346//1346
f 1348//1348 1346//1346 1349//1349
f 1348//1348 1347//1347 1346//1346
f 1350//1350 1348//1348 1349//1349
f 1351//1351 1350//1350 1349//1349
f 1351//1351 1349//1349 1352//1352
f 1353//1353 1351//1351 1352//1352
f 1354//1354 1353//1353 1352//1352
f 1355//1355 1354//1354 1352//1352
f 1355//1355 1352//1352 1356//1356
f 1357//1357 1355//1355 1356//1356
f 1358//1358 1357//1357 1356//1356
f 1358//1358 1356//1356 1359//1359
f 1360//1360 1358//1358 1359//1359
f 1361//1361 1359//1359 1362//1362
f 1361//1361 1360//1360 1359//1359
f 1363//1363 1361//1361 1362//1362
f 1364//1364 1362//1362 1365//1365
f 1364//1364 1363//1363 1362//1362
f 1366//1366 1364//1364 1365//1365
f 1367//1367 1365//1365 1368//1368
f 1367//1367 1366//1366 1365//1365
f 1369//1369 1367//1367 1368//1368
f 1369//1369 1368//1368 1370//1370
f 1371//1371 1369//1369 1370//1370
f 1372//1372 1370//1370 1373//1373
f 1372//1372 1371//1371 1370//1370
f 1374//1374 1372//1372 1373//1373
f 1374//1374 1373//1373 1376//1376
f 1375//1375 1374//1374 1376//1376
f 1377//1377 1375//1375 1376//1376
f 1377//1377 1376//1376 1378//1378
f 1379//1379 1377//1377 1378//1378
f 1380//1380 1379//1379 1378//1378
f 1380//1380 1378//1378 1382//1382
f 1381//1381 1380//1380 1382//1382
f 1383//1383 1381//1381 1382//1382
f 1383//1383 1382//1382 1384//1384
f 1385//1385 1383//1383 1384//1384
f 1386//1386 1385//1385 1384//1384
f 1386//1386 1384//1384 1388//1388
f 1387//1387 1386//1386 1388//1388
f 1389//1389 1387//1387 1388//1388
f 1389//1389 1388//1388 1390//1390
f 1391//1391 1389//1389 1390//1390
f 1391//1391 1390//1390 1392//1392
f 1393//1393 1391//1391 1392//1392
f 1395//1395 1393//1393 1392//1392
f 1395//1395 1392//1392 1394//1394
f 1396//1396 1394//1394 1397//1397
f 1396//1396 1395//1395 1394//1394
f 1398//1398 1396//1396 1397//1397
f 1399//1399 1397//1397 1400//1400
f 1399//1399 1398//1398 1397//1397
f 1401//1401 1399//1399 1400//1400
f 1401//1401 1400//1400 1403//1403
f 1402//1402 1401//1401 1403//1403
f 1404//1404 1402//1402 1403//1403
f 1405//1405 1404//1404 1403//1403
f 1405//1405 1403//1403 1407//1407
f 1406//1406 1405//1405 1407//1407
f 1408//1408 1406//1406 1407//1407
f 1408//1408 1407//1407 1409//1409
f 1410//1410 1408//1408 1409//1409
f 1410//1410 1409//1409 1411//1411
f 1412//1412 1410//1410 1411//1411
f 1413//1413 1412//1412 1411//1411
f 1414//1414 1411//1411 1416//1416
f 1414//1414 1413//1413 1411//1411
f 1415//1415 1414//1414 1416//1416
f 1417//1417 1416//1416 1418//1418
f 1417//1417 1415//1415 1416//1416
f 1419//1419 1417//1417 1418//1418
f 1419//1419 1418//1418 1420//1420
f 1421//1421 1419//1419 1420//1420
f 1423//1423 1420//1420 1422//1422
f 1423//1423 1421//1421 1420//1420
f 1424//1424 1423//1423 1422//1422
f 1425//1425 1422//1422 1427//1427
f 1425//1425 1424//1424 1422//1422
f 1426//1426 1425//1425 1427//1427
f 1428//1428 1426//1426 1427//1427
f 1428//1428 1427//1427 1429//1429
f 1430//1430 1428//1428 1429//1429
f 1432//1432 1429//1429 1431//1431
f 1432//1432 1430//1430 1429//1429
f 1433//1433 1432//1432 1431//1431
f 1435//1435 1431//1431 1434//1434
f 1435//1435 1433//1433 1431//1431
f 1436//1436 1435//1435 1434//1434
f 1437//1437 1436//1436 1434//1434
f 1438//1438 1436//1436 1437//1437
f 1313//1313 1437//1437 1312//1312
f 1313//1313 1438//1438 1437//1437
f 1313//1313 1511//1511 1439//1439
f 1438//1438 1313//1313 1439//1439
f 1438//1438 1439//1439 1440//1440
f 1436//1436 1440//1440 1441//1441
f 1436//1436 1438//1438 1440//1440
f 1435//1435 1436//1436 1441//1441
f 1435//1435 1441//1441 1442//1442
f 1433//1433 1442//1442 1443//1443
f 1433//1433 1435//1435 1442//1442
f 1432//1432 1433//1433 1443//1443
f 1432//1432 1443//1443 1444//1444
f 1430//1430 1444//1444 1445//1445
f 1430//1430 1432//1432 1444//1444
f 1428//1428 1430//1430 1445//1445
f 1426//1426 1428//1428 1445//1445
f 1426//1426 1445//1445 1446//1446
f 1425//1425 1426//1426 1446//1446
f 1425//1425 1446//1446 1447//1447
f 1424//1424 1425//1425 1447//1447
f 1424//1424 1447//1447 1448//1448
f 1423//1423 1424//1424 1448//1448
f 1423//1423 1448//1448 1449//1449
f 1421//1421 1423//1423 1449//1449
f 1421//1421 1449//1449 1450//1450
f 1419//1419 1421//1421 1450//1450
f 1419//1419 1450//1450 1451//1451
f 1417//1417 1451//1451 1452//1452
f 1417//1417 1419//1419 1451//1451
f 1415//1415 1417//1417 1452//1452
f 1415//1415 1452//1452 1453//1453
f 1414//1414 1453//1453 1454//1454
f 1414//1414 1415//1415 1453//1453
f 1413//1413 1414//1414 1454//1454
f 1413//1413 1454//1454 1455//1455
f 1412//1412 1455//1455 1456//1456
f 1412//1412 1413//1413 1455//1455
f 1410//1410 1412//1412 1456//1456
f 1410//1410 1456//1456 1457//1457
f 1408//1408 1457//1457 1458//1458
f 1408//1408 1410//1410 1457//1457
f 1406//1406 1458//1458 1459//1459
f 1406//1406 1408//1408 1458//1458
f 1405//1405 1459//1459 1460//1460
f 1405//1405 1406//1406 1459//1459
f 1404//1404 1405//1405 1460//1460
f 1404//1404 1460//1460 1461//1461
f 1402//1402 1461//1461 1462//1462
f 1402//1402 1404//1404 1461//1461
f 1401//1401 1402//1402 1462//1462
f 1401//1401 1462//1462 1463//1463
f 1399//1399 1401//1401 1463//1463
f 1398//1398 1463//1463 1464//1464
f 1398//1398 1399//1399 1463//1463
f 1396//1396 1464//1464 1465//1465
f 1396//1396 1398//1398 1464//1464
f 1395//1395 1396//1396 1465//1465
f 1395//1395 1465//1465 1466//1466
f 1393//1393 1466//1466 1467//1467
f 1393//1393 1395//1395 1466//1466
f 1391//1391 1393//1393 1467//1467
f 1391//1391 1467//1467 1468//1468
f 1389//1389 1391//1391 1468//1468
f 1387//1387 1468//1468 1469//1469
f 1387//1387 1389//1389 1468//1468
f 1386//1386 1387//1387 1469//1469
f 1386//1386 1469//1469 1470//1470
f 1385//1385 1386//1386 1470//1470
f 1385//1385 1470//1470 1471//1471
f 1383//1383 1385//1385 1471//1471
f 1383//1383 1471//1471 1472//1472
f 1381//1381 1383//1383 1472//1472
f 1381//1381 1472//1472 1473//1473
f 1380//1380 1381//1381 1473//1473
f 1379//1379 1473//1473 1474//1474
f 1379//1379 1380//1380 1473//1473
f 1377//1377 1379//1379 1474//1474
f 1377//1377 1474//1474 1475//1475
f 1375//1375 1377//1377 1475//1475
f 1375//1375 1475//1475 1476//1476
f 1374//1374 1375//1375 1476//1476
f 1374//1374 1476//1476 1477//1477
f 1372//1372 1374//1374 1477//1477
f 1372//1372 1477//1477 1478//1478
f 1371//1371 1372//1372 1478//1478
f 1369//1369 1371//1371 1478//1478
f 1369//1369 1478//1478 1479//1479
f 1369//1369 1479//1479 1480//1480
f 1367//1367 1369//1369 1480//1480
f 1366//1366 1367//1367 1480//1480
f 1366//1366 1480//1480 1481//1481
f 1364//1364 1366//1366 1481//1481
f 1364//1364 1481//1481 1482//1482
f 1363//1363 1364//1364 1482//1482
f 1363//1363 1482//1482 1483//1483
f 1361//1361 1363//1363 1483//1483
f 1361//1361 1483//1483 1484//1484
f 1360//1360 1361//1361 1484//1484
f 1360//1360 1484//1484 1485//1485
f 1358//1358 1360//1360 1485//1485
f 1358//1358 1485//1485 1486//1486
f 1357//1357 1358//1358 1486//1486
f 1355//1355 1486//1486 1487//1487
f 1355//1355 1357//1357 1486//1486
f 1355//1355 1487//1487 1488//1488
f 1354//1354 1355//1355 1488//1488
f 1353//1353 1488//1488 1489//1489
f 1353//1353 1354//1354 1488//1488
f 1351//1351 1489//1489 1490//1490
f 1351//1351 1353//1353 1489//1489
f 1350//1350 1351//1351 1490//1490
f 1348//1348 1350//1350 1490//1490
f 1348//1348 1490//1490 1491//1491
f 1348//1348 1491//1491 1492//1492
f 1347//1347 1348//1348 1492//1492
f 1345//1345 1347//1347 1492//1492
f 1345//1345 1492//1492 1493//1493
f 1344//1344 1345//1345 1493//1493
f 1344//1344 1493//1493 1494//1494
f 1342//1342 1344//1344 1494//1494
f 1342//1342 1494//1494 1495//1495
f 1341//1341 1342//1342 1495//1495
f 1339//1339 1341//1341 1495//1495
f 1339//1339 1495//1495 1496//1496
f 1337//1337 1339//1339 1496//1496
f 1337//1337 1496//1496 1497//1497
f 1335//1335 1497//1497 1498//1498
f 1335//1335 1337//1337 1497//1497
f 1334//1334 1498//1498 1499//1499
f 1334//1334 1335//1335 1498//1498
f 1333//1333 1334//1334 1499//1499
f 1331//1331 1499//1499 1500//1500
f 1331//1331 1333//1333 1499//1499
f 1329//1329 1500//1500 1501//1501
f 1329//1329 1331//1331 1500//1500
f 1328//1328 1501//1501 1502//1502
f 1328//1328 1329//1329 1501//1501
f 1326//1326 1328//1328 1502//1502
f 1326//1326 1502//1502 1503//1503
f 1324//1324 1326//1326 1503//1503
f 1323//1323 1324//1324 1503//1503
f 1323//1323 1504//1504 1505//1505
f 1323//1323 1503//1503 1504//1504
f 1321//1321 1323//1323 1505//1505
f 1321//1321 1505//1505 1506//1506
f 1320//1320 1321//1321 1506//1506
f 1320//1320 1506//1506 1507//1507
f 1319//1319 1320//1320 1507//1507
f 1319//1319 1507//1507 1508//1508
f 1317//1317 1319//1319 1508//1508
f 1316//1316 1508//1508 1509//1509
f 1316//1316 1317//1317 1508//1508
f 1316//1316 1509//1509 1510//1510
f 1314//1314 1316//1316 1510//1510
f 1311//1311 1510//1510 1511//1511
f 1311//1311 1314//1314 1510//1510
f 1313//1313 1311//1311 1511//1511
f 1519//1519 1512//1512 1513//1513
f 1515//1515 1516//1516 1517//1517
f 1515//1515 1610//1610 1516//1516
f 1518//1518 1514//1514 1613//1613
f 1518//1518 1613//1613 1512//1512
f 1518//1518 1512//1512 1519//1519
f 1612//1612 1610//1610 1515//1515
f 1524//1524 1514//1514 1518//1518
f 1521//1521 1514//1514 1524//1524
f 1519//1519 1513//1513 818//818
f 1518//1518 1519//1519 818//818
f 1522//1522 1526//1526 1523//1523
f 1524//1524 1518//1518 818//818
f 1527//1527 1521//1521 1524//1524
f 1527//1527 1524//1524 820//820
f 820//820 1521//1521 1527//1527
f 820//820 1525//1525 1521//1521
f 1531//1531 1526//1526 1522//1522
f 1530//1530 1525//1525 820//820
f 1530//1530 820//820 822//822
f 1530//1530 1520//1520 1525//1525
f 1528//1528 1526//1526 1531//1531
f 1533//1533 1532//1532 1529//1529
f 823//823 1530//1530 822//822
f 823//823 1522//1522 1523//1523
f 823//823 1520//1520 1530//1530
f 823//823 1523//1523 1520//1520
f 1539//1539 1536//1536 1535//1535
f 1528//1528 1531//1531 825//825
f 825//825 1529//1529 1528//1528
f 826//826 1533//1533 1529//1529
f 826//826 1529//1529 825//825
f 1537//1537 1532//1532 1533//1533
f 1537//1537 1533//1533 826//826
f 1538//1538 1532//1532 1537//1537
f 1538//1538 1535//1535 1532//1532
f 1539//1539 1538//1538 829//829
f 1539//1539 1535//1535 1538//1538
f 829//829 1536//1536 1539//1539
f 1542//1542 1536//1536 829//829
f 1542//1542 1534//1534 1536//1536
f 1544//1544 1546//1546 1548//1548
f 1545//1545 1541//1541 1534//1534
f 1545//1545 1534//1534 1542//1542
f 1545//1545 1542//1542 832//832
f 1551//1551 1555//1555 1546//1546
f 1551//1551 1546//1546 1544//1544
f 832//832 1541//1541 1545//1545
f 832//832 1543//1543 1541//1541
f 1547//1547 832//832 834//834
f 1547//1547 1543//1543 832//832
f 1549//1549 1547//1547 834//834
f 1549//1549 1540//1540 1547//1547
f 1557//1557 1553//1553 1556//1556
f 1550//1550 1548//1548 1540//1540
f 1550//1550 1544//1544 1548//1548
f 1550//1550 1540//1540 1549//1549
f 1552//1552 1553//1553 1557//1557
f 1552//1552 1558//1558 1553//1553
f 1554//1554 1544//1544 1550//1550
f 837//837 1555//1555 1551//1551
f 837//837 1551//1551 1544//1544
f 837//837 1544//1544 1554//1554
f 838//838 1555//1555 837//837
f 840//840 1556//1556 1555//1555
f 840//840 1555//1555 838//838
f 842//842 1557//1557 1556//1556
f 842//842 1556//1556 840//840
f 842//842 1552//1552 1557//1557
f 843//843 1552//1552 842//842
f 1560//1560 1558//1558 1552//1552
f 1560//1560 1559//1559 1558//1558
f 1560//1560 1552//1552 843//843
f 1562//1562 1559//1559 1560//1560
f 1564//1564 1561//1561 1559//1559
f 1564//1564 1559//1559 1562//1562
f 1567//1567 1564//1564 846//846
f 1567//1567 1561//1561 1564//1564
f 1567//1567 1563//1563 1561//1561
f 1570//1570 846//846 847//847
f 1570//1570 1567//1567 846//846
f 1570//1570 1565//1565 1563//1563
f 1570//1570 1563//1563 1567//1567
f 1570//1570 1568//1568 1565//1565
f 1578//1578 1574//1574 1569//1569
f 1572//1572 1570//1570 847//847
f 1572//1572 1568//1568 1570//1570
f 1575//1575 1571//1571 1568//1568
f 1575//1575 1572//1572 847//847
f 1575//1575 1568//1568 1572//1572
f 1581//1581 1574//1574 1578//1578
f 1581//1581 1582//1582 1574//1574
f 849//849 1573//1573 1571//1571
f 849//849 1571//1571 1575//1575
f 849//849 1566//1566 1573//1573
f 1576//1576 1566//1566 849//849
f 1577//1577 1569//1569 1566//1566
f 1577//1577 1566//1566 1576//1576
f 1580//1580 1569//1569 1577//1577
f 1580//1580 1578//1578 1569//1569
f 852//852 1581//1581 1578//1578
f 852//852 1578//1578 1580//1580
f 1590//1590 1579//1579 1586//1586
f 1590//1590 1583//1583 1579//1579
f 1585//1585 1581//1581 852//852
f 855//855 1584//1584 1583//1583
f 855//855 1583//1583 1590//1590
f 1591//1591 1588//1588 1584//1584
f 1587//1587 1582//1582 1581//1581
f 1587//1587 1581//1581 1585//1585
f 856//856 1584//1584 855//855
f 1592//1592 1588//1588 1591//1591
f 1589//1589 1586//1586 1582//1582
f 1589//1589 1582//1582 1587//1587
f 1589//1589 1590//1590 1586//1586
f 1591//1591 1584//1584 856//856
f 1595//1595 1593//1593 1588//1588
f 1595//1595 1588//1588 1592//1592
f 1590//1590 1589//1589 855//855
f 1594//1594 1591//1591 856//856
f 1605//1605 1599//1599 1597//1597
f 1598//1598 1591//1591 1594//1594
f 1598//1598 1592//1592 1591//1591
f 1600//1600 1595//1595 1592//1592
f 1600//1600 1592//1592 1598//1598
f 1600//1600 1593//1593 1595//1595
f 1602//1602 1593//1593 1600//1600
f 860//860 1601//1601 1599//1599
f 860//860 1599//1599 1605//1605
f 1604//1604 1596//1596 1593//1593
f 1604//1604 1593//1593 1602//1602
f 862//862 1601//1601 860//860
f 859//859 1597//1597 1596//1596
f 859//859 1596//1596 1604//1604
f 863//863 1603//1603 1601//1601
f 863//863 1601//1601 862//862
f 863//863 1606//1606 1603//1603
f 1608//1608 1607//1607 1606//1606
f 1605//1605 1597//1597 859//859
f 1516//1516 1607//1607 1608//1608
f 865//865 1606//1606 863//863
f 865//865 1608//1608 1606//1606
f 1609//1609 1608//1608 865//865
f 867//867 1516//1516 1608//1608
f 867//867 1517//1517 1516//1516
f 867//867 1608//1608 1609//1609
f 1516//1516 1610//1610 1607//1607
f 1513//1513 1512//1512 1611//1611
f 1612//1612 1611//1611 1610//1610
f 1513//1513 1611//1611 1612//1612
f 1614//1614 1616//1616 1792//1792
f 1616//1616 1883//1883 1886//1886
f 1879//1879 1616//1616 1614//1614
f 1617//1617 1614//1614 1615//1615
f 1618//1618 1614//1614 1617//1617
f 1879//1879 1883//1883 1616//1616
f 1618//1618 1879//1879 1614//1614
f 1877//1877 1879//1879 1618//1618
f 1620//1620 1617//1617 1619//1619
f 1620//1620 1618//1618 1617//1617
f 1620//1620 1877//1877 1618//1618
f 1621//1621 1619//1619 1622//1622
f 1621//1621 1620//1620 1619//1619
f 1625//1625 1620//1620 1621//1621
f 1625//1625 1877//1877 1620//1620
f 1623//1623 1621//1621 1622//1622
f 1625//1625 1621//1621 1623//1623
f 1623//1623 1622//1622 1624//1624
f 1627//1627 1625//1625 1623//1623
f 1626//1626 1623//1623 1624//1624
f 1627//1627 1869//1869 1625//1625
f 1627//1627 1623//1623 1626//1626
f 1626//1626 1624//1624 1628//1628
f 1630//1630 1627//1627 1626//1626
f 1632//1632 1626//1626 1628//1628
f 1630//1630 1869//1869 1627//1627
f 1631//1631 1869//1869 1630//1630
f 1630//1630 1626//1626 1632//1632
f 1629//1629 1632//1632 1628//1628
f 1633//1633 1630//1630 1632//1632
f 1633//1633 1631//1631 1630//1630
f 1634//1634 1632//1632 1629//1629
f 1633//1633 1860//1860 1631//1631
f 1635//1635 1632//1632 1634//1634
f 1635//1635 1633//1633 1632//1632
f 1636//1636 1633//1633 1635//1635
f 1635//1635 1634//1634 1637//1637
f 1856//1856 1633//1633 1636//1636
f 1638//1638 1635//1635 1637//1637
f 1638//1638 1636//1636 1635//1635
f 1639//1639 1638//1638 1637//1637
f 1636//1636 1641//1641 1856//1856
f 1640//1640 1636//1636 1638//1638
f 1640//1640 1641//1641 1636//1636
f 1643//1643 1638//1638 1639//1639
f 1643//1643 1640//1640 1638//1638
f 1642//1642 1643//1643 1639//1639
f 1644//1644 1640//1640 1643//1643
f 1644//1644 1643//1643 1642//1642
f 1644//1644 1849//1849 1640//1640
f 1645//1645 1642//1642 1646//1646
f 1645//1645 1644//1644 1642//1642
f 1644//1644 1647//1647 1849//1849
f 1648//1648 1644//1644 1645//1645
f 1647//1647 1644//1644 1648//1648
f 1651//1651 1645//1645 1646//1646
f 1650//1650 1647//1647 1648//1648
f 1650//1650 1842//1842 1647//1647
f 1649//1649 1645//1645 1651//1651
f 1649//1649 1648//1648 1645//1645
f 1649//1649 1650//1650 1648//1648
f 1653//1653 1649//1649 1651//1651
f 1650//1650 1840//1840 1842//1842
f 1652//1652 1649//1649 1653//1653
f 1652//1652 1650//1650 1649//1649
f 1652//1652 1840//1840 1650//1650
f 1657//1657 1653//1653 1651//1651
f 1652//1652 1837//1837 1840//1840
f 1655//1655 1652//1652 1653//1653
f 1654//1654 1653//1653 1657//1657
f 1655//1655 1837//1837 1652//1652
f 1654//1654 1655//1655 1653//1653
f 1654//1654 1657//1657 1656//1656
f 1655//1655 1835//1835 1837//1837
f 1658//1658 1654//1654 1656//1656
f 1659//1659 1655//1655 1654//1654
f 1659//1659 1835//1835 1655//1655
f 1659//1659 1654//1654 1658//1658
f 1660//1660 1658//1658 1656//1656
f 1661//1661 1659//1659 1658//1658
f 1662//1662 1658//1658 1660//1660
f 1661//1661 1834//1834 1659//1659
f 1661//1661 1832//1832 1834//1834
f 1662//1662 1661//1661 1658//1658
f 1662//1662 1660//1660 1664//1664
f 1663//1663 1661//1661 1662//1662
f 1663//1663 1832//1832 1661//1661
f 1665//1665 1662//1662 1664//1664
f 1665//1665 1663//1663 1662//1662
f 1667//1667 1663//1663 1665//1665
f 1666//1666 1665//1665 1664//1664
f 1668//1668 1665//1665 1666//1666
f 1667//1667 1669//1669 1826//1826
f 1670//1670 1667//1667 1665//1665
f 1670//1670 1665//1665 1668//1668
f 1668//1668 1666//1666 1672//1672
f 1670//1670 1669//1669 1667//1667
f 1671//1671 1668//1668 1672//1672
f 1820//1820 1669//1669 1670//1670
f 1671//1671 1670//1670 1668//1668
f 1673//1673 1670//1670 1671//1671
f 1673//1673 1820//1820 1670//1670
f 1673//1673 1819//1819 1820//1820
f 1675//1675 1673//1673 1671//1671
f 1674//1674 1671//1671 1672//1672
f 1674//1674 1675//1675 1671//1671
f 1678//1678 1673//1673 1675//1675
f 1675//1675 1674//1674 1677//1677
f 1679//1679 1675//1675 1677//1677
f 1679//1679 1678//1678 1675//1675
f 1679//1679 1676//1676 1678//1678
f 1681//1681 1679//1679 1677//1677
f 1683//1683 1679//1679 1681//1681
f 1681//1681 1677//1677 1680//1680
f 1683//1683 1676//1676 1679//1679
f 1683//1683 1813//1813 1676//1676
f 1684//1684 1681//1681 1680//1680
f 1684//1684 1683//1683 1681//1681
f 1685//1685 1683//1683 1684//1684
f 1684//1684 1680//1680 1682//1682
f 1685//1685 1813//1813 1683//1683
f 1810//1810 1813//1813 1685//1685
f 1687//1687 1684//1684 1682//1682
f 1687//1687 1682//1682 1686//1686
f 1690//1690 1684//1684 1687//1687
f 1690//1690 1685//1685 1684//1684
f 1690//1690 1806//1806 1685//1685
f 1802//1802 1806//1806 1690//1690
f 1689//1689 1690//1690 1687//1687
f 1688//1688 1687//1687 1686//1686
f 1689//1689 1687//1687 1688//1688
f 1694//1694 1690//1690 1689//1689
f 1692//1692 1689//1689 1688//1688
f 1694//1694 1691//1691 1690//1690
f 1692//1692 1694//1694 1689//1689
f 1693//1693 1692//1692 1688//1688
f 1696//1696 1692//1692 1693//1693
f 1695//1695 1692//1692 1696//1696
f 1695//1695 1694//1694 1692//1692
f 1695//1695 1691//1691 1694//1694
f 1699//1699 1695//1695 1696//1696
f 1697//1697 1693//1693 1698//1698
f 1697//1697 1696//1696 1693//1693
f 1699//1699 1797//1797 1695//1695
f 1697//1697 1699//1699 1696//1696
f 1701//1701 1697//1697 1698//1698
f 1795//1795 1797//1797 1699//1699
f 1700//1700 1697//1697 1701//1701
f 1701//1701 1698//1698 2467//2467
f 1700//1700 1699//1699 1697//1697
f 1700//1700 1795//1795 1699//1699
f 1794//1794 1795//1795 1700//1700
f 1702//1702 1794//1794 1700//1700
f 1703//1703 1700//1700 1701//1701
f 1703//1703 1702//1702 1700//1700
f 1703//1703 1701//1701 1705//1705
f 1977//1977 1702//1702 1703//1703
f 1708//1708 1703//1703 1705//1705
f 1977//1977 1703//1703 1708//1708
f 1706//1706 1705//1705 1704//1704
f 1976//1976 1977//1977 1708//1708
f 1708//1708 1705//1705 1706//1706
f 1707//1707 1706//1706 1704//1704
f 1709//1709 1706//1706 1707//1707
f 1709//1709 1708//1708 1706//1706
f 1710//1710 1708//1708 1709//1709
f 1711//1711 1707//1707 1713//1713
f 1970//1970 1710//1710 1709//1709
f 1711//1711 1709//1709 1707//1707
f 1712//1712 1709//1709 1711//1711
f 1715//1715 1712//1712 1711//1711
f 1714//1714 1711//1711 1713//1713
f 1968//1968 1970//1970 1709//1709
f 1968//1968 1709//1709 1712//1712
f 1715//1715 1711//1711 1714//1714
f 1714//1714 1713//1713 1716//1716
f 1718//1718 1715//1715 1714//1714
f 1718//1718 1714//1714 1716//1716
f 1964//1964 1712//1712 1715//1715
f 1721//1721 1715//1715 1718//1718
f 1721//1721 1964//1964 1715//1715
f 1721//1721 1961//1961 1964//1964
f 1719//1719 1718//1718 1716//1716
f 1719//1719 1716//1716 1717//1717
f 1721//1721 1720//1720 1961//1961
f 1723//1723 1719//1719 1717//1717
f 1721//1721 1718//1718 1719//1719
f 1724//1724 1717//1717 1722//1722
f 1723//1723 1717//1717 1724//1724
f 1725//1725 1721//1721 1719//1719
f 1725//1725 1720//1720 1721//1721
f 1725//1725 1719//1719 1723//1723
f 1725//1725 1956//1956 1720//1720
f 1727//1727 1956//1956 1725//1725
f 1727//1727 1725//1725 1723//1723
f 1728//1728 1723//1723 1724//1724
f 1728//1728 1724//1724 1726//1726
f 1728//1728 1727//1727 1723//1723
f 1727//1727 1951//1951 1956//1956
f 1730//1730 1727//1727 1728//1728
f 1729//1729 1728//1728 1726//1726
f 1730//1730 1951//1951 1727//1727
f 1730//1730 1949//1949 1951//1951
f 1730//1730 1728//1728 1729//1729
f 1729//1729 1726//1726 1731//1731
f 1730//1730 1729//1729 1732//1732
f 1733//1733 1949//1949 1730//1730
f 1733//1733 1730//1730 1732//1732
f 1733//1733 1945//1945 1949//1949
f 1732//1732 1729//1729 1731//1731
f 1735//1735 1733//1733 1732//1732
f 1734//1734 1732//1732 1731//1731
f 1736//1736 1732//1732 1734//1734
f 1736//1736 1735//1735 1732//1732
f 1945//1945 1733//1733 1735//1735
f 1736//1736 1734//1734 1737//1737
f 1739//1739 1945//1945 1735//1735
f 1739//1739 1735//1735 1736//1736
f 1738//1738 1736//1736 1737//1737
f 1741//1741 1739//1739 1736//1736
f 1741//1741 1736//1736 1738//1738
f 1740//1740 1738//1738 1737//1737
f 1741//1741 1941//1941 1739//1739
f 1744//1744 1741//1741 1738//1738
f 1742//1742 1738//1738 1740//1740
f 1744//1744 1738//1738 1742//1742
f 1744//1744 1938//1938 1741//1741
f 1742//1742 1740//1740 1743//1743
f 1747//1747 1744//1744 1742//1742
f 1746//1746 1742//1742 1743//1743
f 1744//1744 1745//1745 1938//1938
f 1747//1747 1742//1742 1746//1746
f 1747//1747 1745//1745 1744//1744
f 1749//1749 1747//1747 1746//1746
f 1748//1748 1747//1747 1749//1749
f 1750//1750 1746//1746 1743//1743
f 1751//1751 1749//1749 1746//1746
f 1751//1751 1746//1746 1750//1750
f 1933//1933 1748//1748 1749//1749
f 1751//1751 1750//1750 1754//1754
f 1933//1933 1749//1749 1751//1751
f 1753//1753 1933//1933 1751//1751
f 1753//1753 1752//1752 1933//1933
f 1757//1757 1751//1751 1754//1754
f 1757//1757 1753//1753 1751//1751
f 1753//1753 1926//1926 1752//1752
f 1926//1926 1753//1753 1757//1757
f 1756//1756 1754//1754 1755//1755
f 1757//1757 1754//1754 1756//1756
f 1759//1759 1755//1755 2438//2438
f 1756//1756 1755//1755 1759//1759
f 1758//1758 1757//1757 1756//1756
f 1760//1760 1756//1756 1759//1759
f 1925//1925 1757//1757 1758//1758
f 1760//1760 1758//1758 1756//1756
f 1758//1758 1922//1922 1925//1925
f 1762//1762 1760//1760 1759//1759
f 1758//1758 1763//1763 1922//1922
f 1763//1763 1758//1758 1760//1760
f 1763//1763 1760//1760 1762//1762
f 1762//1762 1759//1759 1761//1761
f 1764//1764 1763//1763 1762//1762
f 1767//1767 1762//1762 1761//1761
f 1764//1764 1762//1762 1767//1767
f 1770//1770 1764//1764 1767//1767
f 1765//1765 1767//1767 1761//1761
f 1769//1769 1765//1765 1768//1768
f 1769//1769 1767//1767 1765//1765
f 1770//1770 1767//1767 1769//1769
f 1773//1773 1769//1769 1768//1768
f 1770//1770 1912//1912 1766//1766
f 1772//1772 1769//1769 1773//1773
f 1772//1772 1770//1770 1769//1769
f 1772//1772 1912//1912 1770//1770
f 1775//1775 1768//1768 1771//1771
f 1774//1774 1772//1772 1773//1773
f 1775//1775 1773//1773 1768//1768
f 1775//1775 1774//1774 1773//1773
f 1775//1775 1771//1771 1776//1776
f 1774//1774 1910//1910 1772//1772
f 1905//1905 1910//1910 1774//1774
f 1778//1778 1775//1775 1776//1776
f 1778//1778 1774//1774 1775//1775
f 1778//1778 1905//1905 1774//1774
f 1778//1778 1777//1777 1905//1905
f 1780//1780 1778//1778 1776//1776
f 1780//1780 1776//1776 1779//1779
f 1778//1778 1899//1899 1777//1777
f 1781//1781 1778//1778 1780//1780
f 1781//1781 1899//1899 1778//1778
f 1781//1781 1896//1896 1899//1899
f 1782//1782 1780//1780 1779//1779
f 1784//1784 1780//1780 1782//1782
f 1781//1781 1780//1780 1784//1784
f 1785//1785 1781//1781 1784//1784
f 1784//1784 1782//1782 1783//1783
f 1785//1785 1787//1787 1896//1896
f 1785//1785 1896//1896 1781//1781
f 1786//1786 1784//1784 1783//1783
f 1785//1785 1890//1890 1787//1787
f 1786//1786 1785//1785 1784//1784
f 1788//1788 1785//1785 1786//1786
f 1789//1789 1786//1786 1783//1783
f 1788//1788 1888//1888 1890//1890
f 1788//1788 1890//1890 1785//1785
f 1791//1791 1786//1786 1789//1789
f 1788//1788 1887//1887 1888//1888
f 1791//1791 1788//1788 1786//1786
f 1793//1793 1788//1788 1791//1791
f 1791//1791 1789//1789 1790//1790
f 1793//1793 1887//1887 1788//1788
f 1790//1790 1615//1615 1614//1614
f 1792//1792 1790//1790 1614//1614
f 1792//1792 1791//1791 1790//1790
f 1793//1793 1886//1886 1887//1887
f 1793//1793 1792//1792 1616//1616
f 1793//1793 1791//1791 1792//1792
f 1886//1886 1793//1793 1616//1616
f 1794//1794 1702//1702 1979//1979
f 1978//1978 1794//1794 1979//1979
f 1796//1796 1794//1794 1978//1978
f 163//163 1796//1796 1978//1978
f 1795//1795 1794//1794 1796//1796
f 1798//1798 1796//1796 163//163
f 1799//1799 1798//1798 163//163
f 1798//1798 1795//1795 1796//1796
f 1798//1798 1797//1797 1795//1795
f 1800//1800 1798//1798 1799//1799
f 1800//1800 1799//1799 184//184
f 1797//1797 1691//1691 1695//1695
f 1801//1801 1797//1797 1798//1798
f 1800//1800 1801//1801 1798//1798
f 1691//1691 1797//1797 1801//1801
f 1800//1800 184//184 1803//1803
f 1804//1804 1801//1801 1800//1800
f 1802//1802 1690//1690 1691//1691
f 1803//1803 1804//1804 1800//1800
f 1802//1802 1691//1691 1801//1801
f 1805//1805 1802//1802 1801//1801
f 1804//1804 1805//1805 1801//1801
f 1807//1807 1804//1804 1803//1803
f 1806//1806 1802//1802 1805//1805
f 1808//1808 1806//1806 1805//1805
f 1809//1809 1808//1808 1805//1805
f 1809//1809 1805//1805 1804//1804
f 1807//1807 1809//1809 1804//1804
f 1811//1811 1808//1808 1809//1809
f 1810//1810 1685//1685 1806//1806
f 1810//1810 1806//1806 1808//1808
f 1812//1812 1810//1810 1808//1808
f 1812//1812 1808//1808 1811//1811
f 1814//1814 1811//1811 1809//1809
f 1814//1814 1809//1809 1807//1807
f 1812//1812 1813//1813 1810//1810
f 1816//1816 1676//1676 1813//1813
f 1816//1816 1813//1813 1812//1812
f 1816//1816 1812//1812 1811//1811
f 1815//1815 1816//1816 1811//1811
f 1815//1815 1811//1811 1814//1814
f 1817//1817 1678//1678 1676//1676
f 1817//1817 1676//1676 1816//1816
f 1818//1818 1817//1817 1816//1816
f 1819//1819 1673//1673 1678//1678
f 1819//1819 1678//1678 1817//1817
f 1821//1821 1818//1818 1816//1816
f 1821//1821 1816//1816 1815//1815
f 1822//1822 1819//1819 1817//1817
f 1822//1822 1817//1817 1818//1818
f 1823//1823 1822//1822 1818//1818
f 1821//1821 1823//1823 1818//1818
f 1822//1822 1820//1820 1819//1819
f 1827//1827 1823//1823 1821//1821
f 1824//1824 1669//1669 1820//1820
f 1824//1824 1820//1820 1822//1822
f 1825//1825 1824//1824 1822//1822
f 1825//1825 1822//1822 1823//1823
f 1827//1827 1825//1825 1823//1823
f 1826//1826 1669//1669 1824//1824
f 1828//1828 1826//1826 1824//1824
f 1825//1825 1828//1828 1824//1824
f 1830//1830 1667//1667 1826//1826
f 1831//1831 1828//1828 1825//1825
f 1663//1663 1667//1667 1830//1830
f 1830//1830 1826//1826 1828//1828
f 1829//1829 1831//1831 1825//1825
f 1829//1829 1825//1825 1827//1827
f 1831//1831 1830//1830 1828//1828
f 1831//1831 1829//1829 183//183
f 1832//1832 1663//1663 1830//1830
f 1833//1833 1830//1830 1831//1831
f 1833//1833 1832//1832 1830//1830
f 183//183 1833//1833 1831//1831
f 1834//1834 1832//1832 1833//1833
f 1834//1834 1833//1833 183//183
f 1836//1836 1834//1834 183//183
f 1835//1835 1659//1659 1834//1834
f 1836//1836 1835//1835 1834//1834
f 1838//1838 1837//1837 1835//1835
f 1118//1118 1835//1835 1836//1836
f 1118//1118 1838//1838 1835//1835
f 1839//1839 1838//1838 1118//1118
f 1840//1840 1837//1837 1838//1838
f 1841//1841 1840//1840 1838//1838
f 1841//1841 1838//1838 1839//1839
f 1845//1845 1841//1841 1839//1839
f 1845//1845 1839//1839 1097//1097
f 1843//1843 1845//1845 1097//1097
f 1842//1842 1840//1840 1841//1841
f 1844//1844 1842//1842 1841//1841
f 1844//1844 1841//1841 1845//1845
f 1843//1843 1844//1844 1845//1845
f 1847//1847 1843//1843 1097//1097
f 1846//1846 1647//1647 1842//1842
f 1846//1846 1842//1842 1844//1844
f 1848//1848 1846//1846 1844//1844
f 1848//1848 1844//1844 1843//1843
f 1849//1849 1647//1647 1846//1846
f 1851//1851 1849//1849 1846//1846
f 1847//1847 1848//1848 1843//1843
f 1850//1850 1851//1851 1846//1846
f 1850//1850 1846//1846 1848//1848
f 1641//1641 1640//1640 1849//1849
f 1853//1853 1850//1850 1848//1848
f 1853//1853 1848//1848 1847//1847
f 1851//1851 1641//1641 1849//1849
f 1854//1854 1853//1853 1847//1847
f 1852//1852 1641//1641 1851//1851
f 1852//1852 1851//1851 1850//1850
f 1855//1855 1852//1852 1850//1850
f 1855//1855 1850//1850 1853//1853
f 1856//1856 1641//1641 1852//1852
f 1854//1854 1855//1855 1853//1853
f 1857//1857 1856//1856 1852//1852
f 1855//1855 1857//1857 1852//1852
f 1863//1863 1855//1855 1854//1854
f 1858//1858 1633//1633 1856//1856
f 1862//1862 1857//1857 1855//1855
f 1858//1858 1860//1860 1633//1633
f 1858//1858 1856//1856 1857//1857
f 1863//1863 1862//1862 1855//1855
f 1859//1859 1858//1858 1857//1857
f 1859//1859 1857//1857 1862//1862
f 1861//1861 1860//1860 1858//1858
f 1859//1859 1861//1861 1858//1858
f 1864//1864 1631//1631 1860//1860
f 1864//1864 1860//1860 1861//1861
f 1865//1865 1861//1861 1859//1859
f 1865//1865 1859//1859 1862//1862
f 1865//1865 1862//1862 1863//1863
f 1868//1868 1865//1865 1863//1863
f 1866//1866 1864//1864 1861//1861
f 1865//1865 1866//1866 1861//1861
f 1869//1869 1631//1631 1864//1864
f 1867//1867 1869//1869 1864//1864
f 1866//1866 1867//1867 1864//1864
f 1870//1870 1866//1866 1865//1865
f 1870//1870 1865//1865 1868//1868
f 1873//1873 1870//1870 1868//1868
f 1872//1872 1867//1867 1866//1866
f 1871//1871 1625//1625 1869//1869
f 1872//1872 1866//1866 1870//1870
f 1876//1876 1872//1872 1870//1870
f 1876//1876 1870//1870 1873//1873
f 1871//1871 1869//1869 1867//1867
f 1871//1871 1867//1867 1872//1872
f 1874//1874 1625//1625 1871//1871
f 1875//1875 1874//1874 1871//1871
f 1877//1877 1625//1625 1874//1874
f 1875//1875 1871//1871 1872//1872
f 1875//1875 1872//1872 1876//1876
f 1878//1878 1876//1876 1873//1873
f 1881//1881 1877//1877 1874//1874
f 1880//1880 1874//1874 1875//1875
f 1880//1880 1881//1881 1874//1874
f 1876//1876 1882//1882 1875//1875
f 1876//1876 1878//1878 1882//1882
f 1881//1881 1879//1879 1877//1877
f 1882//1882 1880//1880 1875//1875
f 1883//1883 1879//1879 1881//1881
f 1884//1884 1883//1883 1881//1881
f 1884//1884 1881//1881 1880//1880
f 1882//1882 1884//1884 1880//1880
f 1885//1885 1883//1883 1884//1884
f 1095//1095 1885//1885 1884//1884
f 1095//1095 1884//1884 1882//1882
f 1886//1886 1883//1883 1885//1885
f 1091//1091 1886//1886 1885//1885
f 1091//1091 1885//1885 1095//1095
f 1887//1887 1886//1886 1091//1091
f 1889//1889 1887//1887 1091//1091
f 1889//1889 1091//1091 1891//1891
f 1888//1888 1887//1887 1889//1889
f 1890//1890 1888//1888 1889//1889
f 1892//1892 1890//1890 1889//1889
f 1893//1893 1892//1892 1889//1889
f 1893//1893 1889//1889 1891//1891
f 1894//1894 1893//1893 1891//1891
f 1787//1787 1890//1890 1892//1892
f 1893//1893 1787//1787 1892//1892
f 1897//1897 1893//1893 1894//1894
f 1895//1895 1787//1787 1893//1893
f 1895//1895 1893//1893 1897//1897
f 1896//1896 1787//1787 1895//1895
f 1897//1897 1067//1067 1898//1898
f 1897//1897 1894//1894 1067//1067
f 1900//1900 1896//1896 1895//1895
f 1900//1900 1895//1895 1897//1897
f 1902//1902 1900//1900 1897//1897
f 1902//1902 1897//1897 1898//1898
f 1900//1900 1899//1899 1896//1896
f 1901//1901 1902//1902 1898//1898
f 1904//1904 1777//1777 1899//1899
f 1904//1904 1899//1899 1900//1900
f 1903//1903 1902//1902 1901//1901
f 1904//1904 1900//1900 1902//1902
f 1903//1903 1904//1904 1902//1902
f 1906//1906 1905//1905 1777//1777
f 1906//1906 1777//1777 1904//1904
f 1909//1909 1903//1903 1901//1901
f 1907//1907 1906//1906 1904//1904
f 1907//1907 1904//1904 1903//1903
f 1910//1910 1905//1905 1906//1906
f 1909//1909 1907//1907 1903//1903
f 1911//1911 1910//1910 1906//1906
f 1911//1911 1906//1906 1907//1907
f 1908//1908 1772//1772 1910//1910
f 1909//1909 1911//1911 1907//1907
f 1915//1915 1911//1911 1909//1909
f 1908//1908 1910//1910 1911//1911
f 1913//1913 1908//1908 1911//1911
f 1912//1912 1772//1772 1908//1908
f 1915//1915 1913//1913 1911//1911
f 1914//1914 1912//1912 1908//1908
f 1914//1914 1908//1908 1913//1913
f 1766//1766 1912//1912 1914//1914
f 1918//1918 1766//1766 1914//1914
f 1918//1918 1914//1914 1913//1913
f 1916//1916 1770//1770 1766//1766
f 1917//1917 1916//1916 1766//1766
f 1917//1917 1766//1766 1918//1918
f 1916//1916 1764//1764 1770//1770
f 1920//1920 1916//1916 1917//1917
f 1919//1919 1913//1913 1915//1915
f 1919//1919 1918//1918 1913//1913
f 1920//1920 1764//1764 1916//1916
f 1921//1921 1917//1917 1918//1918
f 1923//1923 1920//1920 1917//1917
f 1920//1920 1763//1763 1764//1764
f 1921//1921 1923//1923 1917//1917
f 1927//1927 1923//1923 1921//1921
f 1921//1921 1918//1918 1919//1919
f 1924//1924 1921//1921 1919//1919
f 1922//1922 1920//1920 1923//1923
f 1922//1922 1763//1763 1920//1920
f 1924//1924 1927//1927 1921//1921
f 1928//1928 1925//1925 1922//1922
f 1928//1928 1922//1922 1923//1923
f 1927//1927 1928//1928 1923//1923
f 1926//1926 1757//1757 1925//1925
f 1926//1926 1925//1925 1928//1928
f 1930//1930 1926//1926 1928//1928
f 1931//1931 1927//1927 1924//1924
f 1929//1929 1931//1931 1924//1924
f 1931//1931 1928//1928 1927//1927
f 1931//1931 1930//1930 1928//1928
f 1930//1930 1752//1752 1926//1926
f 1932//1932 1752//1752 1930//1930
f 1063//1063 1930//1930 1931//1931
f 1932//1932 1933//1933 1752//1752
f 1932//1932 1930//1930 1063//1063
f 1934//1934 1933//1933 1932//1932
f 1935//1935 1934//1934 1932//1932
f 1063//1063 1935//1935 1932//1932
f 1934//1934 1748//1748 1933//1933
f 1745//1745 1748//1748 1934//1934
f 1936//1936 1935//1935 1063//1063
f 1745//1745 1934//1934 1935//1935
f 1745//1745 1747//1747 1748//1748
f 1937//1937 1745//1745 1935//1935
f 1937//1937 1935//1935 1936//1936
f 1938//1938 1745//1745 1937//1937
f 136//136 1937//1937 1936//1936
f 1940//1940 1937//1937 136//136
f 1939//1939 1938//1938 1937//1937
f 1939//1939 1937//1937 1940//1940
f 1941//1941 1741//1741 1938//1938
f 1939//1939 1941//1941 1938//1938
f 1943//1943 1941//1941 1939//1939
f 1944//1944 1940//1940 136//136
f 1942//1942 1939//1939 1940//1940
f 1942//1942 1943//1943 1939//1939
f 1943//1943 1739//1739 1941//1941
f 1944//1944 1942//1942 1940//1940
f 1945//1945 1739//1739 1943//1943
f 1946//1946 1947//1947 1942//1942
f 815//815 1942//1942 1944//1944
f 1947//1947 1943//1943 1942//1942
f 1948//1948 1945//1945 1943//1943
f 815//815 1946//1946 1942//1942
f 1948//1948 1943//1943 1947//1947
f 1950//1950 1948//1948 1947//1947
f 1950//1950 1947//1947 1946//1946
f 1955//1955 1950//1950 1946//1946
f 1949//1949 1945//1945 1948//1948
f 815//815 1955//1955 1946//1946
f 1957//1957 1955//1955 815//815
f 1950//1950 1949//1949 1948//1948
f 1952//1952 1951//1951 1949//1949
f 1952//1952 1949//1949 1950//1950
f 1952//1952 1950//1950 1955//1955
f 1953//1953 1951//1951 1952//1952
f 1954//1954 1953//1953 1952//1952
f 1954//1954 1952//1952 1955//1955
f 1953//1953 1956//1956 1951//1951
f 1957//1957 1954//1954 1955//1955
f 1958//1958 1956//1956 1953//1953
f 1958//1958 1953//1953 1954//1954
f 1959//1959 1720//1720 1956//1956
f 814//814 1954//1954 1957//1957
f 1959//1959 1956//1956 1958//1958
f 1960//1960 1958//1958 1954//1954
f 1960//1960 1954//1954 814//814
f 1960//1960 1959//1959 1958//1958
f 1967//1967 1960//1960 814//814
f 1961//1961 1720//1720 1959//1959
f 1962//1962 1961//1961 1959//1959
f 1962//1962 1959//1959 1960//1960
f 1963//1963 1962//1962 1960//1960
f 1965//1965 1964//1964 1961//1961
f 1963//1963 1960//1960 1967//1967
f 1965//1965 1961//1961 1962//1962
f 1966//1966 1965//1965 1962//1962
f 1963//1963 1966//1966 1962//1962
f 1968//1968 1712//1712 1964//1964
f 1968//1968 1964//1964 1965//1965
f 1966//1966 1963//1963 1967//1967
f 1969//1969 1968//1968 1965//1965
f 1969//1969 1965//1965 1966//1966
f 1971//1971 1969//1969 1966//1966
f 1971//1971 1966//1966 1967//1967
f 1970//1970 1968//1968 1969//1969
f 1972//1972 1970//1970 1969//1969
f 1972//1972 1969//1969 1971//1971
f 1974//1974 1970//1970 1972//1972
f 185//185 1971//1971 1967//1967
f 1974//1974 1710//1710 1970//1970
f 185//185 1973//1973 1971//1971
f 1973//1973 1972//1972 1971//1971
f 1975//1975 1974//1974 1972//1972
f 1976//1976 1708//1708 1710//1710
f 1975//1975 1972//1972 1973//1973
f 1976//1976 1710//1710 1974//1974
f 1976//1976 1974//1974 1975//1975
f 1975//1975 1978//1978 1976//1976
f 1977//1977 1979//1979 1702//1702
f 1979//1979 1977//1977 1976//1976
f 1979//1979 1976//1976 1978//1978
f 1096//1096 1847//1847 1097//1097
f 1096//1096 1854//1854 1847//1847
f 1854//1854 1112//1112 1110//1110
f 1854//1854 1096//1096 1112//1112
f 1863//1863 1854//1854 1110//1110
f 1863//1863 1110//1110 1107//1107
f 1103//1103 1863//1863 1107//1107
f 1100//1100 1863//1863 1103//1103
f 1868//1868 1863//1863 1100//1100
f 1873//1873 1868//1868 1100//1100
f 1878//1878 1873//1873 1100//1100
f 1980//1980 1156//1156 1158//1158
f 1981//1981 1156//1156 1980//1980
f 1981//1981 1155//1155 1156//1156
f 1981//1981 1154//1154 1155//1155
f 1982//1982 1154//1154 1981//1981
f 1982//1982 1157//1157 1154//1154
f 1983//1983 1157//1157 1982//1982
f 1983//1983 1160//1160 1157//1157
f 1984//1984 1160//1160 1983//1983
f 1984//1984 1163//1163 1160//1160
f 1985//1985 1163//1163 1984//1984
f 1985//1985 1166//1166 1163//1163
f 1986//1986 1166//1166 1985//1985
f 1986//1986 1169//1169 1166//1166
f 1987//1987 1169//1169 1986//1986
f 1987//1987 1171//1171 1169//1169
f 1988//1988 1171//1171 1987//1987
f 1988//1988 1182//1182 1171//1171
f 1989//1989 1182//1182 1988//1988
f 1989//1989 1183//1183 1182//1182
f 1990//1990 1183//1183 1989//1989
f 1990//1990 1185//1185 1183//1183
f 1991//1991 1185//1185 1990//1990
f 1991//1991 1188//1188 1185//1185
f 1992//1992 1188//1188 1991//1991
f 1992//1992 1192//1192 1188//1188
f 1992//1992 1193//1193 1192//1192
f 1993//1993 1193//1193 1992//1992
f 1993//1993 1172//1172 1193//1193
f 1994//1994 1172//1172 1993//1993
f 1994//1994 1170//1170 1172//1172
f 1995//1995 1170//1170 1994//1994
f 1995//1995 1167//1167 1170//1170
f 1996//1996 1167//1167 1995//1995
f 1996//1996 1164//1164 1167//1167
f 1996//1996 1162//1162 1164//1164
f 1997//1997 1162//1162 1996//1996
f 1997//1997 1158//1158 1162//1162
f 1980//1980 1158//1158 1997//1997
f 1998//1998 1139//1139 1153//1153
f 1999//1999 1139//1139 1998//1998
f 1999//1999 1138//1138 1139//1139
f 1999//1999 1136//1136 1138//1138
f 2000//2000 1136//1136 1999//1999
f 2000//2000 1135//1135 1136//1136
f 2001//2001 1135//1135 2000//2000
f 2001//2001 1137//1137 1135//1135
f 2002//2002 1137//1137 2001//2001
f 2002//2002 1140//1140 1137//1137
f 2003//2003 1140//1140 2002//2002
f 2003//2003 1141//1141 1140//1140
f 2003//2003 1142//1142 1141//1141
f 2004//2004 1142//1142 2003//2003
f 2004//2004 1143//1143 1142//1142
f 2005//2005 1143//1143 2004//2004
f 2006//2006 1144//1144 1143//1143
f 2006//2006 1143//1143 2005//2005
f 2006//2006 1159//1159 1144//1144
f 2007//2007 1159//1159 2006//2006
f 2007//2007 1161//1161 1159//1159
f 2008//2008 1161//1161 2007//2007
f 2008//2008 1165//1165 1161//1161
f 2008//2008 1168//1168 1165//1165
f 2009//2009 1168//1168 2008//2008
f 2009//2009 1146//1146 1168//1168
f 2010//2010 1146//1146 2009//2009
f 2010//2010 1147//1147 1146//1146
f 2010//2010 1148//1148 1147//1147
f 2011//2011 1148//1148 2010//2010
f 2012//2012 1149//1149 1148//1148
f 2012//2012 1148//1148 2011//2011
f 2013//2013 1149//1149 2012//2012
f 2013//2013 1150//1150 1149//1149
f 2014//2014 1150//1150 2013//2013
f 2014//2014 1151//1151 1150//1150
f 2015//2015 1151//1151 2014//2014
f 2015//2015 1152//1152 1151//1151
f 2016//2016 1152//1152 2015//2015
f 2016//2016 1153//1153 1152//1152
f 1998//1998 1153//1153 2016//2016
f 2017//2017 1179//1179 2036//2036
f 2017//2017 1176//1176 1179//1179
f 2018//2018 1176//1176 2017//2017
f 2018//2018 1173//1173 1176//1176
f 2018//2018 1174//1174 1173//1173
f 2019//2019 1174//1174 2018//2018
f 2019//2019 1175//1175 1174//1174
f 2020//2020 1175//1175 2019//2019
f 2020//2020 1177//1177 1175//1175
f 2021//2021 1177//1177 2020//2020
f 2021//2021 1178//1178 1177//1177
f 2022//2022 1178//1178 2021//2021
f 2022//2022 1181//1181 1178//1178
f 2023//2023 1187//1187 1181//1181
f 2023//2023 1181//1181 2022//2022
f 2024//2024 1187//1187 2023//2023
f 2024//2024 1189//1189 1187//1187
f 2025//2025 1189//1189 2024//2024
f 2025//2025 1190//1190 1189//1189
f 2025//2025 1191//1191 1190//1190
f 2026//2026 1191//1191 2025//2025
f 2027//2027 1194//1194 1191//1191
f 2027//2027 1191//1191 2026//2026
f 2028//2028 1195//1195 1194//1194
f 2028//2028 1194//1194 2027//2027
f 2029//2029 1195//1195 2028//2028
f 2029//2029 1196//1196 1195//1195
f 2030//2030 1196//1196 2029//2029
f 2030//2030 1197//1197 1196//1196
f 2031//2031 1197//1197 2030//2030
f 2031//2031 1198//1198 1197//1197
f 2032//2032 1198//1198 2031//2031
f 2032//2032 1199//1199 1198//1198
f 2033//2033 1199//1199 2032//2032
f 2033//2033 1200//1200 1199//1199
f 2033//2033 1186//1186 1200//1200
f 2034//2034 1186//1186 2033//2033
f 2034//2034 1184//1184 1186//1186
f 2035//2035 1184//1184 2034//2034
f 2035//2035 1180//1180 1184//1184
f 2036//2036 1180//1180 2035//2035
f 2036//2036 1179//1179 1180//1180
f 2037//2037 2336//2336 2039//2039
f 2037//2037 2038//2038 2336//2336
f 2299//2299 2037//2037 2039//2039
f 2337//2337 1982//1982 2040//2040
f 2041//2041 2337//2337 2040//2040
f 2042//2042 2299//2299 2039//2039
f 2337//2337 1983//1983 1982//1982
f 2041//2041 2043//2043 2337//2337
f 2042//2042 2039//2039 2043//2043
f 2041//2041 2042//2042 2043//2043
f 2296//2296 2041//2041 2040//2040
f 2296//2296 2042//2042 2041//2041
f 2043//2043 2039//2039 2338//2338
f 2044//2044 2047//2047 2048//2048
f 2367//2367 2047//2047 2044//2044
f 2367//2367 2044//2044 2382//2382
f 2381//2381 2365//2365 2046//2046
f 2049//2049 2044//2044 2048//2048
f 2047//2047 2381//2381 2045//2045
f 2047//2047 2045//2045 2048//2048
f 2005//2005 2049//2049 2309//2309
f 2006//2006 2309//2309 2050//2050
f 2364//2364 2046//2046 2365//2365
f 2006//2006 2005//2005 2309//2309
f 2049//2049 2005//2005 2004//2004
f 2049//2049 2004//2004 2003//2003
f 2044//2044 2049//2049 2003//2003
f 2044//2044 2003//2003 2002//2002
f 2382//2382 2044//2044 2002//2002
f 2382//2382 2002//2002 2001//2001
f 2382//2382 2001//2001 2000//2000
f 2046//2046 2364//2364 2307//2307
f 2045//2045 2381//2381 2046//2046
f 2033//2033 1283//1283 2034//2034
f 2035//2035 1283//1283 2343//2343
f 2035//2035 2034//2034 1283//1283
f 2032//2032 1283//1283 2033//2033
f 2036//2036 2035//2035 2343//2343
f 2032//2032 1301//1301 1283//1283
f 2031//2031 1301//1301 2032//2032
f 2017//2017 2036//2036 2343//2343
f 2030//2030 1301//1301 2031//2031
f 2029//2029 1301//1301 2030//2030
f 2028//2028 1301//1301 2029//2029
f 1286//1286 2052//2052 2051//2051
f 1288//1288 2052//2052 1286//1286
f 1288//1288 2363//2363 2052//2052
f 1289//1289 2363//2363 1288//1288
f 1289//1289 2053//2053 2363//2363
f 1291//1291 2053//2053 1289//1289
f 1291//1291 2054//2054 2053//2053
f 1293//1293 2054//2054 1291//1291
f 1293//1293 2055//2055 2054//2054
f 1294//1294 2055//2055 1293//1293
f 1294//1294 2056//2056 2055//2055
f 1296//1296 2057//2057 2056//2056
f 1296//1296 2056//2056 1294//1294
f 1297//1297 2358//2358 2057//2057
f 1297//1297 2057//2057 1296//1296
f 1297//1297 2058//2058 2358//2358
f 1298//1298 2058//2058 1297//1297
f 1299//1299 2058//2058 1298//1298
f 1299//1299 2027//2027 2026//2026
f 1299//1299 2026//2026 2058//2058
f 1301//1301 2028//2028 2027//2027
f 1301//1301 2027//2027 1299//1299
f 2059//2059 1048//1048 1043//1043
f 2060//2060 1048//1048 2059//2059
f 2060//2060 1052//1052 1048//1048
f 2061//2061 1052//1052 2060//2060
f 2061//2061 1058//1058 1052//1052
f 2062//2062 1058//1058 2061//2061
f 2062//2062 1061//1061 1058//1058
f 2063//2063 1061//1061 2062//2062
f 2063//2063 1059//1059 1061//1061
f 2064//2064 1059//1059 2063//2063
f 2065//2065 1059//1059 2064//2064
f 2065//2065 1055//1055 1059//1059
f 2066//2066 1050//1050 1055//1055
f 2066//2066 1055//1055 2065//2065
f 2066//2066 1047//1047 1050//1050
f 2067//2067 1047//1047 2066//2066
f 2067//2067 1039//1039 1047//1047
f 2068//2068 1039//1039 2067//2067
f 2069//2069 1039//1039 2068//2068
f 2069//2069 1036//1036 1039//1039
f 2069//2069 1032//1032 1036//1036
f 2070//2070 1032//1032 2069//2069
f 2070//2070 1019//1019 1032//1032
f 2071//2071 1019//1019 2070//2070
f 2072//2072 1019//1019 2071//2071
f 2072//2072 1012//1012 1019//1019
f 2072//2072 1005//1005 1012//1012
f 2073//2073 1005//1005 2072//2072
f 2074//2074 995//995 1005//1005
f 2074//2074 1005//1005 2073//2073
f 2075//2075 995//995 2074//2074
f 2075//2075 990//990 995//995
f 2076//2076 990//990 2075//2075
f 2076//2076 988//988 990//990
f 2077//2077 988//988 2076//2076
f 2077//2077 986//986 988//988
f 2078//2078 986//986 2077//2077
f 2078//2078 985//985 986//986
f 2079//2079 985//985 2078//2078
f 2080//2080 987//987 985//985
f 2080//2080 985//985 2079//2079
f 2081//2081 987//987 2080//2080
f 2081//2081 989//989 987//987
f 2082//2082 989//989 2081//2081
f 2082//2082 992//992 989//989
f 2083//2083 992//992 2082//2082
f 2083//2083 993//993 992//992
f 2084//2084 993//993 2083//2083
f 2084//2084 998//998 993//993
f 2085//2085 998//998 2084//2084
f 2085//2085 1006//1006 998//998
f 2086//2086 1009//1009 1006//1006
f 2086//2086 1006//1006 2085//2085
f 2087//2087 1014//1014 1009//1009
f 2087//2087 1009//1009 2086//2086
f 2088//2088 1014//1014 2087//2087
f 2088//2088 1021//1021 1014//1014
f 2089//2089 1021//1021 2088//2088
f 2089//2089 1037//1037 1021//1021
f 2090//2090 1037//1037 2089//2089
f 2090//2090 1041//1041 1037//1037
f 2090//2090 1043//1043 1041//1041
f 2059//2059 1043//1043 2090//2090
f 2091//2091 909//909 906//906
f 2092//2092 909//909 2091//2091
f 2093//2093 910//910 909//909
f 2093//2093 909//909 2092//2092
f 2094//2094 910//910 2093//2093
f 2094//2094 912//912 910//910
f 2095//2095 912//912 2094//2094
f 2095//2095 911//911 912//912
f 2096//2096 911//911 2095//2095
f 2096//2096 908//908 911//911
f 2097//2097 908//908 2096//2096
f 2097//2097 907//907 908//908
f 2098//2098 907//907 2097//2097
f 2098//2098 905//905 907//907
f 2099//2099 905//905 2098//2098
f 2099//2099 902//902 905//905
f 2100//2100 902//902 2099//2099
f 2101//2101 902//902 2100//2100
f 2101//2101 900//900 902//902
f 2102//2102 900//900 2101//2101
f 2102//2102 893//893 900//900
f 2103//2103 893//893 2102//2102
f 2104//2104 893//893 2103//2103
f 2104//2104 888//888 893//893
f 2105//2105 886//886 888//888
f 2105//2105 888//888 2104//2104
f 2106//2106 886//886 2105//2105
f 2106//2106 878//878 886//886
f 2107//2107 878//878 2106//2106
f 2107//2107 875//875 878//878
f 2107//2107 872//872 875//875
f 2108//2108 872//872 2107//2107
f 2108//2108 869//869 872//872
f 2109//2109 869//869 2108//2108
f 2109//2109 871//871 869//869
f 2110//2110 871//871 2109//2109
f 2110//2110 874//874 871//871
f 2111//2111 874//874 2110//2110
f 2112//2112 879//879 874//874
f 2112//2112 874//874 2111//2111
f 2113//2113 883//883 879//879
f 2113//2113 879//879 2112//2112
f 2114//2114 883//883 2113//2113
f 2114//2114 889//889 883//883
f 2115//2115 889//889 2114//2114
f 2115//2115 891//891 889//889
f 2116//2116 894//894 891//891
f 2116//2116 891//891 2115//2115
f 2117//2117 894//894 2116//2116
f 2117//2117 896//896 894//894
f 2118//2118 896//896 2117//2117
f 2118//2118 898//898 896//896
f 2119//2119 898//898 2118//2118
f 2119//2119 901//901 898//898
f 2119//2119 904//904 901//901
f 2120//2120 904//904 2119//2119
f 2091//2091 906//906 904//904
f 2091//2091 904//904 2120//2120
f 2121//2121 947//947 2151//2151
f 2121//2121 962//962 947//947
f 2122//2122 962//962 2121//2121
f 2122//2122 965//965 962//962
f 2123//2123 965//965 2122//2122
f 2124//2124 965//965 2123//2123
f 2124//2124 972//972 965//965
f 2125//2125 972//972 2124//2124
f 2125//2125 968//968 972//972
f 2126//2126 968//968 2125//2125
f 2126//2126 966//966 968//968
f 2127//2127 966//966 2126//2126
f 2127//2127 959//959 966//966
f 2128//2128 959//959 2127//2127
f 2128//2128 955//955 959//959
f 2129//2129 955//955 2128//2128
f 2129//2129 949//949 955//955
f 2130//2130 949//949 2129//2129
f 2130//2130 940//940 949//949
f 2131//2131 940//940 2130//2130
f 2131//2131 937//937 940//940
f 2132//2132 937//937 2131//2131
f 2132//2132 934//934 937//937
f 2133//2133 934//934 2132//2132
f 2133//2133 930//930 934//934
f 2134//2134 930//930 2133//2133
f 2134//2134 928//928 930//930
f 2135//2135 925//925 928//928
f 2135//2135 928//928 2134//2134
f 2136//2136 925//925 2135//2135
f 2136//2136 922//922 925//925
f 2137//2137 922//922 2136//2136
f 2137//2137 918//918 922//922
f 2138//2138 918//918 2137//2137
f 2138//2138 917//917 918//918
f 2139//2139 917//917 2138//2138
f 2139//2139 914//914 917//917
f 2140//2140 914//914 2139//2139
f 2140//2140 915//915 914//914
f 2141//2141 915//915 2140//2140
f 2142//2142 915//915 2141//2141
f 2142//2142 919//919 915//915
f 2143//2143 919//919 2142//2142
f 2143//2143 923//923 919//919
f 2143//2143 926//926 923//923
f 2144//2144 926//926 2143//2143
f 2144//2144 931//931 926//926
f 2145//2145 931//931 2144//2144
f 2145//2145 933//933 931//931
f 2146//2146 933//933 2145//2145
f 2146//2146 936//936 933//933
f 2147//2147 936//936 2146//2146
f 2147//2147 939//939 936//936
f 2148//2148 939//939 2147//2147
f 2149//2149 939//939 2148//2148
f 2149//2149 941//941 939//939
f 2149//2149 945//945 941//941
f 2150//2150 945//945 2149//2149
f 2151//2151 945//945 2150//2150
f 2151//2151 947//947 945//945
f 2152//2152 1018//1018 1011//1011
f 2152//2152 1011//1011 2179//2179
f 2152//2152 1023//1023 1018//1018
f 2153//2153 1023//1023 2152//2152
f 2153//2153 1029//1029 1023//1023
f 2154//2154 1029//1029 2153//2153
f 2155//2155 1029//1029 2154//2154
f 2155//2155 1030//1030 1029//1029
f 2155//2155 1026//1026 1030//1030
f 2156//2156 1026//1026 2155//2155
f 2156//2156 1016//1016 1026//1026
f 2157//2157 1016//1016 2156//2156
f 2157//2157 1008//1008 1016//1016
f 2158//2158 1003//1003 1008//1008
f 2158//2158 1008//1008 2157//2157
f 2159//2159 1003//1003 2158//2158
f 2159//2159 996//996 1003//1003
f 2160//2160 996//996 2159//2159
f 2160//2160 984//984 996//996
f 2161//2161 984//984 2160//2160
f 2161//2161 980//980 984//984
f 2162//2162 980//980 2161//2161
f 2162//2162 978//978 980//980
f 2163//2163 978//978 2162//2162
f 2163//2163 974//974 978//978
f 2164//2164 974//974 2163//2163
f 2164//2164 970//970 974//974
f 2165//2165 970//970 2164//2164
f 2165//2165 960//960 970//970
f 2165//2165 957//957 960//960
f 2166//2166 957//957 2165//2165
f 2167//2167 951//951 957//957
f 2167//2167 957//957 2166//2166
f 2167//2167 950//950 951//951
f 2168//2168 950//950 2167//2167
f 2168//2168 952//952 950//950
f 2169//2169 952//952 2168//2168
f 2170//2170 956//956 952//952
f 2170//2170 952//952 2169//2169
f 2171//2171 956//956 2170//2170
f 2171//2171 967//967 956//956
f 2172//2172 967//967 2171//2171
f 2172//2172 973//973 967//967
f 2173//2173 973//973 2172//2172
f 2174//2174 975//975 973//973
f 2174//2174 973//973 2173//2173
f 2175//2175 975//975 2174//2174
f 2175//2175 979//979 975//975
f 2176//2176 982//982 979//979
f 2176//2176 979//979 2175//2175
f 2177//2177 982//982 2176//2176
f 2177//2177 997//997 982//982
f 2178//2178 997//997 2177//2177
f 2178//2178 1002//1002 997//997
f 2179//2179 1002//1002 2178//2178
f 2179//2179 1011//1011 1002//1002
f 2181//2181 2180//2180 1231//1231
f 2182//2182 2393//2393 2181//2181
f 2183//2183 2182//2182 2184//2184
f 2189//2189 2183//2183 2184//2184
f 2189//2189 2184//2184 2185//2185
f 2187//2187 2399//2399 2189//2189
f 2187//2187 2189//2189 2185//2185
f 2187//2187 2185//2185 2186//2186
f 2190//2190 2187//2187 2186//2186
f 2188//2188 2399//2399 2187//2187
f 2190//2190 2188//2188 2187//2187
f 2188//2188 2190//2190 2194//2194
f 2192//2192 2190//2190 2191//2191
f 2192//2192 2194//2194 2190//2190
f 2197//2197 2191//2191 2193//2193
f 2197//2197 2192//2192 2191//2191
f 2199//2199 2195//2195 2192//2192
f 2199//2199 2196//2196 2195//2195
f 2192//2192 2195//2195 2194//2194
f 2192//2192 2197//2197 2199//2199
f 2198//2198 2197//2197 2193//2193
f 2196//2196 2323//2323 2195//2195
f 2197//2197 2196//2196 2199//2199
f 2196//2196 2197//2197 2198//2198
f 2198//2198 913//913 2196//2196
f 2200//2200 2323//2323 913//913
f 2324//2324 2200//2200 913//913
f 2196//2196 913//913 2323//2323
f 881//881 552//552 551//551
f 549//549 552//552 881//881
f 873//873 549//549 881//881
f 543//543 549//549 873//873
f 870//870 543//543 873//873
f 870//870 547//547 543//543
f 868//868 547//547 870//870
f 546//546 547//547 868//868
f 876//876 546//546 868//868
f 876//876 545//545 546//546
f 807//807 1230//1230 288//288
f 877//877 545//545 876//876
f 877//877 807//807 545//545
f 877//877 1230//1230 807//807
f 877//877 1229//1229 1230//1230
f 880//880 1229//1229 877//877
f 882//882 1229//1229 880//880
f 882//882 1227//1227 1229//1229
f 884//884 1226//1226 1227//1227
f 884//884 1227//1227 882//882
f 885//885 1226//1226 884//884
f 2181//2181 1231//1231 1226//1226
f 2181//2181 1226//1226 885//885
f 887//887 2181//2181 885//885
f 887//887 2182//2182 2181//2181
f 890//890 2182//2182 887//887
f 890//890 2184//2184 2182//2182
f 892//892 2184//2184 890//890
f 2185//2185 2184//2184 892//892
f 895//895 2185//2185 892//892
f 2186//2186 2185//2185 895//895
f 897//897 2186//2186 895//895
f 2190//2190 2186//2186 897//897
f 899//899 2190//2190 897//897
f 2191//2191 2190//2190 899//899
f 903//903 2191//2191 899//899
f 2193//2193 2191//2191 903//903
f 2198//2198 2193//2193 903//903
f 2202//2202 2214//2214 2205//2205
f 2202//2202 2205//2205 2201//2201
f 2203//2203 2202//2202 2201//2201
f 2222//2222 2225//2225 2203//2203
f 2203//2203 2201//2201 2204//2204
f 2203//2203 2204//2204 2219//2219
f 2204//2204 2211//2211 2219//2219
f 2219//2219 2211//2211 2241//2241
f 2202//2202 2203//2203 2225//2225
f 2219//2219 2222//2222 2203//2203
f 2237//2237 2206//2206 2208//2208
f 2237//2237 2208//2208 2209//2209
f 2237//2237 2209//2209 2210//2210
f 2213//2213 2210//2210 2246//2246
f 2207//2207 2211//2211 2204//2204
f 2207//2207 2212//2212 2211//2211
f 2241//2241 2211//2211 2212//2212
f 2207//2207 2206//2206 2212//2212
f 2206//2206 2207//2207 2208//2208
f 2213//2213 2237//2237 2210//2210
f 1303//1303 1302//1302 2246//2246
f 1303//1303 2246//2246 2210//2210
f 2225//2225 2216//2216 2214//2214
f 2225//2225 2214//2214 2202//2202
f 2214//2214 2216//2216 2217//2217
f 2217//2217 2216//2216 2215//2215
f 2218//2218 2227//2227 2286//2286
f 2216//2216 2227//2227 2218//2218
f 2215//2215 2216//2216 2218//2218
f 2215//2215 2218//2218 999//999
f 2220//2220 2219//2219 2241//2241
f 2220//2220 2222//2222 2219//2219
f 2220//2220 2241//2241 2240//2240
f 2226//2226 2222//2222 2220//2220
f 2224//2224 2220//2220 2240//2240
f 2226//2226 2220//2220 2224//2224
f 2224//2224 2240//2240 2221//2221
f 2226//2226 2225//2225 2222//2222
f 2223//2223 2221//2221 2231//2231
f 2228//2228 2221//2221 2223//2223
f 2228//2228 2224//2224 2221//2221
f 2229//2229 2226//2226 2224//2224
f 2229//2229 2224//2224 2228//2228
f 2227//2227 2225//2225 2226//2226
f 2227//2227 2216//2216 2225//2225
f 2227//2227 2226//2226 2229//2229
f 2230//2230 2229//2229 2228//2228
f 2230//2230 2285//2285 2229//2229
f 2285//2285 2227//2227 2229//2229
f 2285//2285 2286//2286 2227//2227
f 2247//2247 2232//2232 2231//2231
f 2247//2247 2233//2233 2232//2232
f 2249//2249 2234//2234 2239//2239
f 2234//2234 2236//2236 2051//2051
f 2237//2237 2243//2243 2206//2206
f 2238//2238 2243//2243 2237//2237
f 2238//2238 2237//2237 2213//2213
f 2238//2238 2213//2213 2246//2246
f 2240//2240 2235//2235 2247//2247
f 2240//2240 2247//2247 2221//2221
f 2241//2241 2235//2235 2240//2240
f 2245//2245 2236//2236 2234//2234
f 2241//2241 2242//2242 2235//2235
f 2243//2243 2245//2245 2249//2249
f 2244//2244 2248//2248 2242//2242
f 2244//2244 2241//2241 2212//2212
f 2245//2245 2243//2243 2238//2238
f 2206//2206 2244//2244 2212//2212
f 2206//2206 2243//2243 2244//2244
f 2236//2236 2245//2245 2238//2238
f 2238//2238 2246//2246 2236//2236
f 2247//2247 2231//2231 2221//2221
f 2233//2233 2361//2361 2349//2349
f 2235//2235 2233//2233 2247//2247
f 2248//2248 2239//2239 2361//2361
f 2242//2242 2233//2233 2235//2235
f 2242//2242 2361//2361 2233//2233
f 2242//2242 2248//2248 2361//2361
f 2249//2249 2239//2239 2248//2248
f 2249//2249 2245//2245 2234//2234
f 2248//2248 2243//2243 2249//2249
f 2243//2243 2248//2248 2244//2244
f 2241//2241 2244//2244 2242//2242
f 2236//2236 2246//2246 1302//1302
f 2236//2236 1302//1302 1286//1286
f 2051//2051 2236//2236 1286//1286
f 2252//2252 2253//2253 2250//2250
f 2252//2252 2257//2257 2253//2253
f 2338//2338 2257//2257 2254//2254
f 2255//2255 2338//2338 2254//2254
f 2255//2255 2256//2256 2301//2301
f 2257//2257 2252//2252 2251//2251
f 2251//2251 2254//2254 2257//2257
f 2255//2255 2254//2254 2256//2256
f 1265//1265 2301//2301 2256//2256
f 1265//1265 1267//1267 2301//2301
f 2339//2339 2262//2262 994//994
f 2258//2258 2339//2339 994//994
f 2258//2258 994//994 2259//2259
f 2260//2260 2258//2258 2259//2259
f 2260//2260 2250//2250 2253//2253
f 2250//2250 2260//2260 2259//2259
f 2261//2261 2258//2258 2260//2260
f 2260//2260 2253//2253 2261//2261
f 2253//2253 2336//2336 2038//2038
f 2038//2038 2261//2261 2253//2253
f 2343//2343 1283//1283 1284//1284
f 2263//2263 2343//2343 1284//1284
f 2343//2343 2263//2263 2269//2269
f 2264//2264 2269//2269 2263//2263
f 2266//2266 2269//2269 2264//2264
f 2265//2265 2266//2266 2264//2264
f 2270//2270 2265//2265 2271//2271
f 2267//2267 2270//2270 2271//2271
f 2267//2267 2271//2271 2272//2272
f 2270//2270 2266//2266 2265//2265
f 2272//2272 2268//2268 2267//2267
f 2345//2345 2267//2267 2268//2268
f 2268//2268 2272//2272 2275//2275
f 2276//2276 2275//2275 2278//2278
f 2276//2276 2268//2268 2275//2275
f 2276//2276 2277//2277 2268//2268
f 2274//2274 2278//2278 2273//2273
f 2276//2276 2278//2278 2274//2274
f 2279//2279 2276//2276 2274//2274
f 2276//2276 2279//2279 2230//2230
f 2277//2277 2276//2276 2230//2230
f 2285//2285 2230//2230 2279//2279
f 2285//2285 2279//2279 2280//2280
f 2283//2283 2282//2282 2284//2284
f 2281//2281 2274//2274 2273//2273
f 2280//2280 2279//2279 2274//2274
f 2281//2281 2282//2282 2283//2283
f 2283//2283 2284//2284 2287//2287
f 2286//2286 2280//2280 2283//2283
f 2286//2286 2283//2283 2287//2287
f 2280//2280 2274//2274 2281//2281
f 2280//2280 2281//2281 2283//2283
f 2285//2285 2280//2280 2286//2286
f 1004//1004 2284//2284 1034//1034
f 2287//2287 2284//2284 1004//1004
f 2287//2287 1004//1004 999//999
f 2286//2286 2287//2287 2218//2218
f 2218//2218 2287//2287 999//999
f 2250//2250 2259//2259 1001//1001
f 2252//2252 2250//2250 1001//1001
f 1010//1010 2252//2252 1001//1001
f 2251//2251 2252//2252 1010//1010
f 1017//1017 2251//2251 1010//1010
f 1017//1017 2254//2254 2251//2251
f 1024//1024 2254//2254 1017//1017
f 1024//1024 2256//2256 2254//2254
f 2256//2256 1281//1281 1265//1265
f 1033//1033 2256//2256 1024//1024
f 1033//1033 1281//1281 2256//2256
f 1035//1035 1280//1280 1281//1281
f 1035//1035 1281//1281 1033//1033
f 1040//1040 1278//1278 1280//1280
f 1040//1040 1280//1280 1035//1035
f 1042//1042 1278//1278 1040//1040
f 1042//1042 1277//1277 1278//1278
f 1044//1044 1277//1277 1042//1042
f 1044//1044 1274//1274 1277//1277
f 1045//1045 1274//1274 1044//1044
f 1045//1045 1273//1273 1274//1274
f 1049//1049 1273//1273 1045//1045
f 1049//1049 1272//1272 1273//1273
f 1049//1049 1270//1270 1272//1272
f 1051//1051 1270//1270 1049//1049
f 1051//1051 1269//1269 1270//1270
f 1053//1053 1269//1269 1051//1051
f 1053//1053 1268//1268 1269//1269
f 2263//2263 1284//1284 1268//1268
f 1057//1057 2263//2263 1268//1268
f 1057//1057 1268//1268 1053//1053
f 1057//1057 2264//2264 2263//2263
f 1060//1060 2264//2264 1057//1057
f 1060//1060 2265//2265 2264//2264
f 1062//1062 2265//2265 1060//1060
f 1062//1062 2271//2271 2265//2265
f 1062//1062 2272//2272 2271//2271
f 1056//1056 2272//2272 1062//1062
f 1056//1056 2275//2275 2272//2272
f 1054//1054 2275//2275 1056//1056
f 1046//1046 2275//2275 1054//1054
f 2278//2278 2275//2275 1046//1046
f 2273//2273 2278//2278 1046//1046
f 1038//1038 2273//2273 1046//1046
f 2281//2281 2273//2273 1038//1038
f 2282//2282 2281//2281 1038//1038
f 1034//1034 2282//2282 1038//1038
f 2284//2284 2282//2282 1034//1034
f 2288//2288 1262//1262 1264//1264
f 2288//2288 2040//2040 1262//1262
f 2297//2297 2288//2288 1264//1264
f 2302//2302 2289//2289 2292//2292
f 2300//2300 2290//2290 2291//2291
f 2292//2292 2291//2291 2290//2290
f 2037//2037 2291//2291 2289//2289
f 2292//2292 2290//2290 2293//2293
f 2292//2292 2289//2289 2291//2291
f 953//953 2293//2293 963//963
f 2294//2294 2292//2292 2293//2293
f 2294//2294 2293//2293 953//953
f 2302//2302 2292//2292 2294//2294
f 2294//2294 953//953 958//958
f 2295//2295 2302//2302 2294//2294
f 2295//2295 2294//2294 2340//2340
f 2340//2340 2294//2294 958//958
f 2296//2296 2040//2040 2288//2288
f 2296//2296 2288//2288 2297//2297
f 2296//2296 2297//2297 2298//2298
f 2042//2042 2296//2296 2298//2298
f 2300//2300 2042//2042 2298//2298
f 2299//2299 2042//2042 2300//2300
f 2299//2299 2300//2300 2291//2291
f 2299//2299 2291//2291 2037//2037
f 1995//1995 1262//1262 1996//1996
f 1997//1997 1262//1262 2040//2040
f 1997//1997 1996//1996 1262//1262
f 1994//1994 1262//1262 1995//1995
f 1993//1993 1262//1262 1994//1994
f 1980//1980 1997//1997 2040//2040
f 1267//1267 1262//1262 1993//1993
f 1992//1992 1267//1267 1993//1993
f 1991//1991 1267//1267 1992//1992
f 2040//2040 1981//1981 1980//1980
f 1982//1982 1981//1981 2040//2040
f 1990//1990 1267//1267 1991//1991
f 2301//2301 1988//1988 1987//1987
f 2301//2301 1987//1987 1986//1986
f 2301//2301 1986//1986 1985//1985
f 2301//2301 1985//1985 1984//1984
f 2301//2301 1989//1989 1988//1988
f 2301//2301 1990//1990 1989//1989
f 2301//2301 1267//1267 1990//1990
f 2289//2289 2038//2038 2037//2037
f 2302//2302 2261//2261 2038//2038
f 2289//2289 2302//2302 2038//2038
f 2304//2304 2311//2311 2306//2306
f 2304//2304 2303//2303 2316//2316
f 2303//2303 2304//2304 2306//2306
f 2306//2306 2329//2329 2303//2303
f 2307//2307 2329//2329 2306//2306
f 2306//2306 2311//2311 2307//2307
f 2046//2046 2307//2307 2311//2311
f 2310//2310 2311//2311 2305//2305
f 2310//2310 2045//2045 2311//2311
f 2049//2049 2312//2312 2309//2309
f 2309//2309 2308//2308 2313//2313
f 2311//2311 2304//2304 2305//2305
f 2046//2046 2311//2311 2045//2045
f 2310//2310 2312//2312 2049//2049
f 2048//2048 2045//2045 2310//2310
f 2312//2312 2308//2308 2309//2309
f 2049//2049 2048//2048 2310//2310
f 2309//2309 2313//2313 2050//2050
f 1248//1248 2050//2050 2313//2313
f 1251//1251 1248//1248 2313//2313
f 1249//1249 1251//1251 2313//2313
f 2315//2315 2322//2322 2314//2314
f 2318//2318 2315//2315 2314//2314
f 2319//2319 2314//2314 2320//2320
f 2319//2319 2320//2320 2317//2317
f 2319//2319 2316//2316 2303//2303
f 2317//2317 2316//2316 2319//2319
f 2319//2319 2318//2318 2314//2314
f 2303//2303 2329//2329 2318//2318
f 2303//2303 2318//2318 2319//2319
f 2320//2320 916//916 920//920
f 2321//2321 2320//2320 2314//2314
f 2321//2321 916//916 2320//2320
f 2321//2321 2314//2314 2322//2322
f 2321//2321 921//921 916//916
f 2321//2321 2322//2322 921//921
f 2326//2326 2323//2323 2200//2200
f 2322//2322 2326//2326 2200//2200
f 921//921 2200//2200 2324//2324
f 921//921 2322//2322 2200//2200
f 2194//2194 2332//2332 2325//2325
f 2188//2188 2194//2194 2325//2325
f 2195//2195 2333//2333 2332//2332
f 2332//2332 2194//2194 2195//2195
f 2195//2195 2326//2326 2333//2333
f 2323//2323 2326//2326 2195//2195
f 2328//2328 2364//2364 2383//2383
f 2327//2327 2364//2364 2328//2328
f 2331//2331 2329//2329 2327//2327
f 2330//2330 2327//2327 2328//2328
f 2331//2331 2327//2327 2330//2330
f 2318//2318 2329//2329 2331//2331
f 2330//2330 2328//2328 2325//2325
f 2332//2332 2331//2331 2330//2330
f 2333//2333 2318//2318 2331//2331
f 2332//2332 2330//2330 2325//2325
f 2332//2332 2333//2333 2331//2331
f 2315//2315 2318//2318 2333//2333
f 2326//2326 2322//2322 2315//2315
f 2326//2326 2315//2315 2333//2333
f 2327//2327 2329//2329 2307//2307
f 2327//2327 2307//2307 2364//2364
f 1020//1020 2205//2205 2214//2214
f 2201//2201 2205//2205 1020//1020
f 1022//1022 2201//2201 1020//1020
f 1022//1022 2204//2204 2201//2201
f 1028//1028 2204//2204 1022//1022
f 1028//1028 2207//2207 2204//2204
f 1031//1031 2207//2207 1028//1028
f 1031//1031 2208//2208 2207//2207
f 1027//1027 2208//2208 1031//1031
f 1027//1027 2209//2209 2208//2208
f 1025//1025 2209//2209 1027//1027
f 2210//2210 1309//1309 1303//1303
f 1025//1025 2210//2210 2209//2209
f 1015//1015 1309//1309 2210//2210
f 1015//1015 2210//2210 1025//1025
f 1015//1015 1306//1306 1309//1309
f 1013//1013 1306//1306 1015//1015
f 1013//1013 1305//1305 1306//1306
f 1007//1007 1305//1305 1013//1013
f 1000//1000 1305//1305 1007//1007
f 1000//1000 1304//1304 1305//1305
f 567//567 1304//1304 1000//1000
f 567//567 356//356 1304//1304
f 991//991 567//567 1000//1000
f 991//991 566//566 567//567
f 983//983 566//566 991//991
f 983//983 570//570 566//566
f 981//981 570//570 983//983
f 565//565 570//570 981//981
f 977//977 565//565 981//981
f 561//561 565//565 977//977
f 976//976 561//561 977//977
f 563//563 561//561 976//976
f 558//558 563//563 976//976
f 2317//2317 2320//2320 920//920
f 924//924 2317//2317 920//920
f 2316//2316 2317//2317 924//924
f 924//924 2304//2304 2316//2316
f 927//927 2304//2304 924//924
f 929//929 2304//2304 927//927
f 929//929 2305//2305 2304//2304
f 932//932 2305//2305 929//929
f 2310//2310 2305//2305 932//932
f 935//935 2310//2310 932//932
f 935//935 2312//2312 2310//2310
f 938//938 2312//2312 935//935
f 938//938 2308//2308 2312//2312
f 942//942 2308//2308 938//938
f 942//942 2313//2313 2308//2308
f 942//942 1249//1249 2313//2313
f 943//943 1260//1260 1249//1249
f 943//943 1249//1249 942//942
f 944//944 1259//1259 1260//1260
f 944//944 1260//1260 943//943
f 946//946 1258//1258 1259//1259
f 946//946 1259//1259 944//944
f 946//946 1256//1256 1258//1258
f 948//948 1256//1256 946//946
f 948//948 1255//1255 1256//1256
f 954//954 1255//1255 948//948
f 954//954 1254//1254 1255//1255
f 961//961 1254//1254 954//954
f 961//961 1253//1253 1254//1254
f 964//964 1253//1253 961//961
f 2297//2297 1264//1264 1253//1253
f 964//964 2297//2297 1253//1253
f 969//969 2297//2297 964//964
f 969//969 2298//2298 2297//2297
f 971//971 2300//2300 2298//2298
f 971//971 2298//2298 969//969
f 2290//2290 2300//2300 971//971
f 963//963 2290//2290 971//971
f 2293//2293 2290//2290 963//963
f 2334//2334 1231//1231 2180//2180
f 2334//2334 1233//1233 1231//1231
f 2335//2335 1233//1233 2334//2334
f 2336//2336 2253//2253 2257//2257
f 2257//2257 2338//2338 2336//2336
f 2337//2337 1984//1984 1983//1983
f 2337//2337 2301//2301 1984//1984
f 2255//2255 2301//2301 2337//2337
f 2338//2338 2255//2255 2043//2043
f 2337//2337 2043//2043 2255//2255
f 2039//2039 2336//2336 2338//2338
f 2295//2295 2340//2340 2339//2339
f 2295//2295 2339//2339 2258//2258
f 2295//2295 2258//2258 2261//2261
f 2302//2302 2295//2295 2261//2261
f 2340//2340 958//958 2262//2262
f 2340//2340 2262//2262 2339//2339
f 2013//2013 1235//1235 2014//2014
f 2012//2012 1235//1235 2013//2013
f 2011//2011 1235//1235 2012//2012
f 2011//2011 1248//1248 1235//1235
f 2010//2010 1248//1248 2011//2011
f 2009//2009 1248//1248 2010//2010
f 2008//2008 1248//1248 2009//2009
f 2050//2050 2007//2007 2006//2006
f 2050//2050 2008//2008 2007//2007
f 2050//2050 1248//1248 2008//2008
f 2018//2018 2343//2343 2269//2269
f 2018//2018 2017//2017 2343//2343
f 2341//2341 2344//2344 2352//2352
f 2355//2355 2024//2024 2023//2023
f 2020//2020 2269//2269 2266//2266
f 2270//2270 2267//2267 2345//2345
f 2344//2344 2270//2270 2345//2345
f 2269//2269 2020//2020 2019//2019
f 2269//2269 2019//2019 2018//2018
f 2345//2345 2342//2342 2344//2344
f 2341//2341 2021//2021 2020//2020
f 2352//2352 2022//2022 2021//2021
f 2352//2352 2021//2021 2341//2341
f 2352//2352 2023//2023 2022//2022
f 2352//2352 2355//2355 2023//2023
f 2223//2223 2268//2268 2277//2277
f 2345//2345 2268//2268 2223//2223
f 2345//2345 2223//2223 2342//2342
f 2341//2341 2266//2266 2270//2270
f 2341//2341 2020//2020 2266//2266
f 2341//2341 2270//2270 2344//2344
f 2058//2058 2026//2026 2025//2025
f 2348//2348 2355//2355 2347//2347
f 2058//2058 2025//2025 2355//2355
f 2358//2358 2355//2355 2348//2348
f 2348//2348 2056//2056 2057//2057
f 2359//2359 2056//2056 2348//2348
f 2359//2359 2055//2055 2056//2056
f 2360//2360 2054//2054 2055//2055
f 2360//2360 2055//2055 2359//2359
f 2234//2234 2051//2051 2052//2052
f 2346//2346 2342//2342 2223//2223
f 2346//2346 2351//2351 2342//2342
f 2346//2346 2223//2223 2231//2231
f 2342//2342 2351//2351 2344//2344
f 2347//2347 2352//2352 2344//2344
f 2347//2347 2344//2344 2351//2351
f 2347//2347 2355//2355 2352//2352
f 2353//2353 2351//2351 2346//2346
f 2353//2353 2347//2347 2351//2351
f 2232//2232 2346//2346 2231//2231
f 2356//2356 2353//2353 2346//2346
f 2348//2348 2347//2347 2353//2353
f 2232//2232 2356//2356 2346//2346
f 2354//2354 2348//2348 2353//2353
f 2358//2358 2058//2058 2355//2355
f 2357//2357 2353//2353 2356//2356
f 2233//2233 2356//2356 2232//2232
f 2357//2357 2356//2356 2349//2349
f 2349//2349 2356//2356 2233//2233
f 2354//2354 2359//2359 2348//2348
f 2357//2357 2349//2349 2350//2350
f 2348//2348 2057//2057 2358//2358
f 2360//2360 2359//2359 2357//2357
f 2360//2360 2357//2357 2350//2350
f 2361//2361 2350//2350 2349//2349
f 2362//2362 2360//2360 2350//2350
f 2361//2361 2239//2239 2350//2350
f 2362//2362 2052//2052 2053//2053
f 2362//2362 2053//2053 2360//2360
f 2362//2362 2350//2350 2239//2239
f 2360//2360 2053//2053 2054//2054
f 2362//2362 2234//2234 2052//2052
f 2239//2239 2234//2234 2362//2362
f 2363//2363 2053//2053 2052//2052
f 2354//2354 2353//2353 2357//2357
f 2354//2354 2357//2357 2359//2359
f 2025//2025 2024//2024 2355//2355
f 2230//2230 2228//2228 2277//2277
f 2277//2277 2228//2228 2223//2223
f 2366//2366 2365//2365 2381//2381
f 2366//2366 2383//2383 2365//2365
f 2385//2385 2380//2380 2367//2367
f 2370//2370 2383//2383 2366//2366
f 2369//2369 2384//2384 2000//2000
f 2369//2369 2000//2000 1999//1999
f 2368//2368 2385//2385 2367//2367
f 2369//2369 1999//1999 1998//1998
f 2384//2384 2369//2369 2386//2386
f 2374//2374 2368//2368 2387//2387
f 2374//2374 2371//2371 2372//2372
f 2373//2373 2388//2388 2389//2389
f 2374//2374 2372//2372 2375//2375
f 2376//2376 2374//2374 2375//2375
f 2373//2373 2389//2389 2403//2403
f 2376//2376 2389//2389 2388//2388
f 2376//2376 2375//2375 2377//2377
f 2379//2379 2378//2378 2376//2376
f 2379//2379 2376//2376 2377//2377
f 2335//2335 2378//2378 2379//2379
f 2365//2365 2383//2383 2364//2364
f 2380//2380 2381//2381 2047//2047
f 2367//2367 2380//2380 2047//2047
f 2380//2380 2366//2366 2381//2381
f 2384//2384 2382//2382 2000//2000
f 2384//2384 2367//2367 2382//2382
f 2384//2384 2368//2368 2367//2367
f 2385//2385 2366//2366 2380//2380
f 2387//2387 2368//2368 2384//2384
f 2385//2385 2368//2368 2374//2374
f 2385//2385 2388//2388 2366//2366
f 2370//2370 2366//2366 2388//2388
f 2388//2388 2385//2385 2374//2374
f 2387//2387 2384//2384 2386//2386
f 2390//2390 2370//2370 2373//2373
f 2390//2390 2383//2383 2370//2370
f 2388//2388 2374//2374 2376//2376
f 2387//2387 2371//2371 2374//2374
f 2370//2370 2388//2388 2373//2373
f 2389//2389 2376//2376 2378//2378
f 2328//2328 2383//2383 2390//2390
f 2402//2402 2378//2378 2335//2335
f 2402//2402 2335//2335 2334//2334
f 2398//2398 2397//2397 2396//2396
f 2182//2182 2183//2183 2391//2391
f 2182//2182 2391//2391 2392//2392
f 2393//2393 2392//2392 2334//2334
f 2393//2393 2182//2182 2392//2392
f 2393//2393 2334//2334 2180//2180
f 2393//2393 2180//2180 2181//2181
f 2396//2396 2390//2390 2373//2373
f 2403//2403 2396//2396 2373//2373
f 2394//2394 2403//2403 2389//2389
f 2394//2394 2389//2389 2378//2378
f 2394//2394 2402//2402 2395//2395
f 2394//2394 2378//2378 2402//2402
f 2325//2325 2328//2328 2390//2390
f 2325//2325 2390//2390 2397//2397
f 2397//2397 2188//2188 2325//2325
f 2397//2397 2399//2399 2188//2188
f 2400//2400 2395//2395 2392//2392
f 2400//2400 2401//2401 2395//2395
f 2402//2402 2392//2392 2395//2395
f 2402//2402 2334//2334 2392//2392
f 2398//2398 2396//2396 2401//2401
f 2398//2398 2399//2399 2397//2397
f 2189//2189 2399//2399 2398//2398
f 2189//2189 2398//2398 2391//2391
f 2189//2189 2391//2391 2183//2183
f 2392//2392 2391//2391 2400//2400
f 2397//2397 2390//2390 2396//2396
f 2395//2395 2401//2401 2394//2394
f 2401//2401 2400//2400 2391//2391
f 2391//2391 2398//2398 2401//2401
f 2403//2403 2394//2394 2401//2401
f 2403//2403 2401//2401 2396//2396
f 2335//2335 1247//1247 1233//1233
f 2379//2379 1247//1247 2335//2335
f 2379//2379 1245//1245 1247//1247
f 2377//2377 1245//1245 2379//2379
f 2375//2375 1245//1245 2377//2377
f 2375//2375 1244//1244 1245//1245
f 2375//2375 1243//1243 1244//1244
f 2372//2372 1243//1243 2375//2375
f 2372//2372 1241//1241 1243//1243
f 2371//2371 1240//1240 1241//1241
f 2371//2371 1241//1241 2372//2372
f 2387//2387 1240//1240 2371//2371
f 2387//2387 1237//1237 1240//1240
f 2386//2386 1237//1237 2387//2387
f 2386//2386 1236//1236 1237//1237
f 2369//2369 1236//1236 2386//2386
f 2369//2369 1235//1235 1236//1236
f 1998//1998 2016//2016 2369//2369
f 2016//2016 1235//1235 2369//2369
f 2015//2015 1235//1235 2016//2016
f 2014//2014 1235//1235 2015//2015
f 2435//2435 1607//1607 1610//1610
f 2404//2404 1607//1607 2435//2435
f 2404//2404 1606//1606 1607//1607
f 2404//2404 1603//1603 1606//1606
f 2405//2405 1603//1603 2404//2404
f 2405//2405 1601//1601 1603//1603
f 2406//2406 1601//1601 2405//2405
f 2406//2406 1599//1599 1601//1601
f 2406//2406 1597//1597 1599//1599
f 2407//2407 1597//1597 2406//2406
f 2407//2407 1596//1596 1597//1597
f 2408//2408 1596//1596 2407//2407
f 2408//2408 1593//1593 1596//1596
f 2409//2409 1588//1588 1593//1593
f 2409//2409 1593//1593 2408//2408
f 2410//2410 1584//1584 1588//1588
f 2410//2410 1588//1588 2409//2409
f 2410//2410 1583//1583 1584//1584
f 2411//2411 1583//1583 2410//2410
f 2411//2411 1579//1579 1583//1583
f 2412//2412 1586//1586 1579//1579
f 2412//2412 1579//1579 2411//2411
f 2413//2413 1586//1586 2412//2412
f 2413//2413 1582//1582 1586//1586
f 2413//2413 1574//1574 1582//1582
f 2414//2414 1574//1574 2413//2413
f 2414//2414 1569//1569 1574//1574
f 2415//2415 1566//1566 1569//1569
f 2415//2415 1569//1569 2414//2414
f 2415//2415 1573//1573 1566//1566
f 2416//2416 1571//1571 1573//1573
f 2416//2416 1573//1573 2415//2415
f 2416//2416 1568//1568 1571//1571
f 2416//2416 1565//1565 1568//1568
f 2417//2417 1565//1565 2416//2416
f 2417//2417 1563//1563 1565//1565
f 2418//2418 1563//1563 2417//2417
f 2418//2418 1561//1561 1563//1563
f 2418//2418 1559//1559 1561//1561
f 2418//2418 1558//1558 1559//1559
f 2419//2419 1558//1558 2418//2418
f 2419//2419 1553//1553 1558//1558
f 2420//2420 1553//1553 2419//2419
f 2420//2420 1556//1556 1553//1553
f 2421//2421 1556//1556 2420//2420
f 2421//2421 1555//1555 1556//1556
f 2421//2421 1546//1546 1555//1555
f 2422//2422 1546//1546 2421//2421
f 2422//2422 1548//1548 1546//1546
f 2422//2422 1540//1540 1548//1548
f 2423//2423 1540//1540 2422//2422
f 2423//2423 1547//1547 1540//1540
f 2423//2423 1543//1543 1547//1547
f 2424//2424 1543//1543 2423//2423
f 2424//2424 1541//1541 1543//1543
f 2424//2424 1534//1534 1541//1541
f 2425//2425 1534//1534 2424//2424
f 2425//2425 1536//1536 1534//1534
f 2426//2426 1536//1536 2425//2425
f 2426//2426 1535//1535 1536//1536
f 2427//2427 1535//1535 2426//2426
f 2427//2427 1532//1532 1535//1535
f 2428//2428 1532//1532 2427//2427
f 2428//2428 1529//1529 1532//1532
f 2428//2428 1528//1528 1529//1529
f 2429//2429 1528//1528 2428//2428
f 2429//2429 1526//1526 1528//1528
f 2430//2430 1523//1523 1526//1526
f 2430//2430 1526//1526 2429//2429
f 2431//2431 1520//1520 1523//1523
f 2431//2431 1523//1523 2430//2430
f 2431//2431 1525//1525 1520//1520
f 2432//2432 1521//1521 1525//1525
f 2432//2432 1525//1525 2431//2431
f 2432//2432 1514//1514 1521//1521
f 2433//2433 1514//1514 2432//2432
f 2433//2433 1613//1613 1514//1514
f 2433//2433 1512//1512 1613//1613
f 2433//2433 1611//1611 1512//1512
f 2434//2434 1611//1611 2433//2433
f 2435//2435 1610//1610 1611//1611
f 2435//2435 1611//1611 2434//2434
f 1750//1750 2476//2476 2436//2436
f 1754//1754 1750//1750 2436//2436
f 1754//1754 2436//2436 2437//2437
f 1755//1755 1754//1754 2437//2437
f 2438//2438 1755//1755 2437//2437
f 1759//1759 2438//2438 2439//2439
f 1761//1761 1759//1759 2439//2439
f 1765//1765 1761//1761 2439//2439
f 1765//1765 2439//2439 2440//2440
f 1768//1768 1765//1765 2440//2440
f 1771//1771 2440//2440 2441//2441
f 1771//1771 1768//1768 2440//2440
f 1776//1776 1771//1771 2441//2441
f 1776//1776 2441//2441 2442//2442
f 1779//1779 1776//1776 2442//2442
f 1782//1782 2442//2442 2443//2443
f 1782//1782 1779//1779 2442//2442
f 1782//1782 2443//2443 2444//2444
f 1783//1783 1782//1782 2444//2444
f 1789//1789 1783//1783 2444//2444
f 1789//1789 2444//2444 2445//2445
f 1790//1790 1789//1789 2445//2445
f 1790//1790 2445//2445 2446//2446
f 1615//1615 1790//1790 2446//2446
f 1615//1615 2446//2446 2447//2447
f 1617//1617 1615//1615 2447//2447
f 1619//1619 1617//1617 2447//2447
f 1619//1619 2447//2447 2448//2448
f 1622//1622 1619//1619 2448//2448
f 1622//1622 2448//2448 2449//2449
f 1624//1624 1622//1622 2449//2449
f 1628//1628 1624//1624 2449//2449
f 1628//1628 2449//2449 2450//2450
f 1629//1629 1628//1628 2450//2450
f 1629//1629 2450//2450 2451//2451
f 1634//1634 1629//1629 2451//2451
f 1637//1637 1634//1634 2451//2451
f 1637//1637 2451//2451 2452//2452
f 1639//1639 1637//1637 2452//2452
f 1639//1639 2452//2452 2453//2453
f 1642//1642 1639//1639 2453//2453
f 1646//1646 2453//2453 2454//2454
f 1646//1646 1642//1642 2453//2453
f 1646//1646 2454//2454 2455//2455
f 1651//1651 1646//1646 2455//2455
f 1651//1651 2455//2455 2456//2456
f 1657//1657 1651//1651 2456//2456
f 1656//1656 1657//1657 2456//2456
f 1656//1656 2456//2456 2457//2457
f 1660//1660 1656//1656 2457//2457
f 1660//1660 2457//2457 2458//2458
f 1664//1664 1660//1660 2458//2458
f 1666//1666 1664//1664 2458//2458
f 1666//1666 2458//2458 2459//2459
f 1672//1672 1666//1666 2459//2459
f 1672//1672 2459//2459 2460//2460
f 1674//1674 2460//2460 2461//2461
f 1674//1674 1672//1672 2460//2460
f 1677//1677 2461//2461 2462//2462
f 1677//1677 1674//1674 2461//2461
f 1680//1680 1677//1677 2462//2462
f 1682//1682 2462//2462 2463//2463
f 1682//1682 1680//1680 2462//2462
f 1686//1686 2463//2463 2464//2464
f 1686//1686 1682//1682 2463//2463
f 1688//1688 2464//2464 2465//2465
f 1688//1688 1686//1686 2464//2464
f 1693//1693 1688//1688 2465//2465
f 1693//1693 2465//2465 2466//2466
f 1698//1698 1693//1693 2466//2466
f 1698//1698 2466//2466 2467//2467
f 1705//1705 2467//2467 2468//2468
f 1705//1705 1701//1701 2467//2467
f 1704//1704 1705//1705 2468//2468
f 2469//2469 1704//1704 2468//2468
f 1707//1707 1704//1704 2469//2469
f 1713//1713 1707//1707 2469//2469
f 2470//2470 1713//1713 2469//2469
f 1716//1716 1713//1713 2470//2470
f 2471//2471 1716//1716 2470//2470
f 1717//1717 1716//1716 2471//2471
f 1722//1722 1717//1717 2471//2471
f 2472//2472 1724//1724 1722//1722
f 1726//1726 1724//1724 2472//2472
f 2473//2473 1726//1726 2472//2472
f 1731//1731 1726//1726 2473//2473
f 1734//1734 1731//1731 2473//2473
f 2474//2474 1734//1734 2473//2473
f 1737//1737 1734//1734 2474//2474
f 2475//2475 1737//1737 2474//2474
f 1740//1740 1737//1737 2475//2475
f 1743//1743 1740//1740 2475//2475
f 2476//2476 1743//1743 2475//2475
f 1750//1750 1743//1743 2476//2476
f 1466//1466 2463//2463 2462//2462
f 1466//1466 2462//2462 1467//1467
f 1468//1468 2462//2462 2461//2461
f 1468//1468 1467//1467 2462//2462
f 1465//1465 2463//2463 1466//1466
f 1465//1465 2464//2464 2463//2463
f 1468//1468 2461//2461 2460//2460
f 1464//1464 2464//2464 1465//1465
f 1469//1469 1468//1468 2460//2460
f 1463//1463 2464//2464 1464//1464
f 1463//1463 2465//2465 2464//2464
f 1470//1470 1469//1469 2460//2460
f 1470//1470 2460//2460 2459//2459
f 1471//1471 2459//2459 2458//2458
f 1471//1471 1470//1470 2459//2459
f 1462//1462 2465//2465 1463//1463
f 1472//1472 1471//1471 2458//2458
f 1462//1462 2466//2466 2465//2465
f 1461//1461 2466//2466 1462//1462
f 1473//1473 1472//1472 2458//2458
f 1460//1460 2466//2466 1461//1461
f 1473//1473 2458//2458 2457//2457
f 1460//1460 2467//2467 2466//2466
f 1474//1474 1473//1473 2457//2457
f 1459//1459 2467//2467 1460//1460
f 1475//1475 2457//2457 2456//2456
f 1475//1475 1474//1474 2457//2457
f 1458//1458 2468//2468 2467//2467
f 1458//1458 2467//2467 1459//1459
f 1457//1457 2468//2468 1458//1458
f 1476//1476 1475//1475 2456//2456
f 1456//1456 2468//2468 1457//1457
f 1456//1456 2469//2469 2468//2468
f 1477//1477 1476//1476 2456//2456
f 1477//1477 2456//2456 2455//2455
f 1455//1455 2469//2469 1456//1456
f 1478//1478 1477//1477 2455//2455
f 1454//1454 2469//2469 1455//1455
f 1479//1479 1478//1478 2455//2455
f 1479//1479 2455//2455 2454//2454
f 1453//1453 2469//2469 1454//1454
f 2470//2470 2469//2469 1453//1453
f 1480//1480 1479//1479 2454//2454
f 1452//1452 2470//2470 1453//1453
f 1481//1481 1480//1480 2454//2454
f 1481//1481 2454//2454 2453//2453
f 1451//1451 2470//2470 1452//1452
f 1482//1482 1481//1481 2453//2453
f 2471//2471 2470//2470 1451//1451
f 1450//1450 2471//2471 1451//1451
f 1483//1483 1482//1482 2453//2453
f 1483//1483 2453//2453 2452//2452
f 1449//1449 2471//2471 1450//1450
f 1484//1484 1483//1483 2452//2452
f 1722//1722 2471//2471 1449//1449
f 1448//1448 1722//1722 1449//1449
f 1485//1485 2452//2452 2451//2451
f 1485//1485 1484//1484 2452//2452
f 1722//1722 1448//1448 1447//1447
f 1486//1486 1485//1485 2451//2451
f 2472//2472 1722//1722 1447//1447
f 2472//2472 1447//1447 1446//1446
f 2450//2450 1486//1486 2451//2451
f 1487//1487 1486//1486 2450//2450
f 2472//2472 1446//1446 1445//1445
f 2473//2473 2472//2472 1445//1445
f 1488//1488 1487//1487 2450//2450
f 2449//2449 1488//1488 2450//2450
f 1489//1489 1488//1488 2449//2449
f 2473//2473 1445//1445 1444//1444
f 1490//1490 1489//1489 2449//2449
f 2473//2473 1444//1444 1443//1443
f 2448//2448 1490//1490 2449//2449
f 1491//1491 1490//1490 2448//2448
f 2474//2474 1443//1443 1442//1442
f 2474//2474 2473//2473 1443//1443
f 2475//2475 1442//1442 1441//1441
f 2475//2475 2474//2474 1442//1442
f 2447//2447 1492//1492 1491//1491
f 2447//2447 1491//1491 2448//2448
f 2447//2447 1493//1493 1492//1492
f 2475//2475 1441//1441 1440//1440
f 2476//2476 2475//2475 1440//1440
f 2476//2476 1440//1440 1439//1439
f 2446//2446 1493//1493 2447//2447
f 2446//2446 1494//1494 1493//1493
f 2476//2476 1439//1439 1511//1511
f 2446//2446 1495//1495 1494//1494
f 2436//2436 2476//2476 1511//1511
f 2445//2445 1495//1495 2446//2446
f 2436//2436 1511//1511 1510//1510
f 2445//2445 1496//1496 1495//1495
f 2437//2437 1510//1510 1509//1509
f 2437//2437 2436//2436 1510//1510
f 2444//2444 1497//1497 1496//1496
f 2444//2444 1496//1496 2445//2445
f 2444//2444 1498//1498 1497//1497
f 2437//2437 1509//1509 1508//1508
f 2438//2438 1508//1508 1507//1507
f 2438//2438 2437//2437 1508//1508
f 2443//2443 1498//1498 2444//2444
f 2443//2443 1499//1499 1498//1498
f 2439//2439 1507//1507 1506//1506
f 2439//2439 2438//2438 1507//1507
f 2442//2442 1499//1499 2443//2443
f 2442//2442 1500//1500 1499//1499
f 2439//2439 1506//1506 1505//1505
f 2440//2440 2439//2439 1505//1505
f 2440//2440 1505//1505 1504//1504
f 2441//2441 1500//1500 2442//2442
f 2441//2441 1501//1501 1500//1500
f 2440//2440 1504//1504 1503//1503
f 2441//2441 1502//1502 1501//1501
f 2441//2441 1503//1503 1502//1502
f 2441//2441 2440//2440 1503//1503
f 533//533 535//535 1397//1397
f 538//538 1397//1397 535//535
f 533//533 1397//1397 1394//1394
f 531//531 533//533 1394//1394
f 539//539 1397//1397 538//538
f 529//529 531//531 1394//1394
f 542//542 1397//1397 539//539
f 529//529 1394//1394 1392//1392
f 542//542 1400//1400 1397//1397
f 527//527 529//529 1392//1392
f 485//485 1400//1400 542//542
f 487//487 1400//1400 485//485
f 524//524 527//527 1392//1392
f 524//524 1392//1392 1390//1390
f 489//489 1400//1400 487//487
f 525//525 524//524 1390//1390
f 492//492 1400//1400 489//489
f 492//492 1403//1403 1400//1400
f 494//494 1403//1403 492//492
f 5//5 1388//1388 7//7
f 5//5 1390//1390 1388//1388
f 10//10 7//7 1388//1388
f 495//495 1403//1403 494//494
f 3//3 1390//1390 5//5
f 3//3 525//525 1390//1390
f 3//3 521//521 525//525
f 10//10 1388//1388 1384//1384
f 3//3 519//519 521//521
f 11//11 10//10 1384//1384
f 1//1 519//519 3//3
f 1//1 518//518 519//519
f 2108//2108 1382//1382 1378//1378
f 2108//2108 1378//1378 2109//2109
f 495//495 1407//1407 1403//1403
f 2110//2110 2109//2109 1378//1378
f 2107//2107 1382//1382 2108//2108
f 498//498 1407//1407 495//495
f 2111//2111 2110//2110 1378//1378
f 43//43 518//518 1//1
f 11//11 1384//1384 1382//1382
f 2106//2106 1382//1382 2107//2107
f 2112//2112 2111//2111 1378//1378
f 2112//2112 1378//1378 1376//1376
f 2106//2106 11//11 1382//1382
f 2106//2106 13//13 11//11
f 43//43 514//514 518//518
f 2105//2105 13//13 2106//2106
f 2113//2113 2112//2112 1376//1376
f 2114//2114 2113//2113 1376//1376
f 2104//2104 13//13 2105//2105
f 39//39 514//514 43//43
f 39//39 512//512 514//514
f 2115//2115 2114//2114 1376//1376
f 2104//2104 15//15 13//13
f 36//36 512//512 39//39
f 2103//2103 15//15 2104//2104
f 2103//2103 18//18 15//15
f 2116//2116 2115//2115 1376//1376
f 2116//2116 1376//1376 1373//1373
f 2102//2102 18//18 2103//2103
f 36//36 510//510 512//512
f 2117//2117 2116//2116 1373//1373
f 2101//2101 18//18 2102//2102
f 2101//2101 19//19 18//18
f 2118//2118 2117//2117 1373//1373
f 2100//2100 19//19 2101//2101
f 2100//2100 20//20 19//19
f 2099//2099 20//20 2100//2100
f 1370//1370 2118//2118 1373//1373
f 2119//2119 2118//2118 1370//1370
f 1370//1370 2120//2120 2119//2119
f 2415//2415 34//34 33//33
f 2416//2416 2415//2415 33//33
f 2415//2415 36//36 34//34
f 2416//2416 33//33 31//31
f 2414//2414 36//36 2415//2415
f 2414//2414 510//510 36//36
f 2416//2416 31//31 30//30
f 2414//2414 508//508 510//510
f 1368//1368 2091//2091 2120//2120
f 1368//1368 2120//2120 1370//1370
f 2416//2416 30//30 27//27
f 2417//2417 27//27 25//25
f 2417//2417 2416//2416 27//27
f 2414//2414 506//506 508//508
f 2413//2413 506//506 2414//2414
f 2413//2413 504//504 506//506
f 2418//2418 2417//2417 25//25
f 2418//2418 25//25 23//23
f 2413//2413 501//501 504//504
f 2412//2412 501//501 2413//2413
f 476//476 477//477 1411//1411
f 480//480 1411//1411 477//477
f 476//476 1411//1411 1409//1409
f 482//482 1411//1411 480//480
f 482//482 1416//1416 1411//1411
f 2418//2418 20//20 2099//2099
f 2418//2418 23//23 20//20
f 473//473 476//476 1409//1409
f 2412//2412 499//499 501//501
f 471//471 473//473 1409//1409
f 1365//1365 2092//2092 2091//2091
f 1365//1365 2091//2091 1368//1368
f 484//484 1416//1416 482//482
f 471//471 1409//1409 1407//1407
f 2419//2419 2099//2099 2098//2098
f 2419//2419 2418//2418 2099//2099
f 2411//2411 499//499 2412//2412
f 2411//2411 498//498 499//499
f 469//469 471//471 1407//1407
f 469//469 1407//1407 498//498
f 430//430 1416//1416 484//484
f 2411//2411 469//469 498//498
f 2419//2419 2098//2098 2097//2097
f 432//432 1416//1416 430//430
f 2410//2410 469//469 2411//2411
f 1365//1365 2093//2093 2092//2092
f 434//434 1416//1416 432//432
f 2410//2410 468//468 469//469
f 2419//2419 2097//2097 2096//2096
f 1418//1418 1416//1416 434//434
f 436//436 1418//1418 434//434
f 2420//2420 2096//2096 2095//2095
f 2420//2420 2419//2419 2096//2096
f 2410//2410 466//466 468//468
f 2421//2421 2420//2420 2095//2095
f 438//438 1418//1418 436//436
f 2409//2409 464//464 466//466
f 2409//2409 466//466 2410//2410
f 439//439 1418//1418 438//438
f 2421//2421 2095//2095 2094//2094
f 1420//1420 1418//1418 439//439
f 441//441 1420//1420 439//439
f 2421//2421 2094//2094 2093//2093
f 2409//2409 462//462 464//464
f 2422//2422 2421//2421 2093//2093
f 2408//2408 462//462 2409//2409
f 2408//2408 461//461 462//462
f 1420//1420 441//441 443//443
f 1422//1422 1420//1420 443//443
f 1422//1422 443//443 446//446
f 1422//1422 446//446 447//447
f 98//98 456//456 459//459
f 98//98 97//97 456//456
f 98//98 459//459 461//461
f 98//98 461//461 2408//2408
f 97//97 453//453 456//456
f 100//100 98//98 2408//2408
f 95//95 453//453 97//97
f 100//100 2408//2408 2407//2407
f 95//95 451//451 453//453
f 102//102 100//100 2407//2407
f 134//134 451//451 95//95
f 102//102 2407//2407 2406//2406
f 2139//2139 1362//1362 2140//2140
f 2139//2139 1365//1365 1362//1362
f 2141//2141 2140//2140 1362//1362
f 2141//2141 1362//1362 1359//1359
f 2139//2139 2093//2093 1365//1365
f 2139//2139 2422//2422 2093//2093
f 2138//2138 2422//2422 2139//2139
f 134//134 450//450 451//451
f 2142//2142 2141//2141 1359//1359
f 2137//2137 2422//2422 2138//2138
f 105//105 102//102 2406//2406
f 133//133 447//447 450//450
f 133//133 450//450 134//134
f 2143//2143 2142//2142 1359//1359
f 2137//2137 2423//2423 2422//2422
f 2143//2143 1359//1359 1356//1356
f 133//133 1422//1422 447//447
f 133//133 1427//1427 1422//1422
f 2136//2136 2423//2423 2137//2137
f 106//106 105//105 2406//2406
f 2135//2135 2423//2423 2136//2136
f 131//131 1427//1427 133//133
f 2135//2135 2424//2424 2423//2423
f 2144//2144 2143//2143 1356//1356
f 106//106 2406//2406 2405//2405
f 2134//2134 2424//2424 2135//2135
f 108//108 106//106 2405//2405
f 2133//2133 2424//2424 2134//2134
f 111//111 108//108 2405//2405
f 1356//1356 2145//2145 2144//2144
f 2146//2146 2145//2145 1356//1356
f 2133//2133 2425//2425 2424//2424
f 1427//1427 131//131 129//129
f 2404//2404 111//111 2405//2405
f 2132//2132 2425//2425 2133//2133
f 2147//2147 2146//2146 1356//1356
f 113//113 111//111 2404//2404
f 1427//1427 129//129 126//126
f 1352//1352 2149//2149 2148//2148
f 1352//1352 2148//2148 2147//2147
f 1352//1352 2147//2147 1356//1356
f 2435//2435 114//114 113//113
f 2435//2435 113//113 2404//2404
f 1429//1429 1427//1427 126//126
f 1352//1352 2151//2151 2150//2150
f 1352//1352 2150//2150 2149//2149
f 51//51 2425//2425 53//53
f 51//51 2426//2426 2425//2425
f 54//54 2425//2425 2132//2132
f 54//54 53//53 2425//2425
f 49//49 2426//2426 51//51
f 54//54 2132//2132 2131//2131
f 57//57 54//54 2131//2131
f 46//46 2427//2427 2426//2426
f 46//46 2426//2426 49//49
f 57//57 2131//2131 2130//2130
f 45//45 2427//2427 46//46
f 1352//1352 2121//2121 2151//2151
f 57//57 2130//2130 2129//2129
f 92//92 2427//2427 45//45
f 58//58 57//57 2129//2129
f 1431//1431 126//126 124//124
f 1431//1431 1429//1429 126//126
f 92//92 2428//2428 2427//2427
f 58//58 2129//2129 2128//2128
f 61//61 58//58 2128//2128
f 1349//1349 2122//2122 2121//2121
f 1349//1349 2121//2121 1352//1352
f 90//90 2428//2428 92//92
f 1431//1431 124//124 122//122
f 61//61 2128//2128 2127//2127
f 2167//2167 117//117 2168//2168
f 2167//2167 119//119 117//117
f 2169//2169 117//117 116//116
f 2169//2169 2168//2168 117//117
f 2166//2166 119//119 2167//2167
f 2166//2166 120//120 119//119
f 2170//2170 2169//2169 116//116
f 2170//2170 116//116 114//114
f 1349//1349 2123//2123 2122//2122
f 62//62 2127//2127 2126//2126
f 62//62 61//61 2127//2127
f 2171//2171 2170//2170 114//114
f 2165//2165 120//120 2166//2166
f 2165//2165 122//122 120//120
f 2171//2171 114//114 2435//2435
f 90//90 2429//2429 2428//2428
f 87//87 2429//2429 90//90
f 2172//2172 2171//2171 2435//2435
f 62//62 2126//2126 2125//2125
f 2164//2164 1431//1431 122//122
f 2164//2164 122//122 2165//2165
f 1349//1349 2124//2124 2123//2123
f 85//85 2429//2429 87//87
f 2173//2173 2172//2172 2435//2435
f 2173//2173 2435//2435 2434//2434
f 1434//1434 1431//1431 2164//2164
f 2174//2174 2173//2173 2434//2434
f 2163//2163 1434//1434 2164//2164
f 2175//2175 2174//2174 2434//2434
f 1349//1349 2125//2125 2124//2124
f 1349//1349 62//62 2125//2125
f 2175//2175 2434//2434 2433//2433
f 1434//1434 2163//2163 2162//2162
f 2176//2176 2175//2175 2433//2433
f 1346//1346 64//64 62//62
f 1346//1346 62//62 1349//1349
f 1434//1434 2162//2162 2161//2161
f 1346//1346 66//66 64//64
f 2177//2177 2176//2176 2433//2433
f 1437//1437 1434//1434 2161//2161
f 1437//1437 2161//2161 2160//2160
f 1437//1437 2160//2160 2159//2159
f 2078//2078 2429//2429 85//85
f 2078//2078 85//85 2079//2079
f 2078//2078 2430//2430 2429//2429
f 2079//2079 85//85 83//83
f 2077//2077 2430//2430 2078//2078
f 2080//2080 2079//2079 83//83
f 2081//2081 2080//2080 83//83
f 2081//2081 83//83 80//80
f 1343//1343 66//66 1346//1346
f 2076//2076 2430//2430 2077//2077
f 2082//2082 2081//2081 80//80
f 2076//2076 2431//2431 2430//2430
f 2075//2075 2431//2431 2076//2076
f 1437//1437 2159//2159 2158//2158
f 2083//2083 80//80 77//77
f 2083//2083 2082//2082 80//80
f 2074//2074 2431//2431 2075//2075
f 1343//1343 69//69 66//66
f 2074//2074 2432//2432 2431//2431
f 2084//2084 2083//2083 77//77
f 1312//1312 2158//2158 2157//2157
f 1312//1312 1437//1437 2158//2158
f 2084//2084 77//77 76//76
f 2073//2073 2432//2432 2074//2074
f 2085//2085 2084//2084 76//76
f 2073//2073 2433//2433 2432//2432
f 1312//1312 2157//2157 2156//2156
f 2072//2072 2433//2433 2073//2073
f 2072//2072 2177//2177 2433//2433
f 1340//1340 70//70 69//69
f 1340//1340 69//69 1343//1343
f 1312//1312 2156//2156 2155//2155
f 1340//1340 73//73 70//70
f 1315//1315 2155//2155 2154//2154
f 1315//1315 2154//2154 2153//2153
f 1315//1315 1312//1312 2155//2155
f 1338//1338 76//76 73//73
f 1338//1338 73//73 1340//1340
f 1315//1315 2153//2153 2152//2152
f 1338//1338 2087//2087 2086//2086
f 1338//1338 2085//2085 76//76
f 1338//1338 2086//2086 2085//2085
f 1318//1318 1315//1315 2152//2152
f 1336//1336 2088//2088 2087//2087
f 1336//1336 2087//2087 1338//1338
f 1318//1318 2152//2152 2179//2179
f 1336//1336 2089//2089 2088//2088
f 1318//1318 2179//2179 2178//2178
f 1336//1336 2090//2090 2089//2089
f 1336//1336 2059//2059 2090//2090
f 1322//1322 1318//1318 2178//2178
f 1332//1332 2061//2061 2060//2060
f 1332//1332 2060//2060 2059//2059
f 1332//1332 2059//2059 1336//1336
f 1322//1322 2178//2178 2177//2177
f 1322//1322 2177//2177 2072//2072
f 1332//1332 2063//2063 2062//2062
f 1332//1332 2062//2062 2061//2061
f 1330//1330 2063//2063 1332//1332
f 1330//1330 2064//2064 2063//2063
f 1322//1322 2072//2072 2071//2071
f 1330//1330 2065//2065 2064//2064
f 1325//1325 2071//2071 2070//2070
f 1325//1325 1322//1322 2071//2071
f 1327//1327 2067//2067 2066//2066
f 1327//1327 2066//2066 2065//2065
f 1327//1327 2065//2065 1330//1330
f 1325//1325 2070//2070 2069//2069
f 1327//1327 2069//2069 2068//2068
f 1327//1327 2068//2068 2067//2067
f 1327//1327 1325//1325 2069//2069
f 1088//1088 1898//1898 1067//1067
f 1088//1088 1901//1901 1898//1898
f 1088//1088 1909//1909 1901//1901
f 1068//1068 1919//1919 1915//1915
f 1068//1068 1924//1924 1919//1919
f 1083//1083 1909//1909 1088//1088
f 1075//1075 1068//1068 1915//1915
f 1080//1080 1909//1909 1083//1083
f 1076//1076 1075//1075 1915//1915
f 1076//1076 1915//1915 1909//1909
f 1076//1076 1909//1909 1080//1080
f 1068//1068 1929//1929 1924//1924
# 5000 faces, 0 coords texture

# End of File
